ISO-10303-21;
HEADER;
FILE_DESCRIPTION(('KiCad electronic assembly'),'2;1');
FILE_NAME('Busbar.step','2025-09-27T22:20:56',('Pcbnew'),('Kicad'),
  'Open CASCADE STEP processor 7.7','KiCad to STEP converter','Unknown'
  );
FILE_SCHEMA(('AUTOMOTIVE_DESIGN { 1 0 10303 214 1 1 1 1 }'));
ENDSEC;
DATA;
#1 = APPLICATION_PROTOCOL_DEFINITION('international standard',
  'automotive_design',2000,#2);
#2 = APPLICATION_CONTEXT(
  'core data for automotive mechanical design processes');
#3 = SHAPE_DEFINITION_REPRESENTATION(#4,#10);
#4 = PRODUCT_DEFINITION_SHAPE('','',#5);
#5 = PRODUCT_DEFINITION('design','',#6,#9);
#6 = PRODUCT_DEFINITION_FORMATION('','',#7);
#7 = PRODUCT('Busbar 1','Busbar 1','',(#8));
#8 = PRODUCT_CONTEXT('',#2,'mechanical');
#9 = PRODUCT_DEFINITION_CONTEXT('part definition',#2,'design');
#10 = SHAPE_REPRESENTATION('',(#11,#15,#19,#23,#27,#31,#35,#39,#43,#47,
    #51,#55,#59),#63);
#11 = AXIS2_PLACEMENT_3D('',#12,#13,#14);
#12 = CARTESIAN_POINT('',(0.,0.,0.));
#13 = DIRECTION('',(0.,0.,1.));
#14 = DIRECTION('',(1.,0.,-0.));
#15 = AXIS2_PLACEMENT_3D('',#16,#17,#18);
#16 = CARTESIAN_POINT('',(89.92,-97.,1.65));
#17 = DIRECTION('',(0.,0.,1.));
#18 = DIRECTION('',(1.,0.,0.));
#19 = AXIS2_PLACEMENT_3D('',#20,#21,#22);
#20 = CARTESIAN_POINT('',(148.485999989,-89.97999956,1.65));
#21 = DIRECTION('',(-1.,2.334869823773E-16,1.110223024625E-16));
#22 = DIRECTION('',(-2.334869823773E-16,-1.,0.));
#23 = AXIS2_PLACEMENT_3D('',#24,#25,#26);
#24 = CARTESIAN_POINT('',(188.485999989,-89.97999956,1.65));
#25 = DIRECTION('',(-1.,2.334869823773E-16,1.110223024625E-16));
#26 = DIRECTION('',(-2.334869823773E-16,-1.,0.));
#27 = AXIS2_PLACEMENT_3D('',#28,#29,#30);
#28 = CARTESIAN_POINT('',(108.485999989,-89.97999956,1.65));
#29 = DIRECTION('',(-1.,2.334869823773E-16,1.110223024625E-16));
#30 = DIRECTION('',(-2.334869823773E-16,-1.,0.));
#31 = AXIS2_PLACEMENT_3D('',#32,#33,#34);
#32 = CARTESIAN_POINT('',(68.485999989,-89.97999956,1.65));
#33 = DIRECTION('',(-1.,2.334869823773E-16,1.110223024625E-16));
#34 = DIRECTION('',(-2.334869823773E-16,-1.,0.));
#35 = AXIS2_PLACEMENT_3D('',#36,#37,#38);
#36 = CARTESIAN_POINT('',(140.08,-97.,1.65));
#37 = DIRECTION('',(0.,0.,1.));
#38 = DIRECTION('',(-1.,1.224646799147E-16,0.));
#39 = AXIS2_PLACEMENT_3D('',#40,#41,#42);
#40 = CARTESIAN_POINT('',(88.75,-105.,1.65));
#41 = DIRECTION('',(0.,0.,1.));
#42 = DIRECTION('',(1.,0.,0.));
#43 = AXIS2_PLACEMENT_3D('',#44,#45,#46);
#44 = CARTESIAN_POINT('',(228.485999989,-89.97999956,1.65));
#45 = DIRECTION('',(-1.,2.334869823773E-16,1.110223024625E-16));
#46 = DIRECTION('',(-2.334869823773E-16,-1.,0.));
#47 = AXIS2_PLACEMENT_3D('',#48,#49,#50);
#48 = CARTESIAN_POINT('',(98.75,-105.,1.65));
#49 = DIRECTION('',(0.,0.,1.));
#50 = DIRECTION('',(1.,0.,0.));
#51 = AXIS2_PLACEMENT_3D('',#52,#53,#54);
#52 = CARTESIAN_POINT('',(138.75,-105.15,1.65));
#53 = DIRECTION('',(0.,0.,1.));
#54 = DIRECTION('',(1.,0.,0.));
#55 = AXIS2_PLACEMENT_3D('',#56,#57,#58);
#56 = CARTESIAN_POINT('',(128.75,-105.15,1.65));
#57 = DIRECTION('',(0.,0.,1.));
#58 = DIRECTION('',(1.,0.,0.));
#59 = AXIS2_PLACEMENT_3D('',#60,#61,#62);
#60 = CARTESIAN_POINT('',(0.,0.,0.));
#61 = DIRECTION('',(0.,0.,1.));
#62 = DIRECTION('',(1.,0.,-0.));
#63 = ( GEOMETRIC_REPRESENTATION_CONTEXT(3) 
GLOBAL_UNCERTAINTY_ASSIGNED_CONTEXT((#67)) GLOBAL_UNIT_ASSIGNED_CONTEXT(
(#64,#65,#66)) REPRESENTATION_CONTEXT('Context #1',
  '3D Context with UNIT and UNCERTAINTY') );
#64 = ( LENGTH_UNIT() NAMED_UNIT(*) SI_UNIT(.MILLI.,.METRE.) );
#65 = ( NAMED_UNIT(*) PLANE_ANGLE_UNIT() SI_UNIT($,.RADIAN.) );
#66 = ( NAMED_UNIT(*) SI_UNIT($,.STERADIAN.) SOLID_ANGLE_UNIT() );
#67 = UNCERTAINTY_MEASURE_WITH_UNIT(LENGTH_MEASURE(1.E-07),#64,
  'distance_accuracy_value','confusion accuracy');
#68 = PRODUCT_RELATED_PRODUCT_CATEGORY('part',$,(#7));
#69 = SHAPE_DEFINITION_REPRESENTATION(#70,#76);
#70 = PRODUCT_DEFINITION_SHAPE('','',#71);
#71 = PRODUCT_DEFINITION('design','',#72,#75);
#72 = PRODUCT_DEFINITION_FORMATION('','',#73);
#73 = PRODUCT('R_Axial_DIN0207_L6.3mm_D2.5mm_P10.16mm_Horizontal',
  'R_Axial_DIN0207_L6.3mm_D2.5mm_P10.16mm_Horizontal','',(#74));
#74 = PRODUCT_CONTEXT('',#2,'mechanical');
#75 = PRODUCT_DEFINITION_CONTEXT('part definition',#2,'design');
#76 = SHAPE_REPRESENTATION('',(#11,#77),#81);
#77 = AXIS2_PLACEMENT_3D('',#78,#79,#80);
#78 = CARTESIAN_POINT('',(0.,0.,0.));
#79 = DIRECTION('',(0.,0.,1.));
#80 = DIRECTION('',(1.,0.,-0.));
#81 = ( GEOMETRIC_REPRESENTATION_CONTEXT(3) 
GLOBAL_UNCERTAINTY_ASSIGNED_CONTEXT((#85)) GLOBAL_UNIT_ASSIGNED_CONTEXT(
(#82,#83,#84)) REPRESENTATION_CONTEXT('Context #1',
  '3D Context with UNIT and UNCERTAINTY') );
#82 = ( LENGTH_UNIT() NAMED_UNIT(*) SI_UNIT(.MILLI.,.METRE.) );
#83 = ( NAMED_UNIT(*) PLANE_ANGLE_UNIT() SI_UNIT($,.RADIAN.) );
#84 = ( NAMED_UNIT(*) SI_UNIT($,.STERADIAN.) SOLID_ANGLE_UNIT() );
#85 = UNCERTAINTY_MEASURE_WITH_UNIT(LENGTH_MEASURE(1.E-07),#82,
  'distance_accuracy_value','confusion accuracy');
#86 = CONTEXT_DEPENDENT_SHAPE_REPRESENTATION(#87,#89);
#87 = ( REPRESENTATION_RELATIONSHIP('','',#76,#10) 
REPRESENTATION_RELATIONSHIP_WITH_TRANSFORMATION(#88) 
SHAPE_REPRESENTATION_RELATIONSHIP() );
#88 = ITEM_DEFINED_TRANSFORMATION('','',#11,#15);
#89 = PRODUCT_DEFINITION_SHAPE('Placement','Placement of an item',#90);
#90 = NEXT_ASSEMBLY_USAGE_OCCURRENCE('2','R1','',#5,#71,$);
#91 = PRODUCT_RELATED_PRODUCT_CATEGORY('part',$,(#73));
#92 = SHAPE_DEFINITION_REPRESENTATION(#93,#99);
#93 = PRODUCT_DEFINITION_SHAPE('','',#94);
#94 = PRODUCT_DEFINITION('design','',#95,#98);
#95 = PRODUCT_DEFINITION_FORMATION('','',#96);
#96 = PRODUCT('R_Axial_DIN0207_L63mm_D25mm_P1016mm_Horizontal',
  'R_Axial_DIN0207_L63mm_D25mm_P1016mm_Horizontal','',(#97));
#97 = PRODUCT_CONTEXT('',#2,'mechanical');
#98 = PRODUCT_DEFINITION_CONTEXT('part definition',#2,'design');
#99 = ADVANCED_BREP_SHAPE_REPRESENTATION('',(#11,#100),#487);
#100 = MANIFOLD_SOLID_BREP('',#101);
#101 = CLOSED_SHELL('',(#102,#135,#161,#181,#201,#226,#251,#271,#297,
    #322,#347,#373,#382,#402,#427,#453,#478));
#102 = ADVANCED_FACE('',(#103),#130,.T.);
#103 = FACE_BOUND('',#104,.T.);
#104 = EDGE_LOOP('',(#105,#114,#122,#129));
#105 = ORIENTED_EDGE('',*,*,#106,.T.);
#106 = EDGE_CURVE('',#107,#107,#109,.T.);
#107 = VERTEX_POINT('',#108);
#108 = CARTESIAN_POINT('',(2.555,1.25,1.25));
#109 = CIRCLE('',#110,1.25);
#110 = AXIS2_PLACEMENT_3D('',#111,#112,#113);
#111 = CARTESIAN_POINT('',(2.555,0.,1.25));
#112 = DIRECTION('',(1.,0.,0.));
#113 = DIRECTION('',(-0.,1.,0.));
#114 = ORIENTED_EDGE('',*,*,#115,.T.);
#115 = EDGE_CURVE('',#107,#116,#118,.T.);
#116 = VERTEX_POINT('',#117);
#117 = CARTESIAN_POINT('',(3.505,1.25,1.25));
#118 = LINE('',#119,#120);
#119 = CARTESIAN_POINT('',(1.93,1.25,1.25));
#120 = VECTOR('',#121,1.);
#121 = DIRECTION('',(1.,0.,0.));
#122 = ORIENTED_EDGE('',*,*,#123,.F.);
#123 = EDGE_CURVE('',#116,#116,#124,.T.);
#124 = CIRCLE('',#125,1.25);
#125 = AXIS2_PLACEMENT_3D('',#126,#127,#128);
#126 = CARTESIAN_POINT('',(3.505,0.,1.25));
#127 = DIRECTION('',(1.,0.,0.));
#128 = DIRECTION('',(-0.,1.,0.));
#129 = ORIENTED_EDGE('',*,*,#115,.F.);
#130 = CYLINDRICAL_SURFACE('',#131,1.25);
#131 = AXIS2_PLACEMENT_3D('',#132,#133,#134);
#132 = CARTESIAN_POINT('',(1.93,0.,1.25));
#133 = DIRECTION('',(-1.,-0.,-0.));
#134 = DIRECTION('',(0.,1.,0.));
#135 = ADVANCED_FACE('',(#136),#156,.T.);
#136 = FACE_BOUND('',#137,.T.);
#137 = EDGE_LOOP('',(#138,#147,#154,#155));
#138 = ORIENTED_EDGE('',*,*,#139,.T.);
#139 = EDGE_CURVE('',#140,#140,#142,.T.);
#140 = VERTEX_POINT('',#141);
#141 = CARTESIAN_POINT('',(1.93,0.625,1.25));
#142 = CIRCLE('',#143,0.625);
#143 = AXIS2_PLACEMENT_3D('',#144,#145,#146);
#144 = CARTESIAN_POINT('',(1.93,0.,1.25));
#145 = DIRECTION('',(1.,0.,0.));
#146 = DIRECTION('',(-0.,1.,0.));
#147 = ORIENTED_EDGE('',*,*,#148,.F.);
#148 = EDGE_CURVE('',#107,#140,#149,.T.);
#149 = CIRCLE('',#150,0.625);
#150 = AXIS2_PLACEMENT_3D('',#151,#152,#153);
#151 = CARTESIAN_POINT('',(2.555,0.625,1.25));
#152 = DIRECTION('',(0.,-0.,1.));
#153 = DIRECTION('',(0.,1.,0.));
#154 = ORIENTED_EDGE('',*,*,#106,.F.);
#155 = ORIENTED_EDGE('',*,*,#148,.T.);
#156 = TOROIDAL_SURFACE('',#157,0.625,0.625);
#157 = AXIS2_PLACEMENT_3D('',#158,#159,#160);
#158 = CARTESIAN_POINT('',(2.555,0.,1.25));
#159 = DIRECTION('',(-1.,0.,0.));
#160 = DIRECTION('',(0.,1.,0.));
#161 = ADVANCED_FACE('',(#162,#165),#176,.F.);
#162 = FACE_BOUND('',#163,.F.);
#163 = EDGE_LOOP('',(#164));
#164 = ORIENTED_EDGE('',*,*,#123,.F.);
#165 = FACE_BOUND('',#166,.F.);
#166 = EDGE_LOOP('',(#167));
#167 = ORIENTED_EDGE('',*,*,#168,.F.);
#168 = EDGE_CURVE('',#169,#169,#171,.T.);
#169 = VERTEX_POINT('',#170);
#170 = CARTESIAN_POINT('',(3.505,1.125,1.25));
#171 = CIRCLE('',#172,1.125);
#172 = AXIS2_PLACEMENT_3D('',#173,#174,#175);
#173 = CARTESIAN_POINT('',(3.505,0.,1.25));
#174 = DIRECTION('',(-1.,0.,0.));
#175 = DIRECTION('',(0.,1.,0.));
#176 = PLANE('',#177);
#177 = AXIS2_PLACEMENT_3D('',#178,#179,#180);
#178 = CARTESIAN_POINT('',(3.505,1.25,1.25));
#179 = DIRECTION('',(-1.,0.,0.));
#180 = DIRECTION('',(0.,0.,-1.));
#181 = ADVANCED_FACE('',(#182,#185),#196,.T.);
#182 = FACE_BOUND('',#183,.T.);
#183 = EDGE_LOOP('',(#184));
#184 = ORIENTED_EDGE('',*,*,#139,.F.);
#185 = FACE_BOUND('',#186,.T.);
#186 = EDGE_LOOP('',(#187));
#187 = ORIENTED_EDGE('',*,*,#188,.T.);
#188 = EDGE_CURVE('',#189,#189,#191,.T.);
#189 = VERTEX_POINT('',#190);
#190 = CARTESIAN_POINT('',(1.93,0.,0.95));
#191 = CIRCLE('',#192,0.3);
#192 = AXIS2_PLACEMENT_3D('',#193,#194,#195);
#193 = CARTESIAN_POINT('',(1.93,0.,1.25));
#194 = DIRECTION('',(1.,-0.,0.));
#195 = DIRECTION('',(0.,0.,-1.));
#196 = PLANE('',#197);
#197 = AXIS2_PLACEMENT_3D('',#198,#199,#200);
#198 = CARTESIAN_POINT('',(1.93,1.25,1.25));
#199 = DIRECTION('',(-1.,0.,0.));
#200 = DIRECTION('',(0.,0.,-1.));
#201 = ADVANCED_FACE('',(#202),#221,.T.);
#202 = FACE_BOUND('',#203,.T.);
#203 = EDGE_LOOP('',(#204,#213,#219,#220));
#204 = ORIENTED_EDGE('',*,*,#205,.T.);
#205 = EDGE_CURVE('',#206,#206,#208,.T.);
#206 = VERTEX_POINT('',#207);
#207 = CARTESIAN_POINT('',(6.655,1.125,1.25));
#208 = CIRCLE('',#209,1.125);
#209 = AXIS2_PLACEMENT_3D('',#210,#211,#212);
#210 = CARTESIAN_POINT('',(6.655,0.,1.25));
#211 = DIRECTION('',(-1.,0.,0.));
#212 = DIRECTION('',(0.,1.,0.));
#213 = ORIENTED_EDGE('',*,*,#214,.F.);
#214 = EDGE_CURVE('',#169,#206,#215,.T.);
#215 = LINE('',#216,#217);
#216 = CARTESIAN_POINT('',(1.93,1.125,1.25));
#217 = VECTOR('',#218,1.);
#218 = DIRECTION('',(1.,0.,0.));
#219 = ORIENTED_EDGE('',*,*,#168,.F.);
#220 = ORIENTED_EDGE('',*,*,#214,.T.);
#221 = CYLINDRICAL_SURFACE('',#222,1.125);
#222 = AXIS2_PLACEMENT_3D('',#223,#224,#225);
#223 = CARTESIAN_POINT('',(1.93,0.,1.25));
#224 = DIRECTION('',(-1.,-0.,-0.));
#225 = DIRECTION('',(0.,1.,0.));
#226 = ADVANCED_FACE('',(#227),#246,.T.);
#227 = FACE_BOUND('',#228,.T.);
#228 = EDGE_LOOP('',(#229,#238,#244,#245));
#229 = ORIENTED_EDGE('',*,*,#230,.F.);
#230 = EDGE_CURVE('',#231,#231,#233,.T.);
#231 = VERTEX_POINT('',#232);
#232 = CARTESIAN_POINT('',(0.9,0.,0.95));
#233 = CIRCLE('',#234,0.3);
#234 = AXIS2_PLACEMENT_3D('',#235,#236,#237);
#235 = CARTESIAN_POINT('',(0.9,0.,1.25));
#236 = DIRECTION('',(-1.,0.,-1.188909441847E-17));
#237 = DIRECTION('',(-1.188909441847E-17,0.,1.));
#238 = ORIENTED_EDGE('',*,*,#239,.T.);
#239 = EDGE_CURVE('',#231,#189,#240,.T.);
#240 = LINE('',#241,#242);
#241 = CARTESIAN_POINT('',(0.9,0.,0.95));
#242 = VECTOR('',#243,1.);
#243 = DIRECTION('',(1.,0.,0.));
#244 = ORIENTED_EDGE('',*,*,#188,.F.);
#245 = ORIENTED_EDGE('',*,*,#239,.F.);
#246 = CYLINDRICAL_SURFACE('',#247,0.3);
#247 = AXIS2_PLACEMENT_3D('',#248,#249,#250);
#248 = CARTESIAN_POINT('',(0.9,0.,1.25));
#249 = DIRECTION('',(1.,0.,0.));
#250 = DIRECTION('',(0.,0.,-1.));
#251 = ADVANCED_FACE('',(#252,#263),#266,.T.);
#252 = FACE_BOUND('',#253,.T.);
#253 = EDGE_LOOP('',(#254));
#254 = ORIENTED_EDGE('',*,*,#255,.F.);
#255 = EDGE_CURVE('',#256,#256,#258,.T.);
#256 = VERTEX_POINT('',#257);
#257 = CARTESIAN_POINT('',(6.655,1.25,1.25));
#258 = CIRCLE('',#259,1.25);
#259 = AXIS2_PLACEMENT_3D('',#260,#261,#262);
#260 = CARTESIAN_POINT('',(6.655,0.,1.25));
#261 = DIRECTION('',(1.,0.,0.));
#262 = DIRECTION('',(-0.,1.,0.));
#263 = FACE_BOUND('',#264,.T.);
#264 = EDGE_LOOP('',(#265));
#265 = ORIENTED_EDGE('',*,*,#205,.F.);
#266 = PLANE('',#267);
#267 = AXIS2_PLACEMENT_3D('',#268,#269,#270);
#268 = CARTESIAN_POINT('',(6.655,1.25,1.25));
#269 = DIRECTION('',(-1.,0.,0.));
#270 = DIRECTION('',(0.,0.,-1.));
#271 = ADVANCED_FACE('',(#272),#292,.T.);
#272 = FACE_BOUND('',#273,.T.);
#273 = EDGE_LOOP('',(#274,#283,#284,#285));
#274 = ORIENTED_EDGE('',*,*,#275,.T.);
#275 = EDGE_CURVE('',#276,#231,#278,.T.);
#276 = VERTEX_POINT('',#277);
#277 = CARTESIAN_POINT('',(0.3,0.,0.35));
#278 = CIRCLE('',#279,0.6);
#279 = AXIS2_PLACEMENT_3D('',#280,#281,#282);
#280 = CARTESIAN_POINT('',(0.9,1.102182119233E-16,0.35));
#281 = DIRECTION('',(0.,1.,-0.));
#282 = DIRECTION('',(-1.,0.,4.93432455389E-16));
#283 = ORIENTED_EDGE('',*,*,#230,.T.);
#284 = ORIENTED_EDGE('',*,*,#275,.F.);
#285 = ORIENTED_EDGE('',*,*,#286,.T.);
#286 = EDGE_CURVE('',#276,#276,#287,.T.);
#287 = CIRCLE('',#288,0.3);
#288 = AXIS2_PLACEMENT_3D('',#289,#290,#291);
#289 = CARTESIAN_POINT('',(0.,0.,0.35));
#290 = DIRECTION('',(0.,0.,1.));
#291 = DIRECTION('',(1.,0.,-0.));
#292 = TOROIDAL_SURFACE('',#293,0.9,0.3);
#293 = AXIS2_PLACEMENT_3D('',#294,#295,#296);
#294 = CARTESIAN_POINT('',(0.9,0.,0.35));
#295 = DIRECTION('',(0.,1.,0.));
#296 = DIRECTION('',(-1.,0.,4.93432455389E-16));
#297 = ADVANCED_FACE('',(#298),#317,.T.);
#298 = FACE_BOUND('',#299,.T.);
#299 = EDGE_LOOP('',(#300,#301,#309,#316));
#300 = ORIENTED_EDGE('',*,*,#255,.T.);
#301 = ORIENTED_EDGE('',*,*,#302,.T.);
#302 = EDGE_CURVE('',#256,#303,#305,.T.);
#303 = VERTEX_POINT('',#304);
#304 = CARTESIAN_POINT('',(7.605,1.25,1.25));
#305 = LINE('',#306,#307);
#306 = CARTESIAN_POINT('',(6.655,1.25,1.25));
#307 = VECTOR('',#308,1.);
#308 = DIRECTION('',(1.,0.,0.));
#309 = ORIENTED_EDGE('',*,*,#310,.F.);
#310 = EDGE_CURVE('',#303,#303,#311,.T.);
#311 = CIRCLE('',#312,1.25);
#312 = AXIS2_PLACEMENT_3D('',#313,#314,#315);
#313 = CARTESIAN_POINT('',(7.605,0.,1.25));
#314 = DIRECTION('',(1.,0.,0.));
#315 = DIRECTION('',(-0.,1.,0.));
#316 = ORIENTED_EDGE('',*,*,#302,.F.);
#317 = CYLINDRICAL_SURFACE('',#318,1.25);
#318 = AXIS2_PLACEMENT_3D('',#319,#320,#321);
#319 = CARTESIAN_POINT('',(6.655,0.,1.25));
#320 = DIRECTION('',(-1.,-0.,-0.));
#321 = DIRECTION('',(0.,1.,0.));
#322 = ADVANCED_FACE('',(#323),#342,.T.);
#323 = FACE_BOUND('',#324,.T.);
#324 = EDGE_LOOP('',(#325,#333,#334,#335));
#325 = ORIENTED_EDGE('',*,*,#326,.T.);
#326 = EDGE_CURVE('',#327,#276,#329,.T.);
#327 = VERTEX_POINT('',#328);
#328 = CARTESIAN_POINT('',(0.3,-7.347880794884E-17,-3.));
#329 = LINE('',#330,#331);
#330 = CARTESIAN_POINT('',(0.3,0.,-3.));
#331 = VECTOR('',#332,1.);
#332 = DIRECTION('',(0.,0.,1.));
#333 = ORIENTED_EDGE('',*,*,#286,.F.);
#334 = ORIENTED_EDGE('',*,*,#326,.F.);
#335 = ORIENTED_EDGE('',*,*,#336,.T.);
#336 = EDGE_CURVE('',#327,#327,#337,.T.);
#337 = CIRCLE('',#338,0.3);
#338 = AXIS2_PLACEMENT_3D('',#339,#340,#341);
#339 = CARTESIAN_POINT('',(0.,0.,-3.));
#340 = DIRECTION('',(0.,0.,1.));
#341 = DIRECTION('',(1.,0.,-0.));
#342 = CYLINDRICAL_SURFACE('',#343,0.3);
#343 = AXIS2_PLACEMENT_3D('',#344,#345,#346);
#344 = CARTESIAN_POINT('',(0.,0.,-3.));
#345 = DIRECTION('',(0.,0.,1.));
#346 = DIRECTION('',(1.,0.,-0.));
#347 = ADVANCED_FACE('',(#348),#368,.T.);
#348 = FACE_BOUND('',#349,.T.);
#349 = EDGE_LOOP('',(#350,#359,#360,#361));
#350 = ORIENTED_EDGE('',*,*,#351,.F.);
#351 = EDGE_CURVE('',#303,#352,#354,.T.);
#352 = VERTEX_POINT('',#353);
#353 = CARTESIAN_POINT('',(8.23,0.625,1.25));
#354 = CIRCLE('',#355,0.625);
#355 = AXIS2_PLACEMENT_3D('',#356,#357,#358);
#356 = CARTESIAN_POINT('',(7.605,0.625,1.25));
#357 = DIRECTION('',(0.,0.,-1.));
#358 = DIRECTION('',(0.,1.,0.));
#359 = ORIENTED_EDGE('',*,*,#310,.T.);
#360 = ORIENTED_EDGE('',*,*,#351,.T.);
#361 = ORIENTED_EDGE('',*,*,#362,.F.);
#362 = EDGE_CURVE('',#352,#352,#363,.T.);
#363 = CIRCLE('',#364,0.625);
#364 = AXIS2_PLACEMENT_3D('',#365,#366,#367);
#365 = CARTESIAN_POINT('',(8.23,0.,1.25));
#366 = DIRECTION('',(1.,0.,0.));
#367 = DIRECTION('',(-0.,1.,0.));
#368 = TOROIDAL_SURFACE('',#369,0.625,0.625);
#369 = AXIS2_PLACEMENT_3D('',#370,#371,#372);
#370 = CARTESIAN_POINT('',(7.605,0.,1.25));
#371 = DIRECTION('',(1.,0.,0.));
#372 = DIRECTION('',(-0.,1.,0.));
#373 = ADVANCED_FACE('',(#374),#377,.T.);
#374 = FACE_BOUND('',#375,.F.);
#375 = EDGE_LOOP('',(#376));
#376 = ORIENTED_EDGE('',*,*,#336,.T.);
#377 = PLANE('',#378);
#378 = AXIS2_PLACEMENT_3D('',#379,#380,#381);
#379 = CARTESIAN_POINT('',(0.3,0.,-3.));
#380 = DIRECTION('',(0.,0.,-1.));
#381 = DIRECTION('',(-1.,0.,0.));
#382 = ADVANCED_FACE('',(#383,#386),#397,.F.);
#383 = FACE_BOUND('',#384,.F.);
#384 = EDGE_LOOP('',(#385));
#385 = ORIENTED_EDGE('',*,*,#362,.F.);
#386 = FACE_BOUND('',#387,.F.);
#387 = EDGE_LOOP('',(#388));
#388 = ORIENTED_EDGE('',*,*,#389,.T.);
#389 = EDGE_CURVE('',#390,#390,#392,.T.);
#390 = VERTEX_POINT('',#391);
#391 = CARTESIAN_POINT('',(8.23,0.,0.95));
#392 = CIRCLE('',#393,0.3);
#393 = AXIS2_PLACEMENT_3D('',#394,#395,#396);
#394 = CARTESIAN_POINT('',(8.23,0.,1.25));
#395 = DIRECTION('',(1.,-0.,0.));
#396 = DIRECTION('',(0.,0.,-1.));
#397 = PLANE('',#398);
#398 = AXIS2_PLACEMENT_3D('',#399,#400,#401);
#399 = CARTESIAN_POINT('',(8.23,1.25,1.25));
#400 = DIRECTION('',(-1.,0.,0.));
#401 = DIRECTION('',(0.,0.,-1.));
#402 = ADVANCED_FACE('',(#403),#422,.T.);
#403 = FACE_BOUND('',#404,.T.);
#404 = EDGE_LOOP('',(#405,#406,#414,#421));
#405 = ORIENTED_EDGE('',*,*,#389,.T.);
#406 = ORIENTED_EDGE('',*,*,#407,.T.);
#407 = EDGE_CURVE('',#390,#408,#410,.T.);
#408 = VERTEX_POINT('',#409);
#409 = CARTESIAN_POINT('',(9.26,0.,0.95));
#410 = LINE('',#411,#412);
#411 = CARTESIAN_POINT('',(0.9,0.,0.95));
#412 = VECTOR('',#413,1.);
#413 = DIRECTION('',(1.,0.,0.));
#414 = ORIENTED_EDGE('',*,*,#415,.F.);
#415 = EDGE_CURVE('',#408,#408,#416,.T.);
#416 = CIRCLE('',#417,0.3);
#417 = AXIS2_PLACEMENT_3D('',#418,#419,#420);
#418 = CARTESIAN_POINT('',(9.26,0.,1.25));
#419 = DIRECTION('',(1.,-0.,0.));
#420 = DIRECTION('',(0.,0.,-1.));
#421 = ORIENTED_EDGE('',*,*,#407,.F.);
#422 = CYLINDRICAL_SURFACE('',#423,0.3);
#423 = AXIS2_PLACEMENT_3D('',#424,#425,#426);
#424 = CARTESIAN_POINT('',(0.9,0.,1.25));
#425 = DIRECTION('',(1.,0.,0.));
#426 = DIRECTION('',(0.,0.,-1.));
#427 = ADVANCED_FACE('',(#428),#448,.T.);
#428 = FACE_BOUND('',#429,.T.);
#429 = EDGE_LOOP('',(#430,#439,#446,#447));
#430 = ORIENTED_EDGE('',*,*,#431,.T.);
#431 = EDGE_CURVE('',#408,#432,#434,.T.);
#432 = VERTEX_POINT('',#433);
#433 = CARTESIAN_POINT('',(9.86,0.,0.35));
#434 = CIRCLE('',#435,0.6);
#435 = AXIS2_PLACEMENT_3D('',#436,#437,#438);
#436 = CARTESIAN_POINT('',(9.26,1.102182119233E-16,0.35));
#437 = DIRECTION('',(0.,1.,0.));
#438 = DIRECTION('',(0.,-0.,1.));
#439 = ORIENTED_EDGE('',*,*,#440,.T.);
#440 = EDGE_CURVE('',#432,#432,#441,.T.);
#441 = CIRCLE('',#442,0.3);
#442 = AXIS2_PLACEMENT_3D('',#443,#444,#445);
#443 = CARTESIAN_POINT('',(10.16,0.,0.35));
#444 = DIRECTION('',(-5.053215498074E-16,0.,1.));
#445 = DIRECTION('',(1.,0.,5.053215498074E-16));
#446 = ORIENTED_EDGE('',*,*,#431,.F.);
#447 = ORIENTED_EDGE('',*,*,#415,.T.);
#448 = TOROIDAL_SURFACE('',#449,0.9,0.3);
#449 = AXIS2_PLACEMENT_3D('',#450,#451,#452);
#450 = CARTESIAN_POINT('',(9.26,0.,0.35));
#451 = DIRECTION('',(0.,1.,0.));
#452 = DIRECTION('',(0.,-0.,1.));
#453 = ADVANCED_FACE('',(#454),#473,.T.);
#454 = FACE_BOUND('',#455,.T.);
#455 = EDGE_LOOP('',(#456,#464,#471,#472));
#456 = ORIENTED_EDGE('',*,*,#457,.T.);
#457 = EDGE_CURVE('',#432,#458,#460,.T.);
#458 = VERTEX_POINT('',#459);
#459 = CARTESIAN_POINT('',(9.86,-7.347880794884E-17,-3.));
#460 = LINE('',#461,#462);
#461 = CARTESIAN_POINT('',(9.86,0.,0.35));
#462 = VECTOR('',#463,1.);
#463 = DIRECTION('',(0.,0.,-1.));
#464 = ORIENTED_EDGE('',*,*,#465,.F.);
#465 = EDGE_CURVE('',#458,#458,#466,.T.);
#466 = CIRCLE('',#467,0.3);
#467 = AXIS2_PLACEMENT_3D('',#468,#469,#470);
#468 = CARTESIAN_POINT('',(10.16,0.,-3.));
#469 = DIRECTION('',(0.,0.,-1.));
#470 = DIRECTION('',(-1.,0.,0.));
#471 = ORIENTED_EDGE('',*,*,#457,.F.);
#472 = ORIENTED_EDGE('',*,*,#440,.F.);
#473 = CYLINDRICAL_SURFACE('',#474,0.3);
#474 = AXIS2_PLACEMENT_3D('',#475,#476,#477);
#475 = CARTESIAN_POINT('',(10.16,0.,0.35));
#476 = DIRECTION('',(0.,0.,-1.));
#477 = DIRECTION('',(-1.,0.,0.));
#478 = ADVANCED_FACE('',(#479),#482,.F.);
#479 = FACE_BOUND('',#480,.T.);
#480 = EDGE_LOOP('',(#481));
#481 = ORIENTED_EDGE('',*,*,#465,.T.);
#482 = PLANE('',#483);
#483 = AXIS2_PLACEMENT_3D('',#484,#485,#486);
#484 = CARTESIAN_POINT('',(9.86,0.,-3.));
#485 = DIRECTION('',(0.,0.,1.));
#486 = DIRECTION('',(1.,0.,-0.));
#487 = ( GEOMETRIC_REPRESENTATION_CONTEXT(3) 
GLOBAL_UNCERTAINTY_ASSIGNED_CONTEXT((#491)) GLOBAL_UNIT_ASSIGNED_CONTEXT
((#488,#489,#490)) REPRESENTATION_CONTEXT('Context #1',
  '3D Context with UNIT and UNCERTAINTY') );
#488 = ( LENGTH_UNIT() NAMED_UNIT(*) SI_UNIT(.MILLI.,.METRE.) );
#489 = ( NAMED_UNIT(*) PLANE_ANGLE_UNIT() SI_UNIT($,.RADIAN.) );
#490 = ( NAMED_UNIT(*) SI_UNIT($,.STERADIAN.) SOLID_ANGLE_UNIT() );
#491 = UNCERTAINTY_MEASURE_WITH_UNIT(LENGTH_MEASURE(1.E-07),#488,
  'distance_accuracy_value','confusion accuracy');
#492 = CONTEXT_DEPENDENT_SHAPE_REPRESENTATION(#493,#495);
#493 = ( REPRESENTATION_RELATIONSHIP('','',#99,#76) 
REPRESENTATION_RELATIONSHIP_WITH_TRANSFORMATION(#494) 
SHAPE_REPRESENTATION_RELATIONSHIP() );
#494 = ITEM_DEFINED_TRANSFORMATION('','',#11,#77);
#495 = PRODUCT_DEFINITION_SHAPE('Placement','Placement of an item',#496
  );
#496 = NEXT_ASSEMBLY_USAGE_OCCURRENCE('1','=>[0:1:1:3]','',#71,#94,$);
#497 = PRODUCT_RELATED_PRODUCT_CATEGORY('part',$,(#96));
#498 = SHAPE_DEFINITION_REPRESENTATION(#499,#505);
#499 = PRODUCT_DEFINITION_SHAPE('','',#500);
#500 = PRODUCT_DEFINITION('design','',#501,#504);
#501 = PRODUCT_DEFINITION_FORMATION('','',#502);
#502 = PRODUCT('4DB-P108-05','4DB-P108-05','',(#503));
#503 = PRODUCT_CONTEXT('',#2,'mechanical');
#504 = PRODUCT_DEFINITION_CONTEXT('part definition',#2,'design');
#505 = SHAPE_REPRESENTATION('',(#11,#506),#510);
#506 = AXIS2_PLACEMENT_3D('',#507,#508,#509);
#507 = CARTESIAN_POINT('',(0.,0.,0.));
#508 = DIRECTION('',(0.,0.,1.));
#509 = DIRECTION('',(1.,0.,-0.));
#510 = ( GEOMETRIC_REPRESENTATION_CONTEXT(3) 
GLOBAL_UNCERTAINTY_ASSIGNED_CONTEXT((#514)) GLOBAL_UNIT_ASSIGNED_CONTEXT
((#511,#512,#513)) REPRESENTATION_CONTEXT('Context #1',
  '3D Context with UNIT and UNCERTAINTY') );
#511 = ( LENGTH_UNIT() NAMED_UNIT(*) SI_UNIT(.MILLI.,.METRE.) );
#512 = ( NAMED_UNIT(*) PLANE_ANGLE_UNIT() SI_UNIT($,.RADIAN.) );
#513 = ( NAMED_UNIT(*) SI_UNIT($,.STERADIAN.) SOLID_ANGLE_UNIT() );
#514 = UNCERTAINTY_MEASURE_WITH_UNIT(LENGTH_MEASURE(1.E-07),#511,
  'distance_accuracy_value','confusion accuracy');
#515 = CONTEXT_DEPENDENT_SHAPE_REPRESENTATION(#516,#518);
#516 = ( REPRESENTATION_RELATIONSHIP('','',#505,#10) 
REPRESENTATION_RELATIONSHIP_WITH_TRANSFORMATION(#517) 
SHAPE_REPRESENTATION_RELATIONSHIP() );
#517 = ITEM_DEFINED_TRANSFORMATION('','',#11,#19);
#518 = PRODUCT_DEFINITION_SHAPE('Placement','Placement of an item',#519
  );
#519 = NEXT_ASSEMBLY_USAGE_OCCURRENCE('4','J3','',#5,#500,$);
#520 = PRODUCT_RELATED_PRODUCT_CATEGORY('part',$,(#502));
#521 = SHAPE_DEFINITION_REPRESENTATION(#522,#528);
#522 = PRODUCT_DEFINITION_SHAPE('','',#523);
#523 = PRODUCT_DEFINITION('design','',#524,#527);
#524 = PRODUCT_DEFINITION_FORMATION('','',#525);
#525 = PRODUCT('C-2-1437667-8','C-2-1437667-8','',(#526));
#526 = PRODUCT_CONTEXT('',#2,'mechanical');
#527 = PRODUCT_DEFINITION_CONTEXT('part definition',#2,'design');
#528 = ADVANCED_BREP_SHAPE_REPRESENTATION('',(#11,#529),#9529);
#529 = MANIFOLD_SOLID_BREP('',#530);
#530 = CLOSED_SHELL('',(#531,#589,#637,#693,#749,#805,#844,#900,#933,
    #966,#999,#1032,#1057,#1090,#1131,#1155,#1186,#1217,#1248,#1279,
    #1303,#1327,#1410,#1442,#1460,#1470,#1496,#1528,#1546,#1620,#1637,
    #1662,#1707,#1754,#1801,#1826,#1871,#1896,#1929,#1962,#1995,#2020,
    #2053,#2102,#2188,#2274,#2360,#2446,#2495,#2526,#2550,#2574,#2600,
    #2626,#2791,#2815,#2839,#2856,#2873,#2885,#2897,#2909,#2940,#2964,
    #2988,#3012,#3036,#3060,#3084,#3108,#3132,#3156,#3180,#3197,#3237,
    #3269,#3319,#3366,#3382,#3416,#3441,#3475,#3523,#3552,#3581,#3597,
    #3613,#3635,#3660,#3671,#3695,#3709,#3723,#3735,#3766,#3790,#3814,
    #3840,#3866,#4031,#4055,#4079,#4096,#4113,#4125,#4142,#4203,#4215,
    #4227,#4239,#4270,#4294,#4318,#4335,#4347,#4378,#4402,#4426,#4450,
    #4474,#4498,#4522,#4546,#4570,#4594,#4618,#4635,#4675,#4707,#4757,
    #4804,#4820,#4854,#4879,#4913,#4961,#4990,#5019,#5035,#5051,#5073,
    #5098,#5109,#5133,#5147,#5161,#5173,#5204,#5228,#5252,#5278,#5304,
    #5469,#5493,#5517,#5534,#5551,#5563,#5580,#5641,#5653,#5665,#5677,
    #5708,#5732,#5756,#5773,#5785,#5816,#5840,#5864,#5888,#5912,#5936,
    #5960,#5984,#6008,#6032,#6056,#6073,#6113,#6145,#6195,#6242,#6258,
    #6292,#6317,#6351,#6399,#6428,#6457,#6473,#6489,#6511,#6536,#6547,
    #6571,#6585,#6599,#6611,#6642,#6666,#6690,#6716,#6742,#6907,#6931,
    #6955,#6972,#6989,#7001,#7018,#7079,#7091,#7103,#7115,#7146,#7170,
    #7194,#7211,#7223,#7254,#7278,#7302,#7326,#7350,#7374,#7398,#7422,
    #7446,#7470,#7494,#7511,#7551,#7583,#7633,#7680,#7696,#7730,#7755,
    #7789,#7837,#7866,#7895,#7911,#7927,#7949,#7974,#7985,#8009,#8023,
    #8037,#8049,#8080,#8104,#8128,#8154,#8180,#8345,#8369,#8393,#8410,
    #8427,#8439,#8451,#8463,#8494,#8518,#8542,#8566,#8590,#8614,#8638,
    #8662,#8686,#8710,#8734,#8751,#8791,#8823,#8873,#8920,#8936,#8970,
    #8995,#9029,#9077,#9106,#9135,#9151,#9167,#9189,#9214,#9225,#9249,
    #9263,#9277,#9289,#9301,#9313,#9344,#9368,#9392,#9409,#9421,#9452,
    #9476,#9500,#9517));
#531 = ADVANCED_FACE('',(#532),#584,.F.);
#532 = FACE_BOUND('',#533,.F.);
#533 = EDGE_LOOP('',(#534,#544,#553,#561,#570,#578));
#534 = ORIENTED_EDGE('',*,*,#535,.T.);
#535 = EDGE_CURVE('',#536,#538,#540,.T.);
#536 = VERTEX_POINT('',#537);
#537 = CARTESIAN_POINT('',(21.463,0.,0.));
#538 = VERTEX_POINT('',#539);
#539 = CARTESIAN_POINT('',(21.463,11.8618,0.));
#540 = LINE('',#541,#542);
#541 = CARTESIAN_POINT('',(21.463,0.,0.));
#542 = VECTOR('',#543,1.);
#543 = DIRECTION('',(0.,1.,0.));
#544 = ORIENTED_EDGE('',*,*,#545,.T.);
#545 = EDGE_CURVE('',#538,#546,#548,.T.);
#546 = VERTEX_POINT('',#547);
#547 = CARTESIAN_POINT('',(21.463,13.462,-1.6002));
#548 = CIRCLE('',#549,1.6002);
#549 = AXIS2_PLACEMENT_3D('',#550,#551,#552);
#550 = CARTESIAN_POINT('',(21.463,11.8618,-1.6002));
#551 = DIRECTION('',(-1.,0.,0.));
#552 = DIRECTION('',(0.,0.,1.));
#553 = ORIENTED_EDGE('',*,*,#554,.T.);
#554 = EDGE_CURVE('',#546,#555,#557,.T.);
#555 = VERTEX_POINT('',#556);
#556 = CARTESIAN_POINT('',(21.463,13.462,-11.0998));
#557 = LINE('',#558,#559);
#558 = CARTESIAN_POINT('',(21.463,13.462,-1.6002));
#559 = VECTOR('',#560,1.);
#560 = DIRECTION('',(0.,0.,-1.));
#561 = ORIENTED_EDGE('',*,*,#562,.T.);
#562 = EDGE_CURVE('',#555,#563,#565,.T.);
#563 = VERTEX_POINT('',#564);
#564 = CARTESIAN_POINT('',(21.463,11.8618,-12.7));
#565 = CIRCLE('',#566,1.6002);
#566 = AXIS2_PLACEMENT_3D('',#567,#568,#569);
#567 = CARTESIAN_POINT('',(21.463,11.8618,-11.0998));
#568 = DIRECTION('',(-1.,0.,0.));
#569 = DIRECTION('',(0.,1.,0.));
#570 = ORIENTED_EDGE('',*,*,#571,.T.);
#571 = EDGE_CURVE('',#563,#572,#574,.T.);
#572 = VERTEX_POINT('',#573);
#573 = CARTESIAN_POINT('',(21.463,0.,-12.7));
#574 = LINE('',#575,#576);
#575 = CARTESIAN_POINT('',(21.463,11.8618,-12.7));
#576 = VECTOR('',#577,1.);
#577 = DIRECTION('',(0.,-1.,0.));
#578 = ORIENTED_EDGE('',*,*,#579,.T.);
#579 = EDGE_CURVE('',#572,#536,#580,.T.);
#580 = LINE('',#581,#582);
#581 = CARTESIAN_POINT('',(21.463,0.,-12.7));
#582 = VECTOR('',#583,1.);
#583 = DIRECTION('',(0.,0.,1.));
#584 = PLANE('',#585);
#585 = AXIS2_PLACEMENT_3D('',#586,#587,#588);
#586 = CARTESIAN_POINT('',(21.463,0.,0.));
#587 = DIRECTION('',(-1.,0.,0.));
#588 = DIRECTION('',(0.,0.,1.));
#589 = ADVANCED_FACE('',(#590),#632,.T.);
#590 = FACE_BOUND('',#591,.F.);
#591 = EDGE_LOOP('',(#592,#602,#610,#618,#626));
#592 = ORIENTED_EDGE('',*,*,#593,.F.);
#593 = EDGE_CURVE('',#594,#596,#598,.T.);
#594 = VERTEX_POINT('',#595);
#595 = CARTESIAN_POINT('',(-19.8755,11.8618,0.));
#596 = VERTEX_POINT('',#597);
#597 = CARTESIAN_POINT('',(-21.463,11.8618,0.));
#598 = LINE('',#599,#600);
#599 = CARTESIAN_POINT('',(-19.8755,11.8618,0.));
#600 = VECTOR('',#601,1.);
#601 = DIRECTION('',(-1.,0.,0.));
#602 = ORIENTED_EDGE('',*,*,#603,.F.);
#603 = EDGE_CURVE('',#604,#594,#606,.T.);
#604 = VERTEX_POINT('',#605);
#605 = CARTESIAN_POINT('',(-19.8755,0.8255,0.));
#606 = LINE('',#607,#608);
#607 = CARTESIAN_POINT('',(-19.8755,0.8255,0.));
#608 = VECTOR('',#609,1.);
#609 = DIRECTION('',(0.,1.,0.));
#610 = ORIENTED_EDGE('',*,*,#611,.T.);
#611 = EDGE_CURVE('',#604,#612,#614,.T.);
#612 = VERTEX_POINT('',#613);
#613 = CARTESIAN_POINT('',(-19.8755,0.,0.));
#614 = LINE('',#615,#616);
#615 = CARTESIAN_POINT('',(-19.8755,0.8255,0.));
#616 = VECTOR('',#617,1.);
#617 = DIRECTION('',(0.,-1.,0.));
#618 = ORIENTED_EDGE('',*,*,#619,.T.);
#619 = EDGE_CURVE('',#612,#620,#622,.T.);
#620 = VERTEX_POINT('',#621);
#621 = CARTESIAN_POINT('',(-21.463,0.,0.));
#622 = LINE('',#623,#624);
#623 = CARTESIAN_POINT('',(-19.8755,0.,0.));
#624 = VECTOR('',#625,1.);
#625 = DIRECTION('',(-1.,0.,0.));
#626 = ORIENTED_EDGE('',*,*,#627,.T.);
#627 = EDGE_CURVE('',#620,#596,#628,.T.);
#628 = LINE('',#629,#630);
#629 = CARTESIAN_POINT('',(-21.463,0.,0.));
#630 = VECTOR('',#631,1.);
#631 = DIRECTION('',(0.,1.,0.));
#632 = PLANE('',#633);
#633 = AXIS2_PLACEMENT_3D('',#634,#635,#636);
#634 = CARTESIAN_POINT('',(21.463,0.,0.));
#635 = DIRECTION('',(0.,0.,1.));
#636 = DIRECTION('',(0.,1.,0.));
#637 = ADVANCED_FACE('',(#638),#688,.T.);
#638 = FACE_BOUND('',#639,.F.);
#639 = EDGE_LOOP('',(#640,#650,#658,#666,#674,#682));
#640 = ORIENTED_EDGE('',*,*,#641,.F.);
#641 = EDGE_CURVE('',#642,#644,#646,.T.);
#642 = VERTEX_POINT('',#643);
#643 = CARTESIAN_POINT('',(-11.6205,11.8618,0.));
#644 = VERTEX_POINT('',#645);
#645 = CARTESIAN_POINT('',(-13.1445,11.8618,0.));
#646 = LINE('',#647,#648);
#647 = CARTESIAN_POINT('',(-11.6205,11.8618,0.));
#648 = VECTOR('',#649,1.);
#649 = DIRECTION('',(-1.,0.,0.));
#650 = ORIENTED_EDGE('',*,*,#651,.T.);
#651 = EDGE_CURVE('',#642,#652,#654,.T.);
#652 = VERTEX_POINT('',#653);
#653 = CARTESIAN_POINT('',(-11.6205,0.8255,0.));
#654 = LINE('',#655,#656);
#655 = CARTESIAN_POINT('',(-11.6205,11.8618,0.));
#656 = VECTOR('',#657,1.);
#657 = DIRECTION('',(0.,-1.,0.));
#658 = ORIENTED_EDGE('',*,*,#659,.F.);
#659 = EDGE_CURVE('',#660,#652,#662,.T.);
#660 = VERTEX_POINT('',#661);
#661 = CARTESIAN_POINT('',(-11.6205,0.,0.));
#662 = LINE('',#663,#664);
#663 = CARTESIAN_POINT('',(-11.6205,0.,0.));
#664 = VECTOR('',#665,1.);
#665 = DIRECTION('',(0.,1.,0.));
#666 = ORIENTED_EDGE('',*,*,#667,.T.);
#667 = EDGE_CURVE('',#660,#668,#670,.T.);
#668 = VERTEX_POINT('',#669);
#669 = CARTESIAN_POINT('',(-13.1445,0.,0.));
#670 = LINE('',#671,#672);
#671 = CARTESIAN_POINT('',(-11.6205,0.,0.));
#672 = VECTOR('',#673,1.);
#673 = DIRECTION('',(-1.,0.,0.));
#674 = ORIENTED_EDGE('',*,*,#675,.F.);
#675 = EDGE_CURVE('',#676,#668,#678,.T.);
#676 = VERTEX_POINT('',#677);
#677 = CARTESIAN_POINT('',(-13.1445,0.8255,0.));
#678 = LINE('',#679,#680);
#679 = CARTESIAN_POINT('',(-13.1445,0.8255,0.));
#680 = VECTOR('',#681,1.);
#681 = DIRECTION('',(0.,-1.,0.));
#682 = ORIENTED_EDGE('',*,*,#683,.T.);
#683 = EDGE_CURVE('',#676,#644,#684,.T.);
#684 = LINE('',#685,#686);
#685 = CARTESIAN_POINT('',(-13.1445,0.8255,0.));
#686 = VECTOR('',#687,1.);
#687 = DIRECTION('',(0.,1.,0.));
#688 = PLANE('',#689);
#689 = AXIS2_PLACEMENT_3D('',#690,#691,#692);
#690 = CARTESIAN_POINT('',(21.463,0.,0.));
#691 = DIRECTION('',(0.,0.,1.));
#692 = DIRECTION('',(0.,1.,0.));
#693 = ADVANCED_FACE('',(#694),#744,.T.);
#694 = FACE_BOUND('',#695,.F.);
#695 = EDGE_LOOP('',(#696,#706,#714,#722,#730,#738));
#696 = ORIENTED_EDGE('',*,*,#697,.T.);
#697 = EDGE_CURVE('',#698,#700,#702,.T.);
#698 = VERTEX_POINT('',#699);
#699 = CARTESIAN_POINT('',(-3.3655,11.8618,0.));
#700 = VERTEX_POINT('',#701);
#701 = CARTESIAN_POINT('',(-3.3655,0.8255,0.));
#702 = LINE('',#703,#704);
#703 = CARTESIAN_POINT('',(-3.3655,11.8618,0.));
#704 = VECTOR('',#705,1.);
#705 = DIRECTION('',(0.,-1.,0.));
#706 = ORIENTED_EDGE('',*,*,#707,.F.);
#707 = EDGE_CURVE('',#708,#700,#710,.T.);
#708 = VERTEX_POINT('',#709);
#709 = CARTESIAN_POINT('',(-3.3655,0.,0.));
#710 = LINE('',#711,#712);
#711 = CARTESIAN_POINT('',(-3.3655,0.,0.));
#712 = VECTOR('',#713,1.);
#713 = DIRECTION('',(0.,1.,0.));
#714 = ORIENTED_EDGE('',*,*,#715,.T.);
#715 = EDGE_CURVE('',#708,#716,#718,.T.);
#716 = VERTEX_POINT('',#717);
#717 = CARTESIAN_POINT('',(-4.8895,0.,0.));
#718 = LINE('',#719,#720);
#719 = CARTESIAN_POINT('',(-3.3655,0.,0.));
#720 = VECTOR('',#721,1.);
#721 = DIRECTION('',(-1.,0.,0.));
#722 = ORIENTED_EDGE('',*,*,#723,.T.);
#723 = EDGE_CURVE('',#716,#724,#726,.T.);
#724 = VERTEX_POINT('',#725);
#725 = CARTESIAN_POINT('',(-4.8895,0.8255,0.));
#726 = LINE('',#727,#728);
#727 = CARTESIAN_POINT('',(-4.8895,0.,0.));
#728 = VECTOR('',#729,1.);
#729 = DIRECTION('',(0.,1.,0.));
#730 = ORIENTED_EDGE('',*,*,#731,.T.);
#731 = EDGE_CURVE('',#724,#732,#734,.T.);
#732 = VERTEX_POINT('',#733);
#733 = CARTESIAN_POINT('',(-4.8895,11.8618,0.));
#734 = LINE('',#735,#736);
#735 = CARTESIAN_POINT('',(-4.8895,0.8255,0.));
#736 = VECTOR('',#737,1.);
#737 = DIRECTION('',(0.,1.,0.));
#738 = ORIENTED_EDGE('',*,*,#739,.F.);
#739 = EDGE_CURVE('',#698,#732,#740,.T.);
#740 = LINE('',#741,#742);
#741 = CARTESIAN_POINT('',(-3.3655,11.8618,0.));
#742 = VECTOR('',#743,1.);
#743 = DIRECTION('',(-1.,0.,0.));
#744 = PLANE('',#745);
#745 = AXIS2_PLACEMENT_3D('',#746,#747,#748);
#746 = CARTESIAN_POINT('',(21.463,0.,0.));
#747 = DIRECTION('',(0.,0.,1.));
#748 = DIRECTION('',(0.,1.,0.));
#749 = ADVANCED_FACE('',(#750),#800,.T.);
#750 = FACE_BOUND('',#751,.F.);
#751 = EDGE_LOOP('',(#752,#762,#770,#778,#786,#794));
#752 = ORIENTED_EDGE('',*,*,#753,.T.);
#753 = EDGE_CURVE('',#754,#756,#758,.T.);
#754 = VERTEX_POINT('',#755);
#755 = CARTESIAN_POINT('',(4.8895,11.8618,0.));
#756 = VERTEX_POINT('',#757);
#757 = CARTESIAN_POINT('',(4.8895,0.8255,0.));
#758 = LINE('',#759,#760);
#759 = CARTESIAN_POINT('',(4.8895,11.8618,0.));
#760 = VECTOR('',#761,1.);
#761 = DIRECTION('',(0.,-1.,0.));
#762 = ORIENTED_EDGE('',*,*,#763,.F.);
#763 = EDGE_CURVE('',#764,#756,#766,.T.);
#764 = VERTEX_POINT('',#765);
#765 = CARTESIAN_POINT('',(4.8895,0.,0.));
#766 = LINE('',#767,#768);
#767 = CARTESIAN_POINT('',(4.8895,0.,0.));
#768 = VECTOR('',#769,1.);
#769 = DIRECTION('',(0.,1.,0.));
#770 = ORIENTED_EDGE('',*,*,#771,.T.);
#771 = EDGE_CURVE('',#764,#772,#774,.T.);
#772 = VERTEX_POINT('',#773);
#773 = CARTESIAN_POINT('',(3.3655,0.,0.));
#774 = LINE('',#775,#776);
#775 = CARTESIAN_POINT('',(4.8895,0.,0.));
#776 = VECTOR('',#777,1.);
#777 = DIRECTION('',(-1.,0.,0.));
#778 = ORIENTED_EDGE('',*,*,#779,.F.);
#779 = EDGE_CURVE('',#780,#772,#782,.T.);
#780 = VERTEX_POINT('',#781);
#781 = CARTESIAN_POINT('',(3.3655,0.8255,0.));
#782 = LINE('',#783,#784);
#783 = CARTESIAN_POINT('',(3.3655,0.8255,0.));
#784 = VECTOR('',#785,1.);
#785 = DIRECTION('',(0.,-1.,0.));
#786 = ORIENTED_EDGE('',*,*,#787,.F.);
#787 = EDGE_CURVE('',#788,#780,#790,.T.);
#788 = VERTEX_POINT('',#789);
#789 = CARTESIAN_POINT('',(3.3655,11.8618,0.));
#790 = LINE('',#791,#792);
#791 = CARTESIAN_POINT('',(3.3655,11.8618,0.));
#792 = VECTOR('',#793,1.);
#793 = DIRECTION('',(0.,-1.,0.));
#794 = ORIENTED_EDGE('',*,*,#795,.F.);
#795 = EDGE_CURVE('',#754,#788,#796,.T.);
#796 = LINE('',#797,#798);
#797 = CARTESIAN_POINT('',(4.8895,11.8618,0.));
#798 = VECTOR('',#799,1.);
#799 = DIRECTION('',(-1.,0.,0.));
#800 = PLANE('',#801);
#801 = AXIS2_PLACEMENT_3D('',#802,#803,#804);
#802 = CARTESIAN_POINT('',(21.463,0.,0.));
#803 = DIRECTION('',(0.,0.,1.));
#804 = DIRECTION('',(0.,1.,0.));
#805 = ADVANCED_FACE('',(#806),#839,.T.);
#806 = FACE_BOUND('',#807,.F.);
#807 = EDGE_LOOP('',(#808,#818,#824,#825,#833));
#808 = ORIENTED_EDGE('',*,*,#809,.F.);
#809 = EDGE_CURVE('',#810,#812,#814,.T.);
#810 = VERTEX_POINT('',#811);
#811 = CARTESIAN_POINT('',(19.8755,11.8618,0.));
#812 = VERTEX_POINT('',#813);
#813 = CARTESIAN_POINT('',(19.8755,0.8255,0.));
#814 = LINE('',#815,#816);
#815 = CARTESIAN_POINT('',(19.8755,11.8618,0.));
#816 = VECTOR('',#817,1.);
#817 = DIRECTION('',(0.,-1.,0.));
#818 = ORIENTED_EDGE('',*,*,#819,.F.);
#819 = EDGE_CURVE('',#538,#810,#820,.T.);
#820 = LINE('',#821,#822);
#821 = CARTESIAN_POINT('',(21.463,11.8618,0.));
#822 = VECTOR('',#823,1.);
#823 = DIRECTION('',(-1.,0.,0.));
#824 = ORIENTED_EDGE('',*,*,#535,.F.);
#825 = ORIENTED_EDGE('',*,*,#826,.T.);
#826 = EDGE_CURVE('',#536,#827,#829,.T.);
#827 = VERTEX_POINT('',#828);
#828 = CARTESIAN_POINT('',(19.8755,0.,0.));
#829 = LINE('',#830,#831);
#830 = CARTESIAN_POINT('',(21.463,0.,0.));
#831 = VECTOR('',#832,1.);
#832 = DIRECTION('',(-1.,0.,0.));
#833 = ORIENTED_EDGE('',*,*,#834,.T.);
#834 = EDGE_CURVE('',#827,#812,#835,.T.);
#835 = LINE('',#836,#837);
#836 = CARTESIAN_POINT('',(19.8755,0.,0.));
#837 = VECTOR('',#838,1.);
#838 = DIRECTION('',(0.,1.,0.));
#839 = PLANE('',#840);
#840 = AXIS2_PLACEMENT_3D('',#841,#842,#843);
#841 = CARTESIAN_POINT('',(21.463,0.,0.));
#842 = DIRECTION('',(0.,0.,1.));
#843 = DIRECTION('',(0.,1.,0.));
#844 = ADVANCED_FACE('',(#845),#895,.T.);
#845 = FACE_BOUND('',#846,.F.);
#846 = EDGE_LOOP('',(#847,#857,#865,#873,#881,#889));
#847 = ORIENTED_EDGE('',*,*,#848,.T.);
#848 = EDGE_CURVE('',#849,#851,#853,.T.);
#849 = VERTEX_POINT('',#850);
#850 = CARTESIAN_POINT('',(13.1445,11.8618,0.));
#851 = VERTEX_POINT('',#852);
#852 = CARTESIAN_POINT('',(13.1445,0.8255,0.));
#853 = LINE('',#854,#855);
#854 = CARTESIAN_POINT('',(13.1445,11.8618,0.));
#855 = VECTOR('',#856,1.);
#856 = DIRECTION('',(0.,-1.,0.));
#857 = ORIENTED_EDGE('',*,*,#858,.F.);
#858 = EDGE_CURVE('',#859,#851,#861,.T.);
#859 = VERTEX_POINT('',#860);
#860 = CARTESIAN_POINT('',(13.1445,0.,0.));
#861 = LINE('',#862,#863);
#862 = CARTESIAN_POINT('',(13.1445,0.,0.));
#863 = VECTOR('',#864,1.);
#864 = DIRECTION('',(0.,1.,0.));
#865 = ORIENTED_EDGE('',*,*,#866,.T.);
#866 = EDGE_CURVE('',#859,#867,#869,.T.);
#867 = VERTEX_POINT('',#868);
#868 = CARTESIAN_POINT('',(11.6205,0.,0.));
#869 = LINE('',#870,#871);
#870 = CARTESIAN_POINT('',(13.1445,0.,0.));
#871 = VECTOR('',#872,1.);
#872 = DIRECTION('',(-1.,0.,0.));
#873 = ORIENTED_EDGE('',*,*,#874,.T.);
#874 = EDGE_CURVE('',#867,#875,#877,.T.);
#875 = VERTEX_POINT('',#876);
#876 = CARTESIAN_POINT('',(11.6205,0.8255,0.));
#877 = LINE('',#878,#879);
#878 = CARTESIAN_POINT('',(11.6205,0.,0.));
#879 = VECTOR('',#880,1.);
#880 = DIRECTION('',(0.,1.,0.));
#881 = ORIENTED_EDGE('',*,*,#882,.F.);
#882 = EDGE_CURVE('',#883,#875,#885,.T.);
#883 = VERTEX_POINT('',#884);
#884 = CARTESIAN_POINT('',(11.6205,11.8618,0.));
#885 = LINE('',#886,#887);
#886 = CARTESIAN_POINT('',(11.6205,11.8618,0.));
#887 = VECTOR('',#888,1.);
#888 = DIRECTION('',(0.,-1.,0.));
#889 = ORIENTED_EDGE('',*,*,#890,.F.);
#890 = EDGE_CURVE('',#849,#883,#891,.T.);
#891 = LINE('',#892,#893);
#892 = CARTESIAN_POINT('',(13.1445,11.8618,0.));
#893 = VECTOR('',#894,1.);
#894 = DIRECTION('',(-1.,0.,0.));
#895 = PLANE('',#896);
#896 = AXIS2_PLACEMENT_3D('',#897,#898,#899);
#897 = CARTESIAN_POINT('',(21.463,0.,0.));
#898 = DIRECTION('',(0.,0.,1.));
#899 = DIRECTION('',(0.,1.,0.));
#900 = ADVANCED_FACE('',(#901),#928,.T.);
#901 = FACE_BOUND('',#902,.T.);
#902 = EDGE_LOOP('',(#903,#912,#920,#927));
#903 = ORIENTED_EDGE('',*,*,#904,.F.);
#904 = EDGE_CURVE('',#905,#594,#907,.T.);
#905 = VERTEX_POINT('',#906);
#906 = CARTESIAN_POINT('',(-19.8755,13.462,-1.6002));
#907 = CIRCLE('',#908,1.6002);
#908 = AXIS2_PLACEMENT_3D('',#909,#910,#911);
#909 = CARTESIAN_POINT('',(-19.8755,11.8618,-1.6002));
#910 = DIRECTION('',(1.,0.,0.));
#911 = DIRECTION('',(-0.,1.,0.));
#912 = ORIENTED_EDGE('',*,*,#913,.T.);
#913 = EDGE_CURVE('',#905,#914,#916,.T.);
#914 = VERTEX_POINT('',#915);
#915 = CARTESIAN_POINT('',(-21.463,13.462,-1.6002));
#916 = LINE('',#917,#918);
#917 = CARTESIAN_POINT('',(-19.8755,13.462,-1.6002));
#918 = VECTOR('',#919,1.);
#919 = DIRECTION('',(-1.,0.,0.));
#920 = ORIENTED_EDGE('',*,*,#921,.F.);
#921 = EDGE_CURVE('',#596,#914,#922,.T.);
#922 = CIRCLE('',#923,1.6002);
#923 = AXIS2_PLACEMENT_3D('',#924,#925,#926);
#924 = CARTESIAN_POINT('',(-21.463,11.8618,-1.6002));
#925 = DIRECTION('',(-1.,0.,0.));
#926 = DIRECTION('',(0.,0.,1.));
#927 = ORIENTED_EDGE('',*,*,#593,.F.);
#928 = CYLINDRICAL_SURFACE('',#929,1.6002);
#929 = AXIS2_PLACEMENT_3D('',#930,#931,#932);
#930 = CARTESIAN_POINT('',(21.463,11.8618,-1.6002));
#931 = DIRECTION('',(-1.,0.,0.));
#932 = DIRECTION('',(0.,0.,1.));
#933 = ADVANCED_FACE('',(#934),#961,.T.);
#934 = FACE_BOUND('',#935,.T.);
#935 = EDGE_LOOP('',(#936,#945,#953,#960));
#936 = ORIENTED_EDGE('',*,*,#937,.T.);
#937 = EDGE_CURVE('',#642,#938,#940,.T.);
#938 = VERTEX_POINT('',#939);
#939 = CARTESIAN_POINT('',(-11.6205,13.462,-1.6002));
#940 = CIRCLE('',#941,1.6002);
#941 = AXIS2_PLACEMENT_3D('',#942,#943,#944);
#942 = CARTESIAN_POINT('',(-11.6205,11.8618,-1.6002));
#943 = DIRECTION('',(-1.,0.,0.));
#944 = DIRECTION('',(0.,0.,1.));
#945 = ORIENTED_EDGE('',*,*,#946,.T.);
#946 = EDGE_CURVE('',#938,#947,#949,.T.);
#947 = VERTEX_POINT('',#948);
#948 = CARTESIAN_POINT('',(-13.1445,13.462,-1.6002));
#949 = LINE('',#950,#951);
#950 = CARTESIAN_POINT('',(-11.6205,13.462,-1.6002));
#951 = VECTOR('',#952,1.);
#952 = DIRECTION('',(-1.,0.,0.));
#953 = ORIENTED_EDGE('',*,*,#954,.T.);
#954 = EDGE_CURVE('',#947,#644,#955,.T.);
#955 = CIRCLE('',#956,1.6002);
#956 = AXIS2_PLACEMENT_3D('',#957,#958,#959);
#957 = CARTESIAN_POINT('',(-13.1445,11.8618,-1.6002));
#958 = DIRECTION('',(1.,0.,0.));
#959 = DIRECTION('',(-0.,1.,0.));
#960 = ORIENTED_EDGE('',*,*,#641,.F.);
#961 = CYLINDRICAL_SURFACE('',#962,1.6002);
#962 = AXIS2_PLACEMENT_3D('',#963,#964,#965);
#963 = CARTESIAN_POINT('',(21.463,11.8618,-1.6002));
#964 = DIRECTION('',(-1.,0.,0.));
#965 = DIRECTION('',(0.,0.,1.));
#966 = ADVANCED_FACE('',(#967),#994,.T.);
#967 = FACE_BOUND('',#968,.T.);
#968 = EDGE_LOOP('',(#969,#979,#986,#987));
#969 = ORIENTED_EDGE('',*,*,#970,.T.);
#970 = EDGE_CURVE('',#971,#973,#975,.T.);
#971 = VERTEX_POINT('',#972);
#972 = CARTESIAN_POINT('',(-3.3655,13.462,-1.6002));
#973 = VERTEX_POINT('',#974);
#974 = CARTESIAN_POINT('',(-4.8895,13.462,-1.6002));
#975 = LINE('',#976,#977);
#976 = CARTESIAN_POINT('',(-3.3655,13.462,-1.6002));
#977 = VECTOR('',#978,1.);
#978 = DIRECTION('',(-1.,0.,0.));
#979 = ORIENTED_EDGE('',*,*,#980,.T.);
#980 = EDGE_CURVE('',#973,#732,#981,.T.);
#981 = CIRCLE('',#982,1.6002);
#982 = AXIS2_PLACEMENT_3D('',#983,#984,#985);
#983 = CARTESIAN_POINT('',(-4.8895,11.8618,-1.6002));
#984 = DIRECTION('',(1.,0.,0.));
#985 = DIRECTION('',(-0.,1.,0.));
#986 = ORIENTED_EDGE('',*,*,#739,.F.);
#987 = ORIENTED_EDGE('',*,*,#988,.T.);
#988 = EDGE_CURVE('',#698,#971,#989,.T.);
#989 = CIRCLE('',#990,1.6002);
#990 = AXIS2_PLACEMENT_3D('',#991,#992,#993);
#991 = CARTESIAN_POINT('',(-3.3655,11.8618,-1.6002));
#992 = DIRECTION('',(-1.,0.,0.));
#993 = DIRECTION('',(0.,0.,1.));
#994 = CYLINDRICAL_SURFACE('',#995,1.6002);
#995 = AXIS2_PLACEMENT_3D('',#996,#997,#998);
#996 = CARTESIAN_POINT('',(21.463,11.8618,-1.6002));
#997 = DIRECTION('',(-1.,0.,0.));
#998 = DIRECTION('',(0.,0.,1.));
#999 = ADVANCED_FACE('',(#1000),#1027,.T.);
#1000 = FACE_BOUND('',#1001,.T.);
#1001 = EDGE_LOOP('',(#1002,#1012,#1019,#1020));
#1002 = ORIENTED_EDGE('',*,*,#1003,.T.);
#1003 = EDGE_CURVE('',#1004,#1006,#1008,.T.);
#1004 = VERTEX_POINT('',#1005);
#1005 = CARTESIAN_POINT('',(4.8895,13.462,-1.6002));
#1006 = VERTEX_POINT('',#1007);
#1007 = CARTESIAN_POINT('',(3.3655,13.462,-1.6002));
#1008 = LINE('',#1009,#1010);
#1009 = CARTESIAN_POINT('',(4.8895,13.462,-1.6002));
#1010 = VECTOR('',#1011,1.);
#1011 = DIRECTION('',(-1.,0.,0.));
#1012 = ORIENTED_EDGE('',*,*,#1013,.F.);
#1013 = EDGE_CURVE('',#788,#1006,#1014,.T.);
#1014 = CIRCLE('',#1015,1.6002);
#1015 = AXIS2_PLACEMENT_3D('',#1016,#1017,#1018);
#1016 = CARTESIAN_POINT('',(3.3655,11.8618,-1.6002));
#1017 = DIRECTION('',(-1.,0.,0.));
#1018 = DIRECTION('',(0.,0.,1.));
#1019 = ORIENTED_EDGE('',*,*,#795,.F.);
#1020 = ORIENTED_EDGE('',*,*,#1021,.T.);
#1021 = EDGE_CURVE('',#754,#1004,#1022,.T.);
#1022 = CIRCLE('',#1023,1.6002);
#1023 = AXIS2_PLACEMENT_3D('',#1024,#1025,#1026);
#1024 = CARTESIAN_POINT('',(4.8895,11.8618,-1.6002));
#1025 = DIRECTION('',(-1.,0.,0.));
#1026 = DIRECTION('',(0.,0.,1.));
#1027 = CYLINDRICAL_SURFACE('',#1028,1.6002);
#1028 = AXIS2_PLACEMENT_3D('',#1029,#1030,#1031);
#1029 = CARTESIAN_POINT('',(21.463,11.8618,-1.6002));
#1030 = DIRECTION('',(-1.,0.,0.));
#1031 = DIRECTION('',(0.,0.,1.));
#1032 = ADVANCED_FACE('',(#1033),#1052,.T.);
#1033 = FACE_BOUND('',#1034,.T.);
#1034 = EDGE_LOOP('',(#1035,#1036,#1037,#1045));
#1035 = ORIENTED_EDGE('',*,*,#819,.F.);
#1036 = ORIENTED_EDGE('',*,*,#545,.T.);
#1037 = ORIENTED_EDGE('',*,*,#1038,.T.);
#1038 = EDGE_CURVE('',#546,#1039,#1041,.T.);
#1039 = VERTEX_POINT('',#1040);
#1040 = CARTESIAN_POINT('',(19.8755,13.462,-1.6002));
#1041 = LINE('',#1042,#1043);
#1042 = CARTESIAN_POINT('',(21.463,13.462,-1.6002));
#1043 = VECTOR('',#1044,1.);
#1044 = DIRECTION('',(-1.,0.,0.));
#1045 = ORIENTED_EDGE('',*,*,#1046,.F.);
#1046 = EDGE_CURVE('',#810,#1039,#1047,.T.);
#1047 = CIRCLE('',#1048,1.6002);
#1048 = AXIS2_PLACEMENT_3D('',#1049,#1050,#1051);
#1049 = CARTESIAN_POINT('',(19.8755,11.8618,-1.6002));
#1050 = DIRECTION('',(-1.,0.,0.));
#1051 = DIRECTION('',(0.,0.,1.));
#1052 = CYLINDRICAL_SURFACE('',#1053,1.6002);
#1053 = AXIS2_PLACEMENT_3D('',#1054,#1055,#1056);
#1054 = CARTESIAN_POINT('',(21.463,11.8618,-1.6002));
#1055 = DIRECTION('',(-1.,0.,0.));
#1056 = DIRECTION('',(0.,0.,1.));
#1057 = ADVANCED_FACE('',(#1058),#1085,.T.);
#1058 = FACE_BOUND('',#1059,.T.);
#1059 = EDGE_LOOP('',(#1060,#1070,#1077,#1078));
#1060 = ORIENTED_EDGE('',*,*,#1061,.T.);
#1061 = EDGE_CURVE('',#1062,#1064,#1066,.T.);
#1062 = VERTEX_POINT('',#1063);
#1063 = CARTESIAN_POINT('',(13.1445,13.462,-1.6002));
#1064 = VERTEX_POINT('',#1065);
#1065 = CARTESIAN_POINT('',(11.6205,13.462,-1.6002));
#1066 = LINE('',#1067,#1068);
#1067 = CARTESIAN_POINT('',(13.1445,13.462,-1.6002));
#1068 = VECTOR('',#1069,1.);
#1069 = DIRECTION('',(-1.,0.,0.));
#1070 = ORIENTED_EDGE('',*,*,#1071,.F.);
#1071 = EDGE_CURVE('',#883,#1064,#1072,.T.);
#1072 = CIRCLE('',#1073,1.6002);
#1073 = AXIS2_PLACEMENT_3D('',#1074,#1075,#1076);
#1074 = CARTESIAN_POINT('',(11.6205,11.8618,-1.6002));
#1075 = DIRECTION('',(-1.,0.,0.));
#1076 = DIRECTION('',(0.,0.,1.));
#1077 = ORIENTED_EDGE('',*,*,#890,.F.);
#1078 = ORIENTED_EDGE('',*,*,#1079,.T.);
#1079 = EDGE_CURVE('',#849,#1062,#1080,.T.);
#1080 = CIRCLE('',#1081,1.6002);
#1081 = AXIS2_PLACEMENT_3D('',#1082,#1083,#1084);
#1082 = CARTESIAN_POINT('',(13.1445,11.8618,-1.6002));
#1083 = DIRECTION('',(-1.,0.,0.));
#1084 = DIRECTION('',(0.,0.,1.));
#1085 = CYLINDRICAL_SURFACE('',#1086,1.6002);
#1086 = AXIS2_PLACEMENT_3D('',#1087,#1088,#1089);
#1087 = CARTESIAN_POINT('',(21.463,11.8618,-1.6002));
#1088 = DIRECTION('',(-1.,0.,0.));
#1089 = DIRECTION('',(0.,0.,1.));
#1090 = ADVANCED_FACE('',(#1091),#1126,.T.);
#1091 = FACE_BOUND('',#1092,.F.);
#1092 = EDGE_LOOP('',(#1093,#1094,#1102,#1110,#1119,#1125));
#1093 = ORIENTED_EDGE('',*,*,#627,.F.);
#1094 = ORIENTED_EDGE('',*,*,#1095,.F.);
#1095 = EDGE_CURVE('',#1096,#620,#1098,.T.);
#1096 = VERTEX_POINT('',#1097);
#1097 = CARTESIAN_POINT('',(-21.463,0.,-12.7));
#1098 = LINE('',#1099,#1100);
#1099 = CARTESIAN_POINT('',(-21.463,0.,-12.7));
#1100 = VECTOR('',#1101,1.);
#1101 = DIRECTION('',(0.,0.,1.));
#1102 = ORIENTED_EDGE('',*,*,#1103,.F.);
#1103 = EDGE_CURVE('',#1104,#1096,#1106,.T.);
#1104 = VERTEX_POINT('',#1105);
#1105 = CARTESIAN_POINT('',(-21.463,11.8618,-12.7));
#1106 = LINE('',#1107,#1108);
#1107 = CARTESIAN_POINT('',(-21.463,11.8618,-12.7));
#1108 = VECTOR('',#1109,1.);
#1109 = DIRECTION('',(0.,-1.,0.));
#1110 = ORIENTED_EDGE('',*,*,#1111,.F.);
#1111 = EDGE_CURVE('',#1112,#1104,#1114,.T.);
#1112 = VERTEX_POINT('',#1113);
#1113 = CARTESIAN_POINT('',(-21.463,13.462,-11.0998));
#1114 = CIRCLE('',#1115,1.6002);
#1115 = AXIS2_PLACEMENT_3D('',#1116,#1117,#1118);
#1116 = CARTESIAN_POINT('',(-21.463,11.8618,-11.0998));
#1117 = DIRECTION('',(-1.,0.,0.));
#1118 = DIRECTION('',(0.,1.,0.));
#1119 = ORIENTED_EDGE('',*,*,#1120,.F.);
#1120 = EDGE_CURVE('',#914,#1112,#1121,.T.);
#1121 = LINE('',#1122,#1123);
#1122 = CARTESIAN_POINT('',(-21.463,13.462,-1.6002));
#1123 = VECTOR('',#1124,1.);
#1124 = DIRECTION('',(0.,0.,-1.));
#1125 = ORIENTED_EDGE('',*,*,#921,.F.);
#1126 = PLANE('',#1127);
#1127 = AXIS2_PLACEMENT_3D('',#1128,#1129,#1130);
#1128 = CARTESIAN_POINT('',(-21.463,0.,0.));
#1129 = DIRECTION('',(-1.,0.,0.));
#1130 = DIRECTION('',(0.,0.,1.));
#1131 = ADVANCED_FACE('',(#1132),#1150,.T.);
#1132 = FACE_BOUND('',#1133,.F.);
#1133 = EDGE_LOOP('',(#1134,#1135,#1143,#1149));
#1134 = ORIENTED_EDGE('',*,*,#619,.F.);
#1135 = ORIENTED_EDGE('',*,*,#1136,.T.);
#1136 = EDGE_CURVE('',#612,#1137,#1139,.T.);
#1137 = VERTEX_POINT('',#1138);
#1138 = CARTESIAN_POINT('',(-19.8755,0.,-12.7));
#1139 = LINE('',#1140,#1141);
#1140 = CARTESIAN_POINT('',(-19.8755,0.,0.));
#1141 = VECTOR('',#1142,1.);
#1142 = DIRECTION('',(0.,0.,-1.));
#1143 = ORIENTED_EDGE('',*,*,#1144,.T.);
#1144 = EDGE_CURVE('',#1137,#1096,#1145,.T.);
#1145 = LINE('',#1146,#1147);
#1146 = CARTESIAN_POINT('',(-19.8755,0.,-12.7));
#1147 = VECTOR('',#1148,1.);
#1148 = DIRECTION('',(-1.,0.,0.));
#1149 = ORIENTED_EDGE('',*,*,#1095,.T.);
#1150 = PLANE('',#1151);
#1151 = AXIS2_PLACEMENT_3D('',#1152,#1153,#1154);
#1152 = CARTESIAN_POINT('',(21.463,0.,-12.7));
#1153 = DIRECTION('',(0.,-1.,0.));
#1154 = DIRECTION('',(0.,0.,1.));
#1155 = ADVANCED_FACE('',(#1156),#1181,.T.);
#1156 = FACE_BOUND('',#1157,.F.);
#1157 = EDGE_LOOP('',(#1158,#1166,#1174,#1180));
#1158 = ORIENTED_EDGE('',*,*,#1159,.F.);
#1159 = EDGE_CURVE('',#1160,#660,#1162,.T.);
#1160 = VERTEX_POINT('',#1161);
#1161 = CARTESIAN_POINT('',(-11.6205,0.,-12.7));
#1162 = LINE('',#1163,#1164);
#1163 = CARTESIAN_POINT('',(-11.6205,0.,-12.7));
#1164 = VECTOR('',#1165,1.);
#1165 = DIRECTION('',(0.,0.,1.));
#1166 = ORIENTED_EDGE('',*,*,#1167,.T.);
#1167 = EDGE_CURVE('',#1160,#1168,#1170,.T.);
#1168 = VERTEX_POINT('',#1169);
#1169 = CARTESIAN_POINT('',(-13.1445,0.,-12.7));
#1170 = LINE('',#1171,#1172);
#1171 = CARTESIAN_POINT('',(-11.6205,0.,-12.7));
#1172 = VECTOR('',#1173,1.);
#1173 = DIRECTION('',(-1.,0.,0.));
#1174 = ORIENTED_EDGE('',*,*,#1175,.F.);
#1175 = EDGE_CURVE('',#668,#1168,#1176,.T.);
#1176 = LINE('',#1177,#1178);
#1177 = CARTESIAN_POINT('',(-13.1445,0.,0.));
#1178 = VECTOR('',#1179,1.);
#1179 = DIRECTION('',(0.,0.,-1.));
#1180 = ORIENTED_EDGE('',*,*,#667,.F.);
#1181 = PLANE('',#1182);
#1182 = AXIS2_PLACEMENT_3D('',#1183,#1184,#1185);
#1183 = CARTESIAN_POINT('',(21.463,0.,-12.7));
#1184 = DIRECTION('',(0.,-1.,0.));
#1185 = DIRECTION('',(0.,0.,1.));
#1186 = ADVANCED_FACE('',(#1187),#1212,.T.);
#1187 = FACE_BOUND('',#1188,.F.);
#1188 = EDGE_LOOP('',(#1189,#1197,#1205,#1211));
#1189 = ORIENTED_EDGE('',*,*,#1190,.F.);
#1190 = EDGE_CURVE('',#1191,#708,#1193,.T.);
#1191 = VERTEX_POINT('',#1192);
#1192 = CARTESIAN_POINT('',(-3.3655,0.,-12.7));
#1193 = LINE('',#1194,#1195);
#1194 = CARTESIAN_POINT('',(-3.3655,0.,-12.7));
#1195 = VECTOR('',#1196,1.);
#1196 = DIRECTION('',(0.,0.,1.));
#1197 = ORIENTED_EDGE('',*,*,#1198,.T.);
#1198 = EDGE_CURVE('',#1191,#1199,#1201,.T.);
#1199 = VERTEX_POINT('',#1200);
#1200 = CARTESIAN_POINT('',(-4.8895,0.,-12.7));
#1201 = LINE('',#1202,#1203);
#1202 = CARTESIAN_POINT('',(-3.3655,0.,-12.7));
#1203 = VECTOR('',#1204,1.);
#1204 = DIRECTION('',(-1.,0.,0.));
#1205 = ORIENTED_EDGE('',*,*,#1206,.T.);
#1206 = EDGE_CURVE('',#1199,#716,#1207,.T.);
#1207 = LINE('',#1208,#1209);
#1208 = CARTESIAN_POINT('',(-4.8895,0.,-12.7));
#1209 = VECTOR('',#1210,1.);
#1210 = DIRECTION('',(0.,0.,1.));
#1211 = ORIENTED_EDGE('',*,*,#715,.F.);
#1212 = PLANE('',#1213);
#1213 = AXIS2_PLACEMENT_3D('',#1214,#1215,#1216);
#1214 = CARTESIAN_POINT('',(21.463,0.,-12.7));
#1215 = DIRECTION('',(0.,-1.,0.));
#1216 = DIRECTION('',(0.,0.,1.));
#1217 = ADVANCED_FACE('',(#1218),#1243,.T.);
#1218 = FACE_BOUND('',#1219,.F.);
#1219 = EDGE_LOOP('',(#1220,#1228,#1236,#1242));
#1220 = ORIENTED_EDGE('',*,*,#1221,.F.);
#1221 = EDGE_CURVE('',#1222,#764,#1224,.T.);
#1222 = VERTEX_POINT('',#1223);
#1223 = CARTESIAN_POINT('',(4.8895,0.,-12.7));
#1224 = LINE('',#1225,#1226);
#1225 = CARTESIAN_POINT('',(4.8895,0.,-12.7));
#1226 = VECTOR('',#1227,1.);
#1227 = DIRECTION('',(0.,0.,1.));
#1228 = ORIENTED_EDGE('',*,*,#1229,.T.);
#1229 = EDGE_CURVE('',#1222,#1230,#1232,.T.);
#1230 = VERTEX_POINT('',#1231);
#1231 = CARTESIAN_POINT('',(3.3655,0.,-12.7));
#1232 = LINE('',#1233,#1234);
#1233 = CARTESIAN_POINT('',(4.8895,0.,-12.7));
#1234 = VECTOR('',#1235,1.);
#1235 = DIRECTION('',(-1.,0.,0.));
#1236 = ORIENTED_EDGE('',*,*,#1237,.F.);
#1237 = EDGE_CURVE('',#772,#1230,#1238,.T.);
#1238 = LINE('',#1239,#1240);
#1239 = CARTESIAN_POINT('',(3.3655,0.,0.));
#1240 = VECTOR('',#1241,1.);
#1241 = DIRECTION('',(0.,0.,-1.));
#1242 = ORIENTED_EDGE('',*,*,#771,.F.);
#1243 = PLANE('',#1244);
#1244 = AXIS2_PLACEMENT_3D('',#1245,#1246,#1247);
#1245 = CARTESIAN_POINT('',(21.463,0.,-12.7));
#1246 = DIRECTION('',(0.,-1.,0.));
#1247 = DIRECTION('',(0.,0.,1.));
#1248 = ADVANCED_FACE('',(#1249),#1274,.T.);
#1249 = FACE_BOUND('',#1250,.F.);
#1250 = EDGE_LOOP('',(#1251,#1259,#1267,#1273));
#1251 = ORIENTED_EDGE('',*,*,#1252,.F.);
#1252 = EDGE_CURVE('',#1253,#859,#1255,.T.);
#1253 = VERTEX_POINT('',#1254);
#1254 = CARTESIAN_POINT('',(13.1445,0.,-12.7));
#1255 = LINE('',#1256,#1257);
#1256 = CARTESIAN_POINT('',(13.1445,0.,-12.7));
#1257 = VECTOR('',#1258,1.);
#1258 = DIRECTION('',(0.,0.,1.));
#1259 = ORIENTED_EDGE('',*,*,#1260,.T.);
#1260 = EDGE_CURVE('',#1253,#1261,#1263,.T.);
#1261 = VERTEX_POINT('',#1262);
#1262 = CARTESIAN_POINT('',(11.6205,0.,-12.7));
#1263 = LINE('',#1264,#1265);
#1264 = CARTESIAN_POINT('',(13.1445,0.,-12.7));
#1265 = VECTOR('',#1266,1.);
#1266 = DIRECTION('',(-1.,0.,0.));
#1267 = ORIENTED_EDGE('',*,*,#1268,.T.);
#1268 = EDGE_CURVE('',#1261,#867,#1269,.T.);
#1269 = LINE('',#1270,#1271);
#1270 = CARTESIAN_POINT('',(11.6205,0.,-12.7));
#1271 = VECTOR('',#1272,1.);
#1272 = DIRECTION('',(0.,0.,1.));
#1273 = ORIENTED_EDGE('',*,*,#866,.F.);
#1274 = PLANE('',#1275);
#1275 = AXIS2_PLACEMENT_3D('',#1276,#1277,#1278);
#1276 = CARTESIAN_POINT('',(21.463,0.,-12.7));
#1277 = DIRECTION('',(0.,-1.,0.));
#1278 = DIRECTION('',(0.,0.,1.));
#1279 = ADVANCED_FACE('',(#1280),#1298,.T.);
#1280 = FACE_BOUND('',#1281,.F.);
#1281 = EDGE_LOOP('',(#1282,#1290,#1291,#1292));
#1282 = ORIENTED_EDGE('',*,*,#1283,.T.);
#1283 = EDGE_CURVE('',#1284,#827,#1286,.T.);
#1284 = VERTEX_POINT('',#1285);
#1285 = CARTESIAN_POINT('',(19.8755,0.,-12.7));
#1286 = LINE('',#1287,#1288);
#1287 = CARTESIAN_POINT('',(19.8755,0.,-12.7));
#1288 = VECTOR('',#1289,1.);
#1289 = DIRECTION('',(0.,0.,1.));
#1290 = ORIENTED_EDGE('',*,*,#826,.F.);
#1291 = ORIENTED_EDGE('',*,*,#579,.F.);
#1292 = ORIENTED_EDGE('',*,*,#1293,.T.);
#1293 = EDGE_CURVE('',#572,#1284,#1294,.T.);
#1294 = LINE('',#1295,#1296);
#1295 = CARTESIAN_POINT('',(21.463,0.,-12.7));
#1296 = VECTOR('',#1297,1.);
#1297 = DIRECTION('',(-1.,0.,0.));
#1298 = PLANE('',#1299);
#1299 = AXIS2_PLACEMENT_3D('',#1300,#1301,#1302);
#1300 = CARTESIAN_POINT('',(21.463,0.,-12.7));
#1301 = DIRECTION('',(0.,-1.,0.));
#1302 = DIRECTION('',(0.,0.,1.));
#1303 = ADVANCED_FACE('',(#1304),#1322,.F.);
#1304 = FACE_BOUND('',#1305,.F.);
#1305 = EDGE_LOOP('',(#1306,#1307,#1315,#1321));
#1306 = ORIENTED_EDGE('',*,*,#611,.F.);
#1307 = ORIENTED_EDGE('',*,*,#1308,.T.);
#1308 = EDGE_CURVE('',#604,#1309,#1311,.T.);
#1309 = VERTEX_POINT('',#1310);
#1310 = CARTESIAN_POINT('',(-19.8755,0.8255,-12.7));
#1311 = LINE('',#1312,#1313);
#1312 = CARTESIAN_POINT('',(-19.8755,0.8255,0.));
#1313 = VECTOR('',#1314,1.);
#1314 = DIRECTION('',(0.,0.,-1.));
#1315 = ORIENTED_EDGE('',*,*,#1316,.T.);
#1316 = EDGE_CURVE('',#1309,#1137,#1317,.T.);
#1317 = LINE('',#1318,#1319);
#1318 = CARTESIAN_POINT('',(-19.8755,0.8255,-12.7));
#1319 = VECTOR('',#1320,1.);
#1320 = DIRECTION('',(0.,-1.,0.));
#1321 = ORIENTED_EDGE('',*,*,#1136,.F.);
#1322 = PLANE('',#1323);
#1323 = AXIS2_PLACEMENT_3D('',#1324,#1325,#1326);
#1324 = CARTESIAN_POINT('',(-19.8755,13.462,-1.6002));
#1325 = DIRECTION('',(-1.,0.,0.));
#1326 = DIRECTION('',(0.,0.,1.));
#1327 = ADVANCED_FACE('',(#1328,#1351,#1371),#1405,.F.);
#1328 = FACE_BOUND('',#1329,.F.);
#1329 = EDGE_LOOP('',(#1330,#1338,#1344,#1345));
#1330 = ORIENTED_EDGE('',*,*,#1331,.T.);
#1331 = EDGE_CURVE('',#676,#1332,#1334,.T.);
#1332 = VERTEX_POINT('',#1333);
#1333 = CARTESIAN_POINT('',(-13.1445,0.8255,-12.7));
#1334 = LINE('',#1335,#1336);
#1335 = CARTESIAN_POINT('',(-13.1445,0.8255,0.));
#1336 = VECTOR('',#1337,1.);
#1337 = DIRECTION('',(0.,0.,-1.));
#1338 = ORIENTED_EDGE('',*,*,#1339,.F.);
#1339 = EDGE_CURVE('',#1309,#1332,#1340,.T.);
#1340 = LINE('',#1341,#1342);
#1341 = CARTESIAN_POINT('',(-19.8755,0.8255,-12.7));
#1342 = VECTOR('',#1343,1.);
#1343 = DIRECTION('',(1.,0.,0.));
#1344 = ORIENTED_EDGE('',*,*,#1308,.F.);
#1345 = ORIENTED_EDGE('',*,*,#1346,.T.);
#1346 = EDGE_CURVE('',#604,#676,#1347,.T.);
#1347 = LINE('',#1348,#1349);
#1348 = CARTESIAN_POINT('',(-19.8755,0.8255,0.));
#1349 = VECTOR('',#1350,1.);
#1350 = DIRECTION('',(1.,0.,0.));
#1351 = FACE_BOUND('',#1352,.F.);
#1352 = EDGE_LOOP('',(#1353,#1364));
#1353 = ORIENTED_EDGE('',*,*,#1354,.T.);
#1354 = EDGE_CURVE('',#1355,#1357,#1359,.T.);
#1355 = VERTEX_POINT('',#1356);
#1356 = CARTESIAN_POINT('',(-18.3769,0.8255,-6.35));
#1357 = VERTEX_POINT('',#1358);
#1358 = CARTESIAN_POINT('',(-14.6431,0.8255,-6.35));
#1359 = CIRCLE('',#1360,1.8669);
#1360 = AXIS2_PLACEMENT_3D('',#1361,#1362,#1363);
#1361 = CARTESIAN_POINT('',(-16.51,0.8255,-6.35));
#1362 = DIRECTION('',(0.,-1.,0.));
#1363 = DIRECTION('',(-1.,0.,0.));
#1364 = ORIENTED_EDGE('',*,*,#1365,.T.);
#1365 = EDGE_CURVE('',#1357,#1355,#1366,.T.);
#1366 = CIRCLE('',#1367,1.8669);
#1367 = AXIS2_PLACEMENT_3D('',#1368,#1369,#1370);
#1368 = CARTESIAN_POINT('',(-16.51,0.8255,-6.35));
#1369 = DIRECTION('',(0.,-1.,0.));
#1370 = DIRECTION('',(1.,0.,0.));
#1371 = FACE_BOUND('',#1372,.F.);
#1372 = EDGE_LOOP('',(#1373,#1383,#1391,#1399));
#1373 = ORIENTED_EDGE('',*,*,#1374,.T.);
#1374 = EDGE_CURVE('',#1375,#1377,#1379,.T.);
#1375 = VERTEX_POINT('',#1376);
#1376 = CARTESIAN_POINT('',(-17.1704,0.8255,-2.032));
#1377 = VERTEX_POINT('',#1378);
#1378 = CARTESIAN_POINT('',(-17.1704,0.8255,-2.8702));
#1379 = LINE('',#1380,#1381);
#1380 = CARTESIAN_POINT('',(-17.1704,0.8255,-2.032));
#1381 = VECTOR('',#1382,1.);
#1382 = DIRECTION('',(0.,0.,-1.));
#1383 = ORIENTED_EDGE('',*,*,#1384,.T.);
#1384 = EDGE_CURVE('',#1377,#1385,#1387,.T.);
#1385 = VERTEX_POINT('',#1386);
#1386 = CARTESIAN_POINT('',(-15.8496,0.8255,-2.8702));
#1387 = LINE('',#1388,#1389);
#1388 = CARTESIAN_POINT('',(-17.1704,0.8255,-2.8702));
#1389 = VECTOR('',#1390,1.);
#1390 = DIRECTION('',(1.,0.,0.));
#1391 = ORIENTED_EDGE('',*,*,#1392,.F.);
#1392 = EDGE_CURVE('',#1393,#1385,#1395,.T.);
#1393 = VERTEX_POINT('',#1394);
#1394 = CARTESIAN_POINT('',(-15.8496,0.8255,-2.032));
#1395 = LINE('',#1396,#1397);
#1396 = CARTESIAN_POINT('',(-15.8496,0.8255,-2.032));
#1397 = VECTOR('',#1398,1.);
#1398 = DIRECTION('',(0.,0.,-1.));
#1399 = ORIENTED_EDGE('',*,*,#1400,.F.);
#1400 = EDGE_CURVE('',#1375,#1393,#1401,.T.);
#1401 = LINE('',#1402,#1403);
#1402 = CARTESIAN_POINT('',(-17.1704,0.8255,-2.032));
#1403 = VECTOR('',#1404,1.);
#1404 = DIRECTION('',(1.,0.,0.));
#1405 = PLANE('',#1406);
#1406 = AXIS2_PLACEMENT_3D('',#1407,#1408,#1409);
#1407 = CARTESIAN_POINT('',(-19.8755,0.8255,0.));
#1408 = DIRECTION('',(0.,1.,0.));
#1409 = DIRECTION('',(0.,0.,-1.));
#1410 = ADVANCED_FACE('',(#1411),#1437,.F.);
#1411 = FACE_BOUND('',#1412,.F.);
#1412 = EDGE_LOOP('',(#1413,#1421,#1430,#1436));
#1413 = ORIENTED_EDGE('',*,*,#1414,.T.);
#1414 = EDGE_CURVE('',#1355,#1415,#1417,.T.);
#1415 = VERTEX_POINT('',#1416);
#1416 = CARTESIAN_POINT('',(-18.3769,1.825498,-6.35));
#1417 = LINE('',#1418,#1419);
#1418 = CARTESIAN_POINT('',(-18.3769,0.8255,-6.35));
#1419 = VECTOR('',#1420,1.);
#1420 = DIRECTION('',(0.,1.,0.));
#1421 = ORIENTED_EDGE('',*,*,#1422,.T.);
#1422 = EDGE_CURVE('',#1415,#1423,#1425,.T.);
#1423 = VERTEX_POINT('',#1424);
#1424 = CARTESIAN_POINT('',(-14.6431,1.825498,-6.35));
#1425 = CIRCLE('',#1426,1.8669);
#1426 = AXIS2_PLACEMENT_3D('',#1427,#1428,#1429);
#1427 = CARTESIAN_POINT('',(-16.51,1.825498,-6.35));
#1428 = DIRECTION('',(0.,-1.,0.));
#1429 = DIRECTION('',(-1.,0.,0.));
#1430 = ORIENTED_EDGE('',*,*,#1431,.F.);
#1431 = EDGE_CURVE('',#1357,#1423,#1432,.T.);
#1432 = LINE('',#1433,#1434);
#1433 = CARTESIAN_POINT('',(-14.6431,0.8255,-6.35));
#1434 = VECTOR('',#1435,1.);
#1435 = DIRECTION('',(0.,1.,0.));
#1436 = ORIENTED_EDGE('',*,*,#1354,.F.);
#1437 = CYLINDRICAL_SURFACE('',#1438,1.8669);
#1438 = AXIS2_PLACEMENT_3D('',#1439,#1440,#1441);
#1439 = CARTESIAN_POINT('',(-16.51,0.8255,-6.35));
#1440 = DIRECTION('',(0.,-1.,0.));
#1441 = DIRECTION('',(-1.,0.,0.));
#1442 = ADVANCED_FACE('',(#1443),#1455,.F.);
#1443 = FACE_BOUND('',#1444,.F.);
#1444 = EDGE_LOOP('',(#1445,#1446,#1447,#1448));
#1445 = ORIENTED_EDGE('',*,*,#1414,.F.);
#1446 = ORIENTED_EDGE('',*,*,#1365,.F.);
#1447 = ORIENTED_EDGE('',*,*,#1431,.T.);
#1448 = ORIENTED_EDGE('',*,*,#1449,.T.);
#1449 = EDGE_CURVE('',#1423,#1415,#1450,.T.);
#1450 = CIRCLE('',#1451,1.8669);
#1451 = AXIS2_PLACEMENT_3D('',#1452,#1453,#1454);
#1452 = CARTESIAN_POINT('',(-16.51,1.825498,-6.35));
#1453 = DIRECTION('',(0.,-1.,0.));
#1454 = DIRECTION('',(1.,0.,0.));
#1455 = CYLINDRICAL_SURFACE('',#1456,1.8669);
#1456 = AXIS2_PLACEMENT_3D('',#1457,#1458,#1459);
#1457 = CARTESIAN_POINT('',(-16.51,0.8255,-6.35));
#1458 = DIRECTION('',(0.,-1.,0.));
#1459 = DIRECTION('',(-1.,0.,0.));
#1460 = ADVANCED_FACE('',(#1461),#1465,.T.);
#1461 = FACE_BOUND('',#1462,.F.);
#1462 = EDGE_LOOP('',(#1463,#1464));
#1463 = ORIENTED_EDGE('',*,*,#1422,.F.);
#1464 = ORIENTED_EDGE('',*,*,#1449,.F.);
#1465 = PLANE('',#1466);
#1466 = AXIS2_PLACEMENT_3D('',#1467,#1468,#1469);
#1467 = CARTESIAN_POINT('',(-19.8755,1.825498,-1.6002));
#1468 = DIRECTION('',(0.,-1.,0.));
#1469 = DIRECTION('',(-1.,0.,0.));
#1470 = ADVANCED_FACE('',(#1471),#1491,.T.);
#1471 = FACE_BOUND('',#1472,.F.);
#1472 = EDGE_LOOP('',(#1473,#1484));
#1473 = ORIENTED_EDGE('',*,*,#1474,.F.);
#1474 = EDGE_CURVE('',#1475,#1477,#1479,.T.);
#1475 = VERTEX_POINT('',#1476);
#1476 = CARTESIAN_POINT('',(14.6431,1.825498,-6.35));
#1477 = VERTEX_POINT('',#1478);
#1478 = CARTESIAN_POINT('',(18.3769,1.825498,-6.35));
#1479 = CIRCLE('',#1480,1.8669);
#1480 = AXIS2_PLACEMENT_3D('',#1481,#1482,#1483);
#1481 = CARTESIAN_POINT('',(16.51,1.825498,-6.35));
#1482 = DIRECTION('',(0.,-1.,0.));
#1483 = DIRECTION('',(-1.,0.,0.));
#1484 = ORIENTED_EDGE('',*,*,#1485,.F.);
#1485 = EDGE_CURVE('',#1477,#1475,#1486,.T.);
#1486 = CIRCLE('',#1487,1.8669);
#1487 = AXIS2_PLACEMENT_3D('',#1488,#1489,#1490);
#1488 = CARTESIAN_POINT('',(16.51,1.825498,-6.35));
#1489 = DIRECTION('',(0.,-1.,0.));
#1490 = DIRECTION('',(1.,0.,0.));
#1491 = PLANE('',#1492);
#1492 = AXIS2_PLACEMENT_3D('',#1493,#1494,#1495);
#1493 = CARTESIAN_POINT('',(-19.8755,1.825498,-1.6002));
#1494 = DIRECTION('',(0.,-1.,0.));
#1495 = DIRECTION('',(-1.,0.,0.));
#1496 = ADVANCED_FACE('',(#1497),#1523,.F.);
#1497 = FACE_BOUND('',#1498,.F.);
#1498 = EDGE_LOOP('',(#1499,#1507,#1508,#1516));
#1499 = ORIENTED_EDGE('',*,*,#1500,.T.);
#1500 = EDGE_CURVE('',#1501,#1475,#1503,.T.);
#1501 = VERTEX_POINT('',#1502);
#1502 = CARTESIAN_POINT('',(14.6431,0.8255,-6.35));
#1503 = LINE('',#1504,#1505);
#1504 = CARTESIAN_POINT('',(14.6431,0.8255,-6.35));
#1505 = VECTOR('',#1506,1.);
#1506 = DIRECTION('',(0.,1.,0.));
#1507 = ORIENTED_EDGE('',*,*,#1474,.T.);
#1508 = ORIENTED_EDGE('',*,*,#1509,.F.);
#1509 = EDGE_CURVE('',#1510,#1477,#1512,.T.);
#1510 = VERTEX_POINT('',#1511);
#1511 = CARTESIAN_POINT('',(18.3769,0.8255,-6.35));
#1512 = LINE('',#1513,#1514);
#1513 = CARTESIAN_POINT('',(18.3769,0.8255,-6.35));
#1514 = VECTOR('',#1515,1.);
#1515 = DIRECTION('',(0.,1.,0.));
#1516 = ORIENTED_EDGE('',*,*,#1517,.F.);
#1517 = EDGE_CURVE('',#1501,#1510,#1518,.T.);
#1518 = CIRCLE('',#1519,1.8669);
#1519 = AXIS2_PLACEMENT_3D('',#1520,#1521,#1522);
#1520 = CARTESIAN_POINT('',(16.51,0.8255,-6.35));
#1521 = DIRECTION('',(0.,-1.,0.));
#1522 = DIRECTION('',(-1.,0.,0.));
#1523 = CYLINDRICAL_SURFACE('',#1524,1.8669);
#1524 = AXIS2_PLACEMENT_3D('',#1525,#1526,#1527);
#1525 = CARTESIAN_POINT('',(16.51,0.8255,-6.35));
#1526 = DIRECTION('',(0.,-1.,0.));
#1527 = DIRECTION('',(-1.,0.,0.));
#1528 = ADVANCED_FACE('',(#1529),#1541,.F.);
#1529 = FACE_BOUND('',#1530,.F.);
#1530 = EDGE_LOOP('',(#1531,#1532,#1539,#1540));
#1531 = ORIENTED_EDGE('',*,*,#1500,.F.);
#1532 = ORIENTED_EDGE('',*,*,#1533,.F.);
#1533 = EDGE_CURVE('',#1510,#1501,#1534,.T.);
#1534 = CIRCLE('',#1535,1.8669);
#1535 = AXIS2_PLACEMENT_3D('',#1536,#1537,#1538);
#1536 = CARTESIAN_POINT('',(16.51,0.8255,-6.35));
#1537 = DIRECTION('',(0.,-1.,0.));
#1538 = DIRECTION('',(1.,0.,0.));
#1539 = ORIENTED_EDGE('',*,*,#1509,.T.);
#1540 = ORIENTED_EDGE('',*,*,#1485,.T.);
#1541 = CYLINDRICAL_SURFACE('',#1542,1.8669);
#1542 = AXIS2_PLACEMENT_3D('',#1543,#1544,#1545);
#1543 = CARTESIAN_POINT('',(16.51,0.8255,-6.35));
#1544 = DIRECTION('',(0.,-1.,0.));
#1545 = DIRECTION('',(-1.,0.,0.));
#1546 = ADVANCED_FACE('',(#1547,#1577,#1581),#1615,.F.);
#1547 = FACE_BOUND('',#1548,.F.);
#1548 = EDGE_LOOP('',(#1549,#1557,#1565,#1571));
#1549 = ORIENTED_EDGE('',*,*,#1550,.T.);
#1550 = EDGE_CURVE('',#812,#1551,#1553,.T.);
#1551 = VERTEX_POINT('',#1552);
#1552 = CARTESIAN_POINT('',(19.8755,0.8255,-12.7));
#1553 = LINE('',#1554,#1555);
#1554 = CARTESIAN_POINT('',(19.8755,0.8255,0.));
#1555 = VECTOR('',#1556,1.);
#1556 = DIRECTION('',(0.,0.,-1.));
#1557 = ORIENTED_EDGE('',*,*,#1558,.F.);
#1558 = EDGE_CURVE('',#1559,#1551,#1561,.T.);
#1559 = VERTEX_POINT('',#1560);
#1560 = CARTESIAN_POINT('',(13.1445,0.8255,-12.7));
#1561 = LINE('',#1562,#1563);
#1562 = CARTESIAN_POINT('',(13.1445,0.8255,-12.7));
#1563 = VECTOR('',#1564,1.);
#1564 = DIRECTION('',(1.,0.,0.));
#1565 = ORIENTED_EDGE('',*,*,#1566,.F.);
#1566 = EDGE_CURVE('',#851,#1559,#1567,.T.);
#1567 = LINE('',#1568,#1569);
#1568 = CARTESIAN_POINT('',(13.1445,0.8255,0.));
#1569 = VECTOR('',#1570,1.);
#1570 = DIRECTION('',(0.,0.,-1.));
#1571 = ORIENTED_EDGE('',*,*,#1572,.T.);
#1572 = EDGE_CURVE('',#851,#812,#1573,.T.);
#1573 = LINE('',#1574,#1575);
#1574 = CARTESIAN_POINT('',(13.1445,0.8255,0.));
#1575 = VECTOR('',#1576,1.);
#1576 = DIRECTION('',(1.,0.,0.));
#1577 = FACE_BOUND('',#1578,.F.);
#1578 = EDGE_LOOP('',(#1579,#1580));
#1579 = ORIENTED_EDGE('',*,*,#1517,.T.);
#1580 = ORIENTED_EDGE('',*,*,#1533,.T.);
#1581 = FACE_BOUND('',#1582,.F.);
#1582 = EDGE_LOOP('',(#1583,#1593,#1601,#1609));
#1583 = ORIENTED_EDGE('',*,*,#1584,.T.);
#1584 = EDGE_CURVE('',#1585,#1587,#1589,.T.);
#1585 = VERTEX_POINT('',#1586);
#1586 = CARTESIAN_POINT('',(15.8496,0.8255,-2.032));
#1587 = VERTEX_POINT('',#1588);
#1588 = CARTESIAN_POINT('',(15.8496,0.8255,-2.8702));
#1589 = LINE('',#1590,#1591);
#1590 = CARTESIAN_POINT('',(15.8496,0.8255,-2.032));
#1591 = VECTOR('',#1592,1.);
#1592 = DIRECTION('',(0.,0.,-1.));
#1593 = ORIENTED_EDGE('',*,*,#1594,.T.);
#1594 = EDGE_CURVE('',#1587,#1595,#1597,.T.);
#1595 = VERTEX_POINT('',#1596);
#1596 = CARTESIAN_POINT('',(17.1704,0.8255,-2.8702));
#1597 = LINE('',#1598,#1599);
#1598 = CARTESIAN_POINT('',(15.8496,0.8255,-2.8702));
#1599 = VECTOR('',#1600,1.);
#1600 = DIRECTION('',(1.,0.,0.));
#1601 = ORIENTED_EDGE('',*,*,#1602,.F.);
#1602 = EDGE_CURVE('',#1603,#1595,#1605,.T.);
#1603 = VERTEX_POINT('',#1604);
#1604 = CARTESIAN_POINT('',(17.1704,0.8255,-2.032));
#1605 = LINE('',#1606,#1607);
#1606 = CARTESIAN_POINT('',(17.1704,0.8255,-2.032));
#1607 = VECTOR('',#1608,1.);
#1608 = DIRECTION('',(0.,0.,-1.));
#1609 = ORIENTED_EDGE('',*,*,#1610,.F.);
#1610 = EDGE_CURVE('',#1585,#1603,#1611,.T.);
#1611 = LINE('',#1612,#1613);
#1612 = CARTESIAN_POINT('',(15.8496,0.8255,-2.032));
#1613 = VECTOR('',#1614,1.);
#1614 = DIRECTION('',(1.,0.,0.));
#1615 = PLANE('',#1616);
#1616 = AXIS2_PLACEMENT_3D('',#1617,#1618,#1619);
#1617 = CARTESIAN_POINT('',(13.1445,0.8255,0.));
#1618 = DIRECTION('',(0.,1.,0.));
#1619 = DIRECTION('',(0.,0.,-1.));
#1620 = ADVANCED_FACE('',(#1621),#1632,.T.);
#1621 = FACE_BOUND('',#1622,.F.);
#1622 = EDGE_LOOP('',(#1623,#1624,#1625,#1631));
#1623 = ORIENTED_EDGE('',*,*,#834,.F.);
#1624 = ORIENTED_EDGE('',*,*,#1283,.F.);
#1625 = ORIENTED_EDGE('',*,*,#1626,.T.);
#1626 = EDGE_CURVE('',#1284,#1551,#1627,.T.);
#1627 = LINE('',#1628,#1629);
#1628 = CARTESIAN_POINT('',(19.8755,0.,-12.7));
#1629 = VECTOR('',#1630,1.);
#1630 = DIRECTION('',(0.,1.,0.));
#1631 = ORIENTED_EDGE('',*,*,#1550,.F.);
#1632 = PLANE('',#1633);
#1633 = AXIS2_PLACEMENT_3D('',#1634,#1635,#1636);
#1634 = CARTESIAN_POINT('',(19.8755,13.462,-1.6002));
#1635 = DIRECTION('',(-1.,0.,0.));
#1636 = DIRECTION('',(0.,0.,1.));
#1637 = ADVANCED_FACE('',(#1638),#1657,.T.);
#1638 = FACE_BOUND('',#1639,.F.);
#1639 = EDGE_LOOP('',(#1640,#1648,#1649,#1650,#1651));
#1640 = ORIENTED_EDGE('',*,*,#1641,.T.);
#1641 = EDGE_CURVE('',#1642,#1104,#1644,.T.);
#1642 = VERTEX_POINT('',#1643);
#1643 = CARTESIAN_POINT('',(-19.8755,11.8618,-12.7));
#1644 = LINE('',#1645,#1646);
#1645 = CARTESIAN_POINT('',(-19.8755,11.8618,-12.7));
#1646 = VECTOR('',#1647,1.);
#1647 = DIRECTION('',(-1.,0.,0.));
#1648 = ORIENTED_EDGE('',*,*,#1103,.T.);
#1649 = ORIENTED_EDGE('',*,*,#1144,.F.);
#1650 = ORIENTED_EDGE('',*,*,#1316,.F.);
#1651 = ORIENTED_EDGE('',*,*,#1652,.T.);
#1652 = EDGE_CURVE('',#1309,#1642,#1653,.T.);
#1653 = LINE('',#1654,#1655);
#1654 = CARTESIAN_POINT('',(-19.8755,0.8255,-12.7));
#1655 = VECTOR('',#1656,1.);
#1656 = DIRECTION('',(0.,1.,0.));
#1657 = PLANE('',#1658);
#1658 = AXIS2_PLACEMENT_3D('',#1659,#1660,#1661);
#1659 = CARTESIAN_POINT('',(21.463,11.8618,-12.7));
#1660 = DIRECTION('',(0.,0.,-1.));
#1661 = DIRECTION('',(0.,-1.,0.));
#1662 = ADVANCED_FACE('',(#1663),#1702,.T.);
#1663 = FACE_BOUND('',#1664,.F.);
#1664 = EDGE_LOOP('',(#1665,#1675,#1681,#1687,#1688,#1696));
#1665 = ORIENTED_EDGE('',*,*,#1666,.T.);
#1666 = EDGE_CURVE('',#1667,#1669,#1671,.T.);
#1667 = VERTEX_POINT('',#1668);
#1668 = CARTESIAN_POINT('',(-11.6205,11.8618,-12.7));
#1669 = VERTEX_POINT('',#1670);
#1670 = CARTESIAN_POINT('',(-13.1445,11.8618,-12.7));
#1671 = LINE('',#1672,#1673);
#1672 = CARTESIAN_POINT('',(-11.6205,11.8618,-12.7));
#1673 = VECTOR('',#1674,1.);
#1674 = DIRECTION('',(-1.,0.,0.));
#1675 = ORIENTED_EDGE('',*,*,#1676,.F.);
#1676 = EDGE_CURVE('',#1332,#1669,#1677,.T.);
#1677 = LINE('',#1678,#1679);
#1678 = CARTESIAN_POINT('',(-13.1445,0.8255,-12.7));
#1679 = VECTOR('',#1680,1.);
#1680 = DIRECTION('',(0.,1.,0.));
#1681 = ORIENTED_EDGE('',*,*,#1682,.T.);
#1682 = EDGE_CURVE('',#1332,#1168,#1683,.T.);
#1683 = LINE('',#1684,#1685);
#1684 = CARTESIAN_POINT('',(-13.1445,0.8255,-12.7));
#1685 = VECTOR('',#1686,1.);
#1686 = DIRECTION('',(0.,-1.,0.));
#1687 = ORIENTED_EDGE('',*,*,#1167,.F.);
#1688 = ORIENTED_EDGE('',*,*,#1689,.T.);
#1689 = EDGE_CURVE('',#1160,#1690,#1692,.T.);
#1690 = VERTEX_POINT('',#1691);
#1691 = CARTESIAN_POINT('',(-11.6205,0.8255,-12.7));
#1692 = LINE('',#1693,#1694);
#1693 = CARTESIAN_POINT('',(-11.6205,0.,-12.7));
#1694 = VECTOR('',#1695,1.);
#1695 = DIRECTION('',(0.,1.,0.));
#1696 = ORIENTED_EDGE('',*,*,#1697,.F.);
#1697 = EDGE_CURVE('',#1667,#1690,#1698,.T.);
#1698 = LINE('',#1699,#1700);
#1699 = CARTESIAN_POINT('',(-11.6205,11.8618,-12.7));
#1700 = VECTOR('',#1701,1.);
#1701 = DIRECTION('',(0.,-1.,0.));
#1702 = PLANE('',#1703);
#1703 = AXIS2_PLACEMENT_3D('',#1704,#1705,#1706);
#1704 = CARTESIAN_POINT('',(21.463,11.8618,-12.7));
#1705 = DIRECTION('',(0.,0.,-1.));
#1706 = DIRECTION('',(0.,-1.,0.));
#1707 = ADVANCED_FACE('',(#1708),#1749,.T.);
#1708 = FACE_BOUND('',#1709,.F.);
#1709 = EDGE_LOOP('',(#1710,#1720,#1728,#1736,#1742,#1743));
#1710 = ORIENTED_EDGE('',*,*,#1711,.F.);
#1711 = EDGE_CURVE('',#1712,#1714,#1716,.T.);
#1712 = VERTEX_POINT('',#1713);
#1713 = CARTESIAN_POINT('',(-3.3655,11.8618,-12.7));
#1714 = VERTEX_POINT('',#1715);
#1715 = CARTESIAN_POINT('',(-3.3655,0.8255,-12.7));
#1716 = LINE('',#1717,#1718);
#1717 = CARTESIAN_POINT('',(-3.3655,11.8618,-12.7));
#1718 = VECTOR('',#1719,1.);
#1719 = DIRECTION('',(0.,-1.,0.));
#1720 = ORIENTED_EDGE('',*,*,#1721,.T.);
#1721 = EDGE_CURVE('',#1712,#1722,#1724,.T.);
#1722 = VERTEX_POINT('',#1723);
#1723 = CARTESIAN_POINT('',(-4.8895,11.8618,-12.7));
#1724 = LINE('',#1725,#1726);
#1725 = CARTESIAN_POINT('',(-3.3655,11.8618,-12.7));
#1726 = VECTOR('',#1727,1.);
#1727 = DIRECTION('',(-1.,0.,0.));
#1728 = ORIENTED_EDGE('',*,*,#1729,.F.);
#1729 = EDGE_CURVE('',#1730,#1722,#1732,.T.);
#1730 = VERTEX_POINT('',#1731);
#1731 = CARTESIAN_POINT('',(-4.8895,0.8255,-12.7));
#1732 = LINE('',#1733,#1734);
#1733 = CARTESIAN_POINT('',(-4.8895,0.8255,-12.7));
#1734 = VECTOR('',#1735,1.);
#1735 = DIRECTION('',(0.,1.,0.));
#1736 = ORIENTED_EDGE('',*,*,#1737,.F.);
#1737 = EDGE_CURVE('',#1199,#1730,#1738,.T.);
#1738 = LINE('',#1739,#1740);
#1739 = CARTESIAN_POINT('',(-4.8895,0.,-12.7));
#1740 = VECTOR('',#1741,1.);
#1741 = DIRECTION('',(0.,1.,0.));
#1742 = ORIENTED_EDGE('',*,*,#1198,.F.);
#1743 = ORIENTED_EDGE('',*,*,#1744,.T.);
#1744 = EDGE_CURVE('',#1191,#1714,#1745,.T.);
#1745 = LINE('',#1746,#1747);
#1746 = CARTESIAN_POINT('',(-3.3655,0.,-12.7));
#1747 = VECTOR('',#1748,1.);
#1748 = DIRECTION('',(0.,1.,0.));
#1749 = PLANE('',#1750);
#1750 = AXIS2_PLACEMENT_3D('',#1751,#1752,#1753);
#1751 = CARTESIAN_POINT('',(21.463,11.8618,-12.7));
#1752 = DIRECTION('',(0.,0.,-1.));
#1753 = DIRECTION('',(0.,-1.,0.));
#1754 = ADVANCED_FACE('',(#1755),#1796,.T.);
#1755 = FACE_BOUND('',#1756,.F.);
#1756 = EDGE_LOOP('',(#1757,#1767,#1775,#1783,#1789,#1790));
#1757 = ORIENTED_EDGE('',*,*,#1758,.F.);
#1758 = EDGE_CURVE('',#1759,#1761,#1763,.T.);
#1759 = VERTEX_POINT('',#1760);
#1760 = CARTESIAN_POINT('',(4.8895,11.8618,-12.7));
#1761 = VERTEX_POINT('',#1762);
#1762 = CARTESIAN_POINT('',(4.8895,0.8255,-12.7));
#1763 = LINE('',#1764,#1765);
#1764 = CARTESIAN_POINT('',(4.8895,11.8618,-12.7));
#1765 = VECTOR('',#1766,1.);
#1766 = DIRECTION('',(0.,-1.,0.));
#1767 = ORIENTED_EDGE('',*,*,#1768,.T.);
#1768 = EDGE_CURVE('',#1759,#1769,#1771,.T.);
#1769 = VERTEX_POINT('',#1770);
#1770 = CARTESIAN_POINT('',(3.3655,11.8618,-12.7));
#1771 = LINE('',#1772,#1773);
#1772 = CARTESIAN_POINT('',(4.8895,11.8618,-12.7));
#1773 = VECTOR('',#1774,1.);
#1774 = DIRECTION('',(-1.,0.,0.));
#1775 = ORIENTED_EDGE('',*,*,#1776,.T.);
#1776 = EDGE_CURVE('',#1769,#1777,#1779,.T.);
#1777 = VERTEX_POINT('',#1778);
#1778 = CARTESIAN_POINT('',(3.3655,0.8255,-12.7));
#1779 = LINE('',#1780,#1781);
#1780 = CARTESIAN_POINT('',(3.3655,11.8618,-12.7));
#1781 = VECTOR('',#1782,1.);
#1782 = DIRECTION('',(0.,-1.,0.));
#1783 = ORIENTED_EDGE('',*,*,#1784,.T.);
#1784 = EDGE_CURVE('',#1777,#1230,#1785,.T.);
#1785 = LINE('',#1786,#1787);
#1786 = CARTESIAN_POINT('',(3.3655,0.8255,-12.7));
#1787 = VECTOR('',#1788,1.);
#1788 = DIRECTION('',(0.,-1.,0.));
#1789 = ORIENTED_EDGE('',*,*,#1229,.F.);
#1790 = ORIENTED_EDGE('',*,*,#1791,.T.);
#1791 = EDGE_CURVE('',#1222,#1761,#1792,.T.);
#1792 = LINE('',#1793,#1794);
#1793 = CARTESIAN_POINT('',(4.8895,0.,-12.7));
#1794 = VECTOR('',#1795,1.);
#1795 = DIRECTION('',(0.,1.,0.));
#1796 = PLANE('',#1797);
#1797 = AXIS2_PLACEMENT_3D('',#1798,#1799,#1800);
#1798 = CARTESIAN_POINT('',(21.463,11.8618,-12.7));
#1799 = DIRECTION('',(0.,0.,-1.));
#1800 = DIRECTION('',(0.,-1.,0.));
#1801 = ADVANCED_FACE('',(#1802),#1821,.T.);
#1802 = FACE_BOUND('',#1803,.F.);
#1803 = EDGE_LOOP('',(#1804,#1812,#1813,#1814,#1815));
#1804 = ORIENTED_EDGE('',*,*,#1805,.T.);
#1805 = EDGE_CURVE('',#1806,#1551,#1808,.T.);
#1806 = VERTEX_POINT('',#1807);
#1807 = CARTESIAN_POINT('',(19.8755,11.8618,-12.7));
#1808 = LINE('',#1809,#1810);
#1809 = CARTESIAN_POINT('',(19.8755,11.8618,-12.7));
#1810 = VECTOR('',#1811,1.);
#1811 = DIRECTION('',(0.,-1.,0.));
#1812 = ORIENTED_EDGE('',*,*,#1626,.F.);
#1813 = ORIENTED_EDGE('',*,*,#1293,.F.);
#1814 = ORIENTED_EDGE('',*,*,#571,.F.);
#1815 = ORIENTED_EDGE('',*,*,#1816,.T.);
#1816 = EDGE_CURVE('',#563,#1806,#1817,.T.);
#1817 = LINE('',#1818,#1819);
#1818 = CARTESIAN_POINT('',(21.463,11.8618,-12.7));
#1819 = VECTOR('',#1820,1.);
#1820 = DIRECTION('',(-1.,0.,0.));
#1821 = PLANE('',#1822);
#1822 = AXIS2_PLACEMENT_3D('',#1823,#1824,#1825);
#1823 = CARTESIAN_POINT('',(21.463,11.8618,-12.7));
#1824 = DIRECTION('',(0.,0.,-1.));
#1825 = DIRECTION('',(0.,-1.,0.));
#1826 = ADVANCED_FACE('',(#1827),#1866,.T.);
#1827 = FACE_BOUND('',#1828,.F.);
#1828 = EDGE_LOOP('',(#1829,#1837,#1845,#1853,#1859,#1860));
#1829 = ORIENTED_EDGE('',*,*,#1830,.F.);
#1830 = EDGE_CURVE('',#1831,#1559,#1833,.T.);
#1831 = VERTEX_POINT('',#1832);
#1832 = CARTESIAN_POINT('',(13.1445,11.8618,-12.7));
#1833 = LINE('',#1834,#1835);
#1834 = CARTESIAN_POINT('',(13.1445,11.8618,-12.7));
#1835 = VECTOR('',#1836,1.);
#1836 = DIRECTION('',(0.,-1.,0.));
#1837 = ORIENTED_EDGE('',*,*,#1838,.T.);
#1838 = EDGE_CURVE('',#1831,#1839,#1841,.T.);
#1839 = VERTEX_POINT('',#1840);
#1840 = CARTESIAN_POINT('',(11.6205,11.8618,-12.7));
#1841 = LINE('',#1842,#1843);
#1842 = CARTESIAN_POINT('',(13.1445,11.8618,-12.7));
#1843 = VECTOR('',#1844,1.);
#1844 = DIRECTION('',(-1.,0.,0.));
#1845 = ORIENTED_EDGE('',*,*,#1846,.T.);
#1846 = EDGE_CURVE('',#1839,#1847,#1849,.T.);
#1847 = VERTEX_POINT('',#1848);
#1848 = CARTESIAN_POINT('',(11.6205,0.8255,-12.7));
#1849 = LINE('',#1850,#1851);
#1850 = CARTESIAN_POINT('',(11.6205,11.8618,-12.7));
#1851 = VECTOR('',#1852,1.);
#1852 = DIRECTION('',(0.,-1.,0.));
#1853 = ORIENTED_EDGE('',*,*,#1854,.F.);
#1854 = EDGE_CURVE('',#1261,#1847,#1855,.T.);
#1855 = LINE('',#1856,#1857);
#1856 = CARTESIAN_POINT('',(11.6205,0.,-12.7));
#1857 = VECTOR('',#1858,1.);
#1858 = DIRECTION('',(0.,1.,0.));
#1859 = ORIENTED_EDGE('',*,*,#1260,.F.);
#1860 = ORIENTED_EDGE('',*,*,#1861,.T.);
#1861 = EDGE_CURVE('',#1253,#1559,#1862,.T.);
#1862 = LINE('',#1863,#1864);
#1863 = CARTESIAN_POINT('',(13.1445,0.,-12.7));
#1864 = VECTOR('',#1865,1.);
#1865 = DIRECTION('',(0.,1.,0.));
#1866 = PLANE('',#1867);
#1867 = AXIS2_PLACEMENT_3D('',#1868,#1869,#1870);
#1868 = CARTESIAN_POINT('',(21.463,11.8618,-12.7));
#1869 = DIRECTION('',(0.,0.,-1.));
#1870 = DIRECTION('',(0.,-1.,0.));
#1871 = ADVANCED_FACE('',(#1872),#1891,.T.);
#1872 = FACE_BOUND('',#1873,.T.);
#1873 = EDGE_LOOP('',(#1874,#1883,#1884,#1885));
#1874 = ORIENTED_EDGE('',*,*,#1875,.F.);
#1875 = EDGE_CURVE('',#1642,#1876,#1878,.T.);
#1876 = VERTEX_POINT('',#1877);
#1877 = CARTESIAN_POINT('',(-19.8755,13.462,-11.0998));
#1878 = CIRCLE('',#1879,1.6002);
#1879 = AXIS2_PLACEMENT_3D('',#1880,#1881,#1882);
#1880 = CARTESIAN_POINT('',(-19.8755,11.8618,-11.0998));
#1881 = DIRECTION('',(1.,0.,0.));
#1882 = DIRECTION('',(0.,0.,-1.));
#1883 = ORIENTED_EDGE('',*,*,#1641,.T.);
#1884 = ORIENTED_EDGE('',*,*,#1111,.F.);
#1885 = ORIENTED_EDGE('',*,*,#1886,.F.);
#1886 = EDGE_CURVE('',#1876,#1112,#1887,.T.);
#1887 = LINE('',#1888,#1889);
#1888 = CARTESIAN_POINT('',(-19.8755,13.462,-11.0998));
#1889 = VECTOR('',#1890,1.);
#1890 = DIRECTION('',(-1.,0.,0.));
#1891 = CYLINDRICAL_SURFACE('',#1892,1.6002);
#1892 = AXIS2_PLACEMENT_3D('',#1893,#1894,#1895);
#1893 = CARTESIAN_POINT('',(21.463,11.8618,-11.0998));
#1894 = DIRECTION('',(-1.,0.,0.));
#1895 = DIRECTION('',(0.,0.,1.));
#1896 = ADVANCED_FACE('',(#1897),#1924,.T.);
#1897 = FACE_BOUND('',#1898,.T.);
#1898 = EDGE_LOOP('',(#1899,#1908,#1909,#1918));
#1899 = ORIENTED_EDGE('',*,*,#1900,.T.);
#1900 = EDGE_CURVE('',#1901,#1667,#1903,.T.);
#1901 = VERTEX_POINT('',#1902);
#1902 = CARTESIAN_POINT('',(-11.6205,13.462,-11.0998));
#1903 = CIRCLE('',#1904,1.6002);
#1904 = AXIS2_PLACEMENT_3D('',#1905,#1906,#1907);
#1905 = CARTESIAN_POINT('',(-11.6205,11.8618,-11.0998));
#1906 = DIRECTION('',(-1.,0.,0.));
#1907 = DIRECTION('',(0.,1.,0.));
#1908 = ORIENTED_EDGE('',*,*,#1666,.T.);
#1909 = ORIENTED_EDGE('',*,*,#1910,.T.);
#1910 = EDGE_CURVE('',#1669,#1911,#1913,.T.);
#1911 = VERTEX_POINT('',#1912);
#1912 = CARTESIAN_POINT('',(-13.1445,13.462,-11.0998));
#1913 = CIRCLE('',#1914,1.6002);
#1914 = AXIS2_PLACEMENT_3D('',#1915,#1916,#1917);
#1915 = CARTESIAN_POINT('',(-13.1445,11.8618,-11.0998));
#1916 = DIRECTION('',(1.,0.,0.));
#1917 = DIRECTION('',(0.,0.,-1.));
#1918 = ORIENTED_EDGE('',*,*,#1919,.F.);
#1919 = EDGE_CURVE('',#1901,#1911,#1920,.T.);
#1920 = LINE('',#1921,#1922);
#1921 = CARTESIAN_POINT('',(-11.6205,13.462,-11.0998));
#1922 = VECTOR('',#1923,1.);
#1923 = DIRECTION('',(-1.,0.,0.));
#1924 = CYLINDRICAL_SURFACE('',#1925,1.6002);
#1925 = AXIS2_PLACEMENT_3D('',#1926,#1927,#1928);
#1926 = CARTESIAN_POINT('',(21.463,11.8618,-11.0998));
#1927 = DIRECTION('',(-1.,0.,0.));
#1928 = DIRECTION('',(0.,0.,1.));
#1929 = ADVANCED_FACE('',(#1930),#1957,.T.);
#1930 = FACE_BOUND('',#1931,.T.);
#1931 = EDGE_LOOP('',(#1932,#1933,#1942,#1950));
#1932 = ORIENTED_EDGE('',*,*,#1721,.T.);
#1933 = ORIENTED_EDGE('',*,*,#1934,.T.);
#1934 = EDGE_CURVE('',#1722,#1935,#1937,.T.);
#1935 = VERTEX_POINT('',#1936);
#1936 = CARTESIAN_POINT('',(-4.8895,13.462,-11.0998));
#1937 = CIRCLE('',#1938,1.6002);
#1938 = AXIS2_PLACEMENT_3D('',#1939,#1940,#1941);
#1939 = CARTESIAN_POINT('',(-4.8895,11.8618,-11.0998));
#1940 = DIRECTION('',(1.,0.,0.));
#1941 = DIRECTION('',(0.,0.,-1.));
#1942 = ORIENTED_EDGE('',*,*,#1943,.F.);
#1943 = EDGE_CURVE('',#1944,#1935,#1946,.T.);
#1944 = VERTEX_POINT('',#1945);
#1945 = CARTESIAN_POINT('',(-3.3655,13.462,-11.0998));
#1946 = LINE('',#1947,#1948);
#1947 = CARTESIAN_POINT('',(-3.3655,13.462,-11.0998));
#1948 = VECTOR('',#1949,1.);
#1949 = DIRECTION('',(-1.,0.,0.));
#1950 = ORIENTED_EDGE('',*,*,#1951,.T.);
#1951 = EDGE_CURVE('',#1944,#1712,#1952,.T.);
#1952 = CIRCLE('',#1953,1.6002);
#1953 = AXIS2_PLACEMENT_3D('',#1954,#1955,#1956);
#1954 = CARTESIAN_POINT('',(-3.3655,11.8618,-11.0998));
#1955 = DIRECTION('',(-1.,0.,0.));
#1956 = DIRECTION('',(0.,1.,0.));
#1957 = CYLINDRICAL_SURFACE('',#1958,1.6002);
#1958 = AXIS2_PLACEMENT_3D('',#1959,#1960,#1961);
#1959 = CARTESIAN_POINT('',(21.463,11.8618,-11.0998));
#1960 = DIRECTION('',(-1.,0.,0.));
#1961 = DIRECTION('',(0.,0.,1.));
#1962 = ADVANCED_FACE('',(#1963),#1990,.T.);
#1963 = FACE_BOUND('',#1964,.T.);
#1964 = EDGE_LOOP('',(#1965,#1966,#1975,#1983));
#1965 = ORIENTED_EDGE('',*,*,#1768,.T.);
#1966 = ORIENTED_EDGE('',*,*,#1967,.F.);
#1967 = EDGE_CURVE('',#1968,#1769,#1970,.T.);
#1968 = VERTEX_POINT('',#1969);
#1969 = CARTESIAN_POINT('',(3.3655,13.462,-11.0998));
#1970 = CIRCLE('',#1971,1.6002);
#1971 = AXIS2_PLACEMENT_3D('',#1972,#1973,#1974);
#1972 = CARTESIAN_POINT('',(3.3655,11.8618,-11.0998));
#1973 = DIRECTION('',(-1.,0.,0.));
#1974 = DIRECTION('',(0.,1.,0.));
#1975 = ORIENTED_EDGE('',*,*,#1976,.F.);
#1976 = EDGE_CURVE('',#1977,#1968,#1979,.T.);
#1977 = VERTEX_POINT('',#1978);
#1978 = CARTESIAN_POINT('',(4.8895,13.462,-11.0998));
#1979 = LINE('',#1980,#1981);
#1980 = CARTESIAN_POINT('',(4.8895,13.462,-11.0998));
#1981 = VECTOR('',#1982,1.);
#1982 = DIRECTION('',(-1.,0.,0.));
#1983 = ORIENTED_EDGE('',*,*,#1984,.T.);
#1984 = EDGE_CURVE('',#1977,#1759,#1985,.T.);
#1985 = CIRCLE('',#1986,1.6002);
#1986 = AXIS2_PLACEMENT_3D('',#1987,#1988,#1989);
#1987 = CARTESIAN_POINT('',(4.8895,11.8618,-11.0998));
#1988 = DIRECTION('',(-1.,0.,0.));
#1989 = DIRECTION('',(0.,1.,0.));
#1990 = CYLINDRICAL_SURFACE('',#1991,1.6002);
#1991 = AXIS2_PLACEMENT_3D('',#1992,#1993,#1994);
#1992 = CARTESIAN_POINT('',(21.463,11.8618,-11.0998));
#1993 = DIRECTION('',(-1.,0.,0.));
#1994 = DIRECTION('',(0.,0.,1.));
#1995 = ADVANCED_FACE('',(#1996),#2015,.T.);
#1996 = FACE_BOUND('',#1997,.T.);
#1997 = EDGE_LOOP('',(#1998,#2006,#2007,#2008));
#1998 = ORIENTED_EDGE('',*,*,#1999,.F.);
#1999 = EDGE_CURVE('',#555,#2000,#2002,.T.);
#2000 = VERTEX_POINT('',#2001);
#2001 = CARTESIAN_POINT('',(19.8755,13.462,-11.0998));
#2002 = LINE('',#2003,#2004);
#2003 = CARTESIAN_POINT('',(21.463,13.462,-11.0998));
#2004 = VECTOR('',#2005,1.);
#2005 = DIRECTION('',(-1.,0.,0.));
#2006 = ORIENTED_EDGE('',*,*,#562,.T.);
#2007 = ORIENTED_EDGE('',*,*,#1816,.T.);
#2008 = ORIENTED_EDGE('',*,*,#2009,.F.);
#2009 = EDGE_CURVE('',#2000,#1806,#2010,.T.);
#2010 = CIRCLE('',#2011,1.6002);
#2011 = AXIS2_PLACEMENT_3D('',#2012,#2013,#2014);
#2012 = CARTESIAN_POINT('',(19.8755,11.8618,-11.0998));
#2013 = DIRECTION('',(-1.,0.,0.));
#2014 = DIRECTION('',(0.,1.,0.));
#2015 = CYLINDRICAL_SURFACE('',#2016,1.6002);
#2016 = AXIS2_PLACEMENT_3D('',#2017,#2018,#2019);
#2017 = CARTESIAN_POINT('',(21.463,11.8618,-11.0998));
#2018 = DIRECTION('',(-1.,0.,0.));
#2019 = DIRECTION('',(0.,0.,1.));
#2020 = ADVANCED_FACE('',(#2021),#2048,.T.);
#2021 = FACE_BOUND('',#2022,.T.);
#2022 = EDGE_LOOP('',(#2023,#2024,#2033,#2041));
#2023 = ORIENTED_EDGE('',*,*,#1838,.T.);
#2024 = ORIENTED_EDGE('',*,*,#2025,.F.);
#2025 = EDGE_CURVE('',#2026,#1839,#2028,.T.);
#2026 = VERTEX_POINT('',#2027);
#2027 = CARTESIAN_POINT('',(11.6205,13.462,-11.0998));
#2028 = CIRCLE('',#2029,1.6002);
#2029 = AXIS2_PLACEMENT_3D('',#2030,#2031,#2032);
#2030 = CARTESIAN_POINT('',(11.6205,11.8618,-11.0998));
#2031 = DIRECTION('',(-1.,0.,0.));
#2032 = DIRECTION('',(0.,1.,0.));
#2033 = ORIENTED_EDGE('',*,*,#2034,.F.);
#2034 = EDGE_CURVE('',#2035,#2026,#2037,.T.);
#2035 = VERTEX_POINT('',#2036);
#2036 = CARTESIAN_POINT('',(13.1445,13.462,-11.0998));
#2037 = LINE('',#2038,#2039);
#2038 = CARTESIAN_POINT('',(13.1445,13.462,-11.0998));
#2039 = VECTOR('',#2040,1.);
#2040 = DIRECTION('',(-1.,0.,0.));
#2041 = ORIENTED_EDGE('',*,*,#2042,.T.);
#2042 = EDGE_CURVE('',#2035,#1831,#2043,.T.);
#2043 = CIRCLE('',#2044,1.6002);
#2044 = AXIS2_PLACEMENT_3D('',#2045,#2046,#2047);
#2045 = CARTESIAN_POINT('',(13.1445,11.8618,-11.0998));
#2046 = DIRECTION('',(-1.,0.,0.));
#2047 = DIRECTION('',(0.,1.,0.));
#2048 = CYLINDRICAL_SURFACE('',#2049,1.6002);
#2049 = AXIS2_PLACEMENT_3D('',#2050,#2051,#2052);
#2050 = CARTESIAN_POINT('',(21.463,11.8618,-11.0998));
#2051 = DIRECTION('',(-1.,0.,0.));
#2052 = DIRECTION('',(0.,0.,1.));
#2053 = ADVANCED_FACE('',(#2054),#2097,.T.);
#2054 = FACE_BOUND('',#2055,.F.);
#2055 = EDGE_LOOP('',(#2056,#2066,#2072,#2073,#2074,#2075,#2083,#2091));
#2056 = ORIENTED_EDGE('',*,*,#2057,.T.);
#2057 = EDGE_CURVE('',#2058,#2060,#2062,.T.);
#2058 = VERTEX_POINT('',#2059);
#2059 = CARTESIAN_POINT('',(-20.1803,13.462,-4.81965));
#2060 = VERTEX_POINT('',#2061);
#2061 = CARTESIAN_POINT('',(-19.8755,13.462,-4.51485));
#2062 = LINE('',#2063,#2064);
#2063 = CARTESIAN_POINT('',(-20.1803,13.462,-4.81965));
#2064 = VECTOR('',#2065,1.);
#2065 = DIRECTION('',(0.707106781187,0.,0.707106781187));
#2066 = ORIENTED_EDGE('',*,*,#2067,.T.);
#2067 = EDGE_CURVE('',#2060,#905,#2068,.T.);
#2068 = LINE('',#2069,#2070);
#2069 = CARTESIAN_POINT('',(-19.8755,13.462,-4.51485));
#2070 = VECTOR('',#2071,1.);
#2071 = DIRECTION('',(0.,0.,1.));
#2072 = ORIENTED_EDGE('',*,*,#913,.T.);
#2073 = ORIENTED_EDGE('',*,*,#1120,.T.);
#2074 = ORIENTED_EDGE('',*,*,#1886,.F.);
#2075 = ORIENTED_EDGE('',*,*,#2076,.T.);
#2076 = EDGE_CURVE('',#1876,#2077,#2079,.T.);
#2077 = VERTEX_POINT('',#2078);
#2078 = CARTESIAN_POINT('',(-19.8755,13.462,-8.18515));
#2079 = LINE('',#2080,#2081);
#2080 = CARTESIAN_POINT('',(-19.8755,13.462,-11.0998));
#2081 = VECTOR('',#2082,1.);
#2082 = DIRECTION('',(0.,0.,1.));
#2083 = ORIENTED_EDGE('',*,*,#2084,.T.);
#2084 = EDGE_CURVE('',#2077,#2085,#2087,.T.);
#2085 = VERTEX_POINT('',#2086);
#2086 = CARTESIAN_POINT('',(-20.1803,13.462,-7.88035));
#2087 = LINE('',#2088,#2089);
#2088 = CARTESIAN_POINT('',(-19.8755,13.462,-8.18515));
#2089 = VECTOR('',#2090,1.);
#2090 = DIRECTION('',(-0.707106781187,0.,0.707106781187));
#2091 = ORIENTED_EDGE('',*,*,#2092,.T.);
#2092 = EDGE_CURVE('',#2085,#2058,#2093,.T.);
#2093 = LINE('',#2094,#2095);
#2094 = CARTESIAN_POINT('',(-20.1803,13.462,-7.88035));
#2095 = VECTOR('',#2096,1.);
#2096 = DIRECTION('',(0.,0.,1.));
#2097 = PLANE('',#2098);
#2098 = AXIS2_PLACEMENT_3D('',#2099,#2100,#2101);
#2099 = CARTESIAN_POINT('',(21.463,13.462,-1.6002));
#2100 = DIRECTION('',(0.,1.,0.));
#2101 = DIRECTION('',(0.,0.,-1.));
#2102 = ADVANCED_FACE('',(#2103),#2183,.T.);
#2103 = FACE_BOUND('',#2104,.F.);
#2104 = EDGE_LOOP('',(#2105,#2115,#2121,#2122,#2130,#2138,#2146,#2154,
    #2160,#2161,#2169,#2177));
#2105 = ORIENTED_EDGE('',*,*,#2106,.T.);
#2106 = EDGE_CURVE('',#2107,#2109,#2111,.T.);
#2107 = VERTEX_POINT('',#2108);
#2108 = CARTESIAN_POINT('',(-11.9253,13.462,-4.81965));
#2109 = VERTEX_POINT('',#2110);
#2110 = CARTESIAN_POINT('',(-11.6205,13.462,-4.51485));
#2111 = LINE('',#2112,#2113);
#2112 = CARTESIAN_POINT('',(-11.9253,13.462,-4.81965));
#2113 = VECTOR('',#2114,1.);
#2114 = DIRECTION('',(0.707106781187,0.,0.707106781187));
#2115 = ORIENTED_EDGE('',*,*,#2116,.F.);
#2116 = EDGE_CURVE('',#938,#2109,#2117,.T.);
#2117 = LINE('',#2118,#2119);
#2118 = CARTESIAN_POINT('',(-11.6205,13.462,-1.6002));
#2119 = VECTOR('',#2120,1.);
#2120 = DIRECTION('',(0.,0.,-1.));
#2121 = ORIENTED_EDGE('',*,*,#946,.T.);
#2122 = ORIENTED_EDGE('',*,*,#2123,.F.);
#2123 = EDGE_CURVE('',#2124,#947,#2126,.T.);
#2124 = VERTEX_POINT('',#2125);
#2125 = CARTESIAN_POINT('',(-13.1445,13.462,-4.51485));
#2126 = LINE('',#2127,#2128);
#2127 = CARTESIAN_POINT('',(-13.1445,13.462,-4.51485));
#2128 = VECTOR('',#2129,1.);
#2129 = DIRECTION('',(0.,0.,1.));
#2130 = ORIENTED_EDGE('',*,*,#2131,.T.);
#2131 = EDGE_CURVE('',#2124,#2132,#2134,.T.);
#2132 = VERTEX_POINT('',#2133);
#2133 = CARTESIAN_POINT('',(-12.8397,13.462,-4.81965));
#2134 = LINE('',#2135,#2136);
#2135 = CARTESIAN_POINT('',(-13.1445,13.462,-4.51485));
#2136 = VECTOR('',#2137,1.);
#2137 = DIRECTION('',(0.707106781187,0.,-0.707106781187));
#2138 = ORIENTED_EDGE('',*,*,#2139,.T.);
#2139 = EDGE_CURVE('',#2132,#2140,#2142,.T.);
#2140 = VERTEX_POINT('',#2141);
#2141 = CARTESIAN_POINT('',(-12.8397,13.462,-7.88035));
#2142 = LINE('',#2143,#2144);
#2143 = CARTESIAN_POINT('',(-12.8397,13.462,-4.81965));
#2144 = VECTOR('',#2145,1.);
#2145 = DIRECTION('',(0.,0.,-1.));
#2146 = ORIENTED_EDGE('',*,*,#2147,.T.);
#2147 = EDGE_CURVE('',#2140,#2148,#2150,.T.);
#2148 = VERTEX_POINT('',#2149);
#2149 = CARTESIAN_POINT('',(-13.1445,13.462,-8.18515));
#2150 = LINE('',#2151,#2152);
#2151 = CARTESIAN_POINT('',(-12.8397,13.462,-7.88035));
#2152 = VECTOR('',#2153,1.);
#2153 = DIRECTION('',(-0.707106781187,0.,-0.707106781187));
#2154 = ORIENTED_EDGE('',*,*,#2155,.F.);
#2155 = EDGE_CURVE('',#1911,#2148,#2156,.T.);
#2156 = LINE('',#2157,#2158);
#2157 = CARTESIAN_POINT('',(-13.1445,13.462,-11.0998));
#2158 = VECTOR('',#2159,1.);
#2159 = DIRECTION('',(0.,0.,1.));
#2160 = ORIENTED_EDGE('',*,*,#1919,.F.);
#2161 = ORIENTED_EDGE('',*,*,#2162,.F.);
#2162 = EDGE_CURVE('',#2163,#1901,#2165,.T.);
#2163 = VERTEX_POINT('',#2164);
#2164 = CARTESIAN_POINT('',(-11.6205,13.462,-8.18515));
#2165 = LINE('',#2166,#2167);
#2166 = CARTESIAN_POINT('',(-11.6205,13.462,-8.18515));
#2167 = VECTOR('',#2168,1.);
#2168 = DIRECTION('',(0.,0.,-1.));
#2169 = ORIENTED_EDGE('',*,*,#2170,.T.);
#2170 = EDGE_CURVE('',#2163,#2171,#2173,.T.);
#2171 = VERTEX_POINT('',#2172);
#2172 = CARTESIAN_POINT('',(-11.9253,13.462,-7.88035));
#2173 = LINE('',#2174,#2175);
#2174 = CARTESIAN_POINT('',(-11.6205,13.462,-8.18515));
#2175 = VECTOR('',#2176,1.);
#2176 = DIRECTION('',(-0.707106781187,0.,0.707106781186));
#2177 = ORIENTED_EDGE('',*,*,#2178,.T.);
#2178 = EDGE_CURVE('',#2171,#2107,#2179,.T.);
#2179 = LINE('',#2180,#2181);
#2180 = CARTESIAN_POINT('',(-11.9253,13.462,-7.88035));
#2181 = VECTOR('',#2182,1.);
#2182 = DIRECTION('',(0.,0.,1.));
#2183 = PLANE('',#2184);
#2184 = AXIS2_PLACEMENT_3D('',#2185,#2186,#2187);
#2185 = CARTESIAN_POINT('',(21.463,13.462,-1.6002));
#2186 = DIRECTION('',(0.,1.,0.));
#2187 = DIRECTION('',(0.,0.,-1.));
#2188 = ADVANCED_FACE('',(#2189),#2269,.T.);
#2189 = FACE_BOUND('',#2190,.F.);
#2190 = EDGE_LOOP('',(#2191,#2201,#2207,#2208,#2216,#2224,#2232,#2240,
    #2246,#2247,#2255,#2263));
#2191 = ORIENTED_EDGE('',*,*,#2192,.F.);
#2192 = EDGE_CURVE('',#2193,#2195,#2197,.T.);
#2193 = VERTEX_POINT('',#2194);
#2194 = CARTESIAN_POINT('',(-3.3655,13.462,-4.51485));
#2195 = VERTEX_POINT('',#2196);
#2196 = CARTESIAN_POINT('',(-3.6703,13.462,-4.81965));
#2197 = LINE('',#2198,#2199);
#2198 = CARTESIAN_POINT('',(-3.3655,13.462,-4.51485));
#2199 = VECTOR('',#2200,1.);
#2200 = DIRECTION('',(-0.707106781187,0.,-0.707106781187));
#2201 = ORIENTED_EDGE('',*,*,#2202,.F.);
#2202 = EDGE_CURVE('',#971,#2193,#2203,.T.);
#2203 = LINE('',#2204,#2205);
#2204 = CARTESIAN_POINT('',(-3.3655,13.462,-1.6002));
#2205 = VECTOR('',#2206,1.);
#2206 = DIRECTION('',(0.,0.,-1.));
#2207 = ORIENTED_EDGE('',*,*,#970,.T.);
#2208 = ORIENTED_EDGE('',*,*,#2209,.F.);
#2209 = EDGE_CURVE('',#2210,#973,#2212,.T.);
#2210 = VERTEX_POINT('',#2211);
#2211 = CARTESIAN_POINT('',(-4.8895,13.462,-4.51485));
#2212 = LINE('',#2213,#2214);
#2213 = CARTESIAN_POINT('',(-4.8895,13.462,-4.51485));
#2214 = VECTOR('',#2215,1.);
#2215 = DIRECTION('',(0.,0.,1.));
#2216 = ORIENTED_EDGE('',*,*,#2217,.T.);
#2217 = EDGE_CURVE('',#2210,#2218,#2220,.T.);
#2218 = VERTEX_POINT('',#2219);
#2219 = CARTESIAN_POINT('',(-4.5847,13.462,-4.81965));
#2220 = LINE('',#2221,#2222);
#2221 = CARTESIAN_POINT('',(-4.8895,13.462,-4.51485));
#2222 = VECTOR('',#2223,1.);
#2223 = DIRECTION('',(0.707106781187,0.,-0.707106781187));
#2224 = ORIENTED_EDGE('',*,*,#2225,.T.);
#2225 = EDGE_CURVE('',#2218,#2226,#2228,.T.);
#2226 = VERTEX_POINT('',#2227);
#2227 = CARTESIAN_POINT('',(-4.5847,13.462,-7.88035));
#2228 = LINE('',#2229,#2230);
#2229 = CARTESIAN_POINT('',(-4.5847,13.462,-4.81965));
#2230 = VECTOR('',#2231,1.);
#2231 = DIRECTION('',(0.,0.,-1.));
#2232 = ORIENTED_EDGE('',*,*,#2233,.T.);
#2233 = EDGE_CURVE('',#2226,#2234,#2236,.T.);
#2234 = VERTEX_POINT('',#2235);
#2235 = CARTESIAN_POINT('',(-4.8895,13.462,-8.18515));
#2236 = LINE('',#2237,#2238);
#2237 = CARTESIAN_POINT('',(-4.5847,13.462,-7.88035));
#2238 = VECTOR('',#2239,1.);
#2239 = DIRECTION('',(-0.707106781187,0.,-0.707106781187));
#2240 = ORIENTED_EDGE('',*,*,#2241,.F.);
#2241 = EDGE_CURVE('',#1935,#2234,#2242,.T.);
#2242 = LINE('',#2243,#2244);
#2243 = CARTESIAN_POINT('',(-4.8895,13.462,-11.0998));
#2244 = VECTOR('',#2245,1.);
#2245 = DIRECTION('',(0.,0.,1.));
#2246 = ORIENTED_EDGE('',*,*,#1943,.F.);
#2247 = ORIENTED_EDGE('',*,*,#2248,.F.);
#2248 = EDGE_CURVE('',#2249,#1944,#2251,.T.);
#2249 = VERTEX_POINT('',#2250);
#2250 = CARTESIAN_POINT('',(-3.3655,13.462,-8.18515));
#2251 = LINE('',#2252,#2253);
#2252 = CARTESIAN_POINT('',(-3.3655,13.462,-8.18515));
#2253 = VECTOR('',#2254,1.);
#2254 = DIRECTION('',(0.,0.,-1.));
#2255 = ORIENTED_EDGE('',*,*,#2256,.F.);
#2256 = EDGE_CURVE('',#2257,#2249,#2259,.T.);
#2257 = VERTEX_POINT('',#2258);
#2258 = CARTESIAN_POINT('',(-3.6703,13.462,-7.88035));
#2259 = LINE('',#2260,#2261);
#2260 = CARTESIAN_POINT('',(-3.6703,13.462,-7.88035));
#2261 = VECTOR('',#2262,1.);
#2262 = DIRECTION('',(0.707106781187,0.,-0.707106781187));
#2263 = ORIENTED_EDGE('',*,*,#2264,.F.);
#2264 = EDGE_CURVE('',#2195,#2257,#2265,.T.);
#2265 = LINE('',#2266,#2267);
#2266 = CARTESIAN_POINT('',(-3.6703,13.462,-4.81965));
#2267 = VECTOR('',#2268,1.);
#2268 = DIRECTION('',(0.,0.,-1.));
#2269 = PLANE('',#2270);
#2270 = AXIS2_PLACEMENT_3D('',#2271,#2272,#2273);
#2271 = CARTESIAN_POINT('',(21.463,13.462,-1.6002));
#2272 = DIRECTION('',(0.,1.,0.));
#2273 = DIRECTION('',(0.,0.,-1.));
#2274 = ADVANCED_FACE('',(#2275),#2355,.T.);
#2275 = FACE_BOUND('',#2276,.F.);
#2276 = EDGE_LOOP('',(#2277,#2287,#2293,#2294,#2302,#2310,#2318,#2326,
    #2332,#2333,#2341,#2349));
#2277 = ORIENTED_EDGE('',*,*,#2278,.F.);
#2278 = EDGE_CURVE('',#2279,#2281,#2283,.T.);
#2279 = VERTEX_POINT('',#2280);
#2280 = CARTESIAN_POINT('',(4.8895,13.462,-4.51485));
#2281 = VERTEX_POINT('',#2282);
#2282 = CARTESIAN_POINT('',(4.5847,13.462,-4.81965));
#2283 = LINE('',#2284,#2285);
#2284 = CARTESIAN_POINT('',(4.8895,13.462,-4.51485));
#2285 = VECTOR('',#2286,1.);
#2286 = DIRECTION('',(-0.707106781187,0.,-0.707106781187));
#2287 = ORIENTED_EDGE('',*,*,#2288,.F.);
#2288 = EDGE_CURVE('',#1004,#2279,#2289,.T.);
#2289 = LINE('',#2290,#2291);
#2290 = CARTESIAN_POINT('',(4.8895,13.462,-1.6002));
#2291 = VECTOR('',#2292,1.);
#2292 = DIRECTION('',(0.,0.,-1.));
#2293 = ORIENTED_EDGE('',*,*,#1003,.T.);
#2294 = ORIENTED_EDGE('',*,*,#2295,.T.);
#2295 = EDGE_CURVE('',#1006,#2296,#2298,.T.);
#2296 = VERTEX_POINT('',#2297);
#2297 = CARTESIAN_POINT('',(3.3655,13.462,-4.51485));
#2298 = LINE('',#2299,#2300);
#2299 = CARTESIAN_POINT('',(3.3655,13.462,-1.6002));
#2300 = VECTOR('',#2301,1.);
#2301 = DIRECTION('',(0.,0.,-1.));
#2302 = ORIENTED_EDGE('',*,*,#2303,.F.);
#2303 = EDGE_CURVE('',#2304,#2296,#2306,.T.);
#2304 = VERTEX_POINT('',#2305);
#2305 = CARTESIAN_POINT('',(3.6703,13.462,-4.81965));
#2306 = LINE('',#2307,#2308);
#2307 = CARTESIAN_POINT('',(3.6703,13.462,-4.81965));
#2308 = VECTOR('',#2309,1.);
#2309 = DIRECTION('',(-0.707106781186,0.,0.707106781187));
#2310 = ORIENTED_EDGE('',*,*,#2311,.F.);
#2311 = EDGE_CURVE('',#2312,#2304,#2314,.T.);
#2312 = VERTEX_POINT('',#2313);
#2313 = CARTESIAN_POINT('',(3.6703,13.462,-7.88035));
#2314 = LINE('',#2315,#2316);
#2315 = CARTESIAN_POINT('',(3.6703,13.462,-7.88035));
#2316 = VECTOR('',#2317,1.);
#2317 = DIRECTION('',(0.,0.,1.));
#2318 = ORIENTED_EDGE('',*,*,#2319,.F.);
#2319 = EDGE_CURVE('',#2320,#2312,#2322,.T.);
#2320 = VERTEX_POINT('',#2321);
#2321 = CARTESIAN_POINT('',(3.3655,13.462,-8.18515));
#2322 = LINE('',#2323,#2324);
#2323 = CARTESIAN_POINT('',(3.3655,13.462,-8.18515));
#2324 = VECTOR('',#2325,1.);
#2325 = DIRECTION('',(0.707106781187,0.,0.707106781187));
#2326 = ORIENTED_EDGE('',*,*,#2327,.T.);
#2327 = EDGE_CURVE('',#2320,#1968,#2328,.T.);
#2328 = LINE('',#2329,#2330);
#2329 = CARTESIAN_POINT('',(3.3655,13.462,-8.18515));
#2330 = VECTOR('',#2331,1.);
#2331 = DIRECTION('',(0.,0.,-1.));
#2332 = ORIENTED_EDGE('',*,*,#1976,.F.);
#2333 = ORIENTED_EDGE('',*,*,#2334,.F.);
#2334 = EDGE_CURVE('',#2335,#1977,#2337,.T.);
#2335 = VERTEX_POINT('',#2336);
#2336 = CARTESIAN_POINT('',(4.8895,13.462,-8.18515));
#2337 = LINE('',#2338,#2339);
#2338 = CARTESIAN_POINT('',(4.8895,13.462,-8.18515));
#2339 = VECTOR('',#2340,1.);
#2340 = DIRECTION('',(0.,0.,-1.));
#2341 = ORIENTED_EDGE('',*,*,#2342,.F.);
#2342 = EDGE_CURVE('',#2343,#2335,#2345,.T.);
#2343 = VERTEX_POINT('',#2344);
#2344 = CARTESIAN_POINT('',(4.5847,13.462,-7.88035));
#2345 = LINE('',#2346,#2347);
#2346 = CARTESIAN_POINT('',(4.5847,13.462,-7.88035));
#2347 = VECTOR('',#2348,1.);
#2348 = DIRECTION('',(0.707106781187,0.,-0.707106781187));
#2349 = ORIENTED_EDGE('',*,*,#2350,.F.);
#2350 = EDGE_CURVE('',#2281,#2343,#2351,.T.);
#2351 = LINE('',#2352,#2353);
#2352 = CARTESIAN_POINT('',(4.5847,13.462,-4.81965));
#2353 = VECTOR('',#2354,1.);
#2354 = DIRECTION('',(0.,0.,-1.));
#2355 = PLANE('',#2356);
#2356 = AXIS2_PLACEMENT_3D('',#2357,#2358,#2359);
#2357 = CARTESIAN_POINT('',(21.463,13.462,-1.6002));
#2358 = DIRECTION('',(0.,1.,0.));
#2359 = DIRECTION('',(0.,0.,-1.));
#2360 = ADVANCED_FACE('',(#2361),#2441,.T.);
#2361 = FACE_BOUND('',#2362,.F.);
#2362 = EDGE_LOOP('',(#2363,#2373,#2379,#2380,#2388,#2396,#2404,#2412,
    #2418,#2419,#2427,#2435));
#2363 = ORIENTED_EDGE('',*,*,#2364,.F.);
#2364 = EDGE_CURVE('',#2365,#2367,#2369,.T.);
#2365 = VERTEX_POINT('',#2366);
#2366 = CARTESIAN_POINT('',(13.1445,13.462,-4.51485));
#2367 = VERTEX_POINT('',#2368);
#2368 = CARTESIAN_POINT('',(12.8397,13.462,-4.81965));
#2369 = LINE('',#2370,#2371);
#2370 = CARTESIAN_POINT('',(13.1445,13.462,-4.51485));
#2371 = VECTOR('',#2372,1.);
#2372 = DIRECTION('',(-0.707106781187,0.,-0.707106781187));
#2373 = ORIENTED_EDGE('',*,*,#2374,.F.);
#2374 = EDGE_CURVE('',#1062,#2365,#2375,.T.);
#2375 = LINE('',#2376,#2377);
#2376 = CARTESIAN_POINT('',(13.1445,13.462,-1.6002));
#2377 = VECTOR('',#2378,1.);
#2378 = DIRECTION('',(0.,0.,-1.));
#2379 = ORIENTED_EDGE('',*,*,#1061,.T.);
#2380 = ORIENTED_EDGE('',*,*,#2381,.T.);
#2381 = EDGE_CURVE('',#1064,#2382,#2384,.T.);
#2382 = VERTEX_POINT('',#2383);
#2383 = CARTESIAN_POINT('',(11.6205,13.462,-4.51485));
#2384 = LINE('',#2385,#2386);
#2385 = CARTESIAN_POINT('',(11.6205,13.462,-1.6002));
#2386 = VECTOR('',#2387,1.);
#2387 = DIRECTION('',(0.,0.,-1.));
#2388 = ORIENTED_EDGE('',*,*,#2389,.F.);
#2389 = EDGE_CURVE('',#2390,#2382,#2392,.T.);
#2390 = VERTEX_POINT('',#2391);
#2391 = CARTESIAN_POINT('',(11.9253,13.462,-4.81965));
#2392 = LINE('',#2393,#2394);
#2393 = CARTESIAN_POINT('',(11.9253,13.462,-4.81965));
#2394 = VECTOR('',#2395,1.);
#2395 = DIRECTION('',(-0.707106781187,0.,0.707106781187));
#2396 = ORIENTED_EDGE('',*,*,#2397,.F.);
#2397 = EDGE_CURVE('',#2398,#2390,#2400,.T.);
#2398 = VERTEX_POINT('',#2399);
#2399 = CARTESIAN_POINT('',(11.9253,13.462,-7.88035));
#2400 = LINE('',#2401,#2402);
#2401 = CARTESIAN_POINT('',(11.9253,13.462,-7.88035));
#2402 = VECTOR('',#2403,1.);
#2403 = DIRECTION('',(0.,0.,1.));
#2404 = ORIENTED_EDGE('',*,*,#2405,.F.);
#2405 = EDGE_CURVE('',#2406,#2398,#2408,.T.);
#2406 = VERTEX_POINT('',#2407);
#2407 = CARTESIAN_POINT('',(11.6205,13.462,-8.18515));
#2408 = LINE('',#2409,#2410);
#2409 = CARTESIAN_POINT('',(11.6205,13.462,-8.18515));
#2410 = VECTOR('',#2411,1.);
#2411 = DIRECTION('',(0.707106781186,0.,0.707106781187));
#2412 = ORIENTED_EDGE('',*,*,#2413,.T.);
#2413 = EDGE_CURVE('',#2406,#2026,#2414,.T.);
#2414 = LINE('',#2415,#2416);
#2415 = CARTESIAN_POINT('',(11.6205,13.462,-8.18515));
#2416 = VECTOR('',#2417,1.);
#2417 = DIRECTION('',(0.,0.,-1.));
#2418 = ORIENTED_EDGE('',*,*,#2034,.F.);
#2419 = ORIENTED_EDGE('',*,*,#2420,.F.);
#2420 = EDGE_CURVE('',#2421,#2035,#2423,.T.);
#2421 = VERTEX_POINT('',#2422);
#2422 = CARTESIAN_POINT('',(13.1445,13.462,-8.18515));
#2423 = LINE('',#2424,#2425);
#2424 = CARTESIAN_POINT('',(13.1445,13.462,-8.18515));
#2425 = VECTOR('',#2426,1.);
#2426 = DIRECTION('',(0.,0.,-1.));
#2427 = ORIENTED_EDGE('',*,*,#2428,.F.);
#2428 = EDGE_CURVE('',#2429,#2421,#2431,.T.);
#2429 = VERTEX_POINT('',#2430);
#2430 = CARTESIAN_POINT('',(12.8397,13.462,-7.88035));
#2431 = LINE('',#2432,#2433);
#2432 = CARTESIAN_POINT('',(12.8397,13.462,-7.88035));
#2433 = VECTOR('',#2434,1.);
#2434 = DIRECTION('',(0.707106781187,0.,-0.707106781186));
#2435 = ORIENTED_EDGE('',*,*,#2436,.F.);
#2436 = EDGE_CURVE('',#2367,#2429,#2437,.T.);
#2437 = LINE('',#2438,#2439);
#2438 = CARTESIAN_POINT('',(12.8397,13.462,-4.81965));
#2439 = VECTOR('',#2440,1.);
#2440 = DIRECTION('',(0.,0.,-1.));
#2441 = PLANE('',#2442);
#2442 = AXIS2_PLACEMENT_3D('',#2443,#2444,#2445);
#2443 = CARTESIAN_POINT('',(21.463,13.462,-1.6002));
#2444 = DIRECTION('',(0.,1.,0.));
#2445 = DIRECTION('',(0.,0.,-1.));
#2446 = ADVANCED_FACE('',(#2447),#2490,.T.);
#2447 = FACE_BOUND('',#2448,.F.);
#2448 = EDGE_LOOP('',(#2449,#2459,#2465,#2466,#2467,#2468,#2476,#2484));
#2449 = ORIENTED_EDGE('',*,*,#2450,.F.);
#2450 = EDGE_CURVE('',#2451,#2453,#2455,.T.);
#2451 = VERTEX_POINT('',#2452);
#2452 = CARTESIAN_POINT('',(19.8755,13.462,-8.18515));
#2453 = VERTEX_POINT('',#2454);
#2454 = CARTESIAN_POINT('',(20.1803,13.462,-7.88035));
#2455 = LINE('',#2456,#2457);
#2456 = CARTESIAN_POINT('',(19.8755,13.462,-8.18515));
#2457 = VECTOR('',#2458,1.);
#2458 = DIRECTION('',(0.707106781187,0.,0.707106781186));
#2459 = ORIENTED_EDGE('',*,*,#2460,.T.);
#2460 = EDGE_CURVE('',#2451,#2000,#2461,.T.);
#2461 = LINE('',#2462,#2463);
#2462 = CARTESIAN_POINT('',(19.8755,13.462,-8.18515));
#2463 = VECTOR('',#2464,1.);
#2464 = DIRECTION('',(0.,0.,-1.));
#2465 = ORIENTED_EDGE('',*,*,#1999,.F.);
#2466 = ORIENTED_EDGE('',*,*,#554,.F.);
#2467 = ORIENTED_EDGE('',*,*,#1038,.T.);
#2468 = ORIENTED_EDGE('',*,*,#2469,.T.);
#2469 = EDGE_CURVE('',#1039,#2470,#2472,.T.);
#2470 = VERTEX_POINT('',#2471);
#2471 = CARTESIAN_POINT('',(19.8755,13.462,-4.51485));
#2472 = LINE('',#2473,#2474);
#2473 = CARTESIAN_POINT('',(19.8755,13.462,-1.6002));
#2474 = VECTOR('',#2475,1.);
#2475 = DIRECTION('',(0.,0.,-1.));
#2476 = ORIENTED_EDGE('',*,*,#2477,.F.);
#2477 = EDGE_CURVE('',#2478,#2470,#2480,.T.);
#2478 = VERTEX_POINT('',#2479);
#2479 = CARTESIAN_POINT('',(20.1803,13.462,-4.81965));
#2480 = LINE('',#2481,#2482);
#2481 = CARTESIAN_POINT('',(20.1803,13.462,-4.81965));
#2482 = VECTOR('',#2483,1.);
#2483 = DIRECTION('',(-0.707106781187,0.,0.707106781187));
#2484 = ORIENTED_EDGE('',*,*,#2485,.F.);
#2485 = EDGE_CURVE('',#2453,#2478,#2486,.T.);
#2486 = LINE('',#2487,#2488);
#2487 = CARTESIAN_POINT('',(20.1803,13.462,-7.88035));
#2488 = VECTOR('',#2489,1.);
#2489 = DIRECTION('',(0.,0.,1.));
#2490 = PLANE('',#2491);
#2491 = AXIS2_PLACEMENT_3D('',#2492,#2493,#2494);
#2492 = CARTESIAN_POINT('',(21.463,13.462,-1.6002));
#2493 = DIRECTION('',(0.,1.,0.));
#2494 = DIRECTION('',(0.,0.,-1.));
#2495 = ADVANCED_FACE('',(#2496),#2521,.F.);
#2496 = FACE_BOUND('',#2497,.F.);
#2497 = EDGE_LOOP('',(#2498,#2499,#2507,#2515));
#2498 = ORIENTED_EDGE('',*,*,#2057,.F.);
#2499 = ORIENTED_EDGE('',*,*,#2500,.F.);
#2500 = EDGE_CURVE('',#2501,#2058,#2503,.T.);
#2501 = VERTEX_POINT('',#2502);
#2502 = CARTESIAN_POINT('',(-20.1803,7.493,-4.81965));
#2503 = LINE('',#2504,#2505);
#2504 = CARTESIAN_POINT('',(-20.1803,7.493,-4.81965));
#2505 = VECTOR('',#2506,1.);
#2506 = DIRECTION('',(0.,1.,0.));
#2507 = ORIENTED_EDGE('',*,*,#2508,.T.);
#2508 = EDGE_CURVE('',#2501,#2509,#2511,.T.);
#2509 = VERTEX_POINT('',#2510);
#2510 = CARTESIAN_POINT('',(-19.8755,7.493,-4.51485));
#2511 = LINE('',#2512,#2513);
#2512 = CARTESIAN_POINT('',(-20.1803,7.493,-4.81965));
#2513 = VECTOR('',#2514,1.);
#2514 = DIRECTION('',(0.707106781187,0.,0.707106781187));
#2515 = ORIENTED_EDGE('',*,*,#2516,.T.);
#2516 = EDGE_CURVE('',#2509,#2060,#2517,.T.);
#2517 = LINE('',#2518,#2519);
#2518 = CARTESIAN_POINT('',(-19.8755,7.493,-4.51485));
#2519 = VECTOR('',#2520,1.);
#2520 = DIRECTION('',(0.,1.,0.));
#2521 = PLANE('',#2522);
#2522 = AXIS2_PLACEMENT_3D('',#2523,#2524,#2525);
#2523 = CARTESIAN_POINT('',(-19.8755,13.462,-4.51485));
#2524 = DIRECTION('',(-0.707106781187,0.,0.707106781187));
#2525 = DIRECTION('',(-0.707106781187,0.,-0.707106781187));
#2526 = ADVANCED_FACE('',(#2527),#2545,.F.);
#2527 = FACE_BOUND('',#2528,.F.);
#2528 = EDGE_LOOP('',(#2529,#2530,#2538,#2544));
#2529 = ORIENTED_EDGE('',*,*,#2092,.F.);
#2530 = ORIENTED_EDGE('',*,*,#2531,.F.);
#2531 = EDGE_CURVE('',#2532,#2085,#2534,.T.);
#2532 = VERTEX_POINT('',#2533);
#2533 = CARTESIAN_POINT('',(-20.1803,7.493,-7.88035));
#2534 = LINE('',#2535,#2536);
#2535 = CARTESIAN_POINT('',(-20.1803,7.493,-7.88035));
#2536 = VECTOR('',#2537,1.);
#2537 = DIRECTION('',(0.,1.,0.));
#2538 = ORIENTED_EDGE('',*,*,#2539,.T.);
#2539 = EDGE_CURVE('',#2532,#2501,#2540,.T.);
#2540 = LINE('',#2541,#2542);
#2541 = CARTESIAN_POINT('',(-20.1803,7.493,-7.88035));
#2542 = VECTOR('',#2543,1.);
#2543 = DIRECTION('',(0.,0.,1.));
#2544 = ORIENTED_EDGE('',*,*,#2500,.T.);
#2545 = PLANE('',#2546);
#2546 = AXIS2_PLACEMENT_3D('',#2547,#2548,#2549);
#2547 = CARTESIAN_POINT('',(-20.1803,13.462,-4.81965));
#2548 = DIRECTION('',(-1.,0.,0.));
#2549 = DIRECTION('',(0.,0.,-1.));
#2550 = ADVANCED_FACE('',(#2551),#2569,.F.);
#2551 = FACE_BOUND('',#2552,.F.);
#2552 = EDGE_LOOP('',(#2553,#2554,#2562,#2568));
#2553 = ORIENTED_EDGE('',*,*,#2084,.F.);
#2554 = ORIENTED_EDGE('',*,*,#2555,.F.);
#2555 = EDGE_CURVE('',#2556,#2077,#2558,.T.);
#2556 = VERTEX_POINT('',#2557);
#2557 = CARTESIAN_POINT('',(-19.8755,7.493,-8.18515));
#2558 = LINE('',#2559,#2560);
#2559 = CARTESIAN_POINT('',(-19.8755,7.493,-8.18515));
#2560 = VECTOR('',#2561,1.);
#2561 = DIRECTION('',(0.,1.,0.));
#2562 = ORIENTED_EDGE('',*,*,#2563,.T.);
#2563 = EDGE_CURVE('',#2556,#2532,#2564,.T.);
#2564 = LINE('',#2565,#2566);
#2565 = CARTESIAN_POINT('',(-19.8755,7.493,-8.18515));
#2566 = VECTOR('',#2567,1.);
#2567 = DIRECTION('',(-0.707106781187,0.,0.707106781187));
#2568 = ORIENTED_EDGE('',*,*,#2531,.T.);
#2569 = PLANE('',#2570);
#2570 = AXIS2_PLACEMENT_3D('',#2571,#2572,#2573);
#2571 = CARTESIAN_POINT('',(-20.1803,13.462,-7.88035));
#2572 = DIRECTION('',(-0.707106781187,0.,-0.707106781187));
#2573 = DIRECTION('',(0.707106781187,0.,-0.707106781187));
#2574 = ADVANCED_FACE('',(#2575),#2595,.F.);
#2575 = FACE_BOUND('',#2576,.F.);
#2576 = EDGE_LOOP('',(#2577,#2578,#2586,#2592,#2593,#2594));
#2577 = ORIENTED_EDGE('',*,*,#2516,.F.);
#2578 = ORIENTED_EDGE('',*,*,#2579,.F.);
#2579 = EDGE_CURVE('',#2580,#2509,#2582,.T.);
#2580 = VERTEX_POINT('',#2581);
#2581 = CARTESIAN_POINT('',(-19.8755,7.493,-0.81866605982));
#2582 = LINE('',#2583,#2584);
#2583 = CARTESIAN_POINT('',(-19.8755,7.493,-0.81866605982));
#2584 = VECTOR('',#2585,1.);
#2585 = DIRECTION('',(0.,0.,-1.));
#2586 = ORIENTED_EDGE('',*,*,#2587,.F.);
#2587 = EDGE_CURVE('',#604,#2580,#2588,.T.);
#2588 = LINE('',#2589,#2590);
#2589 = CARTESIAN_POINT('',(-19.8755,0.8255,0.));
#2590 = VECTOR('',#2591,1.);
#2591 = DIRECTION('',(0.,0.992546151641,-0.121869343405));
#2592 = ORIENTED_EDGE('',*,*,#603,.T.);
#2593 = ORIENTED_EDGE('',*,*,#904,.F.);
#2594 = ORIENTED_EDGE('',*,*,#2067,.F.);
#2595 = PLANE('',#2596);
#2596 = AXIS2_PLACEMENT_3D('',#2597,#2598,#2599);
#2597 = CARTESIAN_POINT('',(-19.8755,13.462,-1.6002));
#2598 = DIRECTION('',(-1.,0.,0.));
#2599 = DIRECTION('',(0.,0.,1.));
#2600 = ADVANCED_FACE('',(#2601),#2621,.F.);
#2601 = FACE_BOUND('',#2602,.F.);
#2602 = EDGE_LOOP('',(#2603,#2604,#2605,#2606,#2607,#2615));
#2603 = ORIENTED_EDGE('',*,*,#2555,.T.);
#2604 = ORIENTED_EDGE('',*,*,#2076,.F.);
#2605 = ORIENTED_EDGE('',*,*,#1875,.F.);
#2606 = ORIENTED_EDGE('',*,*,#1652,.F.);
#2607 = ORIENTED_EDGE('',*,*,#2608,.F.);
#2608 = EDGE_CURVE('',#2609,#1309,#2611,.T.);
#2609 = VERTEX_POINT('',#2610);
#2610 = CARTESIAN_POINT('',(-19.8755,7.493,-11.88133394018));
#2611 = LINE('',#2612,#2613);
#2612 = CARTESIAN_POINT('',(-19.8755,7.493,-11.88133394018));
#2613 = VECTOR('',#2614,1.);
#2614 = DIRECTION('',(0.,-0.992546151641,-0.121869343405));
#2615 = ORIENTED_EDGE('',*,*,#2616,.F.);
#2616 = EDGE_CURVE('',#2556,#2609,#2617,.T.);
#2617 = LINE('',#2618,#2619);
#2618 = CARTESIAN_POINT('',(-19.8755,7.493,-8.18515));
#2619 = VECTOR('',#2620,1.);
#2620 = DIRECTION('',(0.,0.,-1.));
#2621 = PLANE('',#2622);
#2622 = AXIS2_PLACEMENT_3D('',#2623,#2624,#2625);
#2623 = CARTESIAN_POINT('',(-19.8755,13.462,-1.6002));
#2624 = DIRECTION('',(-1.,0.,0.));
#2625 = DIRECTION('',(0.,0.,1.));
#2626 = ADVANCED_FACE('',(#2627,#2688),#2786,.F.);
#2627 = FACE_BOUND('',#2628,.F.);
#2628 = EDGE_LOOP('',(#2629,#2639,#2647,#2655,#2663,#2671,#2677,#2678,
    #2679,#2680,#2681,#2682));
#2629 = ORIENTED_EDGE('',*,*,#2630,.T.);
#2630 = EDGE_CURVE('',#2631,#2633,#2635,.T.);
#2631 = VERTEX_POINT('',#2632);
#2632 = CARTESIAN_POINT('',(-13.1445,7.493,-11.88133394018));
#2633 = VERTEX_POINT('',#2634);
#2634 = CARTESIAN_POINT('',(-13.1445,7.493,-8.18515));
#2635 = LINE('',#2636,#2637);
#2636 = CARTESIAN_POINT('',(-13.1445,7.493,-11.88133394018));
#2637 = VECTOR('',#2638,1.);
#2638 = DIRECTION('',(0.,0.,1.));
#2639 = ORIENTED_EDGE('',*,*,#2640,.F.);
#2640 = EDGE_CURVE('',#2641,#2633,#2643,.T.);
#2641 = VERTEX_POINT('',#2642);
#2642 = CARTESIAN_POINT('',(-12.8397,7.493,-7.88035));
#2643 = LINE('',#2644,#2645);
#2644 = CARTESIAN_POINT('',(-12.8397,7.493,-7.88035));
#2645 = VECTOR('',#2646,1.);
#2646 = DIRECTION('',(-0.707106781187,0.,-0.707106781187));
#2647 = ORIENTED_EDGE('',*,*,#2648,.F.);
#2648 = EDGE_CURVE('',#2649,#2641,#2651,.T.);
#2649 = VERTEX_POINT('',#2650);
#2650 = CARTESIAN_POINT('',(-12.8397,7.493,-4.81965));
#2651 = LINE('',#2652,#2653);
#2652 = CARTESIAN_POINT('',(-12.8397,7.493,-4.81965));
#2653 = VECTOR('',#2654,1.);
#2654 = DIRECTION('',(0.,0.,-1.));
#2655 = ORIENTED_EDGE('',*,*,#2656,.F.);
#2656 = EDGE_CURVE('',#2657,#2649,#2659,.T.);
#2657 = VERTEX_POINT('',#2658);
#2658 = CARTESIAN_POINT('',(-13.1445,7.493,-4.51485));
#2659 = LINE('',#2660,#2661);
#2660 = CARTESIAN_POINT('',(-13.1445,7.493,-4.51485));
#2661 = VECTOR('',#2662,1.);
#2662 = DIRECTION('',(0.707106781187,0.,-0.707106781187));
#2663 = ORIENTED_EDGE('',*,*,#2664,.T.);
#2664 = EDGE_CURVE('',#2657,#2665,#2667,.T.);
#2665 = VERTEX_POINT('',#2666);
#2666 = CARTESIAN_POINT('',(-13.1445,7.493,-0.81866605982));
#2667 = LINE('',#2668,#2669);
#2668 = CARTESIAN_POINT('',(-13.1445,7.493,-4.51485));
#2669 = VECTOR('',#2670,1.);
#2670 = DIRECTION('',(0.,0.,1.));
#2671 = ORIENTED_EDGE('',*,*,#2672,.T.);
#2672 = EDGE_CURVE('',#2665,#2580,#2673,.T.);
#2673 = LINE('',#2674,#2675);
#2674 = CARTESIAN_POINT('',(-13.1445,7.493,-0.81866605982));
#2675 = VECTOR('',#2676,1.);
#2676 = DIRECTION('',(-1.,0.,0.));
#2677 = ORIENTED_EDGE('',*,*,#2579,.T.);
#2678 = ORIENTED_EDGE('',*,*,#2508,.F.);
#2679 = ORIENTED_EDGE('',*,*,#2539,.F.);
#2680 = ORIENTED_EDGE('',*,*,#2563,.F.);
#2681 = ORIENTED_EDGE('',*,*,#2616,.T.);
#2682 = ORIENTED_EDGE('',*,*,#2683,.F.);
#2683 = EDGE_CURVE('',#2631,#2609,#2684,.T.);
#2684 = LINE('',#2685,#2686);
#2685 = CARTESIAN_POINT('',(-13.1445,7.493,-11.88133394018));
#2686 = VECTOR('',#2687,1.);
#2687 = DIRECTION('',(-1.,0.,0.));
#2688 = FACE_BOUND('',#2689,.F.);
#2689 = EDGE_LOOP('',(#2690,#2700,#2708,#2716,#2724,#2732,#2740,#2748,
    #2756,#2764,#2772,#2780));
#2690 = ORIENTED_EDGE('',*,*,#2691,.T.);
#2691 = EDGE_CURVE('',#2692,#2694,#2696,.T.);
#2692 = VERTEX_POINT('',#2693);
#2693 = CARTESIAN_POINT('',(-19.685,7.493,-8.9154));
#2694 = VERTEX_POINT('',#2695);
#2695 = CARTESIAN_POINT('',(-19.685,7.493,-3.7846));
#2696 = LINE('',#2697,#2698);
#2697 = CARTESIAN_POINT('',(-19.685,7.493,-8.9154));
#2698 = VECTOR('',#2699,1.);
#2699 = DIRECTION('',(0.,0.,1.));
#2700 = ORIENTED_EDGE('',*,*,#2701,.T.);
#2701 = EDGE_CURVE('',#2694,#2702,#2704,.T.);
#2702 = VERTEX_POINT('',#2703);
#2703 = CARTESIAN_POINT('',(-18.8849,7.493,-3.7846));
#2704 = LINE('',#2705,#2706);
#2705 = CARTESIAN_POINT('',(-19.685,7.493,-3.7846));
#2706 = VECTOR('',#2707,1.);
#2707 = DIRECTION('',(1.,0.,0.));
#2708 = ORIENTED_EDGE('',*,*,#2709,.T.);
#2709 = EDGE_CURVE('',#2702,#2710,#2712,.T.);
#2710 = VERTEX_POINT('',#2711);
#2711 = CARTESIAN_POINT('',(-18.8849,7.493,-2.032));
#2712 = LINE('',#2713,#2714);
#2713 = CARTESIAN_POINT('',(-18.8849,7.493,-3.7846));
#2714 = VECTOR('',#2715,1.);
#2715 = DIRECTION('',(0.,0.,1.));
#2716 = ORIENTED_EDGE('',*,*,#2717,.T.);
#2717 = EDGE_CURVE('',#2710,#2718,#2720,.T.);
#2718 = VERTEX_POINT('',#2719);
#2719 = CARTESIAN_POINT('',(-14.1351,7.493,-2.032));
#2720 = LINE('',#2721,#2722);
#2721 = CARTESIAN_POINT('',(-18.8849,7.493,-2.032));
#2722 = VECTOR('',#2723,1.);
#2723 = DIRECTION('',(1.,0.,0.));
#2724 = ORIENTED_EDGE('',*,*,#2725,.T.);
#2725 = EDGE_CURVE('',#2718,#2726,#2728,.T.);
#2726 = VERTEX_POINT('',#2727);
#2727 = CARTESIAN_POINT('',(-14.1351,7.493,-3.7846));
#2728 = LINE('',#2729,#2730);
#2729 = CARTESIAN_POINT('',(-14.1351,7.493,-2.032));
#2730 = VECTOR('',#2731,1.);
#2731 = DIRECTION('',(0.,0.,-1.));
#2732 = ORIENTED_EDGE('',*,*,#2733,.T.);
#2733 = EDGE_CURVE('',#2726,#2734,#2736,.T.);
#2734 = VERTEX_POINT('',#2735);
#2735 = CARTESIAN_POINT('',(-13.335,7.493,-3.7846));
#2736 = LINE('',#2737,#2738);
#2737 = CARTESIAN_POINT('',(-14.1351,7.493,-3.7846));
#2738 = VECTOR('',#2739,1.);
#2739 = DIRECTION('',(1.,0.,0.));
#2740 = ORIENTED_EDGE('',*,*,#2741,.T.);
#2741 = EDGE_CURVE('',#2734,#2742,#2744,.T.);
#2742 = VERTEX_POINT('',#2743);
#2743 = CARTESIAN_POINT('',(-13.335,7.493,-8.9154));
#2744 = LINE('',#2745,#2746);
#2745 = CARTESIAN_POINT('',(-13.335,7.493,-3.7846));
#2746 = VECTOR('',#2747,1.);
#2747 = DIRECTION('',(0.,0.,-1.));
#2748 = ORIENTED_EDGE('',*,*,#2749,.T.);
#2749 = EDGE_CURVE('',#2742,#2750,#2752,.T.);
#2750 = VERTEX_POINT('',#2751);
#2751 = CARTESIAN_POINT('',(-14.1351,7.493,-8.9154));
#2752 = LINE('',#2753,#2754);
#2753 = CARTESIAN_POINT('',(-13.335,7.493,-8.9154));
#2754 = VECTOR('',#2755,1.);
#2755 = DIRECTION('',(-1.,0.,0.));
#2756 = ORIENTED_EDGE('',*,*,#2757,.T.);
#2757 = EDGE_CURVE('',#2750,#2758,#2760,.T.);
#2758 = VERTEX_POINT('',#2759);
#2759 = CARTESIAN_POINT('',(-14.1351,7.493,-10.668));
#2760 = LINE('',#2761,#2762);
#2761 = CARTESIAN_POINT('',(-14.1351,7.493,-8.9154));
#2762 = VECTOR('',#2763,1.);
#2763 = DIRECTION('',(0.,0.,-1.));
#2764 = ORIENTED_EDGE('',*,*,#2765,.T.);
#2765 = EDGE_CURVE('',#2758,#2766,#2768,.T.);
#2766 = VERTEX_POINT('',#2767);
#2767 = CARTESIAN_POINT('',(-18.8849,7.493,-10.668));
#2768 = LINE('',#2769,#2770);
#2769 = CARTESIAN_POINT('',(-14.1351,7.493,-10.668));
#2770 = VECTOR('',#2771,1.);
#2771 = DIRECTION('',(-1.,0.,0.));
#2772 = ORIENTED_EDGE('',*,*,#2773,.T.);
#2773 = EDGE_CURVE('',#2766,#2774,#2776,.T.);
#2774 = VERTEX_POINT('',#2775);
#2775 = CARTESIAN_POINT('',(-18.8849,7.493,-8.9154));
#2776 = LINE('',#2777,#2778);
#2777 = CARTESIAN_POINT('',(-18.8849,7.493,-10.668));
#2778 = VECTOR('',#2779,1.);
#2779 = DIRECTION('',(0.,0.,1.));
#2780 = ORIENTED_EDGE('',*,*,#2781,.T.);
#2781 = EDGE_CURVE('',#2774,#2692,#2782,.T.);
#2782 = LINE('',#2783,#2784);
#2783 = CARTESIAN_POINT('',(-18.8849,7.493,-8.9154));
#2784 = VECTOR('',#2785,1.);
#2785 = DIRECTION('',(-1.,0.,0.));
#2786 = PLANE('',#2787);
#2787 = AXIS2_PLACEMENT_3D('',#2788,#2789,#2790);
#2788 = CARTESIAN_POINT('',(-13.1445,7.493,-0.81866605982));
#2789 = DIRECTION('',(0.,-1.,0.));
#2790 = DIRECTION('',(0.,0.,-1.));
#2791 = ADVANCED_FACE('',(#2792),#2810,.F.);
#2792 = FACE_BOUND('',#2793,.F.);
#2793 = EDGE_LOOP('',(#2794,#2795,#2801,#2802,#2808,#2809));
#2794 = ORIENTED_EDGE('',*,*,#2155,.T.);
#2795 = ORIENTED_EDGE('',*,*,#2796,.F.);
#2796 = EDGE_CURVE('',#2633,#2148,#2797,.T.);
#2797 = LINE('',#2798,#2799);
#2798 = CARTESIAN_POINT('',(-13.1445,7.493,-8.18515));
#2799 = VECTOR('',#2800,1.);
#2800 = DIRECTION('',(0.,1.,0.));
#2801 = ORIENTED_EDGE('',*,*,#2630,.F.);
#2802 = ORIENTED_EDGE('',*,*,#2803,.T.);
#2803 = EDGE_CURVE('',#2631,#1332,#2804,.T.);
#2804 = LINE('',#2805,#2806);
#2805 = CARTESIAN_POINT('',(-13.1445,7.493,-11.88133394018));
#2806 = VECTOR('',#2807,1.);
#2807 = DIRECTION('',(0.,-0.992546151641,-0.121869343405));
#2808 = ORIENTED_EDGE('',*,*,#1676,.T.);
#2809 = ORIENTED_EDGE('',*,*,#1910,.T.);
#2810 = PLANE('',#2811);
#2811 = AXIS2_PLACEMENT_3D('',#2812,#2813,#2814);
#2812 = CARTESIAN_POINT('',(-13.1445,0.8255,0.));
#2813 = DIRECTION('',(1.,0.,0.));
#2814 = DIRECTION('',(0.,0.,-1.));
#2815 = ADVANCED_FACE('',(#2816),#2834,.F.);
#2816 = FACE_BOUND('',#2817,.F.);
#2817 = EDGE_LOOP('',(#2818,#2819,#2820,#2821,#2827,#2828));
#2818 = ORIENTED_EDGE('',*,*,#2123,.T.);
#2819 = ORIENTED_EDGE('',*,*,#954,.T.);
#2820 = ORIENTED_EDGE('',*,*,#683,.F.);
#2821 = ORIENTED_EDGE('',*,*,#2822,.T.);
#2822 = EDGE_CURVE('',#676,#2665,#2823,.T.);
#2823 = LINE('',#2824,#2825);
#2824 = CARTESIAN_POINT('',(-13.1445,0.8255,0.));
#2825 = VECTOR('',#2826,1.);
#2826 = DIRECTION('',(0.,0.992546151641,-0.121869343405));
#2827 = ORIENTED_EDGE('',*,*,#2664,.F.);
#2828 = ORIENTED_EDGE('',*,*,#2829,.T.);
#2829 = EDGE_CURVE('',#2657,#2124,#2830,.T.);
#2830 = LINE('',#2831,#2832);
#2831 = CARTESIAN_POINT('',(-13.1445,7.493,-4.51485));
#2832 = VECTOR('',#2833,1.);
#2833 = DIRECTION('',(0.,1.,0.));
#2834 = PLANE('',#2835);
#2835 = AXIS2_PLACEMENT_3D('',#2836,#2837,#2838);
#2836 = CARTESIAN_POINT('',(-13.1445,0.8255,0.));
#2837 = DIRECTION('',(1.,0.,0.));
#2838 = DIRECTION('',(0.,0.,-1.));
#2839 = ADVANCED_FACE('',(#2840),#2851,.F.);
#2840 = FACE_BOUND('',#2841,.F.);
#2841 = EDGE_LOOP('',(#2842,#2843,#2849,#2850));
#2842 = ORIENTED_EDGE('',*,*,#2147,.F.);
#2843 = ORIENTED_EDGE('',*,*,#2844,.F.);
#2844 = EDGE_CURVE('',#2641,#2140,#2845,.T.);
#2845 = LINE('',#2846,#2847);
#2846 = CARTESIAN_POINT('',(-12.8397,7.493,-7.88035));
#2847 = VECTOR('',#2848,1.);
#2848 = DIRECTION('',(0.,1.,0.));
#2849 = ORIENTED_EDGE('',*,*,#2640,.T.);
#2850 = ORIENTED_EDGE('',*,*,#2796,.T.);
#2851 = PLANE('',#2852);
#2852 = AXIS2_PLACEMENT_3D('',#2853,#2854,#2855);
#2853 = CARTESIAN_POINT('',(-13.1445,13.462,-8.18515));
#2854 = DIRECTION('',(0.707106781187,0.,-0.707106781187));
#2855 = DIRECTION('',(0.707106781187,0.,0.707106781187));
#2856 = ADVANCED_FACE('',(#2857),#2868,.F.);
#2857 = FACE_BOUND('',#2858,.F.);
#2858 = EDGE_LOOP('',(#2859,#2860,#2866,#2867));
#2859 = ORIENTED_EDGE('',*,*,#2139,.F.);
#2860 = ORIENTED_EDGE('',*,*,#2861,.F.);
#2861 = EDGE_CURVE('',#2649,#2132,#2862,.T.);
#2862 = LINE('',#2863,#2864);
#2863 = CARTESIAN_POINT('',(-12.8397,7.493,-4.81965));
#2864 = VECTOR('',#2865,1.);
#2865 = DIRECTION('',(0.,1.,0.));
#2866 = ORIENTED_EDGE('',*,*,#2648,.T.);
#2867 = ORIENTED_EDGE('',*,*,#2844,.T.);
#2868 = PLANE('',#2869);
#2869 = AXIS2_PLACEMENT_3D('',#2870,#2871,#2872);
#2870 = CARTESIAN_POINT('',(-12.8397,13.462,-7.88035));
#2871 = DIRECTION('',(1.,0.,0.));
#2872 = DIRECTION('',(0.,0.,1.));
#2873 = ADVANCED_FACE('',(#2874),#2880,.F.);
#2874 = FACE_BOUND('',#2875,.F.);
#2875 = EDGE_LOOP('',(#2876,#2877,#2878,#2879));
#2876 = ORIENTED_EDGE('',*,*,#2131,.F.);
#2877 = ORIENTED_EDGE('',*,*,#2829,.F.);
#2878 = ORIENTED_EDGE('',*,*,#2656,.T.);
#2879 = ORIENTED_EDGE('',*,*,#2861,.T.);
#2880 = PLANE('',#2881);
#2881 = AXIS2_PLACEMENT_3D('',#2882,#2883,#2884);
#2882 = CARTESIAN_POINT('',(-12.8397,13.462,-4.81965));
#2883 = DIRECTION('',(0.707106781187,0.,0.707106781187));
#2884 = DIRECTION('',(-0.707106781187,0.,0.707106781187));
#2885 = ADVANCED_FACE('',(#2886),#2892,.F.);
#2886 = FACE_BOUND('',#2887,.F.);
#2887 = EDGE_LOOP('',(#2888,#2889,#2890,#2891));
#2888 = ORIENTED_EDGE('',*,*,#1339,.T.);
#2889 = ORIENTED_EDGE('',*,*,#2803,.F.);
#2890 = ORIENTED_EDGE('',*,*,#2683,.T.);
#2891 = ORIENTED_EDGE('',*,*,#2608,.T.);
#2892 = PLANE('',#2893);
#2893 = AXIS2_PLACEMENT_3D('',#2894,#2895,#2896);
#2894 = CARTESIAN_POINT('',(-13.1445,7.493,-11.88133394018));
#2895 = DIRECTION('',(0.,-0.121869343405,0.992546151641));
#2896 = DIRECTION('',(0.,-0.992546151641,-0.121869343405));
#2897 = ADVANCED_FACE('',(#2898),#2904,.F.);
#2898 = FACE_BOUND('',#2899,.F.);
#2899 = EDGE_LOOP('',(#2900,#2901,#2902,#2903));
#2900 = ORIENTED_EDGE('',*,*,#1346,.F.);
#2901 = ORIENTED_EDGE('',*,*,#2587,.T.);
#2902 = ORIENTED_EDGE('',*,*,#2672,.F.);
#2903 = ORIENTED_EDGE('',*,*,#2822,.F.);
#2904 = PLANE('',#2905);
#2905 = AXIS2_PLACEMENT_3D('',#2906,#2907,#2908);
#2906 = CARTESIAN_POINT('',(-13.1445,0.8255,0.));
#2907 = DIRECTION('',(0.,-0.121869343405,-0.992546151641));
#2908 = DIRECTION('',(0.,0.992546151641,-0.121869343405));
#2909 = ADVANCED_FACE('',(#2910),#2935,.T.);
#2910 = FACE_BOUND('',#2911,.F.);
#2911 = EDGE_LOOP('',(#2912,#2913,#2921,#2929));
#2912 = ORIENTED_EDGE('',*,*,#2691,.F.);
#2913 = ORIENTED_EDGE('',*,*,#2914,.T.);
#2914 = EDGE_CURVE('',#2692,#2915,#2917,.T.);
#2915 = VERTEX_POINT('',#2916);
#2916 = CARTESIAN_POINT('',(-19.685,8.3312,-8.9154));
#2917 = LINE('',#2918,#2919);
#2918 = CARTESIAN_POINT('',(-19.685,7.493,-8.9154));
#2919 = VECTOR('',#2920,1.);
#2920 = DIRECTION('',(0.,1.,0.));
#2921 = ORIENTED_EDGE('',*,*,#2922,.T.);
#2922 = EDGE_CURVE('',#2915,#2923,#2925,.T.);
#2923 = VERTEX_POINT('',#2924);
#2924 = CARTESIAN_POINT('',(-19.685,8.3312,-3.7846));
#2925 = LINE('',#2926,#2927);
#2926 = CARTESIAN_POINT('',(-19.685,8.3312,-8.9154));
#2927 = VECTOR('',#2928,1.);
#2928 = DIRECTION('',(0.,0.,1.));
#2929 = ORIENTED_EDGE('',*,*,#2930,.F.);
#2930 = EDGE_CURVE('',#2694,#2923,#2931,.T.);
#2931 = LINE('',#2932,#2933);
#2932 = CARTESIAN_POINT('',(-19.685,7.493,-3.7846));
#2933 = VECTOR('',#2934,1.);
#2934 = DIRECTION('',(0.,1.,0.));
#2935 = PLANE('',#2936);
#2936 = AXIS2_PLACEMENT_3D('',#2937,#2938,#2939);
#2937 = CARTESIAN_POINT('',(-19.685,7.493,-8.9154));
#2938 = DIRECTION('',(-1.,0.,0.));
#2939 = DIRECTION('',(0.,0.,1.));
#2940 = ADVANCED_FACE('',(#2941),#2959,.T.);
#2941 = FACE_BOUND('',#2942,.F.);
#2942 = EDGE_LOOP('',(#2943,#2944,#2952,#2958));
#2943 = ORIENTED_EDGE('',*,*,#2781,.F.);
#2944 = ORIENTED_EDGE('',*,*,#2945,.T.);
#2945 = EDGE_CURVE('',#2774,#2946,#2948,.T.);
#2946 = VERTEX_POINT('',#2947);
#2947 = CARTESIAN_POINT('',(-18.8849,8.3312,-8.9154));
#2948 = LINE('',#2949,#2950);
#2949 = CARTESIAN_POINT('',(-18.8849,7.493,-8.9154));
#2950 = VECTOR('',#2951,1.);
#2951 = DIRECTION('',(0.,1.,0.));
#2952 = ORIENTED_EDGE('',*,*,#2953,.T.);
#2953 = EDGE_CURVE('',#2946,#2915,#2954,.T.);
#2954 = LINE('',#2955,#2956);
#2955 = CARTESIAN_POINT('',(-18.8849,8.3312,-8.9154));
#2956 = VECTOR('',#2957,1.);
#2957 = DIRECTION('',(-1.,0.,0.));
#2958 = ORIENTED_EDGE('',*,*,#2914,.F.);
#2959 = PLANE('',#2960);
#2960 = AXIS2_PLACEMENT_3D('',#2961,#2962,#2963);
#2961 = CARTESIAN_POINT('',(-18.8849,7.493,-8.9154));
#2962 = DIRECTION('',(0.,0.,-1.));
#2963 = DIRECTION('',(-1.,0.,0.));
#2964 = ADVANCED_FACE('',(#2965),#2983,.T.);
#2965 = FACE_BOUND('',#2966,.F.);
#2966 = EDGE_LOOP('',(#2967,#2968,#2976,#2982));
#2967 = ORIENTED_EDGE('',*,*,#2773,.F.);
#2968 = ORIENTED_EDGE('',*,*,#2969,.T.);
#2969 = EDGE_CURVE('',#2766,#2970,#2972,.T.);
#2970 = VERTEX_POINT('',#2971);
#2971 = CARTESIAN_POINT('',(-18.8849,8.3312,-10.668));
#2972 = LINE('',#2973,#2974);
#2973 = CARTESIAN_POINT('',(-18.8849,7.493,-10.668));
#2974 = VECTOR('',#2975,1.);
#2975 = DIRECTION('',(0.,1.,0.));
#2976 = ORIENTED_EDGE('',*,*,#2977,.T.);
#2977 = EDGE_CURVE('',#2970,#2946,#2978,.T.);
#2978 = LINE('',#2979,#2980);
#2979 = CARTESIAN_POINT('',(-18.8849,8.3312,-10.668));
#2980 = VECTOR('',#2981,1.);
#2981 = DIRECTION('',(0.,0.,1.));
#2982 = ORIENTED_EDGE('',*,*,#2945,.F.);
#2983 = PLANE('',#2984);
#2984 = AXIS2_PLACEMENT_3D('',#2985,#2986,#2987);
#2985 = CARTESIAN_POINT('',(-18.8849,7.493,-10.668));
#2986 = DIRECTION('',(-1.,0.,0.));
#2987 = DIRECTION('',(0.,0.,1.));
#2988 = ADVANCED_FACE('',(#2989),#3007,.T.);
#2989 = FACE_BOUND('',#2990,.F.);
#2990 = EDGE_LOOP('',(#2991,#2992,#3000,#3006));
#2991 = ORIENTED_EDGE('',*,*,#2765,.F.);
#2992 = ORIENTED_EDGE('',*,*,#2993,.T.);
#2993 = EDGE_CURVE('',#2758,#2994,#2996,.T.);
#2994 = VERTEX_POINT('',#2995);
#2995 = CARTESIAN_POINT('',(-14.1351,8.3312,-10.668));
#2996 = LINE('',#2997,#2998);
#2997 = CARTESIAN_POINT('',(-14.1351,7.493,-10.668));
#2998 = VECTOR('',#2999,1.);
#2999 = DIRECTION('',(0.,1.,0.));
#3000 = ORIENTED_EDGE('',*,*,#3001,.T.);
#3001 = EDGE_CURVE('',#2994,#2970,#3002,.T.);
#3002 = LINE('',#3003,#3004);
#3003 = CARTESIAN_POINT('',(-14.1351,8.3312,-10.668));
#3004 = VECTOR('',#3005,1.);
#3005 = DIRECTION('',(-1.,0.,0.));
#3006 = ORIENTED_EDGE('',*,*,#2969,.F.);
#3007 = PLANE('',#3008);
#3008 = AXIS2_PLACEMENT_3D('',#3009,#3010,#3011);
#3009 = CARTESIAN_POINT('',(-14.1351,7.493,-10.668));
#3010 = DIRECTION('',(0.,0.,-1.));
#3011 = DIRECTION('',(-1.,0.,0.));
#3012 = ADVANCED_FACE('',(#3013),#3031,.T.);
#3013 = FACE_BOUND('',#3014,.F.);
#3014 = EDGE_LOOP('',(#3015,#3016,#3024,#3030));
#3015 = ORIENTED_EDGE('',*,*,#2757,.F.);
#3016 = ORIENTED_EDGE('',*,*,#3017,.T.);
#3017 = EDGE_CURVE('',#2750,#3018,#3020,.T.);
#3018 = VERTEX_POINT('',#3019);
#3019 = CARTESIAN_POINT('',(-14.1351,8.3312,-8.9154));
#3020 = LINE('',#3021,#3022);
#3021 = CARTESIAN_POINT('',(-14.1351,7.493,-8.9154));
#3022 = VECTOR('',#3023,1.);
#3023 = DIRECTION('',(0.,1.,0.));
#3024 = ORIENTED_EDGE('',*,*,#3025,.T.);
#3025 = EDGE_CURVE('',#3018,#2994,#3026,.T.);
#3026 = LINE('',#3027,#3028);
#3027 = CARTESIAN_POINT('',(-14.1351,8.3312,-8.9154));
#3028 = VECTOR('',#3029,1.);
#3029 = DIRECTION('',(0.,0.,-1.));
#3030 = ORIENTED_EDGE('',*,*,#2993,.F.);
#3031 = PLANE('',#3032);
#3032 = AXIS2_PLACEMENT_3D('',#3033,#3034,#3035);
#3033 = CARTESIAN_POINT('',(-14.1351,7.493,-8.9154));
#3034 = DIRECTION('',(1.,0.,0.));
#3035 = DIRECTION('',(0.,0.,-1.));
#3036 = ADVANCED_FACE('',(#3037),#3055,.T.);
#3037 = FACE_BOUND('',#3038,.F.);
#3038 = EDGE_LOOP('',(#3039,#3040,#3048,#3054));
#3039 = ORIENTED_EDGE('',*,*,#2749,.F.);
#3040 = ORIENTED_EDGE('',*,*,#3041,.T.);
#3041 = EDGE_CURVE('',#2742,#3042,#3044,.T.);
#3042 = VERTEX_POINT('',#3043);
#3043 = CARTESIAN_POINT('',(-13.335,8.3312,-8.9154));
#3044 = LINE('',#3045,#3046);
#3045 = CARTESIAN_POINT('',(-13.335,7.493,-8.9154));
#3046 = VECTOR('',#3047,1.);
#3047 = DIRECTION('',(0.,1.,0.));
#3048 = ORIENTED_EDGE('',*,*,#3049,.T.);
#3049 = EDGE_CURVE('',#3042,#3018,#3050,.T.);
#3050 = LINE('',#3051,#3052);
#3051 = CARTESIAN_POINT('',(-13.335,8.3312,-8.9154));
#3052 = VECTOR('',#3053,1.);
#3053 = DIRECTION('',(-1.,0.,0.));
#3054 = ORIENTED_EDGE('',*,*,#3017,.F.);
#3055 = PLANE('',#3056);
#3056 = AXIS2_PLACEMENT_3D('',#3057,#3058,#3059);
#3057 = CARTESIAN_POINT('',(-13.335,7.493,-8.9154));
#3058 = DIRECTION('',(0.,0.,-1.));
#3059 = DIRECTION('',(-1.,0.,0.));
#3060 = ADVANCED_FACE('',(#3061),#3079,.T.);
#3061 = FACE_BOUND('',#3062,.F.);
#3062 = EDGE_LOOP('',(#3063,#3064,#3072,#3078));
#3063 = ORIENTED_EDGE('',*,*,#2741,.F.);
#3064 = ORIENTED_EDGE('',*,*,#3065,.T.);
#3065 = EDGE_CURVE('',#2734,#3066,#3068,.T.);
#3066 = VERTEX_POINT('',#3067);
#3067 = CARTESIAN_POINT('',(-13.335,8.3312,-3.7846));
#3068 = LINE('',#3069,#3070);
#3069 = CARTESIAN_POINT('',(-13.335,7.493,-3.7846));
#3070 = VECTOR('',#3071,1.);
#3071 = DIRECTION('',(0.,1.,0.));
#3072 = ORIENTED_EDGE('',*,*,#3073,.T.);
#3073 = EDGE_CURVE('',#3066,#3042,#3074,.T.);
#3074 = LINE('',#3075,#3076);
#3075 = CARTESIAN_POINT('',(-13.335,8.3312,-3.7846));
#3076 = VECTOR('',#3077,1.);
#3077 = DIRECTION('',(0.,0.,-1.));
#3078 = ORIENTED_EDGE('',*,*,#3041,.F.);
#3079 = PLANE('',#3080);
#3080 = AXIS2_PLACEMENT_3D('',#3081,#3082,#3083);
#3081 = CARTESIAN_POINT('',(-13.335,7.493,-3.7846));
#3082 = DIRECTION('',(1.,0.,0.));
#3083 = DIRECTION('',(0.,0.,-1.));
#3084 = ADVANCED_FACE('',(#3085),#3103,.T.);
#3085 = FACE_BOUND('',#3086,.F.);
#3086 = EDGE_LOOP('',(#3087,#3088,#3096,#3102));
#3087 = ORIENTED_EDGE('',*,*,#2733,.F.);
#3088 = ORIENTED_EDGE('',*,*,#3089,.T.);
#3089 = EDGE_CURVE('',#2726,#3090,#3092,.T.);
#3090 = VERTEX_POINT('',#3091);
#3091 = CARTESIAN_POINT('',(-14.1351,8.3312,-3.7846));
#3092 = LINE('',#3093,#3094);
#3093 = CARTESIAN_POINT('',(-14.1351,7.493,-3.7846));
#3094 = VECTOR('',#3095,1.);
#3095 = DIRECTION('',(0.,1.,0.));
#3096 = ORIENTED_EDGE('',*,*,#3097,.T.);
#3097 = EDGE_CURVE('',#3090,#3066,#3098,.T.);
#3098 = LINE('',#3099,#3100);
#3099 = CARTESIAN_POINT('',(-14.1351,8.3312,-3.7846));
#3100 = VECTOR('',#3101,1.);
#3101 = DIRECTION('',(1.,0.,0.));
#3102 = ORIENTED_EDGE('',*,*,#3065,.F.);
#3103 = PLANE('',#3104);
#3104 = AXIS2_PLACEMENT_3D('',#3105,#3106,#3107);
#3105 = CARTESIAN_POINT('',(-14.1351,7.493,-3.7846));
#3106 = DIRECTION('',(0.,0.,1.));
#3107 = DIRECTION('',(1.,0.,-0.));
#3108 = ADVANCED_FACE('',(#3109),#3127,.T.);
#3109 = FACE_BOUND('',#3110,.F.);
#3110 = EDGE_LOOP('',(#3111,#3112,#3120,#3126));
#3111 = ORIENTED_EDGE('',*,*,#2725,.F.);
#3112 = ORIENTED_EDGE('',*,*,#3113,.T.);
#3113 = EDGE_CURVE('',#2718,#3114,#3116,.T.);
#3114 = VERTEX_POINT('',#3115);
#3115 = CARTESIAN_POINT('',(-14.1351,8.3312,-2.032));
#3116 = LINE('',#3117,#3118);
#3117 = CARTESIAN_POINT('',(-14.1351,7.493,-2.032));
#3118 = VECTOR('',#3119,1.);
#3119 = DIRECTION('',(0.,1.,0.));
#3120 = ORIENTED_EDGE('',*,*,#3121,.T.);
#3121 = EDGE_CURVE('',#3114,#3090,#3122,.T.);
#3122 = LINE('',#3123,#3124);
#3123 = CARTESIAN_POINT('',(-14.1351,8.3312,-2.032));
#3124 = VECTOR('',#3125,1.);
#3125 = DIRECTION('',(0.,0.,-1.));
#3126 = ORIENTED_EDGE('',*,*,#3089,.F.);
#3127 = PLANE('',#3128);
#3128 = AXIS2_PLACEMENT_3D('',#3129,#3130,#3131);
#3129 = CARTESIAN_POINT('',(-14.1351,7.493,-2.032));
#3130 = DIRECTION('',(1.,0.,0.));
#3131 = DIRECTION('',(0.,0.,-1.));
#3132 = ADVANCED_FACE('',(#3133),#3151,.T.);
#3133 = FACE_BOUND('',#3134,.F.);
#3134 = EDGE_LOOP('',(#3135,#3136,#3144,#3150));
#3135 = ORIENTED_EDGE('',*,*,#2717,.F.);
#3136 = ORIENTED_EDGE('',*,*,#3137,.T.);
#3137 = EDGE_CURVE('',#2710,#3138,#3140,.T.);
#3138 = VERTEX_POINT('',#3139);
#3139 = CARTESIAN_POINT('',(-18.8849,8.3312,-2.032));
#3140 = LINE('',#3141,#3142);
#3141 = CARTESIAN_POINT('',(-18.8849,7.493,-2.032));
#3142 = VECTOR('',#3143,1.);
#3143 = DIRECTION('',(0.,1.,0.));
#3144 = ORIENTED_EDGE('',*,*,#3145,.T.);
#3145 = EDGE_CURVE('',#3138,#3114,#3146,.T.);
#3146 = LINE('',#3147,#3148);
#3147 = CARTESIAN_POINT('',(-18.8849,8.3312,-2.032));
#3148 = VECTOR('',#3149,1.);
#3149 = DIRECTION('',(1.,0.,0.));
#3150 = ORIENTED_EDGE('',*,*,#3113,.F.);
#3151 = PLANE('',#3152);
#3152 = AXIS2_PLACEMENT_3D('',#3153,#3154,#3155);
#3153 = CARTESIAN_POINT('',(-18.8849,7.493,-2.032));
#3154 = DIRECTION('',(0.,0.,1.));
#3155 = DIRECTION('',(1.,0.,-0.));
#3156 = ADVANCED_FACE('',(#3157),#3175,.T.);
#3157 = FACE_BOUND('',#3158,.F.);
#3158 = EDGE_LOOP('',(#3159,#3160,#3168,#3174));
#3159 = ORIENTED_EDGE('',*,*,#2709,.F.);
#3160 = ORIENTED_EDGE('',*,*,#3161,.T.);
#3161 = EDGE_CURVE('',#2702,#3162,#3164,.T.);
#3162 = VERTEX_POINT('',#3163);
#3163 = CARTESIAN_POINT('',(-18.8849,8.3312,-3.7846));
#3164 = LINE('',#3165,#3166);
#3165 = CARTESIAN_POINT('',(-18.8849,7.493,-3.7846));
#3166 = VECTOR('',#3167,1.);
#3167 = DIRECTION('',(0.,1.,0.));
#3168 = ORIENTED_EDGE('',*,*,#3169,.T.);
#3169 = EDGE_CURVE('',#3162,#3138,#3170,.T.);
#3170 = LINE('',#3171,#3172);
#3171 = CARTESIAN_POINT('',(-18.8849,8.3312,-3.7846));
#3172 = VECTOR('',#3173,1.);
#3173 = DIRECTION('',(0.,0.,1.));
#3174 = ORIENTED_EDGE('',*,*,#3137,.F.);
#3175 = PLANE('',#3176);
#3176 = AXIS2_PLACEMENT_3D('',#3177,#3178,#3179);
#3177 = CARTESIAN_POINT('',(-18.8849,7.493,-3.7846));
#3178 = DIRECTION('',(-1.,0.,0.));
#3179 = DIRECTION('',(0.,0.,1.));
#3180 = ADVANCED_FACE('',(#3181),#3192,.T.);
#3181 = FACE_BOUND('',#3182,.F.);
#3182 = EDGE_LOOP('',(#3183,#3184,#3185,#3191));
#3183 = ORIENTED_EDGE('',*,*,#2701,.F.);
#3184 = ORIENTED_EDGE('',*,*,#2930,.T.);
#3185 = ORIENTED_EDGE('',*,*,#3186,.T.);
#3186 = EDGE_CURVE('',#2923,#3162,#3187,.T.);
#3187 = LINE('',#3188,#3189);
#3188 = CARTESIAN_POINT('',(-19.685,8.3312,-3.7846));
#3189 = VECTOR('',#3190,1.);
#3190 = DIRECTION('',(1.,0.,0.));
#3191 = ORIENTED_EDGE('',*,*,#3161,.F.);
#3192 = PLANE('',#3193);
#3193 = AXIS2_PLACEMENT_3D('',#3194,#3195,#3196);
#3194 = CARTESIAN_POINT('',(-19.685,7.493,-3.7846));
#3195 = DIRECTION('',(0.,0.,1.));
#3196 = DIRECTION('',(1.,0.,-0.));
#3197 = ADVANCED_FACE('',(#3198,#3212),#3232,.T.);
#3198 = FACE_BOUND('',#3199,.F.);
#3199 = EDGE_LOOP('',(#3200,#3201,#3202,#3203,#3204,#3205,#3206,#3207,
    #3208,#3209,#3210,#3211));
#3200 = ORIENTED_EDGE('',*,*,#2922,.F.);
#3201 = ORIENTED_EDGE('',*,*,#2953,.F.);
#3202 = ORIENTED_EDGE('',*,*,#2977,.F.);
#3203 = ORIENTED_EDGE('',*,*,#3001,.F.);
#3204 = ORIENTED_EDGE('',*,*,#3025,.F.);
#3205 = ORIENTED_EDGE('',*,*,#3049,.F.);
#3206 = ORIENTED_EDGE('',*,*,#3073,.F.);
#3207 = ORIENTED_EDGE('',*,*,#3097,.F.);
#3208 = ORIENTED_EDGE('',*,*,#3121,.F.);
#3209 = ORIENTED_EDGE('',*,*,#3145,.F.);
#3210 = ORIENTED_EDGE('',*,*,#3169,.F.);
#3211 = ORIENTED_EDGE('',*,*,#3186,.F.);
#3212 = FACE_BOUND('',#3213,.F.);
#3213 = EDGE_LOOP('',(#3214,#3225));
#3214 = ORIENTED_EDGE('',*,*,#3215,.T.);
#3215 = EDGE_CURVE('',#3216,#3218,#3220,.T.);
#3216 = VERTEX_POINT('',#3217);
#3217 = CARTESIAN_POINT('',(-16.51,8.3312,-4.64566));
#3218 = VERTEX_POINT('',#3219);
#3219 = CARTESIAN_POINT('',(-16.51,8.3312,-8.05434));
#3220 = CIRCLE('',#3221,1.70434);
#3221 = AXIS2_PLACEMENT_3D('',#3222,#3223,#3224);
#3222 = CARTESIAN_POINT('',(-16.51,8.3312,-6.35));
#3223 = DIRECTION('',(0.,1.,0.));
#3224 = DIRECTION('',(0.,-0.,1.));
#3225 = ORIENTED_EDGE('',*,*,#3226,.T.);
#3226 = EDGE_CURVE('',#3218,#3216,#3227,.T.);
#3227 = CIRCLE('',#3228,1.70434);
#3228 = AXIS2_PLACEMENT_3D('',#3229,#3230,#3231);
#3229 = CARTESIAN_POINT('',(-16.51,8.3312,-6.35));
#3230 = DIRECTION('',(0.,1.,0.));
#3231 = DIRECTION('',(0.,0.,-1.));
#3232 = PLANE('',#3233);
#3233 = AXIS2_PLACEMENT_3D('',#3234,#3235,#3236);
#3234 = CARTESIAN_POINT('',(21.463,8.3312,0.));
#3235 = DIRECTION('',(0.,1.,0.));
#3236 = DIRECTION('',(1.,0.,0.));
#3237 = ADVANCED_FACE('',(#3238),#3264,.T.);
#3238 = FACE_BOUND('',#3239,.T.);
#3239 = EDGE_LOOP('',(#3240,#3248,#3249,#3257));
#3240 = ORIENTED_EDGE('',*,*,#3241,.F.);
#3241 = EDGE_CURVE('',#3216,#3242,#3244,.T.);
#3242 = VERTEX_POINT('',#3243);
#3243 = CARTESIAN_POINT('',(-16.51,10.3632,-4.64566));
#3244 = LINE('',#3245,#3246);
#3245 = CARTESIAN_POINT('',(-16.51,8.3312,-4.64566));
#3246 = VECTOR('',#3247,1.);
#3247 = DIRECTION('',(0.,1.,0.));
#3248 = ORIENTED_EDGE('',*,*,#3215,.T.);
#3249 = ORIENTED_EDGE('',*,*,#3250,.T.);
#3250 = EDGE_CURVE('',#3218,#3251,#3253,.T.);
#3251 = VERTEX_POINT('',#3252);
#3252 = CARTESIAN_POINT('',(-16.51,10.3632,-8.05434));
#3253 = LINE('',#3254,#3255);
#3254 = CARTESIAN_POINT('',(-16.51,8.3312,-8.05434));
#3255 = VECTOR('',#3256,1.);
#3256 = DIRECTION('',(0.,1.,0.));
#3257 = ORIENTED_EDGE('',*,*,#3258,.F.);
#3258 = EDGE_CURVE('',#3242,#3251,#3259,.T.);
#3259 = CIRCLE('',#3260,1.70434);
#3260 = AXIS2_PLACEMENT_3D('',#3261,#3262,#3263);
#3261 = CARTESIAN_POINT('',(-16.51,10.3632,-6.35));
#3262 = DIRECTION('',(0.,1.,0.));
#3263 = DIRECTION('',(0.,-0.,1.));
#3264 = CYLINDRICAL_SURFACE('',#3265,1.70434);
#3265 = AXIS2_PLACEMENT_3D('',#3266,#3267,#3268);
#3266 = CARTESIAN_POINT('',(-16.51,3.89001,-6.35));
#3267 = DIRECTION('',(0.,1.,0.));
#3268 = DIRECTION('',(0.,-0.,1.));
#3269 = ADVANCED_FACE('',(#3270,#3304),#3314,.F.);
#3270 = FACE_BOUND('',#3271,.F.);
#3271 = EDGE_LOOP('',(#3272,#3282,#3290,#3298));
#3272 = ORIENTED_EDGE('',*,*,#3273,.T.);
#3273 = EDGE_CURVE('',#3274,#3276,#3278,.T.);
#3274 = VERTEX_POINT('',#3275);
#3275 = CARTESIAN_POINT('',(-19.7231,10.3632,-9.5631));
#3276 = VERTEX_POINT('',#3277);
#3277 = CARTESIAN_POINT('',(-19.7231,10.3632,-3.1369));
#3278 = LINE('',#3279,#3280);
#3279 = CARTESIAN_POINT('',(-19.7231,10.3632,-9.5631));
#3280 = VECTOR('',#3281,1.);
#3281 = DIRECTION('',(0.,0.,1.));
#3282 = ORIENTED_EDGE('',*,*,#3283,.T.);
#3283 = EDGE_CURVE('',#3276,#3284,#3286,.T.);
#3284 = VERTEX_POINT('',#3285);
#3285 = CARTESIAN_POINT('',(-13.2969,10.3632,-3.1369));
#3286 = LINE('',#3287,#3288);
#3287 = CARTESIAN_POINT('',(-19.7231,10.3632,-3.1369));
#3288 = VECTOR('',#3289,1.);
#3289 = DIRECTION('',(1.,0.,0.));
#3290 = ORIENTED_EDGE('',*,*,#3291,.T.);
#3291 = EDGE_CURVE('',#3284,#3292,#3294,.T.);
#3292 = VERTEX_POINT('',#3293);
#3293 = CARTESIAN_POINT('',(-13.2969,10.3632,-9.5631));
#3294 = LINE('',#3295,#3296);
#3295 = CARTESIAN_POINT('',(-13.2969,10.3632,-3.1369));
#3296 = VECTOR('',#3297,1.);
#3297 = DIRECTION('',(0.,0.,-1.));
#3298 = ORIENTED_EDGE('',*,*,#3299,.T.);
#3299 = EDGE_CURVE('',#3292,#3274,#3300,.T.);
#3300 = LINE('',#3301,#3302);
#3301 = CARTESIAN_POINT('',(-13.2969,10.3632,-9.5631));
#3302 = VECTOR('',#3303,1.);
#3303 = DIRECTION('',(-1.,0.,0.));
#3304 = FACE_BOUND('',#3305,.F.);
#3305 = EDGE_LOOP('',(#3306,#3307));
#3306 = ORIENTED_EDGE('',*,*,#3258,.F.);
#3307 = ORIENTED_EDGE('',*,*,#3308,.F.);
#3308 = EDGE_CURVE('',#3251,#3242,#3309,.T.);
#3309 = CIRCLE('',#3310,1.70434);
#3310 = AXIS2_PLACEMENT_3D('',#3311,#3312,#3313);
#3311 = CARTESIAN_POINT('',(-16.51,10.3632,-6.35));
#3312 = DIRECTION('',(0.,1.,0.));
#3313 = DIRECTION('',(0.,0.,-1.));
#3314 = PLANE('',#3315);
#3315 = AXIS2_PLACEMENT_3D('',#3316,#3317,#3318);
#3316 = CARTESIAN_POINT('',(21.463,10.3632,0.));
#3317 = DIRECTION('',(0.,1.,0.));
#3318 = DIRECTION('',(1.,0.,0.));
#3319 = ADVANCED_FACE('',(#3320),#3361,.T.);
#3320 = FACE_BOUND('',#3321,.F.);
#3321 = EDGE_LOOP('',(#3322,#3332,#3340,#3346,#3347,#3355));
#3322 = ORIENTED_EDGE('',*,*,#3323,.T.);
#3323 = EDGE_CURVE('',#3324,#3326,#3328,.T.);
#3324 = VERTEX_POINT('',#3325);
#3325 = CARTESIAN_POINT('',(-19.7231,12.1412,-7.2622808778));
#3326 = VERTEX_POINT('',#3327);
#3327 = CARTESIAN_POINT('',(-19.7231,12.1412,-5.4377191222));
#3328 = LINE('',#3329,#3330);
#3329 = CARTESIAN_POINT('',(-19.7231,12.1412,-7.2622808778));
#3330 = VECTOR('',#3331,1.);
#3331 = DIRECTION('',(0.,0.,1.));
#3332 = ORIENTED_EDGE('',*,*,#3333,.T.);
#3333 = EDGE_CURVE('',#3326,#3334,#3336,.T.);
#3334 = VERTEX_POINT('',#3335);
#3335 = CARTESIAN_POINT('',(-19.7231,12.1412,-3.1369));
#3336 = LINE('',#3337,#3338);
#3337 = CARTESIAN_POINT('',(-19.7231,12.1412,-5.4377191222));
#3338 = VECTOR('',#3339,1.);
#3339 = DIRECTION('',(0.,0.,1.));
#3340 = ORIENTED_EDGE('',*,*,#3341,.T.);
#3341 = EDGE_CURVE('',#3334,#3276,#3342,.T.);
#3342 = LINE('',#3343,#3344);
#3343 = CARTESIAN_POINT('',(-19.7231,12.1412,-3.1369));
#3344 = VECTOR('',#3345,1.);
#3345 = DIRECTION('',(0.,-1.,0.));
#3346 = ORIENTED_EDGE('',*,*,#3273,.F.);
#3347 = ORIENTED_EDGE('',*,*,#3348,.F.);
#3348 = EDGE_CURVE('',#3349,#3274,#3351,.T.);
#3349 = VERTEX_POINT('',#3350);
#3350 = CARTESIAN_POINT('',(-19.7231,12.1412,-9.5631));
#3351 = LINE('',#3352,#3353);
#3352 = CARTESIAN_POINT('',(-19.7231,12.1412,-9.5631));
#3353 = VECTOR('',#3354,1.);
#3354 = DIRECTION('',(0.,-1.,0.));
#3355 = ORIENTED_EDGE('',*,*,#3356,.T.);
#3356 = EDGE_CURVE('',#3349,#3324,#3357,.T.);
#3357 = LINE('',#3358,#3359);
#3358 = CARTESIAN_POINT('',(-19.7231,12.1412,-9.5631));
#3359 = VECTOR('',#3360,1.);
#3360 = DIRECTION('',(0.,0.,1.));
#3361 = PLANE('',#3362);
#3362 = AXIS2_PLACEMENT_3D('',#3363,#3364,#3365);
#3363 = CARTESIAN_POINT('',(-19.7231,12.1412,-9.5631));
#3364 = DIRECTION('',(-1.,0.,0.));
#3365 = DIRECTION('',(0.,0.,1.));
#3366 = ADVANCED_FACE('',(#3367),#3377,.F.);
#3367 = FACE_BOUND('',#3368,.F.);
#3368 = EDGE_LOOP('',(#3369,#3370));
#3369 = ORIENTED_EDGE('',*,*,#3323,.F.);
#3370 = ORIENTED_EDGE('',*,*,#3371,.F.);
#3371 = EDGE_CURVE('',#3326,#3324,#3372,.T.);
#3372 = CIRCLE('',#3373,3.3401);
#3373 = AXIS2_PLACEMENT_3D('',#3374,#3375,#3376);
#3374 = CARTESIAN_POINT('',(-16.51,12.1412,-6.35));
#3375 = DIRECTION('',(0.,-1.,0.));
#3376 = DIRECTION('',(-0.961977186312,0.,0.273129809826));
#3377 = PLANE('',#3378);
#3378 = AXIS2_PLACEMENT_3D('',#3379,#3380,#3381);
#3379 = CARTESIAN_POINT('',(-16.51,12.1412,-6.35));
#3380 = DIRECTION('',(0.,1.,0.));
#3381 = DIRECTION('',(0.,-0.,1.));
#3382 = ADVANCED_FACE('',(#3383),#3411,.F.);
#3383 = FACE_BOUND('',#3384,.F.);
#3384 = EDGE_LOOP('',(#3385,#3395,#3404));
#3385 = ORIENTED_EDGE('',*,*,#3386,.F.);
#3386 = EDGE_CURVE('',#3387,#3389,#3391,.T.);
#3387 = VERTEX_POINT('',#3388);
#3388 = CARTESIAN_POINT('',(-17.4222808778,12.1412,-3.1369));
#3389 = VERTEX_POINT('',#3390);
#3390 = CARTESIAN_POINT('',(-15.5977191222,12.1412,-3.1369));
#3391 = LINE('',#3392,#3393);
#3392 = CARTESIAN_POINT('',(-17.4222808778,12.1412,-3.1369));
#3393 = VECTOR('',#3394,1.);
#3394 = DIRECTION('',(1.,0.,0.));
#3395 = ORIENTED_EDGE('',*,*,#3396,.F.);
#3396 = EDGE_CURVE('',#3397,#3387,#3399,.T.);
#3397 = VERTEX_POINT('',#3398);
#3398 = CARTESIAN_POINT('',(-16.51,12.1412,-3.0099));
#3399 = CIRCLE('',#3400,3.3401);
#3400 = AXIS2_PLACEMENT_3D('',#3401,#3402,#3403);
#3401 = CARTESIAN_POINT('',(-16.51,12.1412,-6.35));
#3402 = DIRECTION('',(0.,-1.,0.));
#3403 = DIRECTION('',(0.,0.,1.));
#3404 = ORIENTED_EDGE('',*,*,#3405,.T.);
#3405 = EDGE_CURVE('',#3397,#3389,#3406,.T.);
#3406 = CIRCLE('',#3407,3.3401);
#3407 = AXIS2_PLACEMENT_3D('',#3408,#3409,#3410);
#3408 = CARTESIAN_POINT('',(-16.51,12.1412,-6.35));
#3409 = DIRECTION('',(0.,1.,0.));
#3410 = DIRECTION('',(0.,-0.,1.));
#3411 = PLANE('',#3412);
#3412 = AXIS2_PLACEMENT_3D('',#3413,#3414,#3415);
#3413 = CARTESIAN_POINT('',(-16.51,12.1412,-6.35));
#3414 = DIRECTION('',(0.,1.,0.));
#3415 = DIRECTION('',(0.,-0.,1.));
#3416 = ADVANCED_FACE('',(#3417),#3436,.F.);
#3417 = FACE_BOUND('',#3418,.F.);
#3418 = EDGE_LOOP('',(#3419,#3429));
#3419 = ORIENTED_EDGE('',*,*,#3420,.F.);
#3420 = EDGE_CURVE('',#3421,#3423,#3425,.T.);
#3421 = VERTEX_POINT('',#3422);
#3422 = CARTESIAN_POINT('',(-13.2969,12.1412,-5.4377191222));
#3423 = VERTEX_POINT('',#3424);
#3424 = CARTESIAN_POINT('',(-13.2969,12.1412,-7.2622808778));
#3425 = LINE('',#3426,#3427);
#3426 = CARTESIAN_POINT('',(-13.2969,12.1412,-5.4377191222));
#3427 = VECTOR('',#3428,1.);
#3428 = DIRECTION('',(0.,0.,-1.));
#3429 = ORIENTED_EDGE('',*,*,#3430,.T.);
#3430 = EDGE_CURVE('',#3421,#3423,#3431,.T.);
#3431 = CIRCLE('',#3432,3.3401);
#3432 = AXIS2_PLACEMENT_3D('',#3433,#3434,#3435);
#3433 = CARTESIAN_POINT('',(-16.51,12.1412,-6.35));
#3434 = DIRECTION('',(0.,1.,0.));
#3435 = DIRECTION('',(0.961977186312,-0.,0.273129809826));
#3436 = PLANE('',#3437);
#3437 = AXIS2_PLACEMENT_3D('',#3438,#3439,#3440);
#3438 = CARTESIAN_POINT('',(-16.51,12.1412,-6.35));
#3439 = DIRECTION('',(0.,1.,0.));
#3440 = DIRECTION('',(0.,-0.,1.));
#3441 = ADVANCED_FACE('',(#3442),#3470,.F.);
#3442 = FACE_BOUND('',#3443,.F.);
#3443 = EDGE_LOOP('',(#3444,#3454,#3463));
#3444 = ORIENTED_EDGE('',*,*,#3445,.F.);
#3445 = EDGE_CURVE('',#3446,#3448,#3450,.T.);
#3446 = VERTEX_POINT('',#3447);
#3447 = CARTESIAN_POINT('',(-15.5977191222,12.1412,-9.5631));
#3448 = VERTEX_POINT('',#3449);
#3449 = CARTESIAN_POINT('',(-17.4222808778,12.1412,-9.5631));
#3450 = LINE('',#3451,#3452);
#3451 = CARTESIAN_POINT('',(-15.5977191222,12.1412,-9.5631));
#3452 = VECTOR('',#3453,1.);
#3453 = DIRECTION('',(-1.,0.,0.));
#3454 = ORIENTED_EDGE('',*,*,#3455,.T.);
#3455 = EDGE_CURVE('',#3446,#3456,#3458,.T.);
#3456 = VERTEX_POINT('',#3457);
#3457 = CARTESIAN_POINT('',(-16.51,12.1412,-9.6901));
#3458 = CIRCLE('',#3459,3.3401);
#3459 = AXIS2_PLACEMENT_3D('',#3460,#3461,#3462);
#3460 = CARTESIAN_POINT('',(-16.51,12.1412,-6.35));
#3461 = DIRECTION('',(0.,1.,0.));
#3462 = DIRECTION('',(0.273129809826,0.,-0.961977186312));
#3463 = ORIENTED_EDGE('',*,*,#3464,.F.);
#3464 = EDGE_CURVE('',#3448,#3456,#3465,.T.);
#3465 = CIRCLE('',#3466,3.3401);
#3466 = AXIS2_PLACEMENT_3D('',#3467,#3468,#3469);
#3467 = CARTESIAN_POINT('',(-16.51,12.1412,-6.35));
#3468 = DIRECTION('',(0.,-1.,0.));
#3469 = DIRECTION('',(-0.273129809826,-0.,-0.961977186312));
#3470 = PLANE('',#3471);
#3471 = AXIS2_PLACEMENT_3D('',#3472,#3473,#3474);
#3472 = CARTESIAN_POINT('',(-16.51,12.1412,-6.35));
#3473 = DIRECTION('',(0.,1.,0.));
#3474 = DIRECTION('',(0.,-0.,1.));
#3475 = ADVANCED_FACE('',(#3476),#3518,.T.);
#3476 = FACE_BOUND('',#3477,.T.);
#3477 = EDGE_LOOP('',(#3478,#3479,#3486,#3487,#3495,#3504,#3510,#3511));
#3478 = ORIENTED_EDGE('',*,*,#3371,.F.);
#3479 = ORIENTED_EDGE('',*,*,#3480,.T.);
#3480 = EDGE_CURVE('',#3326,#3387,#3481,.T.);
#3481 = CIRCLE('',#3482,3.3401);
#3482 = AXIS2_PLACEMENT_3D('',#3483,#3484,#3485);
#3483 = CARTESIAN_POINT('',(-16.51,12.1412,-6.35));
#3484 = DIRECTION('',(0.,1.,0.));
#3485 = DIRECTION('',(-0.961977186312,0.,0.273129809826));
#3486 = ORIENTED_EDGE('',*,*,#3396,.F.);
#3487 = ORIENTED_EDGE('',*,*,#3488,.T.);
#3488 = EDGE_CURVE('',#3397,#3489,#3491,.T.);
#3489 = VERTEX_POINT('',#3490);
#3490 = CARTESIAN_POINT('',(-16.51,13.6652,-3.0099));
#3491 = LINE('',#3492,#3493);
#3492 = CARTESIAN_POINT('',(-16.51,12.1412,-3.0099));
#3493 = VECTOR('',#3494,1.);
#3494 = DIRECTION('',(0.,1.,0.));
#3495 = ORIENTED_EDGE('',*,*,#3496,.T.);
#3496 = EDGE_CURVE('',#3489,#3497,#3499,.T.);
#3497 = VERTEX_POINT('',#3498);
#3498 = CARTESIAN_POINT('',(-16.51,13.6652,-9.6901));
#3499 = CIRCLE('',#3500,3.3401);
#3500 = AXIS2_PLACEMENT_3D('',#3501,#3502,#3503);
#3501 = CARTESIAN_POINT('',(-16.51,13.6652,-6.35));
#3502 = DIRECTION('',(0.,-1.,0.));
#3503 = DIRECTION('',(0.,0.,1.));
#3504 = ORIENTED_EDGE('',*,*,#3505,.F.);
#3505 = EDGE_CURVE('',#3456,#3497,#3506,.T.);
#3506 = LINE('',#3507,#3508);
#3507 = CARTESIAN_POINT('',(-16.51,12.1412,-9.6901));
#3508 = VECTOR('',#3509,1.);
#3509 = DIRECTION('',(0.,1.,0.));
#3510 = ORIENTED_EDGE('',*,*,#3464,.F.);
#3511 = ORIENTED_EDGE('',*,*,#3512,.T.);
#3512 = EDGE_CURVE('',#3448,#3324,#3513,.T.);
#3513 = CIRCLE('',#3514,3.3401);
#3514 = AXIS2_PLACEMENT_3D('',#3515,#3516,#3517);
#3515 = CARTESIAN_POINT('',(-16.51,12.1412,-6.35));
#3516 = DIRECTION('',(0.,1.,0.));
#3517 = DIRECTION('',(-0.273129809826,0.,-0.961977186312));
#3518 = CYLINDRICAL_SURFACE('',#3519,3.3401);
#3519 = AXIS2_PLACEMENT_3D('',#3520,#3521,#3522);
#3520 = CARTESIAN_POINT('',(-16.51,3.89001,-6.35));
#3521 = DIRECTION('',(0.,1.,0.));
#3522 = DIRECTION('',(0.,-0.,1.));
#3523 = ADVANCED_FACE('',(#3524),#3547,.T.);
#3524 = FACE_BOUND('',#3525,.F.);
#3525 = EDGE_LOOP('',(#3526,#3533,#3541));
#3526 = ORIENTED_EDGE('',*,*,#3527,.T.);
#3527 = EDGE_CURVE('',#3389,#3421,#3528,.T.);
#3528 = CIRCLE('',#3529,3.3401);
#3529 = AXIS2_PLACEMENT_3D('',#3530,#3531,#3532);
#3530 = CARTESIAN_POINT('',(-16.51,12.1412,-6.35));
#3531 = DIRECTION('',(0.,1.,0.));
#3532 = DIRECTION('',(0.273129809826,-0.,0.961977186312));
#3533 = ORIENTED_EDGE('',*,*,#3534,.F.);
#3534 = EDGE_CURVE('',#3535,#3421,#3537,.T.);
#3535 = VERTEX_POINT('',#3536);
#3536 = CARTESIAN_POINT('',(-13.2969,12.1412,-3.1369));
#3537 = LINE('',#3538,#3539);
#3538 = CARTESIAN_POINT('',(-13.2969,12.1412,-3.1369));
#3539 = VECTOR('',#3540,1.);
#3540 = DIRECTION('',(0.,0.,-1.));
#3541 = ORIENTED_EDGE('',*,*,#3542,.F.);
#3542 = EDGE_CURVE('',#3389,#3535,#3543,.T.);
#3543 = LINE('',#3544,#3545);
#3544 = CARTESIAN_POINT('',(-15.5977191222,12.1412,-3.1369));
#3545 = VECTOR('',#3546,1.);
#3546 = DIRECTION('',(1.,0.,0.));
#3547 = PLANE('',#3548);
#3548 = AXIS2_PLACEMENT_3D('',#3549,#3550,#3551);
#3549 = CARTESIAN_POINT('',(-16.51,12.1412,-6.35));
#3550 = DIRECTION('',(0.,1.,0.));
#3551 = DIRECTION('',(0.,-0.,1.));
#3552 = ADVANCED_FACE('',(#3553),#3576,.T.);
#3553 = FACE_BOUND('',#3554,.F.);
#3554 = EDGE_LOOP('',(#3555,#3562,#3570));
#3555 = ORIENTED_EDGE('',*,*,#3556,.T.);
#3556 = EDGE_CURVE('',#3423,#3446,#3557,.T.);
#3557 = CIRCLE('',#3558,3.3401);
#3558 = AXIS2_PLACEMENT_3D('',#3559,#3560,#3561);
#3559 = CARTESIAN_POINT('',(-16.51,12.1412,-6.35));
#3560 = DIRECTION('',(0.,1.,0.));
#3561 = DIRECTION('',(0.961977186312,0.,-0.273129809826));
#3562 = ORIENTED_EDGE('',*,*,#3563,.F.);
#3563 = EDGE_CURVE('',#3564,#3446,#3566,.T.);
#3564 = VERTEX_POINT('',#3565);
#3565 = CARTESIAN_POINT('',(-13.2969,12.1412,-9.5631));
#3566 = LINE('',#3567,#3568);
#3567 = CARTESIAN_POINT('',(-13.2969,12.1412,-9.5631));
#3568 = VECTOR('',#3569,1.);
#3569 = DIRECTION('',(-1.,0.,0.));
#3570 = ORIENTED_EDGE('',*,*,#3571,.F.);
#3571 = EDGE_CURVE('',#3423,#3564,#3572,.T.);
#3572 = LINE('',#3573,#3574);
#3573 = CARTESIAN_POINT('',(-13.2969,12.1412,-7.2622808778));
#3574 = VECTOR('',#3575,1.);
#3575 = DIRECTION('',(0.,0.,-1.));
#3576 = PLANE('',#3577);
#3577 = AXIS2_PLACEMENT_3D('',#3578,#3579,#3580);
#3578 = CARTESIAN_POINT('',(-16.51,12.1412,-6.35));
#3579 = DIRECTION('',(0.,1.,0.));
#3580 = DIRECTION('',(0.,-0.,1.));
#3581 = ADVANCED_FACE('',(#3582),#3592,.T.);
#3582 = FACE_BOUND('',#3583,.F.);
#3583 = EDGE_LOOP('',(#3584,#3585,#3586));
#3584 = ORIENTED_EDGE('',*,*,#3512,.T.);
#3585 = ORIENTED_EDGE('',*,*,#3356,.F.);
#3586 = ORIENTED_EDGE('',*,*,#3587,.F.);
#3587 = EDGE_CURVE('',#3448,#3349,#3588,.T.);
#3588 = LINE('',#3589,#3590);
#3589 = CARTESIAN_POINT('',(-17.4222808778,12.1412,-9.5631));
#3590 = VECTOR('',#3591,1.);
#3591 = DIRECTION('',(-1.,0.,0.));
#3592 = PLANE('',#3593);
#3593 = AXIS2_PLACEMENT_3D('',#3594,#3595,#3596);
#3594 = CARTESIAN_POINT('',(-16.51,12.1412,-6.35));
#3595 = DIRECTION('',(0.,1.,0.));
#3596 = DIRECTION('',(0.,-0.,1.));
#3597 = ADVANCED_FACE('',(#3598),#3608,.T.);
#3598 = FACE_BOUND('',#3599,.F.);
#3599 = EDGE_LOOP('',(#3600,#3601,#3607));
#3600 = ORIENTED_EDGE('',*,*,#3480,.T.);
#3601 = ORIENTED_EDGE('',*,*,#3602,.F.);
#3602 = EDGE_CURVE('',#3334,#3387,#3603,.T.);
#3603 = LINE('',#3604,#3605);
#3604 = CARTESIAN_POINT('',(-19.7231,12.1412,-3.1369));
#3605 = VECTOR('',#3606,1.);
#3606 = DIRECTION('',(1.,0.,0.));
#3607 = ORIENTED_EDGE('',*,*,#3333,.F.);
#3608 = PLANE('',#3609);
#3609 = AXIS2_PLACEMENT_3D('',#3610,#3611,#3612);
#3610 = CARTESIAN_POINT('',(-16.51,12.1412,-6.35));
#3611 = DIRECTION('',(0.,1.,0.));
#3612 = DIRECTION('',(0.,-0.,1.));
#3613 = ADVANCED_FACE('',(#3614),#3630,.T.);
#3614 = FACE_BOUND('',#3615,.T.);
#3615 = EDGE_LOOP('',(#3616,#3617,#3618,#3619,#3620,#3627,#3628,#3629));
#3616 = ORIENTED_EDGE('',*,*,#3430,.T.);
#3617 = ORIENTED_EDGE('',*,*,#3556,.T.);
#3618 = ORIENTED_EDGE('',*,*,#3455,.T.);
#3619 = ORIENTED_EDGE('',*,*,#3505,.T.);
#3620 = ORIENTED_EDGE('',*,*,#3621,.F.);
#3621 = EDGE_CURVE('',#3489,#3497,#3622,.T.);
#3622 = CIRCLE('',#3623,3.3401);
#3623 = AXIS2_PLACEMENT_3D('',#3624,#3625,#3626);
#3624 = CARTESIAN_POINT('',(-16.51,13.6652,-6.35));
#3625 = DIRECTION('',(0.,1.,0.));
#3626 = DIRECTION('',(0.,-0.,1.));
#3627 = ORIENTED_EDGE('',*,*,#3488,.F.);
#3628 = ORIENTED_EDGE('',*,*,#3405,.T.);
#3629 = ORIENTED_EDGE('',*,*,#3527,.T.);
#3630 = CYLINDRICAL_SURFACE('',#3631,3.3401);
#3631 = AXIS2_PLACEMENT_3D('',#3632,#3633,#3634);
#3632 = CARTESIAN_POINT('',(-16.51,3.89001,-6.35));
#3633 = DIRECTION('',(0.,1.,0.));
#3634 = DIRECTION('',(0.,-0.,1.));
#3635 = ADVANCED_FACE('',(#3636),#3655,.T.);
#3636 = FACE_BOUND('',#3637,.T.);
#3637 = EDGE_LOOP('',(#3638,#3639,#3648));
#3638 = ORIENTED_EDGE('',*,*,#3621,.T.);
#3639 = ORIENTED_EDGE('',*,*,#3640,.T.);
#3640 = EDGE_CURVE('',#3497,#3641,#3643,.T.);
#3641 = VERTEX_POINT('',#3642);
#3642 = CARTESIAN_POINT('',(-16.51,14.478,-6.35));
#3643 = CIRCLE('',#3644,7.26926171875);
#3644 = AXIS2_PLACEMENT_3D('',#3645,#3646,#3647);
#3645 = CARTESIAN_POINT('',(-16.51,7.20873828125,-6.35));
#3646 = DIRECTION('',(1.,0.,0.));
#3647 = DIRECTION('',(0.,0.888186719443,-0.459482699788));
#3648 = ORIENTED_EDGE('',*,*,#3649,.F.);
#3649 = EDGE_CURVE('',#3489,#3641,#3650,.T.);
#3650 = CIRCLE('',#3651,7.26926171875);
#3651 = AXIS2_PLACEMENT_3D('',#3652,#3653,#3654);
#3652 = CARTESIAN_POINT('',(-16.51,7.20873828125,-6.35));
#3653 = DIRECTION('',(-1.,0.,0.));
#3654 = DIRECTION('',(0.,0.888186719443,0.459482699788));
#3655 = SPHERICAL_SURFACE('',#3656,7.26926171875);
#3656 = AXIS2_PLACEMENT_3D('',#3657,#3658,#3659);
#3657 = CARTESIAN_POINT('',(-16.51,7.20873828125,-6.35));
#3658 = DIRECTION('',(0.,1.,0.));
#3659 = DIRECTION('',(0.,-0.,1.));
#3660 = ADVANCED_FACE('',(#3661),#3666,.T.);
#3661 = FACE_BOUND('',#3662,.T.);
#3662 = EDGE_LOOP('',(#3663,#3664,#3665));
#3663 = ORIENTED_EDGE('',*,*,#3640,.F.);
#3664 = ORIENTED_EDGE('',*,*,#3496,.F.);
#3665 = ORIENTED_EDGE('',*,*,#3649,.T.);
#3666 = SPHERICAL_SURFACE('',#3667,7.26926171875);
#3667 = AXIS2_PLACEMENT_3D('',#3668,#3669,#3670);
#3668 = CARTESIAN_POINT('',(-16.51,7.20873828125,-6.35));
#3669 = DIRECTION('',(0.,1.,0.));
#3670 = DIRECTION('',(0.,-0.,1.));
#3671 = ADVANCED_FACE('',(#3672),#3690,.T.);
#3672 = FACE_BOUND('',#3673,.F.);
#3673 = EDGE_LOOP('',(#3674,#3675,#3676,#3682,#3683,#3689));
#3674 = ORIENTED_EDGE('',*,*,#3420,.T.);
#3675 = ORIENTED_EDGE('',*,*,#3571,.T.);
#3676 = ORIENTED_EDGE('',*,*,#3677,.T.);
#3677 = EDGE_CURVE('',#3564,#3292,#3678,.T.);
#3678 = LINE('',#3679,#3680);
#3679 = CARTESIAN_POINT('',(-13.2969,12.1412,-9.5631));
#3680 = VECTOR('',#3681,1.);
#3681 = DIRECTION('',(0.,-1.,0.));
#3682 = ORIENTED_EDGE('',*,*,#3291,.F.);
#3683 = ORIENTED_EDGE('',*,*,#3684,.F.);
#3684 = EDGE_CURVE('',#3535,#3284,#3685,.T.);
#3685 = LINE('',#3686,#3687);
#3686 = CARTESIAN_POINT('',(-13.2969,12.1412,-3.1369));
#3687 = VECTOR('',#3688,1.);
#3688 = DIRECTION('',(0.,-1.,0.));
#3689 = ORIENTED_EDGE('',*,*,#3534,.T.);
#3690 = PLANE('',#3691);
#3691 = AXIS2_PLACEMENT_3D('',#3692,#3693,#3694);
#3692 = CARTESIAN_POINT('',(-13.2969,12.1412,-3.1369));
#3693 = DIRECTION('',(1.,0.,0.));
#3694 = DIRECTION('',(0.,0.,-1.));
#3695 = ADVANCED_FACE('',(#3696),#3704,.T.);
#3696 = FACE_BOUND('',#3697,.F.);
#3697 = EDGE_LOOP('',(#3698,#3699,#3700,#3701,#3702,#3703));
#3698 = ORIENTED_EDGE('',*,*,#3445,.T.);
#3699 = ORIENTED_EDGE('',*,*,#3587,.T.);
#3700 = ORIENTED_EDGE('',*,*,#3348,.T.);
#3701 = ORIENTED_EDGE('',*,*,#3299,.F.);
#3702 = ORIENTED_EDGE('',*,*,#3677,.F.);
#3703 = ORIENTED_EDGE('',*,*,#3563,.T.);
#3704 = PLANE('',#3705);
#3705 = AXIS2_PLACEMENT_3D('',#3706,#3707,#3708);
#3706 = CARTESIAN_POINT('',(-13.2969,12.1412,-9.5631));
#3707 = DIRECTION('',(0.,0.,-1.));
#3708 = DIRECTION('',(-1.,0.,0.));
#3709 = ADVANCED_FACE('',(#3710),#3718,.T.);
#3710 = FACE_BOUND('',#3711,.F.);
#3711 = EDGE_LOOP('',(#3712,#3713,#3714,#3715,#3716,#3717));
#3712 = ORIENTED_EDGE('',*,*,#3386,.T.);
#3713 = ORIENTED_EDGE('',*,*,#3542,.T.);
#3714 = ORIENTED_EDGE('',*,*,#3684,.T.);
#3715 = ORIENTED_EDGE('',*,*,#3283,.F.);
#3716 = ORIENTED_EDGE('',*,*,#3341,.F.);
#3717 = ORIENTED_EDGE('',*,*,#3602,.T.);
#3718 = PLANE('',#3719);
#3719 = AXIS2_PLACEMENT_3D('',#3720,#3721,#3722);
#3720 = CARTESIAN_POINT('',(-19.7231,12.1412,-3.1369));
#3721 = DIRECTION('',(0.,0.,1.));
#3722 = DIRECTION('',(1.,0.,-0.));
#3723 = ADVANCED_FACE('',(#3724),#3730,.T.);
#3724 = FACE_BOUND('',#3725,.T.);
#3725 = EDGE_LOOP('',(#3726,#3727,#3728,#3729));
#3726 = ORIENTED_EDGE('',*,*,#3250,.F.);
#3727 = ORIENTED_EDGE('',*,*,#3226,.T.);
#3728 = ORIENTED_EDGE('',*,*,#3241,.T.);
#3729 = ORIENTED_EDGE('',*,*,#3308,.F.);
#3730 = CYLINDRICAL_SURFACE('',#3731,1.70434);
#3731 = AXIS2_PLACEMENT_3D('',#3732,#3733,#3734);
#3732 = CARTESIAN_POINT('',(-16.51,3.89001,-6.35));
#3733 = DIRECTION('',(0.,1.,0.));
#3734 = DIRECTION('',(0.,-0.,1.));
#3735 = ADVANCED_FACE('',(#3736),#3761,.F.);
#3736 = FACE_BOUND('',#3737,.F.);
#3737 = EDGE_LOOP('',(#3738,#3739,#3747,#3755));
#3738 = ORIENTED_EDGE('',*,*,#2106,.F.);
#3739 = ORIENTED_EDGE('',*,*,#3740,.F.);
#3740 = EDGE_CURVE('',#3741,#2107,#3743,.T.);
#3741 = VERTEX_POINT('',#3742);
#3742 = CARTESIAN_POINT('',(-11.9253,7.493,-4.81965));
#3743 = LINE('',#3744,#3745);
#3744 = CARTESIAN_POINT('',(-11.9253,7.493,-4.81965));
#3745 = VECTOR('',#3746,1.);
#3746 = DIRECTION('',(0.,1.,0.));
#3747 = ORIENTED_EDGE('',*,*,#3748,.T.);
#3748 = EDGE_CURVE('',#3741,#3749,#3751,.T.);
#3749 = VERTEX_POINT('',#3750);
#3750 = CARTESIAN_POINT('',(-11.6205,7.493,-4.51485));
#3751 = LINE('',#3752,#3753);
#3752 = CARTESIAN_POINT('',(-11.9253,7.493,-4.81965));
#3753 = VECTOR('',#3754,1.);
#3754 = DIRECTION('',(0.707106781187,0.,0.707106781187));
#3755 = ORIENTED_EDGE('',*,*,#3756,.F.);
#3756 = EDGE_CURVE('',#2109,#3749,#3757,.T.);
#3757 = LINE('',#3758,#3759);
#3758 = CARTESIAN_POINT('',(-11.6205,13.462,-4.51485));
#3759 = VECTOR('',#3760,1.);
#3760 = DIRECTION('',(0.,-1.,0.));
#3761 = PLANE('',#3762);
#3762 = AXIS2_PLACEMENT_3D('',#3763,#3764,#3765);
#3763 = CARTESIAN_POINT('',(-11.6205,13.462,-4.51485));
#3764 = DIRECTION('',(-0.707106781187,0.,0.707106781187));
#3765 = DIRECTION('',(-0.707106781187,0.,-0.707106781187));
#3766 = ADVANCED_FACE('',(#3767),#3785,.F.);
#3767 = FACE_BOUND('',#3768,.F.);
#3768 = EDGE_LOOP('',(#3769,#3770,#3778,#3784));
#3769 = ORIENTED_EDGE('',*,*,#2178,.F.);
#3770 = ORIENTED_EDGE('',*,*,#3771,.F.);
#3771 = EDGE_CURVE('',#3772,#2171,#3774,.T.);
#3772 = VERTEX_POINT('',#3773);
#3773 = CARTESIAN_POINT('',(-11.9253,7.493,-7.88035));
#3774 = LINE('',#3775,#3776);
#3775 = CARTESIAN_POINT('',(-11.9253,7.493,-7.88035));
#3776 = VECTOR('',#3777,1.);
#3777 = DIRECTION('',(0.,1.,0.));
#3778 = ORIENTED_EDGE('',*,*,#3779,.T.);
#3779 = EDGE_CURVE('',#3772,#3741,#3780,.T.);
#3780 = LINE('',#3781,#3782);
#3781 = CARTESIAN_POINT('',(-11.9253,7.493,-7.88035));
#3782 = VECTOR('',#3783,1.);
#3783 = DIRECTION('',(0.,0.,1.));
#3784 = ORIENTED_EDGE('',*,*,#3740,.T.);
#3785 = PLANE('',#3786);
#3786 = AXIS2_PLACEMENT_3D('',#3787,#3788,#3789);
#3787 = CARTESIAN_POINT('',(-11.9253,13.462,-4.81965));
#3788 = DIRECTION('',(-1.,0.,0.));
#3789 = DIRECTION('',(0.,0.,-1.));
#3790 = ADVANCED_FACE('',(#3791),#3809,.F.);
#3791 = FACE_BOUND('',#3792,.F.);
#3792 = EDGE_LOOP('',(#3793,#3794,#3802,#3808));
#3793 = ORIENTED_EDGE('',*,*,#2170,.F.);
#3794 = ORIENTED_EDGE('',*,*,#3795,.T.);
#3795 = EDGE_CURVE('',#2163,#3796,#3798,.T.);
#3796 = VERTEX_POINT('',#3797);
#3797 = CARTESIAN_POINT('',(-11.6205,7.493,-8.18515));
#3798 = LINE('',#3799,#3800);
#3799 = CARTESIAN_POINT('',(-11.6205,13.462,-8.18515));
#3800 = VECTOR('',#3801,1.);
#3801 = DIRECTION('',(0.,-1.,0.));
#3802 = ORIENTED_EDGE('',*,*,#3803,.T.);
#3803 = EDGE_CURVE('',#3796,#3772,#3804,.T.);
#3804 = LINE('',#3805,#3806);
#3805 = CARTESIAN_POINT('',(-11.6205,7.493,-8.18515));
#3806 = VECTOR('',#3807,1.);
#3807 = DIRECTION('',(-0.707106781187,0.,0.707106781186));
#3808 = ORIENTED_EDGE('',*,*,#3771,.T.);
#3809 = PLANE('',#3810);
#3810 = AXIS2_PLACEMENT_3D('',#3811,#3812,#3813);
#3811 = CARTESIAN_POINT('',(-11.9253,13.462,-7.88035));
#3812 = DIRECTION('',(-0.707106781187,0.,-0.707106781187));
#3813 = DIRECTION('',(0.707106781187,0.,-0.707106781187));
#3814 = ADVANCED_FACE('',(#3815),#3835,.F.);
#3815 = FACE_BOUND('',#3816,.F.);
#3816 = EDGE_LOOP('',(#3817,#3825,#3831,#3832,#3833,#3834));
#3817 = ORIENTED_EDGE('',*,*,#3818,.F.);
#3818 = EDGE_CURVE('',#3819,#3749,#3821,.T.);
#3819 = VERTEX_POINT('',#3820);
#3820 = CARTESIAN_POINT('',(-11.6205,7.493,-0.81866605982));
#3821 = LINE('',#3822,#3823);
#3822 = CARTESIAN_POINT('',(-11.6205,7.493,-0.81866605982));
#3823 = VECTOR('',#3824,1.);
#3824 = DIRECTION('',(0.,0.,-1.));
#3825 = ORIENTED_EDGE('',*,*,#3826,.F.);
#3826 = EDGE_CURVE('',#652,#3819,#3827,.T.);
#3827 = LINE('',#3828,#3829);
#3828 = CARTESIAN_POINT('',(-11.6205,0.8255,0.));
#3829 = VECTOR('',#3830,1.);
#3830 = DIRECTION('',(0.,0.992546151641,-0.121869343405));
#3831 = ORIENTED_EDGE('',*,*,#651,.F.);
#3832 = ORIENTED_EDGE('',*,*,#937,.T.);
#3833 = ORIENTED_EDGE('',*,*,#2116,.T.);
#3834 = ORIENTED_EDGE('',*,*,#3756,.T.);
#3835 = PLANE('',#3836);
#3836 = AXIS2_PLACEMENT_3D('',#3837,#3838,#3839);
#3837 = CARTESIAN_POINT('',(-11.6205,13.462,-1.6002));
#3838 = DIRECTION('',(-1.,0.,0.));
#3839 = DIRECTION('',(0.,0.,1.));
#3840 = ADVANCED_FACE('',(#3841),#3861,.F.);
#3841 = FACE_BOUND('',#3842,.F.);
#3842 = EDGE_LOOP('',(#3843,#3851,#3852,#3853,#3854,#3855));
#3843 = ORIENTED_EDGE('',*,*,#3844,.F.);
#3844 = EDGE_CURVE('',#3796,#3845,#3847,.T.);
#3845 = VERTEX_POINT('',#3846);
#3846 = CARTESIAN_POINT('',(-11.6205,7.493,-11.88133394018));
#3847 = LINE('',#3848,#3849);
#3848 = CARTESIAN_POINT('',(-11.6205,7.493,-8.18515));
#3849 = VECTOR('',#3850,1.);
#3850 = DIRECTION('',(0.,0.,-1.));
#3851 = ORIENTED_EDGE('',*,*,#3795,.F.);
#3852 = ORIENTED_EDGE('',*,*,#2162,.T.);
#3853 = ORIENTED_EDGE('',*,*,#1900,.T.);
#3854 = ORIENTED_EDGE('',*,*,#1697,.T.);
#3855 = ORIENTED_EDGE('',*,*,#3856,.F.);
#3856 = EDGE_CURVE('',#3845,#1690,#3857,.T.);
#3857 = LINE('',#3858,#3859);
#3858 = CARTESIAN_POINT('',(-11.6205,7.493,-11.88133394018));
#3859 = VECTOR('',#3860,1.);
#3860 = DIRECTION('',(0.,-0.992546151641,-0.121869343405));
#3861 = PLANE('',#3862);
#3862 = AXIS2_PLACEMENT_3D('',#3863,#3864,#3865);
#3863 = CARTESIAN_POINT('',(-11.6205,13.462,-1.6002));
#3864 = DIRECTION('',(-1.,0.,0.));
#3865 = DIRECTION('',(0.,0.,1.));
#3866 = ADVANCED_FACE('',(#3867,#3928),#4026,.F.);
#3867 = FACE_BOUND('',#3868,.F.);
#3868 = EDGE_LOOP('',(#3869,#3879,#3887,#3895,#3903,#3911,#3917,#3918,
    #3919,#3920,#3921,#3922));
#3869 = ORIENTED_EDGE('',*,*,#3870,.T.);
#3870 = EDGE_CURVE('',#3871,#3873,#3875,.T.);
#3871 = VERTEX_POINT('',#3872);
#3872 = CARTESIAN_POINT('',(-4.8895,7.493,-11.88133394018));
#3873 = VERTEX_POINT('',#3874);
#3874 = CARTESIAN_POINT('',(-4.8895,7.493,-8.18515));
#3875 = LINE('',#3876,#3877);
#3876 = CARTESIAN_POINT('',(-4.8895,7.493,-11.88133394018));
#3877 = VECTOR('',#3878,1.);
#3878 = DIRECTION('',(0.,0.,1.));
#3879 = ORIENTED_EDGE('',*,*,#3880,.F.);
#3880 = EDGE_CURVE('',#3881,#3873,#3883,.T.);
#3881 = VERTEX_POINT('',#3882);
#3882 = CARTESIAN_POINT('',(-4.5847,7.493,-7.88035));
#3883 = LINE('',#3884,#3885);
#3884 = CARTESIAN_POINT('',(-4.5847,7.493,-7.88035));
#3885 = VECTOR('',#3886,1.);
#3886 = DIRECTION('',(-0.707106781187,0.,-0.707106781186));
#3887 = ORIENTED_EDGE('',*,*,#3888,.F.);
#3888 = EDGE_CURVE('',#3889,#3881,#3891,.T.);
#3889 = VERTEX_POINT('',#3890);
#3890 = CARTESIAN_POINT('',(-4.5847,7.493,-4.81965));
#3891 = LINE('',#3892,#3893);
#3892 = CARTESIAN_POINT('',(-4.5847,7.493,-4.81965));
#3893 = VECTOR('',#3894,1.);
#3894 = DIRECTION('',(0.,0.,-1.));
#3895 = ORIENTED_EDGE('',*,*,#3896,.F.);
#3896 = EDGE_CURVE('',#3897,#3889,#3899,.T.);
#3897 = VERTEX_POINT('',#3898);
#3898 = CARTESIAN_POINT('',(-4.8895,7.493,-4.51485));
#3899 = LINE('',#3900,#3901);
#3900 = CARTESIAN_POINT('',(-4.8895,7.493,-4.51485));
#3901 = VECTOR('',#3902,1.);
#3902 = DIRECTION('',(0.707106781187,0.,-0.707106781187));
#3903 = ORIENTED_EDGE('',*,*,#3904,.T.);
#3904 = EDGE_CURVE('',#3897,#3905,#3907,.T.);
#3905 = VERTEX_POINT('',#3906);
#3906 = CARTESIAN_POINT('',(-4.8895,7.493,-0.81866605982));
#3907 = LINE('',#3908,#3909);
#3908 = CARTESIAN_POINT('',(-4.8895,7.493,-4.51485));
#3909 = VECTOR('',#3910,1.);
#3910 = DIRECTION('',(0.,0.,1.));
#3911 = ORIENTED_EDGE('',*,*,#3912,.F.);
#3912 = EDGE_CURVE('',#3819,#3905,#3913,.T.);
#3913 = LINE('',#3914,#3915);
#3914 = CARTESIAN_POINT('',(-11.6205,7.493,-0.81866605982));
#3915 = VECTOR('',#3916,1.);
#3916 = DIRECTION('',(1.,0.,0.));
#3917 = ORIENTED_EDGE('',*,*,#3818,.T.);
#3918 = ORIENTED_EDGE('',*,*,#3748,.F.);
#3919 = ORIENTED_EDGE('',*,*,#3779,.F.);
#3920 = ORIENTED_EDGE('',*,*,#3803,.F.);
#3921 = ORIENTED_EDGE('',*,*,#3844,.T.);
#3922 = ORIENTED_EDGE('',*,*,#3923,.T.);
#3923 = EDGE_CURVE('',#3845,#3871,#3924,.T.);
#3924 = LINE('',#3925,#3926);
#3925 = CARTESIAN_POINT('',(-11.6205,7.493,-11.88133394018));
#3926 = VECTOR('',#3927,1.);
#3927 = DIRECTION('',(1.,0.,0.));
#3928 = FACE_BOUND('',#3929,.F.);
#3929 = EDGE_LOOP('',(#3930,#3940,#3948,#3956,#3964,#3972,#3980,#3988,
    #3996,#4004,#4012,#4020));
#3930 = ORIENTED_EDGE('',*,*,#3931,.T.);
#3931 = EDGE_CURVE('',#3932,#3934,#3936,.T.);
#3932 = VERTEX_POINT('',#3933);
#3933 = CARTESIAN_POINT('',(-11.43,7.493,-8.9154));
#3934 = VERTEX_POINT('',#3935);
#3935 = CARTESIAN_POINT('',(-11.43,7.493,-3.7846));
#3936 = LINE('',#3937,#3938);
#3937 = CARTESIAN_POINT('',(-11.43,7.493,-8.9154));
#3938 = VECTOR('',#3939,1.);
#3939 = DIRECTION('',(0.,0.,1.));
#3940 = ORIENTED_EDGE('',*,*,#3941,.T.);
#3941 = EDGE_CURVE('',#3934,#3942,#3944,.T.);
#3942 = VERTEX_POINT('',#3943);
#3943 = CARTESIAN_POINT('',(-10.6299,7.493,-3.7846));
#3944 = LINE('',#3945,#3946);
#3945 = CARTESIAN_POINT('',(-11.43,7.493,-3.7846));
#3946 = VECTOR('',#3947,1.);
#3947 = DIRECTION('',(1.,0.,0.));
#3948 = ORIENTED_EDGE('',*,*,#3949,.T.);
#3949 = EDGE_CURVE('',#3942,#3950,#3952,.T.);
#3950 = VERTEX_POINT('',#3951);
#3951 = CARTESIAN_POINT('',(-10.6299,7.493,-2.032));
#3952 = LINE('',#3953,#3954);
#3953 = CARTESIAN_POINT('',(-10.6299,7.493,-3.7846));
#3954 = VECTOR('',#3955,1.);
#3955 = DIRECTION('',(0.,0.,1.));
#3956 = ORIENTED_EDGE('',*,*,#3957,.T.);
#3957 = EDGE_CURVE('',#3950,#3958,#3960,.T.);
#3958 = VERTEX_POINT('',#3959);
#3959 = CARTESIAN_POINT('',(-5.8801,7.493,-2.032));
#3960 = LINE('',#3961,#3962);
#3961 = CARTESIAN_POINT('',(-10.6299,7.493,-2.032));
#3962 = VECTOR('',#3963,1.);
#3963 = DIRECTION('',(1.,0.,0.));
#3964 = ORIENTED_EDGE('',*,*,#3965,.T.);
#3965 = EDGE_CURVE('',#3958,#3966,#3968,.T.);
#3966 = VERTEX_POINT('',#3967);
#3967 = CARTESIAN_POINT('',(-5.8801,7.493,-3.7846));
#3968 = LINE('',#3969,#3970);
#3969 = CARTESIAN_POINT('',(-5.8801,7.493,-2.032));
#3970 = VECTOR('',#3971,1.);
#3971 = DIRECTION('',(0.,0.,-1.));
#3972 = ORIENTED_EDGE('',*,*,#3973,.T.);
#3973 = EDGE_CURVE('',#3966,#3974,#3976,.T.);
#3974 = VERTEX_POINT('',#3975);
#3975 = CARTESIAN_POINT('',(-5.08,7.493,-3.7846));
#3976 = LINE('',#3977,#3978);
#3977 = CARTESIAN_POINT('',(-5.8801,7.493,-3.7846));
#3978 = VECTOR('',#3979,1.);
#3979 = DIRECTION('',(1.,0.,0.));
#3980 = ORIENTED_EDGE('',*,*,#3981,.T.);
#3981 = EDGE_CURVE('',#3974,#3982,#3984,.T.);
#3982 = VERTEX_POINT('',#3983);
#3983 = CARTESIAN_POINT('',(-5.08,7.493,-8.9154));
#3984 = LINE('',#3985,#3986);
#3985 = CARTESIAN_POINT('',(-5.08,7.493,-3.7846));
#3986 = VECTOR('',#3987,1.);
#3987 = DIRECTION('',(0.,0.,-1.));
#3988 = ORIENTED_EDGE('',*,*,#3989,.T.);
#3989 = EDGE_CURVE('',#3982,#3990,#3992,.T.);
#3990 = VERTEX_POINT('',#3991);
#3991 = CARTESIAN_POINT('',(-5.8801,7.493,-8.9154));
#3992 = LINE('',#3993,#3994);
#3993 = CARTESIAN_POINT('',(-5.08,7.493,-8.9154));
#3994 = VECTOR('',#3995,1.);
#3995 = DIRECTION('',(-1.,0.,0.));
#3996 = ORIENTED_EDGE('',*,*,#3997,.T.);
#3997 = EDGE_CURVE('',#3990,#3998,#4000,.T.);
#3998 = VERTEX_POINT('',#3999);
#3999 = CARTESIAN_POINT('',(-5.8801,7.493,-10.668));
#4000 = LINE('',#4001,#4002);
#4001 = CARTESIAN_POINT('',(-5.8801,7.493,-8.9154));
#4002 = VECTOR('',#4003,1.);
#4003 = DIRECTION('',(0.,0.,-1.));
#4004 = ORIENTED_EDGE('',*,*,#4005,.T.);
#4005 = EDGE_CURVE('',#3998,#4006,#4008,.T.);
#4006 = VERTEX_POINT('',#4007);
#4007 = CARTESIAN_POINT('',(-10.6299,7.493,-10.668));
#4008 = LINE('',#4009,#4010);
#4009 = CARTESIAN_POINT('',(-5.8801,7.493,-10.668));
#4010 = VECTOR('',#4011,1.);
#4011 = DIRECTION('',(-1.,0.,0.));
#4012 = ORIENTED_EDGE('',*,*,#4013,.T.);
#4013 = EDGE_CURVE('',#4006,#4014,#4016,.T.);
#4014 = VERTEX_POINT('',#4015);
#4015 = CARTESIAN_POINT('',(-10.6299,7.493,-8.9154));
#4016 = LINE('',#4017,#4018);
#4017 = CARTESIAN_POINT('',(-10.6299,7.493,-10.668));
#4018 = VECTOR('',#4019,1.);
#4019 = DIRECTION('',(0.,0.,1.));
#4020 = ORIENTED_EDGE('',*,*,#4021,.T.);
#4021 = EDGE_CURVE('',#4014,#3932,#4022,.T.);
#4022 = LINE('',#4023,#4024);
#4023 = CARTESIAN_POINT('',(-10.6299,7.493,-8.9154));
#4024 = VECTOR('',#4025,1.);
#4025 = DIRECTION('',(-1.,0.,0.));
#4026 = PLANE('',#4027);
#4027 = AXIS2_PLACEMENT_3D('',#4028,#4029,#4030);
#4028 = CARTESIAN_POINT('',(-4.8895,7.493,-0.81866605982));
#4029 = DIRECTION('',(0.,-1.,0.));
#4030 = DIRECTION('',(0.,0.,-1.));
#4031 = ADVANCED_FACE('',(#4032),#4050,.F.);
#4032 = FACE_BOUND('',#4033,.F.);
#4033 = EDGE_LOOP('',(#4034,#4040,#4041,#4047,#4048,#4049));
#4034 = ORIENTED_EDGE('',*,*,#4035,.F.);
#4035 = EDGE_CURVE('',#3873,#2234,#4036,.T.);
#4036 = LINE('',#4037,#4038);
#4037 = CARTESIAN_POINT('',(-4.8895,7.493,-8.18515));
#4038 = VECTOR('',#4039,1.);
#4039 = DIRECTION('',(0.,1.,0.));
#4040 = ORIENTED_EDGE('',*,*,#3870,.F.);
#4041 = ORIENTED_EDGE('',*,*,#4042,.F.);
#4042 = EDGE_CURVE('',#1730,#3871,#4043,.T.);
#4043 = LINE('',#4044,#4045);
#4044 = CARTESIAN_POINT('',(-4.8895,0.8255,-12.7));
#4045 = VECTOR('',#4046,1.);
#4046 = DIRECTION('',(0.,0.992546151641,0.121869343405));
#4047 = ORIENTED_EDGE('',*,*,#1729,.T.);
#4048 = ORIENTED_EDGE('',*,*,#1934,.T.);
#4049 = ORIENTED_EDGE('',*,*,#2241,.T.);
#4050 = PLANE('',#4051);
#4051 = AXIS2_PLACEMENT_3D('',#4052,#4053,#4054);
#4052 = CARTESIAN_POINT('',(-4.8895,0.8255,0.));
#4053 = DIRECTION('',(1.,0.,0.));
#4054 = DIRECTION('',(0.,0.,-1.));
#4055 = ADVANCED_FACE('',(#4056),#4074,.F.);
#4056 = FACE_BOUND('',#4057,.F.);
#4057 = EDGE_LOOP('',(#4058,#4064,#4065,#4066,#4067,#4073));
#4058 = ORIENTED_EDGE('',*,*,#4059,.T.);
#4059 = EDGE_CURVE('',#3897,#2210,#4060,.T.);
#4060 = LINE('',#4061,#4062);
#4061 = CARTESIAN_POINT('',(-4.8895,7.493,-4.51485));
#4062 = VECTOR('',#4063,1.);
#4063 = DIRECTION('',(0.,1.,0.));
#4064 = ORIENTED_EDGE('',*,*,#2209,.T.);
#4065 = ORIENTED_EDGE('',*,*,#980,.T.);
#4066 = ORIENTED_EDGE('',*,*,#731,.F.);
#4067 = ORIENTED_EDGE('',*,*,#4068,.F.);
#4068 = EDGE_CURVE('',#3905,#724,#4069,.T.);
#4069 = LINE('',#4070,#4071);
#4070 = CARTESIAN_POINT('',(-4.8895,7.493,-0.81866605982));
#4071 = VECTOR('',#4072,1.);
#4072 = DIRECTION('',(0.,-0.992546151641,0.121869343405));
#4073 = ORIENTED_EDGE('',*,*,#3904,.F.);
#4074 = PLANE('',#4075);
#4075 = AXIS2_PLACEMENT_3D('',#4076,#4077,#4078);
#4076 = CARTESIAN_POINT('',(-4.8895,0.8255,0.));
#4077 = DIRECTION('',(1.,0.,0.));
#4078 = DIRECTION('',(0.,0.,-1.));
#4079 = ADVANCED_FACE('',(#4080),#4091,.F.);
#4080 = FACE_BOUND('',#4081,.F.);
#4081 = EDGE_LOOP('',(#4082,#4083,#4089,#4090));
#4082 = ORIENTED_EDGE('',*,*,#2233,.F.);
#4083 = ORIENTED_EDGE('',*,*,#4084,.F.);
#4084 = EDGE_CURVE('',#3881,#2226,#4085,.T.);
#4085 = LINE('',#4086,#4087);
#4086 = CARTESIAN_POINT('',(-4.5847,7.493,-7.88035));
#4087 = VECTOR('',#4088,1.);
#4088 = DIRECTION('',(0.,1.,0.));
#4089 = ORIENTED_EDGE('',*,*,#3880,.T.);
#4090 = ORIENTED_EDGE('',*,*,#4035,.T.);
#4091 = PLANE('',#4092);
#4092 = AXIS2_PLACEMENT_3D('',#4093,#4094,#4095);
#4093 = CARTESIAN_POINT('',(-4.8895,13.462,-8.18515));
#4094 = DIRECTION('',(0.707106781187,0.,-0.707106781187));
#4095 = DIRECTION('',(0.707106781187,0.,0.707106781187));
#4096 = ADVANCED_FACE('',(#4097),#4108,.F.);
#4097 = FACE_BOUND('',#4098,.F.);
#4098 = EDGE_LOOP('',(#4099,#4100,#4106,#4107));
#4099 = ORIENTED_EDGE('',*,*,#2225,.F.);
#4100 = ORIENTED_EDGE('',*,*,#4101,.F.);
#4101 = EDGE_CURVE('',#3889,#2218,#4102,.T.);
#4102 = LINE('',#4103,#4104);
#4103 = CARTESIAN_POINT('',(-4.5847,7.493,-4.81965));
#4104 = VECTOR('',#4105,1.);
#4105 = DIRECTION('',(0.,1.,0.));
#4106 = ORIENTED_EDGE('',*,*,#3888,.T.);
#4107 = ORIENTED_EDGE('',*,*,#4084,.T.);
#4108 = PLANE('',#4109);
#4109 = AXIS2_PLACEMENT_3D('',#4110,#4111,#4112);
#4110 = CARTESIAN_POINT('',(-4.5847,13.462,-7.88035));
#4111 = DIRECTION('',(1.,0.,0.));
#4112 = DIRECTION('',(0.,0.,1.));
#4113 = ADVANCED_FACE('',(#4114),#4120,.F.);
#4114 = FACE_BOUND('',#4115,.F.);
#4115 = EDGE_LOOP('',(#4116,#4117,#4118,#4119));
#4116 = ORIENTED_EDGE('',*,*,#2217,.F.);
#4117 = ORIENTED_EDGE('',*,*,#4059,.F.);
#4118 = ORIENTED_EDGE('',*,*,#3896,.T.);
#4119 = ORIENTED_EDGE('',*,*,#4101,.T.);
#4120 = PLANE('',#4121);
#4121 = AXIS2_PLACEMENT_3D('',#4122,#4123,#4124);
#4122 = CARTESIAN_POINT('',(-4.5847,13.462,-4.81965));
#4123 = DIRECTION('',(0.707106781187,0.,0.707106781187));
#4124 = DIRECTION('',(-0.707106781187,0.,0.707106781187));
#4125 = ADVANCED_FACE('',(#4126),#4137,.F.);
#4126 = FACE_BOUND('',#4127,.F.);
#4127 = EDGE_LOOP('',(#4128,#4129,#4130,#4131));
#4128 = ORIENTED_EDGE('',*,*,#4042,.T.);
#4129 = ORIENTED_EDGE('',*,*,#3923,.F.);
#4130 = ORIENTED_EDGE('',*,*,#3856,.T.);
#4131 = ORIENTED_EDGE('',*,*,#4132,.T.);
#4132 = EDGE_CURVE('',#1690,#1730,#4133,.T.);
#4133 = LINE('',#4134,#4135);
#4134 = CARTESIAN_POINT('',(-11.6205,0.8255,-12.7));
#4135 = VECTOR('',#4136,1.);
#4136 = DIRECTION('',(1.,0.,0.));
#4137 = PLANE('',#4138);
#4138 = AXIS2_PLACEMENT_3D('',#4139,#4140,#4141);
#4139 = CARTESIAN_POINT('',(-4.8895,7.493,-11.88133394018));
#4140 = DIRECTION('',(0.,-0.121869343405,0.992546151641));
#4141 = DIRECTION('',(0.,-0.992546151641,-0.121869343405));
#4142 = ADVANCED_FACE('',(#4143,#4164),#4198,.F.);
#4143 = FACE_BOUND('',#4144,.F.);
#4144 = EDGE_LOOP('',(#4145,#4151,#4157,#4158));
#4145 = ORIENTED_EDGE('',*,*,#4146,.T.);
#4146 = EDGE_CURVE('',#652,#724,#4147,.T.);
#4147 = LINE('',#4148,#4149);
#4148 = CARTESIAN_POINT('',(-11.6205,0.8255,0.));
#4149 = VECTOR('',#4150,1.);
#4150 = DIRECTION('',(1.,0.,0.));
#4151 = ORIENTED_EDGE('',*,*,#4152,.T.);
#4152 = EDGE_CURVE('',#724,#1730,#4153,.T.);
#4153 = LINE('',#4154,#4155);
#4154 = CARTESIAN_POINT('',(-4.8895,0.8255,0.));
#4155 = VECTOR('',#4156,1.);
#4156 = DIRECTION('',(0.,0.,-1.));
#4157 = ORIENTED_EDGE('',*,*,#4132,.F.);
#4158 = ORIENTED_EDGE('',*,*,#4159,.F.);
#4159 = EDGE_CURVE('',#652,#1690,#4160,.T.);
#4160 = LINE('',#4161,#4162);
#4161 = CARTESIAN_POINT('',(-11.6205,0.8255,0.));
#4162 = VECTOR('',#4163,1.);
#4163 = DIRECTION('',(0.,0.,-1.));
#4164 = FACE_BOUND('',#4165,.F.);
#4165 = EDGE_LOOP('',(#4166,#4176,#4184,#4192));
#4166 = ORIENTED_EDGE('',*,*,#4167,.T.);
#4167 = EDGE_CURVE('',#4168,#4170,#4172,.T.);
#4168 = VERTEX_POINT('',#4169);
#4169 = CARTESIAN_POINT('',(-8.9154,0.8255,-2.032));
#4170 = VERTEX_POINT('',#4171);
#4171 = CARTESIAN_POINT('',(-8.9154,0.8255,-2.8702));
#4172 = LINE('',#4173,#4174);
#4173 = CARTESIAN_POINT('',(-8.9154,0.8255,-2.032));
#4174 = VECTOR('',#4175,1.);
#4175 = DIRECTION('',(0.,0.,-1.));
#4176 = ORIENTED_EDGE('',*,*,#4177,.T.);
#4177 = EDGE_CURVE('',#4170,#4178,#4180,.T.);
#4178 = VERTEX_POINT('',#4179);
#4179 = CARTESIAN_POINT('',(-7.5946,0.8255,-2.8702));
#4180 = LINE('',#4181,#4182);
#4181 = CARTESIAN_POINT('',(-8.9154,0.8255,-2.8702));
#4182 = VECTOR('',#4183,1.);
#4183 = DIRECTION('',(1.,0.,0.));
#4184 = ORIENTED_EDGE('',*,*,#4185,.F.);
#4185 = EDGE_CURVE('',#4186,#4178,#4188,.T.);
#4186 = VERTEX_POINT('',#4187);
#4187 = CARTESIAN_POINT('',(-7.5946,0.8255,-2.032));
#4188 = LINE('',#4189,#4190);
#4189 = CARTESIAN_POINT('',(-7.5946,0.8255,-2.032));
#4190 = VECTOR('',#4191,1.);
#4191 = DIRECTION('',(0.,0.,-1.));
#4192 = ORIENTED_EDGE('',*,*,#4193,.F.);
#4193 = EDGE_CURVE('',#4168,#4186,#4194,.T.);
#4194 = LINE('',#4195,#4196);
#4195 = CARTESIAN_POINT('',(-8.9154,0.8255,-2.032));
#4196 = VECTOR('',#4197,1.);
#4197 = DIRECTION('',(1.,0.,0.));
#4198 = PLANE('',#4199);
#4199 = AXIS2_PLACEMENT_3D('',#4200,#4201,#4202);
#4200 = CARTESIAN_POINT('',(-11.6205,0.8255,0.));
#4201 = DIRECTION('',(0.,1.,0.));
#4202 = DIRECTION('',(0.,0.,-1.));
#4203 = ADVANCED_FACE('',(#4204),#4210,.F.);
#4204 = FACE_BOUND('',#4205,.F.);
#4205 = EDGE_LOOP('',(#4206,#4207,#4208,#4209));
#4206 = ORIENTED_EDGE('',*,*,#4068,.T.);
#4207 = ORIENTED_EDGE('',*,*,#4146,.F.);
#4208 = ORIENTED_EDGE('',*,*,#3826,.T.);
#4209 = ORIENTED_EDGE('',*,*,#3912,.T.);
#4210 = PLANE('',#4211);
#4211 = AXIS2_PLACEMENT_3D('',#4212,#4213,#4214);
#4212 = CARTESIAN_POINT('',(-4.8895,0.8255,0.));
#4213 = DIRECTION('',(0.,-0.121869343405,-0.992546151641));
#4214 = DIRECTION('',(0.,0.992546151641,-0.121869343405));
#4215 = ADVANCED_FACE('',(#4216),#4222,.T.);
#4216 = FACE_BOUND('',#4217,.F.);
#4217 = EDGE_LOOP('',(#4218,#4219,#4220,#4221));
#4218 = ORIENTED_EDGE('',*,*,#723,.F.);
#4219 = ORIENTED_EDGE('',*,*,#1206,.F.);
#4220 = ORIENTED_EDGE('',*,*,#1737,.T.);
#4221 = ORIENTED_EDGE('',*,*,#4152,.F.);
#4222 = PLANE('',#4223);
#4223 = AXIS2_PLACEMENT_3D('',#4224,#4225,#4226);
#4224 = CARTESIAN_POINT('',(-4.8895,13.462,-1.6002));
#4225 = DIRECTION('',(-1.,0.,0.));
#4226 = DIRECTION('',(0.,0.,1.));
#4227 = ADVANCED_FACE('',(#4228),#4234,.F.);
#4228 = FACE_BOUND('',#4229,.F.);
#4229 = EDGE_LOOP('',(#4230,#4231,#4232,#4233));
#4230 = ORIENTED_EDGE('',*,*,#659,.T.);
#4231 = ORIENTED_EDGE('',*,*,#4159,.T.);
#4232 = ORIENTED_EDGE('',*,*,#1689,.F.);
#4233 = ORIENTED_EDGE('',*,*,#1159,.T.);
#4234 = PLANE('',#4235);
#4235 = AXIS2_PLACEMENT_3D('',#4236,#4237,#4238);
#4236 = CARTESIAN_POINT('',(-11.6205,13.462,-1.6002));
#4237 = DIRECTION('',(-1.,0.,0.));
#4238 = DIRECTION('',(0.,0.,1.));
#4239 = ADVANCED_FACE('',(#4240),#4265,.F.);
#4240 = FACE_BOUND('',#4241,.F.);
#4241 = EDGE_LOOP('',(#4242,#4250,#4258,#4264));
#4242 = ORIENTED_EDGE('',*,*,#4243,.T.);
#4243 = EDGE_CURVE('',#4168,#4244,#4246,.T.);
#4244 = VERTEX_POINT('',#4245);
#4245 = CARTESIAN_POINT('',(-8.9154,-4.064,-2.032));
#4246 = LINE('',#4247,#4248);
#4247 = CARTESIAN_POINT('',(-8.9154,0.8255,-2.032));
#4248 = VECTOR('',#4249,1.);
#4249 = DIRECTION('',(0.,-1.,0.));
#4250 = ORIENTED_EDGE('',*,*,#4251,.T.);
#4251 = EDGE_CURVE('',#4244,#4252,#4254,.T.);
#4252 = VERTEX_POINT('',#4253);
#4253 = CARTESIAN_POINT('',(-8.9154,-4.064,-2.8702));
#4254 = LINE('',#4255,#4256);
#4255 = CARTESIAN_POINT('',(-8.9154,-4.064,-2.032));
#4256 = VECTOR('',#4257,1.);
#4257 = DIRECTION('',(0.,0.,-1.));
#4258 = ORIENTED_EDGE('',*,*,#4259,.T.);
#4259 = EDGE_CURVE('',#4252,#4170,#4260,.T.);
#4260 = LINE('',#4261,#4262);
#4261 = CARTESIAN_POINT('',(-8.9154,-4.064,-2.8702));
#4262 = VECTOR('',#4263,1.);
#4263 = DIRECTION('',(0.,1.,0.));
#4264 = ORIENTED_EDGE('',*,*,#4167,.F.);
#4265 = PLANE('',#4266);
#4266 = AXIS2_PLACEMENT_3D('',#4267,#4268,#4269);
#4267 = CARTESIAN_POINT('',(-8.9154,0.,0.));
#4268 = DIRECTION('',(1.,0.,0.));
#4269 = DIRECTION('',(0.,0.,-1.));
#4270 = ADVANCED_FACE('',(#4271),#4289,.T.);
#4271 = FACE_BOUND('',#4272,.F.);
#4272 = EDGE_LOOP('',(#4273,#4274,#4275,#4283));
#4273 = ORIENTED_EDGE('',*,*,#4243,.F.);
#4274 = ORIENTED_EDGE('',*,*,#4193,.T.);
#4275 = ORIENTED_EDGE('',*,*,#4276,.T.);
#4276 = EDGE_CURVE('',#4186,#4277,#4279,.T.);
#4277 = VERTEX_POINT('',#4278);
#4278 = CARTESIAN_POINT('',(-7.5946,-4.064,-2.032));
#4279 = LINE('',#4280,#4281);
#4280 = CARTESIAN_POINT('',(-7.5946,0.8255,-2.032));
#4281 = VECTOR('',#4282,1.);
#4282 = DIRECTION('',(0.,-1.,0.));
#4283 = ORIENTED_EDGE('',*,*,#4284,.F.);
#4284 = EDGE_CURVE('',#4244,#4277,#4285,.T.);
#4285 = LINE('',#4286,#4287);
#4286 = CARTESIAN_POINT('',(-8.9154,-4.064,-2.032));
#4287 = VECTOR('',#4288,1.);
#4288 = DIRECTION('',(1.,0.,0.));
#4289 = PLANE('',#4290);
#4290 = AXIS2_PLACEMENT_3D('',#4291,#4292,#4293);
#4291 = CARTESIAN_POINT('',(-8.9154,0.8255,-2.032));
#4292 = DIRECTION('',(0.,0.,1.));
#4293 = DIRECTION('',(0.,-1.,0.));
#4294 = ADVANCED_FACE('',(#4295),#4313,.T.);
#4295 = FACE_BOUND('',#4296,.F.);
#4296 = EDGE_LOOP('',(#4297,#4298,#4299,#4307));
#4297 = ORIENTED_EDGE('',*,*,#4276,.F.);
#4298 = ORIENTED_EDGE('',*,*,#4185,.T.);
#4299 = ORIENTED_EDGE('',*,*,#4300,.F.);
#4300 = EDGE_CURVE('',#4301,#4178,#4303,.T.);
#4301 = VERTEX_POINT('',#4302);
#4302 = CARTESIAN_POINT('',(-7.5946,-4.064,-2.8702));
#4303 = LINE('',#4304,#4305);
#4304 = CARTESIAN_POINT('',(-7.5946,-4.064,-2.8702));
#4305 = VECTOR('',#4306,1.);
#4306 = DIRECTION('',(0.,1.,0.));
#4307 = ORIENTED_EDGE('',*,*,#4308,.F.);
#4308 = EDGE_CURVE('',#4277,#4301,#4309,.T.);
#4309 = LINE('',#4310,#4311);
#4310 = CARTESIAN_POINT('',(-7.5946,-4.064,-2.032));
#4311 = VECTOR('',#4312,1.);
#4312 = DIRECTION('',(0.,0.,-1.));
#4313 = PLANE('',#4314);
#4314 = AXIS2_PLACEMENT_3D('',#4315,#4316,#4317);
#4315 = CARTESIAN_POINT('',(-7.5946,0.,0.));
#4316 = DIRECTION('',(1.,0.,0.));
#4317 = DIRECTION('',(0.,0.,-1.));
#4318 = ADVANCED_FACE('',(#4319),#4330,.T.);
#4319 = FACE_BOUND('',#4320,.F.);
#4320 = EDGE_LOOP('',(#4321,#4322,#4328,#4329));
#4321 = ORIENTED_EDGE('',*,*,#4259,.F.);
#4322 = ORIENTED_EDGE('',*,*,#4323,.T.);
#4323 = EDGE_CURVE('',#4252,#4301,#4324,.T.);
#4324 = LINE('',#4325,#4326);
#4325 = CARTESIAN_POINT('',(-8.9154,-4.064,-2.8702));
#4326 = VECTOR('',#4327,1.);
#4327 = DIRECTION('',(1.,0.,0.));
#4328 = ORIENTED_EDGE('',*,*,#4300,.T.);
#4329 = ORIENTED_EDGE('',*,*,#4177,.F.);
#4330 = PLANE('',#4331);
#4331 = AXIS2_PLACEMENT_3D('',#4332,#4333,#4334);
#4332 = CARTESIAN_POINT('',(-8.9154,-4.064,-2.8702));
#4333 = DIRECTION('',(0.,0.,-1.));
#4334 = DIRECTION('',(0.,1.,0.));
#4335 = ADVANCED_FACE('',(#4336),#4342,.T.);
#4336 = FACE_BOUND('',#4337,.F.);
#4337 = EDGE_LOOP('',(#4338,#4339,#4340,#4341));
#4338 = ORIENTED_EDGE('',*,*,#4251,.F.);
#4339 = ORIENTED_EDGE('',*,*,#4284,.T.);
#4340 = ORIENTED_EDGE('',*,*,#4308,.T.);
#4341 = ORIENTED_EDGE('',*,*,#4323,.F.);
#4342 = PLANE('',#4343);
#4343 = AXIS2_PLACEMENT_3D('',#4344,#4345,#4346);
#4344 = CARTESIAN_POINT('',(-8.9154,-4.064,-2.032));
#4345 = DIRECTION('',(0.,-1.,0.));
#4346 = DIRECTION('',(0.,0.,-1.));
#4347 = ADVANCED_FACE('',(#4348),#4373,.T.);
#4348 = FACE_BOUND('',#4349,.F.);
#4349 = EDGE_LOOP('',(#4350,#4351,#4359,#4367));
#4350 = ORIENTED_EDGE('',*,*,#3931,.F.);
#4351 = ORIENTED_EDGE('',*,*,#4352,.T.);
#4352 = EDGE_CURVE('',#3932,#4353,#4355,.T.);
#4353 = VERTEX_POINT('',#4354);
#4354 = CARTESIAN_POINT('',(-11.43,8.3312,-8.9154));
#4355 = LINE('',#4356,#4357);
#4356 = CARTESIAN_POINT('',(-11.43,7.493,-8.9154));
#4357 = VECTOR('',#4358,1.);
#4358 = DIRECTION('',(0.,1.,0.));
#4359 = ORIENTED_EDGE('',*,*,#4360,.T.);
#4360 = EDGE_CURVE('',#4353,#4361,#4363,.T.);
#4361 = VERTEX_POINT('',#4362);
#4362 = CARTESIAN_POINT('',(-11.43,8.3312,-3.7846));
#4363 = LINE('',#4364,#4365);
#4364 = CARTESIAN_POINT('',(-11.43,8.3312,-8.9154));
#4365 = VECTOR('',#4366,1.);
#4366 = DIRECTION('',(0.,0.,1.));
#4367 = ORIENTED_EDGE('',*,*,#4368,.F.);
#4368 = EDGE_CURVE('',#3934,#4361,#4369,.T.);
#4369 = LINE('',#4370,#4371);
#4370 = CARTESIAN_POINT('',(-11.43,7.493,-3.7846));
#4371 = VECTOR('',#4372,1.);
#4372 = DIRECTION('',(0.,1.,0.));
#4373 = PLANE('',#4374);
#4374 = AXIS2_PLACEMENT_3D('',#4375,#4376,#4377);
#4375 = CARTESIAN_POINT('',(-11.43,7.493,-8.9154));
#4376 = DIRECTION('',(-1.,0.,0.));
#4377 = DIRECTION('',(0.,0.,1.));
#4378 = ADVANCED_FACE('',(#4379),#4397,.T.);
#4379 = FACE_BOUND('',#4380,.F.);
#4380 = EDGE_LOOP('',(#4381,#4382,#4390,#4396));
#4381 = ORIENTED_EDGE('',*,*,#4021,.F.);
#4382 = ORIENTED_EDGE('',*,*,#4383,.T.);
#4383 = EDGE_CURVE('',#4014,#4384,#4386,.T.);
#4384 = VERTEX_POINT('',#4385);
#4385 = CARTESIAN_POINT('',(-10.6299,8.3312,-8.9154));
#4386 = LINE('',#4387,#4388);
#4387 = CARTESIAN_POINT('',(-10.6299,7.493,-8.9154));
#4388 = VECTOR('',#4389,1.);
#4389 = DIRECTION('',(0.,1.,0.));
#4390 = ORIENTED_EDGE('',*,*,#4391,.T.);
#4391 = EDGE_CURVE('',#4384,#4353,#4392,.T.);
#4392 = LINE('',#4393,#4394);
#4393 = CARTESIAN_POINT('',(-10.6299,8.3312,-8.9154));
#4394 = VECTOR('',#4395,1.);
#4395 = DIRECTION('',(-1.,0.,0.));
#4396 = ORIENTED_EDGE('',*,*,#4352,.F.);
#4397 = PLANE('',#4398);
#4398 = AXIS2_PLACEMENT_3D('',#4399,#4400,#4401);
#4399 = CARTESIAN_POINT('',(-10.6299,7.493,-8.9154));
#4400 = DIRECTION('',(0.,0.,-1.));
#4401 = DIRECTION('',(-1.,0.,0.));
#4402 = ADVANCED_FACE('',(#4403),#4421,.T.);
#4403 = FACE_BOUND('',#4404,.F.);
#4404 = EDGE_LOOP('',(#4405,#4406,#4414,#4420));
#4405 = ORIENTED_EDGE('',*,*,#4013,.F.);
#4406 = ORIENTED_EDGE('',*,*,#4407,.T.);
#4407 = EDGE_CURVE('',#4006,#4408,#4410,.T.);
#4408 = VERTEX_POINT('',#4409);
#4409 = CARTESIAN_POINT('',(-10.6299,8.3312,-10.668));
#4410 = LINE('',#4411,#4412);
#4411 = CARTESIAN_POINT('',(-10.6299,7.493,-10.668));
#4412 = VECTOR('',#4413,1.);
#4413 = DIRECTION('',(0.,1.,0.));
#4414 = ORIENTED_EDGE('',*,*,#4415,.T.);
#4415 = EDGE_CURVE('',#4408,#4384,#4416,.T.);
#4416 = LINE('',#4417,#4418);
#4417 = CARTESIAN_POINT('',(-10.6299,8.3312,-10.668));
#4418 = VECTOR('',#4419,1.);
#4419 = DIRECTION('',(0.,0.,1.));
#4420 = ORIENTED_EDGE('',*,*,#4383,.F.);
#4421 = PLANE('',#4422);
#4422 = AXIS2_PLACEMENT_3D('',#4423,#4424,#4425);
#4423 = CARTESIAN_POINT('',(-10.6299,7.493,-10.668));
#4424 = DIRECTION('',(-1.,0.,0.));
#4425 = DIRECTION('',(0.,0.,1.));
#4426 = ADVANCED_FACE('',(#4427),#4445,.T.);
#4427 = FACE_BOUND('',#4428,.F.);
#4428 = EDGE_LOOP('',(#4429,#4430,#4438,#4444));
#4429 = ORIENTED_EDGE('',*,*,#4005,.F.);
#4430 = ORIENTED_EDGE('',*,*,#4431,.T.);
#4431 = EDGE_CURVE('',#3998,#4432,#4434,.T.);
#4432 = VERTEX_POINT('',#4433);
#4433 = CARTESIAN_POINT('',(-5.8801,8.3312,-10.668));
#4434 = LINE('',#4435,#4436);
#4435 = CARTESIAN_POINT('',(-5.8801,7.493,-10.668));
#4436 = VECTOR('',#4437,1.);
#4437 = DIRECTION('',(0.,1.,0.));
#4438 = ORIENTED_EDGE('',*,*,#4439,.T.);
#4439 = EDGE_CURVE('',#4432,#4408,#4440,.T.);
#4440 = LINE('',#4441,#4442);
#4441 = CARTESIAN_POINT('',(-5.8801,8.3312,-10.668));
#4442 = VECTOR('',#4443,1.);
#4443 = DIRECTION('',(-1.,0.,0.));
#4444 = ORIENTED_EDGE('',*,*,#4407,.F.);
#4445 = PLANE('',#4446);
#4446 = AXIS2_PLACEMENT_3D('',#4447,#4448,#4449);
#4447 = CARTESIAN_POINT('',(-5.8801,7.493,-10.668));
#4448 = DIRECTION('',(0.,0.,-1.));
#4449 = DIRECTION('',(-1.,0.,0.));
#4450 = ADVANCED_FACE('',(#4451),#4469,.T.);
#4451 = FACE_BOUND('',#4452,.F.);
#4452 = EDGE_LOOP('',(#4453,#4454,#4462,#4468));
#4453 = ORIENTED_EDGE('',*,*,#3997,.F.);
#4454 = ORIENTED_EDGE('',*,*,#4455,.T.);
#4455 = EDGE_CURVE('',#3990,#4456,#4458,.T.);
#4456 = VERTEX_POINT('',#4457);
#4457 = CARTESIAN_POINT('',(-5.8801,8.3312,-8.9154));
#4458 = LINE('',#4459,#4460);
#4459 = CARTESIAN_POINT('',(-5.8801,7.493,-8.9154));
#4460 = VECTOR('',#4461,1.);
#4461 = DIRECTION('',(0.,1.,0.));
#4462 = ORIENTED_EDGE('',*,*,#4463,.T.);
#4463 = EDGE_CURVE('',#4456,#4432,#4464,.T.);
#4464 = LINE('',#4465,#4466);
#4465 = CARTESIAN_POINT('',(-5.8801,8.3312,-8.9154));
#4466 = VECTOR('',#4467,1.);
#4467 = DIRECTION('',(0.,0.,-1.));
#4468 = ORIENTED_EDGE('',*,*,#4431,.F.);
#4469 = PLANE('',#4470);
#4470 = AXIS2_PLACEMENT_3D('',#4471,#4472,#4473);
#4471 = CARTESIAN_POINT('',(-5.8801,7.493,-8.9154));
#4472 = DIRECTION('',(1.,0.,0.));
#4473 = DIRECTION('',(0.,0.,-1.));
#4474 = ADVANCED_FACE('',(#4475),#4493,.T.);
#4475 = FACE_BOUND('',#4476,.F.);
#4476 = EDGE_LOOP('',(#4477,#4478,#4486,#4492));
#4477 = ORIENTED_EDGE('',*,*,#3989,.F.);
#4478 = ORIENTED_EDGE('',*,*,#4479,.T.);
#4479 = EDGE_CURVE('',#3982,#4480,#4482,.T.);
#4480 = VERTEX_POINT('',#4481);
#4481 = CARTESIAN_POINT('',(-5.08,8.3312,-8.9154));
#4482 = LINE('',#4483,#4484);
#4483 = CARTESIAN_POINT('',(-5.08,7.493,-8.9154));
#4484 = VECTOR('',#4485,1.);
#4485 = DIRECTION('',(0.,1.,0.));
#4486 = ORIENTED_EDGE('',*,*,#4487,.T.);
#4487 = EDGE_CURVE('',#4480,#4456,#4488,.T.);
#4488 = LINE('',#4489,#4490);
#4489 = CARTESIAN_POINT('',(-5.08,8.3312,-8.9154));
#4490 = VECTOR('',#4491,1.);
#4491 = DIRECTION('',(-1.,0.,0.));
#4492 = ORIENTED_EDGE('',*,*,#4455,.F.);
#4493 = PLANE('',#4494);
#4494 = AXIS2_PLACEMENT_3D('',#4495,#4496,#4497);
#4495 = CARTESIAN_POINT('',(-5.08,7.493,-8.9154));
#4496 = DIRECTION('',(0.,0.,-1.));
#4497 = DIRECTION('',(-1.,0.,0.));
#4498 = ADVANCED_FACE('',(#4499),#4517,.T.);
#4499 = FACE_BOUND('',#4500,.F.);
#4500 = EDGE_LOOP('',(#4501,#4502,#4510,#4516));
#4501 = ORIENTED_EDGE('',*,*,#3981,.F.);
#4502 = ORIENTED_EDGE('',*,*,#4503,.T.);
#4503 = EDGE_CURVE('',#3974,#4504,#4506,.T.);
#4504 = VERTEX_POINT('',#4505);
#4505 = CARTESIAN_POINT('',(-5.08,8.3312,-3.7846));
#4506 = LINE('',#4507,#4508);
#4507 = CARTESIAN_POINT('',(-5.08,7.493,-3.7846));
#4508 = VECTOR('',#4509,1.);
#4509 = DIRECTION('',(0.,1.,0.));
#4510 = ORIENTED_EDGE('',*,*,#4511,.T.);
#4511 = EDGE_CURVE('',#4504,#4480,#4512,.T.);
#4512 = LINE('',#4513,#4514);
#4513 = CARTESIAN_POINT('',(-5.08,8.3312,-3.7846));
#4514 = VECTOR('',#4515,1.);
#4515 = DIRECTION('',(0.,0.,-1.));
#4516 = ORIENTED_EDGE('',*,*,#4479,.F.);
#4517 = PLANE('',#4518);
#4518 = AXIS2_PLACEMENT_3D('',#4519,#4520,#4521);
#4519 = CARTESIAN_POINT('',(-5.08,7.493,-3.7846));
#4520 = DIRECTION('',(1.,0.,0.));
#4521 = DIRECTION('',(0.,0.,-1.));
#4522 = ADVANCED_FACE('',(#4523),#4541,.T.);
#4523 = FACE_BOUND('',#4524,.F.);
#4524 = EDGE_LOOP('',(#4525,#4526,#4534,#4540));
#4525 = ORIENTED_EDGE('',*,*,#3973,.F.);
#4526 = ORIENTED_EDGE('',*,*,#4527,.T.);
#4527 = EDGE_CURVE('',#3966,#4528,#4530,.T.);
#4528 = VERTEX_POINT('',#4529);
#4529 = CARTESIAN_POINT('',(-5.8801,8.3312,-3.7846));
#4530 = LINE('',#4531,#4532);
#4531 = CARTESIAN_POINT('',(-5.8801,7.493,-3.7846));
#4532 = VECTOR('',#4533,1.);
#4533 = DIRECTION('',(0.,1.,0.));
#4534 = ORIENTED_EDGE('',*,*,#4535,.T.);
#4535 = EDGE_CURVE('',#4528,#4504,#4536,.T.);
#4536 = LINE('',#4537,#4538);
#4537 = CARTESIAN_POINT('',(-5.8801,8.3312,-3.7846));
#4538 = VECTOR('',#4539,1.);
#4539 = DIRECTION('',(1.,0.,0.));
#4540 = ORIENTED_EDGE('',*,*,#4503,.F.);
#4541 = PLANE('',#4542);
#4542 = AXIS2_PLACEMENT_3D('',#4543,#4544,#4545);
#4543 = CARTESIAN_POINT('',(-5.8801,7.493,-3.7846));
#4544 = DIRECTION('',(0.,0.,1.));
#4545 = DIRECTION('',(1.,0.,-0.));
#4546 = ADVANCED_FACE('',(#4547),#4565,.T.);
#4547 = FACE_BOUND('',#4548,.F.);
#4548 = EDGE_LOOP('',(#4549,#4550,#4558,#4564));
#4549 = ORIENTED_EDGE('',*,*,#3965,.F.);
#4550 = ORIENTED_EDGE('',*,*,#4551,.T.);
#4551 = EDGE_CURVE('',#3958,#4552,#4554,.T.);
#4552 = VERTEX_POINT('',#4553);
#4553 = CARTESIAN_POINT('',(-5.8801,8.3312,-2.032));
#4554 = LINE('',#4555,#4556);
#4555 = CARTESIAN_POINT('',(-5.8801,7.493,-2.032));
#4556 = VECTOR('',#4557,1.);
#4557 = DIRECTION('',(0.,1.,0.));
#4558 = ORIENTED_EDGE('',*,*,#4559,.T.);
#4559 = EDGE_CURVE('',#4552,#4528,#4560,.T.);
#4560 = LINE('',#4561,#4562);
#4561 = CARTESIAN_POINT('',(-5.8801,8.3312,-2.032));
#4562 = VECTOR('',#4563,1.);
#4563 = DIRECTION('',(0.,0.,-1.));
#4564 = ORIENTED_EDGE('',*,*,#4527,.F.);
#4565 = PLANE('',#4566);
#4566 = AXIS2_PLACEMENT_3D('',#4567,#4568,#4569);
#4567 = CARTESIAN_POINT('',(-5.8801,7.493,-2.032));
#4568 = DIRECTION('',(1.,0.,0.));
#4569 = DIRECTION('',(0.,0.,-1.));
#4570 = ADVANCED_FACE('',(#4571),#4589,.T.);
#4571 = FACE_BOUND('',#4572,.F.);
#4572 = EDGE_LOOP('',(#4573,#4574,#4582,#4588));
#4573 = ORIENTED_EDGE('',*,*,#3957,.F.);
#4574 = ORIENTED_EDGE('',*,*,#4575,.T.);
#4575 = EDGE_CURVE('',#3950,#4576,#4578,.T.);
#4576 = VERTEX_POINT('',#4577);
#4577 = CARTESIAN_POINT('',(-10.6299,8.3312,-2.032));
#4578 = LINE('',#4579,#4580);
#4579 = CARTESIAN_POINT('',(-10.6299,7.493,-2.032));
#4580 = VECTOR('',#4581,1.);
#4581 = DIRECTION('',(0.,1.,0.));
#4582 = ORIENTED_EDGE('',*,*,#4583,.T.);
#4583 = EDGE_CURVE('',#4576,#4552,#4584,.T.);
#4584 = LINE('',#4585,#4586);
#4585 = CARTESIAN_POINT('',(-10.6299,8.3312,-2.032));
#4586 = VECTOR('',#4587,1.);
#4587 = DIRECTION('',(1.,0.,0.));
#4588 = ORIENTED_EDGE('',*,*,#4551,.F.);
#4589 = PLANE('',#4590);
#4590 = AXIS2_PLACEMENT_3D('',#4591,#4592,#4593);
#4591 = CARTESIAN_POINT('',(-10.6299,7.493,-2.032));
#4592 = DIRECTION('',(0.,0.,1.));
#4593 = DIRECTION('',(1.,0.,-0.));
#4594 = ADVANCED_FACE('',(#4595),#4613,.T.);
#4595 = FACE_BOUND('',#4596,.F.);
#4596 = EDGE_LOOP('',(#4597,#4598,#4606,#4612));
#4597 = ORIENTED_EDGE('',*,*,#3949,.F.);
#4598 = ORIENTED_EDGE('',*,*,#4599,.T.);
#4599 = EDGE_CURVE('',#3942,#4600,#4602,.T.);
#4600 = VERTEX_POINT('',#4601);
#4601 = CARTESIAN_POINT('',(-10.6299,8.3312,-3.7846));
#4602 = LINE('',#4603,#4604);
#4603 = CARTESIAN_POINT('',(-10.6299,7.493,-3.7846));
#4604 = VECTOR('',#4605,1.);
#4605 = DIRECTION('',(0.,1.,0.));
#4606 = ORIENTED_EDGE('',*,*,#4607,.T.);
#4607 = EDGE_CURVE('',#4600,#4576,#4608,.T.);
#4608 = LINE('',#4609,#4610);
#4609 = CARTESIAN_POINT('',(-10.6299,8.3312,-3.7846));
#4610 = VECTOR('',#4611,1.);
#4611 = DIRECTION('',(0.,0.,1.));
#4612 = ORIENTED_EDGE('',*,*,#4575,.F.);
#4613 = PLANE('',#4614);
#4614 = AXIS2_PLACEMENT_3D('',#4615,#4616,#4617);
#4615 = CARTESIAN_POINT('',(-10.6299,7.493,-3.7846));
#4616 = DIRECTION('',(-1.,0.,0.));
#4617 = DIRECTION('',(0.,0.,1.));
#4618 = ADVANCED_FACE('',(#4619),#4630,.T.);
#4619 = FACE_BOUND('',#4620,.F.);
#4620 = EDGE_LOOP('',(#4621,#4622,#4623,#4629));
#4621 = ORIENTED_EDGE('',*,*,#3941,.F.);
#4622 = ORIENTED_EDGE('',*,*,#4368,.T.);
#4623 = ORIENTED_EDGE('',*,*,#4624,.T.);
#4624 = EDGE_CURVE('',#4361,#4600,#4625,.T.);
#4625 = LINE('',#4626,#4627);
#4626 = CARTESIAN_POINT('',(-11.43,8.3312,-3.7846));
#4627 = VECTOR('',#4628,1.);
#4628 = DIRECTION('',(1.,0.,0.));
#4629 = ORIENTED_EDGE('',*,*,#4599,.F.);
#4630 = PLANE('',#4631);
#4631 = AXIS2_PLACEMENT_3D('',#4632,#4633,#4634);
#4632 = CARTESIAN_POINT('',(-11.43,7.493,-3.7846));
#4633 = DIRECTION('',(0.,0.,1.));
#4634 = DIRECTION('',(1.,0.,-0.));
#4635 = ADVANCED_FACE('',(#4636,#4650),#4670,.T.);
#4636 = FACE_BOUND('',#4637,.F.);
#4637 = EDGE_LOOP('',(#4638,#4639,#4640,#4641,#4642,#4643,#4644,#4645,
    #4646,#4647,#4648,#4649));
#4638 = ORIENTED_EDGE('',*,*,#4360,.F.);
#4639 = ORIENTED_EDGE('',*,*,#4391,.F.);
#4640 = ORIENTED_EDGE('',*,*,#4415,.F.);
#4641 = ORIENTED_EDGE('',*,*,#4439,.F.);
#4642 = ORIENTED_EDGE('',*,*,#4463,.F.);
#4643 = ORIENTED_EDGE('',*,*,#4487,.F.);
#4644 = ORIENTED_EDGE('',*,*,#4511,.F.);
#4645 = ORIENTED_EDGE('',*,*,#4535,.F.);
#4646 = ORIENTED_EDGE('',*,*,#4559,.F.);
#4647 = ORIENTED_EDGE('',*,*,#4583,.F.);
#4648 = ORIENTED_EDGE('',*,*,#4607,.F.);
#4649 = ORIENTED_EDGE('',*,*,#4624,.F.);
#4650 = FACE_BOUND('',#4651,.F.);
#4651 = EDGE_LOOP('',(#4652,#4663));
#4652 = ORIENTED_EDGE('',*,*,#4653,.T.);
#4653 = EDGE_CURVE('',#4654,#4656,#4658,.T.);
#4654 = VERTEX_POINT('',#4655);
#4655 = CARTESIAN_POINT('',(-8.255,8.3312,-4.64566));
#4656 = VERTEX_POINT('',#4657);
#4657 = CARTESIAN_POINT('',(-8.255,8.3312,-8.05434));
#4658 = CIRCLE('',#4659,1.70434);
#4659 = AXIS2_PLACEMENT_3D('',#4660,#4661,#4662);
#4660 = CARTESIAN_POINT('',(-8.255,8.3312,-6.35));
#4661 = DIRECTION('',(0.,1.,0.));
#4662 = DIRECTION('',(0.,-0.,1.));
#4663 = ORIENTED_EDGE('',*,*,#4664,.T.);
#4664 = EDGE_CURVE('',#4656,#4654,#4665,.T.);
#4665 = CIRCLE('',#4666,1.70434);
#4666 = AXIS2_PLACEMENT_3D('',#4667,#4668,#4669);
#4667 = CARTESIAN_POINT('',(-8.255,8.3312,-6.35));
#4668 = DIRECTION('',(0.,1.,0.));
#4669 = DIRECTION('',(0.,0.,-1.));
#4670 = PLANE('',#4671);
#4671 = AXIS2_PLACEMENT_3D('',#4672,#4673,#4674);
#4672 = CARTESIAN_POINT('',(21.463,8.3312,0.));
#4673 = DIRECTION('',(0.,1.,0.));
#4674 = DIRECTION('',(1.,0.,0.));
#4675 = ADVANCED_FACE('',(#4676),#4702,.T.);
#4676 = FACE_BOUND('',#4677,.T.);
#4677 = EDGE_LOOP('',(#4678,#4686,#4687,#4695));
#4678 = ORIENTED_EDGE('',*,*,#4679,.F.);
#4679 = EDGE_CURVE('',#4654,#4680,#4682,.T.);
#4680 = VERTEX_POINT('',#4681);
#4681 = CARTESIAN_POINT('',(-8.255,10.3632,-4.64566));
#4682 = LINE('',#4683,#4684);
#4683 = CARTESIAN_POINT('',(-8.255,8.3312,-4.64566));
#4684 = VECTOR('',#4685,1.);
#4685 = DIRECTION('',(0.,1.,0.));
#4686 = ORIENTED_EDGE('',*,*,#4653,.T.);
#4687 = ORIENTED_EDGE('',*,*,#4688,.T.);
#4688 = EDGE_CURVE('',#4656,#4689,#4691,.T.);
#4689 = VERTEX_POINT('',#4690);
#4690 = CARTESIAN_POINT('',(-8.255,10.3632,-8.05434));
#4691 = LINE('',#4692,#4693);
#4692 = CARTESIAN_POINT('',(-8.255,8.3312,-8.05434));
#4693 = VECTOR('',#4694,1.);
#4694 = DIRECTION('',(0.,1.,0.));
#4695 = ORIENTED_EDGE('',*,*,#4696,.F.);
#4696 = EDGE_CURVE('',#4680,#4689,#4697,.T.);
#4697 = CIRCLE('',#4698,1.70434);
#4698 = AXIS2_PLACEMENT_3D('',#4699,#4700,#4701);
#4699 = CARTESIAN_POINT('',(-8.255,10.3632,-6.35));
#4700 = DIRECTION('',(0.,1.,0.));
#4701 = DIRECTION('',(0.,-0.,1.));
#4702 = CYLINDRICAL_SURFACE('',#4703,1.70434);
#4703 = AXIS2_PLACEMENT_3D('',#4704,#4705,#4706);
#4704 = CARTESIAN_POINT('',(-8.255,3.89001,-6.35));
#4705 = DIRECTION('',(0.,1.,0.));
#4706 = DIRECTION('',(0.,-0.,1.));
#4707 = ADVANCED_FACE('',(#4708,#4742),#4752,.F.);
#4708 = FACE_BOUND('',#4709,.F.);
#4709 = EDGE_LOOP('',(#4710,#4720,#4728,#4736));
#4710 = ORIENTED_EDGE('',*,*,#4711,.T.);
#4711 = EDGE_CURVE('',#4712,#4714,#4716,.T.);
#4712 = VERTEX_POINT('',#4713);
#4713 = CARTESIAN_POINT('',(-11.4681,10.3632,-9.5631));
#4714 = VERTEX_POINT('',#4715);
#4715 = CARTESIAN_POINT('',(-11.4681,10.3632,-3.1369));
#4716 = LINE('',#4717,#4718);
#4717 = CARTESIAN_POINT('',(-11.4681,10.3632,-9.5631));
#4718 = VECTOR('',#4719,1.);
#4719 = DIRECTION('',(0.,0.,1.));
#4720 = ORIENTED_EDGE('',*,*,#4721,.T.);
#4721 = EDGE_CURVE('',#4714,#4722,#4724,.T.);
#4722 = VERTEX_POINT('',#4723);
#4723 = CARTESIAN_POINT('',(-5.0419,10.3632,-3.1369));
#4724 = LINE('',#4725,#4726);
#4725 = CARTESIAN_POINT('',(-11.4681,10.3632,-3.1369));
#4726 = VECTOR('',#4727,1.);
#4727 = DIRECTION('',(1.,0.,0.));
#4728 = ORIENTED_EDGE('',*,*,#4729,.T.);
#4729 = EDGE_CURVE('',#4722,#4730,#4732,.T.);
#4730 = VERTEX_POINT('',#4731);
#4731 = CARTESIAN_POINT('',(-5.0419,10.3632,-9.5631));
#4732 = LINE('',#4733,#4734);
#4733 = CARTESIAN_POINT('',(-5.0419,10.3632,-3.1369));
#4734 = VECTOR('',#4735,1.);
#4735 = DIRECTION('',(0.,0.,-1.));
#4736 = ORIENTED_EDGE('',*,*,#4737,.T.);
#4737 = EDGE_CURVE('',#4730,#4712,#4738,.T.);
#4738 = LINE('',#4739,#4740);
#4739 = CARTESIAN_POINT('',(-5.0419,10.3632,-9.5631));
#4740 = VECTOR('',#4741,1.);
#4741 = DIRECTION('',(-1.,0.,0.));
#4742 = FACE_BOUND('',#4743,.F.);
#4743 = EDGE_LOOP('',(#4744,#4745));
#4744 = ORIENTED_EDGE('',*,*,#4696,.F.);
#4745 = ORIENTED_EDGE('',*,*,#4746,.F.);
#4746 = EDGE_CURVE('',#4689,#4680,#4747,.T.);
#4747 = CIRCLE('',#4748,1.70434);
#4748 = AXIS2_PLACEMENT_3D('',#4749,#4750,#4751);
#4749 = CARTESIAN_POINT('',(-8.255,10.3632,-6.35));
#4750 = DIRECTION('',(0.,1.,0.));
#4751 = DIRECTION('',(0.,0.,-1.));
#4752 = PLANE('',#4753);
#4753 = AXIS2_PLACEMENT_3D('',#4754,#4755,#4756);
#4754 = CARTESIAN_POINT('',(21.463,10.3632,0.));
#4755 = DIRECTION('',(0.,1.,0.));
#4756 = DIRECTION('',(1.,0.,0.));
#4757 = ADVANCED_FACE('',(#4758),#4799,.T.);
#4758 = FACE_BOUND('',#4759,.F.);
#4759 = EDGE_LOOP('',(#4760,#4770,#4778,#4784,#4785,#4793));
#4760 = ORIENTED_EDGE('',*,*,#4761,.T.);
#4761 = EDGE_CURVE('',#4762,#4764,#4766,.T.);
#4762 = VERTEX_POINT('',#4763);
#4763 = CARTESIAN_POINT('',(-11.4681,12.1412,-7.2622808778));
#4764 = VERTEX_POINT('',#4765);
#4765 = CARTESIAN_POINT('',(-11.4681,12.1412,-5.4377191222));
#4766 = LINE('',#4767,#4768);
#4767 = CARTESIAN_POINT('',(-11.4681,12.1412,-7.2622808778));
#4768 = VECTOR('',#4769,1.);
#4769 = DIRECTION('',(0.,0.,1.));
#4770 = ORIENTED_EDGE('',*,*,#4771,.T.);
#4771 = EDGE_CURVE('',#4764,#4772,#4774,.T.);
#4772 = VERTEX_POINT('',#4773);
#4773 = CARTESIAN_POINT('',(-11.4681,12.1412,-3.1369));
#4774 = LINE('',#4775,#4776);
#4775 = CARTESIAN_POINT('',(-11.4681,12.1412,-5.4377191222));
#4776 = VECTOR('',#4777,1.);
#4777 = DIRECTION('',(0.,0.,1.));
#4778 = ORIENTED_EDGE('',*,*,#4779,.T.);
#4779 = EDGE_CURVE('',#4772,#4714,#4780,.T.);
#4780 = LINE('',#4781,#4782);
#4781 = CARTESIAN_POINT('',(-11.4681,12.1412,-3.1369));
#4782 = VECTOR('',#4783,1.);
#4783 = DIRECTION('',(0.,-1.,0.));
#4784 = ORIENTED_EDGE('',*,*,#4711,.F.);
#4785 = ORIENTED_EDGE('',*,*,#4786,.F.);
#4786 = EDGE_CURVE('',#4787,#4712,#4789,.T.);
#4787 = VERTEX_POINT('',#4788);
#4788 = CARTESIAN_POINT('',(-11.4681,12.1412,-9.5631));
#4789 = LINE('',#4790,#4791);
#4790 = CARTESIAN_POINT('',(-11.4681,12.1412,-9.5631));
#4791 = VECTOR('',#4792,1.);
#4792 = DIRECTION('',(0.,-1.,0.));
#4793 = ORIENTED_EDGE('',*,*,#4794,.T.);
#4794 = EDGE_CURVE('',#4787,#4762,#4795,.T.);
#4795 = LINE('',#4796,#4797);
#4796 = CARTESIAN_POINT('',(-11.4681,12.1412,-9.5631));
#4797 = VECTOR('',#4798,1.);
#4798 = DIRECTION('',(0.,0.,1.));
#4799 = PLANE('',#4800);
#4800 = AXIS2_PLACEMENT_3D('',#4801,#4802,#4803);
#4801 = CARTESIAN_POINT('',(-11.4681,12.1412,-9.5631));
#4802 = DIRECTION('',(-1.,0.,0.));
#4803 = DIRECTION('',(0.,0.,1.));
#4804 = ADVANCED_FACE('',(#4805),#4815,.F.);
#4805 = FACE_BOUND('',#4806,.F.);
#4806 = EDGE_LOOP('',(#4807,#4808));
#4807 = ORIENTED_EDGE('',*,*,#4761,.F.);
#4808 = ORIENTED_EDGE('',*,*,#4809,.F.);
#4809 = EDGE_CURVE('',#4764,#4762,#4810,.T.);
#4810 = CIRCLE('',#4811,3.3401);
#4811 = AXIS2_PLACEMENT_3D('',#4812,#4813,#4814);
#4812 = CARTESIAN_POINT('',(-8.255,12.1412,-6.35));
#4813 = DIRECTION('',(0.,-1.,0.));
#4814 = DIRECTION('',(-0.961977186312,0.,0.273129809826));
#4815 = PLANE('',#4816);
#4816 = AXIS2_PLACEMENT_3D('',#4817,#4818,#4819);
#4817 = CARTESIAN_POINT('',(-8.255,12.1412,-6.35));
#4818 = DIRECTION('',(0.,1.,0.));
#4819 = DIRECTION('',(0.,-0.,1.));
#4820 = ADVANCED_FACE('',(#4821),#4849,.F.);
#4821 = FACE_BOUND('',#4822,.F.);
#4822 = EDGE_LOOP('',(#4823,#4833,#4842));
#4823 = ORIENTED_EDGE('',*,*,#4824,.F.);
#4824 = EDGE_CURVE('',#4825,#4827,#4829,.T.);
#4825 = VERTEX_POINT('',#4826);
#4826 = CARTESIAN_POINT('',(-9.1672808778,12.1412,-3.1369));
#4827 = VERTEX_POINT('',#4828);
#4828 = CARTESIAN_POINT('',(-7.3427191222,12.1412,-3.1369));
#4829 = LINE('',#4830,#4831);
#4830 = CARTESIAN_POINT('',(-9.1672808778,12.1412,-3.1369));
#4831 = VECTOR('',#4832,1.);
#4832 = DIRECTION('',(1.,0.,0.));
#4833 = ORIENTED_EDGE('',*,*,#4834,.F.);
#4834 = EDGE_CURVE('',#4835,#4825,#4837,.T.);
#4835 = VERTEX_POINT('',#4836);
#4836 = CARTESIAN_POINT('',(-8.255,12.1412,-3.0099));
#4837 = CIRCLE('',#4838,3.3401);
#4838 = AXIS2_PLACEMENT_3D('',#4839,#4840,#4841);
#4839 = CARTESIAN_POINT('',(-8.255,12.1412,-6.35));
#4840 = DIRECTION('',(0.,-1.,0.));
#4841 = DIRECTION('',(0.,0.,1.));
#4842 = ORIENTED_EDGE('',*,*,#4843,.T.);
#4843 = EDGE_CURVE('',#4835,#4827,#4844,.T.);
#4844 = CIRCLE('',#4845,3.3401);
#4845 = AXIS2_PLACEMENT_3D('',#4846,#4847,#4848);
#4846 = CARTESIAN_POINT('',(-8.255,12.1412,-6.35));
#4847 = DIRECTION('',(0.,1.,0.));
#4848 = DIRECTION('',(0.,-0.,1.));
#4849 = PLANE('',#4850);
#4850 = AXIS2_PLACEMENT_3D('',#4851,#4852,#4853);
#4851 = CARTESIAN_POINT('',(-8.255,12.1412,-6.35));
#4852 = DIRECTION('',(0.,1.,0.));
#4853 = DIRECTION('',(0.,-0.,1.));
#4854 = ADVANCED_FACE('',(#4855),#4874,.F.);
#4855 = FACE_BOUND('',#4856,.F.);
#4856 = EDGE_LOOP('',(#4857,#4867));
#4857 = ORIENTED_EDGE('',*,*,#4858,.F.);
#4858 = EDGE_CURVE('',#4859,#4861,#4863,.T.);
#4859 = VERTEX_POINT('',#4860);
#4860 = CARTESIAN_POINT('',(-5.0419,12.1412,-5.4377191222));
#4861 = VERTEX_POINT('',#4862);
#4862 = CARTESIAN_POINT('',(-5.0419,12.1412,-7.2622808778));
#4863 = LINE('',#4864,#4865);
#4864 = CARTESIAN_POINT('',(-5.0419,12.1412,-5.4377191222));
#4865 = VECTOR('',#4866,1.);
#4866 = DIRECTION('',(0.,0.,-1.));
#4867 = ORIENTED_EDGE('',*,*,#4868,.T.);
#4868 = EDGE_CURVE('',#4859,#4861,#4869,.T.);
#4869 = CIRCLE('',#4870,3.3401);
#4870 = AXIS2_PLACEMENT_3D('',#4871,#4872,#4873);
#4871 = CARTESIAN_POINT('',(-8.255,12.1412,-6.35));
#4872 = DIRECTION('',(0.,1.,0.));
#4873 = DIRECTION('',(0.961977186312,-0.,0.273129809826));
#4874 = PLANE('',#4875);
#4875 = AXIS2_PLACEMENT_3D('',#4876,#4877,#4878);
#4876 = CARTESIAN_POINT('',(-8.255,12.1412,-6.35));
#4877 = DIRECTION('',(0.,1.,0.));
#4878 = DIRECTION('',(0.,-0.,1.));
#4879 = ADVANCED_FACE('',(#4880),#4908,.F.);
#4880 = FACE_BOUND('',#4881,.F.);
#4881 = EDGE_LOOP('',(#4882,#4892,#4901));
#4882 = ORIENTED_EDGE('',*,*,#4883,.F.);
#4883 = EDGE_CURVE('',#4884,#4886,#4888,.T.);
#4884 = VERTEX_POINT('',#4885);
#4885 = CARTESIAN_POINT('',(-7.3427191222,12.1412,-9.5631));
#4886 = VERTEX_POINT('',#4887);
#4887 = CARTESIAN_POINT('',(-9.1672808778,12.1412,-9.5631));
#4888 = LINE('',#4889,#4890);
#4889 = CARTESIAN_POINT('',(-7.3427191222,12.1412,-9.5631));
#4890 = VECTOR('',#4891,1.);
#4891 = DIRECTION('',(-1.,0.,0.));
#4892 = ORIENTED_EDGE('',*,*,#4893,.T.);
#4893 = EDGE_CURVE('',#4884,#4894,#4896,.T.);
#4894 = VERTEX_POINT('',#4895);
#4895 = CARTESIAN_POINT('',(-8.255,12.1412,-9.6901));
#4896 = CIRCLE('',#4897,3.3401);
#4897 = AXIS2_PLACEMENT_3D('',#4898,#4899,#4900);
#4898 = CARTESIAN_POINT('',(-8.255,12.1412,-6.35));
#4899 = DIRECTION('',(0.,1.,0.));
#4900 = DIRECTION('',(0.273129809826,0.,-0.961977186312));
#4901 = ORIENTED_EDGE('',*,*,#4902,.F.);
#4902 = EDGE_CURVE('',#4886,#4894,#4903,.T.);
#4903 = CIRCLE('',#4904,3.3401);
#4904 = AXIS2_PLACEMENT_3D('',#4905,#4906,#4907);
#4905 = CARTESIAN_POINT('',(-8.255,12.1412,-6.35));
#4906 = DIRECTION('',(0.,-1.,0.));
#4907 = DIRECTION('',(-0.273129809826,-0.,-0.961977186312));
#4908 = PLANE('',#4909);
#4909 = AXIS2_PLACEMENT_3D('',#4910,#4911,#4912);
#4910 = CARTESIAN_POINT('',(-8.255,12.1412,-6.35));
#4911 = DIRECTION('',(0.,1.,0.));
#4912 = DIRECTION('',(0.,-0.,1.));
#4913 = ADVANCED_FACE('',(#4914),#4956,.T.);
#4914 = FACE_BOUND('',#4915,.T.);
#4915 = EDGE_LOOP('',(#4916,#4917,#4924,#4925,#4933,#4942,#4948,#4949));
#4916 = ORIENTED_EDGE('',*,*,#4809,.F.);
#4917 = ORIENTED_EDGE('',*,*,#4918,.T.);
#4918 = EDGE_CURVE('',#4764,#4825,#4919,.T.);
#4919 = CIRCLE('',#4920,3.3401);
#4920 = AXIS2_PLACEMENT_3D('',#4921,#4922,#4923);
#4921 = CARTESIAN_POINT('',(-8.255,12.1412,-6.35));
#4922 = DIRECTION('',(0.,1.,0.));
#4923 = DIRECTION('',(-0.961977186312,0.,0.273129809826));
#4924 = ORIENTED_EDGE('',*,*,#4834,.F.);
#4925 = ORIENTED_EDGE('',*,*,#4926,.T.);
#4926 = EDGE_CURVE('',#4835,#4927,#4929,.T.);
#4927 = VERTEX_POINT('',#4928);
#4928 = CARTESIAN_POINT('',(-8.255,13.6652,-3.0099));
#4929 = LINE('',#4930,#4931);
#4930 = CARTESIAN_POINT('',(-8.255,12.1412,-3.0099));
#4931 = VECTOR('',#4932,1.);
#4932 = DIRECTION('',(0.,1.,0.));
#4933 = ORIENTED_EDGE('',*,*,#4934,.T.);
#4934 = EDGE_CURVE('',#4927,#4935,#4937,.T.);
#4935 = VERTEX_POINT('',#4936);
#4936 = CARTESIAN_POINT('',(-8.255,13.6652,-9.6901));
#4937 = CIRCLE('',#4938,3.3401);
#4938 = AXIS2_PLACEMENT_3D('',#4939,#4940,#4941);
#4939 = CARTESIAN_POINT('',(-8.255,13.6652,-6.35));
#4940 = DIRECTION('',(0.,-1.,0.));
#4941 = DIRECTION('',(0.,0.,1.));
#4942 = ORIENTED_EDGE('',*,*,#4943,.F.);
#4943 = EDGE_CURVE('',#4894,#4935,#4944,.T.);
#4944 = LINE('',#4945,#4946);
#4945 = CARTESIAN_POINT('',(-8.255,12.1412,-9.6901));
#4946 = VECTOR('',#4947,1.);
#4947 = DIRECTION('',(0.,1.,0.));
#4948 = ORIENTED_EDGE('',*,*,#4902,.F.);
#4949 = ORIENTED_EDGE('',*,*,#4950,.T.);
#4950 = EDGE_CURVE('',#4886,#4762,#4951,.T.);
#4951 = CIRCLE('',#4952,3.3401);
#4952 = AXIS2_PLACEMENT_3D('',#4953,#4954,#4955);
#4953 = CARTESIAN_POINT('',(-8.255,12.1412,-6.35));
#4954 = DIRECTION('',(0.,1.,0.));
#4955 = DIRECTION('',(-0.273129809826,0.,-0.961977186312));
#4956 = CYLINDRICAL_SURFACE('',#4957,3.3401);
#4957 = AXIS2_PLACEMENT_3D('',#4958,#4959,#4960);
#4958 = CARTESIAN_POINT('',(-8.255,3.89001,-6.35));
#4959 = DIRECTION('',(0.,1.,0.));
#4960 = DIRECTION('',(0.,-0.,1.));
#4961 = ADVANCED_FACE('',(#4962),#4985,.T.);
#4962 = FACE_BOUND('',#4963,.F.);
#4963 = EDGE_LOOP('',(#4964,#4971,#4979));
#4964 = ORIENTED_EDGE('',*,*,#4965,.T.);
#4965 = EDGE_CURVE('',#4827,#4859,#4966,.T.);
#4966 = CIRCLE('',#4967,3.3401);
#4967 = AXIS2_PLACEMENT_3D('',#4968,#4969,#4970);
#4968 = CARTESIAN_POINT('',(-8.255,12.1412,-6.35));
#4969 = DIRECTION('',(0.,1.,0.));
#4970 = DIRECTION('',(0.273129809826,-0.,0.961977186312));
#4971 = ORIENTED_EDGE('',*,*,#4972,.F.);
#4972 = EDGE_CURVE('',#4973,#4859,#4975,.T.);
#4973 = VERTEX_POINT('',#4974);
#4974 = CARTESIAN_POINT('',(-5.0419,12.1412,-3.1369));
#4975 = LINE('',#4976,#4977);
#4976 = CARTESIAN_POINT('',(-5.0419,12.1412,-3.1369));
#4977 = VECTOR('',#4978,1.);
#4978 = DIRECTION('',(0.,0.,-1.));
#4979 = ORIENTED_EDGE('',*,*,#4980,.F.);
#4980 = EDGE_CURVE('',#4827,#4973,#4981,.T.);
#4981 = LINE('',#4982,#4983);
#4982 = CARTESIAN_POINT('',(-7.3427191222,12.1412,-3.1369));
#4983 = VECTOR('',#4984,1.);
#4984 = DIRECTION('',(1.,0.,0.));
#4985 = PLANE('',#4986);
#4986 = AXIS2_PLACEMENT_3D('',#4987,#4988,#4989);
#4987 = CARTESIAN_POINT('',(-8.255,12.1412,-6.35));
#4988 = DIRECTION('',(0.,1.,0.));
#4989 = DIRECTION('',(0.,-0.,1.));
#4990 = ADVANCED_FACE('',(#4991),#5014,.T.);
#4991 = FACE_BOUND('',#4992,.F.);
#4992 = EDGE_LOOP('',(#4993,#5000,#5008));
#4993 = ORIENTED_EDGE('',*,*,#4994,.T.);
#4994 = EDGE_CURVE('',#4861,#4884,#4995,.T.);
#4995 = CIRCLE('',#4996,3.3401);
#4996 = AXIS2_PLACEMENT_3D('',#4997,#4998,#4999);
#4997 = CARTESIAN_POINT('',(-8.255,12.1412,-6.35));
#4998 = DIRECTION('',(0.,1.,0.));
#4999 = DIRECTION('',(0.961977186312,0.,-0.273129809826));
#5000 = ORIENTED_EDGE('',*,*,#5001,.F.);
#5001 = EDGE_CURVE('',#5002,#4884,#5004,.T.);
#5002 = VERTEX_POINT('',#5003);
#5003 = CARTESIAN_POINT('',(-5.0419,12.1412,-9.5631));
#5004 = LINE('',#5005,#5006);
#5005 = CARTESIAN_POINT('',(-5.0419,12.1412,-9.5631));
#5006 = VECTOR('',#5007,1.);
#5007 = DIRECTION('',(-1.,0.,0.));
#5008 = ORIENTED_EDGE('',*,*,#5009,.F.);
#5009 = EDGE_CURVE('',#4861,#5002,#5010,.T.);
#5010 = LINE('',#5011,#5012);
#5011 = CARTESIAN_POINT('',(-5.0419,12.1412,-7.2622808778));
#5012 = VECTOR('',#5013,1.);
#5013 = DIRECTION('',(0.,0.,-1.));
#5014 = PLANE('',#5015);
#5015 = AXIS2_PLACEMENT_3D('',#5016,#5017,#5018);
#5016 = CARTESIAN_POINT('',(-8.255,12.1412,-6.35));
#5017 = DIRECTION('',(0.,1.,0.));
#5018 = DIRECTION('',(0.,-0.,1.));
#5019 = ADVANCED_FACE('',(#5020),#5030,.T.);
#5020 = FACE_BOUND('',#5021,.F.);
#5021 = EDGE_LOOP('',(#5022,#5023,#5024));
#5022 = ORIENTED_EDGE('',*,*,#4950,.T.);
#5023 = ORIENTED_EDGE('',*,*,#4794,.F.);
#5024 = ORIENTED_EDGE('',*,*,#5025,.F.);
#5025 = EDGE_CURVE('',#4886,#4787,#5026,.T.);
#5026 = LINE('',#5027,#5028);
#5027 = CARTESIAN_POINT('',(-9.1672808778,12.1412,-9.5631));
#5028 = VECTOR('',#5029,1.);
#5029 = DIRECTION('',(-1.,0.,0.));
#5030 = PLANE('',#5031);
#5031 = AXIS2_PLACEMENT_3D('',#5032,#5033,#5034);
#5032 = CARTESIAN_POINT('',(-8.255,12.1412,-6.35));
#5033 = DIRECTION('',(0.,1.,0.));
#5034 = DIRECTION('',(0.,-0.,1.));
#5035 = ADVANCED_FACE('',(#5036),#5046,.T.);
#5036 = FACE_BOUND('',#5037,.F.);
#5037 = EDGE_LOOP('',(#5038,#5039,#5045));
#5038 = ORIENTED_EDGE('',*,*,#4918,.T.);
#5039 = ORIENTED_EDGE('',*,*,#5040,.F.);
#5040 = EDGE_CURVE('',#4772,#4825,#5041,.T.);
#5041 = LINE('',#5042,#5043);
#5042 = CARTESIAN_POINT('',(-11.4681,12.1412,-3.1369));
#5043 = VECTOR('',#5044,1.);
#5044 = DIRECTION('',(1.,0.,0.));
#5045 = ORIENTED_EDGE('',*,*,#4771,.F.);
#5046 = PLANE('',#5047);
#5047 = AXIS2_PLACEMENT_3D('',#5048,#5049,#5050);
#5048 = CARTESIAN_POINT('',(-8.255,12.1412,-6.35));
#5049 = DIRECTION('',(0.,1.,0.));
#5050 = DIRECTION('',(0.,-0.,1.));
#5051 = ADVANCED_FACE('',(#5052),#5068,.T.);
#5052 = FACE_BOUND('',#5053,.T.);
#5053 = EDGE_LOOP('',(#5054,#5055,#5056,#5057,#5058,#5065,#5066,#5067));
#5054 = ORIENTED_EDGE('',*,*,#4868,.T.);
#5055 = ORIENTED_EDGE('',*,*,#4994,.T.);
#5056 = ORIENTED_EDGE('',*,*,#4893,.T.);
#5057 = ORIENTED_EDGE('',*,*,#4943,.T.);
#5058 = ORIENTED_EDGE('',*,*,#5059,.F.);
#5059 = EDGE_CURVE('',#4927,#4935,#5060,.T.);
#5060 = CIRCLE('',#5061,3.3401);
#5061 = AXIS2_PLACEMENT_3D('',#5062,#5063,#5064);
#5062 = CARTESIAN_POINT('',(-8.255,13.6652,-6.35));
#5063 = DIRECTION('',(0.,1.,0.));
#5064 = DIRECTION('',(0.,-0.,1.));
#5065 = ORIENTED_EDGE('',*,*,#4926,.F.);
#5066 = ORIENTED_EDGE('',*,*,#4843,.T.);
#5067 = ORIENTED_EDGE('',*,*,#4965,.T.);
#5068 = CYLINDRICAL_SURFACE('',#5069,3.3401);
#5069 = AXIS2_PLACEMENT_3D('',#5070,#5071,#5072);
#5070 = CARTESIAN_POINT('',(-8.255,3.89001,-6.35));
#5071 = DIRECTION('',(0.,1.,0.));
#5072 = DIRECTION('',(0.,-0.,1.));
#5073 = ADVANCED_FACE('',(#5074),#5093,.T.);
#5074 = FACE_BOUND('',#5075,.T.);
#5075 = EDGE_LOOP('',(#5076,#5077,#5086));
#5076 = ORIENTED_EDGE('',*,*,#5059,.T.);
#5077 = ORIENTED_EDGE('',*,*,#5078,.T.);
#5078 = EDGE_CURVE('',#4935,#5079,#5081,.T.);
#5079 = VERTEX_POINT('',#5080);
#5080 = CARTESIAN_POINT('',(-8.255,14.478,-6.35));
#5081 = CIRCLE('',#5082,7.26926171875);
#5082 = AXIS2_PLACEMENT_3D('',#5083,#5084,#5085);
#5083 = CARTESIAN_POINT('',(-8.255,7.20873828125,-6.35));
#5084 = DIRECTION('',(1.,0.,0.));
#5085 = DIRECTION('',(0.,0.888186719443,-0.459482699788));
#5086 = ORIENTED_EDGE('',*,*,#5087,.F.);
#5087 = EDGE_CURVE('',#4927,#5079,#5088,.T.);
#5088 = CIRCLE('',#5089,7.26926171875);
#5089 = AXIS2_PLACEMENT_3D('',#5090,#5091,#5092);
#5090 = CARTESIAN_POINT('',(-8.255,7.20873828125,-6.35));
#5091 = DIRECTION('',(-1.,0.,0.));
#5092 = DIRECTION('',(0.,0.888186719443,0.459482699788));
#5093 = SPHERICAL_SURFACE('',#5094,7.26926171875);
#5094 = AXIS2_PLACEMENT_3D('',#5095,#5096,#5097);
#5095 = CARTESIAN_POINT('',(-8.255,7.20873828125,-6.35));
#5096 = DIRECTION('',(0.,1.,0.));
#5097 = DIRECTION('',(0.,-0.,1.));
#5098 = ADVANCED_FACE('',(#5099),#5104,.T.);
#5099 = FACE_BOUND('',#5100,.T.);
#5100 = EDGE_LOOP('',(#5101,#5102,#5103));
#5101 = ORIENTED_EDGE('',*,*,#5078,.F.);
#5102 = ORIENTED_EDGE('',*,*,#4934,.F.);
#5103 = ORIENTED_EDGE('',*,*,#5087,.T.);
#5104 = SPHERICAL_SURFACE('',#5105,7.26926171875);
#5105 = AXIS2_PLACEMENT_3D('',#5106,#5107,#5108);
#5106 = CARTESIAN_POINT('',(-8.255,7.20873828125,-6.35));
#5107 = DIRECTION('',(0.,1.,0.));
#5108 = DIRECTION('',(0.,-0.,1.));
#5109 = ADVANCED_FACE('',(#5110),#5128,.T.);
#5110 = FACE_BOUND('',#5111,.F.);
#5111 = EDGE_LOOP('',(#5112,#5113,#5114,#5120,#5121,#5127));
#5112 = ORIENTED_EDGE('',*,*,#4858,.T.);
#5113 = ORIENTED_EDGE('',*,*,#5009,.T.);
#5114 = ORIENTED_EDGE('',*,*,#5115,.T.);
#5115 = EDGE_CURVE('',#5002,#4730,#5116,.T.);
#5116 = LINE('',#5117,#5118);
#5117 = CARTESIAN_POINT('',(-5.0419,12.1412,-9.5631));
#5118 = VECTOR('',#5119,1.);
#5119 = DIRECTION('',(0.,-1.,0.));
#5120 = ORIENTED_EDGE('',*,*,#4729,.F.);
#5121 = ORIENTED_EDGE('',*,*,#5122,.F.);
#5122 = EDGE_CURVE('',#4973,#4722,#5123,.T.);
#5123 = LINE('',#5124,#5125);
#5124 = CARTESIAN_POINT('',(-5.0419,12.1412,-3.1369));
#5125 = VECTOR('',#5126,1.);
#5126 = DIRECTION('',(0.,-1.,0.));
#5127 = ORIENTED_EDGE('',*,*,#4972,.T.);
#5128 = PLANE('',#5129);
#5129 = AXIS2_PLACEMENT_3D('',#5130,#5131,#5132);
#5130 = CARTESIAN_POINT('',(-5.0419,12.1412,-3.1369));
#5131 = DIRECTION('',(1.,0.,0.));
#5132 = DIRECTION('',(0.,0.,-1.));
#5133 = ADVANCED_FACE('',(#5134),#5142,.T.);
#5134 = FACE_BOUND('',#5135,.F.);
#5135 = EDGE_LOOP('',(#5136,#5137,#5138,#5139,#5140,#5141));
#5136 = ORIENTED_EDGE('',*,*,#4883,.T.);
#5137 = ORIENTED_EDGE('',*,*,#5025,.T.);
#5138 = ORIENTED_EDGE('',*,*,#4786,.T.);
#5139 = ORIENTED_EDGE('',*,*,#4737,.F.);
#5140 = ORIENTED_EDGE('',*,*,#5115,.F.);
#5141 = ORIENTED_EDGE('',*,*,#5001,.T.);
#5142 = PLANE('',#5143);
#5143 = AXIS2_PLACEMENT_3D('',#5144,#5145,#5146);
#5144 = CARTESIAN_POINT('',(-5.0419,12.1412,-9.5631));
#5145 = DIRECTION('',(0.,0.,-1.));
#5146 = DIRECTION('',(-1.,0.,0.));
#5147 = ADVANCED_FACE('',(#5148),#5156,.T.);
#5148 = FACE_BOUND('',#5149,.F.);
#5149 = EDGE_LOOP('',(#5150,#5151,#5152,#5153,#5154,#5155));
#5150 = ORIENTED_EDGE('',*,*,#4824,.T.);
#5151 = ORIENTED_EDGE('',*,*,#4980,.T.);
#5152 = ORIENTED_EDGE('',*,*,#5122,.T.);
#5153 = ORIENTED_EDGE('',*,*,#4721,.F.);
#5154 = ORIENTED_EDGE('',*,*,#4779,.F.);
#5155 = ORIENTED_EDGE('',*,*,#5040,.T.);
#5156 = PLANE('',#5157);
#5157 = AXIS2_PLACEMENT_3D('',#5158,#5159,#5160);
#5158 = CARTESIAN_POINT('',(-11.4681,12.1412,-3.1369));
#5159 = DIRECTION('',(0.,0.,1.));
#5160 = DIRECTION('',(1.,0.,-0.));
#5161 = ADVANCED_FACE('',(#5162),#5168,.T.);
#5162 = FACE_BOUND('',#5163,.T.);
#5163 = EDGE_LOOP('',(#5164,#5165,#5166,#5167));
#5164 = ORIENTED_EDGE('',*,*,#4688,.F.);
#5165 = ORIENTED_EDGE('',*,*,#4664,.T.);
#5166 = ORIENTED_EDGE('',*,*,#4679,.T.);
#5167 = ORIENTED_EDGE('',*,*,#4746,.F.);
#5168 = CYLINDRICAL_SURFACE('',#5169,1.70434);
#5169 = AXIS2_PLACEMENT_3D('',#5170,#5171,#5172);
#5170 = CARTESIAN_POINT('',(-8.255,3.89001,-6.35));
#5171 = DIRECTION('',(0.,1.,0.));
#5172 = DIRECTION('',(0.,-0.,1.));
#5173 = ADVANCED_FACE('',(#5174),#5199,.F.);
#5174 = FACE_BOUND('',#5175,.F.);
#5175 = EDGE_LOOP('',(#5176,#5177,#5185,#5193));
#5176 = ORIENTED_EDGE('',*,*,#2192,.T.);
#5177 = ORIENTED_EDGE('',*,*,#5178,.T.);
#5178 = EDGE_CURVE('',#2195,#5179,#5181,.T.);
#5179 = VERTEX_POINT('',#5180);
#5180 = CARTESIAN_POINT('',(-3.6703,7.493,-4.81965));
#5181 = LINE('',#5182,#5183);
#5182 = CARTESIAN_POINT('',(-3.6703,13.462,-4.81965));
#5183 = VECTOR('',#5184,1.);
#5184 = DIRECTION('',(0.,-1.,0.));
#5185 = ORIENTED_EDGE('',*,*,#5186,.F.);
#5186 = EDGE_CURVE('',#5187,#5179,#5189,.T.);
#5187 = VERTEX_POINT('',#5188);
#5188 = CARTESIAN_POINT('',(-3.3655,7.493,-4.51485));
#5189 = LINE('',#5190,#5191);
#5190 = CARTESIAN_POINT('',(-3.3655,7.493,-4.51485));
#5191 = VECTOR('',#5192,1.);
#5192 = DIRECTION('',(-0.707106781187,0.,-0.707106781187));
#5193 = ORIENTED_EDGE('',*,*,#5194,.F.);
#5194 = EDGE_CURVE('',#2193,#5187,#5195,.T.);
#5195 = LINE('',#5196,#5197);
#5196 = CARTESIAN_POINT('',(-3.3655,13.462,-4.51485));
#5197 = VECTOR('',#5198,1.);
#5198 = DIRECTION('',(0.,-1.,0.));
#5199 = PLANE('',#5200);
#5200 = AXIS2_PLACEMENT_3D('',#5201,#5202,#5203);
#5201 = CARTESIAN_POINT('',(-3.3655,13.462,-4.51485));
#5202 = DIRECTION('',(-0.707106781187,0.,0.707106781187));
#5203 = DIRECTION('',(-0.707106781187,0.,-0.707106781187));
#5204 = ADVANCED_FACE('',(#5205),#5223,.F.);
#5205 = FACE_BOUND('',#5206,.F.);
#5206 = EDGE_LOOP('',(#5207,#5208,#5216,#5222));
#5207 = ORIENTED_EDGE('',*,*,#2264,.T.);
#5208 = ORIENTED_EDGE('',*,*,#5209,.T.);
#5209 = EDGE_CURVE('',#2257,#5210,#5212,.T.);
#5210 = VERTEX_POINT('',#5211);
#5211 = CARTESIAN_POINT('',(-3.6703,7.493,-7.88035));
#5212 = LINE('',#5213,#5214);
#5213 = CARTESIAN_POINT('',(-3.6703,13.462,-7.88035));
#5214 = VECTOR('',#5215,1.);
#5215 = DIRECTION('',(0.,-1.,0.));
#5216 = ORIENTED_EDGE('',*,*,#5217,.F.);
#5217 = EDGE_CURVE('',#5179,#5210,#5218,.T.);
#5218 = LINE('',#5219,#5220);
#5219 = CARTESIAN_POINT('',(-3.6703,7.493,-4.81965));
#5220 = VECTOR('',#5221,1.);
#5221 = DIRECTION('',(0.,0.,-1.));
#5222 = ORIENTED_EDGE('',*,*,#5178,.F.);
#5223 = PLANE('',#5224);
#5224 = AXIS2_PLACEMENT_3D('',#5225,#5226,#5227);
#5225 = CARTESIAN_POINT('',(-3.6703,13.462,-4.81965));
#5226 = DIRECTION('',(-1.,0.,0.));
#5227 = DIRECTION('',(0.,0.,-1.));
#5228 = ADVANCED_FACE('',(#5229),#5247,.F.);
#5229 = FACE_BOUND('',#5230,.F.);
#5230 = EDGE_LOOP('',(#5231,#5232,#5240,#5246));
#5231 = ORIENTED_EDGE('',*,*,#2256,.T.);
#5232 = ORIENTED_EDGE('',*,*,#5233,.T.);
#5233 = EDGE_CURVE('',#2249,#5234,#5236,.T.);
#5234 = VERTEX_POINT('',#5235);
#5235 = CARTESIAN_POINT('',(-3.3655,7.493,-8.18515));
#5236 = LINE('',#5237,#5238);
#5237 = CARTESIAN_POINT('',(-3.3655,13.462,-8.18515));
#5238 = VECTOR('',#5239,1.);
#5239 = DIRECTION('',(0.,-1.,0.));
#5240 = ORIENTED_EDGE('',*,*,#5241,.F.);
#5241 = EDGE_CURVE('',#5210,#5234,#5242,.T.);
#5242 = LINE('',#5243,#5244);
#5243 = CARTESIAN_POINT('',(-3.6703,7.493,-7.88035));
#5244 = VECTOR('',#5245,1.);
#5245 = DIRECTION('',(0.707106781187,0.,-0.707106781187));
#5246 = ORIENTED_EDGE('',*,*,#5209,.F.);
#5247 = PLANE('',#5248);
#5248 = AXIS2_PLACEMENT_3D('',#5249,#5250,#5251);
#5249 = CARTESIAN_POINT('',(-3.6703,13.462,-7.88035));
#5250 = DIRECTION('',(-0.707106781187,0.,-0.707106781187));
#5251 = DIRECTION('',(0.707106781187,0.,-0.707106781187));
#5252 = ADVANCED_FACE('',(#5253),#5273,.F.);
#5253 = FACE_BOUND('',#5254,.F.);
#5254 = EDGE_LOOP('',(#5255,#5256,#5264,#5270,#5271,#5272));
#5255 = ORIENTED_EDGE('',*,*,#5194,.T.);
#5256 = ORIENTED_EDGE('',*,*,#5257,.F.);
#5257 = EDGE_CURVE('',#5258,#5187,#5260,.T.);
#5258 = VERTEX_POINT('',#5259);
#5259 = CARTESIAN_POINT('',(-3.3655,7.493,-0.81866605982));
#5260 = LINE('',#5261,#5262);
#5261 = CARTESIAN_POINT('',(-3.3655,7.493,-0.81866605982));
#5262 = VECTOR('',#5263,1.);
#5263 = DIRECTION('',(0.,0.,-1.));
#5264 = ORIENTED_EDGE('',*,*,#5265,.F.);
#5265 = EDGE_CURVE('',#700,#5258,#5266,.T.);
#5266 = LINE('',#5267,#5268);
#5267 = CARTESIAN_POINT('',(-3.3655,0.8255,0.));
#5268 = VECTOR('',#5269,1.);
#5269 = DIRECTION('',(0.,0.992546151641,-0.121869343405));
#5270 = ORIENTED_EDGE('',*,*,#697,.F.);
#5271 = ORIENTED_EDGE('',*,*,#988,.T.);
#5272 = ORIENTED_EDGE('',*,*,#2202,.T.);
#5273 = PLANE('',#5274);
#5274 = AXIS2_PLACEMENT_3D('',#5275,#5276,#5277);
#5275 = CARTESIAN_POINT('',(-3.3655,13.462,-1.6002));
#5276 = DIRECTION('',(-1.,0.,0.));
#5277 = DIRECTION('',(0.,0.,1.));
#5278 = ADVANCED_FACE('',(#5279),#5299,.F.);
#5279 = FACE_BOUND('',#5280,.F.);
#5280 = EDGE_LOOP('',(#5281,#5282,#5283,#5284,#5285,#5293));
#5281 = ORIENTED_EDGE('',*,*,#5233,.F.);
#5282 = ORIENTED_EDGE('',*,*,#2248,.T.);
#5283 = ORIENTED_EDGE('',*,*,#1951,.T.);
#5284 = ORIENTED_EDGE('',*,*,#1711,.T.);
#5285 = ORIENTED_EDGE('',*,*,#5286,.F.);
#5286 = EDGE_CURVE('',#5287,#1714,#5289,.T.);
#5287 = VERTEX_POINT('',#5288);
#5288 = CARTESIAN_POINT('',(-3.3655,7.493,-11.88133394018));
#5289 = LINE('',#5290,#5291);
#5290 = CARTESIAN_POINT('',(-3.3655,7.493,-11.88133394018));
#5291 = VECTOR('',#5292,1.);
#5292 = DIRECTION('',(0.,-0.992546151641,-0.121869343405));
#5293 = ORIENTED_EDGE('',*,*,#5294,.F.);
#5294 = EDGE_CURVE('',#5234,#5287,#5295,.T.);
#5295 = LINE('',#5296,#5297);
#5296 = CARTESIAN_POINT('',(-3.3655,7.493,-8.18515));
#5297 = VECTOR('',#5298,1.);
#5298 = DIRECTION('',(0.,0.,-1.));
#5299 = PLANE('',#5300);
#5300 = AXIS2_PLACEMENT_3D('',#5301,#5302,#5303);
#5301 = CARTESIAN_POINT('',(-3.3655,13.462,-1.6002));
#5302 = DIRECTION('',(-1.,0.,0.));
#5303 = DIRECTION('',(0.,0.,1.));
#5304 = ADVANCED_FACE('',(#5305,#5366),#5464,.F.);
#5305 = FACE_BOUND('',#5306,.F.);
#5306 = EDGE_LOOP('',(#5307,#5317,#5325,#5333,#5341,#5349,#5355,#5356,
    #5357,#5358,#5359,#5360));
#5307 = ORIENTED_EDGE('',*,*,#5308,.F.);
#5308 = EDGE_CURVE('',#5309,#5311,#5313,.T.);
#5309 = VERTEX_POINT('',#5310);
#5310 = CARTESIAN_POINT('',(3.3655,7.493,-8.18515));
#5311 = VERTEX_POINT('',#5312);
#5312 = CARTESIAN_POINT('',(3.3655,7.493,-11.88133394018));
#5313 = LINE('',#5314,#5315);
#5314 = CARTESIAN_POINT('',(3.3655,7.493,-8.18515));
#5315 = VECTOR('',#5316,1.);
#5316 = DIRECTION('',(0.,0.,-1.));
#5317 = ORIENTED_EDGE('',*,*,#5318,.T.);
#5318 = EDGE_CURVE('',#5309,#5319,#5321,.T.);
#5319 = VERTEX_POINT('',#5320);
#5320 = CARTESIAN_POINT('',(3.6703,7.493,-7.88035));
#5321 = LINE('',#5322,#5323);
#5322 = CARTESIAN_POINT('',(3.3655,7.493,-8.18515));
#5323 = VECTOR('',#5324,1.);
#5324 = DIRECTION('',(0.707106781187,0.,0.707106781187));
#5325 = ORIENTED_EDGE('',*,*,#5326,.T.);
#5326 = EDGE_CURVE('',#5319,#5327,#5329,.T.);
#5327 = VERTEX_POINT('',#5328);
#5328 = CARTESIAN_POINT('',(3.6703,7.493,-4.81965));
#5329 = LINE('',#5330,#5331);
#5330 = CARTESIAN_POINT('',(3.6703,7.493,-7.88035));
#5331 = VECTOR('',#5332,1.);
#5332 = DIRECTION('',(0.,0.,1.));
#5333 = ORIENTED_EDGE('',*,*,#5334,.T.);
#5334 = EDGE_CURVE('',#5327,#5335,#5337,.T.);
#5335 = VERTEX_POINT('',#5336);
#5336 = CARTESIAN_POINT('',(3.3655,7.493,-4.51485));
#5337 = LINE('',#5338,#5339);
#5338 = CARTESIAN_POINT('',(3.6703,7.493,-4.81965));
#5339 = VECTOR('',#5340,1.);
#5340 = DIRECTION('',(-0.707106781186,0.,0.707106781187));
#5341 = ORIENTED_EDGE('',*,*,#5342,.F.);
#5342 = EDGE_CURVE('',#5343,#5335,#5345,.T.);
#5343 = VERTEX_POINT('',#5344);
#5344 = CARTESIAN_POINT('',(3.3655,7.493,-0.81866605982));
#5345 = LINE('',#5346,#5347);
#5346 = CARTESIAN_POINT('',(3.3655,7.493,-0.81866605982));
#5347 = VECTOR('',#5348,1.);
#5348 = DIRECTION('',(0.,0.,-1.));
#5349 = ORIENTED_EDGE('',*,*,#5350,.T.);
#5350 = EDGE_CURVE('',#5343,#5258,#5351,.T.);
#5351 = LINE('',#5352,#5353);
#5352 = CARTESIAN_POINT('',(3.3655,7.493,-0.81866605982));
#5353 = VECTOR('',#5354,1.);
#5354 = DIRECTION('',(-1.,0.,0.));
#5355 = ORIENTED_EDGE('',*,*,#5257,.T.);
#5356 = ORIENTED_EDGE('',*,*,#5186,.T.);
#5357 = ORIENTED_EDGE('',*,*,#5217,.T.);
#5358 = ORIENTED_EDGE('',*,*,#5241,.T.);
#5359 = ORIENTED_EDGE('',*,*,#5294,.T.);
#5360 = ORIENTED_EDGE('',*,*,#5361,.F.);
#5361 = EDGE_CURVE('',#5311,#5287,#5362,.T.);
#5362 = LINE('',#5363,#5364);
#5363 = CARTESIAN_POINT('',(3.3655,7.493,-11.88133394018));
#5364 = VECTOR('',#5365,1.);
#5365 = DIRECTION('',(-1.,0.,0.));
#5366 = FACE_BOUND('',#5367,.F.);
#5367 = EDGE_LOOP('',(#5368,#5378,#5386,#5394,#5402,#5410,#5418,#5426,
    #5434,#5442,#5450,#5458));
#5368 = ORIENTED_EDGE('',*,*,#5369,.T.);
#5369 = EDGE_CURVE('',#5370,#5372,#5374,.T.);
#5370 = VERTEX_POINT('',#5371);
#5371 = CARTESIAN_POINT('',(-3.175,7.493,-8.9154));
#5372 = VERTEX_POINT('',#5373);
#5373 = CARTESIAN_POINT('',(-3.175,7.493,-3.7846));
#5374 = LINE('',#5375,#5376);
#5375 = CARTESIAN_POINT('',(-3.175,7.493,-8.9154));
#5376 = VECTOR('',#5377,1.);
#5377 = DIRECTION('',(0.,0.,1.));
#5378 = ORIENTED_EDGE('',*,*,#5379,.T.);
#5379 = EDGE_CURVE('',#5372,#5380,#5382,.T.);
#5380 = VERTEX_POINT('',#5381);
#5381 = CARTESIAN_POINT('',(-2.3749,7.493,-3.7846));
#5382 = LINE('',#5383,#5384);
#5383 = CARTESIAN_POINT('',(-3.175,7.493,-3.7846));
#5384 = VECTOR('',#5385,1.);
#5385 = DIRECTION('',(1.,0.,0.));
#5386 = ORIENTED_EDGE('',*,*,#5387,.T.);
#5387 = EDGE_CURVE('',#5380,#5388,#5390,.T.);
#5388 = VERTEX_POINT('',#5389);
#5389 = CARTESIAN_POINT('',(-2.3749,7.493,-2.032));
#5390 = LINE('',#5391,#5392);
#5391 = CARTESIAN_POINT('',(-2.3749,7.493,-3.7846));
#5392 = VECTOR('',#5393,1.);
#5393 = DIRECTION('',(0.,0.,1.));
#5394 = ORIENTED_EDGE('',*,*,#5395,.T.);
#5395 = EDGE_CURVE('',#5388,#5396,#5398,.T.);
#5396 = VERTEX_POINT('',#5397);
#5397 = CARTESIAN_POINT('',(2.3749,7.493,-2.032));
#5398 = LINE('',#5399,#5400);
#5399 = CARTESIAN_POINT('',(-2.3749,7.493,-2.032));
#5400 = VECTOR('',#5401,1.);
#5401 = DIRECTION('',(1.,0.,0.));
#5402 = ORIENTED_EDGE('',*,*,#5403,.T.);
#5403 = EDGE_CURVE('',#5396,#5404,#5406,.T.);
#5404 = VERTEX_POINT('',#5405);
#5405 = CARTESIAN_POINT('',(2.3749,7.493,-3.7846));
#5406 = LINE('',#5407,#5408);
#5407 = CARTESIAN_POINT('',(2.3749,7.493,-2.032));
#5408 = VECTOR('',#5409,1.);
#5409 = DIRECTION('',(0.,0.,-1.));
#5410 = ORIENTED_EDGE('',*,*,#5411,.T.);
#5411 = EDGE_CURVE('',#5404,#5412,#5414,.T.);
#5412 = VERTEX_POINT('',#5413);
#5413 = CARTESIAN_POINT('',(3.175,7.493,-3.7846));
#5414 = LINE('',#5415,#5416);
#5415 = CARTESIAN_POINT('',(2.3749,7.493,-3.7846));
#5416 = VECTOR('',#5417,1.);
#5417 = DIRECTION('',(1.,0.,0.));
#5418 = ORIENTED_EDGE('',*,*,#5419,.T.);
#5419 = EDGE_CURVE('',#5412,#5420,#5422,.T.);
#5420 = VERTEX_POINT('',#5421);
#5421 = CARTESIAN_POINT('',(3.175,7.493,-8.9154));
#5422 = LINE('',#5423,#5424);
#5423 = CARTESIAN_POINT('',(3.175,7.493,-3.7846));
#5424 = VECTOR('',#5425,1.);
#5425 = DIRECTION('',(0.,0.,-1.));
#5426 = ORIENTED_EDGE('',*,*,#5427,.T.);
#5427 = EDGE_CURVE('',#5420,#5428,#5430,.T.);
#5428 = VERTEX_POINT('',#5429);
#5429 = CARTESIAN_POINT('',(2.3749,7.493,-8.9154));
#5430 = LINE('',#5431,#5432);
#5431 = CARTESIAN_POINT('',(3.175,7.493,-8.9154));
#5432 = VECTOR('',#5433,1.);
#5433 = DIRECTION('',(-1.,0.,0.));
#5434 = ORIENTED_EDGE('',*,*,#5435,.T.);
#5435 = EDGE_CURVE('',#5428,#5436,#5438,.T.);
#5436 = VERTEX_POINT('',#5437);
#5437 = CARTESIAN_POINT('',(2.3749,7.493,-10.668));
#5438 = LINE('',#5439,#5440);
#5439 = CARTESIAN_POINT('',(2.3749,7.493,-8.9154));
#5440 = VECTOR('',#5441,1.);
#5441 = DIRECTION('',(0.,0.,-1.));
#5442 = ORIENTED_EDGE('',*,*,#5443,.T.);
#5443 = EDGE_CURVE('',#5436,#5444,#5446,.T.);
#5444 = VERTEX_POINT('',#5445);
#5445 = CARTESIAN_POINT('',(-2.3749,7.493,-10.668));
#5446 = LINE('',#5447,#5448);
#5447 = CARTESIAN_POINT('',(2.3749,7.493,-10.668));
#5448 = VECTOR('',#5449,1.);
#5449 = DIRECTION('',(-1.,0.,0.));
#5450 = ORIENTED_EDGE('',*,*,#5451,.T.);
#5451 = EDGE_CURVE('',#5444,#5452,#5454,.T.);
#5452 = VERTEX_POINT('',#5453);
#5453 = CARTESIAN_POINT('',(-2.3749,7.493,-8.9154));
#5454 = LINE('',#5455,#5456);
#5455 = CARTESIAN_POINT('',(-2.3749,7.493,-10.668));
#5456 = VECTOR('',#5457,1.);
#5457 = DIRECTION('',(0.,0.,1.));
#5458 = ORIENTED_EDGE('',*,*,#5459,.T.);
#5459 = EDGE_CURVE('',#5452,#5370,#5460,.T.);
#5460 = LINE('',#5461,#5462);
#5461 = CARTESIAN_POINT('',(-2.3749,7.493,-8.9154));
#5462 = VECTOR('',#5463,1.);
#5463 = DIRECTION('',(-1.,0.,0.));
#5464 = PLANE('',#5465);
#5465 = AXIS2_PLACEMENT_3D('',#5466,#5467,#5468);
#5466 = CARTESIAN_POINT('',(3.3655,7.493,-0.81866605982));
#5467 = DIRECTION('',(0.,-1.,0.));
#5468 = DIRECTION('',(0.,0.,-1.));
#5469 = ADVANCED_FACE('',(#5470),#5488,.F.);
#5470 = FACE_BOUND('',#5471,.F.);
#5471 = EDGE_LOOP('',(#5472,#5478,#5479,#5485,#5486,#5487));
#5472 = ORIENTED_EDGE('',*,*,#5473,.T.);
#5473 = EDGE_CURVE('',#2320,#5309,#5474,.T.);
#5474 = LINE('',#5475,#5476);
#5475 = CARTESIAN_POINT('',(3.3655,13.462,-8.18515));
#5476 = VECTOR('',#5477,1.);
#5477 = DIRECTION('',(0.,-1.,0.));
#5478 = ORIENTED_EDGE('',*,*,#5308,.T.);
#5479 = ORIENTED_EDGE('',*,*,#5480,.T.);
#5480 = EDGE_CURVE('',#5311,#1777,#5481,.T.);
#5481 = LINE('',#5482,#5483);
#5482 = CARTESIAN_POINT('',(3.3655,7.493,-11.88133394018));
#5483 = VECTOR('',#5484,1.);
#5484 = DIRECTION('',(0.,-0.992546151641,-0.121869343405));
#5485 = ORIENTED_EDGE('',*,*,#1776,.F.);
#5486 = ORIENTED_EDGE('',*,*,#1967,.F.);
#5487 = ORIENTED_EDGE('',*,*,#2327,.F.);
#5488 = PLANE('',#5489);
#5489 = AXIS2_PLACEMENT_3D('',#5490,#5491,#5492);
#5490 = CARTESIAN_POINT('',(3.3655,0.8255,0.));
#5491 = DIRECTION('',(1.,0.,0.));
#5492 = DIRECTION('',(0.,0.,-1.));
#5493 = ADVANCED_FACE('',(#5494),#5512,.F.);
#5494 = FACE_BOUND('',#5495,.F.);
#5495 = EDGE_LOOP('',(#5496,#5502,#5503,#5504,#5505,#5511));
#5496 = ORIENTED_EDGE('',*,*,#5497,.F.);
#5497 = EDGE_CURVE('',#2296,#5335,#5498,.T.);
#5498 = LINE('',#5499,#5500);
#5499 = CARTESIAN_POINT('',(3.3655,13.462,-4.51485));
#5500 = VECTOR('',#5501,1.);
#5501 = DIRECTION('',(0.,-1.,0.));
#5502 = ORIENTED_EDGE('',*,*,#2295,.F.);
#5503 = ORIENTED_EDGE('',*,*,#1013,.F.);
#5504 = ORIENTED_EDGE('',*,*,#787,.T.);
#5505 = ORIENTED_EDGE('',*,*,#5506,.T.);
#5506 = EDGE_CURVE('',#780,#5343,#5507,.T.);
#5507 = LINE('',#5508,#5509);
#5508 = CARTESIAN_POINT('',(3.3655,0.8255,0.));
#5509 = VECTOR('',#5510,1.);
#5510 = DIRECTION('',(0.,0.992546151641,-0.121869343405));
#5511 = ORIENTED_EDGE('',*,*,#5342,.T.);
#5512 = PLANE('',#5513);
#5513 = AXIS2_PLACEMENT_3D('',#5514,#5515,#5516);
#5514 = CARTESIAN_POINT('',(3.3655,0.8255,0.));
#5515 = DIRECTION('',(1.,0.,0.));
#5516 = DIRECTION('',(0.,0.,-1.));
#5517 = ADVANCED_FACE('',(#5518),#5529,.F.);
#5518 = FACE_BOUND('',#5519,.F.);
#5519 = EDGE_LOOP('',(#5520,#5521,#5527,#5528));
#5520 = ORIENTED_EDGE('',*,*,#2319,.T.);
#5521 = ORIENTED_EDGE('',*,*,#5522,.T.);
#5522 = EDGE_CURVE('',#2312,#5319,#5523,.T.);
#5523 = LINE('',#5524,#5525);
#5524 = CARTESIAN_POINT('',(3.6703,13.462,-7.88035));
#5525 = VECTOR('',#5526,1.);
#5526 = DIRECTION('',(0.,-1.,0.));
#5527 = ORIENTED_EDGE('',*,*,#5318,.F.);
#5528 = ORIENTED_EDGE('',*,*,#5473,.F.);
#5529 = PLANE('',#5530);
#5530 = AXIS2_PLACEMENT_3D('',#5531,#5532,#5533);
#5531 = CARTESIAN_POINT('',(3.3655,13.462,-8.18515));
#5532 = DIRECTION('',(0.707106781187,0.,-0.707106781187));
#5533 = DIRECTION('',(0.707106781187,0.,0.707106781187));
#5534 = ADVANCED_FACE('',(#5535),#5546,.F.);
#5535 = FACE_BOUND('',#5536,.F.);
#5536 = EDGE_LOOP('',(#5537,#5538,#5544,#5545));
#5537 = ORIENTED_EDGE('',*,*,#2311,.T.);
#5538 = ORIENTED_EDGE('',*,*,#5539,.T.);
#5539 = EDGE_CURVE('',#2304,#5327,#5540,.T.);
#5540 = LINE('',#5541,#5542);
#5541 = CARTESIAN_POINT('',(3.6703,13.462,-4.81965));
#5542 = VECTOR('',#5543,1.);
#5543 = DIRECTION('',(0.,-1.,0.));
#5544 = ORIENTED_EDGE('',*,*,#5326,.F.);
#5545 = ORIENTED_EDGE('',*,*,#5522,.F.);
#5546 = PLANE('',#5547);
#5547 = AXIS2_PLACEMENT_3D('',#5548,#5549,#5550);
#5548 = CARTESIAN_POINT('',(3.6703,13.462,-7.88035));
#5549 = DIRECTION('',(1.,0.,0.));
#5550 = DIRECTION('',(0.,0.,1.));
#5551 = ADVANCED_FACE('',(#5552),#5558,.F.);
#5552 = FACE_BOUND('',#5553,.F.);
#5553 = EDGE_LOOP('',(#5554,#5555,#5556,#5557));
#5554 = ORIENTED_EDGE('',*,*,#2303,.T.);
#5555 = ORIENTED_EDGE('',*,*,#5497,.T.);
#5556 = ORIENTED_EDGE('',*,*,#5334,.F.);
#5557 = ORIENTED_EDGE('',*,*,#5539,.F.);
#5558 = PLANE('',#5559);
#5559 = AXIS2_PLACEMENT_3D('',#5560,#5561,#5562);
#5560 = CARTESIAN_POINT('',(3.6703,13.462,-4.81965));
#5561 = DIRECTION('',(0.707106781187,0.,0.707106781187));
#5562 = DIRECTION('',(-0.707106781187,0.,0.707106781187));
#5563 = ADVANCED_FACE('',(#5564),#5575,.F.);
#5564 = FACE_BOUND('',#5565,.F.);
#5565 = EDGE_LOOP('',(#5566,#5572,#5573,#5574));
#5566 = ORIENTED_EDGE('',*,*,#5567,.T.);
#5567 = EDGE_CURVE('',#1714,#1777,#5568,.T.);
#5568 = LINE('',#5569,#5570);
#5569 = CARTESIAN_POINT('',(-3.3655,0.8255,-12.7));
#5570 = VECTOR('',#5571,1.);
#5571 = DIRECTION('',(1.,0.,0.));
#5572 = ORIENTED_EDGE('',*,*,#5480,.F.);
#5573 = ORIENTED_EDGE('',*,*,#5361,.T.);
#5574 = ORIENTED_EDGE('',*,*,#5286,.T.);
#5575 = PLANE('',#5576);
#5576 = AXIS2_PLACEMENT_3D('',#5577,#5578,#5579);
#5577 = CARTESIAN_POINT('',(3.3655,7.493,-11.88133394018));
#5578 = DIRECTION('',(0.,-0.121869343405,0.992546151641));
#5579 = DIRECTION('',(0.,-0.992546151641,-0.121869343405));
#5580 = ADVANCED_FACE('',(#5581,#5602),#5636,.F.);
#5581 = FACE_BOUND('',#5582,.F.);
#5582 = EDGE_LOOP('',(#5583,#5589,#5595,#5596));
#5583 = ORIENTED_EDGE('',*,*,#5584,.T.);
#5584 = EDGE_CURVE('',#700,#780,#5585,.T.);
#5585 = LINE('',#5586,#5587);
#5586 = CARTESIAN_POINT('',(-3.3655,0.8255,0.));
#5587 = VECTOR('',#5588,1.);
#5588 = DIRECTION('',(1.,0.,0.));
#5589 = ORIENTED_EDGE('',*,*,#5590,.T.);
#5590 = EDGE_CURVE('',#780,#1777,#5591,.T.);
#5591 = LINE('',#5592,#5593);
#5592 = CARTESIAN_POINT('',(3.3655,0.8255,0.));
#5593 = VECTOR('',#5594,1.);
#5594 = DIRECTION('',(0.,0.,-1.));
#5595 = ORIENTED_EDGE('',*,*,#5567,.F.);
#5596 = ORIENTED_EDGE('',*,*,#5597,.F.);
#5597 = EDGE_CURVE('',#700,#1714,#5598,.T.);
#5598 = LINE('',#5599,#5600);
#5599 = CARTESIAN_POINT('',(-3.3655,0.8255,0.));
#5600 = VECTOR('',#5601,1.);
#5601 = DIRECTION('',(0.,0.,-1.));
#5602 = FACE_BOUND('',#5603,.F.);
#5603 = EDGE_LOOP('',(#5604,#5614,#5622,#5630));
#5604 = ORIENTED_EDGE('',*,*,#5605,.T.);
#5605 = EDGE_CURVE('',#5606,#5608,#5610,.T.);
#5606 = VERTEX_POINT('',#5607);
#5607 = CARTESIAN_POINT('',(-0.6604,0.8255,-2.032));
#5608 = VERTEX_POINT('',#5609);
#5609 = CARTESIAN_POINT('',(-0.6604,0.8255,-2.8702));
#5610 = LINE('',#5611,#5612);
#5611 = CARTESIAN_POINT('',(-0.6604,0.8255,-2.032));
#5612 = VECTOR('',#5613,1.);
#5613 = DIRECTION('',(0.,0.,-1.));
#5614 = ORIENTED_EDGE('',*,*,#5615,.T.);
#5615 = EDGE_CURVE('',#5608,#5616,#5618,.T.);
#5616 = VERTEX_POINT('',#5617);
#5617 = CARTESIAN_POINT('',(0.6604,0.8255,-2.8702));
#5618 = LINE('',#5619,#5620);
#5619 = CARTESIAN_POINT('',(-0.6604,0.8255,-2.8702));
#5620 = VECTOR('',#5621,1.);
#5621 = DIRECTION('',(1.,0.,0.));
#5622 = ORIENTED_EDGE('',*,*,#5623,.F.);
#5623 = EDGE_CURVE('',#5624,#5616,#5626,.T.);
#5624 = VERTEX_POINT('',#5625);
#5625 = CARTESIAN_POINT('',(0.6604,0.8255,-2.032));
#5626 = LINE('',#5627,#5628);
#5627 = CARTESIAN_POINT('',(0.6604,0.8255,-2.032));
#5628 = VECTOR('',#5629,1.);
#5629 = DIRECTION('',(0.,0.,-1.));
#5630 = ORIENTED_EDGE('',*,*,#5631,.F.);
#5631 = EDGE_CURVE('',#5606,#5624,#5632,.T.);
#5632 = LINE('',#5633,#5634);
#5633 = CARTESIAN_POINT('',(-0.6604,0.8255,-2.032));
#5634 = VECTOR('',#5635,1.);
#5635 = DIRECTION('',(1.,0.,0.));
#5636 = PLANE('',#5637);
#5637 = AXIS2_PLACEMENT_3D('',#5638,#5639,#5640);
#5638 = CARTESIAN_POINT('',(-3.3655,0.8255,0.));
#5639 = DIRECTION('',(0.,1.,0.));
#5640 = DIRECTION('',(0.,0.,-1.));
#5641 = ADVANCED_FACE('',(#5642),#5648,.F.);
#5642 = FACE_BOUND('',#5643,.F.);
#5643 = EDGE_LOOP('',(#5644,#5645,#5646,#5647));
#5644 = ORIENTED_EDGE('',*,*,#5584,.F.);
#5645 = ORIENTED_EDGE('',*,*,#5265,.T.);
#5646 = ORIENTED_EDGE('',*,*,#5350,.F.);
#5647 = ORIENTED_EDGE('',*,*,#5506,.F.);
#5648 = PLANE('',#5649);
#5649 = AXIS2_PLACEMENT_3D('',#5650,#5651,#5652);
#5650 = CARTESIAN_POINT('',(3.3655,0.8255,0.));
#5651 = DIRECTION('',(0.,-0.121869343405,-0.992546151641));
#5652 = DIRECTION('',(0.,0.992546151641,-0.121869343405));
#5653 = ADVANCED_FACE('',(#5654),#5660,.T.);
#5654 = FACE_BOUND('',#5655,.F.);
#5655 = EDGE_LOOP('',(#5656,#5657,#5658,#5659));
#5656 = ORIENTED_EDGE('',*,*,#779,.T.);
#5657 = ORIENTED_EDGE('',*,*,#1237,.T.);
#5658 = ORIENTED_EDGE('',*,*,#1784,.F.);
#5659 = ORIENTED_EDGE('',*,*,#5590,.F.);
#5660 = PLANE('',#5661);
#5661 = AXIS2_PLACEMENT_3D('',#5662,#5663,#5664);
#5662 = CARTESIAN_POINT('',(3.3655,13.462,-1.6002));
#5663 = DIRECTION('',(-1.,0.,0.));
#5664 = DIRECTION('',(0.,0.,1.));
#5665 = ADVANCED_FACE('',(#5666),#5672,.F.);
#5666 = FACE_BOUND('',#5667,.F.);
#5667 = EDGE_LOOP('',(#5668,#5669,#5670,#5671));
#5668 = ORIENTED_EDGE('',*,*,#707,.T.);
#5669 = ORIENTED_EDGE('',*,*,#5597,.T.);
#5670 = ORIENTED_EDGE('',*,*,#1744,.F.);
#5671 = ORIENTED_EDGE('',*,*,#1190,.T.);
#5672 = PLANE('',#5673);
#5673 = AXIS2_PLACEMENT_3D('',#5674,#5675,#5676);
#5674 = CARTESIAN_POINT('',(-3.3655,13.462,-1.6002));
#5675 = DIRECTION('',(-1.,0.,0.));
#5676 = DIRECTION('',(0.,0.,1.));
#5677 = ADVANCED_FACE('',(#5678),#5703,.F.);
#5678 = FACE_BOUND('',#5679,.F.);
#5679 = EDGE_LOOP('',(#5680,#5681,#5689,#5697));
#5680 = ORIENTED_EDGE('',*,*,#5605,.F.);
#5681 = ORIENTED_EDGE('',*,*,#5682,.T.);
#5682 = EDGE_CURVE('',#5606,#5683,#5685,.T.);
#5683 = VERTEX_POINT('',#5684);
#5684 = CARTESIAN_POINT('',(-0.6604,-4.064,-2.032));
#5685 = LINE('',#5686,#5687);
#5686 = CARTESIAN_POINT('',(-0.6604,0.8255,-2.032));
#5687 = VECTOR('',#5688,1.);
#5688 = DIRECTION('',(0.,-1.,0.));
#5689 = ORIENTED_EDGE('',*,*,#5690,.T.);
#5690 = EDGE_CURVE('',#5683,#5691,#5693,.T.);
#5691 = VERTEX_POINT('',#5692);
#5692 = CARTESIAN_POINT('',(-0.6604,-4.064,-2.8702));
#5693 = LINE('',#5694,#5695);
#5694 = CARTESIAN_POINT('',(-0.6604,-4.064,-2.032));
#5695 = VECTOR('',#5696,1.);
#5696 = DIRECTION('',(0.,0.,-1.));
#5697 = ORIENTED_EDGE('',*,*,#5698,.T.);
#5698 = EDGE_CURVE('',#5691,#5608,#5699,.T.);
#5699 = LINE('',#5700,#5701);
#5700 = CARTESIAN_POINT('',(-0.6604,-4.064,-2.8702));
#5701 = VECTOR('',#5702,1.);
#5702 = DIRECTION('',(0.,1.,0.));
#5703 = PLANE('',#5704);
#5704 = AXIS2_PLACEMENT_3D('',#5705,#5706,#5707);
#5705 = CARTESIAN_POINT('',(-0.6604,0.,0.));
#5706 = DIRECTION('',(1.,0.,0.));
#5707 = DIRECTION('',(0.,0.,-1.));
#5708 = ADVANCED_FACE('',(#5709),#5727,.T.);
#5709 = FACE_BOUND('',#5710,.F.);
#5710 = EDGE_LOOP('',(#5711,#5712,#5720,#5726));
#5711 = ORIENTED_EDGE('',*,*,#5631,.T.);
#5712 = ORIENTED_EDGE('',*,*,#5713,.T.);
#5713 = EDGE_CURVE('',#5624,#5714,#5716,.T.);
#5714 = VERTEX_POINT('',#5715);
#5715 = CARTESIAN_POINT('',(0.6604,-4.064,-2.032));
#5716 = LINE('',#5717,#5718);
#5717 = CARTESIAN_POINT('',(0.6604,0.8255,-2.032));
#5718 = VECTOR('',#5719,1.);
#5719 = DIRECTION('',(0.,-1.,0.));
#5720 = ORIENTED_EDGE('',*,*,#5721,.F.);
#5721 = EDGE_CURVE('',#5683,#5714,#5722,.T.);
#5722 = LINE('',#5723,#5724);
#5723 = CARTESIAN_POINT('',(-0.6604,-4.064,-2.032));
#5724 = VECTOR('',#5725,1.);
#5725 = DIRECTION('',(1.,0.,0.));
#5726 = ORIENTED_EDGE('',*,*,#5682,.F.);
#5727 = PLANE('',#5728);
#5728 = AXIS2_PLACEMENT_3D('',#5729,#5730,#5731);
#5729 = CARTESIAN_POINT('',(-0.6604,0.8255,-2.032));
#5730 = DIRECTION('',(0.,0.,1.));
#5731 = DIRECTION('',(0.,-1.,0.));
#5732 = ADVANCED_FACE('',(#5733),#5751,.T.);
#5733 = FACE_BOUND('',#5734,.F.);
#5734 = EDGE_LOOP('',(#5735,#5736,#5744,#5750));
#5735 = ORIENTED_EDGE('',*,*,#5623,.T.);
#5736 = ORIENTED_EDGE('',*,*,#5737,.F.);
#5737 = EDGE_CURVE('',#5738,#5616,#5740,.T.);
#5738 = VERTEX_POINT('',#5739);
#5739 = CARTESIAN_POINT('',(0.6604,-4.064,-2.8702));
#5740 = LINE('',#5741,#5742);
#5741 = CARTESIAN_POINT('',(0.6604,-4.064,-2.8702));
#5742 = VECTOR('',#5743,1.);
#5743 = DIRECTION('',(0.,1.,0.));
#5744 = ORIENTED_EDGE('',*,*,#5745,.F.);
#5745 = EDGE_CURVE('',#5714,#5738,#5746,.T.);
#5746 = LINE('',#5747,#5748);
#5747 = CARTESIAN_POINT('',(0.6604,-4.064,-2.032));
#5748 = VECTOR('',#5749,1.);
#5749 = DIRECTION('',(0.,0.,-1.));
#5750 = ORIENTED_EDGE('',*,*,#5713,.F.);
#5751 = PLANE('',#5752);
#5752 = AXIS2_PLACEMENT_3D('',#5753,#5754,#5755);
#5753 = CARTESIAN_POINT('',(0.6604,0.,0.));
#5754 = DIRECTION('',(1.,0.,0.));
#5755 = DIRECTION('',(0.,0.,-1.));
#5756 = ADVANCED_FACE('',(#5757),#5768,.T.);
#5757 = FACE_BOUND('',#5758,.F.);
#5758 = EDGE_LOOP('',(#5759,#5760,#5761,#5767));
#5759 = ORIENTED_EDGE('',*,*,#5615,.F.);
#5760 = ORIENTED_EDGE('',*,*,#5698,.F.);
#5761 = ORIENTED_EDGE('',*,*,#5762,.T.);
#5762 = EDGE_CURVE('',#5691,#5738,#5763,.T.);
#5763 = LINE('',#5764,#5765);
#5764 = CARTESIAN_POINT('',(-0.6604,-4.064,-2.8702));
#5765 = VECTOR('',#5766,1.);
#5766 = DIRECTION('',(1.,0.,0.));
#5767 = ORIENTED_EDGE('',*,*,#5737,.T.);
#5768 = PLANE('',#5769);
#5769 = AXIS2_PLACEMENT_3D('',#5770,#5771,#5772);
#5770 = CARTESIAN_POINT('',(-0.6604,-4.064,-2.8702));
#5771 = DIRECTION('',(0.,0.,-1.));
#5772 = DIRECTION('',(0.,1.,0.));
#5773 = ADVANCED_FACE('',(#5774),#5780,.T.);
#5774 = FACE_BOUND('',#5775,.F.);
#5775 = EDGE_LOOP('',(#5776,#5777,#5778,#5779));
#5776 = ORIENTED_EDGE('',*,*,#5690,.F.);
#5777 = ORIENTED_EDGE('',*,*,#5721,.T.);
#5778 = ORIENTED_EDGE('',*,*,#5745,.T.);
#5779 = ORIENTED_EDGE('',*,*,#5762,.F.);
#5780 = PLANE('',#5781);
#5781 = AXIS2_PLACEMENT_3D('',#5782,#5783,#5784);
#5782 = CARTESIAN_POINT('',(-0.6604,-4.064,-2.032));
#5783 = DIRECTION('',(0.,-1.,0.));
#5784 = DIRECTION('',(0.,0.,-1.));
#5785 = ADVANCED_FACE('',(#5786),#5811,.T.);
#5786 = FACE_BOUND('',#5787,.F.);
#5787 = EDGE_LOOP('',(#5788,#5789,#5797,#5805));
#5788 = ORIENTED_EDGE('',*,*,#5369,.F.);
#5789 = ORIENTED_EDGE('',*,*,#5790,.T.);
#5790 = EDGE_CURVE('',#5370,#5791,#5793,.T.);
#5791 = VERTEX_POINT('',#5792);
#5792 = CARTESIAN_POINT('',(-3.175,8.3312,-8.9154));
#5793 = LINE('',#5794,#5795);
#5794 = CARTESIAN_POINT('',(-3.175,7.493,-8.9154));
#5795 = VECTOR('',#5796,1.);
#5796 = DIRECTION('',(0.,1.,0.));
#5797 = ORIENTED_EDGE('',*,*,#5798,.T.);
#5798 = EDGE_CURVE('',#5791,#5799,#5801,.T.);
#5799 = VERTEX_POINT('',#5800);
#5800 = CARTESIAN_POINT('',(-3.175,8.3312,-3.7846));
#5801 = LINE('',#5802,#5803);
#5802 = CARTESIAN_POINT('',(-3.175,8.3312,-8.9154));
#5803 = VECTOR('',#5804,1.);
#5804 = DIRECTION('',(0.,0.,1.));
#5805 = ORIENTED_EDGE('',*,*,#5806,.F.);
#5806 = EDGE_CURVE('',#5372,#5799,#5807,.T.);
#5807 = LINE('',#5808,#5809);
#5808 = CARTESIAN_POINT('',(-3.175,7.493,-3.7846));
#5809 = VECTOR('',#5810,1.);
#5810 = DIRECTION('',(0.,1.,0.));
#5811 = PLANE('',#5812);
#5812 = AXIS2_PLACEMENT_3D('',#5813,#5814,#5815);
#5813 = CARTESIAN_POINT('',(-3.175,7.493,-8.9154));
#5814 = DIRECTION('',(-1.,0.,0.));
#5815 = DIRECTION('',(0.,0.,1.));
#5816 = ADVANCED_FACE('',(#5817),#5835,.T.);
#5817 = FACE_BOUND('',#5818,.F.);
#5818 = EDGE_LOOP('',(#5819,#5820,#5828,#5834));
#5819 = ORIENTED_EDGE('',*,*,#5459,.F.);
#5820 = ORIENTED_EDGE('',*,*,#5821,.T.);
#5821 = EDGE_CURVE('',#5452,#5822,#5824,.T.);
#5822 = VERTEX_POINT('',#5823);
#5823 = CARTESIAN_POINT('',(-2.3749,8.3312,-8.9154));
#5824 = LINE('',#5825,#5826);
#5825 = CARTESIAN_POINT('',(-2.3749,7.493,-8.9154));
#5826 = VECTOR('',#5827,1.);
#5827 = DIRECTION('',(0.,1.,0.));
#5828 = ORIENTED_EDGE('',*,*,#5829,.T.);
#5829 = EDGE_CURVE('',#5822,#5791,#5830,.T.);
#5830 = LINE('',#5831,#5832);
#5831 = CARTESIAN_POINT('',(-2.3749,8.3312,-8.9154));
#5832 = VECTOR('',#5833,1.);
#5833 = DIRECTION('',(-1.,0.,0.));
#5834 = ORIENTED_EDGE('',*,*,#5790,.F.);
#5835 = PLANE('',#5836);
#5836 = AXIS2_PLACEMENT_3D('',#5837,#5838,#5839);
#5837 = CARTESIAN_POINT('',(-2.3749,7.493,-8.9154));
#5838 = DIRECTION('',(0.,0.,-1.));
#5839 = DIRECTION('',(-1.,0.,0.));
#5840 = ADVANCED_FACE('',(#5841),#5859,.T.);
#5841 = FACE_BOUND('',#5842,.F.);
#5842 = EDGE_LOOP('',(#5843,#5844,#5852,#5858));
#5843 = ORIENTED_EDGE('',*,*,#5451,.F.);
#5844 = ORIENTED_EDGE('',*,*,#5845,.T.);
#5845 = EDGE_CURVE('',#5444,#5846,#5848,.T.);
#5846 = VERTEX_POINT('',#5847);
#5847 = CARTESIAN_POINT('',(-2.3749,8.3312,-10.668));
#5848 = LINE('',#5849,#5850);
#5849 = CARTESIAN_POINT('',(-2.3749,7.493,-10.668));
#5850 = VECTOR('',#5851,1.);
#5851 = DIRECTION('',(0.,1.,0.));
#5852 = ORIENTED_EDGE('',*,*,#5853,.T.);
#5853 = EDGE_CURVE('',#5846,#5822,#5854,.T.);
#5854 = LINE('',#5855,#5856);
#5855 = CARTESIAN_POINT('',(-2.3749,8.3312,-10.668));
#5856 = VECTOR('',#5857,1.);
#5857 = DIRECTION('',(0.,0.,1.));
#5858 = ORIENTED_EDGE('',*,*,#5821,.F.);
#5859 = PLANE('',#5860);
#5860 = AXIS2_PLACEMENT_3D('',#5861,#5862,#5863);
#5861 = CARTESIAN_POINT('',(-2.3749,7.493,-10.668));
#5862 = DIRECTION('',(-1.,0.,0.));
#5863 = DIRECTION('',(0.,0.,1.));
#5864 = ADVANCED_FACE('',(#5865),#5883,.T.);
#5865 = FACE_BOUND('',#5866,.F.);
#5866 = EDGE_LOOP('',(#5867,#5868,#5876,#5882));
#5867 = ORIENTED_EDGE('',*,*,#5443,.F.);
#5868 = ORIENTED_EDGE('',*,*,#5869,.T.);
#5869 = EDGE_CURVE('',#5436,#5870,#5872,.T.);
#5870 = VERTEX_POINT('',#5871);
#5871 = CARTESIAN_POINT('',(2.3749,8.3312,-10.668));
#5872 = LINE('',#5873,#5874);
#5873 = CARTESIAN_POINT('',(2.3749,7.493,-10.668));
#5874 = VECTOR('',#5875,1.);
#5875 = DIRECTION('',(0.,1.,0.));
#5876 = ORIENTED_EDGE('',*,*,#5877,.T.);
#5877 = EDGE_CURVE('',#5870,#5846,#5878,.T.);
#5878 = LINE('',#5879,#5880);
#5879 = CARTESIAN_POINT('',(2.3749,8.3312,-10.668));
#5880 = VECTOR('',#5881,1.);
#5881 = DIRECTION('',(-1.,0.,0.));
#5882 = ORIENTED_EDGE('',*,*,#5845,.F.);
#5883 = PLANE('',#5884);
#5884 = AXIS2_PLACEMENT_3D('',#5885,#5886,#5887);
#5885 = CARTESIAN_POINT('',(2.3749,7.493,-10.668));
#5886 = DIRECTION('',(0.,0.,-1.));
#5887 = DIRECTION('',(-1.,0.,0.));
#5888 = ADVANCED_FACE('',(#5889),#5907,.T.);
#5889 = FACE_BOUND('',#5890,.F.);
#5890 = EDGE_LOOP('',(#5891,#5892,#5900,#5906));
#5891 = ORIENTED_EDGE('',*,*,#5435,.F.);
#5892 = ORIENTED_EDGE('',*,*,#5893,.T.);
#5893 = EDGE_CURVE('',#5428,#5894,#5896,.T.);
#5894 = VERTEX_POINT('',#5895);
#5895 = CARTESIAN_POINT('',(2.3749,8.3312,-8.9154));
#5896 = LINE('',#5897,#5898);
#5897 = CARTESIAN_POINT('',(2.3749,7.493,-8.9154));
#5898 = VECTOR('',#5899,1.);
#5899 = DIRECTION('',(0.,1.,0.));
#5900 = ORIENTED_EDGE('',*,*,#5901,.T.);
#5901 = EDGE_CURVE('',#5894,#5870,#5902,.T.);
#5902 = LINE('',#5903,#5904);
#5903 = CARTESIAN_POINT('',(2.3749,8.3312,-8.9154));
#5904 = VECTOR('',#5905,1.);
#5905 = DIRECTION('',(0.,0.,-1.));
#5906 = ORIENTED_EDGE('',*,*,#5869,.F.);
#5907 = PLANE('',#5908);
#5908 = AXIS2_PLACEMENT_3D('',#5909,#5910,#5911);
#5909 = CARTESIAN_POINT('',(2.3749,7.493,-8.9154));
#5910 = DIRECTION('',(1.,0.,0.));
#5911 = DIRECTION('',(0.,0.,-1.));
#5912 = ADVANCED_FACE('',(#5913),#5931,.T.);
#5913 = FACE_BOUND('',#5914,.F.);
#5914 = EDGE_LOOP('',(#5915,#5916,#5924,#5930));
#5915 = ORIENTED_EDGE('',*,*,#5427,.F.);
#5916 = ORIENTED_EDGE('',*,*,#5917,.T.);
#5917 = EDGE_CURVE('',#5420,#5918,#5920,.T.);
#5918 = VERTEX_POINT('',#5919);
#5919 = CARTESIAN_POINT('',(3.175,8.3312,-8.9154));
#5920 = LINE('',#5921,#5922);
#5921 = CARTESIAN_POINT('',(3.175,7.493,-8.9154));
#5922 = VECTOR('',#5923,1.);
#5923 = DIRECTION('',(0.,1.,0.));
#5924 = ORIENTED_EDGE('',*,*,#5925,.T.);
#5925 = EDGE_CURVE('',#5918,#5894,#5926,.T.);
#5926 = LINE('',#5927,#5928);
#5927 = CARTESIAN_POINT('',(3.175,8.3312,-8.9154));
#5928 = VECTOR('',#5929,1.);
#5929 = DIRECTION('',(-1.,0.,0.));
#5930 = ORIENTED_EDGE('',*,*,#5893,.F.);
#5931 = PLANE('',#5932);
#5932 = AXIS2_PLACEMENT_3D('',#5933,#5934,#5935);
#5933 = CARTESIAN_POINT('',(3.175,7.493,-8.9154));
#5934 = DIRECTION('',(0.,0.,-1.));
#5935 = DIRECTION('',(-1.,0.,0.));
#5936 = ADVANCED_FACE('',(#5937),#5955,.T.);
#5937 = FACE_BOUND('',#5938,.F.);
#5938 = EDGE_LOOP('',(#5939,#5940,#5948,#5954));
#5939 = ORIENTED_EDGE('',*,*,#5419,.F.);
#5940 = ORIENTED_EDGE('',*,*,#5941,.T.);
#5941 = EDGE_CURVE('',#5412,#5942,#5944,.T.);
#5942 = VERTEX_POINT('',#5943);
#5943 = CARTESIAN_POINT('',(3.175,8.3312,-3.7846));
#5944 = LINE('',#5945,#5946);
#5945 = CARTESIAN_POINT('',(3.175,7.493,-3.7846));
#5946 = VECTOR('',#5947,1.);
#5947 = DIRECTION('',(0.,1.,0.));
#5948 = ORIENTED_EDGE('',*,*,#5949,.T.);
#5949 = EDGE_CURVE('',#5942,#5918,#5950,.T.);
#5950 = LINE('',#5951,#5952);
#5951 = CARTESIAN_POINT('',(3.175,8.3312,-3.7846));
#5952 = VECTOR('',#5953,1.);
#5953 = DIRECTION('',(0.,0.,-1.));
#5954 = ORIENTED_EDGE('',*,*,#5917,.F.);
#5955 = PLANE('',#5956);
#5956 = AXIS2_PLACEMENT_3D('',#5957,#5958,#5959);
#5957 = CARTESIAN_POINT('',(3.175,7.493,-3.7846));
#5958 = DIRECTION('',(1.,0.,0.));
#5959 = DIRECTION('',(0.,0.,-1.));
#5960 = ADVANCED_FACE('',(#5961),#5979,.T.);
#5961 = FACE_BOUND('',#5962,.F.);
#5962 = EDGE_LOOP('',(#5963,#5964,#5972,#5978));
#5963 = ORIENTED_EDGE('',*,*,#5411,.F.);
#5964 = ORIENTED_EDGE('',*,*,#5965,.T.);
#5965 = EDGE_CURVE('',#5404,#5966,#5968,.T.);
#5966 = VERTEX_POINT('',#5967);
#5967 = CARTESIAN_POINT('',(2.3749,8.3312,-3.7846));
#5968 = LINE('',#5969,#5970);
#5969 = CARTESIAN_POINT('',(2.3749,7.493,-3.7846));
#5970 = VECTOR('',#5971,1.);
#5971 = DIRECTION('',(0.,1.,0.));
#5972 = ORIENTED_EDGE('',*,*,#5973,.T.);
#5973 = EDGE_CURVE('',#5966,#5942,#5974,.T.);
#5974 = LINE('',#5975,#5976);
#5975 = CARTESIAN_POINT('',(2.3749,8.3312,-3.7846));
#5976 = VECTOR('',#5977,1.);
#5977 = DIRECTION('',(1.,0.,0.));
#5978 = ORIENTED_EDGE('',*,*,#5941,.F.);
#5979 = PLANE('',#5980);
#5980 = AXIS2_PLACEMENT_3D('',#5981,#5982,#5983);
#5981 = CARTESIAN_POINT('',(2.3749,7.493,-3.7846));
#5982 = DIRECTION('',(0.,0.,1.));
#5983 = DIRECTION('',(1.,0.,-0.));
#5984 = ADVANCED_FACE('',(#5985),#6003,.T.);
#5985 = FACE_BOUND('',#5986,.F.);
#5986 = EDGE_LOOP('',(#5987,#5988,#5996,#6002));
#5987 = ORIENTED_EDGE('',*,*,#5403,.F.);
#5988 = ORIENTED_EDGE('',*,*,#5989,.T.);
#5989 = EDGE_CURVE('',#5396,#5990,#5992,.T.);
#5990 = VERTEX_POINT('',#5991);
#5991 = CARTESIAN_POINT('',(2.3749,8.3312,-2.032));
#5992 = LINE('',#5993,#5994);
#5993 = CARTESIAN_POINT('',(2.3749,7.493,-2.032));
#5994 = VECTOR('',#5995,1.);
#5995 = DIRECTION('',(0.,1.,0.));
#5996 = ORIENTED_EDGE('',*,*,#5997,.T.);
#5997 = EDGE_CURVE('',#5990,#5966,#5998,.T.);
#5998 = LINE('',#5999,#6000);
#5999 = CARTESIAN_POINT('',(2.3749,8.3312,-2.032));
#6000 = VECTOR('',#6001,1.);
#6001 = DIRECTION('',(0.,0.,-1.));
#6002 = ORIENTED_EDGE('',*,*,#5965,.F.);
#6003 = PLANE('',#6004);
#6004 = AXIS2_PLACEMENT_3D('',#6005,#6006,#6007);
#6005 = CARTESIAN_POINT('',(2.3749,7.493,-2.032));
#6006 = DIRECTION('',(1.,0.,0.));
#6007 = DIRECTION('',(0.,0.,-1.));
#6008 = ADVANCED_FACE('',(#6009),#6027,.T.);
#6009 = FACE_BOUND('',#6010,.F.);
#6010 = EDGE_LOOP('',(#6011,#6012,#6020,#6026));
#6011 = ORIENTED_EDGE('',*,*,#5395,.F.);
#6012 = ORIENTED_EDGE('',*,*,#6013,.T.);
#6013 = EDGE_CURVE('',#5388,#6014,#6016,.T.);
#6014 = VERTEX_POINT('',#6015);
#6015 = CARTESIAN_POINT('',(-2.3749,8.3312,-2.032));
#6016 = LINE('',#6017,#6018);
#6017 = CARTESIAN_POINT('',(-2.3749,7.493,-2.032));
#6018 = VECTOR('',#6019,1.);
#6019 = DIRECTION('',(0.,1.,0.));
#6020 = ORIENTED_EDGE('',*,*,#6021,.T.);
#6021 = EDGE_CURVE('',#6014,#5990,#6022,.T.);
#6022 = LINE('',#6023,#6024);
#6023 = CARTESIAN_POINT('',(-2.3749,8.3312,-2.032));
#6024 = VECTOR('',#6025,1.);
#6025 = DIRECTION('',(1.,0.,0.));
#6026 = ORIENTED_EDGE('',*,*,#5989,.F.);
#6027 = PLANE('',#6028);
#6028 = AXIS2_PLACEMENT_3D('',#6029,#6030,#6031);
#6029 = CARTESIAN_POINT('',(-2.3749,7.493,-2.032));
#6030 = DIRECTION('',(0.,0.,1.));
#6031 = DIRECTION('',(1.,0.,-0.));
#6032 = ADVANCED_FACE('',(#6033),#6051,.T.);
#6033 = FACE_BOUND('',#6034,.F.);
#6034 = EDGE_LOOP('',(#6035,#6036,#6044,#6050));
#6035 = ORIENTED_EDGE('',*,*,#5387,.F.);
#6036 = ORIENTED_EDGE('',*,*,#6037,.T.);
#6037 = EDGE_CURVE('',#5380,#6038,#6040,.T.);
#6038 = VERTEX_POINT('',#6039);
#6039 = CARTESIAN_POINT('',(-2.3749,8.3312,-3.7846));
#6040 = LINE('',#6041,#6042);
#6041 = CARTESIAN_POINT('',(-2.3749,7.493,-3.7846));
#6042 = VECTOR('',#6043,1.);
#6043 = DIRECTION('',(0.,1.,0.));
#6044 = ORIENTED_EDGE('',*,*,#6045,.T.);
#6045 = EDGE_CURVE('',#6038,#6014,#6046,.T.);
#6046 = LINE('',#6047,#6048);
#6047 = CARTESIAN_POINT('',(-2.3749,8.3312,-3.7846));
#6048 = VECTOR('',#6049,1.);
#6049 = DIRECTION('',(0.,0.,1.));
#6050 = ORIENTED_EDGE('',*,*,#6013,.F.);
#6051 = PLANE('',#6052);
#6052 = AXIS2_PLACEMENT_3D('',#6053,#6054,#6055);
#6053 = CARTESIAN_POINT('',(-2.3749,7.493,-3.7846));
#6054 = DIRECTION('',(-1.,0.,0.));
#6055 = DIRECTION('',(0.,0.,1.));
#6056 = ADVANCED_FACE('',(#6057),#6068,.T.);
#6057 = FACE_BOUND('',#6058,.F.);
#6058 = EDGE_LOOP('',(#6059,#6060,#6061,#6067));
#6059 = ORIENTED_EDGE('',*,*,#5379,.F.);
#6060 = ORIENTED_EDGE('',*,*,#5806,.T.);
#6061 = ORIENTED_EDGE('',*,*,#6062,.T.);
#6062 = EDGE_CURVE('',#5799,#6038,#6063,.T.);
#6063 = LINE('',#6064,#6065);
#6064 = CARTESIAN_POINT('',(-3.175,8.3312,-3.7846));
#6065 = VECTOR('',#6066,1.);
#6066 = DIRECTION('',(1.,0.,0.));
#6067 = ORIENTED_EDGE('',*,*,#6037,.F.);
#6068 = PLANE('',#6069);
#6069 = AXIS2_PLACEMENT_3D('',#6070,#6071,#6072);
#6070 = CARTESIAN_POINT('',(-3.175,7.493,-3.7846));
#6071 = DIRECTION('',(0.,0.,1.));
#6072 = DIRECTION('',(1.,0.,-0.));
#6073 = ADVANCED_FACE('',(#6074,#6088),#6108,.T.);
#6074 = FACE_BOUND('',#6075,.F.);
#6075 = EDGE_LOOP('',(#6076,#6077,#6078,#6079,#6080,#6081,#6082,#6083,
    #6084,#6085,#6086,#6087));
#6076 = ORIENTED_EDGE('',*,*,#5798,.F.);
#6077 = ORIENTED_EDGE('',*,*,#5829,.F.);
#6078 = ORIENTED_EDGE('',*,*,#5853,.F.);
#6079 = ORIENTED_EDGE('',*,*,#5877,.F.);
#6080 = ORIENTED_EDGE('',*,*,#5901,.F.);
#6081 = ORIENTED_EDGE('',*,*,#5925,.F.);
#6082 = ORIENTED_EDGE('',*,*,#5949,.F.);
#6083 = ORIENTED_EDGE('',*,*,#5973,.F.);
#6084 = ORIENTED_EDGE('',*,*,#5997,.F.);
#6085 = ORIENTED_EDGE('',*,*,#6021,.F.);
#6086 = ORIENTED_EDGE('',*,*,#6045,.F.);
#6087 = ORIENTED_EDGE('',*,*,#6062,.F.);
#6088 = FACE_BOUND('',#6089,.F.);
#6089 = EDGE_LOOP('',(#6090,#6101));
#6090 = ORIENTED_EDGE('',*,*,#6091,.T.);
#6091 = EDGE_CURVE('',#6092,#6094,#6096,.T.);
#6092 = VERTEX_POINT('',#6093);
#6093 = CARTESIAN_POINT('',(0.,8.3312,-4.64566));
#6094 = VERTEX_POINT('',#6095);
#6095 = CARTESIAN_POINT('',(0.,8.3312,-8.05434));
#6096 = CIRCLE('',#6097,1.70434);
#6097 = AXIS2_PLACEMENT_3D('',#6098,#6099,#6100);
#6098 = CARTESIAN_POINT('',(0.,8.3312,-6.35));
#6099 = DIRECTION('',(0.,1.,0.));
#6100 = DIRECTION('',(0.,-0.,1.));
#6101 = ORIENTED_EDGE('',*,*,#6102,.T.);
#6102 = EDGE_CURVE('',#6094,#6092,#6103,.T.);
#6103 = CIRCLE('',#6104,1.70434);
#6104 = AXIS2_PLACEMENT_3D('',#6105,#6106,#6107);
#6105 = CARTESIAN_POINT('',(0.,8.3312,-6.35));
#6106 = DIRECTION('',(0.,1.,0.));
#6107 = DIRECTION('',(0.,0.,-1.));
#6108 = PLANE('',#6109);
#6109 = AXIS2_PLACEMENT_3D('',#6110,#6111,#6112);
#6110 = CARTESIAN_POINT('',(21.463,8.3312,0.));
#6111 = DIRECTION('',(0.,1.,0.));
#6112 = DIRECTION('',(1.,0.,0.));
#6113 = ADVANCED_FACE('',(#6114),#6140,.T.);
#6114 = FACE_BOUND('',#6115,.T.);
#6115 = EDGE_LOOP('',(#6116,#6124,#6125,#6133));
#6116 = ORIENTED_EDGE('',*,*,#6117,.F.);
#6117 = EDGE_CURVE('',#6092,#6118,#6120,.T.);
#6118 = VERTEX_POINT('',#6119);
#6119 = CARTESIAN_POINT('',(0.,10.3632,-4.64566));
#6120 = LINE('',#6121,#6122);
#6121 = CARTESIAN_POINT('',(0.,8.3312,-4.64566));
#6122 = VECTOR('',#6123,1.);
#6123 = DIRECTION('',(0.,1.,0.));
#6124 = ORIENTED_EDGE('',*,*,#6091,.T.);
#6125 = ORIENTED_EDGE('',*,*,#6126,.T.);
#6126 = EDGE_CURVE('',#6094,#6127,#6129,.T.);
#6127 = VERTEX_POINT('',#6128);
#6128 = CARTESIAN_POINT('',(0.,10.3632,-8.05434));
#6129 = LINE('',#6130,#6131);
#6130 = CARTESIAN_POINT('',(0.,8.3312,-8.05434));
#6131 = VECTOR('',#6132,1.);
#6132 = DIRECTION('',(0.,1.,0.));
#6133 = ORIENTED_EDGE('',*,*,#6134,.F.);
#6134 = EDGE_CURVE('',#6118,#6127,#6135,.T.);
#6135 = CIRCLE('',#6136,1.70434);
#6136 = AXIS2_PLACEMENT_3D('',#6137,#6138,#6139);
#6137 = CARTESIAN_POINT('',(0.,10.3632,-6.35));
#6138 = DIRECTION('',(0.,1.,0.));
#6139 = DIRECTION('',(0.,-0.,1.));
#6140 = CYLINDRICAL_SURFACE('',#6141,1.70434);
#6141 = AXIS2_PLACEMENT_3D('',#6142,#6143,#6144);
#6142 = CARTESIAN_POINT('',(0.,3.89001,-6.35));
#6143 = DIRECTION('',(0.,1.,0.));
#6144 = DIRECTION('',(0.,-0.,1.));
#6145 = ADVANCED_FACE('',(#6146,#6180),#6190,.F.);
#6146 = FACE_BOUND('',#6147,.F.);
#6147 = EDGE_LOOP('',(#6148,#6158,#6166,#6174));
#6148 = ORIENTED_EDGE('',*,*,#6149,.T.);
#6149 = EDGE_CURVE('',#6150,#6152,#6154,.T.);
#6150 = VERTEX_POINT('',#6151);
#6151 = CARTESIAN_POINT('',(-3.2131,10.3632,-9.5631));
#6152 = VERTEX_POINT('',#6153);
#6153 = CARTESIAN_POINT('',(-3.2131,10.3632,-3.1369));
#6154 = LINE('',#6155,#6156);
#6155 = CARTESIAN_POINT('',(-3.2131,10.3632,-9.5631));
#6156 = VECTOR('',#6157,1.);
#6157 = DIRECTION('',(0.,0.,1.));
#6158 = ORIENTED_EDGE('',*,*,#6159,.T.);
#6159 = EDGE_CURVE('',#6152,#6160,#6162,.T.);
#6160 = VERTEX_POINT('',#6161);
#6161 = CARTESIAN_POINT('',(3.2131,10.3632,-3.1369));
#6162 = LINE('',#6163,#6164);
#6163 = CARTESIAN_POINT('',(-3.2131,10.3632,-3.1369));
#6164 = VECTOR('',#6165,1.);
#6165 = DIRECTION('',(1.,0.,0.));
#6166 = ORIENTED_EDGE('',*,*,#6167,.T.);
#6167 = EDGE_CURVE('',#6160,#6168,#6170,.T.);
#6168 = VERTEX_POINT('',#6169);
#6169 = CARTESIAN_POINT('',(3.2131,10.3632,-9.5631));
#6170 = LINE('',#6171,#6172);
#6171 = CARTESIAN_POINT('',(3.2131,10.3632,-3.1369));
#6172 = VECTOR('',#6173,1.);
#6173 = DIRECTION('',(0.,0.,-1.));
#6174 = ORIENTED_EDGE('',*,*,#6175,.T.);
#6175 = EDGE_CURVE('',#6168,#6150,#6176,.T.);
#6176 = LINE('',#6177,#6178);
#6177 = CARTESIAN_POINT('',(3.2131,10.3632,-9.5631));
#6178 = VECTOR('',#6179,1.);
#6179 = DIRECTION('',(-1.,0.,0.));
#6180 = FACE_BOUND('',#6181,.F.);
#6181 = EDGE_LOOP('',(#6182,#6183));
#6182 = ORIENTED_EDGE('',*,*,#6134,.F.);
#6183 = ORIENTED_EDGE('',*,*,#6184,.F.);
#6184 = EDGE_CURVE('',#6127,#6118,#6185,.T.);
#6185 = CIRCLE('',#6186,1.70434);
#6186 = AXIS2_PLACEMENT_3D('',#6187,#6188,#6189);
#6187 = CARTESIAN_POINT('',(0.,10.3632,-6.35));
#6188 = DIRECTION('',(0.,1.,0.));
#6189 = DIRECTION('',(0.,0.,-1.));
#6190 = PLANE('',#6191);
#6191 = AXIS2_PLACEMENT_3D('',#6192,#6193,#6194);
#6192 = CARTESIAN_POINT('',(21.463,10.3632,0.));
#6193 = DIRECTION('',(0.,1.,0.));
#6194 = DIRECTION('',(1.,0.,0.));
#6195 = ADVANCED_FACE('',(#6196),#6237,.T.);
#6196 = FACE_BOUND('',#6197,.F.);
#6197 = EDGE_LOOP('',(#6198,#6208,#6216,#6222,#6223,#6231));
#6198 = ORIENTED_EDGE('',*,*,#6199,.T.);
#6199 = EDGE_CURVE('',#6200,#6202,#6204,.T.);
#6200 = VERTEX_POINT('',#6201);
#6201 = CARTESIAN_POINT('',(-3.2131,12.1412,-7.2622808778));
#6202 = VERTEX_POINT('',#6203);
#6203 = CARTESIAN_POINT('',(-3.2131,12.1412,-5.4377191222));
#6204 = LINE('',#6205,#6206);
#6205 = CARTESIAN_POINT('',(-3.2131,12.1412,-7.2622808778));
#6206 = VECTOR('',#6207,1.);
#6207 = DIRECTION('',(0.,0.,1.));
#6208 = ORIENTED_EDGE('',*,*,#6209,.T.);
#6209 = EDGE_CURVE('',#6202,#6210,#6212,.T.);
#6210 = VERTEX_POINT('',#6211);
#6211 = CARTESIAN_POINT('',(-3.2131,12.1412,-3.1369));
#6212 = LINE('',#6213,#6214);
#6213 = CARTESIAN_POINT('',(-3.2131,12.1412,-5.4377191222));
#6214 = VECTOR('',#6215,1.);
#6215 = DIRECTION('',(0.,0.,1.));
#6216 = ORIENTED_EDGE('',*,*,#6217,.T.);
#6217 = EDGE_CURVE('',#6210,#6152,#6218,.T.);
#6218 = LINE('',#6219,#6220);
#6219 = CARTESIAN_POINT('',(-3.2131,12.1412,-3.1369));
#6220 = VECTOR('',#6221,1.);
#6221 = DIRECTION('',(0.,-1.,0.));
#6222 = ORIENTED_EDGE('',*,*,#6149,.F.);
#6223 = ORIENTED_EDGE('',*,*,#6224,.F.);
#6224 = EDGE_CURVE('',#6225,#6150,#6227,.T.);
#6225 = VERTEX_POINT('',#6226);
#6226 = CARTESIAN_POINT('',(-3.2131,12.1412,-9.5631));
#6227 = LINE('',#6228,#6229);
#6228 = CARTESIAN_POINT('',(-3.2131,12.1412,-9.5631));
#6229 = VECTOR('',#6230,1.);
#6230 = DIRECTION('',(0.,-1.,0.));
#6231 = ORIENTED_EDGE('',*,*,#6232,.T.);
#6232 = EDGE_CURVE('',#6225,#6200,#6233,.T.);
#6233 = LINE('',#6234,#6235);
#6234 = CARTESIAN_POINT('',(-3.2131,12.1412,-9.5631));
#6235 = VECTOR('',#6236,1.);
#6236 = DIRECTION('',(0.,0.,1.));
#6237 = PLANE('',#6238);
#6238 = AXIS2_PLACEMENT_3D('',#6239,#6240,#6241);
#6239 = CARTESIAN_POINT('',(-3.2131,12.1412,-9.5631));
#6240 = DIRECTION('',(-1.,0.,0.));
#6241 = DIRECTION('',(0.,0.,1.));
#6242 = ADVANCED_FACE('',(#6243),#6253,.F.);
#6243 = FACE_BOUND('',#6244,.F.);
#6244 = EDGE_LOOP('',(#6245,#6246));
#6245 = ORIENTED_EDGE('',*,*,#6199,.F.);
#6246 = ORIENTED_EDGE('',*,*,#6247,.F.);
#6247 = EDGE_CURVE('',#6202,#6200,#6248,.T.);
#6248 = CIRCLE('',#6249,3.3401);
#6249 = AXIS2_PLACEMENT_3D('',#6250,#6251,#6252);
#6250 = CARTESIAN_POINT('',(0.,12.1412,-6.35));
#6251 = DIRECTION('',(0.,-1.,0.));
#6252 = DIRECTION('',(-0.961977186312,0.,0.273129809826));
#6253 = PLANE('',#6254);
#6254 = AXIS2_PLACEMENT_3D('',#6255,#6256,#6257);
#6255 = CARTESIAN_POINT('',(0.,12.1412,-6.35));
#6256 = DIRECTION('',(0.,1.,0.));
#6257 = DIRECTION('',(0.,-0.,1.));
#6258 = ADVANCED_FACE('',(#6259),#6287,.F.);
#6259 = FACE_BOUND('',#6260,.F.);
#6260 = EDGE_LOOP('',(#6261,#6271,#6280));
#6261 = ORIENTED_EDGE('',*,*,#6262,.F.);
#6262 = EDGE_CURVE('',#6263,#6265,#6267,.T.);
#6263 = VERTEX_POINT('',#6264);
#6264 = CARTESIAN_POINT('',(-0.9122808778,12.1412,-3.1369));
#6265 = VERTEX_POINT('',#6266);
#6266 = CARTESIAN_POINT('',(0.9122808778,12.1412,-3.1369));
#6267 = LINE('',#6268,#6269);
#6268 = CARTESIAN_POINT('',(-0.9122808778,12.1412,-3.1369));
#6269 = VECTOR('',#6270,1.);
#6270 = DIRECTION('',(1.,0.,0.));
#6271 = ORIENTED_EDGE('',*,*,#6272,.F.);
#6272 = EDGE_CURVE('',#6273,#6263,#6275,.T.);
#6273 = VERTEX_POINT('',#6274);
#6274 = CARTESIAN_POINT('',(0.,12.1412,-3.0099));
#6275 = CIRCLE('',#6276,3.3401);
#6276 = AXIS2_PLACEMENT_3D('',#6277,#6278,#6279);
#6277 = CARTESIAN_POINT('',(0.,12.1412,-6.35));
#6278 = DIRECTION('',(0.,-1.,0.));
#6279 = DIRECTION('',(0.,0.,1.));
#6280 = ORIENTED_EDGE('',*,*,#6281,.T.);
#6281 = EDGE_CURVE('',#6273,#6265,#6282,.T.);
#6282 = CIRCLE('',#6283,3.3401);
#6283 = AXIS2_PLACEMENT_3D('',#6284,#6285,#6286);
#6284 = CARTESIAN_POINT('',(0.,12.1412,-6.35));
#6285 = DIRECTION('',(0.,1.,0.));
#6286 = DIRECTION('',(0.,-0.,1.));
#6287 = PLANE('',#6288);
#6288 = AXIS2_PLACEMENT_3D('',#6289,#6290,#6291);
#6289 = CARTESIAN_POINT('',(0.,12.1412,-6.35));
#6290 = DIRECTION('',(0.,1.,0.));
#6291 = DIRECTION('',(0.,-0.,1.));
#6292 = ADVANCED_FACE('',(#6293),#6312,.F.);
#6293 = FACE_BOUND('',#6294,.F.);
#6294 = EDGE_LOOP('',(#6295,#6305));
#6295 = ORIENTED_EDGE('',*,*,#6296,.F.);
#6296 = EDGE_CURVE('',#6297,#6299,#6301,.T.);
#6297 = VERTEX_POINT('',#6298);
#6298 = CARTESIAN_POINT('',(3.2131,12.1412,-5.4377191222));
#6299 = VERTEX_POINT('',#6300);
#6300 = CARTESIAN_POINT('',(3.2131,12.1412,-7.2622808778));
#6301 = LINE('',#6302,#6303);
#6302 = CARTESIAN_POINT('',(3.2131,12.1412,-5.4377191222));
#6303 = VECTOR('',#6304,1.);
#6304 = DIRECTION('',(0.,0.,-1.));
#6305 = ORIENTED_EDGE('',*,*,#6306,.T.);
#6306 = EDGE_CURVE('',#6297,#6299,#6307,.T.);
#6307 = CIRCLE('',#6308,3.3401);
#6308 = AXIS2_PLACEMENT_3D('',#6309,#6310,#6311);
#6309 = CARTESIAN_POINT('',(0.,12.1412,-6.35));
#6310 = DIRECTION('',(0.,1.,0.));
#6311 = DIRECTION('',(0.961977186312,-0.,0.273129809826));
#6312 = PLANE('',#6313);
#6313 = AXIS2_PLACEMENT_3D('',#6314,#6315,#6316);
#6314 = CARTESIAN_POINT('',(0.,12.1412,-6.35));
#6315 = DIRECTION('',(0.,1.,0.));
#6316 = DIRECTION('',(0.,-0.,1.));
#6317 = ADVANCED_FACE('',(#6318),#6346,.F.);
#6318 = FACE_BOUND('',#6319,.F.);
#6319 = EDGE_LOOP('',(#6320,#6330,#6339));
#6320 = ORIENTED_EDGE('',*,*,#6321,.F.);
#6321 = EDGE_CURVE('',#6322,#6324,#6326,.T.);
#6322 = VERTEX_POINT('',#6323);
#6323 = CARTESIAN_POINT('',(0.9122808778,12.1412,-9.5631));
#6324 = VERTEX_POINT('',#6325);
#6325 = CARTESIAN_POINT('',(-0.9122808778,12.1412,-9.5631));
#6326 = LINE('',#6327,#6328);
#6327 = CARTESIAN_POINT('',(0.9122808778,12.1412,-9.5631));
#6328 = VECTOR('',#6329,1.);
#6329 = DIRECTION('',(-1.,0.,0.));
#6330 = ORIENTED_EDGE('',*,*,#6331,.T.);
#6331 = EDGE_CURVE('',#6322,#6332,#6334,.T.);
#6332 = VERTEX_POINT('',#6333);
#6333 = CARTESIAN_POINT('',(0.,12.1412,-9.6901));
#6334 = CIRCLE('',#6335,3.3401);
#6335 = AXIS2_PLACEMENT_3D('',#6336,#6337,#6338);
#6336 = CARTESIAN_POINT('',(0.,12.1412,-6.35));
#6337 = DIRECTION('',(0.,1.,0.));
#6338 = DIRECTION('',(0.273129809826,0.,-0.961977186312));
#6339 = ORIENTED_EDGE('',*,*,#6340,.F.);
#6340 = EDGE_CURVE('',#6324,#6332,#6341,.T.);
#6341 = CIRCLE('',#6342,3.3401);
#6342 = AXIS2_PLACEMENT_3D('',#6343,#6344,#6345);
#6343 = CARTESIAN_POINT('',(0.,12.1412,-6.35));
#6344 = DIRECTION('',(0.,-1.,0.));
#6345 = DIRECTION('',(-0.273129809826,-0.,-0.961977186312));
#6346 = PLANE('',#6347);
#6347 = AXIS2_PLACEMENT_3D('',#6348,#6349,#6350);
#6348 = CARTESIAN_POINT('',(0.,12.1412,-6.35));
#6349 = DIRECTION('',(0.,1.,0.));
#6350 = DIRECTION('',(0.,-0.,1.));
#6351 = ADVANCED_FACE('',(#6352),#6394,.T.);
#6352 = FACE_BOUND('',#6353,.T.);
#6353 = EDGE_LOOP('',(#6354,#6355,#6362,#6363,#6371,#6380,#6386,#6387));
#6354 = ORIENTED_EDGE('',*,*,#6247,.F.);
#6355 = ORIENTED_EDGE('',*,*,#6356,.T.);
#6356 = EDGE_CURVE('',#6202,#6263,#6357,.T.);
#6357 = CIRCLE('',#6358,3.3401);
#6358 = AXIS2_PLACEMENT_3D('',#6359,#6360,#6361);
#6359 = CARTESIAN_POINT('',(0.,12.1412,-6.35));
#6360 = DIRECTION('',(0.,1.,0.));
#6361 = DIRECTION('',(-0.961977186312,0.,0.273129809826));
#6362 = ORIENTED_EDGE('',*,*,#6272,.F.);
#6363 = ORIENTED_EDGE('',*,*,#6364,.T.);
#6364 = EDGE_CURVE('',#6273,#6365,#6367,.T.);
#6365 = VERTEX_POINT('',#6366);
#6366 = CARTESIAN_POINT('',(0.,13.6652,-3.0099));
#6367 = LINE('',#6368,#6369);
#6368 = CARTESIAN_POINT('',(0.,12.1412,-3.0099));
#6369 = VECTOR('',#6370,1.);
#6370 = DIRECTION('',(0.,1.,0.));
#6371 = ORIENTED_EDGE('',*,*,#6372,.T.);
#6372 = EDGE_CURVE('',#6365,#6373,#6375,.T.);
#6373 = VERTEX_POINT('',#6374);
#6374 = CARTESIAN_POINT('',(0.,13.6652,-9.6901));
#6375 = CIRCLE('',#6376,3.3401);
#6376 = AXIS2_PLACEMENT_3D('',#6377,#6378,#6379);
#6377 = CARTESIAN_POINT('',(0.,13.6652,-6.35));
#6378 = DIRECTION('',(0.,-1.,0.));
#6379 = DIRECTION('',(0.,0.,1.));
#6380 = ORIENTED_EDGE('',*,*,#6381,.F.);
#6381 = EDGE_CURVE('',#6332,#6373,#6382,.T.);
#6382 = LINE('',#6383,#6384);
#6383 = CARTESIAN_POINT('',(0.,12.1412,-9.6901));
#6384 = VECTOR('',#6385,1.);
#6385 = DIRECTION('',(0.,1.,0.));
#6386 = ORIENTED_EDGE('',*,*,#6340,.F.);
#6387 = ORIENTED_EDGE('',*,*,#6388,.T.);
#6388 = EDGE_CURVE('',#6324,#6200,#6389,.T.);
#6389 = CIRCLE('',#6390,3.3401);
#6390 = AXIS2_PLACEMENT_3D('',#6391,#6392,#6393);
#6391 = CARTESIAN_POINT('',(0.,12.1412,-6.35));
#6392 = DIRECTION('',(0.,1.,0.));
#6393 = DIRECTION('',(-0.273129809826,0.,-0.961977186312));
#6394 = CYLINDRICAL_SURFACE('',#6395,3.3401);
#6395 = AXIS2_PLACEMENT_3D('',#6396,#6397,#6398);
#6396 = CARTESIAN_POINT('',(0.,3.89001,-6.35));
#6397 = DIRECTION('',(0.,1.,0.));
#6398 = DIRECTION('',(0.,-0.,1.));
#6399 = ADVANCED_FACE('',(#6400),#6423,.T.);
#6400 = FACE_BOUND('',#6401,.F.);
#6401 = EDGE_LOOP('',(#6402,#6409,#6417));
#6402 = ORIENTED_EDGE('',*,*,#6403,.T.);
#6403 = EDGE_CURVE('',#6265,#6297,#6404,.T.);
#6404 = CIRCLE('',#6405,3.3401);
#6405 = AXIS2_PLACEMENT_3D('',#6406,#6407,#6408);
#6406 = CARTESIAN_POINT('',(0.,12.1412,-6.35));
#6407 = DIRECTION('',(0.,1.,0.));
#6408 = DIRECTION('',(0.273129809826,-0.,0.961977186312));
#6409 = ORIENTED_EDGE('',*,*,#6410,.F.);
#6410 = EDGE_CURVE('',#6411,#6297,#6413,.T.);
#6411 = VERTEX_POINT('',#6412);
#6412 = CARTESIAN_POINT('',(3.2131,12.1412,-3.1369));
#6413 = LINE('',#6414,#6415);
#6414 = CARTESIAN_POINT('',(3.2131,12.1412,-3.1369));
#6415 = VECTOR('',#6416,1.);
#6416 = DIRECTION('',(0.,0.,-1.));
#6417 = ORIENTED_EDGE('',*,*,#6418,.F.);
#6418 = EDGE_CURVE('',#6265,#6411,#6419,.T.);
#6419 = LINE('',#6420,#6421);
#6420 = CARTESIAN_POINT('',(0.9122808778,12.1412,-3.1369));
#6421 = VECTOR('',#6422,1.);
#6422 = DIRECTION('',(1.,0.,0.));
#6423 = PLANE('',#6424);
#6424 = AXIS2_PLACEMENT_3D('',#6425,#6426,#6427);
#6425 = CARTESIAN_POINT('',(0.,12.1412,-6.35));
#6426 = DIRECTION('',(0.,1.,0.));
#6427 = DIRECTION('',(0.,-0.,1.));
#6428 = ADVANCED_FACE('',(#6429),#6452,.T.);
#6429 = FACE_BOUND('',#6430,.F.);
#6430 = EDGE_LOOP('',(#6431,#6438,#6446));
#6431 = ORIENTED_EDGE('',*,*,#6432,.T.);
#6432 = EDGE_CURVE('',#6299,#6322,#6433,.T.);
#6433 = CIRCLE('',#6434,3.3401);
#6434 = AXIS2_PLACEMENT_3D('',#6435,#6436,#6437);
#6435 = CARTESIAN_POINT('',(0.,12.1412,-6.35));
#6436 = DIRECTION('',(0.,1.,0.));
#6437 = DIRECTION('',(0.961977186312,0.,-0.273129809826));
#6438 = ORIENTED_EDGE('',*,*,#6439,.F.);
#6439 = EDGE_CURVE('',#6440,#6322,#6442,.T.);
#6440 = VERTEX_POINT('',#6441);
#6441 = CARTESIAN_POINT('',(3.2131,12.1412,-9.5631));
#6442 = LINE('',#6443,#6444);
#6443 = CARTESIAN_POINT('',(3.2131,12.1412,-9.5631));
#6444 = VECTOR('',#6445,1.);
#6445 = DIRECTION('',(-1.,0.,0.));
#6446 = ORIENTED_EDGE('',*,*,#6447,.F.);
#6447 = EDGE_CURVE('',#6299,#6440,#6448,.T.);
#6448 = LINE('',#6449,#6450);
#6449 = CARTESIAN_POINT('',(3.2131,12.1412,-7.2622808778));
#6450 = VECTOR('',#6451,1.);
#6451 = DIRECTION('',(0.,0.,-1.));
#6452 = PLANE('',#6453);
#6453 = AXIS2_PLACEMENT_3D('',#6454,#6455,#6456);
#6454 = CARTESIAN_POINT('',(0.,12.1412,-6.35));
#6455 = DIRECTION('',(0.,1.,0.));
#6456 = DIRECTION('',(0.,-0.,1.));
#6457 = ADVANCED_FACE('',(#6458),#6468,.T.);
#6458 = FACE_BOUND('',#6459,.F.);
#6459 = EDGE_LOOP('',(#6460,#6461,#6462));
#6460 = ORIENTED_EDGE('',*,*,#6388,.T.);
#6461 = ORIENTED_EDGE('',*,*,#6232,.F.);
#6462 = ORIENTED_EDGE('',*,*,#6463,.F.);
#6463 = EDGE_CURVE('',#6324,#6225,#6464,.T.);
#6464 = LINE('',#6465,#6466);
#6465 = CARTESIAN_POINT('',(-0.9122808778,12.1412,-9.5631));
#6466 = VECTOR('',#6467,1.);
#6467 = DIRECTION('',(-1.,0.,0.));
#6468 = PLANE('',#6469);
#6469 = AXIS2_PLACEMENT_3D('',#6470,#6471,#6472);
#6470 = CARTESIAN_POINT('',(0.,12.1412,-6.35));
#6471 = DIRECTION('',(0.,1.,0.));
#6472 = DIRECTION('',(0.,-0.,1.));
#6473 = ADVANCED_FACE('',(#6474),#6484,.T.);
#6474 = FACE_BOUND('',#6475,.F.);
#6475 = EDGE_LOOP('',(#6476,#6477,#6483));
#6476 = ORIENTED_EDGE('',*,*,#6356,.T.);
#6477 = ORIENTED_EDGE('',*,*,#6478,.F.);
#6478 = EDGE_CURVE('',#6210,#6263,#6479,.T.);
#6479 = LINE('',#6480,#6481);
#6480 = CARTESIAN_POINT('',(-3.2131,12.1412,-3.1369));
#6481 = VECTOR('',#6482,1.);
#6482 = DIRECTION('',(1.,0.,0.));
#6483 = ORIENTED_EDGE('',*,*,#6209,.F.);
#6484 = PLANE('',#6485);
#6485 = AXIS2_PLACEMENT_3D('',#6486,#6487,#6488);
#6486 = CARTESIAN_POINT('',(0.,12.1412,-6.35));
#6487 = DIRECTION('',(0.,1.,0.));
#6488 = DIRECTION('',(0.,-0.,1.));
#6489 = ADVANCED_FACE('',(#6490),#6506,.T.);
#6490 = FACE_BOUND('',#6491,.T.);
#6491 = EDGE_LOOP('',(#6492,#6493,#6494,#6495,#6496,#6503,#6504,#6505));
#6492 = ORIENTED_EDGE('',*,*,#6306,.T.);
#6493 = ORIENTED_EDGE('',*,*,#6432,.T.);
#6494 = ORIENTED_EDGE('',*,*,#6331,.T.);
#6495 = ORIENTED_EDGE('',*,*,#6381,.T.);
#6496 = ORIENTED_EDGE('',*,*,#6497,.F.);
#6497 = EDGE_CURVE('',#6365,#6373,#6498,.T.);
#6498 = CIRCLE('',#6499,3.3401);
#6499 = AXIS2_PLACEMENT_3D('',#6500,#6501,#6502);
#6500 = CARTESIAN_POINT('',(0.,13.6652,-6.35));
#6501 = DIRECTION('',(0.,1.,0.));
#6502 = DIRECTION('',(0.,-0.,1.));
#6503 = ORIENTED_EDGE('',*,*,#6364,.F.);
#6504 = ORIENTED_EDGE('',*,*,#6281,.T.);
#6505 = ORIENTED_EDGE('',*,*,#6403,.T.);
#6506 = CYLINDRICAL_SURFACE('',#6507,3.3401);
#6507 = AXIS2_PLACEMENT_3D('',#6508,#6509,#6510);
#6508 = CARTESIAN_POINT('',(0.,3.89001,-6.35));
#6509 = DIRECTION('',(0.,1.,0.));
#6510 = DIRECTION('',(0.,-0.,1.));
#6511 = ADVANCED_FACE('',(#6512),#6531,.T.);
#6512 = FACE_BOUND('',#6513,.T.);
#6513 = EDGE_LOOP('',(#6514,#6515,#6524));
#6514 = ORIENTED_EDGE('',*,*,#6497,.T.);
#6515 = ORIENTED_EDGE('',*,*,#6516,.T.);
#6516 = EDGE_CURVE('',#6373,#6517,#6519,.T.);
#6517 = VERTEX_POINT('',#6518);
#6518 = CARTESIAN_POINT('',(0.,14.478,-6.35));
#6519 = CIRCLE('',#6520,7.26926171875);
#6520 = AXIS2_PLACEMENT_3D('',#6521,#6522,#6523);
#6521 = CARTESIAN_POINT('',(0.,7.20873828125,-6.35));
#6522 = DIRECTION('',(1.,0.,0.));
#6523 = DIRECTION('',(0.,0.888186719443,-0.459482699788));
#6524 = ORIENTED_EDGE('',*,*,#6525,.F.);
#6525 = EDGE_CURVE('',#6365,#6517,#6526,.T.);
#6526 = CIRCLE('',#6527,7.26926171875);
#6527 = AXIS2_PLACEMENT_3D('',#6528,#6529,#6530);
#6528 = CARTESIAN_POINT('',(0.,7.20873828125,-6.35));
#6529 = DIRECTION('',(-1.,0.,0.));
#6530 = DIRECTION('',(0.,0.888186719443,0.459482699788));
#6531 = SPHERICAL_SURFACE('',#6532,7.26926171875);
#6532 = AXIS2_PLACEMENT_3D('',#6533,#6534,#6535);
#6533 = CARTESIAN_POINT('',(0.,7.20873828125,-6.35));
#6534 = DIRECTION('',(0.,1.,0.));
#6535 = DIRECTION('',(0.,-0.,1.));
#6536 = ADVANCED_FACE('',(#6537),#6542,.T.);
#6537 = FACE_BOUND('',#6538,.T.);
#6538 = EDGE_LOOP('',(#6539,#6540,#6541));
#6539 = ORIENTED_EDGE('',*,*,#6516,.F.);
#6540 = ORIENTED_EDGE('',*,*,#6372,.F.);
#6541 = ORIENTED_EDGE('',*,*,#6525,.T.);
#6542 = SPHERICAL_SURFACE('',#6543,7.26926171875);
#6543 = AXIS2_PLACEMENT_3D('',#6544,#6545,#6546);
#6544 = CARTESIAN_POINT('',(0.,7.20873828125,-6.35));
#6545 = DIRECTION('',(0.,1.,0.));
#6546 = DIRECTION('',(0.,-0.,1.));
#6547 = ADVANCED_FACE('',(#6548),#6566,.T.);
#6548 = FACE_BOUND('',#6549,.F.);
#6549 = EDGE_LOOP('',(#6550,#6551,#6552,#6558,#6559,#6565));
#6550 = ORIENTED_EDGE('',*,*,#6296,.T.);
#6551 = ORIENTED_EDGE('',*,*,#6447,.T.);
#6552 = ORIENTED_EDGE('',*,*,#6553,.T.);
#6553 = EDGE_CURVE('',#6440,#6168,#6554,.T.);
#6554 = LINE('',#6555,#6556);
#6555 = CARTESIAN_POINT('',(3.2131,12.1412,-9.5631));
#6556 = VECTOR('',#6557,1.);
#6557 = DIRECTION('',(0.,-1.,0.));
#6558 = ORIENTED_EDGE('',*,*,#6167,.F.);
#6559 = ORIENTED_EDGE('',*,*,#6560,.F.);
#6560 = EDGE_CURVE('',#6411,#6160,#6561,.T.);
#6561 = LINE('',#6562,#6563);
#6562 = CARTESIAN_POINT('',(3.2131,12.1412,-3.1369));
#6563 = VECTOR('',#6564,1.);
#6564 = DIRECTION('',(0.,-1.,0.));
#6565 = ORIENTED_EDGE('',*,*,#6410,.T.);
#6566 = PLANE('',#6567);
#6567 = AXIS2_PLACEMENT_3D('',#6568,#6569,#6570);
#6568 = CARTESIAN_POINT('',(3.2131,12.1412,-3.1369));
#6569 = DIRECTION('',(1.,0.,0.));
#6570 = DIRECTION('',(0.,0.,-1.));
#6571 = ADVANCED_FACE('',(#6572),#6580,.T.);
#6572 = FACE_BOUND('',#6573,.F.);
#6573 = EDGE_LOOP('',(#6574,#6575,#6576,#6577,#6578,#6579));
#6574 = ORIENTED_EDGE('',*,*,#6321,.T.);
#6575 = ORIENTED_EDGE('',*,*,#6463,.T.);
#6576 = ORIENTED_EDGE('',*,*,#6224,.T.);
#6577 = ORIENTED_EDGE('',*,*,#6175,.F.);
#6578 = ORIENTED_EDGE('',*,*,#6553,.F.);
#6579 = ORIENTED_EDGE('',*,*,#6439,.T.);
#6580 = PLANE('',#6581);
#6581 = AXIS2_PLACEMENT_3D('',#6582,#6583,#6584);
#6582 = CARTESIAN_POINT('',(3.2131,12.1412,-9.5631));
#6583 = DIRECTION('',(0.,0.,-1.));
#6584 = DIRECTION('',(-1.,0.,0.));
#6585 = ADVANCED_FACE('',(#6586),#6594,.T.);
#6586 = FACE_BOUND('',#6587,.F.);
#6587 = EDGE_LOOP('',(#6588,#6589,#6590,#6591,#6592,#6593));
#6588 = ORIENTED_EDGE('',*,*,#6262,.T.);
#6589 = ORIENTED_EDGE('',*,*,#6418,.T.);
#6590 = ORIENTED_EDGE('',*,*,#6560,.T.);
#6591 = ORIENTED_EDGE('',*,*,#6159,.F.);
#6592 = ORIENTED_EDGE('',*,*,#6217,.F.);
#6593 = ORIENTED_EDGE('',*,*,#6478,.T.);
#6594 = PLANE('',#6595);
#6595 = AXIS2_PLACEMENT_3D('',#6596,#6597,#6598);
#6596 = CARTESIAN_POINT('',(-3.2131,12.1412,-3.1369));
#6597 = DIRECTION('',(0.,0.,1.));
#6598 = DIRECTION('',(1.,0.,-0.));
#6599 = ADVANCED_FACE('',(#6600),#6606,.T.);
#6600 = FACE_BOUND('',#6601,.T.);
#6601 = EDGE_LOOP('',(#6602,#6603,#6604,#6605));
#6602 = ORIENTED_EDGE('',*,*,#6126,.F.);
#6603 = ORIENTED_EDGE('',*,*,#6102,.T.);
#6604 = ORIENTED_EDGE('',*,*,#6117,.T.);
#6605 = ORIENTED_EDGE('',*,*,#6184,.F.);
#6606 = CYLINDRICAL_SURFACE('',#6607,1.70434);
#6607 = AXIS2_PLACEMENT_3D('',#6608,#6609,#6610);
#6608 = CARTESIAN_POINT('',(0.,3.89001,-6.35));
#6609 = DIRECTION('',(0.,1.,0.));
#6610 = DIRECTION('',(0.,-0.,1.));
#6611 = ADVANCED_FACE('',(#6612),#6637,.F.);
#6612 = FACE_BOUND('',#6613,.F.);
#6613 = EDGE_LOOP('',(#6614,#6615,#6623,#6631));
#6614 = ORIENTED_EDGE('',*,*,#2278,.T.);
#6615 = ORIENTED_EDGE('',*,*,#6616,.T.);
#6616 = EDGE_CURVE('',#2281,#6617,#6619,.T.);
#6617 = VERTEX_POINT('',#6618);
#6618 = CARTESIAN_POINT('',(4.5847,7.493,-4.81965));
#6619 = LINE('',#6620,#6621);
#6620 = CARTESIAN_POINT('',(4.5847,13.462,-4.81965));
#6621 = VECTOR('',#6622,1.);
#6622 = DIRECTION('',(0.,-1.,0.));
#6623 = ORIENTED_EDGE('',*,*,#6624,.F.);
#6624 = EDGE_CURVE('',#6625,#6617,#6627,.T.);
#6625 = VERTEX_POINT('',#6626);
#6626 = CARTESIAN_POINT('',(4.8895,7.493,-4.51485));
#6627 = LINE('',#6628,#6629);
#6628 = CARTESIAN_POINT('',(4.8895,7.493,-4.51485));
#6629 = VECTOR('',#6630,1.);
#6630 = DIRECTION('',(-0.707106781187,0.,-0.707106781187));
#6631 = ORIENTED_EDGE('',*,*,#6632,.F.);
#6632 = EDGE_CURVE('',#2279,#6625,#6633,.T.);
#6633 = LINE('',#6634,#6635);
#6634 = CARTESIAN_POINT('',(4.8895,13.462,-4.51485));
#6635 = VECTOR('',#6636,1.);
#6636 = DIRECTION('',(0.,-1.,0.));
#6637 = PLANE('',#6638);
#6638 = AXIS2_PLACEMENT_3D('',#6639,#6640,#6641);
#6639 = CARTESIAN_POINT('',(4.8895,13.462,-4.51485));
#6640 = DIRECTION('',(-0.707106781187,0.,0.707106781187));
#6641 = DIRECTION('',(-0.707106781187,0.,-0.707106781187));
#6642 = ADVANCED_FACE('',(#6643),#6661,.F.);
#6643 = FACE_BOUND('',#6644,.F.);
#6644 = EDGE_LOOP('',(#6645,#6646,#6654,#6660));
#6645 = ORIENTED_EDGE('',*,*,#2350,.T.);
#6646 = ORIENTED_EDGE('',*,*,#6647,.T.);
#6647 = EDGE_CURVE('',#2343,#6648,#6650,.T.);
#6648 = VERTEX_POINT('',#6649);
#6649 = CARTESIAN_POINT('',(4.5847,7.493,-7.88035));
#6650 = LINE('',#6651,#6652);
#6651 = CARTESIAN_POINT('',(4.5847,13.462,-7.88035));
#6652 = VECTOR('',#6653,1.);
#6653 = DIRECTION('',(0.,-1.,0.));
#6654 = ORIENTED_EDGE('',*,*,#6655,.F.);
#6655 = EDGE_CURVE('',#6617,#6648,#6656,.T.);
#6656 = LINE('',#6657,#6658);
#6657 = CARTESIAN_POINT('',(4.5847,7.493,-4.81965));
#6658 = VECTOR('',#6659,1.);
#6659 = DIRECTION('',(0.,0.,-1.));
#6660 = ORIENTED_EDGE('',*,*,#6616,.F.);
#6661 = PLANE('',#6662);
#6662 = AXIS2_PLACEMENT_3D('',#6663,#6664,#6665);
#6663 = CARTESIAN_POINT('',(4.5847,13.462,-4.81965));
#6664 = DIRECTION('',(-1.,0.,0.));
#6665 = DIRECTION('',(0.,0.,-1.));
#6666 = ADVANCED_FACE('',(#6667),#6685,.F.);
#6667 = FACE_BOUND('',#6668,.F.);
#6668 = EDGE_LOOP('',(#6669,#6670,#6678,#6684));
#6669 = ORIENTED_EDGE('',*,*,#2342,.T.);
#6670 = ORIENTED_EDGE('',*,*,#6671,.T.);
#6671 = EDGE_CURVE('',#2335,#6672,#6674,.T.);
#6672 = VERTEX_POINT('',#6673);
#6673 = CARTESIAN_POINT('',(4.8895,7.493,-8.18515));
#6674 = LINE('',#6675,#6676);
#6675 = CARTESIAN_POINT('',(4.8895,13.462,-8.18515));
#6676 = VECTOR('',#6677,1.);
#6677 = DIRECTION('',(0.,-1.,0.));
#6678 = ORIENTED_EDGE('',*,*,#6679,.F.);
#6679 = EDGE_CURVE('',#6648,#6672,#6680,.T.);
#6680 = LINE('',#6681,#6682);
#6681 = CARTESIAN_POINT('',(4.5847,7.493,-7.88035));
#6682 = VECTOR('',#6683,1.);
#6683 = DIRECTION('',(0.707106781187,0.,-0.707106781187));
#6684 = ORIENTED_EDGE('',*,*,#6647,.F.);
#6685 = PLANE('',#6686);
#6686 = AXIS2_PLACEMENT_3D('',#6687,#6688,#6689);
#6687 = CARTESIAN_POINT('',(4.5847,13.462,-7.88035));
#6688 = DIRECTION('',(-0.707106781187,0.,-0.707106781187));
#6689 = DIRECTION('',(0.707106781187,0.,-0.707106781187));
#6690 = ADVANCED_FACE('',(#6691),#6711,.F.);
#6691 = FACE_BOUND('',#6692,.F.);
#6692 = EDGE_LOOP('',(#6693,#6694,#6702,#6708,#6709,#6710));
#6693 = ORIENTED_EDGE('',*,*,#6632,.T.);
#6694 = ORIENTED_EDGE('',*,*,#6695,.F.);
#6695 = EDGE_CURVE('',#6696,#6625,#6698,.T.);
#6696 = VERTEX_POINT('',#6697);
#6697 = CARTESIAN_POINT('',(4.8895,7.493,-0.81866605982));
#6698 = LINE('',#6699,#6700);
#6699 = CARTESIAN_POINT('',(4.8895,7.493,-0.81866605982));
#6700 = VECTOR('',#6701,1.);
#6701 = DIRECTION('',(0.,0.,-1.));
#6702 = ORIENTED_EDGE('',*,*,#6703,.F.);
#6703 = EDGE_CURVE('',#756,#6696,#6704,.T.);
#6704 = LINE('',#6705,#6706);
#6705 = CARTESIAN_POINT('',(4.8895,0.8255,0.));
#6706 = VECTOR('',#6707,1.);
#6707 = DIRECTION('',(0.,0.992546151641,-0.121869343405));
#6708 = ORIENTED_EDGE('',*,*,#753,.F.);
#6709 = ORIENTED_EDGE('',*,*,#1021,.T.);
#6710 = ORIENTED_EDGE('',*,*,#2288,.T.);
#6711 = PLANE('',#6712);
#6712 = AXIS2_PLACEMENT_3D('',#6713,#6714,#6715);
#6713 = CARTESIAN_POINT('',(4.8895,13.462,-1.6002));
#6714 = DIRECTION('',(-1.,0.,0.));
#6715 = DIRECTION('',(0.,0.,1.));
#6716 = ADVANCED_FACE('',(#6717),#6737,.F.);
#6717 = FACE_BOUND('',#6718,.F.);
#6718 = EDGE_LOOP('',(#6719,#6720,#6721,#6722,#6723,#6731));
#6719 = ORIENTED_EDGE('',*,*,#6671,.F.);
#6720 = ORIENTED_EDGE('',*,*,#2334,.T.);
#6721 = ORIENTED_EDGE('',*,*,#1984,.T.);
#6722 = ORIENTED_EDGE('',*,*,#1758,.T.);
#6723 = ORIENTED_EDGE('',*,*,#6724,.F.);
#6724 = EDGE_CURVE('',#6725,#1761,#6727,.T.);
#6725 = VERTEX_POINT('',#6726);
#6726 = CARTESIAN_POINT('',(4.8895,7.493,-11.88133394018));
#6727 = LINE('',#6728,#6729);
#6728 = CARTESIAN_POINT('',(4.8895,7.493,-11.88133394018));
#6729 = VECTOR('',#6730,1.);
#6730 = DIRECTION('',(0.,-0.992546151641,-0.121869343405));
#6731 = ORIENTED_EDGE('',*,*,#6732,.F.);
#6732 = EDGE_CURVE('',#6672,#6725,#6733,.T.);
#6733 = LINE('',#6734,#6735);
#6734 = CARTESIAN_POINT('',(4.8895,7.493,-8.18515));
#6735 = VECTOR('',#6736,1.);
#6736 = DIRECTION('',(0.,0.,-1.));
#6737 = PLANE('',#6738);
#6738 = AXIS2_PLACEMENT_3D('',#6739,#6740,#6741);
#6739 = CARTESIAN_POINT('',(4.8895,13.462,-1.6002));
#6740 = DIRECTION('',(-1.,0.,0.));
#6741 = DIRECTION('',(0.,0.,1.));
#6742 = ADVANCED_FACE('',(#6743,#6804),#6902,.F.);
#6743 = FACE_BOUND('',#6744,.F.);
#6744 = EDGE_LOOP('',(#6745,#6755,#6763,#6771,#6779,#6787,#6793,#6794,
    #6795,#6796,#6797,#6798));
#6745 = ORIENTED_EDGE('',*,*,#6746,.F.);
#6746 = EDGE_CURVE('',#6747,#6749,#6751,.T.);
#6747 = VERTEX_POINT('',#6748);
#6748 = CARTESIAN_POINT('',(11.6205,7.493,-8.18515));
#6749 = VERTEX_POINT('',#6750);
#6750 = CARTESIAN_POINT('',(11.6205,7.493,-11.88133394018));
#6751 = LINE('',#6752,#6753);
#6752 = CARTESIAN_POINT('',(11.6205,7.493,-8.18515));
#6753 = VECTOR('',#6754,1.);
#6754 = DIRECTION('',(0.,0.,-1.));
#6755 = ORIENTED_EDGE('',*,*,#6756,.T.);
#6756 = EDGE_CURVE('',#6747,#6757,#6759,.T.);
#6757 = VERTEX_POINT('',#6758);
#6758 = CARTESIAN_POINT('',(11.9253,7.493,-7.88035));
#6759 = LINE('',#6760,#6761);
#6760 = CARTESIAN_POINT('',(11.6205,7.493,-8.18515));
#6761 = VECTOR('',#6762,1.);
#6762 = DIRECTION('',(0.707106781187,0.,0.707106781187));
#6763 = ORIENTED_EDGE('',*,*,#6764,.T.);
#6764 = EDGE_CURVE('',#6757,#6765,#6767,.T.);
#6765 = VERTEX_POINT('',#6766);
#6766 = CARTESIAN_POINT('',(11.9253,7.493,-4.81965));
#6767 = LINE('',#6768,#6769);
#6768 = CARTESIAN_POINT('',(11.9253,7.493,-7.88035));
#6769 = VECTOR('',#6770,1.);
#6770 = DIRECTION('',(0.,0.,1.));
#6771 = ORIENTED_EDGE('',*,*,#6772,.T.);
#6772 = EDGE_CURVE('',#6765,#6773,#6775,.T.);
#6773 = VERTEX_POINT('',#6774);
#6774 = CARTESIAN_POINT('',(11.6205,7.493,-4.51485));
#6775 = LINE('',#6776,#6777);
#6776 = CARTESIAN_POINT('',(11.9253,7.493,-4.81965));
#6777 = VECTOR('',#6778,1.);
#6778 = DIRECTION('',(-0.707106781187,0.,0.707106781187));
#6779 = ORIENTED_EDGE('',*,*,#6780,.F.);
#6780 = EDGE_CURVE('',#6781,#6773,#6783,.T.);
#6781 = VERTEX_POINT('',#6782);
#6782 = CARTESIAN_POINT('',(11.6205,7.493,-0.81866605982));
#6783 = LINE('',#6784,#6785);
#6784 = CARTESIAN_POINT('',(11.6205,7.493,-0.81866605982));
#6785 = VECTOR('',#6786,1.);
#6786 = DIRECTION('',(0.,0.,-1.));
#6787 = ORIENTED_EDGE('',*,*,#6788,.T.);
#6788 = EDGE_CURVE('',#6781,#6696,#6789,.T.);
#6789 = LINE('',#6790,#6791);
#6790 = CARTESIAN_POINT('',(11.6205,7.493,-0.81866605982));
#6791 = VECTOR('',#6792,1.);
#6792 = DIRECTION('',(-1.,0.,0.));
#6793 = ORIENTED_EDGE('',*,*,#6695,.T.);
#6794 = ORIENTED_EDGE('',*,*,#6624,.T.);
#6795 = ORIENTED_EDGE('',*,*,#6655,.T.);
#6796 = ORIENTED_EDGE('',*,*,#6679,.T.);
#6797 = ORIENTED_EDGE('',*,*,#6732,.T.);
#6798 = ORIENTED_EDGE('',*,*,#6799,.F.);
#6799 = EDGE_CURVE('',#6749,#6725,#6800,.T.);
#6800 = LINE('',#6801,#6802);
#6801 = CARTESIAN_POINT('',(11.6205,7.493,-11.88133394018));
#6802 = VECTOR('',#6803,1.);
#6803 = DIRECTION('',(-1.,0.,0.));
#6804 = FACE_BOUND('',#6805,.F.);
#6805 = EDGE_LOOP('',(#6806,#6816,#6824,#6832,#6840,#6848,#6856,#6864,
    #6872,#6880,#6888,#6896));
#6806 = ORIENTED_EDGE('',*,*,#6807,.T.);
#6807 = EDGE_CURVE('',#6808,#6810,#6812,.T.);
#6808 = VERTEX_POINT('',#6809);
#6809 = CARTESIAN_POINT('',(5.08,7.493,-8.9154));
#6810 = VERTEX_POINT('',#6811);
#6811 = CARTESIAN_POINT('',(5.08,7.493,-3.7846));
#6812 = LINE('',#6813,#6814);
#6813 = CARTESIAN_POINT('',(5.08,7.493,-8.9154));
#6814 = VECTOR('',#6815,1.);
#6815 = DIRECTION('',(0.,0.,1.));
#6816 = ORIENTED_EDGE('',*,*,#6817,.T.);
#6817 = EDGE_CURVE('',#6810,#6818,#6820,.T.);
#6818 = VERTEX_POINT('',#6819);
#6819 = CARTESIAN_POINT('',(5.8801,7.493,-3.7846));
#6820 = LINE('',#6821,#6822);
#6821 = CARTESIAN_POINT('',(5.08,7.493,-3.7846));
#6822 = VECTOR('',#6823,1.);
#6823 = DIRECTION('',(1.,0.,0.));
#6824 = ORIENTED_EDGE('',*,*,#6825,.T.);
#6825 = EDGE_CURVE('',#6818,#6826,#6828,.T.);
#6826 = VERTEX_POINT('',#6827);
#6827 = CARTESIAN_POINT('',(5.8801,7.493,-2.032));
#6828 = LINE('',#6829,#6830);
#6829 = CARTESIAN_POINT('',(5.8801,7.493,-3.7846));
#6830 = VECTOR('',#6831,1.);
#6831 = DIRECTION('',(0.,0.,1.));
#6832 = ORIENTED_EDGE('',*,*,#6833,.T.);
#6833 = EDGE_CURVE('',#6826,#6834,#6836,.T.);
#6834 = VERTEX_POINT('',#6835);
#6835 = CARTESIAN_POINT('',(10.6299,7.493,-2.032));
#6836 = LINE('',#6837,#6838);
#6837 = CARTESIAN_POINT('',(5.8801,7.493,-2.032));
#6838 = VECTOR('',#6839,1.);
#6839 = DIRECTION('',(1.,0.,0.));
#6840 = ORIENTED_EDGE('',*,*,#6841,.T.);
#6841 = EDGE_CURVE('',#6834,#6842,#6844,.T.);
#6842 = VERTEX_POINT('',#6843);
#6843 = CARTESIAN_POINT('',(10.6299,7.493,-3.7846));
#6844 = LINE('',#6845,#6846);
#6845 = CARTESIAN_POINT('',(10.6299,7.493,-2.032));
#6846 = VECTOR('',#6847,1.);
#6847 = DIRECTION('',(0.,0.,-1.));
#6848 = ORIENTED_EDGE('',*,*,#6849,.T.);
#6849 = EDGE_CURVE('',#6842,#6850,#6852,.T.);
#6850 = VERTEX_POINT('',#6851);
#6851 = CARTESIAN_POINT('',(11.43,7.493,-3.7846));
#6852 = LINE('',#6853,#6854);
#6853 = CARTESIAN_POINT('',(10.6299,7.493,-3.7846));
#6854 = VECTOR('',#6855,1.);
#6855 = DIRECTION('',(1.,0.,0.));
#6856 = ORIENTED_EDGE('',*,*,#6857,.T.);
#6857 = EDGE_CURVE('',#6850,#6858,#6860,.T.);
#6858 = VERTEX_POINT('',#6859);
#6859 = CARTESIAN_POINT('',(11.43,7.493,-8.9154));
#6860 = LINE('',#6861,#6862);
#6861 = CARTESIAN_POINT('',(11.43,7.493,-3.7846));
#6862 = VECTOR('',#6863,1.);
#6863 = DIRECTION('',(0.,0.,-1.));
#6864 = ORIENTED_EDGE('',*,*,#6865,.T.);
#6865 = EDGE_CURVE('',#6858,#6866,#6868,.T.);
#6866 = VERTEX_POINT('',#6867);
#6867 = CARTESIAN_POINT('',(10.6299,7.493,-8.9154));
#6868 = LINE('',#6869,#6870);
#6869 = CARTESIAN_POINT('',(11.43,7.493,-8.9154));
#6870 = VECTOR('',#6871,1.);
#6871 = DIRECTION('',(-1.,0.,0.));
#6872 = ORIENTED_EDGE('',*,*,#6873,.T.);
#6873 = EDGE_CURVE('',#6866,#6874,#6876,.T.);
#6874 = VERTEX_POINT('',#6875);
#6875 = CARTESIAN_POINT('',(10.6299,7.493,-10.668));
#6876 = LINE('',#6877,#6878);
#6877 = CARTESIAN_POINT('',(10.6299,7.493,-8.9154));
#6878 = VECTOR('',#6879,1.);
#6879 = DIRECTION('',(0.,0.,-1.));
#6880 = ORIENTED_EDGE('',*,*,#6881,.T.);
#6881 = EDGE_CURVE('',#6874,#6882,#6884,.T.);
#6882 = VERTEX_POINT('',#6883);
#6883 = CARTESIAN_POINT('',(5.8801,7.493,-10.668));
#6884 = LINE('',#6885,#6886);
#6885 = CARTESIAN_POINT('',(10.6299,7.493,-10.668));
#6886 = VECTOR('',#6887,1.);
#6887 = DIRECTION('',(-1.,0.,0.));
#6888 = ORIENTED_EDGE('',*,*,#6889,.T.);
#6889 = EDGE_CURVE('',#6882,#6890,#6892,.T.);
#6890 = VERTEX_POINT('',#6891);
#6891 = CARTESIAN_POINT('',(5.8801,7.493,-8.9154));
#6892 = LINE('',#6893,#6894);
#6893 = CARTESIAN_POINT('',(5.8801,7.493,-10.668));
#6894 = VECTOR('',#6895,1.);
#6895 = DIRECTION('',(0.,0.,1.));
#6896 = ORIENTED_EDGE('',*,*,#6897,.T.);
#6897 = EDGE_CURVE('',#6890,#6808,#6898,.T.);
#6898 = LINE('',#6899,#6900);
#6899 = CARTESIAN_POINT('',(5.8801,7.493,-8.9154));
#6900 = VECTOR('',#6901,1.);
#6901 = DIRECTION('',(-1.,0.,0.));
#6902 = PLANE('',#6903);
#6903 = AXIS2_PLACEMENT_3D('',#6904,#6905,#6906);
#6904 = CARTESIAN_POINT('',(11.6205,7.493,-0.81866605982));
#6905 = DIRECTION('',(0.,-1.,0.));
#6906 = DIRECTION('',(0.,0.,-1.));
#6907 = ADVANCED_FACE('',(#6908),#6926,.F.);
#6908 = FACE_BOUND('',#6909,.F.);
#6909 = EDGE_LOOP('',(#6910,#6916,#6917,#6923,#6924,#6925));
#6910 = ORIENTED_EDGE('',*,*,#6911,.T.);
#6911 = EDGE_CURVE('',#2406,#6747,#6912,.T.);
#6912 = LINE('',#6913,#6914);
#6913 = CARTESIAN_POINT('',(11.6205,13.462,-8.18515));
#6914 = VECTOR('',#6915,1.);
#6915 = DIRECTION('',(0.,-1.,0.));
#6916 = ORIENTED_EDGE('',*,*,#6746,.T.);
#6917 = ORIENTED_EDGE('',*,*,#6918,.T.);
#6918 = EDGE_CURVE('',#6749,#1847,#6919,.T.);
#6919 = LINE('',#6920,#6921);
#6920 = CARTESIAN_POINT('',(11.6205,7.493,-11.88133394018));
#6921 = VECTOR('',#6922,1.);
#6922 = DIRECTION('',(0.,-0.992546151641,-0.121869343405));
#6923 = ORIENTED_EDGE('',*,*,#1846,.F.);
#6924 = ORIENTED_EDGE('',*,*,#2025,.F.);
#6925 = ORIENTED_EDGE('',*,*,#2413,.F.);
#6926 = PLANE('',#6927);
#6927 = AXIS2_PLACEMENT_3D('',#6928,#6929,#6930);
#6928 = CARTESIAN_POINT('',(11.6205,0.8255,0.));
#6929 = DIRECTION('',(1.,0.,0.));
#6930 = DIRECTION('',(0.,0.,-1.));
#6931 = ADVANCED_FACE('',(#6932),#6950,.F.);
#6932 = FACE_BOUND('',#6933,.F.);
#6933 = EDGE_LOOP('',(#6934,#6940,#6941,#6942,#6943,#6949));
#6934 = ORIENTED_EDGE('',*,*,#6935,.F.);
#6935 = EDGE_CURVE('',#2382,#6773,#6936,.T.);
#6936 = LINE('',#6937,#6938);
#6937 = CARTESIAN_POINT('',(11.6205,13.462,-4.51485));
#6938 = VECTOR('',#6939,1.);
#6939 = DIRECTION('',(0.,-1.,0.));
#6940 = ORIENTED_EDGE('',*,*,#2381,.F.);
#6941 = ORIENTED_EDGE('',*,*,#1071,.F.);
#6942 = ORIENTED_EDGE('',*,*,#882,.T.);
#6943 = ORIENTED_EDGE('',*,*,#6944,.T.);
#6944 = EDGE_CURVE('',#875,#6781,#6945,.T.);
#6945 = LINE('',#6946,#6947);
#6946 = CARTESIAN_POINT('',(11.6205,0.8255,0.));
#6947 = VECTOR('',#6948,1.);
#6948 = DIRECTION('',(0.,0.992546151641,-0.121869343405));
#6949 = ORIENTED_EDGE('',*,*,#6780,.T.);
#6950 = PLANE('',#6951);
#6951 = AXIS2_PLACEMENT_3D('',#6952,#6953,#6954);
#6952 = CARTESIAN_POINT('',(11.6205,0.8255,0.));
#6953 = DIRECTION('',(1.,0.,0.));
#6954 = DIRECTION('',(0.,0.,-1.));
#6955 = ADVANCED_FACE('',(#6956),#6967,.F.);
#6956 = FACE_BOUND('',#6957,.F.);
#6957 = EDGE_LOOP('',(#6958,#6959,#6965,#6966));
#6958 = ORIENTED_EDGE('',*,*,#2405,.T.);
#6959 = ORIENTED_EDGE('',*,*,#6960,.T.);
#6960 = EDGE_CURVE('',#2398,#6757,#6961,.T.);
#6961 = LINE('',#6962,#6963);
#6962 = CARTESIAN_POINT('',(11.9253,13.462,-7.88035));
#6963 = VECTOR('',#6964,1.);
#6964 = DIRECTION('',(0.,-1.,0.));
#6965 = ORIENTED_EDGE('',*,*,#6756,.F.);
#6966 = ORIENTED_EDGE('',*,*,#6911,.F.);
#6967 = PLANE('',#6968);
#6968 = AXIS2_PLACEMENT_3D('',#6969,#6970,#6971);
#6969 = CARTESIAN_POINT('',(11.6205,13.462,-8.18515));
#6970 = DIRECTION('',(0.707106781187,0.,-0.707106781187));
#6971 = DIRECTION('',(0.707106781187,0.,0.707106781187));
#6972 = ADVANCED_FACE('',(#6973),#6984,.F.);
#6973 = FACE_BOUND('',#6974,.F.);
#6974 = EDGE_LOOP('',(#6975,#6976,#6982,#6983));
#6975 = ORIENTED_EDGE('',*,*,#2397,.T.);
#6976 = ORIENTED_EDGE('',*,*,#6977,.T.);
#6977 = EDGE_CURVE('',#2390,#6765,#6978,.T.);
#6978 = LINE('',#6979,#6980);
#6979 = CARTESIAN_POINT('',(11.9253,13.462,-4.81965));
#6980 = VECTOR('',#6981,1.);
#6981 = DIRECTION('',(0.,-1.,0.));
#6982 = ORIENTED_EDGE('',*,*,#6764,.F.);
#6983 = ORIENTED_EDGE('',*,*,#6960,.F.);
#6984 = PLANE('',#6985);
#6985 = AXIS2_PLACEMENT_3D('',#6986,#6987,#6988);
#6986 = CARTESIAN_POINT('',(11.9253,13.462,-7.88035));
#6987 = DIRECTION('',(1.,0.,0.));
#6988 = DIRECTION('',(0.,0.,1.));
#6989 = ADVANCED_FACE('',(#6990),#6996,.F.);
#6990 = FACE_BOUND('',#6991,.F.);
#6991 = EDGE_LOOP('',(#6992,#6993,#6994,#6995));
#6992 = ORIENTED_EDGE('',*,*,#2389,.T.);
#6993 = ORIENTED_EDGE('',*,*,#6935,.T.);
#6994 = ORIENTED_EDGE('',*,*,#6772,.F.);
#6995 = ORIENTED_EDGE('',*,*,#6977,.F.);
#6996 = PLANE('',#6997);
#6997 = AXIS2_PLACEMENT_3D('',#6998,#6999,#7000);
#6998 = CARTESIAN_POINT('',(11.9253,13.462,-4.81965));
#6999 = DIRECTION('',(0.707106781187,0.,0.707106781187));
#7000 = DIRECTION('',(-0.707106781187,0.,0.707106781187));
#7001 = ADVANCED_FACE('',(#7002),#7013,.F.);
#7002 = FACE_BOUND('',#7003,.F.);
#7003 = EDGE_LOOP('',(#7004,#7010,#7011,#7012));
#7004 = ORIENTED_EDGE('',*,*,#7005,.T.);
#7005 = EDGE_CURVE('',#1761,#1847,#7006,.T.);
#7006 = LINE('',#7007,#7008);
#7007 = CARTESIAN_POINT('',(4.8895,0.8255,-12.7));
#7008 = VECTOR('',#7009,1.);
#7009 = DIRECTION('',(1.,0.,0.));
#7010 = ORIENTED_EDGE('',*,*,#6918,.F.);
#7011 = ORIENTED_EDGE('',*,*,#6799,.T.);
#7012 = ORIENTED_EDGE('',*,*,#6724,.T.);
#7013 = PLANE('',#7014);
#7014 = AXIS2_PLACEMENT_3D('',#7015,#7016,#7017);
#7015 = CARTESIAN_POINT('',(11.6205,7.493,-11.88133394018));
#7016 = DIRECTION('',(0.,-0.121869343405,0.992546151641));
#7017 = DIRECTION('',(0.,-0.992546151641,-0.121869343405));
#7018 = ADVANCED_FACE('',(#7019,#7040),#7074,.F.);
#7019 = FACE_BOUND('',#7020,.F.);
#7020 = EDGE_LOOP('',(#7021,#7027,#7033,#7034));
#7021 = ORIENTED_EDGE('',*,*,#7022,.T.);
#7022 = EDGE_CURVE('',#756,#875,#7023,.T.);
#7023 = LINE('',#7024,#7025);
#7024 = CARTESIAN_POINT('',(4.8895,0.8255,0.));
#7025 = VECTOR('',#7026,1.);
#7026 = DIRECTION('',(1.,0.,0.));
#7027 = ORIENTED_EDGE('',*,*,#7028,.T.);
#7028 = EDGE_CURVE('',#875,#1847,#7029,.T.);
#7029 = LINE('',#7030,#7031);
#7030 = CARTESIAN_POINT('',(11.6205,0.8255,0.));
#7031 = VECTOR('',#7032,1.);
#7032 = DIRECTION('',(0.,0.,-1.));
#7033 = ORIENTED_EDGE('',*,*,#7005,.F.);
#7034 = ORIENTED_EDGE('',*,*,#7035,.F.);
#7035 = EDGE_CURVE('',#756,#1761,#7036,.T.);
#7036 = LINE('',#7037,#7038);
#7037 = CARTESIAN_POINT('',(4.8895,0.8255,0.));
#7038 = VECTOR('',#7039,1.);
#7039 = DIRECTION('',(0.,0.,-1.));
#7040 = FACE_BOUND('',#7041,.F.);
#7041 = EDGE_LOOP('',(#7042,#7052,#7060,#7068));
#7042 = ORIENTED_EDGE('',*,*,#7043,.T.);
#7043 = EDGE_CURVE('',#7044,#7046,#7048,.T.);
#7044 = VERTEX_POINT('',#7045);
#7045 = CARTESIAN_POINT('',(7.5946,0.8255,-2.032));
#7046 = VERTEX_POINT('',#7047);
#7047 = CARTESIAN_POINT('',(7.5946,0.8255,-2.8702));
#7048 = LINE('',#7049,#7050);
#7049 = CARTESIAN_POINT('',(7.5946,0.8255,-2.032));
#7050 = VECTOR('',#7051,1.);
#7051 = DIRECTION('',(0.,0.,-1.));
#7052 = ORIENTED_EDGE('',*,*,#7053,.T.);
#7053 = EDGE_CURVE('',#7046,#7054,#7056,.T.);
#7054 = VERTEX_POINT('',#7055);
#7055 = CARTESIAN_POINT('',(8.9154,0.8255,-2.8702));
#7056 = LINE('',#7057,#7058);
#7057 = CARTESIAN_POINT('',(7.5946,0.8255,-2.8702));
#7058 = VECTOR('',#7059,1.);
#7059 = DIRECTION('',(1.,0.,0.));
#7060 = ORIENTED_EDGE('',*,*,#7061,.F.);
#7061 = EDGE_CURVE('',#7062,#7054,#7064,.T.);
#7062 = VERTEX_POINT('',#7063);
#7063 = CARTESIAN_POINT('',(8.9154,0.8255,-2.032));
#7064 = LINE('',#7065,#7066);
#7065 = CARTESIAN_POINT('',(8.9154,0.8255,-2.032));
#7066 = VECTOR('',#7067,1.);
#7067 = DIRECTION('',(0.,0.,-1.));
#7068 = ORIENTED_EDGE('',*,*,#7069,.F.);
#7069 = EDGE_CURVE('',#7044,#7062,#7070,.T.);
#7070 = LINE('',#7071,#7072);
#7071 = CARTESIAN_POINT('',(7.5946,0.8255,-2.032));
#7072 = VECTOR('',#7073,1.);
#7073 = DIRECTION('',(1.,0.,0.));
#7074 = PLANE('',#7075);
#7075 = AXIS2_PLACEMENT_3D('',#7076,#7077,#7078);
#7076 = CARTESIAN_POINT('',(4.8895,0.8255,0.));
#7077 = DIRECTION('',(0.,1.,0.));
#7078 = DIRECTION('',(0.,0.,-1.));
#7079 = ADVANCED_FACE('',(#7080),#7086,.F.);
#7080 = FACE_BOUND('',#7081,.F.);
#7081 = EDGE_LOOP('',(#7082,#7083,#7084,#7085));
#7082 = ORIENTED_EDGE('',*,*,#7022,.F.);
#7083 = ORIENTED_EDGE('',*,*,#6703,.T.);
#7084 = ORIENTED_EDGE('',*,*,#6788,.F.);
#7085 = ORIENTED_EDGE('',*,*,#6944,.F.);
#7086 = PLANE('',#7087);
#7087 = AXIS2_PLACEMENT_3D('',#7088,#7089,#7090);
#7088 = CARTESIAN_POINT('',(11.6205,0.8255,0.));
#7089 = DIRECTION('',(0.,-0.121869343405,-0.992546151641));
#7090 = DIRECTION('',(0.,0.992546151641,-0.121869343405));
#7091 = ADVANCED_FACE('',(#7092),#7098,.T.);
#7092 = FACE_BOUND('',#7093,.F.);
#7093 = EDGE_LOOP('',(#7094,#7095,#7096,#7097));
#7094 = ORIENTED_EDGE('',*,*,#874,.F.);
#7095 = ORIENTED_EDGE('',*,*,#1268,.F.);
#7096 = ORIENTED_EDGE('',*,*,#1854,.T.);
#7097 = ORIENTED_EDGE('',*,*,#7028,.F.);
#7098 = PLANE('',#7099);
#7099 = AXIS2_PLACEMENT_3D('',#7100,#7101,#7102);
#7100 = CARTESIAN_POINT('',(11.6205,13.462,-1.6002));
#7101 = DIRECTION('',(-1.,0.,0.));
#7102 = DIRECTION('',(0.,0.,1.));
#7103 = ADVANCED_FACE('',(#7104),#7110,.F.);
#7104 = FACE_BOUND('',#7105,.F.);
#7105 = EDGE_LOOP('',(#7106,#7107,#7108,#7109));
#7106 = ORIENTED_EDGE('',*,*,#763,.T.);
#7107 = ORIENTED_EDGE('',*,*,#7035,.T.);
#7108 = ORIENTED_EDGE('',*,*,#1791,.F.);
#7109 = ORIENTED_EDGE('',*,*,#1221,.T.);
#7110 = PLANE('',#7111);
#7111 = AXIS2_PLACEMENT_3D('',#7112,#7113,#7114);
#7112 = CARTESIAN_POINT('',(4.8895,13.462,-1.6002));
#7113 = DIRECTION('',(-1.,0.,0.));
#7114 = DIRECTION('',(0.,0.,1.));
#7115 = ADVANCED_FACE('',(#7116),#7141,.F.);
#7116 = FACE_BOUND('',#7117,.F.);
#7117 = EDGE_LOOP('',(#7118,#7119,#7127,#7135));
#7118 = ORIENTED_EDGE('',*,*,#7043,.F.);
#7119 = ORIENTED_EDGE('',*,*,#7120,.T.);
#7120 = EDGE_CURVE('',#7044,#7121,#7123,.T.);
#7121 = VERTEX_POINT('',#7122);
#7122 = CARTESIAN_POINT('',(7.5946,-4.064,-2.032));
#7123 = LINE('',#7124,#7125);
#7124 = CARTESIAN_POINT('',(7.5946,0.8255,-2.032));
#7125 = VECTOR('',#7126,1.);
#7126 = DIRECTION('',(0.,-1.,0.));
#7127 = ORIENTED_EDGE('',*,*,#7128,.T.);
#7128 = EDGE_CURVE('',#7121,#7129,#7131,.T.);
#7129 = VERTEX_POINT('',#7130);
#7130 = CARTESIAN_POINT('',(7.5946,-4.064,-2.8702));
#7131 = LINE('',#7132,#7133);
#7132 = CARTESIAN_POINT('',(7.5946,-4.064,-2.032));
#7133 = VECTOR('',#7134,1.);
#7134 = DIRECTION('',(0.,0.,-1.));
#7135 = ORIENTED_EDGE('',*,*,#7136,.T.);
#7136 = EDGE_CURVE('',#7129,#7046,#7137,.T.);
#7137 = LINE('',#7138,#7139);
#7138 = CARTESIAN_POINT('',(7.5946,-4.064,-2.8702));
#7139 = VECTOR('',#7140,1.);
#7140 = DIRECTION('',(0.,1.,0.));
#7141 = PLANE('',#7142);
#7142 = AXIS2_PLACEMENT_3D('',#7143,#7144,#7145);
#7143 = CARTESIAN_POINT('',(7.5946,0.,0.));
#7144 = DIRECTION('',(1.,0.,0.));
#7145 = DIRECTION('',(0.,0.,-1.));
#7146 = ADVANCED_FACE('',(#7147),#7165,.T.);
#7147 = FACE_BOUND('',#7148,.F.);
#7148 = EDGE_LOOP('',(#7149,#7150,#7158,#7164));
#7149 = ORIENTED_EDGE('',*,*,#7069,.T.);
#7150 = ORIENTED_EDGE('',*,*,#7151,.T.);
#7151 = EDGE_CURVE('',#7062,#7152,#7154,.T.);
#7152 = VERTEX_POINT('',#7153);
#7153 = CARTESIAN_POINT('',(8.9154,-4.064,-2.032));
#7154 = LINE('',#7155,#7156);
#7155 = CARTESIAN_POINT('',(8.9154,0.8255,-2.032));
#7156 = VECTOR('',#7157,1.);
#7157 = DIRECTION('',(0.,-1.,0.));
#7158 = ORIENTED_EDGE('',*,*,#7159,.F.);
#7159 = EDGE_CURVE('',#7121,#7152,#7160,.T.);
#7160 = LINE('',#7161,#7162);
#7161 = CARTESIAN_POINT('',(7.5946,-4.064,-2.032));
#7162 = VECTOR('',#7163,1.);
#7163 = DIRECTION('',(1.,0.,0.));
#7164 = ORIENTED_EDGE('',*,*,#7120,.F.);
#7165 = PLANE('',#7166);
#7166 = AXIS2_PLACEMENT_3D('',#7167,#7168,#7169);
#7167 = CARTESIAN_POINT('',(7.5946,0.8255,-2.032));
#7168 = DIRECTION('',(0.,0.,1.));
#7169 = DIRECTION('',(0.,-1.,0.));
#7170 = ADVANCED_FACE('',(#7171),#7189,.T.);
#7171 = FACE_BOUND('',#7172,.F.);
#7172 = EDGE_LOOP('',(#7173,#7174,#7182,#7188));
#7173 = ORIENTED_EDGE('',*,*,#7061,.T.);
#7174 = ORIENTED_EDGE('',*,*,#7175,.F.);
#7175 = EDGE_CURVE('',#7176,#7054,#7178,.T.);
#7176 = VERTEX_POINT('',#7177);
#7177 = CARTESIAN_POINT('',(8.9154,-4.064,-2.8702));
#7178 = LINE('',#7179,#7180);
#7179 = CARTESIAN_POINT('',(8.9154,-4.064,-2.8702));
#7180 = VECTOR('',#7181,1.);
#7181 = DIRECTION('',(0.,1.,0.));
#7182 = ORIENTED_EDGE('',*,*,#7183,.F.);
#7183 = EDGE_CURVE('',#7152,#7176,#7184,.T.);
#7184 = LINE('',#7185,#7186);
#7185 = CARTESIAN_POINT('',(8.9154,-4.064,-2.032));
#7186 = VECTOR('',#7187,1.);
#7187 = DIRECTION('',(0.,0.,-1.));
#7188 = ORIENTED_EDGE('',*,*,#7151,.F.);
#7189 = PLANE('',#7190);
#7190 = AXIS2_PLACEMENT_3D('',#7191,#7192,#7193);
#7191 = CARTESIAN_POINT('',(8.9154,0.,0.));
#7192 = DIRECTION('',(1.,0.,0.));
#7193 = DIRECTION('',(0.,0.,-1.));
#7194 = ADVANCED_FACE('',(#7195),#7206,.T.);
#7195 = FACE_BOUND('',#7196,.F.);
#7196 = EDGE_LOOP('',(#7197,#7198,#7199,#7205));
#7197 = ORIENTED_EDGE('',*,*,#7053,.F.);
#7198 = ORIENTED_EDGE('',*,*,#7136,.F.);
#7199 = ORIENTED_EDGE('',*,*,#7200,.T.);
#7200 = EDGE_CURVE('',#7129,#7176,#7201,.T.);
#7201 = LINE('',#7202,#7203);
#7202 = CARTESIAN_POINT('',(7.5946,-4.064,-2.8702));
#7203 = VECTOR('',#7204,1.);
#7204 = DIRECTION('',(1.,0.,0.));
#7205 = ORIENTED_EDGE('',*,*,#7175,.T.);
#7206 = PLANE('',#7207);
#7207 = AXIS2_PLACEMENT_3D('',#7208,#7209,#7210);
#7208 = CARTESIAN_POINT('',(7.5946,-4.064,-2.8702));
#7209 = DIRECTION('',(0.,0.,-1.));
#7210 = DIRECTION('',(0.,1.,0.));
#7211 = ADVANCED_FACE('',(#7212),#7218,.T.);
#7212 = FACE_BOUND('',#7213,.F.);
#7213 = EDGE_LOOP('',(#7214,#7215,#7216,#7217));
#7214 = ORIENTED_EDGE('',*,*,#7128,.F.);
#7215 = ORIENTED_EDGE('',*,*,#7159,.T.);
#7216 = ORIENTED_EDGE('',*,*,#7183,.T.);
#7217 = ORIENTED_EDGE('',*,*,#7200,.F.);
#7218 = PLANE('',#7219);
#7219 = AXIS2_PLACEMENT_3D('',#7220,#7221,#7222);
#7220 = CARTESIAN_POINT('',(7.5946,-4.064,-2.032));
#7221 = DIRECTION('',(0.,-1.,0.));
#7222 = DIRECTION('',(0.,0.,-1.));
#7223 = ADVANCED_FACE('',(#7224),#7249,.T.);
#7224 = FACE_BOUND('',#7225,.F.);
#7225 = EDGE_LOOP('',(#7226,#7227,#7235,#7243));
#7226 = ORIENTED_EDGE('',*,*,#6807,.F.);
#7227 = ORIENTED_EDGE('',*,*,#7228,.T.);
#7228 = EDGE_CURVE('',#6808,#7229,#7231,.T.);
#7229 = VERTEX_POINT('',#7230);
#7230 = CARTESIAN_POINT('',(5.08,8.3312,-8.9154));
#7231 = LINE('',#7232,#7233);
#7232 = CARTESIAN_POINT('',(5.08,7.493,-8.9154));
#7233 = VECTOR('',#7234,1.);
#7234 = DIRECTION('',(0.,1.,0.));
#7235 = ORIENTED_EDGE('',*,*,#7236,.T.);
#7236 = EDGE_CURVE('',#7229,#7237,#7239,.T.);
#7237 = VERTEX_POINT('',#7238);
#7238 = CARTESIAN_POINT('',(5.08,8.3312,-3.7846));
#7239 = LINE('',#7240,#7241);
#7240 = CARTESIAN_POINT('',(5.08,8.3312,-8.9154));
#7241 = VECTOR('',#7242,1.);
#7242 = DIRECTION('',(0.,0.,1.));
#7243 = ORIENTED_EDGE('',*,*,#7244,.F.);
#7244 = EDGE_CURVE('',#6810,#7237,#7245,.T.);
#7245 = LINE('',#7246,#7247);
#7246 = CARTESIAN_POINT('',(5.08,7.493,-3.7846));
#7247 = VECTOR('',#7248,1.);
#7248 = DIRECTION('',(0.,1.,0.));
#7249 = PLANE('',#7250);
#7250 = AXIS2_PLACEMENT_3D('',#7251,#7252,#7253);
#7251 = CARTESIAN_POINT('',(5.08,7.493,-8.9154));
#7252 = DIRECTION('',(-1.,0.,0.));
#7253 = DIRECTION('',(0.,0.,1.));
#7254 = ADVANCED_FACE('',(#7255),#7273,.T.);
#7255 = FACE_BOUND('',#7256,.F.);
#7256 = EDGE_LOOP('',(#7257,#7258,#7266,#7272));
#7257 = ORIENTED_EDGE('',*,*,#6897,.F.);
#7258 = ORIENTED_EDGE('',*,*,#7259,.T.);
#7259 = EDGE_CURVE('',#6890,#7260,#7262,.T.);
#7260 = VERTEX_POINT('',#7261);
#7261 = CARTESIAN_POINT('',(5.8801,8.3312,-8.9154));
#7262 = LINE('',#7263,#7264);
#7263 = CARTESIAN_POINT('',(5.8801,7.493,-8.9154));
#7264 = VECTOR('',#7265,1.);
#7265 = DIRECTION('',(0.,1.,0.));
#7266 = ORIENTED_EDGE('',*,*,#7267,.T.);
#7267 = EDGE_CURVE('',#7260,#7229,#7268,.T.);
#7268 = LINE('',#7269,#7270);
#7269 = CARTESIAN_POINT('',(5.8801,8.3312,-8.9154));
#7270 = VECTOR('',#7271,1.);
#7271 = DIRECTION('',(-1.,0.,0.));
#7272 = ORIENTED_EDGE('',*,*,#7228,.F.);
#7273 = PLANE('',#7274);
#7274 = AXIS2_PLACEMENT_3D('',#7275,#7276,#7277);
#7275 = CARTESIAN_POINT('',(5.8801,7.493,-8.9154));
#7276 = DIRECTION('',(0.,0.,-1.));
#7277 = DIRECTION('',(-1.,0.,0.));
#7278 = ADVANCED_FACE('',(#7279),#7297,.T.);
#7279 = FACE_BOUND('',#7280,.F.);
#7280 = EDGE_LOOP('',(#7281,#7282,#7290,#7296));
#7281 = ORIENTED_EDGE('',*,*,#6889,.F.);
#7282 = ORIENTED_EDGE('',*,*,#7283,.T.);
#7283 = EDGE_CURVE('',#6882,#7284,#7286,.T.);
#7284 = VERTEX_POINT('',#7285);
#7285 = CARTESIAN_POINT('',(5.8801,8.3312,-10.668));
#7286 = LINE('',#7287,#7288);
#7287 = CARTESIAN_POINT('',(5.8801,7.493,-10.668));
#7288 = VECTOR('',#7289,1.);
#7289 = DIRECTION('',(0.,1.,0.));
#7290 = ORIENTED_EDGE('',*,*,#7291,.T.);
#7291 = EDGE_CURVE('',#7284,#7260,#7292,.T.);
#7292 = LINE('',#7293,#7294);
#7293 = CARTESIAN_POINT('',(5.8801,8.3312,-10.668));
#7294 = VECTOR('',#7295,1.);
#7295 = DIRECTION('',(0.,0.,1.));
#7296 = ORIENTED_EDGE('',*,*,#7259,.F.);
#7297 = PLANE('',#7298);
#7298 = AXIS2_PLACEMENT_3D('',#7299,#7300,#7301);
#7299 = CARTESIAN_POINT('',(5.8801,7.493,-10.668));
#7300 = DIRECTION('',(-1.,0.,0.));
#7301 = DIRECTION('',(0.,0.,1.));
#7302 = ADVANCED_FACE('',(#7303),#7321,.T.);
#7303 = FACE_BOUND('',#7304,.F.);
#7304 = EDGE_LOOP('',(#7305,#7306,#7314,#7320));
#7305 = ORIENTED_EDGE('',*,*,#6881,.F.);
#7306 = ORIENTED_EDGE('',*,*,#7307,.T.);
#7307 = EDGE_CURVE('',#6874,#7308,#7310,.T.);
#7308 = VERTEX_POINT('',#7309);
#7309 = CARTESIAN_POINT('',(10.6299,8.3312,-10.668));
#7310 = LINE('',#7311,#7312);
#7311 = CARTESIAN_POINT('',(10.6299,7.493,-10.668));
#7312 = VECTOR('',#7313,1.);
#7313 = DIRECTION('',(0.,1.,0.));
#7314 = ORIENTED_EDGE('',*,*,#7315,.T.);
#7315 = EDGE_CURVE('',#7308,#7284,#7316,.T.);
#7316 = LINE('',#7317,#7318);
#7317 = CARTESIAN_POINT('',(10.6299,8.3312,-10.668));
#7318 = VECTOR('',#7319,1.);
#7319 = DIRECTION('',(-1.,0.,0.));
#7320 = ORIENTED_EDGE('',*,*,#7283,.F.);
#7321 = PLANE('',#7322);
#7322 = AXIS2_PLACEMENT_3D('',#7323,#7324,#7325);
#7323 = CARTESIAN_POINT('',(10.6299,7.493,-10.668));
#7324 = DIRECTION('',(0.,0.,-1.));
#7325 = DIRECTION('',(-1.,0.,0.));
#7326 = ADVANCED_FACE('',(#7327),#7345,.T.);
#7327 = FACE_BOUND('',#7328,.F.);
#7328 = EDGE_LOOP('',(#7329,#7330,#7338,#7344));
#7329 = ORIENTED_EDGE('',*,*,#6873,.F.);
#7330 = ORIENTED_EDGE('',*,*,#7331,.T.);
#7331 = EDGE_CURVE('',#6866,#7332,#7334,.T.);
#7332 = VERTEX_POINT('',#7333);
#7333 = CARTESIAN_POINT('',(10.6299,8.3312,-8.9154));
#7334 = LINE('',#7335,#7336);
#7335 = CARTESIAN_POINT('',(10.6299,7.493,-8.9154));
#7336 = VECTOR('',#7337,1.);
#7337 = DIRECTION('',(0.,1.,0.));
#7338 = ORIENTED_EDGE('',*,*,#7339,.T.);
#7339 = EDGE_CURVE('',#7332,#7308,#7340,.T.);
#7340 = LINE('',#7341,#7342);
#7341 = CARTESIAN_POINT('',(10.6299,8.3312,-8.9154));
#7342 = VECTOR('',#7343,1.);
#7343 = DIRECTION('',(0.,0.,-1.));
#7344 = ORIENTED_EDGE('',*,*,#7307,.F.);
#7345 = PLANE('',#7346);
#7346 = AXIS2_PLACEMENT_3D('',#7347,#7348,#7349);
#7347 = CARTESIAN_POINT('',(10.6299,7.493,-8.9154));
#7348 = DIRECTION('',(1.,0.,0.));
#7349 = DIRECTION('',(0.,0.,-1.));
#7350 = ADVANCED_FACE('',(#7351),#7369,.T.);
#7351 = FACE_BOUND('',#7352,.F.);
#7352 = EDGE_LOOP('',(#7353,#7354,#7362,#7368));
#7353 = ORIENTED_EDGE('',*,*,#6865,.F.);
#7354 = ORIENTED_EDGE('',*,*,#7355,.T.);
#7355 = EDGE_CURVE('',#6858,#7356,#7358,.T.);
#7356 = VERTEX_POINT('',#7357);
#7357 = CARTESIAN_POINT('',(11.43,8.3312,-8.9154));
#7358 = LINE('',#7359,#7360);
#7359 = CARTESIAN_POINT('',(11.43,7.493,-8.9154));
#7360 = VECTOR('',#7361,1.);
#7361 = DIRECTION('',(0.,1.,0.));
#7362 = ORIENTED_EDGE('',*,*,#7363,.T.);
#7363 = EDGE_CURVE('',#7356,#7332,#7364,.T.);
#7364 = LINE('',#7365,#7366);
#7365 = CARTESIAN_POINT('',(11.43,8.3312,-8.9154));
#7366 = VECTOR('',#7367,1.);
#7367 = DIRECTION('',(-1.,0.,0.));
#7368 = ORIENTED_EDGE('',*,*,#7331,.F.);
#7369 = PLANE('',#7370);
#7370 = AXIS2_PLACEMENT_3D('',#7371,#7372,#7373);
#7371 = CARTESIAN_POINT('',(11.43,7.493,-8.9154));
#7372 = DIRECTION('',(0.,0.,-1.));
#7373 = DIRECTION('',(-1.,0.,0.));
#7374 = ADVANCED_FACE('',(#7375),#7393,.T.);
#7375 = FACE_BOUND('',#7376,.F.);
#7376 = EDGE_LOOP('',(#7377,#7378,#7386,#7392));
#7377 = ORIENTED_EDGE('',*,*,#6857,.F.);
#7378 = ORIENTED_EDGE('',*,*,#7379,.T.);
#7379 = EDGE_CURVE('',#6850,#7380,#7382,.T.);
#7380 = VERTEX_POINT('',#7381);
#7381 = CARTESIAN_POINT('',(11.43,8.3312,-3.7846));
#7382 = LINE('',#7383,#7384);
#7383 = CARTESIAN_POINT('',(11.43,7.493,-3.7846));
#7384 = VECTOR('',#7385,1.);
#7385 = DIRECTION('',(0.,1.,0.));
#7386 = ORIENTED_EDGE('',*,*,#7387,.T.);
#7387 = EDGE_CURVE('',#7380,#7356,#7388,.T.);
#7388 = LINE('',#7389,#7390);
#7389 = CARTESIAN_POINT('',(11.43,8.3312,-3.7846));
#7390 = VECTOR('',#7391,1.);
#7391 = DIRECTION('',(0.,0.,-1.));
#7392 = ORIENTED_EDGE('',*,*,#7355,.F.);
#7393 = PLANE('',#7394);
#7394 = AXIS2_PLACEMENT_3D('',#7395,#7396,#7397);
#7395 = CARTESIAN_POINT('',(11.43,7.493,-3.7846));
#7396 = DIRECTION('',(1.,0.,0.));
#7397 = DIRECTION('',(0.,0.,-1.));
#7398 = ADVANCED_FACE('',(#7399),#7417,.T.);
#7399 = FACE_BOUND('',#7400,.F.);
#7400 = EDGE_LOOP('',(#7401,#7402,#7410,#7416));
#7401 = ORIENTED_EDGE('',*,*,#6849,.F.);
#7402 = ORIENTED_EDGE('',*,*,#7403,.T.);
#7403 = EDGE_CURVE('',#6842,#7404,#7406,.T.);
#7404 = VERTEX_POINT('',#7405);
#7405 = CARTESIAN_POINT('',(10.6299,8.3312,-3.7846));
#7406 = LINE('',#7407,#7408);
#7407 = CARTESIAN_POINT('',(10.6299,7.493,-3.7846));
#7408 = VECTOR('',#7409,1.);
#7409 = DIRECTION('',(0.,1.,0.));
#7410 = ORIENTED_EDGE('',*,*,#7411,.T.);
#7411 = EDGE_CURVE('',#7404,#7380,#7412,.T.);
#7412 = LINE('',#7413,#7414);
#7413 = CARTESIAN_POINT('',(10.6299,8.3312,-3.7846));
#7414 = VECTOR('',#7415,1.);
#7415 = DIRECTION('',(1.,0.,0.));
#7416 = ORIENTED_EDGE('',*,*,#7379,.F.);
#7417 = PLANE('',#7418);
#7418 = AXIS2_PLACEMENT_3D('',#7419,#7420,#7421);
#7419 = CARTESIAN_POINT('',(10.6299,7.493,-3.7846));
#7420 = DIRECTION('',(0.,0.,1.));
#7421 = DIRECTION('',(1.,0.,-0.));
#7422 = ADVANCED_FACE('',(#7423),#7441,.T.);
#7423 = FACE_BOUND('',#7424,.F.);
#7424 = EDGE_LOOP('',(#7425,#7426,#7434,#7440));
#7425 = ORIENTED_EDGE('',*,*,#6841,.F.);
#7426 = ORIENTED_EDGE('',*,*,#7427,.T.);
#7427 = EDGE_CURVE('',#6834,#7428,#7430,.T.);
#7428 = VERTEX_POINT('',#7429);
#7429 = CARTESIAN_POINT('',(10.6299,8.3312,-2.032));
#7430 = LINE('',#7431,#7432);
#7431 = CARTESIAN_POINT('',(10.6299,7.493,-2.032));
#7432 = VECTOR('',#7433,1.);
#7433 = DIRECTION('',(0.,1.,0.));
#7434 = ORIENTED_EDGE('',*,*,#7435,.T.);
#7435 = EDGE_CURVE('',#7428,#7404,#7436,.T.);
#7436 = LINE('',#7437,#7438);
#7437 = CARTESIAN_POINT('',(10.6299,8.3312,-2.032));
#7438 = VECTOR('',#7439,1.);
#7439 = DIRECTION('',(0.,0.,-1.));
#7440 = ORIENTED_EDGE('',*,*,#7403,.F.);
#7441 = PLANE('',#7442);
#7442 = AXIS2_PLACEMENT_3D('',#7443,#7444,#7445);
#7443 = CARTESIAN_POINT('',(10.6299,7.493,-2.032));
#7444 = DIRECTION('',(1.,0.,0.));
#7445 = DIRECTION('',(0.,0.,-1.));
#7446 = ADVANCED_FACE('',(#7447),#7465,.T.);
#7447 = FACE_BOUND('',#7448,.F.);
#7448 = EDGE_LOOP('',(#7449,#7450,#7458,#7464));
#7449 = ORIENTED_EDGE('',*,*,#6833,.F.);
#7450 = ORIENTED_EDGE('',*,*,#7451,.T.);
#7451 = EDGE_CURVE('',#6826,#7452,#7454,.T.);
#7452 = VERTEX_POINT('',#7453);
#7453 = CARTESIAN_POINT('',(5.8801,8.3312,-2.032));
#7454 = LINE('',#7455,#7456);
#7455 = CARTESIAN_POINT('',(5.8801,7.493,-2.032));
#7456 = VECTOR('',#7457,1.);
#7457 = DIRECTION('',(0.,1.,0.));
#7458 = ORIENTED_EDGE('',*,*,#7459,.T.);
#7459 = EDGE_CURVE('',#7452,#7428,#7460,.T.);
#7460 = LINE('',#7461,#7462);
#7461 = CARTESIAN_POINT('',(5.8801,8.3312,-2.032));
#7462 = VECTOR('',#7463,1.);
#7463 = DIRECTION('',(1.,0.,0.));
#7464 = ORIENTED_EDGE('',*,*,#7427,.F.);
#7465 = PLANE('',#7466);
#7466 = AXIS2_PLACEMENT_3D('',#7467,#7468,#7469);
#7467 = CARTESIAN_POINT('',(5.8801,7.493,-2.032));
#7468 = DIRECTION('',(0.,0.,1.));
#7469 = DIRECTION('',(1.,0.,-0.));
#7470 = ADVANCED_FACE('',(#7471),#7489,.T.);
#7471 = FACE_BOUND('',#7472,.F.);
#7472 = EDGE_LOOP('',(#7473,#7474,#7482,#7488));
#7473 = ORIENTED_EDGE('',*,*,#6825,.F.);
#7474 = ORIENTED_EDGE('',*,*,#7475,.T.);
#7475 = EDGE_CURVE('',#6818,#7476,#7478,.T.);
#7476 = VERTEX_POINT('',#7477);
#7477 = CARTESIAN_POINT('',(5.8801,8.3312,-3.7846));
#7478 = LINE('',#7479,#7480);
#7479 = CARTESIAN_POINT('',(5.8801,7.493,-3.7846));
#7480 = VECTOR('',#7481,1.);
#7481 = DIRECTION('',(0.,1.,0.));
#7482 = ORIENTED_EDGE('',*,*,#7483,.T.);
#7483 = EDGE_CURVE('',#7476,#7452,#7484,.T.);
#7484 = LINE('',#7485,#7486);
#7485 = CARTESIAN_POINT('',(5.8801,8.3312,-3.7846));
#7486 = VECTOR('',#7487,1.);
#7487 = DIRECTION('',(0.,0.,1.));
#7488 = ORIENTED_EDGE('',*,*,#7451,.F.);
#7489 = PLANE('',#7490);
#7490 = AXIS2_PLACEMENT_3D('',#7491,#7492,#7493);
#7491 = CARTESIAN_POINT('',(5.8801,7.493,-3.7846));
#7492 = DIRECTION('',(-1.,0.,0.));
#7493 = DIRECTION('',(0.,0.,1.));
#7494 = ADVANCED_FACE('',(#7495),#7506,.T.);
#7495 = FACE_BOUND('',#7496,.F.);
#7496 = EDGE_LOOP('',(#7497,#7498,#7499,#7505));
#7497 = ORIENTED_EDGE('',*,*,#6817,.F.);
#7498 = ORIENTED_EDGE('',*,*,#7244,.T.);
#7499 = ORIENTED_EDGE('',*,*,#7500,.T.);
#7500 = EDGE_CURVE('',#7237,#7476,#7501,.T.);
#7501 = LINE('',#7502,#7503);
#7502 = CARTESIAN_POINT('',(5.08,8.3312,-3.7846));
#7503 = VECTOR('',#7504,1.);
#7504 = DIRECTION('',(1.,0.,0.));
#7505 = ORIENTED_EDGE('',*,*,#7475,.F.);
#7506 = PLANE('',#7507);
#7507 = AXIS2_PLACEMENT_3D('',#7508,#7509,#7510);
#7508 = CARTESIAN_POINT('',(5.08,7.493,-3.7846));
#7509 = DIRECTION('',(0.,0.,1.));
#7510 = DIRECTION('',(1.,0.,-0.));
#7511 = ADVANCED_FACE('',(#7512,#7526),#7546,.T.);
#7512 = FACE_BOUND('',#7513,.F.);
#7513 = EDGE_LOOP('',(#7514,#7515,#7516,#7517,#7518,#7519,#7520,#7521,
    #7522,#7523,#7524,#7525));
#7514 = ORIENTED_EDGE('',*,*,#7236,.F.);
#7515 = ORIENTED_EDGE('',*,*,#7267,.F.);
#7516 = ORIENTED_EDGE('',*,*,#7291,.F.);
#7517 = ORIENTED_EDGE('',*,*,#7315,.F.);
#7518 = ORIENTED_EDGE('',*,*,#7339,.F.);
#7519 = ORIENTED_EDGE('',*,*,#7363,.F.);
#7520 = ORIENTED_EDGE('',*,*,#7387,.F.);
#7521 = ORIENTED_EDGE('',*,*,#7411,.F.);
#7522 = ORIENTED_EDGE('',*,*,#7435,.F.);
#7523 = ORIENTED_EDGE('',*,*,#7459,.F.);
#7524 = ORIENTED_EDGE('',*,*,#7483,.F.);
#7525 = ORIENTED_EDGE('',*,*,#7500,.F.);
#7526 = FACE_BOUND('',#7527,.F.);
#7527 = EDGE_LOOP('',(#7528,#7539));
#7528 = ORIENTED_EDGE('',*,*,#7529,.T.);
#7529 = EDGE_CURVE('',#7530,#7532,#7534,.T.);
#7530 = VERTEX_POINT('',#7531);
#7531 = CARTESIAN_POINT('',(8.255,8.3312,-4.64566));
#7532 = VERTEX_POINT('',#7533);
#7533 = CARTESIAN_POINT('',(8.255,8.3312,-8.05434));
#7534 = CIRCLE('',#7535,1.70434);
#7535 = AXIS2_PLACEMENT_3D('',#7536,#7537,#7538);
#7536 = CARTESIAN_POINT('',(8.255,8.3312,-6.35));
#7537 = DIRECTION('',(0.,1.,0.));
#7538 = DIRECTION('',(0.,-0.,1.));
#7539 = ORIENTED_EDGE('',*,*,#7540,.T.);
#7540 = EDGE_CURVE('',#7532,#7530,#7541,.T.);
#7541 = CIRCLE('',#7542,1.70434);
#7542 = AXIS2_PLACEMENT_3D('',#7543,#7544,#7545);
#7543 = CARTESIAN_POINT('',(8.255,8.3312,-6.35));
#7544 = DIRECTION('',(0.,1.,0.));
#7545 = DIRECTION('',(0.,0.,-1.));
#7546 = PLANE('',#7547);
#7547 = AXIS2_PLACEMENT_3D('',#7548,#7549,#7550);
#7548 = CARTESIAN_POINT('',(21.463,8.3312,0.));
#7549 = DIRECTION('',(0.,1.,0.));
#7550 = DIRECTION('',(1.,0.,0.));
#7551 = ADVANCED_FACE('',(#7552),#7578,.T.);
#7552 = FACE_BOUND('',#7553,.T.);
#7553 = EDGE_LOOP('',(#7554,#7562,#7563,#7571));
#7554 = ORIENTED_EDGE('',*,*,#7555,.F.);
#7555 = EDGE_CURVE('',#7530,#7556,#7558,.T.);
#7556 = VERTEX_POINT('',#7557);
#7557 = CARTESIAN_POINT('',(8.255,10.3632,-4.64566));
#7558 = LINE('',#7559,#7560);
#7559 = CARTESIAN_POINT('',(8.255,8.3312,-4.64566));
#7560 = VECTOR('',#7561,1.);
#7561 = DIRECTION('',(0.,1.,0.));
#7562 = ORIENTED_EDGE('',*,*,#7529,.T.);
#7563 = ORIENTED_EDGE('',*,*,#7564,.T.);
#7564 = EDGE_CURVE('',#7532,#7565,#7567,.T.);
#7565 = VERTEX_POINT('',#7566);
#7566 = CARTESIAN_POINT('',(8.255,10.3632,-8.05434));
#7567 = LINE('',#7568,#7569);
#7568 = CARTESIAN_POINT('',(8.255,8.3312,-8.05434));
#7569 = VECTOR('',#7570,1.);
#7570 = DIRECTION('',(0.,1.,0.));
#7571 = ORIENTED_EDGE('',*,*,#7572,.F.);
#7572 = EDGE_CURVE('',#7556,#7565,#7573,.T.);
#7573 = CIRCLE('',#7574,1.70434);
#7574 = AXIS2_PLACEMENT_3D('',#7575,#7576,#7577);
#7575 = CARTESIAN_POINT('',(8.255,10.3632,-6.35));
#7576 = DIRECTION('',(0.,1.,0.));
#7577 = DIRECTION('',(0.,-0.,1.));
#7578 = CYLINDRICAL_SURFACE('',#7579,1.70434);
#7579 = AXIS2_PLACEMENT_3D('',#7580,#7581,#7582);
#7580 = CARTESIAN_POINT('',(8.255,3.89001,-6.35));
#7581 = DIRECTION('',(0.,1.,0.));
#7582 = DIRECTION('',(0.,-0.,1.));
#7583 = ADVANCED_FACE('',(#7584,#7618),#7628,.F.);
#7584 = FACE_BOUND('',#7585,.F.);
#7585 = EDGE_LOOP('',(#7586,#7596,#7604,#7612));
#7586 = ORIENTED_EDGE('',*,*,#7587,.T.);
#7587 = EDGE_CURVE('',#7588,#7590,#7592,.T.);
#7588 = VERTEX_POINT('',#7589);
#7589 = CARTESIAN_POINT('',(5.0419,10.3632,-9.5631));
#7590 = VERTEX_POINT('',#7591);
#7591 = CARTESIAN_POINT('',(5.0419,10.3632,-3.1369));
#7592 = LINE('',#7593,#7594);
#7593 = CARTESIAN_POINT('',(5.0419,10.3632,-9.5631));
#7594 = VECTOR('',#7595,1.);
#7595 = DIRECTION('',(0.,0.,1.));
#7596 = ORIENTED_EDGE('',*,*,#7597,.T.);
#7597 = EDGE_CURVE('',#7590,#7598,#7600,.T.);
#7598 = VERTEX_POINT('',#7599);
#7599 = CARTESIAN_POINT('',(11.4681,10.3632,-3.1369));
#7600 = LINE('',#7601,#7602);
#7601 = CARTESIAN_POINT('',(5.0419,10.3632,-3.1369));
#7602 = VECTOR('',#7603,1.);
#7603 = DIRECTION('',(1.,0.,0.));
#7604 = ORIENTED_EDGE('',*,*,#7605,.T.);
#7605 = EDGE_CURVE('',#7598,#7606,#7608,.T.);
#7606 = VERTEX_POINT('',#7607);
#7607 = CARTESIAN_POINT('',(11.4681,10.3632,-9.5631));
#7608 = LINE('',#7609,#7610);
#7609 = CARTESIAN_POINT('',(11.4681,10.3632,-3.1369));
#7610 = VECTOR('',#7611,1.);
#7611 = DIRECTION('',(0.,0.,-1.));
#7612 = ORIENTED_EDGE('',*,*,#7613,.T.);
#7613 = EDGE_CURVE('',#7606,#7588,#7614,.T.);
#7614 = LINE('',#7615,#7616);
#7615 = CARTESIAN_POINT('',(11.4681,10.3632,-9.5631));
#7616 = VECTOR('',#7617,1.);
#7617 = DIRECTION('',(-1.,0.,0.));
#7618 = FACE_BOUND('',#7619,.F.);
#7619 = EDGE_LOOP('',(#7620,#7621));
#7620 = ORIENTED_EDGE('',*,*,#7572,.F.);
#7621 = ORIENTED_EDGE('',*,*,#7622,.F.);
#7622 = EDGE_CURVE('',#7565,#7556,#7623,.T.);
#7623 = CIRCLE('',#7624,1.70434);
#7624 = AXIS2_PLACEMENT_3D('',#7625,#7626,#7627);
#7625 = CARTESIAN_POINT('',(8.255,10.3632,-6.35));
#7626 = DIRECTION('',(0.,1.,0.));
#7627 = DIRECTION('',(0.,0.,-1.));
#7628 = PLANE('',#7629);
#7629 = AXIS2_PLACEMENT_3D('',#7630,#7631,#7632);
#7630 = CARTESIAN_POINT('',(21.463,10.3632,0.));
#7631 = DIRECTION('',(0.,1.,0.));
#7632 = DIRECTION('',(1.,0.,0.));
#7633 = ADVANCED_FACE('',(#7634),#7675,.T.);
#7634 = FACE_BOUND('',#7635,.F.);
#7635 = EDGE_LOOP('',(#7636,#7646,#7654,#7660,#7661,#7669));
#7636 = ORIENTED_EDGE('',*,*,#7637,.T.);
#7637 = EDGE_CURVE('',#7638,#7640,#7642,.T.);
#7638 = VERTEX_POINT('',#7639);
#7639 = CARTESIAN_POINT('',(5.0419,12.1412,-7.2622808778));
#7640 = VERTEX_POINT('',#7641);
#7641 = CARTESIAN_POINT('',(5.0419,12.1412,-5.4377191222));
#7642 = LINE('',#7643,#7644);
#7643 = CARTESIAN_POINT('',(5.0419,12.1412,-7.2622808778));
#7644 = VECTOR('',#7645,1.);
#7645 = DIRECTION('',(0.,0.,1.));
#7646 = ORIENTED_EDGE('',*,*,#7647,.T.);
#7647 = EDGE_CURVE('',#7640,#7648,#7650,.T.);
#7648 = VERTEX_POINT('',#7649);
#7649 = CARTESIAN_POINT('',(5.0419,12.1412,-3.1369));
#7650 = LINE('',#7651,#7652);
#7651 = CARTESIAN_POINT('',(5.0419,12.1412,-5.4377191222));
#7652 = VECTOR('',#7653,1.);
#7653 = DIRECTION('',(0.,0.,1.));
#7654 = ORIENTED_EDGE('',*,*,#7655,.T.);
#7655 = EDGE_CURVE('',#7648,#7590,#7656,.T.);
#7656 = LINE('',#7657,#7658);
#7657 = CARTESIAN_POINT('',(5.0419,12.1412,-3.1369));
#7658 = VECTOR('',#7659,1.);
#7659 = DIRECTION('',(0.,-1.,0.));
#7660 = ORIENTED_EDGE('',*,*,#7587,.F.);
#7661 = ORIENTED_EDGE('',*,*,#7662,.F.);
#7662 = EDGE_CURVE('',#7663,#7588,#7665,.T.);
#7663 = VERTEX_POINT('',#7664);
#7664 = CARTESIAN_POINT('',(5.0419,12.1412,-9.5631));
#7665 = LINE('',#7666,#7667);
#7666 = CARTESIAN_POINT('',(5.0419,12.1412,-9.5631));
#7667 = VECTOR('',#7668,1.);
#7668 = DIRECTION('',(0.,-1.,0.));
#7669 = ORIENTED_EDGE('',*,*,#7670,.T.);
#7670 = EDGE_CURVE('',#7663,#7638,#7671,.T.);
#7671 = LINE('',#7672,#7673);
#7672 = CARTESIAN_POINT('',(5.0419,12.1412,-9.5631));
#7673 = VECTOR('',#7674,1.);
#7674 = DIRECTION('',(0.,0.,1.));
#7675 = PLANE('',#7676);
#7676 = AXIS2_PLACEMENT_3D('',#7677,#7678,#7679);
#7677 = CARTESIAN_POINT('',(5.0419,12.1412,-9.5631));
#7678 = DIRECTION('',(-1.,0.,0.));
#7679 = DIRECTION('',(0.,0.,1.));
#7680 = ADVANCED_FACE('',(#7681),#7691,.F.);
#7681 = FACE_BOUND('',#7682,.F.);
#7682 = EDGE_LOOP('',(#7683,#7684));
#7683 = ORIENTED_EDGE('',*,*,#7637,.F.);
#7684 = ORIENTED_EDGE('',*,*,#7685,.F.);
#7685 = EDGE_CURVE('',#7640,#7638,#7686,.T.);
#7686 = CIRCLE('',#7687,3.3401);
#7687 = AXIS2_PLACEMENT_3D('',#7688,#7689,#7690);
#7688 = CARTESIAN_POINT('',(8.255,12.1412,-6.35));
#7689 = DIRECTION('',(0.,-1.,0.));
#7690 = DIRECTION('',(-0.961977186312,0.,0.273129809826));
#7691 = PLANE('',#7692);
#7692 = AXIS2_PLACEMENT_3D('',#7693,#7694,#7695);
#7693 = CARTESIAN_POINT('',(8.255,12.1412,-6.35));
#7694 = DIRECTION('',(0.,1.,0.));
#7695 = DIRECTION('',(0.,-0.,1.));
#7696 = ADVANCED_FACE('',(#7697),#7725,.F.);
#7697 = FACE_BOUND('',#7698,.F.);
#7698 = EDGE_LOOP('',(#7699,#7709,#7718));
#7699 = ORIENTED_EDGE('',*,*,#7700,.F.);
#7700 = EDGE_CURVE('',#7701,#7703,#7705,.T.);
#7701 = VERTEX_POINT('',#7702);
#7702 = CARTESIAN_POINT('',(7.3427191222,12.1412,-3.1369));
#7703 = VERTEX_POINT('',#7704);
#7704 = CARTESIAN_POINT('',(9.1672808778,12.1412,-3.1369));
#7705 = LINE('',#7706,#7707);
#7706 = CARTESIAN_POINT('',(7.3427191222,12.1412,-3.1369));
#7707 = VECTOR('',#7708,1.);
#7708 = DIRECTION('',(1.,0.,0.));
#7709 = ORIENTED_EDGE('',*,*,#7710,.F.);
#7710 = EDGE_CURVE('',#7711,#7701,#7713,.T.);
#7711 = VERTEX_POINT('',#7712);
#7712 = CARTESIAN_POINT('',(8.255,12.1412,-3.0099));
#7713 = CIRCLE('',#7714,3.3401);
#7714 = AXIS2_PLACEMENT_3D('',#7715,#7716,#7717);
#7715 = CARTESIAN_POINT('',(8.255,12.1412,-6.35));
#7716 = DIRECTION('',(0.,-1.,0.));
#7717 = DIRECTION('',(0.,0.,1.));
#7718 = ORIENTED_EDGE('',*,*,#7719,.T.);
#7719 = EDGE_CURVE('',#7711,#7703,#7720,.T.);
#7720 = CIRCLE('',#7721,3.3401);
#7721 = AXIS2_PLACEMENT_3D('',#7722,#7723,#7724);
#7722 = CARTESIAN_POINT('',(8.255,12.1412,-6.35));
#7723 = DIRECTION('',(0.,1.,0.));
#7724 = DIRECTION('',(0.,-0.,1.));
#7725 = PLANE('',#7726);
#7726 = AXIS2_PLACEMENT_3D('',#7727,#7728,#7729);
#7727 = CARTESIAN_POINT('',(8.255,12.1412,-6.35));
#7728 = DIRECTION('',(0.,1.,0.));
#7729 = DIRECTION('',(0.,-0.,1.));
#7730 = ADVANCED_FACE('',(#7731),#7750,.F.);
#7731 = FACE_BOUND('',#7732,.F.);
#7732 = EDGE_LOOP('',(#7733,#7743));
#7733 = ORIENTED_EDGE('',*,*,#7734,.F.);
#7734 = EDGE_CURVE('',#7735,#7737,#7739,.T.);
#7735 = VERTEX_POINT('',#7736);
#7736 = CARTESIAN_POINT('',(11.4681,12.1412,-5.4377191222));
#7737 = VERTEX_POINT('',#7738);
#7738 = CARTESIAN_POINT('',(11.4681,12.1412,-7.2622808778));
#7739 = LINE('',#7740,#7741);
#7740 = CARTESIAN_POINT('',(11.4681,12.1412,-5.4377191222));
#7741 = VECTOR('',#7742,1.);
#7742 = DIRECTION('',(0.,0.,-1.));
#7743 = ORIENTED_EDGE('',*,*,#7744,.T.);
#7744 = EDGE_CURVE('',#7735,#7737,#7745,.T.);
#7745 = CIRCLE('',#7746,3.3401);
#7746 = AXIS2_PLACEMENT_3D('',#7747,#7748,#7749);
#7747 = CARTESIAN_POINT('',(8.255,12.1412,-6.35));
#7748 = DIRECTION('',(0.,1.,0.));
#7749 = DIRECTION('',(0.961977186312,-0.,0.273129809826));
#7750 = PLANE('',#7751);
#7751 = AXIS2_PLACEMENT_3D('',#7752,#7753,#7754);
#7752 = CARTESIAN_POINT('',(8.255,12.1412,-6.35));
#7753 = DIRECTION('',(0.,1.,0.));
#7754 = DIRECTION('',(0.,-0.,1.));
#7755 = ADVANCED_FACE('',(#7756),#7784,.F.);
#7756 = FACE_BOUND('',#7757,.F.);
#7757 = EDGE_LOOP('',(#7758,#7768,#7777));
#7758 = ORIENTED_EDGE('',*,*,#7759,.F.);
#7759 = EDGE_CURVE('',#7760,#7762,#7764,.T.);
#7760 = VERTEX_POINT('',#7761);
#7761 = CARTESIAN_POINT('',(9.1672808778,12.1412,-9.5631));
#7762 = VERTEX_POINT('',#7763);
#7763 = CARTESIAN_POINT('',(7.3427191222,12.1412,-9.5631));
#7764 = LINE('',#7765,#7766);
#7765 = CARTESIAN_POINT('',(9.1672808778,12.1412,-9.5631));
#7766 = VECTOR('',#7767,1.);
#7767 = DIRECTION('',(-1.,0.,0.));
#7768 = ORIENTED_EDGE('',*,*,#7769,.T.);
#7769 = EDGE_CURVE('',#7760,#7770,#7772,.T.);
#7770 = VERTEX_POINT('',#7771);
#7771 = CARTESIAN_POINT('',(8.255,12.1412,-9.6901));
#7772 = CIRCLE('',#7773,3.3401);
#7773 = AXIS2_PLACEMENT_3D('',#7774,#7775,#7776);
#7774 = CARTESIAN_POINT('',(8.255,12.1412,-6.35));
#7775 = DIRECTION('',(0.,1.,0.));
#7776 = DIRECTION('',(0.273129809826,0.,-0.961977186312));
#7777 = ORIENTED_EDGE('',*,*,#7778,.F.);
#7778 = EDGE_CURVE('',#7762,#7770,#7779,.T.);
#7779 = CIRCLE('',#7780,3.3401);
#7780 = AXIS2_PLACEMENT_3D('',#7781,#7782,#7783);
#7781 = CARTESIAN_POINT('',(8.255,12.1412,-6.35));
#7782 = DIRECTION('',(0.,-1.,0.));
#7783 = DIRECTION('',(-0.273129809826,-0.,-0.961977186312));
#7784 = PLANE('',#7785);
#7785 = AXIS2_PLACEMENT_3D('',#7786,#7787,#7788);
#7786 = CARTESIAN_POINT('',(8.255,12.1412,-6.35));
#7787 = DIRECTION('',(0.,1.,0.));
#7788 = DIRECTION('',(0.,-0.,1.));
#7789 = ADVANCED_FACE('',(#7790),#7832,.T.);
#7790 = FACE_BOUND('',#7791,.T.);
#7791 = EDGE_LOOP('',(#7792,#7793,#7800,#7801,#7809,#7818,#7824,#7825));
#7792 = ORIENTED_EDGE('',*,*,#7685,.F.);
#7793 = ORIENTED_EDGE('',*,*,#7794,.T.);
#7794 = EDGE_CURVE('',#7640,#7701,#7795,.T.);
#7795 = CIRCLE('',#7796,3.3401);
#7796 = AXIS2_PLACEMENT_3D('',#7797,#7798,#7799);
#7797 = CARTESIAN_POINT('',(8.255,12.1412,-6.35));
#7798 = DIRECTION('',(0.,1.,0.));
#7799 = DIRECTION('',(-0.961977186312,0.,0.273129809826));
#7800 = ORIENTED_EDGE('',*,*,#7710,.F.);
#7801 = ORIENTED_EDGE('',*,*,#7802,.T.);
#7802 = EDGE_CURVE('',#7711,#7803,#7805,.T.);
#7803 = VERTEX_POINT('',#7804);
#7804 = CARTESIAN_POINT('',(8.255,13.6652,-3.0099));
#7805 = LINE('',#7806,#7807);
#7806 = CARTESIAN_POINT('',(8.255,12.1412,-3.0099));
#7807 = VECTOR('',#7808,1.);
#7808 = DIRECTION('',(0.,1.,0.));
#7809 = ORIENTED_EDGE('',*,*,#7810,.T.);
#7810 = EDGE_CURVE('',#7803,#7811,#7813,.T.);
#7811 = VERTEX_POINT('',#7812);
#7812 = CARTESIAN_POINT('',(8.255,13.6652,-9.6901));
#7813 = CIRCLE('',#7814,3.3401);
#7814 = AXIS2_PLACEMENT_3D('',#7815,#7816,#7817);
#7815 = CARTESIAN_POINT('',(8.255,13.6652,-6.35));
#7816 = DIRECTION('',(0.,-1.,0.));
#7817 = DIRECTION('',(0.,0.,1.));
#7818 = ORIENTED_EDGE('',*,*,#7819,.F.);
#7819 = EDGE_CURVE('',#7770,#7811,#7820,.T.);
#7820 = LINE('',#7821,#7822);
#7821 = CARTESIAN_POINT('',(8.255,12.1412,-9.6901));
#7822 = VECTOR('',#7823,1.);
#7823 = DIRECTION('',(0.,1.,0.));
#7824 = ORIENTED_EDGE('',*,*,#7778,.F.);
#7825 = ORIENTED_EDGE('',*,*,#7826,.T.);
#7826 = EDGE_CURVE('',#7762,#7638,#7827,.T.);
#7827 = CIRCLE('',#7828,3.3401);
#7828 = AXIS2_PLACEMENT_3D('',#7829,#7830,#7831);
#7829 = CARTESIAN_POINT('',(8.255,12.1412,-6.35));
#7830 = DIRECTION('',(0.,1.,0.));
#7831 = DIRECTION('',(-0.273129809826,0.,-0.961977186312));
#7832 = CYLINDRICAL_SURFACE('',#7833,3.3401);
#7833 = AXIS2_PLACEMENT_3D('',#7834,#7835,#7836);
#7834 = CARTESIAN_POINT('',(8.255,3.89001,-6.35));
#7835 = DIRECTION('',(0.,1.,0.));
#7836 = DIRECTION('',(0.,-0.,1.));
#7837 = ADVANCED_FACE('',(#7838),#7861,.T.);
#7838 = FACE_BOUND('',#7839,.F.);
#7839 = EDGE_LOOP('',(#7840,#7847,#7855));
#7840 = ORIENTED_EDGE('',*,*,#7841,.T.);
#7841 = EDGE_CURVE('',#7703,#7735,#7842,.T.);
#7842 = CIRCLE('',#7843,3.3401);
#7843 = AXIS2_PLACEMENT_3D('',#7844,#7845,#7846);
#7844 = CARTESIAN_POINT('',(8.255,12.1412,-6.35));
#7845 = DIRECTION('',(0.,1.,0.));
#7846 = DIRECTION('',(0.273129809826,-0.,0.961977186312));
#7847 = ORIENTED_EDGE('',*,*,#7848,.F.);
#7848 = EDGE_CURVE('',#7849,#7735,#7851,.T.);
#7849 = VERTEX_POINT('',#7850);
#7850 = CARTESIAN_POINT('',(11.4681,12.1412,-3.1369));
#7851 = LINE('',#7852,#7853);
#7852 = CARTESIAN_POINT('',(11.4681,12.1412,-3.1369));
#7853 = VECTOR('',#7854,1.);
#7854 = DIRECTION('',(0.,0.,-1.));
#7855 = ORIENTED_EDGE('',*,*,#7856,.F.);
#7856 = EDGE_CURVE('',#7703,#7849,#7857,.T.);
#7857 = LINE('',#7858,#7859);
#7858 = CARTESIAN_POINT('',(9.1672808778,12.1412,-3.1369));
#7859 = VECTOR('',#7860,1.);
#7860 = DIRECTION('',(1.,0.,0.));
#7861 = PLANE('',#7862);
#7862 = AXIS2_PLACEMENT_3D('',#7863,#7864,#7865);
#7863 = CARTESIAN_POINT('',(8.255,12.1412,-6.35));
#7864 = DIRECTION('',(0.,1.,0.));
#7865 = DIRECTION('',(0.,-0.,1.));
#7866 = ADVANCED_FACE('',(#7867),#7890,.T.);
#7867 = FACE_BOUND('',#7868,.F.);
#7868 = EDGE_LOOP('',(#7869,#7876,#7884));
#7869 = ORIENTED_EDGE('',*,*,#7870,.T.);
#7870 = EDGE_CURVE('',#7737,#7760,#7871,.T.);
#7871 = CIRCLE('',#7872,3.3401);
#7872 = AXIS2_PLACEMENT_3D('',#7873,#7874,#7875);
#7873 = CARTESIAN_POINT('',(8.255,12.1412,-6.35));
#7874 = DIRECTION('',(0.,1.,0.));
#7875 = DIRECTION('',(0.961977186312,0.,-0.273129809826));
#7876 = ORIENTED_EDGE('',*,*,#7877,.F.);
#7877 = EDGE_CURVE('',#7878,#7760,#7880,.T.);
#7878 = VERTEX_POINT('',#7879);
#7879 = CARTESIAN_POINT('',(11.4681,12.1412,-9.5631));
#7880 = LINE('',#7881,#7882);
#7881 = CARTESIAN_POINT('',(11.4681,12.1412,-9.5631));
#7882 = VECTOR('',#7883,1.);
#7883 = DIRECTION('',(-1.,0.,0.));
#7884 = ORIENTED_EDGE('',*,*,#7885,.F.);
#7885 = EDGE_CURVE('',#7737,#7878,#7886,.T.);
#7886 = LINE('',#7887,#7888);
#7887 = CARTESIAN_POINT('',(11.4681,12.1412,-7.2622808778));
#7888 = VECTOR('',#7889,1.);
#7889 = DIRECTION('',(0.,0.,-1.));
#7890 = PLANE('',#7891);
#7891 = AXIS2_PLACEMENT_3D('',#7892,#7893,#7894);
#7892 = CARTESIAN_POINT('',(8.255,12.1412,-6.35));
#7893 = DIRECTION('',(0.,1.,0.));
#7894 = DIRECTION('',(0.,-0.,1.));
#7895 = ADVANCED_FACE('',(#7896),#7906,.T.);
#7896 = FACE_BOUND('',#7897,.F.);
#7897 = EDGE_LOOP('',(#7898,#7899,#7900));
#7898 = ORIENTED_EDGE('',*,*,#7826,.T.);
#7899 = ORIENTED_EDGE('',*,*,#7670,.F.);
#7900 = ORIENTED_EDGE('',*,*,#7901,.F.);
#7901 = EDGE_CURVE('',#7762,#7663,#7902,.T.);
#7902 = LINE('',#7903,#7904);
#7903 = CARTESIAN_POINT('',(7.3427191222,12.1412,-9.5631));
#7904 = VECTOR('',#7905,1.);
#7905 = DIRECTION('',(-1.,0.,0.));
#7906 = PLANE('',#7907);
#7907 = AXIS2_PLACEMENT_3D('',#7908,#7909,#7910);
#7908 = CARTESIAN_POINT('',(8.255,12.1412,-6.35));
#7909 = DIRECTION('',(0.,1.,0.));
#7910 = DIRECTION('',(0.,-0.,1.));
#7911 = ADVANCED_FACE('',(#7912),#7922,.T.);
#7912 = FACE_BOUND('',#7913,.F.);
#7913 = EDGE_LOOP('',(#7914,#7915,#7921));
#7914 = ORIENTED_EDGE('',*,*,#7794,.T.);
#7915 = ORIENTED_EDGE('',*,*,#7916,.F.);
#7916 = EDGE_CURVE('',#7648,#7701,#7917,.T.);
#7917 = LINE('',#7918,#7919);
#7918 = CARTESIAN_POINT('',(5.0419,12.1412,-3.1369));
#7919 = VECTOR('',#7920,1.);
#7920 = DIRECTION('',(1.,0.,0.));
#7921 = ORIENTED_EDGE('',*,*,#7647,.F.);
#7922 = PLANE('',#7923);
#7923 = AXIS2_PLACEMENT_3D('',#7924,#7925,#7926);
#7924 = CARTESIAN_POINT('',(8.255,12.1412,-6.35));
#7925 = DIRECTION('',(0.,1.,0.));
#7926 = DIRECTION('',(0.,-0.,1.));
#7927 = ADVANCED_FACE('',(#7928),#7944,.T.);
#7928 = FACE_BOUND('',#7929,.T.);
#7929 = EDGE_LOOP('',(#7930,#7931,#7932,#7933,#7934,#7941,#7942,#7943));
#7930 = ORIENTED_EDGE('',*,*,#7744,.T.);
#7931 = ORIENTED_EDGE('',*,*,#7870,.T.);
#7932 = ORIENTED_EDGE('',*,*,#7769,.T.);
#7933 = ORIENTED_EDGE('',*,*,#7819,.T.);
#7934 = ORIENTED_EDGE('',*,*,#7935,.F.);
#7935 = EDGE_CURVE('',#7803,#7811,#7936,.T.);
#7936 = CIRCLE('',#7937,3.3401);
#7937 = AXIS2_PLACEMENT_3D('',#7938,#7939,#7940);
#7938 = CARTESIAN_POINT('',(8.255,13.6652,-6.35));
#7939 = DIRECTION('',(0.,1.,0.));
#7940 = DIRECTION('',(0.,-0.,1.));
#7941 = ORIENTED_EDGE('',*,*,#7802,.F.);
#7942 = ORIENTED_EDGE('',*,*,#7719,.T.);
#7943 = ORIENTED_EDGE('',*,*,#7841,.T.);
#7944 = CYLINDRICAL_SURFACE('',#7945,3.3401);
#7945 = AXIS2_PLACEMENT_3D('',#7946,#7947,#7948);
#7946 = CARTESIAN_POINT('',(8.255,3.89001,-6.35));
#7947 = DIRECTION('',(0.,1.,0.));
#7948 = DIRECTION('',(0.,-0.,1.));
#7949 = ADVANCED_FACE('',(#7950),#7969,.T.);
#7950 = FACE_BOUND('',#7951,.T.);
#7951 = EDGE_LOOP('',(#7952,#7953,#7962));
#7952 = ORIENTED_EDGE('',*,*,#7935,.T.);
#7953 = ORIENTED_EDGE('',*,*,#7954,.T.);
#7954 = EDGE_CURVE('',#7811,#7955,#7957,.T.);
#7955 = VERTEX_POINT('',#7956);
#7956 = CARTESIAN_POINT('',(8.255,14.478,-6.35));
#7957 = CIRCLE('',#7958,7.26926171875);
#7958 = AXIS2_PLACEMENT_3D('',#7959,#7960,#7961);
#7959 = CARTESIAN_POINT('',(8.255,7.20873828125,-6.35));
#7960 = DIRECTION('',(1.,0.,0.));
#7961 = DIRECTION('',(0.,0.888186719443,-0.459482699788));
#7962 = ORIENTED_EDGE('',*,*,#7963,.F.);
#7963 = EDGE_CURVE('',#7803,#7955,#7964,.T.);
#7964 = CIRCLE('',#7965,7.26926171875);
#7965 = AXIS2_PLACEMENT_3D('',#7966,#7967,#7968);
#7966 = CARTESIAN_POINT('',(8.255,7.20873828125,-6.35));
#7967 = DIRECTION('',(-1.,0.,0.));
#7968 = DIRECTION('',(0.,0.888186719443,0.459482699788));
#7969 = SPHERICAL_SURFACE('',#7970,7.26926171875);
#7970 = AXIS2_PLACEMENT_3D('',#7971,#7972,#7973);
#7971 = CARTESIAN_POINT('',(8.255,7.20873828125,-6.35));
#7972 = DIRECTION('',(0.,1.,0.));
#7973 = DIRECTION('',(0.,-0.,1.));
#7974 = ADVANCED_FACE('',(#7975),#7980,.T.);
#7975 = FACE_BOUND('',#7976,.T.);
#7976 = EDGE_LOOP('',(#7977,#7978,#7979));
#7977 = ORIENTED_EDGE('',*,*,#7954,.F.);
#7978 = ORIENTED_EDGE('',*,*,#7810,.F.);
#7979 = ORIENTED_EDGE('',*,*,#7963,.T.);
#7980 = SPHERICAL_SURFACE('',#7981,7.26926171875);
#7981 = AXIS2_PLACEMENT_3D('',#7982,#7983,#7984);
#7982 = CARTESIAN_POINT('',(8.255,7.20873828125,-6.35));
#7983 = DIRECTION('',(0.,1.,0.));
#7984 = DIRECTION('',(0.,-0.,1.));
#7985 = ADVANCED_FACE('',(#7986),#8004,.T.);
#7986 = FACE_BOUND('',#7987,.F.);
#7987 = EDGE_LOOP('',(#7988,#7989,#7990,#7996,#7997,#8003));
#7988 = ORIENTED_EDGE('',*,*,#7734,.T.);
#7989 = ORIENTED_EDGE('',*,*,#7885,.T.);
#7990 = ORIENTED_EDGE('',*,*,#7991,.T.);
#7991 = EDGE_CURVE('',#7878,#7606,#7992,.T.);
#7992 = LINE('',#7993,#7994);
#7993 = CARTESIAN_POINT('',(11.4681,12.1412,-9.5631));
#7994 = VECTOR('',#7995,1.);
#7995 = DIRECTION('',(0.,-1.,0.));
#7996 = ORIENTED_EDGE('',*,*,#7605,.F.);
#7997 = ORIENTED_EDGE('',*,*,#7998,.F.);
#7998 = EDGE_CURVE('',#7849,#7598,#7999,.T.);
#7999 = LINE('',#8000,#8001);
#8000 = CARTESIAN_POINT('',(11.4681,12.1412,-3.1369));
#8001 = VECTOR('',#8002,1.);
#8002 = DIRECTION('',(0.,-1.,0.));
#8003 = ORIENTED_EDGE('',*,*,#7848,.T.);
#8004 = PLANE('',#8005);
#8005 = AXIS2_PLACEMENT_3D('',#8006,#8007,#8008);
#8006 = CARTESIAN_POINT('',(11.4681,12.1412,-3.1369));
#8007 = DIRECTION('',(1.,0.,0.));
#8008 = DIRECTION('',(0.,0.,-1.));
#8009 = ADVANCED_FACE('',(#8010),#8018,.T.);
#8010 = FACE_BOUND('',#8011,.F.);
#8011 = EDGE_LOOP('',(#8012,#8013,#8014,#8015,#8016,#8017));
#8012 = ORIENTED_EDGE('',*,*,#7759,.T.);
#8013 = ORIENTED_EDGE('',*,*,#7901,.T.);
#8014 = ORIENTED_EDGE('',*,*,#7662,.T.);
#8015 = ORIENTED_EDGE('',*,*,#7613,.F.);
#8016 = ORIENTED_EDGE('',*,*,#7991,.F.);
#8017 = ORIENTED_EDGE('',*,*,#7877,.T.);
#8018 = PLANE('',#8019);
#8019 = AXIS2_PLACEMENT_3D('',#8020,#8021,#8022);
#8020 = CARTESIAN_POINT('',(11.4681,12.1412,-9.5631));
#8021 = DIRECTION('',(0.,0.,-1.));
#8022 = DIRECTION('',(-1.,0.,0.));
#8023 = ADVANCED_FACE('',(#8024),#8032,.T.);
#8024 = FACE_BOUND('',#8025,.F.);
#8025 = EDGE_LOOP('',(#8026,#8027,#8028,#8029,#8030,#8031));
#8026 = ORIENTED_EDGE('',*,*,#7700,.T.);
#8027 = ORIENTED_EDGE('',*,*,#7856,.T.);
#8028 = ORIENTED_EDGE('',*,*,#7998,.T.);
#8029 = ORIENTED_EDGE('',*,*,#7597,.F.);
#8030 = ORIENTED_EDGE('',*,*,#7655,.F.);
#8031 = ORIENTED_EDGE('',*,*,#7916,.T.);
#8032 = PLANE('',#8033);
#8033 = AXIS2_PLACEMENT_3D('',#8034,#8035,#8036);
#8034 = CARTESIAN_POINT('',(5.0419,12.1412,-3.1369));
#8035 = DIRECTION('',(0.,0.,1.));
#8036 = DIRECTION('',(1.,0.,-0.));
#8037 = ADVANCED_FACE('',(#8038),#8044,.T.);
#8038 = FACE_BOUND('',#8039,.T.);
#8039 = EDGE_LOOP('',(#8040,#8041,#8042,#8043));
#8040 = ORIENTED_EDGE('',*,*,#7564,.F.);
#8041 = ORIENTED_EDGE('',*,*,#7540,.T.);
#8042 = ORIENTED_EDGE('',*,*,#7555,.T.);
#8043 = ORIENTED_EDGE('',*,*,#7622,.F.);
#8044 = CYLINDRICAL_SURFACE('',#8045,1.70434);
#8045 = AXIS2_PLACEMENT_3D('',#8046,#8047,#8048);
#8046 = CARTESIAN_POINT('',(8.255,3.89001,-6.35));
#8047 = DIRECTION('',(0.,1.,0.));
#8048 = DIRECTION('',(0.,-0.,1.));
#8049 = ADVANCED_FACE('',(#8050),#8075,.F.);
#8050 = FACE_BOUND('',#8051,.F.);
#8051 = EDGE_LOOP('',(#8052,#8053,#8061,#8069));
#8052 = ORIENTED_EDGE('',*,*,#2364,.T.);
#8053 = ORIENTED_EDGE('',*,*,#8054,.T.);
#8054 = EDGE_CURVE('',#2367,#8055,#8057,.T.);
#8055 = VERTEX_POINT('',#8056);
#8056 = CARTESIAN_POINT('',(12.8397,7.493,-4.81965));
#8057 = LINE('',#8058,#8059);
#8058 = CARTESIAN_POINT('',(12.8397,13.462,-4.81965));
#8059 = VECTOR('',#8060,1.);
#8060 = DIRECTION('',(0.,-1.,0.));
#8061 = ORIENTED_EDGE('',*,*,#8062,.F.);
#8062 = EDGE_CURVE('',#8063,#8055,#8065,.T.);
#8063 = VERTEX_POINT('',#8064);
#8064 = CARTESIAN_POINT('',(13.1445,7.493,-4.51485));
#8065 = LINE('',#8066,#8067);
#8066 = CARTESIAN_POINT('',(13.1445,7.493,-4.51485));
#8067 = VECTOR('',#8068,1.);
#8068 = DIRECTION('',(-0.707106781187,0.,-0.707106781187));
#8069 = ORIENTED_EDGE('',*,*,#8070,.F.);
#8070 = EDGE_CURVE('',#2365,#8063,#8071,.T.);
#8071 = LINE('',#8072,#8073);
#8072 = CARTESIAN_POINT('',(13.1445,13.462,-4.51485));
#8073 = VECTOR('',#8074,1.);
#8074 = DIRECTION('',(0.,-1.,0.));
#8075 = PLANE('',#8076);
#8076 = AXIS2_PLACEMENT_3D('',#8077,#8078,#8079);
#8077 = CARTESIAN_POINT('',(13.1445,13.462,-4.51485));
#8078 = DIRECTION('',(-0.707106781187,0.,0.707106781187));
#8079 = DIRECTION('',(-0.707106781187,0.,-0.707106781187));
#8080 = ADVANCED_FACE('',(#8081),#8099,.F.);
#8081 = FACE_BOUND('',#8082,.F.);
#8082 = EDGE_LOOP('',(#8083,#8084,#8092,#8098));
#8083 = ORIENTED_EDGE('',*,*,#2436,.T.);
#8084 = ORIENTED_EDGE('',*,*,#8085,.T.);
#8085 = EDGE_CURVE('',#2429,#8086,#8088,.T.);
#8086 = VERTEX_POINT('',#8087);
#8087 = CARTESIAN_POINT('',(12.8397,7.493,-7.88035));
#8088 = LINE('',#8089,#8090);
#8089 = CARTESIAN_POINT('',(12.8397,13.462,-7.88035));
#8090 = VECTOR('',#8091,1.);
#8091 = DIRECTION('',(0.,-1.,0.));
#8092 = ORIENTED_EDGE('',*,*,#8093,.F.);
#8093 = EDGE_CURVE('',#8055,#8086,#8094,.T.);
#8094 = LINE('',#8095,#8096);
#8095 = CARTESIAN_POINT('',(12.8397,7.493,-4.81965));
#8096 = VECTOR('',#8097,1.);
#8097 = DIRECTION('',(0.,0.,-1.));
#8098 = ORIENTED_EDGE('',*,*,#8054,.F.);
#8099 = PLANE('',#8100);
#8100 = AXIS2_PLACEMENT_3D('',#8101,#8102,#8103);
#8101 = CARTESIAN_POINT('',(12.8397,13.462,-4.81965));
#8102 = DIRECTION('',(-1.,0.,0.));
#8103 = DIRECTION('',(0.,0.,-1.));
#8104 = ADVANCED_FACE('',(#8105),#8123,.F.);
#8105 = FACE_BOUND('',#8106,.F.);
#8106 = EDGE_LOOP('',(#8107,#8108,#8116,#8122));
#8107 = ORIENTED_EDGE('',*,*,#2428,.T.);
#8108 = ORIENTED_EDGE('',*,*,#8109,.T.);
#8109 = EDGE_CURVE('',#2421,#8110,#8112,.T.);
#8110 = VERTEX_POINT('',#8111);
#8111 = CARTESIAN_POINT('',(13.1445,7.493,-8.18515));
#8112 = LINE('',#8113,#8114);
#8113 = CARTESIAN_POINT('',(13.1445,13.462,-8.18515));
#8114 = VECTOR('',#8115,1.);
#8115 = DIRECTION('',(0.,-1.,0.));
#8116 = ORIENTED_EDGE('',*,*,#8117,.F.);
#8117 = EDGE_CURVE('',#8086,#8110,#8118,.T.);
#8118 = LINE('',#8119,#8120);
#8119 = CARTESIAN_POINT('',(12.8397,7.493,-7.88035));
#8120 = VECTOR('',#8121,1.);
#8121 = DIRECTION('',(0.707106781187,0.,-0.707106781186));
#8122 = ORIENTED_EDGE('',*,*,#8085,.F.);
#8123 = PLANE('',#8124);
#8124 = AXIS2_PLACEMENT_3D('',#8125,#8126,#8127);
#8125 = CARTESIAN_POINT('',(12.8397,13.462,-7.88035));
#8126 = DIRECTION('',(-0.707106781187,0.,-0.707106781187));
#8127 = DIRECTION('',(0.707106781187,0.,-0.707106781187));
#8128 = ADVANCED_FACE('',(#8129),#8149,.F.);
#8129 = FACE_BOUND('',#8130,.F.);
#8130 = EDGE_LOOP('',(#8131,#8132,#8140,#8146,#8147,#8148));
#8131 = ORIENTED_EDGE('',*,*,#8070,.T.);
#8132 = ORIENTED_EDGE('',*,*,#8133,.F.);
#8133 = EDGE_CURVE('',#8134,#8063,#8136,.T.);
#8134 = VERTEX_POINT('',#8135);
#8135 = CARTESIAN_POINT('',(13.1445,7.493,-0.81866605982));
#8136 = LINE('',#8137,#8138);
#8137 = CARTESIAN_POINT('',(13.1445,7.493,-0.81866605982));
#8138 = VECTOR('',#8139,1.);
#8139 = DIRECTION('',(0.,0.,-1.));
#8140 = ORIENTED_EDGE('',*,*,#8141,.F.);
#8141 = EDGE_CURVE('',#851,#8134,#8142,.T.);
#8142 = LINE('',#8143,#8144);
#8143 = CARTESIAN_POINT('',(13.1445,0.8255,0.));
#8144 = VECTOR('',#8145,1.);
#8145 = DIRECTION('',(0.,0.992546151641,-0.121869343405));
#8146 = ORIENTED_EDGE('',*,*,#848,.F.);
#8147 = ORIENTED_EDGE('',*,*,#1079,.T.);
#8148 = ORIENTED_EDGE('',*,*,#2374,.T.);
#8149 = PLANE('',#8150);
#8150 = AXIS2_PLACEMENT_3D('',#8151,#8152,#8153);
#8151 = CARTESIAN_POINT('',(13.1445,13.462,-1.6002));
#8152 = DIRECTION('',(-1.,0.,0.));
#8153 = DIRECTION('',(0.,0.,1.));
#8154 = ADVANCED_FACE('',(#8155),#8175,.F.);
#8155 = FACE_BOUND('',#8156,.F.);
#8156 = EDGE_LOOP('',(#8157,#8158,#8159,#8160,#8161,#8169));
#8157 = ORIENTED_EDGE('',*,*,#8109,.F.);
#8158 = ORIENTED_EDGE('',*,*,#2420,.T.);
#8159 = ORIENTED_EDGE('',*,*,#2042,.T.);
#8160 = ORIENTED_EDGE('',*,*,#1830,.T.);
#8161 = ORIENTED_EDGE('',*,*,#8162,.F.);
#8162 = EDGE_CURVE('',#8163,#1559,#8165,.T.);
#8163 = VERTEX_POINT('',#8164);
#8164 = CARTESIAN_POINT('',(13.1445,7.493,-11.88133394018));
#8165 = LINE('',#8166,#8167);
#8166 = CARTESIAN_POINT('',(13.1445,7.493,-11.88133394018));
#8167 = VECTOR('',#8168,1.);
#8168 = DIRECTION('',(0.,-0.992546151641,-0.121869343405));
#8169 = ORIENTED_EDGE('',*,*,#8170,.F.);
#8170 = EDGE_CURVE('',#8110,#8163,#8171,.T.);
#8171 = LINE('',#8172,#8173);
#8172 = CARTESIAN_POINT('',(13.1445,7.493,-8.18515));
#8173 = VECTOR('',#8174,1.);
#8174 = DIRECTION('',(0.,0.,-1.));
#8175 = PLANE('',#8176);
#8176 = AXIS2_PLACEMENT_3D('',#8177,#8178,#8179);
#8177 = CARTESIAN_POINT('',(13.1445,13.462,-1.6002));
#8178 = DIRECTION('',(-1.,0.,0.));
#8179 = DIRECTION('',(0.,0.,1.));
#8180 = ADVANCED_FACE('',(#8181,#8242),#8340,.F.);
#8181 = FACE_BOUND('',#8182,.F.);
#8182 = EDGE_LOOP('',(#8183,#8193,#8201,#8209,#8217,#8225,#8231,#8232,
    #8233,#8234,#8235,#8236));
#8183 = ORIENTED_EDGE('',*,*,#8184,.F.);
#8184 = EDGE_CURVE('',#8185,#8187,#8189,.T.);
#8185 = VERTEX_POINT('',#8186);
#8186 = CARTESIAN_POINT('',(19.8755,7.493,-8.18515));
#8187 = VERTEX_POINT('',#8188);
#8188 = CARTESIAN_POINT('',(19.8755,7.493,-11.88133394018));
#8189 = LINE('',#8190,#8191);
#8190 = CARTESIAN_POINT('',(19.8755,7.493,-8.18515));
#8191 = VECTOR('',#8192,1.);
#8192 = DIRECTION('',(0.,0.,-1.));
#8193 = ORIENTED_EDGE('',*,*,#8194,.T.);
#8194 = EDGE_CURVE('',#8185,#8195,#8197,.T.);
#8195 = VERTEX_POINT('',#8196);
#8196 = CARTESIAN_POINT('',(20.1803,7.493,-7.88035));
#8197 = LINE('',#8198,#8199);
#8198 = CARTESIAN_POINT('',(19.8755,7.493,-8.18515));
#8199 = VECTOR('',#8200,1.);
#8200 = DIRECTION('',(0.707106781187,0.,0.707106781186));
#8201 = ORIENTED_EDGE('',*,*,#8202,.T.);
#8202 = EDGE_CURVE('',#8195,#8203,#8205,.T.);
#8203 = VERTEX_POINT('',#8204);
#8204 = CARTESIAN_POINT('',(20.1803,7.493,-4.81965));
#8205 = LINE('',#8206,#8207);
#8206 = CARTESIAN_POINT('',(20.1803,7.493,-7.88035));
#8207 = VECTOR('',#8208,1.);
#8208 = DIRECTION('',(0.,0.,1.));
#8209 = ORIENTED_EDGE('',*,*,#8210,.T.);
#8210 = EDGE_CURVE('',#8203,#8211,#8213,.T.);
#8211 = VERTEX_POINT('',#8212);
#8212 = CARTESIAN_POINT('',(19.8755,7.493,-4.51485));
#8213 = LINE('',#8214,#8215);
#8214 = CARTESIAN_POINT('',(20.1803,7.493,-4.81965));
#8215 = VECTOR('',#8216,1.);
#8216 = DIRECTION('',(-0.707106781187,0.,0.707106781187));
#8217 = ORIENTED_EDGE('',*,*,#8218,.F.);
#8218 = EDGE_CURVE('',#8219,#8211,#8221,.T.);
#8219 = VERTEX_POINT('',#8220);
#8220 = CARTESIAN_POINT('',(19.8755,7.493,-0.81866605982));
#8221 = LINE('',#8222,#8223);
#8222 = CARTESIAN_POINT('',(19.8755,7.493,-0.81866605982));
#8223 = VECTOR('',#8224,1.);
#8224 = DIRECTION('',(0.,0.,-1.));
#8225 = ORIENTED_EDGE('',*,*,#8226,.T.);
#8226 = EDGE_CURVE('',#8219,#8134,#8227,.T.);
#8227 = LINE('',#8228,#8229);
#8228 = CARTESIAN_POINT('',(19.8755,7.493,-0.81866605982));
#8229 = VECTOR('',#8230,1.);
#8230 = DIRECTION('',(-1.,0.,0.));
#8231 = ORIENTED_EDGE('',*,*,#8133,.T.);
#8232 = ORIENTED_EDGE('',*,*,#8062,.T.);
#8233 = ORIENTED_EDGE('',*,*,#8093,.T.);
#8234 = ORIENTED_EDGE('',*,*,#8117,.T.);
#8235 = ORIENTED_EDGE('',*,*,#8170,.T.);
#8236 = ORIENTED_EDGE('',*,*,#8237,.F.);
#8237 = EDGE_CURVE('',#8187,#8163,#8238,.T.);
#8238 = LINE('',#8239,#8240);
#8239 = CARTESIAN_POINT('',(19.8755,7.493,-11.88133394018));
#8240 = VECTOR('',#8241,1.);
#8241 = DIRECTION('',(-1.,0.,0.));
#8242 = FACE_BOUND('',#8243,.F.);
#8243 = EDGE_LOOP('',(#8244,#8254,#8262,#8270,#8278,#8286,#8294,#8302,
    #8310,#8318,#8326,#8334));
#8244 = ORIENTED_EDGE('',*,*,#8245,.T.);
#8245 = EDGE_CURVE('',#8246,#8248,#8250,.T.);
#8246 = VERTEX_POINT('',#8247);
#8247 = CARTESIAN_POINT('',(13.335,7.493,-8.9154));
#8248 = VERTEX_POINT('',#8249);
#8249 = CARTESIAN_POINT('',(13.335,7.493,-3.7846));
#8250 = LINE('',#8251,#8252);
#8251 = CARTESIAN_POINT('',(13.335,7.493,-8.9154));
#8252 = VECTOR('',#8253,1.);
#8253 = DIRECTION('',(0.,0.,1.));
#8254 = ORIENTED_EDGE('',*,*,#8255,.T.);
#8255 = EDGE_CURVE('',#8248,#8256,#8258,.T.);
#8256 = VERTEX_POINT('',#8257);
#8257 = CARTESIAN_POINT('',(14.1351,7.493,-3.7846));
#8258 = LINE('',#8259,#8260);
#8259 = CARTESIAN_POINT('',(13.335,7.493,-3.7846));
#8260 = VECTOR('',#8261,1.);
#8261 = DIRECTION('',(1.,0.,0.));
#8262 = ORIENTED_EDGE('',*,*,#8263,.T.);
#8263 = EDGE_CURVE('',#8256,#8264,#8266,.T.);
#8264 = VERTEX_POINT('',#8265);
#8265 = CARTESIAN_POINT('',(14.1351,7.493,-2.032));
#8266 = LINE('',#8267,#8268);
#8267 = CARTESIAN_POINT('',(14.1351,7.493,-3.7846));
#8268 = VECTOR('',#8269,1.);
#8269 = DIRECTION('',(0.,0.,1.));
#8270 = ORIENTED_EDGE('',*,*,#8271,.T.);
#8271 = EDGE_CURVE('',#8264,#8272,#8274,.T.);
#8272 = VERTEX_POINT('',#8273);
#8273 = CARTESIAN_POINT('',(18.8849,7.493,-2.032));
#8274 = LINE('',#8275,#8276);
#8275 = CARTESIAN_POINT('',(14.1351,7.493,-2.032));
#8276 = VECTOR('',#8277,1.);
#8277 = DIRECTION('',(1.,0.,0.));
#8278 = ORIENTED_EDGE('',*,*,#8279,.T.);
#8279 = EDGE_CURVE('',#8272,#8280,#8282,.T.);
#8280 = VERTEX_POINT('',#8281);
#8281 = CARTESIAN_POINT('',(18.8849,7.493,-3.7846));
#8282 = LINE('',#8283,#8284);
#8283 = CARTESIAN_POINT('',(18.8849,7.493,-2.032));
#8284 = VECTOR('',#8285,1.);
#8285 = DIRECTION('',(0.,0.,-1.));
#8286 = ORIENTED_EDGE('',*,*,#8287,.T.);
#8287 = EDGE_CURVE('',#8280,#8288,#8290,.T.);
#8288 = VERTEX_POINT('',#8289);
#8289 = CARTESIAN_POINT('',(19.685,7.493,-3.7846));
#8290 = LINE('',#8291,#8292);
#8291 = CARTESIAN_POINT('',(18.8849,7.493,-3.7846));
#8292 = VECTOR('',#8293,1.);
#8293 = DIRECTION('',(1.,0.,0.));
#8294 = ORIENTED_EDGE('',*,*,#8295,.T.);
#8295 = EDGE_CURVE('',#8288,#8296,#8298,.T.);
#8296 = VERTEX_POINT('',#8297);
#8297 = CARTESIAN_POINT('',(19.685,7.493,-8.9154));
#8298 = LINE('',#8299,#8300);
#8299 = CARTESIAN_POINT('',(19.685,7.493,-3.7846));
#8300 = VECTOR('',#8301,1.);
#8301 = DIRECTION('',(0.,0.,-1.));
#8302 = ORIENTED_EDGE('',*,*,#8303,.T.);
#8303 = EDGE_CURVE('',#8296,#8304,#8306,.T.);
#8304 = VERTEX_POINT('',#8305);
#8305 = CARTESIAN_POINT('',(18.8849,7.493,-8.9154));
#8306 = LINE('',#8307,#8308);
#8307 = CARTESIAN_POINT('',(19.685,7.493,-8.9154));
#8308 = VECTOR('',#8309,1.);
#8309 = DIRECTION('',(-1.,0.,0.));
#8310 = ORIENTED_EDGE('',*,*,#8311,.T.);
#8311 = EDGE_CURVE('',#8304,#8312,#8314,.T.);
#8312 = VERTEX_POINT('',#8313);
#8313 = CARTESIAN_POINT('',(18.8849,7.493,-10.668));
#8314 = LINE('',#8315,#8316);
#8315 = CARTESIAN_POINT('',(18.8849,7.493,-8.9154));
#8316 = VECTOR('',#8317,1.);
#8317 = DIRECTION('',(0.,0.,-1.));
#8318 = ORIENTED_EDGE('',*,*,#8319,.T.);
#8319 = EDGE_CURVE('',#8312,#8320,#8322,.T.);
#8320 = VERTEX_POINT('',#8321);
#8321 = CARTESIAN_POINT('',(14.1351,7.493,-10.668));
#8322 = LINE('',#8323,#8324);
#8323 = CARTESIAN_POINT('',(18.8849,7.493,-10.668));
#8324 = VECTOR('',#8325,1.);
#8325 = DIRECTION('',(-1.,0.,0.));
#8326 = ORIENTED_EDGE('',*,*,#8327,.T.);
#8327 = EDGE_CURVE('',#8320,#8328,#8330,.T.);
#8328 = VERTEX_POINT('',#8329);
#8329 = CARTESIAN_POINT('',(14.1351,7.493,-8.9154));
#8330 = LINE('',#8331,#8332);
#8331 = CARTESIAN_POINT('',(14.1351,7.493,-10.668));
#8332 = VECTOR('',#8333,1.);
#8333 = DIRECTION('',(0.,0.,1.));
#8334 = ORIENTED_EDGE('',*,*,#8335,.T.);
#8335 = EDGE_CURVE('',#8328,#8246,#8336,.T.);
#8336 = LINE('',#8337,#8338);
#8337 = CARTESIAN_POINT('',(14.1351,7.493,-8.9154));
#8338 = VECTOR('',#8339,1.);
#8339 = DIRECTION('',(-1.,0.,0.));
#8340 = PLANE('',#8341);
#8341 = AXIS2_PLACEMENT_3D('',#8342,#8343,#8344);
#8342 = CARTESIAN_POINT('',(19.8755,7.493,-0.81866605982));
#8343 = DIRECTION('',(0.,-1.,0.));
#8344 = DIRECTION('',(0.,0.,-1.));
#8345 = ADVANCED_FACE('',(#8346),#8364,.F.);
#8346 = FACE_BOUND('',#8347,.F.);
#8347 = EDGE_LOOP('',(#8348,#8354,#8355,#8361,#8362,#8363));
#8348 = ORIENTED_EDGE('',*,*,#8349,.T.);
#8349 = EDGE_CURVE('',#2451,#8185,#8350,.T.);
#8350 = LINE('',#8351,#8352);
#8351 = CARTESIAN_POINT('',(19.8755,13.462,-8.18515));
#8352 = VECTOR('',#8353,1.);
#8353 = DIRECTION('',(0.,-1.,0.));
#8354 = ORIENTED_EDGE('',*,*,#8184,.T.);
#8355 = ORIENTED_EDGE('',*,*,#8356,.T.);
#8356 = EDGE_CURVE('',#8187,#1551,#8357,.T.);
#8357 = LINE('',#8358,#8359);
#8358 = CARTESIAN_POINT('',(19.8755,7.493,-11.88133394018));
#8359 = VECTOR('',#8360,1.);
#8360 = DIRECTION('',(0.,-0.992546151641,-0.121869343405));
#8361 = ORIENTED_EDGE('',*,*,#1805,.F.);
#8362 = ORIENTED_EDGE('',*,*,#2009,.F.);
#8363 = ORIENTED_EDGE('',*,*,#2460,.F.);
#8364 = PLANE('',#8365);
#8365 = AXIS2_PLACEMENT_3D('',#8366,#8367,#8368);
#8366 = CARTESIAN_POINT('',(19.8755,0.8255,0.));
#8367 = DIRECTION('',(1.,0.,0.));
#8368 = DIRECTION('',(0.,0.,-1.));
#8369 = ADVANCED_FACE('',(#8370),#8388,.F.);
#8370 = FACE_BOUND('',#8371,.F.);
#8371 = EDGE_LOOP('',(#8372,#8378,#8379,#8380,#8381,#8387));
#8372 = ORIENTED_EDGE('',*,*,#8373,.F.);
#8373 = EDGE_CURVE('',#2470,#8211,#8374,.T.);
#8374 = LINE('',#8375,#8376);
#8375 = CARTESIAN_POINT('',(19.8755,13.462,-4.51485));
#8376 = VECTOR('',#8377,1.);
#8377 = DIRECTION('',(0.,-1.,0.));
#8378 = ORIENTED_EDGE('',*,*,#2469,.F.);
#8379 = ORIENTED_EDGE('',*,*,#1046,.F.);
#8380 = ORIENTED_EDGE('',*,*,#809,.T.);
#8381 = ORIENTED_EDGE('',*,*,#8382,.T.);
#8382 = EDGE_CURVE('',#812,#8219,#8383,.T.);
#8383 = LINE('',#8384,#8385);
#8384 = CARTESIAN_POINT('',(19.8755,0.8255,0.));
#8385 = VECTOR('',#8386,1.);
#8386 = DIRECTION('',(0.,0.992546151641,-0.121869343405));
#8387 = ORIENTED_EDGE('',*,*,#8218,.T.);
#8388 = PLANE('',#8389);
#8389 = AXIS2_PLACEMENT_3D('',#8390,#8391,#8392);
#8390 = CARTESIAN_POINT('',(19.8755,0.8255,0.));
#8391 = DIRECTION('',(1.,0.,0.));
#8392 = DIRECTION('',(0.,0.,-1.));
#8393 = ADVANCED_FACE('',(#8394),#8405,.F.);
#8394 = FACE_BOUND('',#8395,.F.);
#8395 = EDGE_LOOP('',(#8396,#8397,#8403,#8404));
#8396 = ORIENTED_EDGE('',*,*,#2450,.T.);
#8397 = ORIENTED_EDGE('',*,*,#8398,.T.);
#8398 = EDGE_CURVE('',#2453,#8195,#8399,.T.);
#8399 = LINE('',#8400,#8401);
#8400 = CARTESIAN_POINT('',(20.1803,13.462,-7.88035));
#8401 = VECTOR('',#8402,1.);
#8402 = DIRECTION('',(0.,-1.,0.));
#8403 = ORIENTED_EDGE('',*,*,#8194,.F.);
#8404 = ORIENTED_EDGE('',*,*,#8349,.F.);
#8405 = PLANE('',#8406);
#8406 = AXIS2_PLACEMENT_3D('',#8407,#8408,#8409);
#8407 = CARTESIAN_POINT('',(19.8755,13.462,-8.18515));
#8408 = DIRECTION('',(0.707106781187,0.,-0.707106781187));
#8409 = DIRECTION('',(0.707106781187,0.,0.707106781187));
#8410 = ADVANCED_FACE('',(#8411),#8422,.F.);
#8411 = FACE_BOUND('',#8412,.F.);
#8412 = EDGE_LOOP('',(#8413,#8414,#8420,#8421));
#8413 = ORIENTED_EDGE('',*,*,#2485,.T.);
#8414 = ORIENTED_EDGE('',*,*,#8415,.T.);
#8415 = EDGE_CURVE('',#2478,#8203,#8416,.T.);
#8416 = LINE('',#8417,#8418);
#8417 = CARTESIAN_POINT('',(20.1803,13.462,-4.81965));
#8418 = VECTOR('',#8419,1.);
#8419 = DIRECTION('',(0.,-1.,0.));
#8420 = ORIENTED_EDGE('',*,*,#8202,.F.);
#8421 = ORIENTED_EDGE('',*,*,#8398,.F.);
#8422 = PLANE('',#8423);
#8423 = AXIS2_PLACEMENT_3D('',#8424,#8425,#8426);
#8424 = CARTESIAN_POINT('',(20.1803,13.462,-7.88035));
#8425 = DIRECTION('',(1.,0.,0.));
#8426 = DIRECTION('',(0.,0.,1.));
#8427 = ADVANCED_FACE('',(#8428),#8434,.F.);
#8428 = FACE_BOUND('',#8429,.F.);
#8429 = EDGE_LOOP('',(#8430,#8431,#8432,#8433));
#8430 = ORIENTED_EDGE('',*,*,#2477,.T.);
#8431 = ORIENTED_EDGE('',*,*,#8373,.T.);
#8432 = ORIENTED_EDGE('',*,*,#8210,.F.);
#8433 = ORIENTED_EDGE('',*,*,#8415,.F.);
#8434 = PLANE('',#8435);
#8435 = AXIS2_PLACEMENT_3D('',#8436,#8437,#8438);
#8436 = CARTESIAN_POINT('',(20.1803,13.462,-4.81965));
#8437 = DIRECTION('',(0.707106781187,0.,0.707106781187));
#8438 = DIRECTION('',(-0.707106781187,0.,0.707106781187));
#8439 = ADVANCED_FACE('',(#8440),#8446,.F.);
#8440 = FACE_BOUND('',#8441,.F.);
#8441 = EDGE_LOOP('',(#8442,#8443,#8444,#8445));
#8442 = ORIENTED_EDGE('',*,*,#1558,.T.);
#8443 = ORIENTED_EDGE('',*,*,#8356,.F.);
#8444 = ORIENTED_EDGE('',*,*,#8237,.T.);
#8445 = ORIENTED_EDGE('',*,*,#8162,.T.);
#8446 = PLANE('',#8447);
#8447 = AXIS2_PLACEMENT_3D('',#8448,#8449,#8450);
#8448 = CARTESIAN_POINT('',(19.8755,7.493,-11.88133394018));
#8449 = DIRECTION('',(0.,-0.121869343405,0.992546151641));
#8450 = DIRECTION('',(0.,-0.992546151641,-0.121869343405));
#8451 = ADVANCED_FACE('',(#8452),#8458,.F.);
#8452 = FACE_BOUND('',#8453,.F.);
#8453 = EDGE_LOOP('',(#8454,#8455,#8456,#8457));
#8454 = ORIENTED_EDGE('',*,*,#1572,.F.);
#8455 = ORIENTED_EDGE('',*,*,#8141,.T.);
#8456 = ORIENTED_EDGE('',*,*,#8226,.F.);
#8457 = ORIENTED_EDGE('',*,*,#8382,.F.);
#8458 = PLANE('',#8459);
#8459 = AXIS2_PLACEMENT_3D('',#8460,#8461,#8462);
#8460 = CARTESIAN_POINT('',(19.8755,0.8255,0.));
#8461 = DIRECTION('',(0.,-0.121869343405,-0.992546151641));
#8462 = DIRECTION('',(0.,0.992546151641,-0.121869343405));
#8463 = ADVANCED_FACE('',(#8464),#8489,.T.);
#8464 = FACE_BOUND('',#8465,.F.);
#8465 = EDGE_LOOP('',(#8466,#8467,#8475,#8483));
#8466 = ORIENTED_EDGE('',*,*,#8245,.F.);
#8467 = ORIENTED_EDGE('',*,*,#8468,.T.);
#8468 = EDGE_CURVE('',#8246,#8469,#8471,.T.);
#8469 = VERTEX_POINT('',#8470);
#8470 = CARTESIAN_POINT('',(13.335,8.3312,-8.9154));
#8471 = LINE('',#8472,#8473);
#8472 = CARTESIAN_POINT('',(13.335,7.493,-8.9154));
#8473 = VECTOR('',#8474,1.);
#8474 = DIRECTION('',(0.,1.,0.));
#8475 = ORIENTED_EDGE('',*,*,#8476,.T.);
#8476 = EDGE_CURVE('',#8469,#8477,#8479,.T.);
#8477 = VERTEX_POINT('',#8478);
#8478 = CARTESIAN_POINT('',(13.335,8.3312,-3.7846));
#8479 = LINE('',#8480,#8481);
#8480 = CARTESIAN_POINT('',(13.335,8.3312,-8.9154));
#8481 = VECTOR('',#8482,1.);
#8482 = DIRECTION('',(0.,0.,1.));
#8483 = ORIENTED_EDGE('',*,*,#8484,.F.);
#8484 = EDGE_CURVE('',#8248,#8477,#8485,.T.);
#8485 = LINE('',#8486,#8487);
#8486 = CARTESIAN_POINT('',(13.335,7.493,-3.7846));
#8487 = VECTOR('',#8488,1.);
#8488 = DIRECTION('',(0.,1.,0.));
#8489 = PLANE('',#8490);
#8490 = AXIS2_PLACEMENT_3D('',#8491,#8492,#8493);
#8491 = CARTESIAN_POINT('',(13.335,7.493,-8.9154));
#8492 = DIRECTION('',(-1.,0.,0.));
#8493 = DIRECTION('',(0.,0.,1.));
#8494 = ADVANCED_FACE('',(#8495),#8513,.T.);
#8495 = FACE_BOUND('',#8496,.F.);
#8496 = EDGE_LOOP('',(#8497,#8498,#8506,#8512));
#8497 = ORIENTED_EDGE('',*,*,#8335,.F.);
#8498 = ORIENTED_EDGE('',*,*,#8499,.T.);
#8499 = EDGE_CURVE('',#8328,#8500,#8502,.T.);
#8500 = VERTEX_POINT('',#8501);
#8501 = CARTESIAN_POINT('',(14.1351,8.3312,-8.9154));
#8502 = LINE('',#8503,#8504);
#8503 = CARTESIAN_POINT('',(14.1351,7.493,-8.9154));
#8504 = VECTOR('',#8505,1.);
#8505 = DIRECTION('',(0.,1.,0.));
#8506 = ORIENTED_EDGE('',*,*,#8507,.T.);
#8507 = EDGE_CURVE('',#8500,#8469,#8508,.T.);
#8508 = LINE('',#8509,#8510);
#8509 = CARTESIAN_POINT('',(14.1351,8.3312,-8.9154));
#8510 = VECTOR('',#8511,1.);
#8511 = DIRECTION('',(-1.,0.,0.));
#8512 = ORIENTED_EDGE('',*,*,#8468,.F.);
#8513 = PLANE('',#8514);
#8514 = AXIS2_PLACEMENT_3D('',#8515,#8516,#8517);
#8515 = CARTESIAN_POINT('',(14.1351,7.493,-8.9154));
#8516 = DIRECTION('',(0.,0.,-1.));
#8517 = DIRECTION('',(-1.,0.,0.));
#8518 = ADVANCED_FACE('',(#8519),#8537,.T.);
#8519 = FACE_BOUND('',#8520,.F.);
#8520 = EDGE_LOOP('',(#8521,#8522,#8530,#8536));
#8521 = ORIENTED_EDGE('',*,*,#8327,.F.);
#8522 = ORIENTED_EDGE('',*,*,#8523,.T.);
#8523 = EDGE_CURVE('',#8320,#8524,#8526,.T.);
#8524 = VERTEX_POINT('',#8525);
#8525 = CARTESIAN_POINT('',(14.1351,8.3312,-10.668));
#8526 = LINE('',#8527,#8528);
#8527 = CARTESIAN_POINT('',(14.1351,7.493,-10.668));
#8528 = VECTOR('',#8529,1.);
#8529 = DIRECTION('',(0.,1.,0.));
#8530 = ORIENTED_EDGE('',*,*,#8531,.T.);
#8531 = EDGE_CURVE('',#8524,#8500,#8532,.T.);
#8532 = LINE('',#8533,#8534);
#8533 = CARTESIAN_POINT('',(14.1351,8.3312,-10.668));
#8534 = VECTOR('',#8535,1.);
#8535 = DIRECTION('',(0.,0.,1.));
#8536 = ORIENTED_EDGE('',*,*,#8499,.F.);
#8537 = PLANE('',#8538);
#8538 = AXIS2_PLACEMENT_3D('',#8539,#8540,#8541);
#8539 = CARTESIAN_POINT('',(14.1351,7.493,-10.668));
#8540 = DIRECTION('',(-1.,0.,0.));
#8541 = DIRECTION('',(0.,0.,1.));
#8542 = ADVANCED_FACE('',(#8543),#8561,.T.);
#8543 = FACE_BOUND('',#8544,.F.);
#8544 = EDGE_LOOP('',(#8545,#8546,#8554,#8560));
#8545 = ORIENTED_EDGE('',*,*,#8319,.F.);
#8546 = ORIENTED_EDGE('',*,*,#8547,.T.);
#8547 = EDGE_CURVE('',#8312,#8548,#8550,.T.);
#8548 = VERTEX_POINT('',#8549);
#8549 = CARTESIAN_POINT('',(18.8849,8.3312,-10.668));
#8550 = LINE('',#8551,#8552);
#8551 = CARTESIAN_POINT('',(18.8849,7.493,-10.668));
#8552 = VECTOR('',#8553,1.);
#8553 = DIRECTION('',(0.,1.,0.));
#8554 = ORIENTED_EDGE('',*,*,#8555,.T.);
#8555 = EDGE_CURVE('',#8548,#8524,#8556,.T.);
#8556 = LINE('',#8557,#8558);
#8557 = CARTESIAN_POINT('',(18.8849,8.3312,-10.668));
#8558 = VECTOR('',#8559,1.);
#8559 = DIRECTION('',(-1.,0.,0.));
#8560 = ORIENTED_EDGE('',*,*,#8523,.F.);
#8561 = PLANE('',#8562);
#8562 = AXIS2_PLACEMENT_3D('',#8563,#8564,#8565);
#8563 = CARTESIAN_POINT('',(18.8849,7.493,-10.668));
#8564 = DIRECTION('',(0.,0.,-1.));
#8565 = DIRECTION('',(-1.,0.,0.));
#8566 = ADVANCED_FACE('',(#8567),#8585,.T.);
#8567 = FACE_BOUND('',#8568,.F.);
#8568 = EDGE_LOOP('',(#8569,#8570,#8578,#8584));
#8569 = ORIENTED_EDGE('',*,*,#8311,.F.);
#8570 = ORIENTED_EDGE('',*,*,#8571,.T.);
#8571 = EDGE_CURVE('',#8304,#8572,#8574,.T.);
#8572 = VERTEX_POINT('',#8573);
#8573 = CARTESIAN_POINT('',(18.8849,8.3312,-8.9154));
#8574 = LINE('',#8575,#8576);
#8575 = CARTESIAN_POINT('',(18.8849,7.493,-8.9154));
#8576 = VECTOR('',#8577,1.);
#8577 = DIRECTION('',(0.,1.,0.));
#8578 = ORIENTED_EDGE('',*,*,#8579,.T.);
#8579 = EDGE_CURVE('',#8572,#8548,#8580,.T.);
#8580 = LINE('',#8581,#8582);
#8581 = CARTESIAN_POINT('',(18.8849,8.3312,-8.9154));
#8582 = VECTOR('',#8583,1.);
#8583 = DIRECTION('',(0.,0.,-1.));
#8584 = ORIENTED_EDGE('',*,*,#8547,.F.);
#8585 = PLANE('',#8586);
#8586 = AXIS2_PLACEMENT_3D('',#8587,#8588,#8589);
#8587 = CARTESIAN_POINT('',(18.8849,7.493,-8.9154));
#8588 = DIRECTION('',(1.,0.,0.));
#8589 = DIRECTION('',(0.,0.,-1.));
#8590 = ADVANCED_FACE('',(#8591),#8609,.T.);
#8591 = FACE_BOUND('',#8592,.F.);
#8592 = EDGE_LOOP('',(#8593,#8594,#8602,#8608));
#8593 = ORIENTED_EDGE('',*,*,#8303,.F.);
#8594 = ORIENTED_EDGE('',*,*,#8595,.T.);
#8595 = EDGE_CURVE('',#8296,#8596,#8598,.T.);
#8596 = VERTEX_POINT('',#8597);
#8597 = CARTESIAN_POINT('',(19.685,8.3312,-8.9154));
#8598 = LINE('',#8599,#8600);
#8599 = CARTESIAN_POINT('',(19.685,7.493,-8.9154));
#8600 = VECTOR('',#8601,1.);
#8601 = DIRECTION('',(0.,1.,0.));
#8602 = ORIENTED_EDGE('',*,*,#8603,.T.);
#8603 = EDGE_CURVE('',#8596,#8572,#8604,.T.);
#8604 = LINE('',#8605,#8606);
#8605 = CARTESIAN_POINT('',(19.685,8.3312,-8.9154));
#8606 = VECTOR('',#8607,1.);
#8607 = DIRECTION('',(-1.,0.,0.));
#8608 = ORIENTED_EDGE('',*,*,#8571,.F.);
#8609 = PLANE('',#8610);
#8610 = AXIS2_PLACEMENT_3D('',#8611,#8612,#8613);
#8611 = CARTESIAN_POINT('',(19.685,7.493,-8.9154));
#8612 = DIRECTION('',(0.,0.,-1.));
#8613 = DIRECTION('',(-1.,0.,0.));
#8614 = ADVANCED_FACE('',(#8615),#8633,.T.);
#8615 = FACE_BOUND('',#8616,.F.);
#8616 = EDGE_LOOP('',(#8617,#8618,#8626,#8632));
#8617 = ORIENTED_EDGE('',*,*,#8295,.F.);
#8618 = ORIENTED_EDGE('',*,*,#8619,.T.);
#8619 = EDGE_CURVE('',#8288,#8620,#8622,.T.);
#8620 = VERTEX_POINT('',#8621);
#8621 = CARTESIAN_POINT('',(19.685,8.3312,-3.7846));
#8622 = LINE('',#8623,#8624);
#8623 = CARTESIAN_POINT('',(19.685,7.493,-3.7846));
#8624 = VECTOR('',#8625,1.);
#8625 = DIRECTION('',(0.,1.,0.));
#8626 = ORIENTED_EDGE('',*,*,#8627,.T.);
#8627 = EDGE_CURVE('',#8620,#8596,#8628,.T.);
#8628 = LINE('',#8629,#8630);
#8629 = CARTESIAN_POINT('',(19.685,8.3312,-3.7846));
#8630 = VECTOR('',#8631,1.);
#8631 = DIRECTION('',(0.,0.,-1.));
#8632 = ORIENTED_EDGE('',*,*,#8595,.F.);
#8633 = PLANE('',#8634);
#8634 = AXIS2_PLACEMENT_3D('',#8635,#8636,#8637);
#8635 = CARTESIAN_POINT('',(19.685,7.493,-3.7846));
#8636 = DIRECTION('',(1.,0.,0.));
#8637 = DIRECTION('',(0.,0.,-1.));
#8638 = ADVANCED_FACE('',(#8639),#8657,.T.);
#8639 = FACE_BOUND('',#8640,.F.);
#8640 = EDGE_LOOP('',(#8641,#8642,#8650,#8656));
#8641 = ORIENTED_EDGE('',*,*,#8287,.F.);
#8642 = ORIENTED_EDGE('',*,*,#8643,.T.);
#8643 = EDGE_CURVE('',#8280,#8644,#8646,.T.);
#8644 = VERTEX_POINT('',#8645);
#8645 = CARTESIAN_POINT('',(18.8849,8.3312,-3.7846));
#8646 = LINE('',#8647,#8648);
#8647 = CARTESIAN_POINT('',(18.8849,7.493,-3.7846));
#8648 = VECTOR('',#8649,1.);
#8649 = DIRECTION('',(0.,1.,0.));
#8650 = ORIENTED_EDGE('',*,*,#8651,.T.);
#8651 = EDGE_CURVE('',#8644,#8620,#8652,.T.);
#8652 = LINE('',#8653,#8654);
#8653 = CARTESIAN_POINT('',(18.8849,8.3312,-3.7846));
#8654 = VECTOR('',#8655,1.);
#8655 = DIRECTION('',(1.,0.,0.));
#8656 = ORIENTED_EDGE('',*,*,#8619,.F.);
#8657 = PLANE('',#8658);
#8658 = AXIS2_PLACEMENT_3D('',#8659,#8660,#8661);
#8659 = CARTESIAN_POINT('',(18.8849,7.493,-3.7846));
#8660 = DIRECTION('',(0.,0.,1.));
#8661 = DIRECTION('',(1.,0.,-0.));
#8662 = ADVANCED_FACE('',(#8663),#8681,.T.);
#8663 = FACE_BOUND('',#8664,.F.);
#8664 = EDGE_LOOP('',(#8665,#8666,#8674,#8680));
#8665 = ORIENTED_EDGE('',*,*,#8279,.F.);
#8666 = ORIENTED_EDGE('',*,*,#8667,.T.);
#8667 = EDGE_CURVE('',#8272,#8668,#8670,.T.);
#8668 = VERTEX_POINT('',#8669);
#8669 = CARTESIAN_POINT('',(18.8849,8.3312,-2.032));
#8670 = LINE('',#8671,#8672);
#8671 = CARTESIAN_POINT('',(18.8849,7.493,-2.032));
#8672 = VECTOR('',#8673,1.);
#8673 = DIRECTION('',(0.,1.,0.));
#8674 = ORIENTED_EDGE('',*,*,#8675,.T.);
#8675 = EDGE_CURVE('',#8668,#8644,#8676,.T.);
#8676 = LINE('',#8677,#8678);
#8677 = CARTESIAN_POINT('',(18.8849,8.3312,-2.032));
#8678 = VECTOR('',#8679,1.);
#8679 = DIRECTION('',(0.,0.,-1.));
#8680 = ORIENTED_EDGE('',*,*,#8643,.F.);
#8681 = PLANE('',#8682);
#8682 = AXIS2_PLACEMENT_3D('',#8683,#8684,#8685);
#8683 = CARTESIAN_POINT('',(18.8849,7.493,-2.032));
#8684 = DIRECTION('',(1.,0.,0.));
#8685 = DIRECTION('',(0.,0.,-1.));
#8686 = ADVANCED_FACE('',(#8687),#8705,.T.);
#8687 = FACE_BOUND('',#8688,.F.);
#8688 = EDGE_LOOP('',(#8689,#8690,#8698,#8704));
#8689 = ORIENTED_EDGE('',*,*,#8271,.F.);
#8690 = ORIENTED_EDGE('',*,*,#8691,.T.);
#8691 = EDGE_CURVE('',#8264,#8692,#8694,.T.);
#8692 = VERTEX_POINT('',#8693);
#8693 = CARTESIAN_POINT('',(14.1351,8.3312,-2.032));
#8694 = LINE('',#8695,#8696);
#8695 = CARTESIAN_POINT('',(14.1351,7.493,-2.032));
#8696 = VECTOR('',#8697,1.);
#8697 = DIRECTION('',(0.,1.,0.));
#8698 = ORIENTED_EDGE('',*,*,#8699,.T.);
#8699 = EDGE_CURVE('',#8692,#8668,#8700,.T.);
#8700 = LINE('',#8701,#8702);
#8701 = CARTESIAN_POINT('',(14.1351,8.3312,-2.032));
#8702 = VECTOR('',#8703,1.);
#8703 = DIRECTION('',(1.,0.,0.));
#8704 = ORIENTED_EDGE('',*,*,#8667,.F.);
#8705 = PLANE('',#8706);
#8706 = AXIS2_PLACEMENT_3D('',#8707,#8708,#8709);
#8707 = CARTESIAN_POINT('',(14.1351,7.493,-2.032));
#8708 = DIRECTION('',(0.,0.,1.));
#8709 = DIRECTION('',(1.,0.,-0.));
#8710 = ADVANCED_FACE('',(#8711),#8729,.T.);
#8711 = FACE_BOUND('',#8712,.F.);
#8712 = EDGE_LOOP('',(#8713,#8714,#8722,#8728));
#8713 = ORIENTED_EDGE('',*,*,#8263,.F.);
#8714 = ORIENTED_EDGE('',*,*,#8715,.T.);
#8715 = EDGE_CURVE('',#8256,#8716,#8718,.T.);
#8716 = VERTEX_POINT('',#8717);
#8717 = CARTESIAN_POINT('',(14.1351,8.3312,-3.7846));
#8718 = LINE('',#8719,#8720);
#8719 = CARTESIAN_POINT('',(14.1351,7.493,-3.7846));
#8720 = VECTOR('',#8721,1.);
#8721 = DIRECTION('',(0.,1.,0.));
#8722 = ORIENTED_EDGE('',*,*,#8723,.T.);
#8723 = EDGE_CURVE('',#8716,#8692,#8724,.T.);
#8724 = LINE('',#8725,#8726);
#8725 = CARTESIAN_POINT('',(14.1351,8.3312,-3.7846));
#8726 = VECTOR('',#8727,1.);
#8727 = DIRECTION('',(0.,0.,1.));
#8728 = ORIENTED_EDGE('',*,*,#8691,.F.);
#8729 = PLANE('',#8730);
#8730 = AXIS2_PLACEMENT_3D('',#8731,#8732,#8733);
#8731 = CARTESIAN_POINT('',(14.1351,7.493,-3.7846));
#8732 = DIRECTION('',(-1.,0.,0.));
#8733 = DIRECTION('',(0.,0.,1.));
#8734 = ADVANCED_FACE('',(#8735),#8746,.T.);
#8735 = FACE_BOUND('',#8736,.F.);
#8736 = EDGE_LOOP('',(#8737,#8738,#8739,#8745));
#8737 = ORIENTED_EDGE('',*,*,#8255,.F.);
#8738 = ORIENTED_EDGE('',*,*,#8484,.T.);
#8739 = ORIENTED_EDGE('',*,*,#8740,.T.);
#8740 = EDGE_CURVE('',#8477,#8716,#8741,.T.);
#8741 = LINE('',#8742,#8743);
#8742 = CARTESIAN_POINT('',(13.335,8.3312,-3.7846));
#8743 = VECTOR('',#8744,1.);
#8744 = DIRECTION('',(1.,0.,0.));
#8745 = ORIENTED_EDGE('',*,*,#8715,.F.);
#8746 = PLANE('',#8747);
#8747 = AXIS2_PLACEMENT_3D('',#8748,#8749,#8750);
#8748 = CARTESIAN_POINT('',(13.335,7.493,-3.7846));
#8749 = DIRECTION('',(0.,0.,1.));
#8750 = DIRECTION('',(1.,0.,-0.));
#8751 = ADVANCED_FACE('',(#8752,#8766),#8786,.T.);
#8752 = FACE_BOUND('',#8753,.F.);
#8753 = EDGE_LOOP('',(#8754,#8755,#8756,#8757,#8758,#8759,#8760,#8761,
    #8762,#8763,#8764,#8765));
#8754 = ORIENTED_EDGE('',*,*,#8476,.F.);
#8755 = ORIENTED_EDGE('',*,*,#8507,.F.);
#8756 = ORIENTED_EDGE('',*,*,#8531,.F.);
#8757 = ORIENTED_EDGE('',*,*,#8555,.F.);
#8758 = ORIENTED_EDGE('',*,*,#8579,.F.);
#8759 = ORIENTED_EDGE('',*,*,#8603,.F.);
#8760 = ORIENTED_EDGE('',*,*,#8627,.F.);
#8761 = ORIENTED_EDGE('',*,*,#8651,.F.);
#8762 = ORIENTED_EDGE('',*,*,#8675,.F.);
#8763 = ORIENTED_EDGE('',*,*,#8699,.F.);
#8764 = ORIENTED_EDGE('',*,*,#8723,.F.);
#8765 = ORIENTED_EDGE('',*,*,#8740,.F.);
#8766 = FACE_BOUND('',#8767,.F.);
#8767 = EDGE_LOOP('',(#8768,#8779));
#8768 = ORIENTED_EDGE('',*,*,#8769,.T.);
#8769 = EDGE_CURVE('',#8770,#8772,#8774,.T.);
#8770 = VERTEX_POINT('',#8771);
#8771 = CARTESIAN_POINT('',(16.51,8.3312,-4.64566));
#8772 = VERTEX_POINT('',#8773);
#8773 = CARTESIAN_POINT('',(16.51,8.3312,-8.05434));
#8774 = CIRCLE('',#8775,1.70434);
#8775 = AXIS2_PLACEMENT_3D('',#8776,#8777,#8778);
#8776 = CARTESIAN_POINT('',(16.51,8.3312,-6.35));
#8777 = DIRECTION('',(0.,1.,0.));
#8778 = DIRECTION('',(0.,-0.,1.));
#8779 = ORIENTED_EDGE('',*,*,#8780,.T.);
#8780 = EDGE_CURVE('',#8772,#8770,#8781,.T.);
#8781 = CIRCLE('',#8782,1.70434);
#8782 = AXIS2_PLACEMENT_3D('',#8783,#8784,#8785);
#8783 = CARTESIAN_POINT('',(16.51,8.3312,-6.35));
#8784 = DIRECTION('',(0.,1.,0.));
#8785 = DIRECTION('',(0.,0.,-1.));
#8786 = PLANE('',#8787);
#8787 = AXIS2_PLACEMENT_3D('',#8788,#8789,#8790);
#8788 = CARTESIAN_POINT('',(21.463,8.3312,0.));
#8789 = DIRECTION('',(0.,1.,0.));
#8790 = DIRECTION('',(1.,0.,0.));
#8791 = ADVANCED_FACE('',(#8792),#8818,.T.);
#8792 = FACE_BOUND('',#8793,.T.);
#8793 = EDGE_LOOP('',(#8794,#8802,#8803,#8811));
#8794 = ORIENTED_EDGE('',*,*,#8795,.F.);
#8795 = EDGE_CURVE('',#8770,#8796,#8798,.T.);
#8796 = VERTEX_POINT('',#8797);
#8797 = CARTESIAN_POINT('',(16.51,10.3632,-4.64566));
#8798 = LINE('',#8799,#8800);
#8799 = CARTESIAN_POINT('',(16.51,8.3312,-4.64566));
#8800 = VECTOR('',#8801,1.);
#8801 = DIRECTION('',(0.,1.,0.));
#8802 = ORIENTED_EDGE('',*,*,#8769,.T.);
#8803 = ORIENTED_EDGE('',*,*,#8804,.T.);
#8804 = EDGE_CURVE('',#8772,#8805,#8807,.T.);
#8805 = VERTEX_POINT('',#8806);
#8806 = CARTESIAN_POINT('',(16.51,10.3632,-8.05434));
#8807 = LINE('',#8808,#8809);
#8808 = CARTESIAN_POINT('',(16.51,8.3312,-8.05434));
#8809 = VECTOR('',#8810,1.);
#8810 = DIRECTION('',(0.,1.,0.));
#8811 = ORIENTED_EDGE('',*,*,#8812,.F.);
#8812 = EDGE_CURVE('',#8796,#8805,#8813,.T.);
#8813 = CIRCLE('',#8814,1.70434);
#8814 = AXIS2_PLACEMENT_3D('',#8815,#8816,#8817);
#8815 = CARTESIAN_POINT('',(16.51,10.3632,-6.35));
#8816 = DIRECTION('',(0.,1.,0.));
#8817 = DIRECTION('',(0.,-0.,1.));
#8818 = CYLINDRICAL_SURFACE('',#8819,1.70434);
#8819 = AXIS2_PLACEMENT_3D('',#8820,#8821,#8822);
#8820 = CARTESIAN_POINT('',(16.51,3.89001,-6.35));
#8821 = DIRECTION('',(0.,1.,0.));
#8822 = DIRECTION('',(0.,-0.,1.));
#8823 = ADVANCED_FACE('',(#8824,#8858),#8868,.F.);
#8824 = FACE_BOUND('',#8825,.F.);
#8825 = EDGE_LOOP('',(#8826,#8836,#8844,#8852));
#8826 = ORIENTED_EDGE('',*,*,#8827,.T.);
#8827 = EDGE_CURVE('',#8828,#8830,#8832,.T.);
#8828 = VERTEX_POINT('',#8829);
#8829 = CARTESIAN_POINT('',(13.2969,10.3632,-9.5631));
#8830 = VERTEX_POINT('',#8831);
#8831 = CARTESIAN_POINT('',(13.2969,10.3632,-3.1369));
#8832 = LINE('',#8833,#8834);
#8833 = CARTESIAN_POINT('',(13.2969,10.3632,-9.5631));
#8834 = VECTOR('',#8835,1.);
#8835 = DIRECTION('',(0.,0.,1.));
#8836 = ORIENTED_EDGE('',*,*,#8837,.T.);
#8837 = EDGE_CURVE('',#8830,#8838,#8840,.T.);
#8838 = VERTEX_POINT('',#8839);
#8839 = CARTESIAN_POINT('',(19.7231,10.3632,-3.1369));
#8840 = LINE('',#8841,#8842);
#8841 = CARTESIAN_POINT('',(13.2969,10.3632,-3.1369));
#8842 = VECTOR('',#8843,1.);
#8843 = DIRECTION('',(1.,0.,0.));
#8844 = ORIENTED_EDGE('',*,*,#8845,.T.);
#8845 = EDGE_CURVE('',#8838,#8846,#8848,.T.);
#8846 = VERTEX_POINT('',#8847);
#8847 = CARTESIAN_POINT('',(19.7231,10.3632,-9.5631));
#8848 = LINE('',#8849,#8850);
#8849 = CARTESIAN_POINT('',(19.7231,10.3632,-3.1369));
#8850 = VECTOR('',#8851,1.);
#8851 = DIRECTION('',(0.,0.,-1.));
#8852 = ORIENTED_EDGE('',*,*,#8853,.T.);
#8853 = EDGE_CURVE('',#8846,#8828,#8854,.T.);
#8854 = LINE('',#8855,#8856);
#8855 = CARTESIAN_POINT('',(19.7231,10.3632,-9.5631));
#8856 = VECTOR('',#8857,1.);
#8857 = DIRECTION('',(-1.,0.,0.));
#8858 = FACE_BOUND('',#8859,.F.);
#8859 = EDGE_LOOP('',(#8860,#8861));
#8860 = ORIENTED_EDGE('',*,*,#8812,.F.);
#8861 = ORIENTED_EDGE('',*,*,#8862,.F.);
#8862 = EDGE_CURVE('',#8805,#8796,#8863,.T.);
#8863 = CIRCLE('',#8864,1.70434);
#8864 = AXIS2_PLACEMENT_3D('',#8865,#8866,#8867);
#8865 = CARTESIAN_POINT('',(16.51,10.3632,-6.35));
#8866 = DIRECTION('',(0.,1.,0.));
#8867 = DIRECTION('',(0.,0.,-1.));
#8868 = PLANE('',#8869);
#8869 = AXIS2_PLACEMENT_3D('',#8870,#8871,#8872);
#8870 = CARTESIAN_POINT('',(21.463,10.3632,0.));
#8871 = DIRECTION('',(0.,1.,0.));
#8872 = DIRECTION('',(1.,0.,0.));
#8873 = ADVANCED_FACE('',(#8874),#8915,.T.);
#8874 = FACE_BOUND('',#8875,.F.);
#8875 = EDGE_LOOP('',(#8876,#8886,#8894,#8900,#8901,#8909));
#8876 = ORIENTED_EDGE('',*,*,#8877,.T.);
#8877 = EDGE_CURVE('',#8878,#8880,#8882,.T.);
#8878 = VERTEX_POINT('',#8879);
#8879 = CARTESIAN_POINT('',(13.2969,12.1412,-7.2622808778));
#8880 = VERTEX_POINT('',#8881);
#8881 = CARTESIAN_POINT('',(13.2969,12.1412,-5.4377191222));
#8882 = LINE('',#8883,#8884);
#8883 = CARTESIAN_POINT('',(13.2969,12.1412,-7.2622808778));
#8884 = VECTOR('',#8885,1.);
#8885 = DIRECTION('',(0.,0.,1.));
#8886 = ORIENTED_EDGE('',*,*,#8887,.T.);
#8887 = EDGE_CURVE('',#8880,#8888,#8890,.T.);
#8888 = VERTEX_POINT('',#8889);
#8889 = CARTESIAN_POINT('',(13.2969,12.1412,-3.1369));
#8890 = LINE('',#8891,#8892);
#8891 = CARTESIAN_POINT('',(13.2969,12.1412,-5.4377191222));
#8892 = VECTOR('',#8893,1.);
#8893 = DIRECTION('',(0.,0.,1.));
#8894 = ORIENTED_EDGE('',*,*,#8895,.T.);
#8895 = EDGE_CURVE('',#8888,#8830,#8896,.T.);
#8896 = LINE('',#8897,#8898);
#8897 = CARTESIAN_POINT('',(13.2969,12.1412,-3.1369));
#8898 = VECTOR('',#8899,1.);
#8899 = DIRECTION('',(0.,-1.,0.));
#8900 = ORIENTED_EDGE('',*,*,#8827,.F.);
#8901 = ORIENTED_EDGE('',*,*,#8902,.F.);
#8902 = EDGE_CURVE('',#8903,#8828,#8905,.T.);
#8903 = VERTEX_POINT('',#8904);
#8904 = CARTESIAN_POINT('',(13.2969,12.1412,-9.5631));
#8905 = LINE('',#8906,#8907);
#8906 = CARTESIAN_POINT('',(13.2969,12.1412,-9.5631));
#8907 = VECTOR('',#8908,1.);
#8908 = DIRECTION('',(0.,-1.,0.));
#8909 = ORIENTED_EDGE('',*,*,#8910,.T.);
#8910 = EDGE_CURVE('',#8903,#8878,#8911,.T.);
#8911 = LINE('',#8912,#8913);
#8912 = CARTESIAN_POINT('',(13.2969,12.1412,-9.5631));
#8913 = VECTOR('',#8914,1.);
#8914 = DIRECTION('',(0.,0.,1.));
#8915 = PLANE('',#8916);
#8916 = AXIS2_PLACEMENT_3D('',#8917,#8918,#8919);
#8917 = CARTESIAN_POINT('',(13.2969,12.1412,-9.5631));
#8918 = DIRECTION('',(-1.,0.,0.));
#8919 = DIRECTION('',(0.,0.,1.));
#8920 = ADVANCED_FACE('',(#8921),#8931,.F.);
#8921 = FACE_BOUND('',#8922,.F.);
#8922 = EDGE_LOOP('',(#8923,#8924));
#8923 = ORIENTED_EDGE('',*,*,#8877,.F.);
#8924 = ORIENTED_EDGE('',*,*,#8925,.F.);
#8925 = EDGE_CURVE('',#8880,#8878,#8926,.T.);
#8926 = CIRCLE('',#8927,3.3401);
#8927 = AXIS2_PLACEMENT_3D('',#8928,#8929,#8930);
#8928 = CARTESIAN_POINT('',(16.51,12.1412,-6.35));
#8929 = DIRECTION('',(0.,-1.,0.));
#8930 = DIRECTION('',(-0.961977186312,0.,0.273129809826));
#8931 = PLANE('',#8932);
#8932 = AXIS2_PLACEMENT_3D('',#8933,#8934,#8935);
#8933 = CARTESIAN_POINT('',(16.51,12.1412,-6.35));
#8934 = DIRECTION('',(0.,1.,0.));
#8935 = DIRECTION('',(0.,-0.,1.));
#8936 = ADVANCED_FACE('',(#8937),#8965,.F.);
#8937 = FACE_BOUND('',#8938,.F.);
#8938 = EDGE_LOOP('',(#8939,#8949,#8958));
#8939 = ORIENTED_EDGE('',*,*,#8940,.F.);
#8940 = EDGE_CURVE('',#8941,#8943,#8945,.T.);
#8941 = VERTEX_POINT('',#8942);
#8942 = CARTESIAN_POINT('',(15.5977191222,12.1412,-3.1369));
#8943 = VERTEX_POINT('',#8944);
#8944 = CARTESIAN_POINT('',(17.4222808778,12.1412,-3.1369));
#8945 = LINE('',#8946,#8947);
#8946 = CARTESIAN_POINT('',(15.5977191222,12.1412,-3.1369));
#8947 = VECTOR('',#8948,1.);
#8948 = DIRECTION('',(1.,0.,0.));
#8949 = ORIENTED_EDGE('',*,*,#8950,.F.);
#8950 = EDGE_CURVE('',#8951,#8941,#8953,.T.);
#8951 = VERTEX_POINT('',#8952);
#8952 = CARTESIAN_POINT('',(16.51,12.1412,-3.0099));
#8953 = CIRCLE('',#8954,3.3401);
#8954 = AXIS2_PLACEMENT_3D('',#8955,#8956,#8957);
#8955 = CARTESIAN_POINT('',(16.51,12.1412,-6.35));
#8956 = DIRECTION('',(0.,-1.,0.));
#8957 = DIRECTION('',(0.,0.,1.));
#8958 = ORIENTED_EDGE('',*,*,#8959,.T.);
#8959 = EDGE_CURVE('',#8951,#8943,#8960,.T.);
#8960 = CIRCLE('',#8961,3.3401);
#8961 = AXIS2_PLACEMENT_3D('',#8962,#8963,#8964);
#8962 = CARTESIAN_POINT('',(16.51,12.1412,-6.35));
#8963 = DIRECTION('',(0.,1.,0.));
#8964 = DIRECTION('',(0.,-0.,1.));
#8965 = PLANE('',#8966);
#8966 = AXIS2_PLACEMENT_3D('',#8967,#8968,#8969);
#8967 = CARTESIAN_POINT('',(16.51,12.1412,-6.35));
#8968 = DIRECTION('',(0.,1.,0.));
#8969 = DIRECTION('',(0.,-0.,1.));
#8970 = ADVANCED_FACE('',(#8971),#8990,.F.);
#8971 = FACE_BOUND('',#8972,.F.);
#8972 = EDGE_LOOP('',(#8973,#8983));
#8973 = ORIENTED_EDGE('',*,*,#8974,.F.);
#8974 = EDGE_CURVE('',#8975,#8977,#8979,.T.);
#8975 = VERTEX_POINT('',#8976);
#8976 = CARTESIAN_POINT('',(19.7231,12.1412,-5.4377191222));
#8977 = VERTEX_POINT('',#8978);
#8978 = CARTESIAN_POINT('',(19.7231,12.1412,-7.2622808778));
#8979 = LINE('',#8980,#8981);
#8980 = CARTESIAN_POINT('',(19.7231,12.1412,-5.4377191222));
#8981 = VECTOR('',#8982,1.);
#8982 = DIRECTION('',(0.,0.,-1.));
#8983 = ORIENTED_EDGE('',*,*,#8984,.T.);
#8984 = EDGE_CURVE('',#8975,#8977,#8985,.T.);
#8985 = CIRCLE('',#8986,3.3401);
#8986 = AXIS2_PLACEMENT_3D('',#8987,#8988,#8989);
#8987 = CARTESIAN_POINT('',(16.51,12.1412,-6.35));
#8988 = DIRECTION('',(0.,1.,0.));
#8989 = DIRECTION('',(0.961977186312,-0.,0.273129809826));
#8990 = PLANE('',#8991);
#8991 = AXIS2_PLACEMENT_3D('',#8992,#8993,#8994);
#8992 = CARTESIAN_POINT('',(16.51,12.1412,-6.35));
#8993 = DIRECTION('',(0.,1.,0.));
#8994 = DIRECTION('',(0.,-0.,1.));
#8995 = ADVANCED_FACE('',(#8996),#9024,.F.);
#8996 = FACE_BOUND('',#8997,.F.);
#8997 = EDGE_LOOP('',(#8998,#9008,#9017));
#8998 = ORIENTED_EDGE('',*,*,#8999,.F.);
#8999 = EDGE_CURVE('',#9000,#9002,#9004,.T.);
#9000 = VERTEX_POINT('',#9001);
#9001 = CARTESIAN_POINT('',(17.4222808778,12.1412,-9.5631));
#9002 = VERTEX_POINT('',#9003);
#9003 = CARTESIAN_POINT('',(15.5977191222,12.1412,-9.5631));
#9004 = LINE('',#9005,#9006);
#9005 = CARTESIAN_POINT('',(17.4222808778,12.1412,-9.5631));
#9006 = VECTOR('',#9007,1.);
#9007 = DIRECTION('',(-1.,0.,0.));
#9008 = ORIENTED_EDGE('',*,*,#9009,.T.);
#9009 = EDGE_CURVE('',#9000,#9010,#9012,.T.);
#9010 = VERTEX_POINT('',#9011);
#9011 = CARTESIAN_POINT('',(16.51,12.1412,-9.6901));
#9012 = CIRCLE('',#9013,3.3401);
#9013 = AXIS2_PLACEMENT_3D('',#9014,#9015,#9016);
#9014 = CARTESIAN_POINT('',(16.51,12.1412,-6.35));
#9015 = DIRECTION('',(0.,1.,0.));
#9016 = DIRECTION('',(0.273129809826,0.,-0.961977186312));
#9017 = ORIENTED_EDGE('',*,*,#9018,.F.);
#9018 = EDGE_CURVE('',#9002,#9010,#9019,.T.);
#9019 = CIRCLE('',#9020,3.3401);
#9020 = AXIS2_PLACEMENT_3D('',#9021,#9022,#9023);
#9021 = CARTESIAN_POINT('',(16.51,12.1412,-6.35));
#9022 = DIRECTION('',(0.,-1.,0.));
#9023 = DIRECTION('',(-0.273129809826,-0.,-0.961977186312));
#9024 = PLANE('',#9025);
#9025 = AXIS2_PLACEMENT_3D('',#9026,#9027,#9028);
#9026 = CARTESIAN_POINT('',(16.51,12.1412,-6.35));
#9027 = DIRECTION('',(0.,1.,0.));
#9028 = DIRECTION('',(0.,-0.,1.));
#9029 = ADVANCED_FACE('',(#9030),#9072,.T.);
#9030 = FACE_BOUND('',#9031,.T.);
#9031 = EDGE_LOOP('',(#9032,#9033,#9040,#9041,#9049,#9058,#9064,#9065));
#9032 = ORIENTED_EDGE('',*,*,#8925,.F.);
#9033 = ORIENTED_EDGE('',*,*,#9034,.T.);
#9034 = EDGE_CURVE('',#8880,#8941,#9035,.T.);
#9035 = CIRCLE('',#9036,3.3401);
#9036 = AXIS2_PLACEMENT_3D('',#9037,#9038,#9039);
#9037 = CARTESIAN_POINT('',(16.51,12.1412,-6.35));
#9038 = DIRECTION('',(0.,1.,0.));
#9039 = DIRECTION('',(-0.961977186312,0.,0.273129809826));
#9040 = ORIENTED_EDGE('',*,*,#8950,.F.);
#9041 = ORIENTED_EDGE('',*,*,#9042,.T.);
#9042 = EDGE_CURVE('',#8951,#9043,#9045,.T.);
#9043 = VERTEX_POINT('',#9044);
#9044 = CARTESIAN_POINT('',(16.51,13.6652,-3.0099));
#9045 = LINE('',#9046,#9047);
#9046 = CARTESIAN_POINT('',(16.51,12.1412,-3.0099));
#9047 = VECTOR('',#9048,1.);
#9048 = DIRECTION('',(0.,1.,0.));
#9049 = ORIENTED_EDGE('',*,*,#9050,.T.);
#9050 = EDGE_CURVE('',#9043,#9051,#9053,.T.);
#9051 = VERTEX_POINT('',#9052);
#9052 = CARTESIAN_POINT('',(16.51,13.6652,-9.6901));
#9053 = CIRCLE('',#9054,3.3401);
#9054 = AXIS2_PLACEMENT_3D('',#9055,#9056,#9057);
#9055 = CARTESIAN_POINT('',(16.51,13.6652,-6.35));
#9056 = DIRECTION('',(0.,-1.,0.));
#9057 = DIRECTION('',(0.,0.,1.));
#9058 = ORIENTED_EDGE('',*,*,#9059,.F.);
#9059 = EDGE_CURVE('',#9010,#9051,#9060,.T.);
#9060 = LINE('',#9061,#9062);
#9061 = CARTESIAN_POINT('',(16.51,12.1412,-9.6901));
#9062 = VECTOR('',#9063,1.);
#9063 = DIRECTION('',(0.,1.,0.));
#9064 = ORIENTED_EDGE('',*,*,#9018,.F.);
#9065 = ORIENTED_EDGE('',*,*,#9066,.T.);
#9066 = EDGE_CURVE('',#9002,#8878,#9067,.T.);
#9067 = CIRCLE('',#9068,3.3401);
#9068 = AXIS2_PLACEMENT_3D('',#9069,#9070,#9071);
#9069 = CARTESIAN_POINT('',(16.51,12.1412,-6.35));
#9070 = DIRECTION('',(0.,1.,0.));
#9071 = DIRECTION('',(-0.273129809826,0.,-0.961977186312));
#9072 = CYLINDRICAL_SURFACE('',#9073,3.3401);
#9073 = AXIS2_PLACEMENT_3D('',#9074,#9075,#9076);
#9074 = CARTESIAN_POINT('',(16.51,3.89001,-6.35));
#9075 = DIRECTION('',(0.,1.,0.));
#9076 = DIRECTION('',(0.,-0.,1.));
#9077 = ADVANCED_FACE('',(#9078),#9101,.T.);
#9078 = FACE_BOUND('',#9079,.F.);
#9079 = EDGE_LOOP('',(#9080,#9087,#9095));
#9080 = ORIENTED_EDGE('',*,*,#9081,.T.);
#9081 = EDGE_CURVE('',#8943,#8975,#9082,.T.);
#9082 = CIRCLE('',#9083,3.3401);
#9083 = AXIS2_PLACEMENT_3D('',#9084,#9085,#9086);
#9084 = CARTESIAN_POINT('',(16.51,12.1412,-6.35));
#9085 = DIRECTION('',(0.,1.,0.));
#9086 = DIRECTION('',(0.273129809826,-0.,0.961977186312));
#9087 = ORIENTED_EDGE('',*,*,#9088,.F.);
#9088 = EDGE_CURVE('',#9089,#8975,#9091,.T.);
#9089 = VERTEX_POINT('',#9090);
#9090 = CARTESIAN_POINT('',(19.7231,12.1412,-3.1369));
#9091 = LINE('',#9092,#9093);
#9092 = CARTESIAN_POINT('',(19.7231,12.1412,-3.1369));
#9093 = VECTOR('',#9094,1.);
#9094 = DIRECTION('',(0.,0.,-1.));
#9095 = ORIENTED_EDGE('',*,*,#9096,.F.);
#9096 = EDGE_CURVE('',#8943,#9089,#9097,.T.);
#9097 = LINE('',#9098,#9099);
#9098 = CARTESIAN_POINT('',(17.4222808778,12.1412,-3.1369));
#9099 = VECTOR('',#9100,1.);
#9100 = DIRECTION('',(1.,0.,0.));
#9101 = PLANE('',#9102);
#9102 = AXIS2_PLACEMENT_3D('',#9103,#9104,#9105);
#9103 = CARTESIAN_POINT('',(16.51,12.1412,-6.35));
#9104 = DIRECTION('',(0.,1.,0.));
#9105 = DIRECTION('',(0.,-0.,1.));
#9106 = ADVANCED_FACE('',(#9107),#9130,.T.);
#9107 = FACE_BOUND('',#9108,.F.);
#9108 = EDGE_LOOP('',(#9109,#9116,#9124));
#9109 = ORIENTED_EDGE('',*,*,#9110,.T.);
#9110 = EDGE_CURVE('',#8977,#9000,#9111,.T.);
#9111 = CIRCLE('',#9112,3.3401);
#9112 = AXIS2_PLACEMENT_3D('',#9113,#9114,#9115);
#9113 = CARTESIAN_POINT('',(16.51,12.1412,-6.35));
#9114 = DIRECTION('',(0.,1.,0.));
#9115 = DIRECTION('',(0.961977186312,0.,-0.273129809826));
#9116 = ORIENTED_EDGE('',*,*,#9117,.F.);
#9117 = EDGE_CURVE('',#9118,#9000,#9120,.T.);
#9118 = VERTEX_POINT('',#9119);
#9119 = CARTESIAN_POINT('',(19.7231,12.1412,-9.5631));
#9120 = LINE('',#9121,#9122);
#9121 = CARTESIAN_POINT('',(19.7231,12.1412,-9.5631));
#9122 = VECTOR('',#9123,1.);
#9123 = DIRECTION('',(-1.,0.,0.));
#9124 = ORIENTED_EDGE('',*,*,#9125,.F.);
#9125 = EDGE_CURVE('',#8977,#9118,#9126,.T.);
#9126 = LINE('',#9127,#9128);
#9127 = CARTESIAN_POINT('',(19.7231,12.1412,-7.2622808778));
#9128 = VECTOR('',#9129,1.);
#9129 = DIRECTION('',(0.,0.,-1.));
#9130 = PLANE('',#9131);
#9131 = AXIS2_PLACEMENT_3D('',#9132,#9133,#9134);
#9132 = CARTESIAN_POINT('',(16.51,12.1412,-6.35));
#9133 = DIRECTION('',(0.,1.,0.));
#9134 = DIRECTION('',(0.,-0.,1.));
#9135 = ADVANCED_FACE('',(#9136),#9146,.T.);
#9136 = FACE_BOUND('',#9137,.F.);
#9137 = EDGE_LOOP('',(#9138,#9139,#9140));
#9138 = ORIENTED_EDGE('',*,*,#9066,.T.);
#9139 = ORIENTED_EDGE('',*,*,#8910,.F.);
#9140 = ORIENTED_EDGE('',*,*,#9141,.F.);
#9141 = EDGE_CURVE('',#9002,#8903,#9142,.T.);
#9142 = LINE('',#9143,#9144);
#9143 = CARTESIAN_POINT('',(15.5977191222,12.1412,-9.5631));
#9144 = VECTOR('',#9145,1.);
#9145 = DIRECTION('',(-1.,0.,0.));
#9146 = PLANE('',#9147);
#9147 = AXIS2_PLACEMENT_3D('',#9148,#9149,#9150);
#9148 = CARTESIAN_POINT('',(16.51,12.1412,-6.35));
#9149 = DIRECTION('',(0.,1.,0.));
#9150 = DIRECTION('',(0.,-0.,1.));
#9151 = ADVANCED_FACE('',(#9152),#9162,.T.);
#9152 = FACE_BOUND('',#9153,.F.);
#9153 = EDGE_LOOP('',(#9154,#9155,#9161));
#9154 = ORIENTED_EDGE('',*,*,#9034,.T.);
#9155 = ORIENTED_EDGE('',*,*,#9156,.F.);
#9156 = EDGE_CURVE('',#8888,#8941,#9157,.T.);
#9157 = LINE('',#9158,#9159);
#9158 = CARTESIAN_POINT('',(13.2969,12.1412,-3.1369));
#9159 = VECTOR('',#9160,1.);
#9160 = DIRECTION('',(1.,0.,0.));
#9161 = ORIENTED_EDGE('',*,*,#8887,.F.);
#9162 = PLANE('',#9163);
#9163 = AXIS2_PLACEMENT_3D('',#9164,#9165,#9166);
#9164 = CARTESIAN_POINT('',(16.51,12.1412,-6.35));
#9165 = DIRECTION('',(0.,1.,0.));
#9166 = DIRECTION('',(0.,-0.,1.));
#9167 = ADVANCED_FACE('',(#9168),#9184,.T.);
#9168 = FACE_BOUND('',#9169,.T.);
#9169 = EDGE_LOOP('',(#9170,#9171,#9172,#9173,#9174,#9181,#9182,#9183));
#9170 = ORIENTED_EDGE('',*,*,#8984,.T.);
#9171 = ORIENTED_EDGE('',*,*,#9110,.T.);
#9172 = ORIENTED_EDGE('',*,*,#9009,.T.);
#9173 = ORIENTED_EDGE('',*,*,#9059,.T.);
#9174 = ORIENTED_EDGE('',*,*,#9175,.F.);
#9175 = EDGE_CURVE('',#9043,#9051,#9176,.T.);
#9176 = CIRCLE('',#9177,3.3401);
#9177 = AXIS2_PLACEMENT_3D('',#9178,#9179,#9180);
#9178 = CARTESIAN_POINT('',(16.51,13.6652,-6.35));
#9179 = DIRECTION('',(0.,1.,0.));
#9180 = DIRECTION('',(0.,-0.,1.));
#9181 = ORIENTED_EDGE('',*,*,#9042,.F.);
#9182 = ORIENTED_EDGE('',*,*,#8959,.T.);
#9183 = ORIENTED_EDGE('',*,*,#9081,.T.);
#9184 = CYLINDRICAL_SURFACE('',#9185,3.3401);
#9185 = AXIS2_PLACEMENT_3D('',#9186,#9187,#9188);
#9186 = CARTESIAN_POINT('',(16.51,3.89001,-6.35));
#9187 = DIRECTION('',(0.,1.,0.));
#9188 = DIRECTION('',(0.,-0.,1.));
#9189 = ADVANCED_FACE('',(#9190),#9209,.T.);
#9190 = FACE_BOUND('',#9191,.T.);
#9191 = EDGE_LOOP('',(#9192,#9193,#9202));
#9192 = ORIENTED_EDGE('',*,*,#9175,.T.);
#9193 = ORIENTED_EDGE('',*,*,#9194,.T.);
#9194 = EDGE_CURVE('',#9051,#9195,#9197,.T.);
#9195 = VERTEX_POINT('',#9196);
#9196 = CARTESIAN_POINT('',(16.51,14.478,-6.35));
#9197 = CIRCLE('',#9198,7.26926171875);
#9198 = AXIS2_PLACEMENT_3D('',#9199,#9200,#9201);
#9199 = CARTESIAN_POINT('',(16.51,7.20873828125,-6.35));
#9200 = DIRECTION('',(1.,0.,0.));
#9201 = DIRECTION('',(0.,0.888186719443,-0.459482699788));
#9202 = ORIENTED_EDGE('',*,*,#9203,.F.);
#9203 = EDGE_CURVE('',#9043,#9195,#9204,.T.);
#9204 = CIRCLE('',#9205,7.26926171875);
#9205 = AXIS2_PLACEMENT_3D('',#9206,#9207,#9208);
#9206 = CARTESIAN_POINT('',(16.51,7.20873828125,-6.35));
#9207 = DIRECTION('',(-1.,0.,0.));
#9208 = DIRECTION('',(0.,0.888186719443,0.459482699788));
#9209 = SPHERICAL_SURFACE('',#9210,7.26926171875);
#9210 = AXIS2_PLACEMENT_3D('',#9211,#9212,#9213);
#9211 = CARTESIAN_POINT('',(16.51,7.20873828125,-6.35));
#9212 = DIRECTION('',(0.,1.,0.));
#9213 = DIRECTION('',(0.,-0.,1.));
#9214 = ADVANCED_FACE('',(#9215),#9220,.T.);
#9215 = FACE_BOUND('',#9216,.T.);
#9216 = EDGE_LOOP('',(#9217,#9218,#9219));
#9217 = ORIENTED_EDGE('',*,*,#9194,.F.);
#9218 = ORIENTED_EDGE('',*,*,#9050,.F.);
#9219 = ORIENTED_EDGE('',*,*,#9203,.T.);
#9220 = SPHERICAL_SURFACE('',#9221,7.26926171875);
#9221 = AXIS2_PLACEMENT_3D('',#9222,#9223,#9224);
#9222 = CARTESIAN_POINT('',(16.51,7.20873828125,-6.35));
#9223 = DIRECTION('',(0.,1.,0.));
#9224 = DIRECTION('',(0.,-0.,1.));
#9225 = ADVANCED_FACE('',(#9226),#9244,.T.);
#9226 = FACE_BOUND('',#9227,.F.);
#9227 = EDGE_LOOP('',(#9228,#9229,#9230,#9236,#9237,#9243));
#9228 = ORIENTED_EDGE('',*,*,#8974,.T.);
#9229 = ORIENTED_EDGE('',*,*,#9125,.T.);
#9230 = ORIENTED_EDGE('',*,*,#9231,.T.);
#9231 = EDGE_CURVE('',#9118,#8846,#9232,.T.);
#9232 = LINE('',#9233,#9234);
#9233 = CARTESIAN_POINT('',(19.7231,12.1412,-9.5631));
#9234 = VECTOR('',#9235,1.);
#9235 = DIRECTION('',(0.,-1.,0.));
#9236 = ORIENTED_EDGE('',*,*,#8845,.F.);
#9237 = ORIENTED_EDGE('',*,*,#9238,.F.);
#9238 = EDGE_CURVE('',#9089,#8838,#9239,.T.);
#9239 = LINE('',#9240,#9241);
#9240 = CARTESIAN_POINT('',(19.7231,12.1412,-3.1369));
#9241 = VECTOR('',#9242,1.);
#9242 = DIRECTION('',(0.,-1.,0.));
#9243 = ORIENTED_EDGE('',*,*,#9088,.T.);
#9244 = PLANE('',#9245);
#9245 = AXIS2_PLACEMENT_3D('',#9246,#9247,#9248);
#9246 = CARTESIAN_POINT('',(19.7231,12.1412,-3.1369));
#9247 = DIRECTION('',(1.,0.,0.));
#9248 = DIRECTION('',(0.,0.,-1.));
#9249 = ADVANCED_FACE('',(#9250),#9258,.T.);
#9250 = FACE_BOUND('',#9251,.F.);
#9251 = EDGE_LOOP('',(#9252,#9253,#9254,#9255,#9256,#9257));
#9252 = ORIENTED_EDGE('',*,*,#8999,.T.);
#9253 = ORIENTED_EDGE('',*,*,#9141,.T.);
#9254 = ORIENTED_EDGE('',*,*,#8902,.T.);
#9255 = ORIENTED_EDGE('',*,*,#8853,.F.);
#9256 = ORIENTED_EDGE('',*,*,#9231,.F.);
#9257 = ORIENTED_EDGE('',*,*,#9117,.T.);
#9258 = PLANE('',#9259);
#9259 = AXIS2_PLACEMENT_3D('',#9260,#9261,#9262);
#9260 = CARTESIAN_POINT('',(19.7231,12.1412,-9.5631));
#9261 = DIRECTION('',(0.,0.,-1.));
#9262 = DIRECTION('',(-1.,0.,0.));
#9263 = ADVANCED_FACE('',(#9264),#9272,.T.);
#9264 = FACE_BOUND('',#9265,.F.);
#9265 = EDGE_LOOP('',(#9266,#9267,#9268,#9269,#9270,#9271));
#9266 = ORIENTED_EDGE('',*,*,#8940,.T.);
#9267 = ORIENTED_EDGE('',*,*,#9096,.T.);
#9268 = ORIENTED_EDGE('',*,*,#9238,.T.);
#9269 = ORIENTED_EDGE('',*,*,#8837,.F.);
#9270 = ORIENTED_EDGE('',*,*,#8895,.F.);
#9271 = ORIENTED_EDGE('',*,*,#9156,.T.);
#9272 = PLANE('',#9273);
#9273 = AXIS2_PLACEMENT_3D('',#9274,#9275,#9276);
#9274 = CARTESIAN_POINT('',(13.2969,12.1412,-3.1369));
#9275 = DIRECTION('',(0.,0.,1.));
#9276 = DIRECTION('',(1.,0.,-0.));
#9277 = ADVANCED_FACE('',(#9278),#9284,.T.);
#9278 = FACE_BOUND('',#9279,.T.);
#9279 = EDGE_LOOP('',(#9280,#9281,#9282,#9283));
#9280 = ORIENTED_EDGE('',*,*,#8804,.F.);
#9281 = ORIENTED_EDGE('',*,*,#8780,.T.);
#9282 = ORIENTED_EDGE('',*,*,#8795,.T.);
#9283 = ORIENTED_EDGE('',*,*,#8862,.F.);
#9284 = CYLINDRICAL_SURFACE('',#9285,1.70434);
#9285 = AXIS2_PLACEMENT_3D('',#9286,#9287,#9288);
#9286 = CARTESIAN_POINT('',(16.51,3.89001,-6.35));
#9287 = DIRECTION('',(0.,1.,0.));
#9288 = DIRECTION('',(0.,-0.,1.));
#9289 = ADVANCED_FACE('',(#9290),#9296,.T.);
#9290 = FACE_BOUND('',#9291,.F.);
#9291 = EDGE_LOOP('',(#9292,#9293,#9294,#9295));
#9292 = ORIENTED_EDGE('',*,*,#675,.T.);
#9293 = ORIENTED_EDGE('',*,*,#1175,.T.);
#9294 = ORIENTED_EDGE('',*,*,#1682,.F.);
#9295 = ORIENTED_EDGE('',*,*,#1331,.F.);
#9296 = PLANE('',#9297);
#9297 = AXIS2_PLACEMENT_3D('',#9298,#9299,#9300);
#9298 = CARTESIAN_POINT('',(-13.1445,13.462,-1.6002));
#9299 = DIRECTION('',(-1.,0.,0.));
#9300 = DIRECTION('',(0.,0.,1.));
#9301 = ADVANCED_FACE('',(#9302),#9308,.F.);
#9302 = FACE_BOUND('',#9303,.F.);
#9303 = EDGE_LOOP('',(#9304,#9305,#9306,#9307));
#9304 = ORIENTED_EDGE('',*,*,#858,.T.);
#9305 = ORIENTED_EDGE('',*,*,#1566,.T.);
#9306 = ORIENTED_EDGE('',*,*,#1861,.F.);
#9307 = ORIENTED_EDGE('',*,*,#1252,.T.);
#9308 = PLANE('',#9309);
#9309 = AXIS2_PLACEMENT_3D('',#9310,#9311,#9312);
#9310 = CARTESIAN_POINT('',(13.1445,13.462,-1.6002));
#9311 = DIRECTION('',(-1.,0.,0.));
#9312 = DIRECTION('',(0.,0.,1.));
#9313 = ADVANCED_FACE('',(#9314),#9339,.F.);
#9314 = FACE_BOUND('',#9315,.F.);
#9315 = EDGE_LOOP('',(#9316,#9317,#9325,#9333));
#9316 = ORIENTED_EDGE('',*,*,#1584,.F.);
#9317 = ORIENTED_EDGE('',*,*,#9318,.T.);
#9318 = EDGE_CURVE('',#1585,#9319,#9321,.T.);
#9319 = VERTEX_POINT('',#9320);
#9320 = CARTESIAN_POINT('',(15.8496,-4.064,-2.032));
#9321 = LINE('',#9322,#9323);
#9322 = CARTESIAN_POINT('',(15.8496,0.8255,-2.032));
#9323 = VECTOR('',#9324,1.);
#9324 = DIRECTION('',(0.,-1.,0.));
#9325 = ORIENTED_EDGE('',*,*,#9326,.T.);
#9326 = EDGE_CURVE('',#9319,#9327,#9329,.T.);
#9327 = VERTEX_POINT('',#9328);
#9328 = CARTESIAN_POINT('',(15.8496,-4.064,-2.8702));
#9329 = LINE('',#9330,#9331);
#9330 = CARTESIAN_POINT('',(15.8496,-4.064,-2.032));
#9331 = VECTOR('',#9332,1.);
#9332 = DIRECTION('',(0.,0.,-1.));
#9333 = ORIENTED_EDGE('',*,*,#9334,.T.);
#9334 = EDGE_CURVE('',#9327,#1587,#9335,.T.);
#9335 = LINE('',#9336,#9337);
#9336 = CARTESIAN_POINT('',(15.8496,-4.064,-2.8702));
#9337 = VECTOR('',#9338,1.);
#9338 = DIRECTION('',(0.,1.,0.));
#9339 = PLANE('',#9340);
#9340 = AXIS2_PLACEMENT_3D('',#9341,#9342,#9343);
#9341 = CARTESIAN_POINT('',(15.8496,0.,0.));
#9342 = DIRECTION('',(1.,0.,0.));
#9343 = DIRECTION('',(0.,0.,-1.));
#9344 = ADVANCED_FACE('',(#9345),#9363,.T.);
#9345 = FACE_BOUND('',#9346,.F.);
#9346 = EDGE_LOOP('',(#9347,#9348,#9356,#9362));
#9347 = ORIENTED_EDGE('',*,*,#1610,.T.);
#9348 = ORIENTED_EDGE('',*,*,#9349,.T.);
#9349 = EDGE_CURVE('',#1603,#9350,#9352,.T.);
#9350 = VERTEX_POINT('',#9351);
#9351 = CARTESIAN_POINT('',(17.1704,-4.064,-2.032));
#9352 = LINE('',#9353,#9354);
#9353 = CARTESIAN_POINT('',(17.1704,0.8255,-2.032));
#9354 = VECTOR('',#9355,1.);
#9355 = DIRECTION('',(0.,-1.,0.));
#9356 = ORIENTED_EDGE('',*,*,#9357,.F.);
#9357 = EDGE_CURVE('',#9319,#9350,#9358,.T.);
#9358 = LINE('',#9359,#9360);
#9359 = CARTESIAN_POINT('',(15.8496,-4.064,-2.032));
#9360 = VECTOR('',#9361,1.);
#9361 = DIRECTION('',(1.,0.,0.));
#9362 = ORIENTED_EDGE('',*,*,#9318,.F.);
#9363 = PLANE('',#9364);
#9364 = AXIS2_PLACEMENT_3D('',#9365,#9366,#9367);
#9365 = CARTESIAN_POINT('',(15.8496,0.8255,-2.032));
#9366 = DIRECTION('',(0.,0.,1.));
#9367 = DIRECTION('',(0.,-1.,0.));
#9368 = ADVANCED_FACE('',(#9369),#9387,.T.);
#9369 = FACE_BOUND('',#9370,.F.);
#9370 = EDGE_LOOP('',(#9371,#9372,#9380,#9386));
#9371 = ORIENTED_EDGE('',*,*,#1602,.T.);
#9372 = ORIENTED_EDGE('',*,*,#9373,.F.);
#9373 = EDGE_CURVE('',#9374,#1595,#9376,.T.);
#9374 = VERTEX_POINT('',#9375);
#9375 = CARTESIAN_POINT('',(17.1704,-4.064,-2.8702));
#9376 = LINE('',#9377,#9378);
#9377 = CARTESIAN_POINT('',(17.1704,-4.064,-2.8702));
#9378 = VECTOR('',#9379,1.);
#9379 = DIRECTION('',(0.,1.,0.));
#9380 = ORIENTED_EDGE('',*,*,#9381,.F.);
#9381 = EDGE_CURVE('',#9350,#9374,#9382,.T.);
#9382 = LINE('',#9383,#9384);
#9383 = CARTESIAN_POINT('',(17.1704,-4.064,-2.032));
#9384 = VECTOR('',#9385,1.);
#9385 = DIRECTION('',(0.,0.,-1.));
#9386 = ORIENTED_EDGE('',*,*,#9349,.F.);
#9387 = PLANE('',#9388);
#9388 = AXIS2_PLACEMENT_3D('',#9389,#9390,#9391);
#9389 = CARTESIAN_POINT('',(17.1704,0.,0.));
#9390 = DIRECTION('',(1.,0.,0.));
#9391 = DIRECTION('',(0.,0.,-1.));
#9392 = ADVANCED_FACE('',(#9393),#9404,.T.);
#9393 = FACE_BOUND('',#9394,.F.);
#9394 = EDGE_LOOP('',(#9395,#9396,#9397,#9403));
#9395 = ORIENTED_EDGE('',*,*,#1594,.F.);
#9396 = ORIENTED_EDGE('',*,*,#9334,.F.);
#9397 = ORIENTED_EDGE('',*,*,#9398,.T.);
#9398 = EDGE_CURVE('',#9327,#9374,#9399,.T.);
#9399 = LINE('',#9400,#9401);
#9400 = CARTESIAN_POINT('',(15.8496,-4.064,-2.8702));
#9401 = VECTOR('',#9402,1.);
#9402 = DIRECTION('',(1.,0.,0.));
#9403 = ORIENTED_EDGE('',*,*,#9373,.T.);
#9404 = PLANE('',#9405);
#9405 = AXIS2_PLACEMENT_3D('',#9406,#9407,#9408);
#9406 = CARTESIAN_POINT('',(15.8496,-4.064,-2.8702));
#9407 = DIRECTION('',(0.,0.,-1.));
#9408 = DIRECTION('',(0.,1.,0.));
#9409 = ADVANCED_FACE('',(#9410),#9416,.T.);
#9410 = FACE_BOUND('',#9411,.F.);
#9411 = EDGE_LOOP('',(#9412,#9413,#9414,#9415));
#9412 = ORIENTED_EDGE('',*,*,#9326,.F.);
#9413 = ORIENTED_EDGE('',*,*,#9357,.T.);
#9414 = ORIENTED_EDGE('',*,*,#9381,.T.);
#9415 = ORIENTED_EDGE('',*,*,#9398,.F.);
#9416 = PLANE('',#9417);
#9417 = AXIS2_PLACEMENT_3D('',#9418,#9419,#9420);
#9418 = CARTESIAN_POINT('',(15.8496,-4.064,-2.032));
#9419 = DIRECTION('',(0.,-1.,0.));
#9420 = DIRECTION('',(0.,0.,-1.));
#9421 = ADVANCED_FACE('',(#9422),#9447,.F.);
#9422 = FACE_BOUND('',#9423,.F.);
#9423 = EDGE_LOOP('',(#9424,#9425,#9433,#9441));
#9424 = ORIENTED_EDGE('',*,*,#1374,.F.);
#9425 = ORIENTED_EDGE('',*,*,#9426,.T.);
#9426 = EDGE_CURVE('',#1375,#9427,#9429,.T.);
#9427 = VERTEX_POINT('',#9428);
#9428 = CARTESIAN_POINT('',(-17.1704,-4.064,-2.032));
#9429 = LINE('',#9430,#9431);
#9430 = CARTESIAN_POINT('',(-17.1704,0.8255,-2.032));
#9431 = VECTOR('',#9432,1.);
#9432 = DIRECTION('',(0.,-1.,0.));
#9433 = ORIENTED_EDGE('',*,*,#9434,.T.);
#9434 = EDGE_CURVE('',#9427,#9435,#9437,.T.);
#9435 = VERTEX_POINT('',#9436);
#9436 = CARTESIAN_POINT('',(-17.1704,-4.064,-2.8702));
#9437 = LINE('',#9438,#9439);
#9438 = CARTESIAN_POINT('',(-17.1704,-4.064,-2.032));
#9439 = VECTOR('',#9440,1.);
#9440 = DIRECTION('',(0.,0.,-1.));
#9441 = ORIENTED_EDGE('',*,*,#9442,.T.);
#9442 = EDGE_CURVE('',#9435,#1377,#9443,.T.);
#9443 = LINE('',#9444,#9445);
#9444 = CARTESIAN_POINT('',(-17.1704,-4.064,-2.8702));
#9445 = VECTOR('',#9446,1.);
#9446 = DIRECTION('',(0.,1.,0.));
#9447 = PLANE('',#9448);
#9448 = AXIS2_PLACEMENT_3D('',#9449,#9450,#9451);
#9449 = CARTESIAN_POINT('',(-17.1704,0.,0.));
#9450 = DIRECTION('',(1.,0.,0.));
#9451 = DIRECTION('',(0.,0.,-1.));
#9452 = ADVANCED_FACE('',(#9453),#9471,.T.);
#9453 = FACE_BOUND('',#9454,.F.);
#9454 = EDGE_LOOP('',(#9455,#9456,#9464,#9470));
#9455 = ORIENTED_EDGE('',*,*,#1400,.T.);
#9456 = ORIENTED_EDGE('',*,*,#9457,.T.);
#9457 = EDGE_CURVE('',#1393,#9458,#9460,.T.);
#9458 = VERTEX_POINT('',#9459);
#9459 = CARTESIAN_POINT('',(-15.8496,-4.064,-2.032));
#9460 = LINE('',#9461,#9462);
#9461 = CARTESIAN_POINT('',(-15.8496,0.8255,-2.032));
#9462 = VECTOR('',#9463,1.);
#9463 = DIRECTION('',(0.,-1.,0.));
#9464 = ORIENTED_EDGE('',*,*,#9465,.F.);
#9465 = EDGE_CURVE('',#9427,#9458,#9466,.T.);
#9466 = LINE('',#9467,#9468);
#9467 = CARTESIAN_POINT('',(-17.1704,-4.064,-2.032));
#9468 = VECTOR('',#9469,1.);
#9469 = DIRECTION('',(1.,0.,0.));
#9470 = ORIENTED_EDGE('',*,*,#9426,.F.);
#9471 = PLANE('',#9472);
#9472 = AXIS2_PLACEMENT_3D('',#9473,#9474,#9475);
#9473 = CARTESIAN_POINT('',(-17.1704,0.8255,-2.032));
#9474 = DIRECTION('',(0.,0.,1.));
#9475 = DIRECTION('',(0.,-1.,0.));
#9476 = ADVANCED_FACE('',(#9477),#9495,.T.);
#9477 = FACE_BOUND('',#9478,.F.);
#9478 = EDGE_LOOP('',(#9479,#9480,#9488,#9494));
#9479 = ORIENTED_EDGE('',*,*,#1392,.T.);
#9480 = ORIENTED_EDGE('',*,*,#9481,.F.);
#9481 = EDGE_CURVE('',#9482,#1385,#9484,.T.);
#9482 = VERTEX_POINT('',#9483);
#9483 = CARTESIAN_POINT('',(-15.8496,-4.064,-2.8702));
#9484 = LINE('',#9485,#9486);
#9485 = CARTESIAN_POINT('',(-15.8496,-4.064,-2.8702));
#9486 = VECTOR('',#9487,1.);
#9487 = DIRECTION('',(0.,1.,0.));
#9488 = ORIENTED_EDGE('',*,*,#9489,.F.);
#9489 = EDGE_CURVE('',#9458,#9482,#9490,.T.);
#9490 = LINE('',#9491,#9492);
#9491 = CARTESIAN_POINT('',(-15.8496,-4.064,-2.032));
#9492 = VECTOR('',#9493,1.);
#9493 = DIRECTION('',(0.,0.,-1.));
#9494 = ORIENTED_EDGE('',*,*,#9457,.F.);
#9495 = PLANE('',#9496);
#9496 = AXIS2_PLACEMENT_3D('',#9497,#9498,#9499);
#9497 = CARTESIAN_POINT('',(-15.8496,0.,0.));
#9498 = DIRECTION('',(1.,0.,0.));
#9499 = DIRECTION('',(0.,0.,-1.));
#9500 = ADVANCED_FACE('',(#9501),#9512,.T.);
#9501 = FACE_BOUND('',#9502,.F.);
#9502 = EDGE_LOOP('',(#9503,#9504,#9505,#9511));
#9503 = ORIENTED_EDGE('',*,*,#1384,.F.);
#9504 = ORIENTED_EDGE('',*,*,#9442,.F.);
#9505 = ORIENTED_EDGE('',*,*,#9506,.T.);
#9506 = EDGE_CURVE('',#9435,#9482,#9507,.T.);
#9507 = LINE('',#9508,#9509);
#9508 = CARTESIAN_POINT('',(-17.1704,-4.064,-2.8702));
#9509 = VECTOR('',#9510,1.);
#9510 = DIRECTION('',(1.,0.,0.));
#9511 = ORIENTED_EDGE('',*,*,#9481,.T.);
#9512 = PLANE('',#9513);
#9513 = AXIS2_PLACEMENT_3D('',#9514,#9515,#9516);
#9514 = CARTESIAN_POINT('',(-17.1704,-4.064,-2.8702));
#9515 = DIRECTION('',(0.,0.,-1.));
#9516 = DIRECTION('',(0.,1.,0.));
#9517 = ADVANCED_FACE('',(#9518),#9524,.T.);
#9518 = FACE_BOUND('',#9519,.F.);
#9519 = EDGE_LOOP('',(#9520,#9521,#9522,#9523));
#9520 = ORIENTED_EDGE('',*,*,#9434,.F.);
#9521 = ORIENTED_EDGE('',*,*,#9465,.T.);
#9522 = ORIENTED_EDGE('',*,*,#9489,.T.);
#9523 = ORIENTED_EDGE('',*,*,#9506,.F.);
#9524 = PLANE('',#9525);
#9525 = AXIS2_PLACEMENT_3D('',#9526,#9527,#9528);
#9526 = CARTESIAN_POINT('',(-17.1704,-4.064,-2.032));
#9527 = DIRECTION('',(0.,-1.,0.));
#9528 = DIRECTION('',(0.,0.,-1.));
#9529 = ( GEOMETRIC_REPRESENTATION_CONTEXT(3) 
GLOBAL_UNCERTAINTY_ASSIGNED_CONTEXT((#9533)) 
GLOBAL_UNIT_ASSIGNED_CONTEXT((#9530,#9531,#9532)) REPRESENTATION_CONTEXT
('Context #1','3D Context with UNIT and UNCERTAINTY') );
#9530 = ( LENGTH_UNIT() NAMED_UNIT(*) SI_UNIT(.MILLI.,.METRE.) );
#9531 = ( NAMED_UNIT(*) PLANE_ANGLE_UNIT() SI_UNIT($,.RADIAN.) );
#9532 = ( NAMED_UNIT(*) SI_UNIT($,.STERADIAN.) SOLID_ANGLE_UNIT() );
#9533 = UNCERTAINTY_MEASURE_WITH_UNIT(LENGTH_MEASURE(1.E-07),#9530,
  'distance_accuracy_value','confusion accuracy');
#9534 = CONTEXT_DEPENDENT_SHAPE_REPRESENTATION(#9535,#9537);
#9535 = ( REPRESENTATION_RELATIONSHIP('','',#528,#505) 
REPRESENTATION_RELATIONSHIP_WITH_TRANSFORMATION(#9536) 
SHAPE_REPRESENTATION_RELATIONSHIP() );
#9536 = ITEM_DEFINED_TRANSFORMATION('','',#11,#506);
#9537 = PRODUCT_DEFINITION_SHAPE('Placement','Placement of an item',
  #9538);
#9538 = NEXT_ASSEMBLY_USAGE_OCCURRENCE('3','=>[0:1:1:5]','',#500,#523,$
  );
#9539 = PRODUCT_RELATED_PRODUCT_CATEGORY('part',$,(#525));
#9540 = CONTEXT_DEPENDENT_SHAPE_REPRESENTATION(#9541,#9543);
#9541 = ( REPRESENTATION_RELATIONSHIP('','',#505,#10) 
REPRESENTATION_RELATIONSHIP_WITH_TRANSFORMATION(#9542) 
SHAPE_REPRESENTATION_RELATIONSHIP() );
#9542 = ITEM_DEFINED_TRANSFORMATION('','',#11,#23);
#9543 = PRODUCT_DEFINITION_SHAPE('Placement','Placement of an item',
  #9544);
#9544 = NEXT_ASSEMBLY_USAGE_OCCURRENCE('5','J4','',#5,#500,$);
#9545 = CONTEXT_DEPENDENT_SHAPE_REPRESENTATION(#9546,#9548);
#9546 = ( REPRESENTATION_RELATIONSHIP('','',#505,#10) 
REPRESENTATION_RELATIONSHIP_WITH_TRANSFORMATION(#9547) 
SHAPE_REPRESENTATION_RELATIONSHIP() );
#9547 = ITEM_DEFINED_TRANSFORMATION('','',#11,#27);
#9548 = PRODUCT_DEFINITION_SHAPE('Placement','Placement of an item',
  #9549);
#9549 = NEXT_ASSEMBLY_USAGE_OCCURRENCE('6','J2','',#5,#500,$);
#9550 = CONTEXT_DEPENDENT_SHAPE_REPRESENTATION(#9551,#9553);
#9551 = ( REPRESENTATION_RELATIONSHIP('','',#505,#10) 
REPRESENTATION_RELATIONSHIP_WITH_TRANSFORMATION(#9552) 
SHAPE_REPRESENTATION_RELATIONSHIP() );
#9552 = ITEM_DEFINED_TRANSFORMATION('','',#11,#31);
#9553 = PRODUCT_DEFINITION_SHAPE('Placement','Placement of an item',
  #9554);
#9554 = NEXT_ASSEMBLY_USAGE_OCCURRENCE('7','J1','',#5,#500,$);
#9555 = CONTEXT_DEPENDENT_SHAPE_REPRESENTATION(#9556,#9558);
#9556 = ( REPRESENTATION_RELATIONSHIP('','',#76,#10) 
REPRESENTATION_RELATIONSHIP_WITH_TRANSFORMATION(#9557) 
SHAPE_REPRESENTATION_RELATIONSHIP() );
#9557 = ITEM_DEFINED_TRANSFORMATION('','',#11,#35);
#9558 = PRODUCT_DEFINITION_SHAPE('Placement','Placement of an item',
  #9559);
#9559 = NEXT_ASSEMBLY_USAGE_OCCURRENCE('8','R2','',#5,#71,$);
#9560 = SHAPE_DEFINITION_REPRESENTATION(#9561,#9567);
#9561 = PRODUCT_DEFINITION_SHAPE('','',#9562);
#9562 = PRODUCT_DEFINITION('design','',#9563,#9566);
#9563 = PRODUCT_DEFINITION_FORMATION('','',#9564);
#9564 = PRODUCT('JST_XH_S2B-XH-A-1_1x02_P2.50mm_Horizontal',
  'JST_XH_S2B-XH-A-1_1x02_P2.50mm_Horizontal','',(#9565));
#9565 = PRODUCT_CONTEXT('',#2,'mechanical');
#9566 = PRODUCT_DEFINITION_CONTEXT('part definition',#2,'design');
#9567 = SHAPE_REPRESENTATION('',(#11,#9568),#9572);
#9568 = AXIS2_PLACEMENT_3D('',#9569,#9570,#9571);
#9569 = CARTESIAN_POINT('',(0.,0.,0.));
#9570 = DIRECTION('',(0.,0.,1.));
#9571 = DIRECTION('',(1.,0.,-0.));
#9572 = ( GEOMETRIC_REPRESENTATION_CONTEXT(3) 
GLOBAL_UNCERTAINTY_ASSIGNED_CONTEXT((#9576)) 
GLOBAL_UNIT_ASSIGNED_CONTEXT((#9573,#9574,#9575)) REPRESENTATION_CONTEXT
('Context #1','3D Context with UNIT and UNCERTAINTY') );
#9573 = ( LENGTH_UNIT() NAMED_UNIT(*) SI_UNIT(.MILLI.,.METRE.) );
#9574 = ( NAMED_UNIT(*) PLANE_ANGLE_UNIT() SI_UNIT($,.RADIAN.) );
#9575 = ( NAMED_UNIT(*) SI_UNIT($,.STERADIAN.) SOLID_ANGLE_UNIT() );
#9576 = UNCERTAINTY_MEASURE_WITH_UNIT(LENGTH_MEASURE(1.E-07),#9573,
  'distance_accuracy_value','confusion accuracy');
#9577 = CONTEXT_DEPENDENT_SHAPE_REPRESENTATION(#9578,#9580);
#9578 = ( REPRESENTATION_RELATIONSHIP('','',#9567,#10) 
REPRESENTATION_RELATIONSHIP_WITH_TRANSFORMATION(#9579) 
SHAPE_REPRESENTATION_RELATIONSHIP() );
#9579 = ITEM_DEFINED_TRANSFORMATION('','',#11,#39);
#9580 = PRODUCT_DEFINITION_SHAPE('Placement','Placement of an item',
  #9581);
#9581 = NEXT_ASSEMBLY_USAGE_OCCURRENCE('10','J6','',#5,#9562,$);
#9582 = PRODUCT_RELATED_PRODUCT_CATEGORY('part',$,(#9564));
#9583 = SHAPE_DEFINITION_REPRESENTATION(#9584,#9590);
#9584 = PRODUCT_DEFINITION_SHAPE('','',#9585);
#9585 = PRODUCT_DEFINITION('design','',#9586,#9589);
#9586 = PRODUCT_DEFINITION_FORMATION('','',#9587);
#9587 = PRODUCT('JST_S2B_XH_A_1','JST_S2B_XH_A_1','',(#9588));
#9588 = PRODUCT_CONTEXT('',#2,'mechanical');
#9589 = PRODUCT_DEFINITION_CONTEXT('part definition',#2,'design');
#9590 = ADVANCED_BREP_SHAPE_REPRESENTATION('',(#11,#9591),#12842);
#9591 = MANIFOLD_SOLID_BREP('',#9592);
#9592 = CLOSED_SHELL('',(#9593,#9697,#9744,#9784,#9808,#9848,#9872,#9912
    ,#9936,#9976,#10016,#10056,#10144,#10177,#10201,#10273,#10413,#10430
    ,#10476,#10493,#10539,#10563,#10628,#10645,#10657,#10688,#10713,
    #10730,#10762,#10786,#10803,#10815,#10839,#10864,#11009,#11026,
    #11043,#11060,#11077,#11094,#11111,#11128,#11145,#11162,#11179,
    #11196,#11213,#11225,#11256,#11346,#11370,#11453,#11550,#11574,
    #11664,#11681,#11706,#11723,#11750,#11777,#11794,#11874,#11891,
    #11908,#11925,#11942,#11975,#12015,#12046,#12063,#12075,#12108,
    #12125,#12142,#12159,#12192,#12232,#12263,#12280,#12297,#12309,
    #12342,#12373,#12397,#12421,#12438,#12469,#12493,#12517,#12534,
    #12551,#12568,#12580,#12597,#12614,#12626,#12657,#12681,#12705,
    #12722,#12753,#12777,#12801,#12818,#12830));
#9593 = ADVANCED_FACE('',(#9594),#9692,.F.);
#9594 = FACE_BOUND('',#9595,.F.);
#9595 = EDGE_LOOP('',(#9596,#9606,#9614,#9622,#9630,#9638,#9646,#9654,
    #9662,#9670,#9678,#9686));
#9596 = ORIENTED_EDGE('',*,*,#9597,.F.);
#9597 = EDGE_CURVE('',#9598,#9600,#9602,.T.);
#9598 = VERTEX_POINT('',#9599);
#9599 = CARTESIAN_POINT('',(-1.95,-0.6,0.35));
#9600 = VERTEX_POINT('',#9601);
#9601 = CARTESIAN_POINT('',(-0.75,-0.6,0.35));
#9602 = LINE('',#9603,#9604);
#9603 = CARTESIAN_POINT('',(-2.45,-0.6,0.35));
#9604 = VECTOR('',#9605,1.);
#9605 = DIRECTION('',(1.,-1.224646799147E-16,0.));
#9606 = ORIENTED_EDGE('',*,*,#9607,.F.);
#9607 = EDGE_CURVE('',#9608,#9598,#9610,.T.);
#9608 = VERTEX_POINT('',#9609);
#9609 = CARTESIAN_POINT('',(-1.95,-7.6,0.35));
#9610 = LINE('',#9611,#9612);
#9611 = CARTESIAN_POINT('',(-1.95,-7.6,0.35));
#9612 = VECTOR('',#9613,1.);
#9613 = DIRECTION('',(1.224646799147E-16,1.,0.));
#9614 = ORIENTED_EDGE('',*,*,#9615,.T.);
#9615 = EDGE_CURVE('',#9608,#9616,#9618,.T.);
#9616 = VERTEX_POINT('',#9617);
#9617 = CARTESIAN_POINT('',(4.45,-7.6,0.35));
#9618 = LINE('',#9619,#9620);
#9619 = CARTESIAN_POINT('',(-2.45,-7.6,0.35));
#9620 = VECTOR('',#9621,1.);
#9621 = DIRECTION('',(1.,-1.224646799147E-16,0.));
#9622 = ORIENTED_EDGE('',*,*,#9623,.T.);
#9623 = EDGE_CURVE('',#9616,#9624,#9626,.T.);
#9624 = VERTEX_POINT('',#9625);
#9625 = CARTESIAN_POINT('',(4.45,-0.6,0.35));
#9626 = LINE('',#9627,#9628);
#9627 = CARTESIAN_POINT('',(4.45,-7.6,0.35));
#9628 = VECTOR('',#9629,1.);
#9629 = DIRECTION('',(1.224646799147E-16,1.,0.));
#9630 = ORIENTED_EDGE('',*,*,#9631,.F.);
#9631 = EDGE_CURVE('',#9632,#9624,#9634,.T.);
#9632 = VERTEX_POINT('',#9633);
#9633 = CARTESIAN_POINT('',(3.25,-0.6,0.35));
#9634 = LINE('',#9635,#9636);
#9635 = CARTESIAN_POINT('',(-2.45,-0.6,0.35));
#9636 = VECTOR('',#9637,1.);
#9637 = DIRECTION('',(1.,-1.224646799147E-16,0.));
#9638 = ORIENTED_EDGE('',*,*,#9639,.F.);
#9639 = EDGE_CURVE('',#9640,#9632,#9642,.T.);
#9640 = VERTEX_POINT('',#9641);
#9641 = CARTESIAN_POINT('',(3.25,-1.6,0.35));
#9642 = LINE('',#9643,#9644);
#9643 = CARTESIAN_POINT('',(3.25,-1.6,0.35));
#9644 = VECTOR('',#9645,1.);
#9645 = DIRECTION('',(1.224646799147E-16,1.,-1.110223024625E-16));
#9646 = ORIENTED_EDGE('',*,*,#9647,.T.);
#9647 = EDGE_CURVE('',#9640,#9648,#9650,.T.);
#9648 = VERTEX_POINT('',#9649);
#9649 = CARTESIAN_POINT('',(1.75,-1.6,0.35));
#9650 = LINE('',#9651,#9652);
#9651 = CARTESIAN_POINT('',(3.25,-1.6,0.35));
#9652 = VECTOR('',#9653,1.);
#9653 = DIRECTION('',(-1.,1.224646799147E-16,0.));
#9654 = ORIENTED_EDGE('',*,*,#9655,.T.);
#9655 = EDGE_CURVE('',#9648,#9656,#9658,.T.);
#9656 = VERTEX_POINT('',#9657);
#9657 = CARTESIAN_POINT('',(1.75,-0.6,0.35));
#9658 = LINE('',#9659,#9660);
#9659 = CARTESIAN_POINT('',(1.75,-1.6,0.35));
#9660 = VECTOR('',#9661,1.);
#9661 = DIRECTION('',(1.224646799147E-16,1.,-1.110223024625E-16));
#9662 = ORIENTED_EDGE('',*,*,#9663,.F.);
#9663 = EDGE_CURVE('',#9664,#9656,#9666,.T.);
#9664 = VERTEX_POINT('',#9665);
#9665 = CARTESIAN_POINT('',(0.75,-0.6,0.35));
#9666 = LINE('',#9667,#9668);
#9667 = CARTESIAN_POINT('',(-2.45,-0.6,0.35));
#9668 = VECTOR('',#9669,1.);
#9669 = DIRECTION('',(1.,-1.224646799147E-16,0.));
#9670 = ORIENTED_EDGE('',*,*,#9671,.F.);
#9671 = EDGE_CURVE('',#9672,#9664,#9674,.T.);
#9672 = VERTEX_POINT('',#9673);
#9673 = CARTESIAN_POINT('',(0.75,-1.6,0.35));
#9674 = LINE('',#9675,#9676);
#9675 = CARTESIAN_POINT('',(0.75,-1.6,0.35));
#9676 = VECTOR('',#9677,1.);
#9677 = DIRECTION('',(1.224646799147E-16,1.,-1.110223024625E-16));
#9678 = ORIENTED_EDGE('',*,*,#9679,.T.);
#9679 = EDGE_CURVE('',#9672,#9680,#9682,.T.);
#9680 = VERTEX_POINT('',#9681);
#9681 = CARTESIAN_POINT('',(-0.75,-1.6,0.35));
#9682 = LINE('',#9683,#9684);
#9683 = CARTESIAN_POINT('',(0.75,-1.6,0.35));
#9684 = VECTOR('',#9685,1.);
#9685 = DIRECTION('',(-1.,1.224646799147E-16,0.));
#9686 = ORIENTED_EDGE('',*,*,#9687,.T.);
#9687 = EDGE_CURVE('',#9680,#9600,#9688,.T.);
#9688 = LINE('',#9689,#9690);
#9689 = CARTESIAN_POINT('',(-0.75,-1.6,0.35));
#9690 = VECTOR('',#9691,1.);
#9691 = DIRECTION('',(1.224646799147E-16,1.,-1.110223024625E-16));
#9692 = PLANE('',#9693);
#9693 = AXIS2_PLACEMENT_3D('',#9694,#9695,#9696);
#9694 = CARTESIAN_POINT('',(-2.45,-0.6,0.35));
#9695 = DIRECTION('',(1.359631073447E-32,1.110223024625E-16,1.));
#9696 = DIRECTION('',(1.,-1.224646799147E-16,-6.927121900793E-45));
#9697 = ADVANCED_FACE('',(#9698),#9739,.F.);
#9698 = FACE_BOUND('',#9699,.F.);
#9699 = EDGE_LOOP('',(#9700,#9708,#9709,#9717,#9725,#9733));
#9700 = ORIENTED_EDGE('',*,*,#9701,.F.);
#9701 = EDGE_CURVE('',#9598,#9702,#9704,.T.);
#9702 = VERTEX_POINT('',#9703);
#9703 = CARTESIAN_POINT('',(-1.95,-0.6,5.35));
#9704 = LINE('',#9705,#9706);
#9705 = CARTESIAN_POINT('',(-1.95,-0.6,0.35));
#9706 = VECTOR('',#9707,1.);
#9707 = DIRECTION('',(0.,0.,1.));
#9708 = ORIENTED_EDGE('',*,*,#9597,.T.);
#9709 = ORIENTED_EDGE('',*,*,#9710,.T.);
#9710 = EDGE_CURVE('',#9600,#9711,#9713,.T.);
#9711 = VERTEX_POINT('',#9712);
#9712 = CARTESIAN_POINT('',(-0.75,-0.6,6.1));
#9713 = LINE('',#9714,#9715);
#9714 = CARTESIAN_POINT('',(-0.75,-0.6,0.35));
#9715 = VECTOR('',#9716,1.);
#9716 = DIRECTION('',(1.359631073447E-32,1.110223024625E-16,1.));
#9717 = ORIENTED_EDGE('',*,*,#9718,.T.);
#9718 = EDGE_CURVE('',#9711,#9719,#9721,.T.);
#9719 = VERTEX_POINT('',#9720);
#9720 = CARTESIAN_POINT('',(-2.45,-0.6,6.1));
#9721 = LINE('',#9722,#9723);
#9722 = CARTESIAN_POINT('',(4.95,-0.6,6.1));
#9723 = VECTOR('',#9724,1.);
#9724 = DIRECTION('',(-1.,1.224646799147E-16,0.));
#9725 = ORIENTED_EDGE('',*,*,#9726,.T.);
#9726 = EDGE_CURVE('',#9719,#9727,#9729,.T.);
#9727 = VERTEX_POINT('',#9728);
#9728 = CARTESIAN_POINT('',(-2.45,-0.6,5.35));
#9729 = LINE('',#9730,#9731);
#9730 = CARTESIAN_POINT('',(-2.45,-0.6,6.1));
#9731 = VECTOR('',#9732,1.);
#9732 = DIRECTION('',(-1.359631073447E-32,-1.110223024625E-16,-1.));
#9733 = ORIENTED_EDGE('',*,*,#9734,.F.);
#9734 = EDGE_CURVE('',#9702,#9727,#9735,.T.);
#9735 = LINE('',#9736,#9737);
#9736 = CARTESIAN_POINT('',(-1.95,-0.6,5.35));
#9737 = VECTOR('',#9738,1.);
#9738 = DIRECTION('',(-1.,1.224646799147E-16,0.));
#9739 = PLANE('',#9740);
#9740 = AXIS2_PLACEMENT_3D('',#9741,#9742,#9743);
#9741 = CARTESIAN_POINT('',(1.25,-0.6,3.225));
#9742 = DIRECTION('',(-1.224646799147E-16,-1.,1.110223024625E-16));
#9743 = DIRECTION('',(-1.,1.224646799147E-16,0.));
#9744 = ADVANCED_FACE('',(#9745),#9779,.T.);
#9745 = FACE_BOUND('',#9746,.T.);
#9746 = EDGE_LOOP('',(#9747,#9755,#9763,#9771,#9777,#9778));
#9747 = ORIENTED_EDGE('',*,*,#9748,.T.);
#9748 = EDGE_CURVE('',#9711,#9749,#9751,.T.);
#9749 = VERTEX_POINT('',#9750);
#9750 = CARTESIAN_POINT('',(-0.75,-1.6,6.1));
#9751 = LINE('',#9752,#9753);
#9752 = CARTESIAN_POINT('',(-0.75,-0.6,6.1));
#9753 = VECTOR('',#9754,1.);
#9754 = DIRECTION('',(-1.224646799147E-16,-1.,1.110223024625E-16));
#9755 = ORIENTED_EDGE('',*,*,#9756,.T.);
#9756 = EDGE_CURVE('',#9749,#9757,#9759,.T.);
#9757 = VERTEX_POINT('',#9758);
#9758 = CARTESIAN_POINT('',(-0.75,-0.9,4.25));
#9759 = LINE('',#9760,#9761);
#9760 = CARTESIAN_POINT('',(-0.75,-1.6,6.1));
#9761 = VECTOR('',#9762,1.);
#9762 = DIRECTION('',(4.33392824344E-17,0.353892097416,-0.935286257456)
  );
#9763 = ORIENTED_EDGE('',*,*,#9764,.T.);
#9764 = EDGE_CURVE('',#9757,#9765,#9767,.T.);
#9765 = VERTEX_POINT('',#9766);
#9766 = CARTESIAN_POINT('',(-0.75,-0.9,3.25));
#9767 = LINE('',#9768,#9769);
#9768 = CARTESIAN_POINT('',(-0.75,-0.9,4.25));
#9769 = VECTOR('',#9770,1.);
#9770 = DIRECTION('',(-1.359631073447E-32,-1.110223024625E-16,-1.));
#9771 = ORIENTED_EDGE('',*,*,#9772,.T.);
#9772 = EDGE_CURVE('',#9765,#9680,#9773,.T.);
#9773 = LINE('',#9774,#9775);
#9774 = CARTESIAN_POINT('',(-0.75,-0.9,3.25));
#9775 = VECTOR('',#9776,1.);
#9776 = DIRECTION('',(-2.87351777816E-17,-0.234640533104,-0.972082208573
    ));
#9777 = ORIENTED_EDGE('',*,*,#9687,.T.);
#9778 = ORIENTED_EDGE('',*,*,#9710,.T.);
#9779 = PLANE('',#9780);
#9780 = AXIS2_PLACEMENT_3D('',#9781,#9782,#9783);
#9781 = CARTESIAN_POINT('',(-0.75,-0.930008245993,3.234548643504));
#9782 = DIRECTION('',(1.,-1.224646799147E-16,6.435104022508E-33));
#9783 = DIRECTION('',(1.224646799147E-16,1.,-1.110223024625E-16));
#9784 = ADVANCED_FACE('',(#9785),#9803,.F.);
#9785 = FACE_BOUND('',#9786,.F.);
#9786 = EDGE_LOOP('',(#9787,#9795,#9796,#9797));
#9787 = ORIENTED_EDGE('',*,*,#9788,.T.);
#9788 = EDGE_CURVE('',#9789,#9765,#9791,.T.);
#9789 = VERTEX_POINT('',#9790);
#9790 = CARTESIAN_POINT('',(0.75,-0.9,3.25));
#9791 = LINE('',#9792,#9793);
#9792 = CARTESIAN_POINT('',(0.75,-0.9,3.25));
#9793 = VECTOR('',#9794,1.);
#9794 = DIRECTION('',(-1.,1.224646799147E-16,0.));
#9795 = ORIENTED_EDGE('',*,*,#9772,.T.);
#9796 = ORIENTED_EDGE('',*,*,#9679,.F.);
#9797 = ORIENTED_EDGE('',*,*,#9798,.F.);
#9798 = EDGE_CURVE('',#9789,#9672,#9799,.T.);
#9799 = LINE('',#9800,#9801);
#9800 = CARTESIAN_POINT('',(0.75,-0.9,3.25));
#9801 = VECTOR('',#9802,1.);
#9802 = DIRECTION('',(-2.87351777816E-17,-0.234640533104,-0.972082208573
    ));
#9803 = PLANE('',#9804);
#9804 = AXIS2_PLACEMENT_3D('',#9805,#9806,#9807);
#9805 = CARTESIAN_POINT('',(0.75,-0.9,3.25));
#9806 = DIRECTION('',(-1.190457365237E-16,-0.972082208573,0.234640533104
    ));
#9807 = DIRECTION('',(-2.87351777816E-17,-0.234640533104,-0.972082208573
    ));
#9808 = ADVANCED_FACE('',(#9809),#9843,.F.);
#9809 = FACE_BOUND('',#9810,.F.);
#9810 = EDGE_LOOP('',(#9811,#9821,#9829,#9835,#9836,#9837));
#9811 = ORIENTED_EDGE('',*,*,#9812,.T.);
#9812 = EDGE_CURVE('',#9813,#9815,#9817,.T.);
#9813 = VERTEX_POINT('',#9814);
#9814 = CARTESIAN_POINT('',(0.75,-0.6,6.1));
#9815 = VERTEX_POINT('',#9816);
#9816 = CARTESIAN_POINT('',(0.75,-1.6,6.1));
#9817 = LINE('',#9818,#9819);
#9818 = CARTESIAN_POINT('',(0.75,-0.6,6.1));
#9819 = VECTOR('',#9820,1.);
#9820 = DIRECTION('',(-1.224646799147E-16,-1.,1.110223024625E-16));
#9821 = ORIENTED_EDGE('',*,*,#9822,.T.);
#9822 = EDGE_CURVE('',#9815,#9823,#9825,.T.);
#9823 = VERTEX_POINT('',#9824);
#9824 = CARTESIAN_POINT('',(0.75,-0.9,4.25));
#9825 = LINE('',#9826,#9827);
#9826 = CARTESIAN_POINT('',(0.75,-1.6,6.1));
#9827 = VECTOR('',#9828,1.);
#9828 = DIRECTION('',(4.33392824344E-17,0.353892097416,-0.935286257456)
  );
#9829 = ORIENTED_EDGE('',*,*,#9830,.T.);
#9830 = EDGE_CURVE('',#9823,#9789,#9831,.T.);
#9831 = LINE('',#9832,#9833);
#9832 = CARTESIAN_POINT('',(0.75,-0.9,4.25));
#9833 = VECTOR('',#9834,1.);
#9834 = DIRECTION('',(-1.359631073447E-32,-1.110223024625E-16,-1.));
#9835 = ORIENTED_EDGE('',*,*,#9798,.T.);
#9836 = ORIENTED_EDGE('',*,*,#9671,.T.);
#9837 = ORIENTED_EDGE('',*,*,#9838,.T.);
#9838 = EDGE_CURVE('',#9664,#9813,#9839,.T.);
#9839 = LINE('',#9840,#9841);
#9840 = CARTESIAN_POINT('',(0.75,-0.6,0.35));
#9841 = VECTOR('',#9842,1.);
#9842 = DIRECTION('',(1.359631073447E-32,1.110223024625E-16,1.));
#9843 = PLANE('',#9844);
#9844 = AXIS2_PLACEMENT_3D('',#9845,#9846,#9847);
#9845 = CARTESIAN_POINT('',(0.75,-0.930008245993,3.234548643504));
#9846 = DIRECTION('',(1.,-1.224646799147E-16,6.435104022508E-33));
#9847 = DIRECTION('',(1.224646799147E-16,1.,-1.110223024625E-16));
#9848 = ADVANCED_FACE('',(#9849),#9867,.F.);
#9849 = FACE_BOUND('',#9850,.F.);
#9850 = EDGE_LOOP('',(#9851,#9852,#9860,#9866));
#9851 = ORIENTED_EDGE('',*,*,#9663,.T.);
#9852 = ORIENTED_EDGE('',*,*,#9853,.T.);
#9853 = EDGE_CURVE('',#9656,#9854,#9856,.T.);
#9854 = VERTEX_POINT('',#9855);
#9855 = CARTESIAN_POINT('',(1.75,-0.6,6.1));
#9856 = LINE('',#9857,#9858);
#9857 = CARTESIAN_POINT('',(1.75,-0.6,0.35));
#9858 = VECTOR('',#9859,1.);
#9859 = DIRECTION('',(1.359631073447E-32,1.110223024625E-16,1.));
#9860 = ORIENTED_EDGE('',*,*,#9861,.T.);
#9861 = EDGE_CURVE('',#9854,#9813,#9862,.T.);
#9862 = LINE('',#9863,#9864);
#9863 = CARTESIAN_POINT('',(4.95,-0.6,6.1));
#9864 = VECTOR('',#9865,1.);
#9865 = DIRECTION('',(-1.,1.224646799147E-16,0.));
#9866 = ORIENTED_EDGE('',*,*,#9838,.F.);
#9867 = PLANE('',#9868);
#9868 = AXIS2_PLACEMENT_3D('',#9869,#9870,#9871);
#9869 = CARTESIAN_POINT('',(1.25,-0.6,3.225));
#9870 = DIRECTION('',(-1.224646799147E-16,-1.,1.110223024625E-16));
#9871 = DIRECTION('',(-1.,1.224646799147E-16,0.));
#9872 = ADVANCED_FACE('',(#9873),#9907,.T.);
#9873 = FACE_BOUND('',#9874,.T.);
#9874 = EDGE_LOOP('',(#9875,#9883,#9891,#9899,#9905,#9906));
#9875 = ORIENTED_EDGE('',*,*,#9876,.T.);
#9876 = EDGE_CURVE('',#9854,#9877,#9879,.T.);
#9877 = VERTEX_POINT('',#9878);
#9878 = CARTESIAN_POINT('',(1.75,-1.6,6.1));
#9879 = LINE('',#9880,#9881);
#9880 = CARTESIAN_POINT('',(1.75,-0.6,6.1));
#9881 = VECTOR('',#9882,1.);
#9882 = DIRECTION('',(-1.224646799147E-16,-1.,1.110223024625E-16));
#9883 = ORIENTED_EDGE('',*,*,#9884,.T.);
#9884 = EDGE_CURVE('',#9877,#9885,#9887,.T.);
#9885 = VERTEX_POINT('',#9886);
#9886 = CARTESIAN_POINT('',(1.75,-0.9,4.25));
#9887 = LINE('',#9888,#9889);
#9888 = CARTESIAN_POINT('',(1.75,-1.6,6.1));
#9889 = VECTOR('',#9890,1.);
#9890 = DIRECTION('',(4.33392824344E-17,0.353892097416,-0.935286257456)
  );
#9891 = ORIENTED_EDGE('',*,*,#9892,.T.);
#9892 = EDGE_CURVE('',#9885,#9893,#9895,.T.);
#9893 = VERTEX_POINT('',#9894);
#9894 = CARTESIAN_POINT('',(1.75,-0.9,3.25));
#9895 = LINE('',#9896,#9897);
#9896 = CARTESIAN_POINT('',(1.75,-0.9,4.25));
#9897 = VECTOR('',#9898,1.);
#9898 = DIRECTION('',(-1.359631073447E-32,-1.110223024625E-16,-1.));
#9899 = ORIENTED_EDGE('',*,*,#9900,.T.);
#9900 = EDGE_CURVE('',#9893,#9648,#9901,.T.);
#9901 = LINE('',#9902,#9903);
#9902 = CARTESIAN_POINT('',(1.75,-0.9,3.25));
#9903 = VECTOR('',#9904,1.);
#9904 = DIRECTION('',(-2.87351777816E-17,-0.234640533104,-0.972082208573
    ));
#9905 = ORIENTED_EDGE('',*,*,#9655,.T.);
#9906 = ORIENTED_EDGE('',*,*,#9853,.T.);
#9907 = PLANE('',#9908);
#9908 = AXIS2_PLACEMENT_3D('',#9909,#9910,#9911);
#9909 = CARTESIAN_POINT('',(1.75,-0.930008245993,3.234548643504));
#9910 = DIRECTION('',(1.,-1.224646799147E-16,6.435104022508E-33));
#9911 = DIRECTION('',(1.224646799147E-16,1.,-1.110223024625E-16));
#9912 = ADVANCED_FACE('',(#9913),#9931,.F.);
#9913 = FACE_BOUND('',#9914,.F.);
#9914 = EDGE_LOOP('',(#9915,#9923,#9924,#9925));
#9915 = ORIENTED_EDGE('',*,*,#9916,.T.);
#9916 = EDGE_CURVE('',#9917,#9893,#9919,.T.);
#9917 = VERTEX_POINT('',#9918);
#9918 = CARTESIAN_POINT('',(3.25,-0.9,3.25));
#9919 = LINE('',#9920,#9921);
#9920 = CARTESIAN_POINT('',(3.25,-0.9,3.25));
#9921 = VECTOR('',#9922,1.);
#9922 = DIRECTION('',(-1.,1.224646799147E-16,0.));
#9923 = ORIENTED_EDGE('',*,*,#9900,.T.);
#9924 = ORIENTED_EDGE('',*,*,#9647,.F.);
#9925 = ORIENTED_EDGE('',*,*,#9926,.F.);
#9926 = EDGE_CURVE('',#9917,#9640,#9927,.T.);
#9927 = LINE('',#9928,#9929);
#9928 = CARTESIAN_POINT('',(3.25,-0.9,3.25));
#9929 = VECTOR('',#9930,1.);
#9930 = DIRECTION('',(-2.87351777816E-17,-0.234640533104,-0.972082208573
    ));
#9931 = PLANE('',#9932);
#9932 = AXIS2_PLACEMENT_3D('',#9933,#9934,#9935);
#9933 = CARTESIAN_POINT('',(3.25,-0.9,3.25));
#9934 = DIRECTION('',(-1.190457365237E-16,-0.972082208573,0.234640533104
    ));
#9935 = DIRECTION('',(-2.87351777816E-17,-0.234640533104,-0.972082208573
    ));
#9936 = ADVANCED_FACE('',(#9937),#9971,.F.);
#9937 = FACE_BOUND('',#9938,.F.);
#9938 = EDGE_LOOP('',(#9939,#9949,#9957,#9963,#9964,#9965));
#9939 = ORIENTED_EDGE('',*,*,#9940,.T.);
#9940 = EDGE_CURVE('',#9941,#9943,#9945,.T.);
#9941 = VERTEX_POINT('',#9942);
#9942 = CARTESIAN_POINT('',(3.25,-0.6,6.1));
#9943 = VERTEX_POINT('',#9944);
#9944 = CARTESIAN_POINT('',(3.25,-1.6,6.1));
#9945 = LINE('',#9946,#9947);
#9946 = CARTESIAN_POINT('',(3.25,-0.6,6.1));
#9947 = VECTOR('',#9948,1.);
#9948 = DIRECTION('',(-1.224646799147E-16,-1.,1.110223024625E-16));
#9949 = ORIENTED_EDGE('',*,*,#9950,.T.);
#9950 = EDGE_CURVE('',#9943,#9951,#9953,.T.);
#9951 = VERTEX_POINT('',#9952);
#9952 = CARTESIAN_POINT('',(3.25,-0.9,4.25));
#9953 = LINE('',#9954,#9955);
#9954 = CARTESIAN_POINT('',(3.25,-1.6,6.1));
#9955 = VECTOR('',#9956,1.);
#9956 = DIRECTION('',(4.33392824344E-17,0.353892097416,-0.935286257456)
  );
#9957 = ORIENTED_EDGE('',*,*,#9958,.T.);
#9958 = EDGE_CURVE('',#9951,#9917,#9959,.T.);
#9959 = LINE('',#9960,#9961);
#9960 = CARTESIAN_POINT('',(3.25,-0.9,4.25));
#9961 = VECTOR('',#9962,1.);
#9962 = DIRECTION('',(-1.359631073447E-32,-1.110223024625E-16,-1.));
#9963 = ORIENTED_EDGE('',*,*,#9926,.T.);
#9964 = ORIENTED_EDGE('',*,*,#9639,.T.);
#9965 = ORIENTED_EDGE('',*,*,#9966,.T.);
#9966 = EDGE_CURVE('',#9632,#9941,#9967,.T.);
#9967 = LINE('',#9968,#9969);
#9968 = CARTESIAN_POINT('',(3.25,-0.6,0.35));
#9969 = VECTOR('',#9970,1.);
#9970 = DIRECTION('',(1.359631073447E-32,1.110223024625E-16,1.));
#9971 = PLANE('',#9972);
#9972 = AXIS2_PLACEMENT_3D('',#9973,#9974,#9975);
#9973 = CARTESIAN_POINT('',(3.25,-0.930008245993,3.234548643504));
#9974 = DIRECTION('',(1.,-1.224646799147E-16,6.435104022508E-33));
#9975 = DIRECTION('',(1.224646799147E-16,1.,-1.110223024625E-16));
#9976 = ADVANCED_FACE('',(#9977),#10011,.F.);
#9977 = FACE_BOUND('',#9978,.F.);
#9978 = EDGE_LOOP('',(#9979,#9989,#9997,#10003,#10004,#10005));
#9979 = ORIENTED_EDGE('',*,*,#9980,.F.);
#9980 = EDGE_CURVE('',#9981,#9983,#9985,.T.);
#9981 = VERTEX_POINT('',#9982);
#9982 = CARTESIAN_POINT('',(4.95,-0.6,5.35));
#9983 = VERTEX_POINT('',#9984);
#9984 = CARTESIAN_POINT('',(4.45,-0.6,5.35));
#9985 = LINE('',#9986,#9987);
#9986 = CARTESIAN_POINT('',(4.95,-0.6,5.35));
#9987 = VECTOR('',#9988,1.);
#9988 = DIRECTION('',(-1.,1.224646799147E-16,0.));
#9989 = ORIENTED_EDGE('',*,*,#9990,.T.);
#9990 = EDGE_CURVE('',#9981,#9991,#9993,.T.);
#9991 = VERTEX_POINT('',#9992);
#9992 = CARTESIAN_POINT('',(4.95,-0.6,6.1));
#9993 = LINE('',#9994,#9995);
#9994 = CARTESIAN_POINT('',(4.95,-0.6,0.35));
#9995 = VECTOR('',#9996,1.);
#9996 = DIRECTION('',(1.359631073447E-32,1.110223024625E-16,1.));
#9997 = ORIENTED_EDGE('',*,*,#9998,.T.);
#9998 = EDGE_CURVE('',#9991,#9941,#9999,.T.);
#9999 = LINE('',#10000,#10001);
#10000 = CARTESIAN_POINT('',(4.95,-0.6,6.1));
#10001 = VECTOR('',#10002,1.);
#10002 = DIRECTION('',(-1.,1.224646799147E-16,0.));
#10003 = ORIENTED_EDGE('',*,*,#9966,.F.);
#10004 = ORIENTED_EDGE('',*,*,#9631,.T.);
#10005 = ORIENTED_EDGE('',*,*,#10006,.T.);
#10006 = EDGE_CURVE('',#9624,#9983,#10007,.T.);
#10007 = LINE('',#10008,#10009);
#10008 = CARTESIAN_POINT('',(4.45,-0.6,0.35));
#10009 = VECTOR('',#10010,1.);
#10010 = DIRECTION('',(0.,0.,1.));
#10011 = PLANE('',#10012);
#10012 = AXIS2_PLACEMENT_3D('',#10013,#10014,#10015);
#10013 = CARTESIAN_POINT('',(1.25,-0.6,3.225));
#10014 = DIRECTION('',(-1.224646799147E-16,-1.,1.110223024625E-16));
#10015 = DIRECTION('',(-1.,1.224646799147E-16,0.));
#10016 = ADVANCED_FACE('',(#10017),#10051,.T.);
#10017 = FACE_BOUND('',#10018,.T.);
#10018 = EDGE_LOOP('',(#10019,#10020,#10028,#10036,#10044,#10050));
#10019 = ORIENTED_EDGE('',*,*,#10006,.T.);
#10020 = ORIENTED_EDGE('',*,*,#10021,.T.);
#10021 = EDGE_CURVE('',#9983,#10022,#10024,.T.);
#10022 = VERTEX_POINT('',#10023);
#10023 = CARTESIAN_POINT('',(4.45,3.9,2.85));
#10024 = LINE('',#10025,#10026);
#10025 = CARTESIAN_POINT('',(4.45,-0.6,5.35));
#10026 = VECTOR('',#10027,1.);
#10027 = DIRECTION('',(1.070533910153E-16,0.874157276121,-0.485642931179
    ));
#10028 = ORIENTED_EDGE('',*,*,#10029,.T.);
#10029 = EDGE_CURVE('',#10022,#10030,#10032,.T.);
#10030 = VERTEX_POINT('',#10031);
#10031 = CARTESIAN_POINT('',(4.45,3.9,0.));
#10032 = LINE('',#10033,#10034);
#10033 = CARTESIAN_POINT('',(4.45,3.9,2.85));
#10034 = VECTOR('',#10035,1.);
#10035 = DIRECTION('',(-0.,0.,-1.));
#10036 = ORIENTED_EDGE('',*,*,#10037,.T.);
#10037 = EDGE_CURVE('',#10030,#10038,#10040,.T.);
#10038 = VERTEX_POINT('',#10039);
#10039 = CARTESIAN_POINT('',(4.45,-7.6,0.));
#10040 = LINE('',#10041,#10042);
#10041 = CARTESIAN_POINT('',(4.45,3.9,0.));
#10042 = VECTOR('',#10043,1.);
#10043 = DIRECTION('',(-1.224646799147E-16,-1.,0.));
#10044 = ORIENTED_EDGE('',*,*,#10045,.T.);
#10045 = EDGE_CURVE('',#10038,#9616,#10046,.T.);
#10046 = LINE('',#10047,#10048);
#10047 = CARTESIAN_POINT('',(4.45,-7.6,0.));
#10048 = VECTOR('',#10049,1.);
#10049 = DIRECTION('',(0.,0.,1.));
#10050 = ORIENTED_EDGE('',*,*,#9623,.T.);
#10051 = PLANE('',#10052);
#10052 = AXIS2_PLACEMENT_3D('',#10053,#10054,#10055);
#10053 = CARTESIAN_POINT('',(4.45,-1.131195501291,1.31652804741));
#10054 = DIRECTION('',(-1.,1.224646799147E-16,-2.6657522746E-32));
#10055 = DIRECTION('',(-2.6657522746E-32,3.264604990409E-48,1.));
#10056 = ADVANCED_FACE('',(#10057),#10139,.T.);
#10057 = FACE_BOUND('',#10058,.T.);
#10058 = EDGE_LOOP('',(#10059,#10069,#10077,#10085,#10093,#10099,#10100,
    #10101,#10109,#10117,#10125,#10133));
#10059 = ORIENTED_EDGE('',*,*,#10060,.F.);
#10060 = EDGE_CURVE('',#10061,#10063,#10065,.T.);
#10061 = VERTEX_POINT('',#10062);
#10062 = CARTESIAN_POINT('',(-1.8,-7.6,4.25));
#10063 = VERTEX_POINT('',#10064);
#10064 = CARTESIAN_POINT('',(-1.8,-7.6,0.9));
#10065 = LINE('',#10066,#10067);
#10066 = CARTESIAN_POINT('',(-1.8,-7.6,4.25));
#10067 = VECTOR('',#10068,1.);
#10068 = DIRECTION('',(-1.359631073447E-32,-1.110223024625E-16,-1.));
#10069 = ORIENTED_EDGE('',*,*,#10070,.T.);
#10070 = EDGE_CURVE('',#10061,#10071,#10073,.T.);
#10071 = VERTEX_POINT('',#10072);
#10072 = CARTESIAN_POINT('',(-2.45,-7.6,4.25));
#10073 = LINE('',#10074,#10075);
#10074 = CARTESIAN_POINT('',(4.95,-7.6,4.25));
#10075 = VECTOR('',#10076,1.);
#10076 = DIRECTION('',(-1.,1.224646799147E-16,0.));
#10077 = ORIENTED_EDGE('',*,*,#10078,.T.);
#10078 = EDGE_CURVE('',#10071,#10079,#10081,.T.);
#10079 = VERTEX_POINT('',#10080);
#10080 = CARTESIAN_POINT('',(-2.45,-7.6,0.));
#10081 = LINE('',#10082,#10083);
#10082 = CARTESIAN_POINT('',(-2.45,-7.6,6.1));
#10083 = VECTOR('',#10084,1.);
#10084 = DIRECTION('',(-1.359631073447E-32,-1.110223024625E-16,-1.));
#10085 = ORIENTED_EDGE('',*,*,#10086,.F.);
#10086 = EDGE_CURVE('',#10087,#10079,#10089,.T.);
#10087 = VERTEX_POINT('',#10088);
#10088 = CARTESIAN_POINT('',(-1.95,-7.6,0.));
#10089 = LINE('',#10090,#10091);
#10090 = CARTESIAN_POINT('',(-1.95,-7.6,0.));
#10091 = VECTOR('',#10092,1.);
#10092 = DIRECTION('',(-1.,1.224646799147E-16,0.));
#10093 = ORIENTED_EDGE('',*,*,#10094,.T.);
#10094 = EDGE_CURVE('',#10087,#9608,#10095,.T.);
#10095 = LINE('',#10096,#10097);
#10096 = CARTESIAN_POINT('',(-1.95,-7.6,0.));
#10097 = VECTOR('',#10098,1.);
#10098 = DIRECTION('',(0.,0.,1.));
#10099 = ORIENTED_EDGE('',*,*,#9615,.T.);
#10100 = ORIENTED_EDGE('',*,*,#10045,.F.);
#10101 = ORIENTED_EDGE('',*,*,#10102,.F.);
#10102 = EDGE_CURVE('',#10103,#10038,#10105,.T.);
#10103 = VERTEX_POINT('',#10104);
#10104 = CARTESIAN_POINT('',(4.95,-7.6,0.));
#10105 = LINE('',#10106,#10107);
#10106 = CARTESIAN_POINT('',(4.95,-7.6,0.));
#10107 = VECTOR('',#10108,1.);
#10108 = DIRECTION('',(-1.,1.224646799147E-16,0.));
#10109 = ORIENTED_EDGE('',*,*,#10110,.T.);
#10110 = EDGE_CURVE('',#10103,#10111,#10113,.T.);
#10111 = VERTEX_POINT('',#10112);
#10112 = CARTESIAN_POINT('',(4.95,-7.6,4.25));
#10113 = LINE('',#10114,#10115);
#10114 = CARTESIAN_POINT('',(4.95,-7.6,0.));
#10115 = VECTOR('',#10116,1.);
#10116 = DIRECTION('',(0.,0.,1.));
#10117 = ORIENTED_EDGE('',*,*,#10118,.T.);
#10118 = EDGE_CURVE('',#10111,#10119,#10121,.T.);
#10119 = VERTEX_POINT('',#10120);
#10120 = CARTESIAN_POINT('',(4.3,-7.6,4.25));
#10121 = LINE('',#10122,#10123);
#10122 = CARTESIAN_POINT('',(4.95,-7.6,4.25));
#10123 = VECTOR('',#10124,1.);
#10124 = DIRECTION('',(-1.,1.224646799147E-16,0.));
#10125 = ORIENTED_EDGE('',*,*,#10126,.F.);
#10126 = EDGE_CURVE('',#10127,#10119,#10129,.T.);
#10127 = VERTEX_POINT('',#10128);
#10128 = CARTESIAN_POINT('',(4.3,-7.6,0.9));
#10129 = LINE('',#10130,#10131);
#10130 = CARTESIAN_POINT('',(4.3,-7.6,1.1));
#10131 = VECTOR('',#10132,1.);
#10132 = DIRECTION('',(1.359631073447E-32,1.110223024625E-16,1.));
#10133 = ORIENTED_EDGE('',*,*,#10134,.F.);
#10134 = EDGE_CURVE('',#10063,#10127,#10135,.T.);
#10135 = LINE('',#10136,#10137);
#10136 = CARTESIAN_POINT('',(-1.6,-7.6,0.9));
#10137 = VECTOR('',#10138,1.);
#10138 = DIRECTION('',(1.,-1.224646799147E-16,0.));
#10139 = PLANE('',#10140);
#10140 = AXIS2_PLACEMENT_3D('',#10141,#10142,#10143);
#10141 = CARTESIAN_POINT('',(1.25,-7.6,1.586074918567));
#10142 = DIRECTION('',(-1.224646799147E-16,-1.,-5.453421854112E-31));
#10143 = DIRECTION('',(-6.678515618038E-47,-5.453421854112E-31,1.));
#10144 = ADVANCED_FACE('',(#10145),#10172,.F.);
#10145 = FACE_BOUND('',#10146,.F.);
#10146 = EDGE_LOOP('',(#10147,#10148,#10156,#10164,#10170,#10171));
#10147 = ORIENTED_EDGE('',*,*,#9701,.T.);
#10148 = ORIENTED_EDGE('',*,*,#10149,.T.);
#10149 = EDGE_CURVE('',#9702,#10150,#10152,.T.);
#10150 = VERTEX_POINT('',#10151);
#10151 = CARTESIAN_POINT('',(-1.95,3.9,2.85));
#10152 = LINE('',#10153,#10154);
#10153 = CARTESIAN_POINT('',(-1.95,-0.6,5.35));
#10154 = VECTOR('',#10155,1.);
#10155 = DIRECTION('',(1.070533910153E-16,0.874157276121,-0.485642931179
    ));
#10156 = ORIENTED_EDGE('',*,*,#10157,.T.);
#10157 = EDGE_CURVE('',#10150,#10158,#10160,.T.);
#10158 = VERTEX_POINT('',#10159);
#10159 = CARTESIAN_POINT('',(-1.95,3.9,0.));
#10160 = LINE('',#10161,#10162);
#10161 = CARTESIAN_POINT('',(-1.95,3.9,2.85));
#10162 = VECTOR('',#10163,1.);
#10163 = DIRECTION('',(-0.,0.,-1.));
#10164 = ORIENTED_EDGE('',*,*,#10165,.T.);
#10165 = EDGE_CURVE('',#10158,#10087,#10166,.T.);
#10166 = LINE('',#10167,#10168);
#10167 = CARTESIAN_POINT('',(-1.95,3.9,0.));
#10168 = VECTOR('',#10169,1.);
#10169 = DIRECTION('',(-1.224646799147E-16,-1.,0.));
#10170 = ORIENTED_EDGE('',*,*,#10094,.T.);
#10171 = ORIENTED_EDGE('',*,*,#9607,.T.);
#10172 = PLANE('',#10173);
#10173 = AXIS2_PLACEMENT_3D('',#10174,#10175,#10176);
#10174 = CARTESIAN_POINT('',(-1.95,-1.131195501291,1.31652804741));
#10175 = DIRECTION('',(-1.,1.224646799147E-16,-2.6657522746E-32));
#10176 = DIRECTION('',(-2.6657522746E-32,3.264604990409E-48,1.));
#10177 = ADVANCED_FACE('',(#10178),#10196,.F.);
#10178 = FACE_BOUND('',#10179,.F.);
#10179 = EDGE_LOOP('',(#10180,#10181,#10189,#10195));
#10180 = ORIENTED_EDGE('',*,*,#9734,.T.);
#10181 = ORIENTED_EDGE('',*,*,#10182,.T.);
#10182 = EDGE_CURVE('',#9727,#10183,#10185,.T.);
#10183 = VERTEX_POINT('',#10184);
#10184 = CARTESIAN_POINT('',(-2.45,3.9,2.85));
#10185 = LINE('',#10186,#10187);
#10186 = CARTESIAN_POINT('',(-2.45,-0.6,5.35));
#10187 = VECTOR('',#10188,1.);
#10188 = DIRECTION('',(1.070533910153E-16,0.874157276121,-0.485642931179
    ));
#10189 = ORIENTED_EDGE('',*,*,#10190,.F.);
#10190 = EDGE_CURVE('',#10150,#10183,#10191,.T.);
#10191 = LINE('',#10192,#10193);
#10192 = CARTESIAN_POINT('',(-1.95,3.9,2.85));
#10193 = VECTOR('',#10194,1.);
#10194 = DIRECTION('',(-1.,1.224646799147E-16,0.));
#10195 = ORIENTED_EDGE('',*,*,#10149,.F.);
#10196 = PLANE('',#10197);
#10197 = AXIS2_PLACEMENT_3D('',#10198,#10199,#10200);
#10198 = CARTESIAN_POINT('',(-1.95,-0.6,5.35));
#10199 = DIRECTION('',(-5.947410611962E-17,-0.485642931179,
    -0.874157276121));
#10200 = DIRECTION('',(1.070533910153E-16,0.874157276121,-0.485642931179
    ));
#10201 = ADVANCED_FACE('',(#10202),#10268,.T.);
#10202 = FACE_BOUND('',#10203,.T.);
#10203 = EDGE_LOOP('',(#10204,#10205,#10206,#10214,#10220,#10221,#10229,
    #10237,#10246,#10254,#10262));
#10204 = ORIENTED_EDGE('',*,*,#9726,.T.);
#10205 = ORIENTED_EDGE('',*,*,#10182,.T.);
#10206 = ORIENTED_EDGE('',*,*,#10207,.T.);
#10207 = EDGE_CURVE('',#10183,#10208,#10210,.T.);
#10208 = VERTEX_POINT('',#10209);
#10209 = CARTESIAN_POINT('',(-2.45,3.9,0.));
#10210 = LINE('',#10211,#10212);
#10211 = CARTESIAN_POINT('',(-2.45,3.9,2.85));
#10212 = VECTOR('',#10213,1.);
#10213 = DIRECTION('',(-0.,0.,-1.));
#10214 = ORIENTED_EDGE('',*,*,#10215,.T.);
#10215 = EDGE_CURVE('',#10208,#10079,#10216,.T.);
#10216 = LINE('',#10217,#10218);
#10217 = CARTESIAN_POINT('',(-2.45,3.9,0.));
#10218 = VECTOR('',#10219,1.);
#10219 = DIRECTION('',(-1.224646799147E-16,-1.,0.));
#10220 = ORIENTED_EDGE('',*,*,#10078,.F.);
#10221 = ORIENTED_EDGE('',*,*,#10222,.F.);
#10222 = EDGE_CURVE('',#10223,#10071,#10225,.T.);
#10223 = VERTEX_POINT('',#10224);
#10224 = CARTESIAN_POINT('',(-2.45,-4.25,4.25));
#10225 = LINE('',#10226,#10227);
#10226 = CARTESIAN_POINT('',(-2.45,-2.425,4.25));
#10227 = VECTOR('',#10228,1.);
#10228 = DIRECTION('',(-1.224646799147E-16,-1.,1.110223024625E-16));
#10229 = ORIENTED_EDGE('',*,*,#10230,.F.);
#10230 = EDGE_CURVE('',#10231,#10223,#10233,.T.);
#10231 = VERTEX_POINT('',#10232);
#10232 = CARTESIAN_POINT('',(-2.45,-4.25,4.75));
#10233 = LINE('',#10234,#10235);
#10234 = CARTESIAN_POINT('',(-2.45,-4.25,5.425));
#10235 = VECTOR('',#10236,1.);
#10236 = DIRECTION('',(-1.359631073447E-32,-1.110223024625E-16,-1.));
#10237 = ORIENTED_EDGE('',*,*,#10238,.T.);
#10238 = EDGE_CURVE('',#10231,#10239,#10241,.T.);
#10239 = VERTEX_POINT('',#10240);
#10240 = CARTESIAN_POINT('',(-2.45,-4.75,5.25));
#10241 = CIRCLE('',#10242,0.5);
#10242 = AXIS2_PLACEMENT_3D('',#10243,#10244,#10245);
#10243 = CARTESIAN_POINT('',(-2.45,-4.75,4.75));
#10244 = DIRECTION('',(1.,-1.224646799147E-16,0.));
#10245 = DIRECTION('',(1.359631073446E-32,1.110223024625E-16,1.));
#10246 = ORIENTED_EDGE('',*,*,#10247,.F.);
#10247 = EDGE_CURVE('',#10248,#10239,#10250,.T.);
#10248 = VERTEX_POINT('',#10249);
#10249 = CARTESIAN_POINT('',(-2.45,-7.6,5.25));
#10250 = LINE('',#10251,#10252);
#10251 = CARTESIAN_POINT('',(-2.45,-4.1,5.25));
#10252 = VECTOR('',#10253,1.);
#10253 = DIRECTION('',(1.224646799147E-16,1.,-1.110223024625E-16));
#10254 = ORIENTED_EDGE('',*,*,#10255,.F.);
#10255 = EDGE_CURVE('',#10256,#10248,#10258,.T.);
#10256 = VERTEX_POINT('',#10257);
#10257 = CARTESIAN_POINT('',(-2.45,-7.6,6.1));
#10258 = LINE('',#10259,#10260);
#10259 = CARTESIAN_POINT('',(-2.45,-7.6,6.1));
#10260 = VECTOR('',#10261,1.);
#10261 = DIRECTION('',(-1.359631073447E-32,-1.110223024625E-16,-1.));
#10262 = ORIENTED_EDGE('',*,*,#10263,.F.);
#10263 = EDGE_CURVE('',#9719,#10256,#10264,.T.);
#10264 = LINE('',#10265,#10266);
#10265 = CARTESIAN_POINT('',(-2.45,-0.6,6.1));
#10266 = VECTOR('',#10267,1.);
#10267 = DIRECTION('',(-1.224646799147E-16,-1.,1.110223024625E-16));
#10268 = PLANE('',#10269);
#10269 = AXIS2_PLACEMENT_3D('',#10270,#10271,#10272);
#10270 = CARTESIAN_POINT('',(-2.45,-2.827303270929,3.048284071859));
#10271 = DIRECTION('',(-1.,1.224646799147E-16,0.));
#10272 = DIRECTION('',(0.,0.,1.));
#10273 = ADVANCED_FACE('',(#10274),#10408,.F.);
#10274 = FACE_BOUND('',#10275,.F.);
#10275 = EDGE_LOOP('',(#10276,#10277,#10285,#10293,#10301,#10309,#10317,
    #10325,#10334,#10342,#10351,#10359,#10367,#10375,#10383,#10389,
    #10390,#10391,#10392,#10398,#10399,#10400,#10401,#10407));
#10276 = ORIENTED_EDGE('',*,*,#9998,.F.);
#10277 = ORIENTED_EDGE('',*,*,#10278,.T.);
#10278 = EDGE_CURVE('',#9991,#10279,#10281,.T.);
#10279 = VERTEX_POINT('',#10280);
#10280 = CARTESIAN_POINT('',(4.95,-7.6,6.1));
#10281 = LINE('',#10282,#10283);
#10282 = CARTESIAN_POINT('',(4.95,-0.6,6.1));
#10283 = VECTOR('',#10284,1.);
#10284 = DIRECTION('',(-1.224646799147E-16,-1.,1.110223024625E-16));
#10285 = ORIENTED_EDGE('',*,*,#10286,.T.);
#10286 = EDGE_CURVE('',#10279,#10287,#10289,.T.);
#10287 = VERTEX_POINT('',#10288);
#10288 = CARTESIAN_POINT('',(3.,-7.6,6.1));
#10289 = LINE('',#10290,#10291);
#10290 = CARTESIAN_POINT('',(4.95,-7.6,6.1));
#10291 = VECTOR('',#10292,1.);
#10292 = DIRECTION('',(-1.,1.224646799147E-16,0.));
#10293 = ORIENTED_EDGE('',*,*,#10294,.F.);
#10294 = EDGE_CURVE('',#10295,#10287,#10297,.T.);
#10295 = VERTEX_POINT('',#10296);
#10296 = CARTESIAN_POINT('',(3.,-6.7,6.1));
#10297 = LINE('',#10298,#10299);
#10298 = CARTESIAN_POINT('',(3.,-6.7,6.1));
#10299 = VECTOR('',#10300,1.);
#10300 = DIRECTION('',(1.242515477797E-16,-1.,1.110223024625E-16));
#10301 = ORIENTED_EDGE('',*,*,#10302,.F.);
#10302 = EDGE_CURVE('',#10303,#10295,#10305,.T.);
#10303 = VERTEX_POINT('',#10304);
#10304 = CARTESIAN_POINT('',(2.75,-6.45,6.1));
#10305 = LINE('',#10306,#10307);
#10306 = CARTESIAN_POINT('',(2.75,-6.45,6.1));
#10307 = VECTOR('',#10308,1.);
#10308 = DIRECTION('',(0.707106781187,-0.707106781187,7.850462293414E-17
    ));
#10309 = ORIENTED_EDGE('',*,*,#10310,.F.);
#10310 = EDGE_CURVE('',#10311,#10303,#10313,.T.);
#10311 = VERTEX_POINT('',#10312);
#10312 = CARTESIAN_POINT('',(3.,-6.2,6.1));
#10313 = LINE('',#10314,#10315);
#10314 = CARTESIAN_POINT('',(3.,-6.2,6.1));
#10315 = VECTOR('',#10316,1.);
#10316 = DIRECTION('',(-0.707106781187,-0.707106781187,
    7.850462293414E-17));
#10317 = ORIENTED_EDGE('',*,*,#10318,.F.);
#10318 = EDGE_CURVE('',#10319,#10311,#10321,.T.);
#10319 = VERTEX_POINT('',#10320);
#10320 = CARTESIAN_POINT('',(3.,-4.45,6.1));
#10321 = LINE('',#10322,#10323);
#10322 = CARTESIAN_POINT('',(3.,-3.7,6.1));
#10323 = VECTOR('',#10324,1.);
#10324 = DIRECTION('',(-1.224646799147E-16,-1.,1.110223024625E-16));
#10325 = ORIENTED_EDGE('',*,*,#10326,.F.);
#10326 = EDGE_CURVE('',#10327,#10319,#10329,.T.);
#10327 = VERTEX_POINT('',#10328);
#10328 = CARTESIAN_POINT('',(2.25,-3.7,6.1));
#10329 = CIRCLE('',#10330,0.75);
#10330 = AXIS2_PLACEMENT_3D('',#10331,#10332,#10333);
#10331 = CARTESIAN_POINT('',(2.25,-4.45,6.1));
#10332 = DIRECTION('',(-1.359631073447E-32,-1.110223024625E-16,-1.));
#10333 = DIRECTION('',(-1.224646799147E-16,-1.,1.110223024625E-16));
#10334 = ORIENTED_EDGE('',*,*,#10335,.F.);
#10335 = EDGE_CURVE('',#10336,#10327,#10338,.T.);
#10336 = VERTEX_POINT('',#10337);
#10337 = CARTESIAN_POINT('',(0.25,-3.7,6.1));
#10338 = LINE('',#10339,#10340);
#10339 = CARTESIAN_POINT('',(1.25,-3.7,6.1));
#10340 = VECTOR('',#10341,1.);
#10341 = DIRECTION('',(1.,-1.224646799147E-16,0.));
#10342 = ORIENTED_EDGE('',*,*,#10343,.T.);
#10343 = EDGE_CURVE('',#10336,#10344,#10346,.T.);
#10344 = VERTEX_POINT('',#10345);
#10345 = CARTESIAN_POINT('',(-0.5,-4.45,6.1));
#10346 = CIRCLE('',#10347,0.75);
#10347 = AXIS2_PLACEMENT_3D('',#10348,#10349,#10350);
#10348 = CARTESIAN_POINT('',(0.25,-4.45,6.1));
#10349 = DIRECTION('',(1.359631073447E-32,1.110223024625E-16,1.));
#10350 = DIRECTION('',(-1.224646799147E-16,-1.,1.110223024625E-16));
#10351 = ORIENTED_EDGE('',*,*,#10352,.T.);
#10352 = EDGE_CURVE('',#10344,#10353,#10355,.T.);
#10353 = VERTEX_POINT('',#10354);
#10354 = CARTESIAN_POINT('',(-0.5,-6.2,6.1));
#10355 = LINE('',#10356,#10357);
#10356 = CARTESIAN_POINT('',(-0.5,-3.7,6.1));
#10357 = VECTOR('',#10358,1.);
#10358 = DIRECTION('',(-1.224646799147E-16,-1.,1.110223024625E-16));
#10359 = ORIENTED_EDGE('',*,*,#10360,.T.);
#10360 = EDGE_CURVE('',#10353,#10361,#10363,.T.);
#10361 = VERTEX_POINT('',#10362);
#10362 = CARTESIAN_POINT('',(-0.25,-6.45,6.1));
#10363 = LINE('',#10364,#10365);
#10364 = CARTESIAN_POINT('',(-0.5,-6.2,6.1));
#10365 = VECTOR('',#10366,1.);
#10366 = DIRECTION('',(0.707106781187,-0.707106781187,7.850462293414E-17
    ));
#10367 = ORIENTED_EDGE('',*,*,#10368,.T.);
#10368 = EDGE_CURVE('',#10361,#10369,#10371,.T.);
#10369 = VERTEX_POINT('',#10370);
#10370 = CARTESIAN_POINT('',(-0.5,-6.7,6.1));
#10371 = LINE('',#10372,#10373);
#10372 = CARTESIAN_POINT('',(-0.25,-6.45,6.1));
#10373 = VECTOR('',#10374,1.);
#10374 = DIRECTION('',(-0.707106781187,-0.707106781187,
    7.850462293414E-17));
#10375 = ORIENTED_EDGE('',*,*,#10376,.T.);
#10376 = EDGE_CURVE('',#10369,#10377,#10379,.T.);
#10377 = VERTEX_POINT('',#10378);
#10378 = CARTESIAN_POINT('',(-0.5,-7.6,6.1));
#10379 = LINE('',#10380,#10381);
#10380 = CARTESIAN_POINT('',(-0.5,-6.7,6.1));
#10381 = VECTOR('',#10382,1.);
#10382 = DIRECTION('',(-1.224646799147E-16,-1.,1.110223024625E-16));
#10383 = ORIENTED_EDGE('',*,*,#10384,.T.);
#10384 = EDGE_CURVE('',#10377,#10256,#10385,.T.);
#10385 = LINE('',#10386,#10387);
#10386 = CARTESIAN_POINT('',(4.95,-7.6,6.1));
#10387 = VECTOR('',#10388,1.);
#10388 = DIRECTION('',(-1.,1.224646799147E-16,0.));
#10389 = ORIENTED_EDGE('',*,*,#10263,.F.);
#10390 = ORIENTED_EDGE('',*,*,#9718,.F.);
#10391 = ORIENTED_EDGE('',*,*,#9748,.T.);
#10392 = ORIENTED_EDGE('',*,*,#10393,.F.);
#10393 = EDGE_CURVE('',#9815,#9749,#10394,.T.);
#10394 = LINE('',#10395,#10396);
#10395 = CARTESIAN_POINT('',(0.75,-1.6,6.1));
#10396 = VECTOR('',#10397,1.);
#10397 = DIRECTION('',(-1.,1.224646799147E-16,0.));
#10398 = ORIENTED_EDGE('',*,*,#9812,.F.);
#10399 = ORIENTED_EDGE('',*,*,#9861,.F.);
#10400 = ORIENTED_EDGE('',*,*,#9876,.T.);
#10401 = ORIENTED_EDGE('',*,*,#10402,.F.);
#10402 = EDGE_CURVE('',#9943,#9877,#10403,.T.);
#10403 = LINE('',#10404,#10405);
#10404 = CARTESIAN_POINT('',(3.25,-1.6,6.1));
#10405 = VECTOR('',#10406,1.);
#10406 = DIRECTION('',(-1.,1.224646799147E-16,0.));
#10407 = ORIENTED_EDGE('',*,*,#9940,.F.);
#10408 = PLANE('',#10409);
#10409 = AXIS2_PLACEMENT_3D('',#10410,#10411,#10412);
#10410 = CARTESIAN_POINT('',(4.95,-0.6,6.1));
#10411 = DIRECTION('',(-1.359631073447E-32,-1.110223024625E-16,-1.));
#10412 = DIRECTION('',(-1.,1.224646799147E-16,6.927121900793E-45));
#10413 = ADVANCED_FACE('',(#10414),#10425,.F.);
#10414 = FACE_BOUND('',#10415,.F.);
#10415 = EDGE_LOOP('',(#10416,#10417,#10418,#10424));
#10416 = ORIENTED_EDGE('',*,*,#10393,.T.);
#10417 = ORIENTED_EDGE('',*,*,#9756,.T.);
#10418 = ORIENTED_EDGE('',*,*,#10419,.F.);
#10419 = EDGE_CURVE('',#9823,#9757,#10420,.T.);
#10420 = LINE('',#10421,#10422);
#10421 = CARTESIAN_POINT('',(0.75,-0.9,4.25));
#10422 = VECTOR('',#10423,1.);
#10423 = DIRECTION('',(-1.,1.224646799147E-16,0.));
#10424 = ORIENTED_EDGE('',*,*,#9822,.F.);
#10425 = PLANE('',#10426);
#10426 = AXIS2_PLACEMENT_3D('',#10427,#10428,#10429);
#10427 = CARTESIAN_POINT('',(0.75,-1.6,6.1));
#10428 = DIRECTION('',(-1.14539532148E-16,-0.935286257456,
    -0.353892097416));
#10429 = DIRECTION('',(4.33392824344E-17,0.353892097416,-0.935286257456)
  );
#10430 = ADVANCED_FACE('',(#10431,#10437),#10471,.F.);
#10431 = FACE_BOUND('',#10432,.F.);
#10432 = EDGE_LOOP('',(#10433,#10434,#10435,#10436));
#10433 = ORIENTED_EDGE('',*,*,#10419,.T.);
#10434 = ORIENTED_EDGE('',*,*,#9764,.T.);
#10435 = ORIENTED_EDGE('',*,*,#9788,.F.);
#10436 = ORIENTED_EDGE('',*,*,#9830,.F.);
#10437 = FACE_BOUND('',#10438,.F.);
#10438 = EDGE_LOOP('',(#10439,#10449,#10457,#10465));
#10439 = ORIENTED_EDGE('',*,*,#10440,.T.);
#10440 = EDGE_CURVE('',#10441,#10443,#10445,.T.);
#10441 = VERTEX_POINT('',#10442);
#10442 = CARTESIAN_POINT('',(-0.32,-0.9,4.07));
#10443 = VERTEX_POINT('',#10444);
#10444 = CARTESIAN_POINT('',(0.32,-0.9,4.07));
#10445 = LINE('',#10446,#10447);
#10446 = CARTESIAN_POINT('',(0.535,-0.9,4.07));
#10447 = VECTOR('',#10448,1.);
#10448 = DIRECTION('',(1.,-1.224646799147E-16,0.));
#10449 = ORIENTED_EDGE('',*,*,#10450,.T.);
#10450 = EDGE_CURVE('',#10443,#10451,#10453,.T.);
#10451 = VERTEX_POINT('',#10452);
#10452 = CARTESIAN_POINT('',(0.32,-0.9,3.43));
#10453 = LINE('',#10454,#10455);
#10454 = CARTESIAN_POINT('',(0.32,-0.9,3.059280765957));
#10455 = VECTOR('',#10456,1.);
#10456 = DIRECTION('',(-1.359631073447E-32,-1.110223024625E-16,-1.));
#10457 = ORIENTED_EDGE('',*,*,#10458,.T.);
#10458 = EDGE_CURVE('',#10451,#10459,#10461,.T.);
#10459 = VERTEX_POINT('',#10460);
#10460 = CARTESIAN_POINT('',(-0.32,-0.9,3.43));
#10461 = LINE('',#10462,#10463);
#10462 = CARTESIAN_POINT('',(0.535,-0.9,3.43));
#10463 = VECTOR('',#10464,1.);
#10464 = DIRECTION('',(-1.,1.224646799147E-16,0.));
#10465 = ORIENTED_EDGE('',*,*,#10466,.F.);
#10466 = EDGE_CURVE('',#10441,#10459,#10467,.T.);
#10467 = LINE('',#10468,#10469);
#10468 = CARTESIAN_POINT('',(-0.32,-0.9,3.059280765957));
#10469 = VECTOR('',#10470,1.);
#10470 = DIRECTION('',(-1.359631073447E-32,-1.110223024625E-16,-1.));
#10471 = PLANE('',#10472);
#10472 = AXIS2_PLACEMENT_3D('',#10473,#10474,#10475);
#10473 = CARTESIAN_POINT('',(0.75,-0.9,4.25));
#10474 = DIRECTION('',(-1.224646799147E-16,-1.,1.110223024625E-16));
#10475 = DIRECTION('',(-1.359631073447E-32,-1.110223024625E-16,-1.));
#10476 = ADVANCED_FACE('',(#10477),#10488,.F.);
#10477 = FACE_BOUND('',#10478,.F.);
#10478 = EDGE_LOOP('',(#10479,#10480,#10481,#10487));
#10479 = ORIENTED_EDGE('',*,*,#10402,.T.);
#10480 = ORIENTED_EDGE('',*,*,#9884,.T.);
#10481 = ORIENTED_EDGE('',*,*,#10482,.F.);
#10482 = EDGE_CURVE('',#9951,#9885,#10483,.T.);
#10483 = LINE('',#10484,#10485);
#10484 = CARTESIAN_POINT('',(3.25,-0.9,4.25));
#10485 = VECTOR('',#10486,1.);
#10486 = DIRECTION('',(-1.,1.224646799147E-16,0.));
#10487 = ORIENTED_EDGE('',*,*,#9950,.F.);
#10488 = PLANE('',#10489);
#10489 = AXIS2_PLACEMENT_3D('',#10490,#10491,#10492);
#10490 = CARTESIAN_POINT('',(3.25,-1.6,6.1));
#10491 = DIRECTION('',(-1.14539532148E-16,-0.935286257456,
    -0.353892097416));
#10492 = DIRECTION('',(4.33392824344E-17,0.353892097416,-0.935286257456)
  );
#10493 = ADVANCED_FACE('',(#10494,#10500),#10534,.F.);
#10494 = FACE_BOUND('',#10495,.F.);
#10495 = EDGE_LOOP('',(#10496,#10497,#10498,#10499));
#10496 = ORIENTED_EDGE('',*,*,#10482,.T.);
#10497 = ORIENTED_EDGE('',*,*,#9892,.T.);
#10498 = ORIENTED_EDGE('',*,*,#9916,.F.);
#10499 = ORIENTED_EDGE('',*,*,#9958,.F.);
#10500 = FACE_BOUND('',#10501,.F.);
#10501 = EDGE_LOOP('',(#10502,#10512,#10520,#10528));
#10502 = ORIENTED_EDGE('',*,*,#10503,.F.);
#10503 = EDGE_CURVE('',#10504,#10506,#10508,.T.);
#10504 = VERTEX_POINT('',#10505);
#10505 = CARTESIAN_POINT('',(2.18,-0.9,4.07));
#10506 = VERTEX_POINT('',#10507);
#10507 = CARTESIAN_POINT('',(2.18,-0.9,3.43));
#10508 = LINE('',#10509,#10510);
#10509 = CARTESIAN_POINT('',(2.18,-0.9,3.059280765957));
#10510 = VECTOR('',#10511,1.);
#10511 = DIRECTION('',(-1.359631073447E-32,-1.110223024625E-16,-1.));
#10512 = ORIENTED_EDGE('',*,*,#10513,.T.);
#10513 = EDGE_CURVE('',#10504,#10514,#10516,.T.);
#10514 = VERTEX_POINT('',#10515);
#10515 = CARTESIAN_POINT('',(2.82,-0.9,4.07));
#10516 = LINE('',#10517,#10518);
#10517 = CARTESIAN_POINT('',(3.035,-0.9,4.07));
#10518 = VECTOR('',#10519,1.);
#10519 = DIRECTION('',(1.,-1.224646799147E-16,0.));
#10520 = ORIENTED_EDGE('',*,*,#10521,.T.);
#10521 = EDGE_CURVE('',#10514,#10522,#10524,.T.);
#10522 = VERTEX_POINT('',#10523);
#10523 = CARTESIAN_POINT('',(2.82,-0.9,3.43));
#10524 = LINE('',#10525,#10526);
#10525 = CARTESIAN_POINT('',(2.82,-0.9,3.059280765957));
#10526 = VECTOR('',#10527,1.);
#10527 = DIRECTION('',(-1.359631073447E-32,-1.110223024625E-16,-1.));
#10528 = ORIENTED_EDGE('',*,*,#10529,.T.);
#10529 = EDGE_CURVE('',#10522,#10506,#10530,.T.);
#10530 = LINE('',#10531,#10532);
#10531 = CARTESIAN_POINT('',(3.035,-0.9,3.43));
#10532 = VECTOR('',#10533,1.);
#10533 = DIRECTION('',(-1.,1.224646799147E-16,0.));
#10534 = PLANE('',#10535);
#10535 = AXIS2_PLACEMENT_3D('',#10536,#10537,#10538);
#10536 = CARTESIAN_POINT('',(3.25,-0.9,4.25));
#10537 = DIRECTION('',(-1.224646799147E-16,-1.,1.110223024625E-16));
#10538 = DIRECTION('',(-1.359631073447E-32,-1.110223024625E-16,-1.));
#10539 = ADVANCED_FACE('',(#10540),#10558,.F.);
#10540 = FACE_BOUND('',#10541,.F.);
#10541 = EDGE_LOOP('',(#10542,#10543,#10544,#10552));
#10542 = ORIENTED_EDGE('',*,*,#9980,.T.);
#10543 = ORIENTED_EDGE('',*,*,#10021,.T.);
#10544 = ORIENTED_EDGE('',*,*,#10545,.F.);
#10545 = EDGE_CURVE('',#10546,#10022,#10548,.T.);
#10546 = VERTEX_POINT('',#10547);
#10547 = CARTESIAN_POINT('',(4.95,3.9,2.85));
#10548 = LINE('',#10549,#10550);
#10549 = CARTESIAN_POINT('',(4.95,3.9,2.85));
#10550 = VECTOR('',#10551,1.);
#10551 = DIRECTION('',(-1.,1.224646799147E-16,0.));
#10552 = ORIENTED_EDGE('',*,*,#10553,.F.);
#10553 = EDGE_CURVE('',#9981,#10546,#10554,.T.);
#10554 = LINE('',#10555,#10556);
#10555 = CARTESIAN_POINT('',(4.95,-0.6,5.35));
#10556 = VECTOR('',#10557,1.);
#10557 = DIRECTION('',(1.070533910153E-16,0.874157276121,-0.485642931179
    ));
#10558 = PLANE('',#10559);
#10559 = AXIS2_PLACEMENT_3D('',#10560,#10561,#10562);
#10560 = CARTESIAN_POINT('',(4.95,-0.6,5.35));
#10561 = DIRECTION('',(-5.947410611962E-17,-0.485642931179,
    -0.874157276121));
#10562 = DIRECTION('',(1.070533910153E-16,0.874157276121,-0.485642931179
    ));
#10563 = ADVANCED_FACE('',(#10564),#10623,.T.);
#10564 = FACE_BOUND('',#10565,.T.);
#10565 = EDGE_LOOP('',(#10566,#10567,#10575,#10581,#10582,#10583,#10584,
    #10592,#10600,#10609,#10617));
#10566 = ORIENTED_EDGE('',*,*,#10110,.F.);
#10567 = ORIENTED_EDGE('',*,*,#10568,.F.);
#10568 = EDGE_CURVE('',#10569,#10103,#10571,.T.);
#10569 = VERTEX_POINT('',#10570);
#10570 = CARTESIAN_POINT('',(4.95,3.9,0.));
#10571 = LINE('',#10572,#10573);
#10572 = CARTESIAN_POINT('',(4.95,3.9,0.));
#10573 = VECTOR('',#10574,1.);
#10574 = DIRECTION('',(-1.224646799147E-16,-1.,0.));
#10575 = ORIENTED_EDGE('',*,*,#10576,.F.);
#10576 = EDGE_CURVE('',#10546,#10569,#10577,.T.);
#10577 = LINE('',#10578,#10579);
#10578 = CARTESIAN_POINT('',(4.95,3.9,2.85));
#10579 = VECTOR('',#10580,1.);
#10580 = DIRECTION('',(-0.,0.,-1.));
#10581 = ORIENTED_EDGE('',*,*,#10553,.F.);
#10582 = ORIENTED_EDGE('',*,*,#9990,.T.);
#10583 = ORIENTED_EDGE('',*,*,#10278,.T.);
#10584 = ORIENTED_EDGE('',*,*,#10585,.F.);
#10585 = EDGE_CURVE('',#10586,#10279,#10588,.T.);
#10586 = VERTEX_POINT('',#10587);
#10587 = CARTESIAN_POINT('',(4.95,-7.6,5.25));
#10588 = LINE('',#10589,#10590);
#10589 = CARTESIAN_POINT('',(4.95,-7.6,0.35));
#10590 = VECTOR('',#10591,1.);
#10591 = DIRECTION('',(1.359631073447E-32,1.110223024625E-16,1.));
#10592 = ORIENTED_EDGE('',*,*,#10593,.T.);
#10593 = EDGE_CURVE('',#10586,#10594,#10596,.T.);
#10594 = VERTEX_POINT('',#10595);
#10595 = CARTESIAN_POINT('',(4.95,-4.75,5.25));
#10596 = LINE('',#10597,#10598);
#10597 = CARTESIAN_POINT('',(4.95,-7.6,5.25));
#10598 = VECTOR('',#10599,1.);
#10599 = DIRECTION('',(1.224646799147E-16,1.,-1.110223024625E-16));
#10600 = ORIENTED_EDGE('',*,*,#10601,.T.);
#10601 = EDGE_CURVE('',#10594,#10602,#10604,.T.);
#10602 = VERTEX_POINT('',#10603);
#10603 = CARTESIAN_POINT('',(4.95,-4.25,4.75));
#10604 = CIRCLE('',#10605,0.5);
#10605 = AXIS2_PLACEMENT_3D('',#10606,#10607,#10608);
#10606 = CARTESIAN_POINT('',(4.95,-4.75,4.75));
#10607 = DIRECTION('',(-1.,1.224646799147E-16,0.));
#10608 = DIRECTION('',(1.359631073446E-32,1.110223024625E-16,1.));
#10609 = ORIENTED_EDGE('',*,*,#10610,.T.);
#10610 = EDGE_CURVE('',#10602,#10611,#10613,.T.);
#10611 = VERTEX_POINT('',#10612);
#10612 = CARTESIAN_POINT('',(4.95,-4.25,4.25));
#10613 = LINE('',#10614,#10615);
#10614 = CARTESIAN_POINT('',(4.95,-4.25,4.75));
#10615 = VECTOR('',#10616,1.);
#10616 = DIRECTION('',(-1.359631073447E-32,-1.110223024625E-16,-1.));
#10617 = ORIENTED_EDGE('',*,*,#10618,.T.);
#10618 = EDGE_CURVE('',#10611,#10111,#10619,.T.);
#10619 = LINE('',#10620,#10621);
#10620 = CARTESIAN_POINT('',(4.95,-4.25,4.25));
#10621 = VECTOR('',#10622,1.);
#10622 = DIRECTION('',(-1.224646799147E-16,-1.,1.110223024625E-16));
#10623 = PLANE('',#10624);
#10624 = AXIS2_PLACEMENT_3D('',#10625,#10626,#10627);
#10625 = CARTESIAN_POINT('',(4.95,-2.827303270929,3.048284071859));
#10626 = DIRECTION('',(1.,-1.224646799147E-16,6.832876517433E-32));
#10627 = DIRECTION('',(6.832876517433E-32,-8.367860356044E-48,-1.));
#10628 = ADVANCED_FACE('',(#10629),#10640,.F.);
#10629 = FACE_BOUND('',#10630,.F.);
#10630 = EDGE_LOOP('',(#10631,#10632,#10633,#10639));
#10631 = ORIENTED_EDGE('',*,*,#10545,.T.);
#10632 = ORIENTED_EDGE('',*,*,#10029,.T.);
#10633 = ORIENTED_EDGE('',*,*,#10634,.F.);
#10634 = EDGE_CURVE('',#10569,#10030,#10635,.T.);
#10635 = LINE('',#10636,#10637);
#10636 = CARTESIAN_POINT('',(4.95,3.9,0.));
#10637 = VECTOR('',#10638,1.);
#10638 = DIRECTION('',(-1.,1.224646799147E-16,0.));
#10639 = ORIENTED_EDGE('',*,*,#10576,.F.);
#10640 = PLANE('',#10641);
#10641 = AXIS2_PLACEMENT_3D('',#10642,#10643,#10644);
#10642 = CARTESIAN_POINT('',(4.95,3.9,2.85));
#10643 = DIRECTION('',(-1.224646799147E-16,-1.,0.));
#10644 = DIRECTION('',(-0.,0.,-1.));
#10645 = ADVANCED_FACE('',(#10646),#10652,.F.);
#10646 = FACE_BOUND('',#10647,.F.);
#10647 = EDGE_LOOP('',(#10648,#10649,#10650,#10651));
#10648 = ORIENTED_EDGE('',*,*,#10634,.T.);
#10649 = ORIENTED_EDGE('',*,*,#10037,.T.);
#10650 = ORIENTED_EDGE('',*,*,#10102,.F.);
#10651 = ORIENTED_EDGE('',*,*,#10568,.F.);
#10652 = PLANE('',#10653);
#10653 = AXIS2_PLACEMENT_3D('',#10654,#10655,#10656);
#10654 = CARTESIAN_POINT('',(4.95,3.9,0.));
#10655 = DIRECTION('',(0.,0.,1.));
#10656 = DIRECTION('',(-1.224646799147E-16,-1.,0.));
#10657 = ADVANCED_FACE('',(#10658),#10683,.F.);
#10658 = FACE_BOUND('',#10659,.T.);
#10659 = EDGE_LOOP('',(#10660,#10668,#10669,#10677));
#10660 = ORIENTED_EDGE('',*,*,#10661,.F.);
#10661 = EDGE_CURVE('',#10061,#10662,#10664,.T.);
#10662 = VERTEX_POINT('',#10663);
#10663 = CARTESIAN_POINT('',(-1.6,-7.4,4.25));
#10664 = LINE('',#10665,#10666);
#10665 = CARTESIAN_POINT('',(0.775,-5.025,4.25));
#10666 = VECTOR('',#10667,1.);
#10667 = DIRECTION('',(0.707106781187,0.707106781187,-7.850462293414E-17
    ));
#10668 = ORIENTED_EDGE('',*,*,#10060,.T.);
#10669 = ORIENTED_EDGE('',*,*,#10670,.T.);
#10670 = EDGE_CURVE('',#10063,#10671,#10673,.T.);
#10671 = VERTEX_POINT('',#10672);
#10672 = CARTESIAN_POINT('',(-1.6,-7.4,1.1));
#10673 = LINE('',#10674,#10675);
#10674 = CARTESIAN_POINT('',(-1.141666666667,-6.941666666667,
    1.558333333333));
#10675 = VECTOR('',#10676,1.);
#10676 = DIRECTION('',(0.57735026919,0.57735026919,0.57735026919));
#10677 = ORIENTED_EDGE('',*,*,#10678,.F.);
#10678 = EDGE_CURVE('',#10662,#10671,#10679,.T.);
#10679 = LINE('',#10680,#10681);
#10680 = CARTESIAN_POINT('',(-1.6,-7.4,4.25));
#10681 = VECTOR('',#10682,1.);
#10682 = DIRECTION('',(-1.359631073447E-32,-1.110223024625E-16,-1.));
#10683 = PLANE('',#10684);
#10684 = AXIS2_PLACEMENT_3D('',#10685,#10686,#10687);
#10685 = CARTESIAN_POINT('',(-1.7,-7.5,4.25));
#10686 = DIRECTION('',(-0.707106781187,0.707106781187,
    -7.850462293414E-17));
#10687 = DIRECTION('',(2.682127077751E-29,1.110223024625E-16,1.));
#10688 = ADVANCED_FACE('',(#10689),#10708,.T.);
#10689 = FACE_BOUND('',#10690,.T.);
#10690 = EDGE_LOOP('',(#10691,#10699,#10705,#10706,#10707));
#10691 = ORIENTED_EDGE('',*,*,#10692,.T.);
#10692 = EDGE_CURVE('',#10662,#10693,#10695,.T.);
#10693 = VERTEX_POINT('',#10694);
#10694 = CARTESIAN_POINT('',(-1.6,-4.25,4.25));
#10695 = LINE('',#10696,#10697);
#10696 = CARTESIAN_POINT('',(-1.6,-5.925,4.25));
#10697 = VECTOR('',#10698,1.);
#10698 = DIRECTION('',(1.224646799147E-16,1.,-1.110223024625E-16));
#10699 = ORIENTED_EDGE('',*,*,#10700,.T.);
#10700 = EDGE_CURVE('',#10693,#10223,#10701,.T.);
#10701 = LINE('',#10702,#10703);
#10702 = CARTESIAN_POINT('',(4.95,-4.25,4.25));
#10703 = VECTOR('',#10704,1.);
#10704 = DIRECTION('',(-1.,1.224646799147E-16,0.));
#10705 = ORIENTED_EDGE('',*,*,#10222,.T.);
#10706 = ORIENTED_EDGE('',*,*,#10070,.F.);
#10707 = ORIENTED_EDGE('',*,*,#10661,.T.);
#10708 = PLANE('',#10709);
#10709 = AXIS2_PLACEMENT_3D('',#10710,#10711,#10712);
#10710 = CARTESIAN_POINT('',(4.95,-4.25,4.25));
#10711 = DIRECTION('',(1.359631073447E-32,1.110223024625E-16,1.));
#10712 = DIRECTION('',(-1.224646799147E-16,-1.,1.110223024625E-16));
#10713 = ADVANCED_FACE('',(#10714),#10725,.F.);
#10714 = FACE_BOUND('',#10715,.F.);
#10715 = EDGE_LOOP('',(#10716,#10722,#10723,#10724));
#10716 = ORIENTED_EDGE('',*,*,#10717,.T.);
#10717 = EDGE_CURVE('',#10158,#10208,#10718,.T.);
#10718 = LINE('',#10719,#10720);
#10719 = CARTESIAN_POINT('',(-1.95,3.9,0.));
#10720 = VECTOR('',#10721,1.);
#10721 = DIRECTION('',(-1.,1.224646799147E-16,0.));
#10722 = ORIENTED_EDGE('',*,*,#10215,.T.);
#10723 = ORIENTED_EDGE('',*,*,#10086,.F.);
#10724 = ORIENTED_EDGE('',*,*,#10165,.F.);
#10725 = PLANE('',#10726);
#10726 = AXIS2_PLACEMENT_3D('',#10727,#10728,#10729);
#10727 = CARTESIAN_POINT('',(-1.95,3.9,0.));
#10728 = DIRECTION('',(0.,0.,1.));
#10729 = DIRECTION('',(-1.224646799147E-16,-1.,0.));
#10730 = ADVANCED_FACE('',(#10731),#10757,.T.);
#10731 = FACE_BOUND('',#10732,.T.);
#10732 = EDGE_LOOP('',(#10733,#10734,#10735,#10743,#10751));
#10733 = ORIENTED_EDGE('',*,*,#10118,.F.);
#10734 = ORIENTED_EDGE('',*,*,#10618,.F.);
#10735 = ORIENTED_EDGE('',*,*,#10736,.T.);
#10736 = EDGE_CURVE('',#10611,#10737,#10739,.T.);
#10737 = VERTEX_POINT('',#10738);
#10738 = CARTESIAN_POINT('',(4.1,-4.25,4.25));
#10739 = LINE('',#10740,#10741);
#10740 = CARTESIAN_POINT('',(4.95,-4.25,4.25));
#10741 = VECTOR('',#10742,1.);
#10742 = DIRECTION('',(-1.,1.224646799147E-16,0.));
#10743 = ORIENTED_EDGE('',*,*,#10744,.T.);
#10744 = EDGE_CURVE('',#10737,#10745,#10747,.T.);
#10745 = VERTEX_POINT('',#10746);
#10746 = CARTESIAN_POINT('',(4.1,-7.4,4.25));
#10747 = LINE('',#10748,#10749);
#10748 = CARTESIAN_POINT('',(4.1,-5.925,4.25));
#10749 = VECTOR('',#10750,1.);
#10750 = DIRECTION('',(-1.224646799147E-16,-1.,1.110223024625E-16));
#10751 = ORIENTED_EDGE('',*,*,#10752,.F.);
#10752 = EDGE_CURVE('',#10119,#10745,#10753,.T.);
#10753 = LINE('',#10754,#10755);
#10754 = CARTESIAN_POINT('',(3.575,-6.875,4.25));
#10755 = VECTOR('',#10756,1.);
#10756 = DIRECTION('',(-0.707106781187,0.707106781187,
    -7.850462293414E-17));
#10757 = PLANE('',#10758);
#10758 = AXIS2_PLACEMENT_3D('',#10759,#10760,#10761);
#10759 = CARTESIAN_POINT('',(4.95,-4.25,4.25));
#10760 = DIRECTION('',(1.359631073447E-32,1.110223024625E-16,1.));
#10761 = DIRECTION('',(-1.224646799147E-16,-1.,1.110223024625E-16));
#10762 = ADVANCED_FACE('',(#10763),#10781,.F.);
#10763 = FACE_BOUND('',#10764,.T.);
#10764 = EDGE_LOOP('',(#10765,#10773,#10774,#10775));
#10765 = ORIENTED_EDGE('',*,*,#10766,.F.);
#10766 = EDGE_CURVE('',#10127,#10767,#10769,.T.);
#10767 = VERTEX_POINT('',#10768);
#10768 = CARTESIAN_POINT('',(4.1,-7.4,1.1));
#10769 = LINE('',#10770,#10771);
#10770 = CARTESIAN_POINT('',(3.216666666667,-6.516666666667,
    1.983333333333));
#10771 = VECTOR('',#10772,1.);
#10772 = DIRECTION('',(-0.57735026919,0.57735026919,0.57735026919));
#10773 = ORIENTED_EDGE('',*,*,#10126,.T.);
#10774 = ORIENTED_EDGE('',*,*,#10752,.T.);
#10775 = ORIENTED_EDGE('',*,*,#10776,.F.);
#10776 = EDGE_CURVE('',#10767,#10745,#10777,.T.);
#10777 = LINE('',#10778,#10779);
#10778 = CARTESIAN_POINT('',(4.1,-7.4,1.1));
#10779 = VECTOR('',#10780,1.);
#10780 = DIRECTION('',(1.359631073447E-32,1.110223024625E-16,1.));
#10781 = PLANE('',#10782);
#10782 = AXIS2_PLACEMENT_3D('',#10783,#10784,#10785);
#10783 = CARTESIAN_POINT('',(4.2,-7.5,1.1));
#10784 = DIRECTION('',(0.707106781187,0.707106781187,-7.850462293414E-17
    ));
#10785 = DIRECTION('',(2.680278185005E-29,-1.110223024625E-16,-1.));
#10786 = ADVANCED_FACE('',(#10787),#10798,.F.);
#10787 = FACE_BOUND('',#10788,.T.);
#10788 = EDGE_LOOP('',(#10789,#10790,#10791,#10792));
#10789 = ORIENTED_EDGE('',*,*,#10670,.F.);
#10790 = ORIENTED_EDGE('',*,*,#10134,.T.);
#10791 = ORIENTED_EDGE('',*,*,#10766,.T.);
#10792 = ORIENTED_EDGE('',*,*,#10793,.F.);
#10793 = EDGE_CURVE('',#10671,#10767,#10794,.T.);
#10794 = LINE('',#10795,#10796);
#10795 = CARTESIAN_POINT('',(-1.6,-7.4,1.1));
#10796 = VECTOR('',#10797,1.);
#10797 = DIRECTION('',(1.,-1.224646799147E-16,0.));
#10798 = PLANE('',#10799);
#10799 = AXIS2_PLACEMENT_3D('',#10800,#10801,#10802);
#10800 = CARTESIAN_POINT('',(-1.6,-7.5,1.));
#10801 = DIRECTION('',(8.659560562349E-17,0.707106781187,-0.707106781187
    ));
#10802 = DIRECTION('',(-1.,1.224646799147E-16,2.105272540809E-29));
#10803 = ADVANCED_FACE('',(#10804),#10810,.F.);
#10804 = FACE_BOUND('',#10805,.F.);
#10805 = EDGE_LOOP('',(#10806,#10807,#10808,#10809));
#10806 = ORIENTED_EDGE('',*,*,#10190,.T.);
#10807 = ORIENTED_EDGE('',*,*,#10207,.T.);
#10808 = ORIENTED_EDGE('',*,*,#10717,.F.);
#10809 = ORIENTED_EDGE('',*,*,#10157,.F.);
#10810 = PLANE('',#10811);
#10811 = AXIS2_PLACEMENT_3D('',#10812,#10813,#10814);
#10812 = CARTESIAN_POINT('',(-1.95,3.9,2.85));
#10813 = DIRECTION('',(-1.224646799147E-16,-1.,0.));
#10814 = DIRECTION('',(-0.,0.,-1.));
#10815 = ADVANCED_FACE('',(#10816),#10834,.T.);
#10816 = FACE_BOUND('',#10817,.T.);
#10817 = EDGE_LOOP('',(#10818,#10826,#10832,#10833));
#10818 = ORIENTED_EDGE('',*,*,#10819,.T.);
#10819 = EDGE_CURVE('',#10693,#10820,#10822,.T.);
#10820 = VERTEX_POINT('',#10821);
#10821 = CARTESIAN_POINT('',(-1.6,-4.25,4.75));
#10822 = LINE('',#10823,#10824);
#10823 = CARTESIAN_POINT('',(-1.6,-4.25,5.));
#10824 = VECTOR('',#10825,1.);
#10825 = DIRECTION('',(1.359631073447E-32,1.110223024625E-16,1.));
#10826 = ORIENTED_EDGE('',*,*,#10827,.T.);
#10827 = EDGE_CURVE('',#10820,#10231,#10828,.T.);
#10828 = LINE('',#10829,#10830);
#10829 = CARTESIAN_POINT('',(4.95,-4.25,4.75));
#10830 = VECTOR('',#10831,1.);
#10831 = DIRECTION('',(-1.,1.224646799147E-16,0.));
#10832 = ORIENTED_EDGE('',*,*,#10230,.T.);
#10833 = ORIENTED_EDGE('',*,*,#10700,.F.);
#10834 = PLANE('',#10835);
#10835 = AXIS2_PLACEMENT_3D('',#10836,#10837,#10838);
#10836 = CARTESIAN_POINT('',(4.95,-4.25,4.75));
#10837 = DIRECTION('',(-1.224646799147E-16,-1.,1.110223024625E-16));
#10838 = DIRECTION('',(-1.359631073447E-32,-1.110223024625E-16,-1.));
#10839 = ADVANCED_FACE('',(#10840),#10859,.F.);
#10840 = FACE_BOUND('',#10841,.F.);
#10841 = EDGE_LOOP('',(#10842,#10843,#10844,#10852));
#10842 = ORIENTED_EDGE('',*,*,#10827,.T.);
#10843 = ORIENTED_EDGE('',*,*,#10238,.T.);
#10844 = ORIENTED_EDGE('',*,*,#10845,.F.);
#10845 = EDGE_CURVE('',#10846,#10239,#10848,.T.);
#10846 = VERTEX_POINT('',#10847);
#10847 = CARTESIAN_POINT('',(-1.6,-4.75,5.25));
#10848 = LINE('',#10849,#10850);
#10849 = CARTESIAN_POINT('',(4.95,-4.75,5.25));
#10850 = VECTOR('',#10851,1.);
#10851 = DIRECTION('',(-1.,1.224646799147E-16,0.));
#10852 = ORIENTED_EDGE('',*,*,#10853,.F.);
#10853 = EDGE_CURVE('',#10820,#10846,#10854,.T.);
#10854 = CIRCLE('',#10855,0.5);
#10855 = AXIS2_PLACEMENT_3D('',#10856,#10857,#10858);
#10856 = CARTESIAN_POINT('',(-1.6,-4.75,4.75));
#10857 = DIRECTION('',(1.,-1.224646799147E-16,0.));
#10858 = DIRECTION('',(1.359631073446E-32,1.110223024625E-16,1.));
#10859 = CYLINDRICAL_SURFACE('',#10860,0.5);
#10860 = AXIS2_PLACEMENT_3D('',#10861,#10862,#10863);
#10861 = CARTESIAN_POINT('',(4.95,-4.75,4.75));
#10862 = DIRECTION('',(1.,-1.224646799147E-16,0.));
#10863 = DIRECTION('',(1.359631073446E-32,1.110223024625E-16,1.));
#10864 = ADVANCED_FACE('',(#10865),#11004,.T.);
#10865 = FACE_BOUND('',#10866,.T.);
#10866 = EDGE_LOOP('',(#10867,#10868,#10876,#10884,#10892,#10900,#10908,
    #10917,#10925,#10934,#10942,#10950,#10958,#10966,#10972,#10973,
    #10974,#10982,#10990,#10998));
#10867 = ORIENTED_EDGE('',*,*,#10593,.F.);
#10868 = ORIENTED_EDGE('',*,*,#10869,.T.);
#10869 = EDGE_CURVE('',#10586,#10870,#10872,.T.);
#10870 = VERTEX_POINT('',#10871);
#10871 = CARTESIAN_POINT('',(3.,-7.6,5.25));
#10872 = LINE('',#10873,#10874);
#10873 = CARTESIAN_POINT('',(4.95,-7.6,5.25));
#10874 = VECTOR('',#10875,1.);
#10875 = DIRECTION('',(-1.,1.224646799147E-16,0.));
#10876 = ORIENTED_EDGE('',*,*,#10877,.T.);
#10877 = EDGE_CURVE('',#10870,#10878,#10880,.T.);
#10878 = VERTEX_POINT('',#10879);
#10879 = CARTESIAN_POINT('',(3.,-6.7,5.25));
#10880 = LINE('',#10881,#10882);
#10881 = CARTESIAN_POINT('',(3.,-5.940388446215,5.25));
#10882 = VECTOR('',#10883,1.);
#10883 = DIRECTION('',(-1.242515477797E-16,1.,-2.714993636837E-17));
#10884 = ORIENTED_EDGE('',*,*,#10885,.T.);
#10885 = EDGE_CURVE('',#10878,#10886,#10888,.T.);
#10886 = VERTEX_POINT('',#10887);
#10887 = CARTESIAN_POINT('',(2.75,-6.45,5.25));
#10888 = LINE('',#10889,#10890);
#10889 = CARTESIAN_POINT('',(2.057694223108,-5.757694223108,5.25));
#10890 = VECTOR('',#10891,1.);
#10891 = DIRECTION('',(-0.707106781187,0.707106781187,
    -1.919790411485E-17));
#10892 = ORIENTED_EDGE('',*,*,#10893,.T.);
#10893 = EDGE_CURVE('',#10886,#10894,#10896,.T.);
#10894 = VERTEX_POINT('',#10895);
#10895 = CARTESIAN_POINT('',(3.,-6.2,5.25));
#10896 = LINE('',#10897,#10898);
#10897 = CARTESIAN_POINT('',(2.817305776892,-6.382694223108,5.25));
#10898 = VECTOR('',#10899,1.);
#10899 = DIRECTION('',(0.707106781187,0.707106781187,-1.919790411485E-17
    ));
#10900 = ORIENTED_EDGE('',*,*,#10901,.T.);
#10901 = EDGE_CURVE('',#10894,#10902,#10904,.T.);
#10902 = VERTEX_POINT('',#10903);
#10903 = CARTESIAN_POINT('',(3.,-4.45,5.25));
#10904 = LINE('',#10905,#10906);
#10905 = CARTESIAN_POINT('',(3.,-4.440388446215,5.25));
#10906 = VECTOR('',#10907,1.);
#10907 = DIRECTION('',(1.224646799147E-16,1.,-2.714993636837E-17));
#10908 = ORIENTED_EDGE('',*,*,#10909,.F.);
#10909 = EDGE_CURVE('',#10910,#10902,#10912,.T.);
#10910 = VERTEX_POINT('',#10911);
#10911 = CARTESIAN_POINT('',(2.25,-3.7,5.25));
#10912 = CIRCLE('',#10913,0.75);
#10913 = AXIS2_PLACEMENT_3D('',#10914,#10915,#10916);
#10914 = CARTESIAN_POINT('',(2.25,-4.45,5.25));
#10915 = DIRECTION('',(-1.359631073447E-32,-1.110223024625E-16,-1.));
#10916 = DIRECTION('',(1.224646799147E-16,1.,-1.110223024625E-16));
#10917 = ORIENTED_EDGE('',*,*,#10918,.F.);
#10918 = EDGE_CURVE('',#10919,#10910,#10921,.T.);
#10919 = VERTEX_POINT('',#10920);
#10920 = CARTESIAN_POINT('',(0.25,-3.7,5.25));
#10921 = LINE('',#10922,#10923);
#10922 = CARTESIAN_POINT('',(1.25,-3.7,5.25));
#10923 = VECTOR('',#10924,1.);
#10924 = DIRECTION('',(1.,-1.224646799147E-16,5.884600603669E-33));
#10925 = ORIENTED_EDGE('',*,*,#10926,.F.);
#10926 = EDGE_CURVE('',#10927,#10919,#10929,.T.);
#10927 = VERTEX_POINT('',#10928);
#10928 = CARTESIAN_POINT('',(-0.5,-4.45,5.25));
#10929 = CIRCLE('',#10930,0.75);
#10930 = AXIS2_PLACEMENT_3D('',#10931,#10932,#10933);
#10931 = CARTESIAN_POINT('',(0.25,-4.45,5.25));
#10932 = DIRECTION('',(-1.359631073447E-32,-1.110223024625E-16,-1.));
#10933 = DIRECTION('',(1.224646799147E-16,1.,-1.110223024625E-16));
#10934 = ORIENTED_EDGE('',*,*,#10935,.F.);
#10935 = EDGE_CURVE('',#10936,#10927,#10938,.T.);
#10936 = VERTEX_POINT('',#10937);
#10937 = CARTESIAN_POINT('',(-0.5,-6.2,5.25));
#10938 = LINE('',#10939,#10940);
#10939 = CARTESIAN_POINT('',(-0.5,-4.440388446215,5.25));
#10940 = VECTOR('',#10941,1.);
#10941 = DIRECTION('',(1.224646799147E-16,1.,-2.714993636837E-17));
#10942 = ORIENTED_EDGE('',*,*,#10943,.F.);
#10943 = EDGE_CURVE('',#10944,#10936,#10946,.T.);
#10944 = VERTEX_POINT('',#10945);
#10945 = CARTESIAN_POINT('',(-0.25,-6.45,5.25));
#10946 = LINE('',#10947,#10948);
#10947 = CARTESIAN_POINT('',(-0.317305776892,-6.382694223108,5.25));
#10948 = VECTOR('',#10949,1.);
#10949 = DIRECTION('',(-0.707106781187,0.707106781187,
    -1.919790411485E-17));
#10950 = ORIENTED_EDGE('',*,*,#10951,.F.);
#10951 = EDGE_CURVE('',#10952,#10944,#10954,.T.);
#10952 = VERTEX_POINT('',#10953);
#10953 = CARTESIAN_POINT('',(-0.5,-6.7,5.25));
#10954 = LINE('',#10955,#10956);
#10955 = CARTESIAN_POINT('',(0.442305776892,-5.757694223108,5.25));
#10956 = VECTOR('',#10957,1.);
#10957 = DIRECTION('',(0.707106781187,0.707106781187,-1.919790411485E-17
    ));
#10958 = ORIENTED_EDGE('',*,*,#10959,.F.);
#10959 = EDGE_CURVE('',#10960,#10952,#10962,.T.);
#10960 = VERTEX_POINT('',#10961);
#10961 = CARTESIAN_POINT('',(-0.5,-7.6,5.25));
#10962 = LINE('',#10963,#10964);
#10963 = CARTESIAN_POINT('',(-0.5,-5.940388446215,5.25));
#10964 = VECTOR('',#10965,1.);
#10965 = DIRECTION('',(1.224646799147E-16,1.,-2.714993636837E-17));
#10966 = ORIENTED_EDGE('',*,*,#10967,.T.);
#10967 = EDGE_CURVE('',#10960,#10248,#10968,.T.);
#10968 = LINE('',#10969,#10970);
#10969 = CARTESIAN_POINT('',(4.95,-7.6,5.25));
#10970 = VECTOR('',#10971,1.);
#10971 = DIRECTION('',(-1.,1.224646799147E-16,0.));
#10972 = ORIENTED_EDGE('',*,*,#10247,.T.);
#10973 = ORIENTED_EDGE('',*,*,#10845,.F.);
#10974 = ORIENTED_EDGE('',*,*,#10975,.T.);
#10975 = EDGE_CURVE('',#10846,#10976,#10978,.T.);
#10976 = VERTEX_POINT('',#10977);
#10977 = CARTESIAN_POINT('',(-1.6,-2.45,5.25));
#10978 = LINE('',#10979,#10980);
#10979 = CARTESIAN_POINT('',(-1.6,-7.6,5.25));
#10980 = VECTOR('',#10981,1.);
#10981 = DIRECTION('',(1.224646799147E-16,1.,-1.110223024625E-16));
#10982 = ORIENTED_EDGE('',*,*,#10983,.F.);
#10983 = EDGE_CURVE('',#10984,#10976,#10986,.T.);
#10984 = VERTEX_POINT('',#10985);
#10985 = CARTESIAN_POINT('',(4.1,-2.45,5.25));
#10986 = LINE('',#10987,#10988);
#10987 = CARTESIAN_POINT('',(4.1,-2.45,5.25));
#10988 = VECTOR('',#10989,1.);
#10989 = DIRECTION('',(-1.,1.224646799147E-16,0.));
#10990 = ORIENTED_EDGE('',*,*,#10991,.F.);
#10991 = EDGE_CURVE('',#10992,#10984,#10994,.T.);
#10992 = VERTEX_POINT('',#10993);
#10993 = CARTESIAN_POINT('',(4.1,-4.75,5.25));
#10994 = LINE('',#10995,#10996);
#10995 = CARTESIAN_POINT('',(4.1,-7.6,5.25));
#10996 = VECTOR('',#10997,1.);
#10997 = DIRECTION('',(1.224646799147E-16,1.,-1.110223024625E-16));
#10998 = ORIENTED_EDGE('',*,*,#10999,.F.);
#10999 = EDGE_CURVE('',#10594,#10992,#11000,.T.);
#11000 = LINE('',#11001,#11002);
#11001 = CARTESIAN_POINT('',(4.95,-4.75,5.25));
#11002 = VECTOR('',#11003,1.);
#11003 = DIRECTION('',(-1.,1.224646799147E-16,0.));
#11004 = PLANE('',#11005);
#11005 = AXIS2_PLACEMENT_3D('',#11006,#11007,#11008);
#11006 = CARTESIAN_POINT('',(1.25,-5.18077689243,5.25));
#11007 = DIRECTION('',(2.559692336611E-33,-2.714993636837E-17,-1.));
#11008 = DIRECTION('',(-1.224646799147E-16,-1.,2.714993636837E-17));
#11009 = ADVANCED_FACE('',(#11010),#11021,.T.);
#11010 = FACE_BOUND('',#11011,.T.);
#11011 = EDGE_LOOP('',(#11012,#11013,#11019,#11020));
#11012 = ORIENTED_EDGE('',*,*,#10967,.F.);
#11013 = ORIENTED_EDGE('',*,*,#11014,.F.);
#11014 = EDGE_CURVE('',#10377,#10960,#11015,.T.);
#11015 = LINE('',#11016,#11017);
#11016 = CARTESIAN_POINT('',(-0.5,-7.6,6.1));
#11017 = VECTOR('',#11018,1.);
#11018 = DIRECTION('',(-1.359631073447E-32,-1.110223024625E-16,-1.));
#11019 = ORIENTED_EDGE('',*,*,#10384,.T.);
#11020 = ORIENTED_EDGE('',*,*,#10255,.T.);
#11021 = PLANE('',#11022);
#11022 = AXIS2_PLACEMENT_3D('',#11023,#11024,#11025);
#11023 = CARTESIAN_POINT('',(1.25,-7.6,3.225));
#11024 = DIRECTION('',(-1.224646799147E-16,-1.,1.110223024625E-16));
#11025 = DIRECTION('',(-1.,1.224646799147E-16,0.));
#11026 = ADVANCED_FACE('',(#11027),#11038,.F.);
#11027 = FACE_BOUND('',#11028,.F.);
#11028 = EDGE_LOOP('',(#11029,#11030,#11036,#11037));
#11029 = ORIENTED_EDGE('',*,*,#10376,.F.);
#11030 = ORIENTED_EDGE('',*,*,#11031,.T.);
#11031 = EDGE_CURVE('',#10369,#10952,#11032,.T.);
#11032 = LINE('',#11033,#11034);
#11033 = CARTESIAN_POINT('',(-0.5,-6.7,6.1));
#11034 = VECTOR('',#11035,1.);
#11035 = DIRECTION('',(-1.359631073447E-32,-1.110223024625E-16,-1.));
#11036 = ORIENTED_EDGE('',*,*,#10959,.F.);
#11037 = ORIENTED_EDGE('',*,*,#11014,.F.);
#11038 = PLANE('',#11039);
#11039 = AXIS2_PLACEMENT_3D('',#11040,#11041,#11042);
#11040 = CARTESIAN_POINT('',(-0.5,-6.7,6.1));
#11041 = DIRECTION('',(-1.,1.224646799147E-16,0.));
#11042 = DIRECTION('',(-1.224646799147E-16,-1.,1.110223024625E-16));
#11043 = ADVANCED_FACE('',(#11044),#11055,.F.);
#11044 = FACE_BOUND('',#11045,.F.);
#11045 = EDGE_LOOP('',(#11046,#11047,#11053,#11054));
#11046 = ORIENTED_EDGE('',*,*,#10368,.F.);
#11047 = ORIENTED_EDGE('',*,*,#11048,.T.);
#11048 = EDGE_CURVE('',#10361,#10944,#11049,.T.);
#11049 = LINE('',#11050,#11051);
#11050 = CARTESIAN_POINT('',(-0.25,-6.45,6.1));
#11051 = VECTOR('',#11052,1.);
#11052 = DIRECTION('',(-1.359631073447E-32,-1.110223024625E-16,-1.));
#11053 = ORIENTED_EDGE('',*,*,#10951,.F.);
#11054 = ORIENTED_EDGE('',*,*,#11031,.F.);
#11055 = PLANE('',#11056);
#11056 = AXIS2_PLACEMENT_3D('',#11057,#11058,#11059);
#11057 = CARTESIAN_POINT('',(-0.25,-6.45,6.1));
#11058 = DIRECTION('',(-0.707106781187,0.707106781187,
    -7.850462293414E-17));
#11059 = DIRECTION('',(-0.707106781187,-0.707106781187,
    7.850462293414E-17));
#11060 = ADVANCED_FACE('',(#11061),#11072,.F.);
#11061 = FACE_BOUND('',#11062,.F.);
#11062 = EDGE_LOOP('',(#11063,#11064,#11070,#11071));
#11063 = ORIENTED_EDGE('',*,*,#10360,.F.);
#11064 = ORIENTED_EDGE('',*,*,#11065,.T.);
#11065 = EDGE_CURVE('',#10353,#10936,#11066,.T.);
#11066 = LINE('',#11067,#11068);
#11067 = CARTESIAN_POINT('',(-0.5,-6.2,6.1));
#11068 = VECTOR('',#11069,1.);
#11069 = DIRECTION('',(-1.359631073447E-32,-1.110223024625E-16,-1.));
#11070 = ORIENTED_EDGE('',*,*,#10943,.F.);
#11071 = ORIENTED_EDGE('',*,*,#11048,.F.);
#11072 = PLANE('',#11073);
#11073 = AXIS2_PLACEMENT_3D('',#11074,#11075,#11076);
#11074 = CARTESIAN_POINT('',(-0.5,-6.2,6.1));
#11075 = DIRECTION('',(-0.707106781187,-0.707106781187,
    7.850462293414E-17));
#11076 = DIRECTION('',(0.707106781187,-0.707106781187,7.850462293414E-17
    ));
#11077 = ADVANCED_FACE('',(#11078),#11089,.F.);
#11078 = FACE_BOUND('',#11079,.F.);
#11079 = EDGE_LOOP('',(#11080,#11081,#11087,#11088));
#11080 = ORIENTED_EDGE('',*,*,#10352,.F.);
#11081 = ORIENTED_EDGE('',*,*,#11082,.T.);
#11082 = EDGE_CURVE('',#10344,#10927,#11083,.T.);
#11083 = LINE('',#11084,#11085);
#11084 = CARTESIAN_POINT('',(-0.5,-4.45,6.1));
#11085 = VECTOR('',#11086,1.);
#11086 = DIRECTION('',(-1.359631073447E-32,-1.110223024625E-16,-1.));
#11087 = ORIENTED_EDGE('',*,*,#10935,.F.);
#11088 = ORIENTED_EDGE('',*,*,#11065,.F.);
#11089 = PLANE('',#11090);
#11090 = AXIS2_PLACEMENT_3D('',#11091,#11092,#11093);
#11091 = CARTESIAN_POINT('',(-0.5,-3.7,6.1));
#11092 = DIRECTION('',(-1.,1.224646799147E-16,0.));
#11093 = DIRECTION('',(-1.224646799147E-16,-1.,1.110223024625E-16));
#11094 = ADVANCED_FACE('',(#11095),#11106,.F.);
#11095 = FACE_BOUND('',#11096,.F.);
#11096 = EDGE_LOOP('',(#11097,#11098,#11099,#11100));
#11097 = ORIENTED_EDGE('',*,*,#10926,.F.);
#11098 = ORIENTED_EDGE('',*,*,#11082,.F.);
#11099 = ORIENTED_EDGE('',*,*,#10343,.F.);
#11100 = ORIENTED_EDGE('',*,*,#11101,.T.);
#11101 = EDGE_CURVE('',#10336,#10919,#11102,.T.);
#11102 = LINE('',#11103,#11104);
#11103 = CARTESIAN_POINT('',(0.25,-3.7,6.1));
#11104 = VECTOR('',#11105,1.);
#11105 = DIRECTION('',(-1.359631073447E-32,-1.110223024625E-16,-1.));
#11106 = CYLINDRICAL_SURFACE('',#11107,0.75);
#11107 = AXIS2_PLACEMENT_3D('',#11108,#11109,#11110);
#11108 = CARTESIAN_POINT('',(0.25,-4.45,6.1));
#11109 = DIRECTION('',(-1.359631073447E-32,-1.110223024625E-16,-1.));
#11110 = DIRECTION('',(1.224646799147E-16,1.,-1.110223024625E-16));
#11111 = ADVANCED_FACE('',(#11112),#11123,.F.);
#11112 = FACE_BOUND('',#11113,.F.);
#11113 = EDGE_LOOP('',(#11114,#11115,#11116,#11122));
#11114 = ORIENTED_EDGE('',*,*,#11101,.F.);
#11115 = ORIENTED_EDGE('',*,*,#10335,.T.);
#11116 = ORIENTED_EDGE('',*,*,#11117,.T.);
#11117 = EDGE_CURVE('',#10327,#10910,#11118,.T.);
#11118 = LINE('',#11119,#11120);
#11119 = CARTESIAN_POINT('',(2.25,-3.7,6.1));
#11120 = VECTOR('',#11121,1.);
#11121 = DIRECTION('',(-1.359631073447E-32,-1.110223024625E-16,-1.));
#11122 = ORIENTED_EDGE('',*,*,#10918,.F.);
#11123 = PLANE('',#11124);
#11124 = AXIS2_PLACEMENT_3D('',#11125,#11126,#11127);
#11125 = CARTESIAN_POINT('',(1.25,-3.7,5.6));
#11126 = DIRECTION('',(1.224646799147E-16,1.,-1.110223024625E-16));
#11127 = DIRECTION('',(1.359631073447E-32,1.110223024625E-16,1.));
#11128 = ADVANCED_FACE('',(#11129),#11140,.F.);
#11129 = FACE_BOUND('',#11130,.F.);
#11130 = EDGE_LOOP('',(#11131,#11132,#11133,#11139));
#11131 = ORIENTED_EDGE('',*,*,#11117,.F.);
#11132 = ORIENTED_EDGE('',*,*,#10326,.T.);
#11133 = ORIENTED_EDGE('',*,*,#11134,.T.);
#11134 = EDGE_CURVE('',#10319,#10902,#11135,.T.);
#11135 = LINE('',#11136,#11137);
#11136 = CARTESIAN_POINT('',(3.,-4.45,6.1));
#11137 = VECTOR('',#11138,1.);
#11138 = DIRECTION('',(-1.359631073447E-32,-1.110223024625E-16,-1.));
#11139 = ORIENTED_EDGE('',*,*,#10909,.F.);
#11140 = CYLINDRICAL_SURFACE('',#11141,0.75);
#11141 = AXIS2_PLACEMENT_3D('',#11142,#11143,#11144);
#11142 = CARTESIAN_POINT('',(2.25,-4.45,6.1));
#11143 = DIRECTION('',(-1.359631073447E-32,-1.110223024625E-16,-1.));
#11144 = DIRECTION('',(1.224646799147E-16,1.,-1.110223024625E-16));
#11145 = ADVANCED_FACE('',(#11146),#11157,.T.);
#11146 = FACE_BOUND('',#11147,.T.);
#11147 = EDGE_LOOP('',(#11148,#11149,#11150,#11151));
#11148 = ORIENTED_EDGE('',*,*,#10318,.F.);
#11149 = ORIENTED_EDGE('',*,*,#11134,.T.);
#11150 = ORIENTED_EDGE('',*,*,#10901,.F.);
#11151 = ORIENTED_EDGE('',*,*,#11152,.F.);
#11152 = EDGE_CURVE('',#10311,#10894,#11153,.T.);
#11153 = LINE('',#11154,#11155);
#11154 = CARTESIAN_POINT('',(3.,-6.2,6.1));
#11155 = VECTOR('',#11156,1.);
#11156 = DIRECTION('',(-1.359631073447E-32,-1.110223024625E-16,-1.));
#11157 = PLANE('',#11158);
#11158 = AXIS2_PLACEMENT_3D('',#11159,#11160,#11161);
#11159 = CARTESIAN_POINT('',(3.,-3.7,6.1));
#11160 = DIRECTION('',(-1.,1.224646799147E-16,0.));
#11161 = DIRECTION('',(-1.224646799147E-16,-1.,1.110223024625E-16));
#11162 = ADVANCED_FACE('',(#11163),#11174,.T.);
#11163 = FACE_BOUND('',#11164,.T.);
#11164 = EDGE_LOOP('',(#11165,#11166,#11167,#11168));
#11165 = ORIENTED_EDGE('',*,*,#10310,.F.);
#11166 = ORIENTED_EDGE('',*,*,#11152,.T.);
#11167 = ORIENTED_EDGE('',*,*,#10893,.F.);
#11168 = ORIENTED_EDGE('',*,*,#11169,.F.);
#11169 = EDGE_CURVE('',#10303,#10886,#11170,.T.);
#11170 = LINE('',#11171,#11172);
#11171 = CARTESIAN_POINT('',(2.75,-6.45,6.1));
#11172 = VECTOR('',#11173,1.);
#11173 = DIRECTION('',(-1.359631073447E-32,-1.110223024625E-16,-1.));
#11174 = PLANE('',#11175);
#11175 = AXIS2_PLACEMENT_3D('',#11176,#11177,#11178);
#11176 = CARTESIAN_POINT('',(3.,-6.2,6.1));
#11177 = DIRECTION('',(-0.707106781187,0.707106781187,
    -7.850462293414E-17));
#11178 = DIRECTION('',(-0.707106781187,-0.707106781187,
    7.850462293414E-17));
#11179 = ADVANCED_FACE('',(#11180),#11191,.T.);
#11180 = FACE_BOUND('',#11181,.T.);
#11181 = EDGE_LOOP('',(#11182,#11183,#11184,#11185));
#11182 = ORIENTED_EDGE('',*,*,#10302,.F.);
#11183 = ORIENTED_EDGE('',*,*,#11169,.T.);
#11184 = ORIENTED_EDGE('',*,*,#10885,.F.);
#11185 = ORIENTED_EDGE('',*,*,#11186,.F.);
#11186 = EDGE_CURVE('',#10295,#10878,#11187,.T.);
#11187 = LINE('',#11188,#11189);
#11188 = CARTESIAN_POINT('',(3.,-6.7,6.1));
#11189 = VECTOR('',#11190,1.);
#11190 = DIRECTION('',(-1.359631073447E-32,-1.110223024625E-16,-1.));
#11191 = PLANE('',#11192);
#11192 = AXIS2_PLACEMENT_3D('',#11193,#11194,#11195);
#11193 = CARTESIAN_POINT('',(2.75,-6.45,6.1));
#11194 = DIRECTION('',(-0.707106781187,-0.707106781187,
    7.850462293414E-17));
#11195 = DIRECTION('',(0.707106781187,-0.707106781187,7.850462293414E-17
    ));
#11196 = ADVANCED_FACE('',(#11197),#11208,.T.);
#11197 = FACE_BOUND('',#11198,.T.);
#11198 = EDGE_LOOP('',(#11199,#11200,#11201,#11202));
#11199 = ORIENTED_EDGE('',*,*,#10294,.F.);
#11200 = ORIENTED_EDGE('',*,*,#11186,.T.);
#11201 = ORIENTED_EDGE('',*,*,#10877,.F.);
#11202 = ORIENTED_EDGE('',*,*,#11203,.F.);
#11203 = EDGE_CURVE('',#10287,#10870,#11204,.T.);
#11204 = LINE('',#11205,#11206);
#11205 = CARTESIAN_POINT('',(3.,-7.6,6.1));
#11206 = VECTOR('',#11207,1.);
#11207 = DIRECTION('',(-1.359631073447E-32,-1.110223024625E-16,-1.));
#11208 = PLANE('',#11209);
#11209 = AXIS2_PLACEMENT_3D('',#11210,#11211,#11212);
#11210 = CARTESIAN_POINT('',(3.,-6.7,6.1));
#11211 = DIRECTION('',(-1.,-1.242515477797E-16,2.739100365351E-32));
#11212 = DIRECTION('',(1.242515477797E-16,-1.,1.110223024625E-16));
#11213 = ADVANCED_FACE('',(#11214),#11220,.T.);
#11214 = FACE_BOUND('',#11215,.T.);
#11215 = EDGE_LOOP('',(#11216,#11217,#11218,#11219));
#11216 = ORIENTED_EDGE('',*,*,#10869,.F.);
#11217 = ORIENTED_EDGE('',*,*,#10585,.T.);
#11218 = ORIENTED_EDGE('',*,*,#10286,.T.);
#11219 = ORIENTED_EDGE('',*,*,#11203,.T.);
#11220 = PLANE('',#11221);
#11221 = AXIS2_PLACEMENT_3D('',#11222,#11223,#11224);
#11222 = CARTESIAN_POINT('',(1.25,-7.6,3.225));
#11223 = DIRECTION('',(-1.224646799147E-16,-1.,1.110223024625E-16));
#11224 = DIRECTION('',(-1.,1.224646799147E-16,0.));
#11225 = ADVANCED_FACE('',(#11226),#11251,.F.);
#11226 = FACE_BOUND('',#11227,.F.);
#11227 = EDGE_LOOP('',(#11228,#11236,#11237,#11245));
#11228 = ORIENTED_EDGE('',*,*,#11229,.F.);
#11229 = EDGE_CURVE('',#10443,#11230,#11232,.T.);
#11230 = VERTEX_POINT('',#11231);
#11231 = CARTESIAN_POINT('',(0.32,-0.37,4.07));
#11232 = LINE('',#11233,#11234);
#11233 = CARTESIAN_POINT('',(0.32,-7.1,4.07));
#11234 = VECTOR('',#11235,1.);
#11235 = DIRECTION('',(1.224646799147E-16,1.,0.));
#11236 = ORIENTED_EDGE('',*,*,#10440,.F.);
#11237 = ORIENTED_EDGE('',*,*,#11238,.T.);
#11238 = EDGE_CURVE('',#10441,#11239,#11241,.T.);
#11239 = VERTEX_POINT('',#11240);
#11240 = CARTESIAN_POINT('',(-0.32,-0.37,4.07));
#11241 = LINE('',#11242,#11243);
#11242 = CARTESIAN_POINT('',(-0.32,-7.1,4.07));
#11243 = VECTOR('',#11244,1.);
#11244 = DIRECTION('',(1.224646799147E-16,1.,0.));
#11245 = ORIENTED_EDGE('',*,*,#11246,.F.);
#11246 = EDGE_CURVE('',#11230,#11239,#11247,.T.);
#11247 = LINE('',#11248,#11249);
#11248 = CARTESIAN_POINT('',(0.32,-0.37,4.07));
#11249 = VECTOR('',#11250,1.);
#11250 = DIRECTION('',(-1.,1.224646799147E-16,0.));
#11251 = PLANE('',#11252);
#11252 = AXIS2_PLACEMENT_3D('',#11253,#11254,#11255);
#11253 = CARTESIAN_POINT('',(0.32,-7.1,4.07));
#11254 = DIRECTION('',(-0.,0.,-1.));
#11255 = DIRECTION('',(1.224646799147E-16,1.,0.));
#11256 = ADVANCED_FACE('',(#11257),#11341,.T.);
#11257 = FACE_BOUND('',#11258,.T.);
#11258 = EDGE_LOOP('',(#11259,#11260,#11261,#11270,#11278,#11286,#11294,
    #11302,#11310,#11318,#11326,#11335));
#11259 = ORIENTED_EDGE('',*,*,#10466,.F.);
#11260 = ORIENTED_EDGE('',*,*,#11238,.T.);
#11261 = ORIENTED_EDGE('',*,*,#11262,.T.);
#11262 = EDGE_CURVE('',#11239,#11263,#11265,.T.);
#11263 = VERTEX_POINT('',#11264);
#11264 = CARTESIAN_POINT('',(-0.32,0.32,3.38));
#11265 = CIRCLE('',#11266,0.69);
#11266 = AXIS2_PLACEMENT_3D('',#11267,#11268,#11269);
#11267 = CARTESIAN_POINT('',(-0.32,-0.37,3.38));
#11268 = DIRECTION('',(-1.,1.224646799147E-16,0.));
#11269 = DIRECTION('',(0.,0.,1.));
#11270 = ORIENTED_EDGE('',*,*,#11271,.T.);
#11271 = EDGE_CURVE('',#11263,#11272,#11274,.T.);
#11272 = VERTEX_POINT('',#11273);
#11273 = CARTESIAN_POINT('',(-0.32,0.32,-0.9));
#11274 = LINE('',#11275,#11276);
#11275 = CARTESIAN_POINT('',(-0.32,0.32,4.07));
#11276 = VECTOR('',#11277,1.);
#11277 = DIRECTION('',(-0.,0.,-1.));
#11278 = ORIENTED_EDGE('',*,*,#11279,.T.);
#11279 = EDGE_CURVE('',#11272,#11280,#11282,.T.);
#11280 = VERTEX_POINT('',#11281);
#11281 = CARTESIAN_POINT('',(-0.32,2.E-02,-1.5));
#11282 = LINE('',#11283,#11284);
#11283 = CARTESIAN_POINT('',(-0.32,0.32,-0.9));
#11284 = VECTOR('',#11285,1.);
#11285 = DIRECTION('',(-5.476786982641E-17,-0.4472135955,-0.894427191));
#11286 = ORIENTED_EDGE('',*,*,#11287,.T.);
#11287 = EDGE_CURVE('',#11280,#11288,#11290,.T.);
#11288 = VERTEX_POINT('',#11289);
#11289 = CARTESIAN_POINT('',(-0.32,0.288421052632,-3.2));
#11290 = LINE('',#11291,#11292);
#11291 = CARTESIAN_POINT('',(-0.32,2.E-02,-1.5));
#11292 = VECTOR('',#11293,1.);
#11293 = DIRECTION('',(1.909990663905E-17,0.155962573473,-0.987762965329
    ));
#11294 = ORIENTED_EDGE('',*,*,#11295,.T.);
#11295 = EDGE_CURVE('',#11288,#11296,#11298,.T.);
#11296 = VERTEX_POINT('',#11297);
#11297 = CARTESIAN_POINT('',(-0.32,-0.351578947368,-3.2));
#11298 = LINE('',#11299,#11300);
#11299 = CARTESIAN_POINT('',(-0.32,0.32,-3.2));
#11300 = VECTOR('',#11301,1.);
#11301 = DIRECTION('',(-1.224646799147E-16,-1.,0.));
#11302 = ORIENTED_EDGE('',*,*,#11303,.T.);
#11303 = EDGE_CURVE('',#11296,#11304,#11306,.T.);
#11304 = VERTEX_POINT('',#11305);
#11305 = CARTESIAN_POINT('',(-0.32,-0.62,-1.5));
#11306 = LINE('',#11307,#11308);
#11307 = CARTESIAN_POINT('',(-0.32,-0.32,-3.4));
#11308 = VECTOR('',#11309,1.);
#11309 = DIRECTION('',(-1.909990663905E-17,-0.155962573473,
    0.987762965329));
#11310 = ORIENTED_EDGE('',*,*,#11311,.T.);
#11311 = EDGE_CURVE('',#11304,#11312,#11314,.T.);
#11312 = VERTEX_POINT('',#11313);
#11313 = CARTESIAN_POINT('',(-0.32,-0.32,-0.9));
#11314 = LINE('',#11315,#11316);
#11315 = CARTESIAN_POINT('',(-0.32,-0.62,-1.5));
#11316 = VECTOR('',#11317,1.);
#11317 = DIRECTION('',(5.476786982641E-17,0.4472135955,0.894427191));
#11318 = ORIENTED_EDGE('',*,*,#11319,.T.);
#11319 = EDGE_CURVE('',#11312,#11320,#11322,.T.);
#11320 = VERTEX_POINT('',#11321);
#11321 = CARTESIAN_POINT('',(-0.32,-0.32,3.38));
#11322 = LINE('',#11323,#11324);
#11323 = CARTESIAN_POINT('',(-0.32,-0.32,-0.9));
#11324 = VECTOR('',#11325,1.);
#11325 = DIRECTION('',(0.,0.,1.));
#11326 = ORIENTED_EDGE('',*,*,#11327,.F.);
#11327 = EDGE_CURVE('',#11328,#11320,#11330,.T.);
#11328 = VERTEX_POINT('',#11329);
#11329 = CARTESIAN_POINT('',(-0.32,-0.37,3.43));
#11330 = CIRCLE('',#11331,5.E-02);
#11331 = AXIS2_PLACEMENT_3D('',#11332,#11333,#11334);
#11332 = CARTESIAN_POINT('',(-0.32,-0.37,3.38));
#11333 = DIRECTION('',(-1.,1.224646799147E-16,0.));
#11334 = DIRECTION('',(0.,0.,1.));
#11335 = ORIENTED_EDGE('',*,*,#11336,.T.);
#11336 = EDGE_CURVE('',#11328,#10459,#11337,.T.);
#11337 = LINE('',#11338,#11339);
#11338 = CARTESIAN_POINT('',(-0.32,-0.32,3.43));
#11339 = VECTOR('',#11340,1.);
#11340 = DIRECTION('',(-1.224646799147E-16,-1.,0.));
#11341 = PLANE('',#11342);
#11342 = AXIS2_PLACEMENT_3D('',#11343,#11344,#11345);
#11343 = CARTESIAN_POINT('',(-0.32,-1.8494320772,1.868561531914));
#11344 = DIRECTION('',(-1.,1.224646799147E-16,0.));
#11345 = DIRECTION('',(0.,0.,1.));
#11346 = ADVANCED_FACE('',(#11347),#11365,.F.);
#11347 = FACE_BOUND('',#11348,.F.);
#11348 = EDGE_LOOP('',(#11349,#11357,#11363,#11364));
#11349 = ORIENTED_EDGE('',*,*,#11350,.F.);
#11350 = EDGE_CURVE('',#11351,#10451,#11353,.T.);
#11351 = VERTEX_POINT('',#11352);
#11352 = CARTESIAN_POINT('',(0.32,-0.37,3.43));
#11353 = LINE('',#11354,#11355);
#11354 = CARTESIAN_POINT('',(0.32,-0.32,3.43));
#11355 = VECTOR('',#11356,1.);
#11356 = DIRECTION('',(-1.224646799147E-16,-1.,0.));
#11357 = ORIENTED_EDGE('',*,*,#11358,.T.);
#11358 = EDGE_CURVE('',#11351,#11328,#11359,.T.);
#11359 = LINE('',#11360,#11361);
#11360 = CARTESIAN_POINT('',(0.32,-0.37,3.43));
#11361 = VECTOR('',#11362,1.);
#11362 = DIRECTION('',(-1.,1.224646799147E-16,0.));
#11363 = ORIENTED_EDGE('',*,*,#11336,.T.);
#11364 = ORIENTED_EDGE('',*,*,#10458,.F.);
#11365 = PLANE('',#11366);
#11366 = AXIS2_PLACEMENT_3D('',#11367,#11368,#11369);
#11367 = CARTESIAN_POINT('',(0.32,-0.32,3.43));
#11368 = DIRECTION('',(0.,0.,1.));
#11369 = DIRECTION('',(-1.224646799147E-16,-1.,0.));
#11370 = ADVANCED_FACE('',(#11371),#11448,.F.);
#11371 = FACE_BOUND('',#11372,.F.);
#11372 = EDGE_LOOP('',(#11373,#11374,#11375,#11384,#11392,#11400,#11408,
    #11416,#11424,#11432,#11440,#11447));
#11373 = ORIENTED_EDGE('',*,*,#10450,.F.);
#11374 = ORIENTED_EDGE('',*,*,#11229,.T.);
#11375 = ORIENTED_EDGE('',*,*,#11376,.T.);
#11376 = EDGE_CURVE('',#11230,#11377,#11379,.T.);
#11377 = VERTEX_POINT('',#11378);
#11378 = CARTESIAN_POINT('',(0.32,0.32,3.38));
#11379 = CIRCLE('',#11380,0.69);
#11380 = AXIS2_PLACEMENT_3D('',#11381,#11382,#11383);
#11381 = CARTESIAN_POINT('',(0.32,-0.37,3.38));
#11382 = DIRECTION('',(-1.,1.224646799147E-16,0.));
#11383 = DIRECTION('',(0.,0.,1.));
#11384 = ORIENTED_EDGE('',*,*,#11385,.T.);
#11385 = EDGE_CURVE('',#11377,#11386,#11388,.T.);
#11386 = VERTEX_POINT('',#11387);
#11387 = CARTESIAN_POINT('',(0.32,0.32,-0.9));
#11388 = LINE('',#11389,#11390);
#11389 = CARTESIAN_POINT('',(0.32,0.32,4.07));
#11390 = VECTOR('',#11391,1.);
#11391 = DIRECTION('',(-0.,0.,-1.));
#11392 = ORIENTED_EDGE('',*,*,#11393,.T.);
#11393 = EDGE_CURVE('',#11386,#11394,#11396,.T.);
#11394 = VERTEX_POINT('',#11395);
#11395 = CARTESIAN_POINT('',(0.32,2.E-02,-1.5));
#11396 = LINE('',#11397,#11398);
#11397 = CARTESIAN_POINT('',(0.32,0.32,-0.9));
#11398 = VECTOR('',#11399,1.);
#11399 = DIRECTION('',(-5.476786982641E-17,-0.4472135955,-0.894427191));
#11400 = ORIENTED_EDGE('',*,*,#11401,.T.);
#11401 = EDGE_CURVE('',#11394,#11402,#11404,.T.);
#11402 = VERTEX_POINT('',#11403);
#11403 = CARTESIAN_POINT('',(0.32,0.288421052632,-3.2));
#11404 = LINE('',#11405,#11406);
#11405 = CARTESIAN_POINT('',(0.32,2.E-02,-1.5));
#11406 = VECTOR('',#11407,1.);
#11407 = DIRECTION('',(1.909990663905E-17,0.155962573473,-0.987762965329
    ));
#11408 = ORIENTED_EDGE('',*,*,#11409,.T.);
#11409 = EDGE_CURVE('',#11402,#11410,#11412,.T.);
#11410 = VERTEX_POINT('',#11411);
#11411 = CARTESIAN_POINT('',(0.32,-0.351578947368,-3.2));
#11412 = LINE('',#11413,#11414);
#11413 = CARTESIAN_POINT('',(0.32,0.32,-3.2));
#11414 = VECTOR('',#11415,1.);
#11415 = DIRECTION('',(-1.224646799147E-16,-1.,0.));
#11416 = ORIENTED_EDGE('',*,*,#11417,.T.);
#11417 = EDGE_CURVE('',#11410,#11418,#11420,.T.);
#11418 = VERTEX_POINT('',#11419);
#11419 = CARTESIAN_POINT('',(0.32,-0.62,-1.5));
#11420 = LINE('',#11421,#11422);
#11421 = CARTESIAN_POINT('',(0.32,-0.32,-3.4));
#11422 = VECTOR('',#11423,1.);
#11423 = DIRECTION('',(-1.909990663905E-17,-0.155962573473,
    0.987762965329));
#11424 = ORIENTED_EDGE('',*,*,#11425,.T.);
#11425 = EDGE_CURVE('',#11418,#11426,#11428,.T.);
#11426 = VERTEX_POINT('',#11427);
#11427 = CARTESIAN_POINT('',(0.32,-0.32,-0.9));
#11428 = LINE('',#11429,#11430);
#11429 = CARTESIAN_POINT('',(0.32,-0.62,-1.5));
#11430 = VECTOR('',#11431,1.);
#11431 = DIRECTION('',(5.476786982641E-17,0.4472135955,0.894427191));
#11432 = ORIENTED_EDGE('',*,*,#11433,.T.);
#11433 = EDGE_CURVE('',#11426,#11434,#11436,.T.);
#11434 = VERTEX_POINT('',#11435);
#11435 = CARTESIAN_POINT('',(0.32,-0.32,3.38));
#11436 = LINE('',#11437,#11438);
#11437 = CARTESIAN_POINT('',(0.32,-0.32,-0.9));
#11438 = VECTOR('',#11439,1.);
#11439 = DIRECTION('',(0.,0.,1.));
#11440 = ORIENTED_EDGE('',*,*,#11441,.F.);
#11441 = EDGE_CURVE('',#11351,#11434,#11442,.T.);
#11442 = CIRCLE('',#11443,5.E-02);
#11443 = AXIS2_PLACEMENT_3D('',#11444,#11445,#11446);
#11444 = CARTESIAN_POINT('',(0.32,-0.37,3.38));
#11445 = DIRECTION('',(-1.,1.224646799147E-16,0.));
#11446 = DIRECTION('',(0.,0.,1.));
#11447 = ORIENTED_EDGE('',*,*,#11350,.T.);
#11448 = PLANE('',#11449);
#11449 = AXIS2_PLACEMENT_3D('',#11450,#11451,#11452);
#11450 = CARTESIAN_POINT('',(0.32,-1.8494320772,1.868561531914));
#11451 = DIRECTION('',(-1.,1.224646799147E-16,0.));
#11452 = DIRECTION('',(0.,0.,1.));
#11453 = ADVANCED_FACE('',(#11454),#11545,.T.);
#11454 = FACE_BOUND('',#11455,.T.);
#11455 = EDGE_LOOP('',(#11456,#11457,#11465,#11474,#11482,#11490,#11498,
    #11506,#11514,#11522,#11530,#11539));
#11456 = ORIENTED_EDGE('',*,*,#10503,.F.);
#11457 = ORIENTED_EDGE('',*,*,#11458,.T.);
#11458 = EDGE_CURVE('',#10504,#11459,#11461,.T.);
#11459 = VERTEX_POINT('',#11460);
#11460 = CARTESIAN_POINT('',(2.18,-0.37,4.07));
#11461 = LINE('',#11462,#11463);
#11462 = CARTESIAN_POINT('',(2.18,-7.1,4.07));
#11463 = VECTOR('',#11464,1.);
#11464 = DIRECTION('',(1.224646799147E-16,1.,0.));
#11465 = ORIENTED_EDGE('',*,*,#11466,.T.);
#11466 = EDGE_CURVE('',#11459,#11467,#11469,.T.);
#11467 = VERTEX_POINT('',#11468);
#11468 = CARTESIAN_POINT('',(2.18,0.32,3.38));
#11469 = CIRCLE('',#11470,0.69);
#11470 = AXIS2_PLACEMENT_3D('',#11471,#11472,#11473);
#11471 = CARTESIAN_POINT('',(2.18,-0.37,3.38));
#11472 = DIRECTION('',(-1.,1.224646799147E-16,0.));
#11473 = DIRECTION('',(0.,0.,1.));
#11474 = ORIENTED_EDGE('',*,*,#11475,.T.);
#11475 = EDGE_CURVE('',#11467,#11476,#11478,.T.);
#11476 = VERTEX_POINT('',#11477);
#11477 = CARTESIAN_POINT('',(2.18,0.32,-0.9));
#11478 = LINE('',#11479,#11480);
#11479 = CARTESIAN_POINT('',(2.18,0.32,4.07));
#11480 = VECTOR('',#11481,1.);
#11481 = DIRECTION('',(-0.,0.,-1.));
#11482 = ORIENTED_EDGE('',*,*,#11483,.T.);
#11483 = EDGE_CURVE('',#11476,#11484,#11486,.T.);
#11484 = VERTEX_POINT('',#11485);
#11485 = CARTESIAN_POINT('',(2.18,2.E-02,-1.5));
#11486 = LINE('',#11487,#11488);
#11487 = CARTESIAN_POINT('',(2.18,0.32,-0.9));
#11488 = VECTOR('',#11489,1.);
#11489 = DIRECTION('',(-5.476786982641E-17,-0.4472135955,-0.894427191));
#11490 = ORIENTED_EDGE('',*,*,#11491,.T.);
#11491 = EDGE_CURVE('',#11484,#11492,#11494,.T.);
#11492 = VERTEX_POINT('',#11493);
#11493 = CARTESIAN_POINT('',(2.18,0.288421052632,-3.2));
#11494 = LINE('',#11495,#11496);
#11495 = CARTESIAN_POINT('',(2.18,2.E-02,-1.5));
#11496 = VECTOR('',#11497,1.);
#11497 = DIRECTION('',(1.909990663905E-17,0.155962573473,-0.987762965329
    ));
#11498 = ORIENTED_EDGE('',*,*,#11499,.T.);
#11499 = EDGE_CURVE('',#11492,#11500,#11502,.T.);
#11500 = VERTEX_POINT('',#11501);
#11501 = CARTESIAN_POINT('',(2.18,-0.351578947368,-3.2));
#11502 = LINE('',#11503,#11504);
#11503 = CARTESIAN_POINT('',(2.18,0.32,-3.2));
#11504 = VECTOR('',#11505,1.);
#11505 = DIRECTION('',(-1.224646799147E-16,-1.,0.));
#11506 = ORIENTED_EDGE('',*,*,#11507,.T.);
#11507 = EDGE_CURVE('',#11500,#11508,#11510,.T.);
#11508 = VERTEX_POINT('',#11509);
#11509 = CARTESIAN_POINT('',(2.18,-0.62,-1.5));
#11510 = LINE('',#11511,#11512);
#11511 = CARTESIAN_POINT('',(2.18,-0.32,-3.4));
#11512 = VECTOR('',#11513,1.);
#11513 = DIRECTION('',(-1.909990663905E-17,-0.155962573473,
    0.987762965329));
#11514 = ORIENTED_EDGE('',*,*,#11515,.T.);
#11515 = EDGE_CURVE('',#11508,#11516,#11518,.T.);
#11516 = VERTEX_POINT('',#11517);
#11517 = CARTESIAN_POINT('',(2.18,-0.32,-0.9));
#11518 = LINE('',#11519,#11520);
#11519 = CARTESIAN_POINT('',(2.18,-0.62,-1.5));
#11520 = VECTOR('',#11521,1.);
#11521 = DIRECTION('',(5.476786982641E-17,0.4472135955,0.894427191));
#11522 = ORIENTED_EDGE('',*,*,#11523,.T.);
#11523 = EDGE_CURVE('',#11516,#11524,#11526,.T.);
#11524 = VERTEX_POINT('',#11525);
#11525 = CARTESIAN_POINT('',(2.18,-0.32,3.38));
#11526 = LINE('',#11527,#11528);
#11527 = CARTESIAN_POINT('',(2.18,-0.32,-0.9));
#11528 = VECTOR('',#11529,1.);
#11529 = DIRECTION('',(0.,0.,1.));
#11530 = ORIENTED_EDGE('',*,*,#11531,.F.);
#11531 = EDGE_CURVE('',#11532,#11524,#11534,.T.);
#11532 = VERTEX_POINT('',#11533);
#11533 = CARTESIAN_POINT('',(2.18,-0.37,3.43));
#11534 = CIRCLE('',#11535,5.E-02);
#11535 = AXIS2_PLACEMENT_3D('',#11536,#11537,#11538);
#11536 = CARTESIAN_POINT('',(2.18,-0.37,3.38));
#11537 = DIRECTION('',(-1.,1.224646799147E-16,0.));
#11538 = DIRECTION('',(0.,0.,1.));
#11539 = ORIENTED_EDGE('',*,*,#11540,.T.);
#11540 = EDGE_CURVE('',#11532,#10506,#11541,.T.);
#11541 = LINE('',#11542,#11543);
#11542 = CARTESIAN_POINT('',(2.18,-0.32,3.43));
#11543 = VECTOR('',#11544,1.);
#11544 = DIRECTION('',(-1.224646799147E-16,-1.,0.));
#11545 = PLANE('',#11546);
#11546 = AXIS2_PLACEMENT_3D('',#11547,#11548,#11549);
#11547 = CARTESIAN_POINT('',(2.18,-1.8494320772,1.868561531914));
#11548 = DIRECTION('',(-1.,1.224646799147E-16,0.));
#11549 = DIRECTION('',(0.,0.,1.));
#11550 = ADVANCED_FACE('',(#11551),#11569,.F.);
#11551 = FACE_BOUND('',#11552,.F.);
#11552 = EDGE_LOOP('',(#11553,#11561,#11567,#11568));
#11553 = ORIENTED_EDGE('',*,*,#11554,.F.);
#11554 = EDGE_CURVE('',#11555,#10522,#11557,.T.);
#11555 = VERTEX_POINT('',#11556);
#11556 = CARTESIAN_POINT('',(2.82,-0.37,3.43));
#11557 = LINE('',#11558,#11559);
#11558 = CARTESIAN_POINT('',(2.82,-0.32,3.43));
#11559 = VECTOR('',#11560,1.);
#11560 = DIRECTION('',(-1.224646799147E-16,-1.,0.));
#11561 = ORIENTED_EDGE('',*,*,#11562,.T.);
#11562 = EDGE_CURVE('',#11555,#11532,#11563,.T.);
#11563 = LINE('',#11564,#11565);
#11564 = CARTESIAN_POINT('',(2.82,-0.37,3.43));
#11565 = VECTOR('',#11566,1.);
#11566 = DIRECTION('',(-1.,1.224646799147E-16,0.));
#11567 = ORIENTED_EDGE('',*,*,#11540,.T.);
#11568 = ORIENTED_EDGE('',*,*,#10529,.F.);
#11569 = PLANE('',#11570);
#11570 = AXIS2_PLACEMENT_3D('',#11571,#11572,#11573);
#11571 = CARTESIAN_POINT('',(2.82,-0.32,3.43));
#11572 = DIRECTION('',(0.,0.,1.));
#11573 = DIRECTION('',(-1.224646799147E-16,-1.,0.));
#11574 = ADVANCED_FACE('',(#11575),#11659,.F.);
#11575 = FACE_BOUND('',#11576,.F.);
#11576 = EDGE_LOOP('',(#11577,#11578,#11586,#11595,#11603,#11611,#11619,
    #11627,#11635,#11643,#11651,#11658));
#11577 = ORIENTED_EDGE('',*,*,#10521,.F.);
#11578 = ORIENTED_EDGE('',*,*,#11579,.T.);
#11579 = EDGE_CURVE('',#10514,#11580,#11582,.T.);
#11580 = VERTEX_POINT('',#11581);
#11581 = CARTESIAN_POINT('',(2.82,-0.37,4.07));
#11582 = LINE('',#11583,#11584);
#11583 = CARTESIAN_POINT('',(2.82,-7.1,4.07));
#11584 = VECTOR('',#11585,1.);
#11585 = DIRECTION('',(1.224646799147E-16,1.,0.));
#11586 = ORIENTED_EDGE('',*,*,#11587,.T.);
#11587 = EDGE_CURVE('',#11580,#11588,#11590,.T.);
#11588 = VERTEX_POINT('',#11589);
#11589 = CARTESIAN_POINT('',(2.82,0.32,3.38));
#11590 = CIRCLE('',#11591,0.69);
#11591 = AXIS2_PLACEMENT_3D('',#11592,#11593,#11594);
#11592 = CARTESIAN_POINT('',(2.82,-0.37,3.38));
#11593 = DIRECTION('',(-1.,1.224646799147E-16,0.));
#11594 = DIRECTION('',(0.,0.,1.));
#11595 = ORIENTED_EDGE('',*,*,#11596,.T.);
#11596 = EDGE_CURVE('',#11588,#11597,#11599,.T.);
#11597 = VERTEX_POINT('',#11598);
#11598 = CARTESIAN_POINT('',(2.82,0.32,-0.9));
#11599 = LINE('',#11600,#11601);
#11600 = CARTESIAN_POINT('',(2.82,0.32,4.07));
#11601 = VECTOR('',#11602,1.);
#11602 = DIRECTION('',(-0.,0.,-1.));
#11603 = ORIENTED_EDGE('',*,*,#11604,.T.);
#11604 = EDGE_CURVE('',#11597,#11605,#11607,.T.);
#11605 = VERTEX_POINT('',#11606);
#11606 = CARTESIAN_POINT('',(2.82,2.E-02,-1.5));
#11607 = LINE('',#11608,#11609);
#11608 = CARTESIAN_POINT('',(2.82,0.32,-0.9));
#11609 = VECTOR('',#11610,1.);
#11610 = DIRECTION('',(-5.476786982641E-17,-0.4472135955,-0.894427191));
#11611 = ORIENTED_EDGE('',*,*,#11612,.T.);
#11612 = EDGE_CURVE('',#11605,#11613,#11615,.T.);
#11613 = VERTEX_POINT('',#11614);
#11614 = CARTESIAN_POINT('',(2.82,0.288421052632,-3.2));
#11615 = LINE('',#11616,#11617);
#11616 = CARTESIAN_POINT('',(2.82,2.E-02,-1.5));
#11617 = VECTOR('',#11618,1.);
#11618 = DIRECTION('',(1.909990663905E-17,0.155962573473,-0.987762965329
    ));
#11619 = ORIENTED_EDGE('',*,*,#11620,.T.);
#11620 = EDGE_CURVE('',#11613,#11621,#11623,.T.);
#11621 = VERTEX_POINT('',#11622);
#11622 = CARTESIAN_POINT('',(2.82,-0.351578947368,-3.2));
#11623 = LINE('',#11624,#11625);
#11624 = CARTESIAN_POINT('',(2.82,0.32,-3.2));
#11625 = VECTOR('',#11626,1.);
#11626 = DIRECTION('',(-1.224646799147E-16,-1.,0.));
#11627 = ORIENTED_EDGE('',*,*,#11628,.T.);
#11628 = EDGE_CURVE('',#11621,#11629,#11631,.T.);
#11629 = VERTEX_POINT('',#11630);
#11630 = CARTESIAN_POINT('',(2.82,-0.62,-1.5));
#11631 = LINE('',#11632,#11633);
#11632 = CARTESIAN_POINT('',(2.82,-0.32,-3.4));
#11633 = VECTOR('',#11634,1.);
#11634 = DIRECTION('',(-1.909990663905E-17,-0.155962573473,
    0.987762965329));
#11635 = ORIENTED_EDGE('',*,*,#11636,.T.);
#11636 = EDGE_CURVE('',#11629,#11637,#11639,.T.);
#11637 = VERTEX_POINT('',#11638);
#11638 = CARTESIAN_POINT('',(2.82,-0.32,-0.9));
#11639 = LINE('',#11640,#11641);
#11640 = CARTESIAN_POINT('',(2.82,-0.62,-1.5));
#11641 = VECTOR('',#11642,1.);
#11642 = DIRECTION('',(5.476786982641E-17,0.4472135955,0.894427191));
#11643 = ORIENTED_EDGE('',*,*,#11644,.T.);
#11644 = EDGE_CURVE('',#11637,#11645,#11647,.T.);
#11645 = VERTEX_POINT('',#11646);
#11646 = CARTESIAN_POINT('',(2.82,-0.32,3.38));
#11647 = LINE('',#11648,#11649);
#11648 = CARTESIAN_POINT('',(2.82,-0.32,-0.9));
#11649 = VECTOR('',#11650,1.);
#11650 = DIRECTION('',(0.,0.,1.));
#11651 = ORIENTED_EDGE('',*,*,#11652,.F.);
#11652 = EDGE_CURVE('',#11555,#11645,#11653,.T.);
#11653 = CIRCLE('',#11654,5.E-02);
#11654 = AXIS2_PLACEMENT_3D('',#11655,#11656,#11657);
#11655 = CARTESIAN_POINT('',(2.82,-0.37,3.38));
#11656 = DIRECTION('',(-1.,1.224646799147E-16,0.));
#11657 = DIRECTION('',(0.,0.,1.));
#11658 = ORIENTED_EDGE('',*,*,#11554,.T.);
#11659 = PLANE('',#11660);
#11660 = AXIS2_PLACEMENT_3D('',#11661,#11662,#11663);
#11661 = CARTESIAN_POINT('',(2.82,-1.8494320772,1.868561531914));
#11662 = DIRECTION('',(-1.,1.224646799147E-16,0.));
#11663 = DIRECTION('',(0.,0.,1.));
#11664 = ADVANCED_FACE('',(#11665),#11676,.F.);
#11665 = FACE_BOUND('',#11666,.F.);
#11666 = EDGE_LOOP('',(#11667,#11668,#11669,#11670));
#11667 = ORIENTED_EDGE('',*,*,#11579,.F.);
#11668 = ORIENTED_EDGE('',*,*,#10513,.F.);
#11669 = ORIENTED_EDGE('',*,*,#11458,.T.);
#11670 = ORIENTED_EDGE('',*,*,#11671,.F.);
#11671 = EDGE_CURVE('',#11580,#11459,#11672,.T.);
#11672 = LINE('',#11673,#11674);
#11673 = CARTESIAN_POINT('',(2.82,-0.37,4.07));
#11674 = VECTOR('',#11675,1.);
#11675 = DIRECTION('',(-1.,1.224646799147E-16,0.));
#11676 = PLANE('',#11677);
#11677 = AXIS2_PLACEMENT_3D('',#11678,#11679,#11680);
#11678 = CARTESIAN_POINT('',(2.82,-7.1,4.07));
#11679 = DIRECTION('',(-0.,0.,-1.));
#11680 = DIRECTION('',(1.224646799147E-16,1.,0.));
#11681 = ADVANCED_FACE('',(#11682),#11701,.F.);
#11682 = FACE_BOUND('',#11683,.F.);
#11683 = EDGE_LOOP('',(#11684,#11692,#11699,#11700));
#11684 = ORIENTED_EDGE('',*,*,#11685,.T.);
#11685 = EDGE_CURVE('',#10602,#11686,#11688,.T.);
#11686 = VERTEX_POINT('',#11687);
#11687 = CARTESIAN_POINT('',(4.1,-4.25,4.75));
#11688 = LINE('',#11689,#11690);
#11689 = CARTESIAN_POINT('',(4.95,-4.25,4.75));
#11690 = VECTOR('',#11691,1.);
#11691 = DIRECTION('',(-1.,1.224646799147E-16,0.));
#11692 = ORIENTED_EDGE('',*,*,#11693,.T.);
#11693 = EDGE_CURVE('',#11686,#10992,#11694,.T.);
#11694 = CIRCLE('',#11695,0.5);
#11695 = AXIS2_PLACEMENT_3D('',#11696,#11697,#11698);
#11696 = CARTESIAN_POINT('',(4.1,-4.75,4.75));
#11697 = DIRECTION('',(1.,-1.224646799147E-16,0.));
#11698 = DIRECTION('',(1.359631073446E-32,1.110223024625E-16,1.));
#11699 = ORIENTED_EDGE('',*,*,#10999,.F.);
#11700 = ORIENTED_EDGE('',*,*,#10601,.T.);
#11701 = CYLINDRICAL_SURFACE('',#11702,0.5);
#11702 = AXIS2_PLACEMENT_3D('',#11703,#11704,#11705);
#11703 = CARTESIAN_POINT('',(4.95,-4.75,4.75));
#11704 = DIRECTION('',(1.,-1.224646799147E-16,0.));
#11705 = DIRECTION('',(1.359631073446E-32,1.110223024625E-16,1.));
#11706 = ADVANCED_FACE('',(#11707),#11718,.T.);
#11707 = FACE_BOUND('',#11708,.T.);
#11708 = EDGE_LOOP('',(#11709,#11710,#11711,#11717));
#11709 = ORIENTED_EDGE('',*,*,#10610,.F.);
#11710 = ORIENTED_EDGE('',*,*,#11685,.T.);
#11711 = ORIENTED_EDGE('',*,*,#11712,.T.);
#11712 = EDGE_CURVE('',#11686,#10737,#11713,.T.);
#11713 = LINE('',#11714,#11715);
#11714 = CARTESIAN_POINT('',(4.1,-4.25,2.925));
#11715 = VECTOR('',#11716,1.);
#11716 = DIRECTION('',(-1.359631073447E-32,-1.110223024625E-16,-1.));
#11717 = ORIENTED_EDGE('',*,*,#10736,.F.);
#11718 = PLANE('',#11719);
#11719 = AXIS2_PLACEMENT_3D('',#11720,#11721,#11722);
#11720 = CARTESIAN_POINT('',(4.95,-4.25,4.75));
#11721 = DIRECTION('',(-1.224646799147E-16,-1.,1.110223024625E-16));
#11722 = DIRECTION('',(-1.359631073447E-32,-1.110223024625E-16,-1.));
#11723 = ADVANCED_FACE('',(#11724),#11745,.F.);
#11724 = FACE_BOUND('',#11725,.F.);
#11725 = EDGE_LOOP('',(#11726,#11727,#11728,#11729,#11730,#11738,#11744)
  );
#11726 = ORIENTED_EDGE('',*,*,#10692,.T.);
#11727 = ORIENTED_EDGE('',*,*,#10819,.T.);
#11728 = ORIENTED_EDGE('',*,*,#10853,.T.);
#11729 = ORIENTED_EDGE('',*,*,#10975,.T.);
#11730 = ORIENTED_EDGE('',*,*,#11731,.T.);
#11731 = EDGE_CURVE('',#10976,#11732,#11734,.T.);
#11732 = VERTEX_POINT('',#11733);
#11733 = CARTESIAN_POINT('',(-1.6,-2.45,1.1));
#11734 = LINE('',#11735,#11736);
#11735 = CARTESIAN_POINT('',(-1.6,-2.45,5.25));
#11736 = VECTOR('',#11737,1.);
#11737 = DIRECTION('',(-1.359631073447E-32,-1.110223024625E-16,-1.));
#11738 = ORIENTED_EDGE('',*,*,#11739,.F.);
#11739 = EDGE_CURVE('',#10671,#11732,#11740,.T.);
#11740 = LINE('',#11741,#11742);
#11741 = CARTESIAN_POINT('',(-1.6,-7.6,1.1));
#11742 = VECTOR('',#11743,1.);
#11743 = DIRECTION('',(1.224646799147E-16,1.,-1.110223024625E-16));
#11744 = ORIENTED_EDGE('',*,*,#10678,.F.);
#11745 = PLANE('',#11746);
#11746 = AXIS2_PLACEMENT_3D('',#11747,#11748,#11749);
#11747 = CARTESIAN_POINT('',(-1.6,-7.6,5.25));
#11748 = DIRECTION('',(-1.,1.224646799147E-16,0.));
#11749 = DIRECTION('',(-1.359631073446E-32,-1.110223024625E-16,-1.));
#11750 = ADVANCED_FACE('',(#11751),#11772,.F.);
#11751 = FACE_BOUND('',#11752,.F.);
#11752 = EDGE_LOOP('',(#11753,#11754,#11755,#11763,#11769,#11770,#11771)
  );
#11753 = ORIENTED_EDGE('',*,*,#10744,.T.);
#11754 = ORIENTED_EDGE('',*,*,#10776,.F.);
#11755 = ORIENTED_EDGE('',*,*,#11756,.T.);
#11756 = EDGE_CURVE('',#10767,#11757,#11759,.T.);
#11757 = VERTEX_POINT('',#11758);
#11758 = CARTESIAN_POINT('',(4.1,-2.45,1.1));
#11759 = LINE('',#11760,#11761);
#11760 = CARTESIAN_POINT('',(4.1,-7.6,1.1));
#11761 = VECTOR('',#11762,1.);
#11762 = DIRECTION('',(1.224646799147E-16,1.,-1.110223024625E-16));
#11763 = ORIENTED_EDGE('',*,*,#11764,.T.);
#11764 = EDGE_CURVE('',#11757,#10984,#11765,.T.);
#11765 = LINE('',#11766,#11767);
#11766 = CARTESIAN_POINT('',(4.1,-2.45,1.1));
#11767 = VECTOR('',#11768,1.);
#11768 = DIRECTION('',(1.359631073447E-32,1.110223024625E-16,1.));
#11769 = ORIENTED_EDGE('',*,*,#10991,.F.);
#11770 = ORIENTED_EDGE('',*,*,#11693,.F.);
#11771 = ORIENTED_EDGE('',*,*,#11712,.T.);
#11772 = PLANE('',#11773);
#11773 = AXIS2_PLACEMENT_3D('',#11774,#11775,#11776);
#11774 = CARTESIAN_POINT('',(4.1,-7.6,1.1));
#11775 = DIRECTION('',(1.,-1.224646799147E-16,0.));
#11776 = DIRECTION('',(1.359631073446E-32,1.110223024625E-16,1.));
#11777 = ADVANCED_FACE('',(#11778),#11789,.F.);
#11778 = FACE_BOUND('',#11779,.F.);
#11779 = EDGE_LOOP('',(#11780,#11781,#11787,#11788));
#11780 = ORIENTED_EDGE('',*,*,#11739,.T.);
#11781 = ORIENTED_EDGE('',*,*,#11782,.T.);
#11782 = EDGE_CURVE('',#11732,#11757,#11783,.T.);
#11783 = LINE('',#11784,#11785);
#11784 = CARTESIAN_POINT('',(-1.6,-2.45,1.1));
#11785 = VECTOR('',#11786,1.);
#11786 = DIRECTION('',(1.,-1.224646799147E-16,0.));
#11787 = ORIENTED_EDGE('',*,*,#11756,.F.);
#11788 = ORIENTED_EDGE('',*,*,#10793,.F.);
#11789 = PLANE('',#11790);
#11790 = AXIS2_PLACEMENT_3D('',#11791,#11792,#11793);
#11791 = CARTESIAN_POINT('',(-1.6,-7.6,1.1));
#11792 = DIRECTION('',(-1.359631073447E-32,-1.110223024625E-16,-1.));
#11793 = DIRECTION('',(1.,-1.224646799147E-16,-6.927121900793E-45));
#11794 = ADVANCED_FACE('',(#11795,#11801,#11835),#11869,.T.);
#11795 = FACE_BOUND('',#11796,.T.);
#11796 = EDGE_LOOP('',(#11797,#11798,#11799,#11800));
#11797 = ORIENTED_EDGE('',*,*,#10983,.T.);
#11798 = ORIENTED_EDGE('',*,*,#11731,.T.);
#11799 = ORIENTED_EDGE('',*,*,#11782,.T.);
#11800 = ORIENTED_EDGE('',*,*,#11764,.T.);
#11801 = FACE_BOUND('',#11802,.T.);
#11802 = EDGE_LOOP('',(#11803,#11813,#11821,#11829));
#11803 = ORIENTED_EDGE('',*,*,#11804,.F.);
#11804 = EDGE_CURVE('',#11805,#11807,#11809,.T.);
#11805 = VERTEX_POINT('',#11806);
#11806 = CARTESIAN_POINT('',(2.18,-2.45,4.07));
#11807 = VERTEX_POINT('',#11808);
#11808 = CARTESIAN_POINT('',(2.18,-2.45,3.43));
#11809 = LINE('',#11810,#11811);
#11810 = CARTESIAN_POINT('',(2.18,-2.45,2.521780765957));
#11811 = VECTOR('',#11812,1.);
#11812 = DIRECTION('',(-1.359631073447E-32,-1.110223024625E-16,-1.));
#11813 = ORIENTED_EDGE('',*,*,#11814,.T.);
#11814 = EDGE_CURVE('',#11805,#11815,#11817,.T.);
#11815 = VERTEX_POINT('',#11816);
#11816 = CARTESIAN_POINT('',(2.82,-2.45,4.07));
#11817 = LINE('',#11818,#11819);
#11818 = CARTESIAN_POINT('',(2.035,-2.45,4.07));
#11819 = VECTOR('',#11820,1.);
#11820 = DIRECTION('',(1.,-1.224646799147E-16,0.));
#11821 = ORIENTED_EDGE('',*,*,#11822,.T.);
#11822 = EDGE_CURVE('',#11815,#11823,#11825,.T.);
#11823 = VERTEX_POINT('',#11824);
#11824 = CARTESIAN_POINT('',(2.82,-2.45,3.43));
#11825 = LINE('',#11826,#11827);
#11826 = CARTESIAN_POINT('',(2.82,-2.45,2.521780765957));
#11827 = VECTOR('',#11828,1.);
#11828 = DIRECTION('',(-1.359631073447E-32,-1.110223024625E-16,-1.));
#11829 = ORIENTED_EDGE('',*,*,#11830,.T.);
#11830 = EDGE_CURVE('',#11823,#11807,#11831,.T.);
#11831 = LINE('',#11832,#11833);
#11832 = CARTESIAN_POINT('',(2.035,-2.45,3.43));
#11833 = VECTOR('',#11834,1.);
#11834 = DIRECTION('',(-1.,1.224646799147E-16,0.));
#11835 = FACE_BOUND('',#11836,.T.);
#11836 = EDGE_LOOP('',(#11837,#11847,#11855,#11863));
#11837 = ORIENTED_EDGE('',*,*,#11838,.T.);
#11838 = EDGE_CURVE('',#11839,#11841,#11843,.T.);
#11839 = VERTEX_POINT('',#11840);
#11840 = CARTESIAN_POINT('',(-0.32,-2.45,4.07));
#11841 = VERTEX_POINT('',#11842);
#11842 = CARTESIAN_POINT('',(0.32,-2.45,4.07));
#11843 = LINE('',#11844,#11845);
#11844 = CARTESIAN_POINT('',(0.785,-2.45,4.07));
#11845 = VECTOR('',#11846,1.);
#11846 = DIRECTION('',(1.,-1.224646799147E-16,0.));
#11847 = ORIENTED_EDGE('',*,*,#11848,.T.);
#11848 = EDGE_CURVE('',#11841,#11849,#11851,.T.);
#11849 = VERTEX_POINT('',#11850);
#11850 = CARTESIAN_POINT('',(0.32,-2.45,3.43));
#11851 = LINE('',#11852,#11853);
#11852 = CARTESIAN_POINT('',(0.32,-2.45,2.521780765957));
#11853 = VECTOR('',#11854,1.);
#11854 = DIRECTION('',(-1.359631073447E-32,-1.110223024625E-16,-1.));
#11855 = ORIENTED_EDGE('',*,*,#11856,.T.);
#11856 = EDGE_CURVE('',#11849,#11857,#11859,.T.);
#11857 = VERTEX_POINT('',#11858);
#11858 = CARTESIAN_POINT('',(-0.32,-2.45,3.43));
#11859 = LINE('',#11860,#11861);
#11860 = CARTESIAN_POINT('',(0.785,-2.45,3.43));
#11861 = VECTOR('',#11862,1.);
#11862 = DIRECTION('',(-1.,1.224646799147E-16,0.));
#11863 = ORIENTED_EDGE('',*,*,#11864,.F.);
#11864 = EDGE_CURVE('',#11839,#11857,#11865,.T.);
#11865 = LINE('',#11866,#11867);
#11866 = CARTESIAN_POINT('',(-0.32,-2.45,2.521780765957));
#11867 = VECTOR('',#11868,1.);
#11868 = DIRECTION('',(-1.359631073447E-32,-1.110223024625E-16,-1.));
#11869 = PLANE('',#11870);
#11870 = AXIS2_PLACEMENT_3D('',#11871,#11872,#11873);
#11871 = CARTESIAN_POINT('',(1.25,-2.45,3.175));
#11872 = DIRECTION('',(-1.224646799147E-16,-1.,1.110223024625E-16));
#11873 = DIRECTION('',(-1.,1.224646799147E-16,0.));
#11874 = ADVANCED_FACE('',(#11875),#11886,.T.);
#11875 = FACE_BOUND('',#11876,.T.);
#11876 = EDGE_LOOP('',(#11877,#11878,#11884,#11885));
#11877 = ORIENTED_EDGE('',*,*,#11376,.T.);
#11878 = ORIENTED_EDGE('',*,*,#11879,.T.);
#11879 = EDGE_CURVE('',#11377,#11263,#11880,.T.);
#11880 = LINE('',#11881,#11882);
#11881 = CARTESIAN_POINT('',(0.32,0.32,3.38));
#11882 = VECTOR('',#11883,1.);
#11883 = DIRECTION('',(-1.,1.224646799147E-16,0.));
#11884 = ORIENTED_EDGE('',*,*,#11262,.F.);
#11885 = ORIENTED_EDGE('',*,*,#11246,.F.);
#11886 = CYLINDRICAL_SURFACE('',#11887,0.69);
#11887 = AXIS2_PLACEMENT_3D('',#11888,#11889,#11890);
#11888 = CARTESIAN_POINT('',(0.32,-0.37,3.38));
#11889 = DIRECTION('',(-1.,1.224646799147E-16,0.));
#11890 = DIRECTION('',(0.,0.,1.));
#11891 = ADVANCED_FACE('',(#11892),#11903,.F.);
#11892 = FACE_BOUND('',#11893,.F.);
#11893 = EDGE_LOOP('',(#11894,#11895,#11901,#11902));
#11894 = ORIENTED_EDGE('',*,*,#11441,.T.);
#11895 = ORIENTED_EDGE('',*,*,#11896,.T.);
#11896 = EDGE_CURVE('',#11434,#11320,#11897,.T.);
#11897 = LINE('',#11898,#11899);
#11898 = CARTESIAN_POINT('',(0.32,-0.32,3.38));
#11899 = VECTOR('',#11900,1.);
#11900 = DIRECTION('',(-1.,1.224646799147E-16,0.));
#11901 = ORIENTED_EDGE('',*,*,#11327,.F.);
#11902 = ORIENTED_EDGE('',*,*,#11358,.F.);
#11903 = CYLINDRICAL_SURFACE('',#11904,5.E-02);
#11904 = AXIS2_PLACEMENT_3D('',#11905,#11906,#11907);
#11905 = CARTESIAN_POINT('',(0.32,-0.37,3.38));
#11906 = DIRECTION('',(-1.,1.224646799147E-16,0.));
#11907 = DIRECTION('',(0.,0.,1.));
#11908 = ADVANCED_FACE('',(#11909),#11920,.F.);
#11909 = FACE_BOUND('',#11910,.F.);
#11910 = EDGE_LOOP('',(#11911,#11912,#11918,#11919));
#11911 = ORIENTED_EDGE('',*,*,#11433,.F.);
#11912 = ORIENTED_EDGE('',*,*,#11913,.T.);
#11913 = EDGE_CURVE('',#11426,#11312,#11914,.T.);
#11914 = LINE('',#11915,#11916);
#11915 = CARTESIAN_POINT('',(0.32,-0.32,-0.9));
#11916 = VECTOR('',#11917,1.);
#11917 = DIRECTION('',(-1.,1.224646799147E-16,0.));
#11918 = ORIENTED_EDGE('',*,*,#11319,.T.);
#11919 = ORIENTED_EDGE('',*,*,#11896,.F.);
#11920 = PLANE('',#11921);
#11921 = AXIS2_PLACEMENT_3D('',#11922,#11923,#11924);
#11922 = CARTESIAN_POINT('',(0.32,-0.32,-0.9));
#11923 = DIRECTION('',(1.224646799147E-16,1.,0.));
#11924 = DIRECTION('',(0.,-0.,1.));
#11925 = ADVANCED_FACE('',(#11926),#11937,.F.);
#11926 = FACE_BOUND('',#11927,.F.);
#11927 = EDGE_LOOP('',(#11928,#11934,#11935,#11936));
#11928 = ORIENTED_EDGE('',*,*,#11929,.T.);
#11929 = EDGE_CURVE('',#11418,#11304,#11930,.T.);
#11930 = LINE('',#11931,#11932);
#11931 = CARTESIAN_POINT('',(0.32,-0.62,-1.5));
#11932 = VECTOR('',#11933,1.);
#11933 = DIRECTION('',(-1.,1.224646799147E-16,0.));
#11934 = ORIENTED_EDGE('',*,*,#11311,.T.);
#11935 = ORIENTED_EDGE('',*,*,#11913,.F.);
#11936 = ORIENTED_EDGE('',*,*,#11425,.F.);
#11937 = PLANE('',#11938);
#11938 = AXIS2_PLACEMENT_3D('',#11939,#11940,#11941);
#11939 = CARTESIAN_POINT('',(0.32,-0.62,-1.5));
#11940 = DIRECTION('',(1.095357396528E-16,0.894427191,-0.4472135955));
#11941 = DIRECTION('',(5.476786982641E-17,0.4472135955,0.894427191));
#11942 = ADVANCED_FACE('',(#11943),#11970,.F.);
#11943 = FACE_BOUND('',#11944,.F.);
#11944 = EDGE_LOOP('',(#11945,#11946,#11954,#11962,#11968,#11969));
#11945 = ORIENTED_EDGE('',*,*,#11417,.F.);
#11946 = ORIENTED_EDGE('',*,*,#11947,.F.);
#11947 = EDGE_CURVE('',#11948,#11410,#11950,.T.);
#11948 = VERTEX_POINT('',#11949);
#11949 = CARTESIAN_POINT('',(0.317552593066,-0.351192514695,
    -3.202447406934));
#11950 = LINE('',#11951,#11952);
#11951 = CARTESIAN_POINT('',(0.193816689466,-0.331655266758,
    -3.326183310534));
#11952 = VECTOR('',#11953,1.);
#11953 = DIRECTION('',(0.702740385383,-0.110959008218,0.702740385383));
#11954 = ORIENTED_EDGE('',*,*,#11955,.T.);
#11955 = EDGE_CURVE('',#11948,#11956,#11958,.T.);
#11956 = VERTEX_POINT('',#11957);
#11957 = CARTESIAN_POINT('',(-0.317552593066,-0.351192514695,
    -3.202447406934));
#11958 = LINE('',#11959,#11960);
#11959 = CARTESIAN_POINT('',(0.32,-0.351192514695,-3.202447406934));
#11960 = VECTOR('',#11961,1.);
#11961 = DIRECTION('',(-1.,1.224646799147E-16,0.));
#11962 = ORIENTED_EDGE('',*,*,#11963,.T.);
#11963 = EDGE_CURVE('',#11956,#11296,#11964,.T.);
#11964 = LINE('',#11965,#11966);
#11965 = CARTESIAN_POINT('',(-3.578659370725E-02,-0.306703146375,
    -3.484213406293));
#11966 = VECTOR('',#11967,1.);
#11967 = DIRECTION('',(-0.702740385383,-0.110959008218,0.702740385383));
#11968 = ORIENTED_EDGE('',*,*,#11303,.T.);
#11969 = ORIENTED_EDGE('',*,*,#11929,.F.);
#11970 = PLANE('',#11971);
#11971 = AXIS2_PLACEMENT_3D('',#11972,#11973,#11974);
#11972 = CARTESIAN_POINT('',(0.32,-0.32,-3.4));
#11973 = DIRECTION('',(1.209660753807E-16,0.987762965329,0.155962573473)
  );
#11974 = DIRECTION('',(-1.909990663905E-17,-0.155962573473,
    0.987762965329));
#11975 = ADVANCED_FACE('',(#11976),#12010,.F.);
#11976 = FACE_BOUND('',#11977,.T.);
#11977 = EDGE_LOOP('',(#11978,#11986,#11987,#11988,#11996,#12004));
#11978 = ORIENTED_EDGE('',*,*,#11979,.T.);
#11979 = EDGE_CURVE('',#11980,#11956,#11982,.T.);
#11980 = VERTEX_POINT('',#11981);
#11981 = CARTESIAN_POINT('',(-0.12,-0.12,-3.4));
#11982 = LINE('',#11983,#11984);
#11983 = CARTESIAN_POINT('',(-4.270986134977E-02,-2.95486359438E-02,
    -3.47729013865));
#11984 = VECTOR('',#11985,1.);
#11985 = DIRECTION('',(-0.544770019249,-0.63753529491,0.544770019249));
#11986 = ORIENTED_EDGE('',*,*,#11963,.T.);
#11987 = ORIENTED_EDGE('',*,*,#11295,.F.);
#11988 = ORIENTED_EDGE('',*,*,#11989,.F.);
#11989 = EDGE_CURVE('',#11990,#11288,#11992,.T.);
#11990 = VERTEX_POINT('',#11991);
#11991 = CARTESIAN_POINT('',(-0.317552593066,0.288807485305,
    -3.202447406934));
#11992 = LINE('',#11993,#11994);
#11993 = CARTESIAN_POINT('',(-0.541586867305,0.253433652531,
    -2.978413132695));
#11994 = VECTOR('',#11995,1.);
#11995 = DIRECTION('',(-0.702740385383,-0.110959008218,0.702740385383));
#11996 = ORIENTED_EDGE('',*,*,#11997,.F.);
#11997 = EDGE_CURVE('',#11998,#11990,#12000,.T.);
#11998 = VERTEX_POINT('',#11999);
#11999 = CARTESIAN_POINT('',(-0.12,0.12,-3.4));
#12000 = LINE('',#12001,#12002);
#12001 = CARTESIAN_POINT('',(-0.138643150189,0.135930458076,
    -3.381356849811));
#12002 = VECTOR('',#12003,1.);
#12003 = DIRECTION('',(-0.605209817607,0.517148096144,0.605209817607));
#12004 = ORIENTED_EDGE('',*,*,#12005,.T.);
#12005 = EDGE_CURVE('',#11998,#11980,#12006,.T.);
#12006 = LINE('',#12007,#12008);
#12007 = CARTESIAN_POINT('',(-0.12,0.32,-3.4));
#12008 = VECTOR('',#12009,1.);
#12009 = DIRECTION('',(-1.224646799147E-16,-1.,0.));
#12010 = PLANE('',#12011);
#12011 = AXIS2_PLACEMENT_3D('',#12012,#12013,#12014);
#12012 = CARTESIAN_POINT('',(-0.22,0.32,-3.3));
#12013 = DIRECTION('',(0.707106781187,-8.833102285013E-17,0.707106781187
    ));
#12014 = DIRECTION('',(1.236918052038E-16,1.,1.227125289097E-18));
#12015 = ADVANCED_FACE('',(#12016),#12041,.F.);
#12016 = FACE_BOUND('',#12017,.F.);
#12017 = EDGE_LOOP('',(#12018,#12019,#12025,#12026,#12027,#12035));
#12018 = ORIENTED_EDGE('',*,*,#11401,.F.);
#12019 = ORIENTED_EDGE('',*,*,#12020,.T.);
#12020 = EDGE_CURVE('',#11394,#11280,#12021,.T.);
#12021 = LINE('',#12022,#12023);
#12022 = CARTESIAN_POINT('',(0.32,2.E-02,-1.5));
#12023 = VECTOR('',#12024,1.);
#12024 = DIRECTION('',(-1.,1.224646799147E-16,0.));
#12025 = ORIENTED_EDGE('',*,*,#11287,.T.);
#12026 = ORIENTED_EDGE('',*,*,#11989,.F.);
#12027 = ORIENTED_EDGE('',*,*,#12028,.F.);
#12028 = EDGE_CURVE('',#12029,#11990,#12031,.T.);
#12029 = VERTEX_POINT('',#12030);
#12030 = CARTESIAN_POINT('',(0.317552593066,0.288807485305,
    -3.202447406934));
#12031 = LINE('',#12032,#12033);
#12032 = CARTESIAN_POINT('',(0.32,0.288807485305,-3.202447406934));
#12033 = VECTOR('',#12034,1.);
#12034 = DIRECTION('',(-1.,1.224646799147E-16,0.));
#12035 = ORIENTED_EDGE('',*,*,#12036,.T.);
#12036 = EDGE_CURVE('',#12029,#11402,#12037,.T.);
#12037 = LINE('',#12038,#12039);
#12038 = CARTESIAN_POINT('',(0.699616963064,0.228481532148,
    -2.820383036936));
#12039 = VECTOR('',#12040,1.);
#12040 = DIRECTION('',(0.702740385383,-0.110959008218,0.702740385383));
#12041 = PLANE('',#12042);
#12042 = AXIS2_PLACEMENT_3D('',#12043,#12044,#12045);
#12043 = CARTESIAN_POINT('',(0.32,2.E-02,-1.5));
#12044 = DIRECTION('',(-1.209660753807E-16,-0.987762965329,
    -0.155962573473));
#12045 = DIRECTION('',(1.909990663905E-17,0.155962573473,-0.987762965329
    ));
#12046 = ADVANCED_FACE('',(#12047),#12058,.F.);
#12047 = FACE_BOUND('',#12048,.F.);
#12048 = EDGE_LOOP('',(#12049,#12055,#12056,#12057));
#12049 = ORIENTED_EDGE('',*,*,#12050,.T.);
#12050 = EDGE_CURVE('',#11386,#11272,#12051,.T.);
#12051 = LINE('',#12052,#12053);
#12052 = CARTESIAN_POINT('',(0.32,0.32,-0.9));
#12053 = VECTOR('',#12054,1.);
#12054 = DIRECTION('',(-1.,1.224646799147E-16,0.));
#12055 = ORIENTED_EDGE('',*,*,#11279,.T.);
#12056 = ORIENTED_EDGE('',*,*,#12020,.F.);
#12057 = ORIENTED_EDGE('',*,*,#11393,.F.);
#12058 = PLANE('',#12059);
#12059 = AXIS2_PLACEMENT_3D('',#12060,#12061,#12062);
#12060 = CARTESIAN_POINT('',(0.32,0.32,-0.9));
#12061 = DIRECTION('',(-1.095357396528E-16,-0.894427191,0.4472135955));
#12062 = DIRECTION('',(-5.476786982641E-17,-0.4472135955,-0.894427191));
#12063 = ADVANCED_FACE('',(#12064),#12070,.F.);
#12064 = FACE_BOUND('',#12065,.F.);
#12065 = EDGE_LOOP('',(#12066,#12067,#12068,#12069));
#12066 = ORIENTED_EDGE('',*,*,#11385,.F.);
#12067 = ORIENTED_EDGE('',*,*,#11879,.T.);
#12068 = ORIENTED_EDGE('',*,*,#11271,.T.);
#12069 = ORIENTED_EDGE('',*,*,#12050,.F.);
#12070 = PLANE('',#12071);
#12071 = AXIS2_PLACEMENT_3D('',#12072,#12073,#12074);
#12072 = CARTESIAN_POINT('',(0.32,0.32,4.07));
#12073 = DIRECTION('',(-1.224646799147E-16,-1.,0.));
#12074 = DIRECTION('',(-0.,0.,-1.));
#12075 = ADVANCED_FACE('',(#12076),#12103,.T.);
#12076 = FACE_BOUND('',#12077,.F.);
#12077 = EDGE_LOOP('',(#12078,#12086,#12087,#12088,#12089,#12097));
#12078 = ORIENTED_EDGE('',*,*,#12079,.T.);
#12079 = EDGE_CURVE('',#12080,#11948,#12082,.T.);
#12080 = VERTEX_POINT('',#12081);
#12081 = CARTESIAN_POINT('',(0.12,-0.12,-3.4));
#12082 = LINE('',#12083,#12084);
#12083 = CARTESIAN_POINT('',(0.137677660989,-0.140687872705,
    -3.382322339011));
#12084 = VECTOR('',#12085,1.);
#12085 = DIRECTION('',(0.544770019249,-0.63753529491,0.544770019249));
#12086 = ORIENTED_EDGE('',*,*,#11947,.T.);
#12087 = ORIENTED_EDGE('',*,*,#11409,.F.);
#12088 = ORIENTED_EDGE('',*,*,#12036,.F.);
#12089 = ORIENTED_EDGE('',*,*,#12090,.F.);
#12090 = EDGE_CURVE('',#12091,#12029,#12093,.T.);
#12091 = VERTEX_POINT('',#12092);
#12092 = CARTESIAN_POINT('',(0.12,0.12,-3.4));
#12093 = LINE('',#12094,#12095);
#12094 = CARTESIAN_POINT('',(0.255852405654,0.236085051658,
    -3.264147594346));
#12095 = VECTOR('',#12096,1.);
#12096 = DIRECTION('',(0.605209817607,0.517148096144,0.605209817607));
#12097 = ORIENTED_EDGE('',*,*,#12098,.T.);
#12098 = EDGE_CURVE('',#12091,#12080,#12099,.T.);
#12099 = LINE('',#12100,#12101);
#12100 = CARTESIAN_POINT('',(0.12,0.32,-3.4));
#12101 = VECTOR('',#12102,1.);
#12102 = DIRECTION('',(-1.224646799147E-16,-1.,0.));
#12103 = PLANE('',#12104);
#12104 = AXIS2_PLACEMENT_3D('',#12105,#12106,#12107);
#12105 = CARTESIAN_POINT('',(0.22,0.32,-3.3));
#12106 = DIRECTION('',(0.707106781187,-8.486018839685E-17,
    -0.707106781187));
#12107 = DIRECTION('',(1.212375546256E-16,1.,1.227125289196E-18));
#12108 = ADVANCED_FACE('',(#12109),#12120,.F.);
#12109 = FACE_BOUND('',#12110,.F.);
#12110 = EDGE_LOOP('',(#12111,#12112,#12118,#12119));
#12111 = ORIENTED_EDGE('',*,*,#11652,.T.);
#12112 = ORIENTED_EDGE('',*,*,#12113,.T.);
#12113 = EDGE_CURVE('',#11645,#11524,#12114,.T.);
#12114 = LINE('',#12115,#12116);
#12115 = CARTESIAN_POINT('',(2.82,-0.32,3.38));
#12116 = VECTOR('',#12117,1.);
#12117 = DIRECTION('',(-1.,1.224646799147E-16,0.));
#12118 = ORIENTED_EDGE('',*,*,#11531,.F.);
#12119 = ORIENTED_EDGE('',*,*,#11562,.F.);
#12120 = CYLINDRICAL_SURFACE('',#12121,5.E-02);
#12121 = AXIS2_PLACEMENT_3D('',#12122,#12123,#12124);
#12122 = CARTESIAN_POINT('',(2.82,-0.37,3.38));
#12123 = DIRECTION('',(-1.,1.224646799147E-16,0.));
#12124 = DIRECTION('',(0.,0.,1.));
#12125 = ADVANCED_FACE('',(#12126),#12137,.F.);
#12126 = FACE_BOUND('',#12127,.F.);
#12127 = EDGE_LOOP('',(#12128,#12129,#12135,#12136));
#12128 = ORIENTED_EDGE('',*,*,#11644,.F.);
#12129 = ORIENTED_EDGE('',*,*,#12130,.T.);
#12130 = EDGE_CURVE('',#11637,#11516,#12131,.T.);
#12131 = LINE('',#12132,#12133);
#12132 = CARTESIAN_POINT('',(2.82,-0.32,-0.9));
#12133 = VECTOR('',#12134,1.);
#12134 = DIRECTION('',(-1.,1.224646799147E-16,0.));
#12135 = ORIENTED_EDGE('',*,*,#11523,.T.);
#12136 = ORIENTED_EDGE('',*,*,#12113,.F.);
#12137 = PLANE('',#12138);
#12138 = AXIS2_PLACEMENT_3D('',#12139,#12140,#12141);
#12139 = CARTESIAN_POINT('',(2.82,-0.32,-0.9));
#12140 = DIRECTION('',(1.224646799147E-16,1.,0.));
#12141 = DIRECTION('',(0.,-0.,1.));
#12142 = ADVANCED_FACE('',(#12143),#12154,.F.);
#12143 = FACE_BOUND('',#12144,.F.);
#12144 = EDGE_LOOP('',(#12145,#12151,#12152,#12153));
#12145 = ORIENTED_EDGE('',*,*,#12146,.T.);
#12146 = EDGE_CURVE('',#11629,#11508,#12147,.T.);
#12147 = LINE('',#12148,#12149);
#12148 = CARTESIAN_POINT('',(2.82,-0.62,-1.5));
#12149 = VECTOR('',#12150,1.);
#12150 = DIRECTION('',(-1.,1.224646799147E-16,0.));
#12151 = ORIENTED_EDGE('',*,*,#11515,.T.);
#12152 = ORIENTED_EDGE('',*,*,#12130,.F.);
#12153 = ORIENTED_EDGE('',*,*,#11636,.F.);
#12154 = PLANE('',#12155);
#12155 = AXIS2_PLACEMENT_3D('',#12156,#12157,#12158);
#12156 = CARTESIAN_POINT('',(2.82,-0.62,-1.5));
#12157 = DIRECTION('',(1.095357396528E-16,0.894427191,-0.4472135955));
#12158 = DIRECTION('',(5.476786982641E-17,0.4472135955,0.894427191));
#12159 = ADVANCED_FACE('',(#12160),#12187,.F.);
#12160 = FACE_BOUND('',#12161,.F.);
#12161 = EDGE_LOOP('',(#12162,#12163,#12171,#12179,#12185,#12186));
#12162 = ORIENTED_EDGE('',*,*,#11628,.F.);
#12163 = ORIENTED_EDGE('',*,*,#12164,.F.);
#12164 = EDGE_CURVE('',#12165,#11621,#12167,.T.);
#12165 = VERTEX_POINT('',#12166);
#12166 = CARTESIAN_POINT('',(2.817552593066,-0.351192514695,
    -3.202447406934));
#12167 = LINE('',#12168,#12169);
#12168 = CARTESIAN_POINT('',(2.693816689466,-0.331655266758,
    -3.326183310534));
#12169 = VECTOR('',#12170,1.);
#12170 = DIRECTION('',(0.702740385383,-0.110959008218,0.702740385383));
#12171 = ORIENTED_EDGE('',*,*,#12172,.T.);
#12172 = EDGE_CURVE('',#12165,#12173,#12175,.T.);
#12173 = VERTEX_POINT('',#12174);
#12174 = CARTESIAN_POINT('',(2.182447406934,-0.351192514695,
    -3.202447406934));
#12175 = LINE('',#12176,#12177);
#12176 = CARTESIAN_POINT('',(2.82,-0.351192514695,-3.202447406934));
#12177 = VECTOR('',#12178,1.);
#12178 = DIRECTION('',(-1.,1.224646799147E-16,0.));
#12179 = ORIENTED_EDGE('',*,*,#12180,.T.);
#12180 = EDGE_CURVE('',#12173,#11500,#12181,.T.);
#12181 = LINE('',#12182,#12183);
#12182 = CARTESIAN_POINT('',(2.464213406293,-0.306703146375,
    -3.484213406293));
#12183 = VECTOR('',#12184,1.);
#12184 = DIRECTION('',(-0.702740385383,-0.110959008218,0.702740385383));
#12185 = ORIENTED_EDGE('',*,*,#11507,.T.);
#12186 = ORIENTED_EDGE('',*,*,#12146,.F.);
#12187 = PLANE('',#12188);
#12188 = AXIS2_PLACEMENT_3D('',#12189,#12190,#12191);
#12189 = CARTESIAN_POINT('',(2.82,-0.32,-3.4));
#12190 = DIRECTION('',(1.209660753807E-16,0.987762965329,0.155962573473)
  );
#12191 = DIRECTION('',(-1.909990663905E-17,-0.155962573473,
    0.987762965329));
#12192 = ADVANCED_FACE('',(#12193),#12227,.F.);
#12193 = FACE_BOUND('',#12194,.T.);
#12194 = EDGE_LOOP('',(#12195,#12203,#12204,#12205,#12213,#12221));
#12195 = ORIENTED_EDGE('',*,*,#12196,.T.);
#12196 = EDGE_CURVE('',#12197,#12173,#12199,.T.);
#12197 = VERTEX_POINT('',#12198);
#12198 = CARTESIAN_POINT('',(2.38,-0.12,-3.4));
#12199 = LINE('',#12200,#12201);
#12200 = CARTESIAN_POINT('',(2.45729013865,-2.95486359438E-02,
    -3.47729013865));
#12201 = VECTOR('',#12202,1.);
#12202 = DIRECTION('',(-0.544770019249,-0.63753529491,0.544770019249));
#12203 = ORIENTED_EDGE('',*,*,#12180,.T.);
#12204 = ORIENTED_EDGE('',*,*,#11499,.F.);
#12205 = ORIENTED_EDGE('',*,*,#12206,.F.);
#12206 = EDGE_CURVE('',#12207,#11492,#12209,.T.);
#12207 = VERTEX_POINT('',#12208);
#12208 = CARTESIAN_POINT('',(2.182447406934,0.288807485305,
    -3.202447406934));
#12209 = LINE('',#12210,#12211);
#12210 = CARTESIAN_POINT('',(1.958413132695,0.253433652531,
    -2.978413132695));
#12211 = VECTOR('',#12212,1.);
#12212 = DIRECTION('',(-0.702740385383,-0.110959008218,0.702740385383));
#12213 = ORIENTED_EDGE('',*,*,#12214,.F.);
#12214 = EDGE_CURVE('',#12215,#12207,#12217,.T.);
#12215 = VERTEX_POINT('',#12216);
#12216 = CARTESIAN_POINT('',(2.38,0.12,-3.4));
#12217 = LINE('',#12218,#12219);
#12218 = CARTESIAN_POINT('',(2.361356849811,0.135930458076,
    -3.381356849811));
#12219 = VECTOR('',#12220,1.);
#12220 = DIRECTION('',(-0.605209817607,0.517148096144,0.605209817607));
#12221 = ORIENTED_EDGE('',*,*,#12222,.T.);
#12222 = EDGE_CURVE('',#12215,#12197,#12223,.T.);
#12223 = LINE('',#12224,#12225);
#12224 = CARTESIAN_POINT('',(2.38,0.32,-3.4));
#12225 = VECTOR('',#12226,1.);
#12226 = DIRECTION('',(-1.224646799147E-16,-1.,0.));
#12227 = PLANE('',#12228);
#12228 = AXIS2_PLACEMENT_3D('',#12229,#12230,#12231);
#12229 = CARTESIAN_POINT('',(2.28,0.32,-3.3));
#12230 = DIRECTION('',(0.707106781187,-8.833102285013E-17,0.707106781187
    ));
#12231 = DIRECTION('',(1.236918052038E-16,1.,1.227125289097E-18));
#12232 = ADVANCED_FACE('',(#12233),#12258,.F.);
#12233 = FACE_BOUND('',#12234,.F.);
#12234 = EDGE_LOOP('',(#12235,#12236,#12242,#12243,#12244,#12252));
#12235 = ORIENTED_EDGE('',*,*,#11612,.F.);
#12236 = ORIENTED_EDGE('',*,*,#12237,.T.);
#12237 = EDGE_CURVE('',#11605,#11484,#12238,.T.);
#12238 = LINE('',#12239,#12240);
#12239 = CARTESIAN_POINT('',(2.82,2.E-02,-1.5));
#12240 = VECTOR('',#12241,1.);
#12241 = DIRECTION('',(-1.,1.224646799147E-16,0.));
#12242 = ORIENTED_EDGE('',*,*,#11491,.T.);
#12243 = ORIENTED_EDGE('',*,*,#12206,.F.);
#12244 = ORIENTED_EDGE('',*,*,#12245,.F.);
#12245 = EDGE_CURVE('',#12246,#12207,#12248,.T.);
#12246 = VERTEX_POINT('',#12247);
#12247 = CARTESIAN_POINT('',(2.817552593066,0.288807485305,
    -3.202447406934));
#12248 = LINE('',#12249,#12250);
#12249 = CARTESIAN_POINT('',(2.82,0.288807485305,-3.202447406934));
#12250 = VECTOR('',#12251,1.);
#12251 = DIRECTION('',(-1.,1.224646799147E-16,0.));
#12252 = ORIENTED_EDGE('',*,*,#12253,.T.);
#12253 = EDGE_CURVE('',#12246,#11613,#12254,.T.);
#12254 = LINE('',#12255,#12256);
#12255 = CARTESIAN_POINT('',(3.199616963064,0.228481532148,
    -2.820383036936));
#12256 = VECTOR('',#12257,1.);
#12257 = DIRECTION('',(0.702740385383,-0.110959008218,0.702740385383));
#12258 = PLANE('',#12259);
#12259 = AXIS2_PLACEMENT_3D('',#12260,#12261,#12262);
#12260 = CARTESIAN_POINT('',(2.82,2.E-02,-1.5));
#12261 = DIRECTION('',(-1.209660753807E-16,-0.987762965329,
    -0.155962573473));
#12262 = DIRECTION('',(1.909990663905E-17,0.155962573473,-0.987762965329
    ));
#12263 = ADVANCED_FACE('',(#12264),#12275,.F.);
#12264 = FACE_BOUND('',#12265,.F.);
#12265 = EDGE_LOOP('',(#12266,#12272,#12273,#12274));
#12266 = ORIENTED_EDGE('',*,*,#12267,.T.);
#12267 = EDGE_CURVE('',#11597,#11476,#12268,.T.);
#12268 = LINE('',#12269,#12270);
#12269 = CARTESIAN_POINT('',(2.82,0.32,-0.9));
#12270 = VECTOR('',#12271,1.);
#12271 = DIRECTION('',(-1.,1.224646799147E-16,0.));
#12272 = ORIENTED_EDGE('',*,*,#11483,.T.);
#12273 = ORIENTED_EDGE('',*,*,#12237,.F.);
#12274 = ORIENTED_EDGE('',*,*,#11604,.F.);
#12275 = PLANE('',#12276);
#12276 = AXIS2_PLACEMENT_3D('',#12277,#12278,#12279);
#12277 = CARTESIAN_POINT('',(2.82,0.32,-0.9));
#12278 = DIRECTION('',(-1.095357396528E-16,-0.894427191,0.4472135955));
#12279 = DIRECTION('',(-5.476786982641E-17,-0.4472135955,-0.894427191));
#12280 = ADVANCED_FACE('',(#12281),#12292,.F.);
#12281 = FACE_BOUND('',#12282,.F.);
#12282 = EDGE_LOOP('',(#12283,#12284,#12290,#12291));
#12283 = ORIENTED_EDGE('',*,*,#11596,.F.);
#12284 = ORIENTED_EDGE('',*,*,#12285,.T.);
#12285 = EDGE_CURVE('',#11588,#11467,#12286,.T.);
#12286 = LINE('',#12287,#12288);
#12287 = CARTESIAN_POINT('',(2.82,0.32,3.38));
#12288 = VECTOR('',#12289,1.);
#12289 = DIRECTION('',(-1.,1.224646799147E-16,0.));
#12290 = ORIENTED_EDGE('',*,*,#11475,.T.);
#12291 = ORIENTED_EDGE('',*,*,#12267,.F.);
#12292 = PLANE('',#12293);
#12293 = AXIS2_PLACEMENT_3D('',#12294,#12295,#12296);
#12294 = CARTESIAN_POINT('',(2.82,0.32,4.07));
#12295 = DIRECTION('',(-1.224646799147E-16,-1.,0.));
#12296 = DIRECTION('',(-0.,0.,-1.));
#12297 = ADVANCED_FACE('',(#12298),#12304,.T.);
#12298 = FACE_BOUND('',#12299,.T.);
#12299 = EDGE_LOOP('',(#12300,#12301,#12302,#12303));
#12300 = ORIENTED_EDGE('',*,*,#11587,.T.);
#12301 = ORIENTED_EDGE('',*,*,#12285,.T.);
#12302 = ORIENTED_EDGE('',*,*,#11466,.F.);
#12303 = ORIENTED_EDGE('',*,*,#11671,.F.);
#12304 = CYLINDRICAL_SURFACE('',#12305,0.69);
#12305 = AXIS2_PLACEMENT_3D('',#12306,#12307,#12308);
#12306 = CARTESIAN_POINT('',(2.82,-0.37,3.38));
#12307 = DIRECTION('',(-1.,1.224646799147E-16,0.));
#12308 = DIRECTION('',(0.,0.,1.));
#12309 = ADVANCED_FACE('',(#12310),#12337,.T.);
#12310 = FACE_BOUND('',#12311,.F.);
#12311 = EDGE_LOOP('',(#12312,#12320,#12321,#12322,#12323,#12331));
#12312 = ORIENTED_EDGE('',*,*,#12313,.T.);
#12313 = EDGE_CURVE('',#12314,#12165,#12316,.T.);
#12314 = VERTEX_POINT('',#12315);
#12315 = CARTESIAN_POINT('',(2.62,-0.12,-3.4));
#12316 = LINE('',#12317,#12318);
#12317 = CARTESIAN_POINT('',(2.637677660989,-0.140687872705,
    -3.382322339011));
#12318 = VECTOR('',#12319,1.);
#12319 = DIRECTION('',(0.544770019249,-0.63753529491,0.544770019249));
#12320 = ORIENTED_EDGE('',*,*,#12164,.T.);
#12321 = ORIENTED_EDGE('',*,*,#11620,.F.);
#12322 = ORIENTED_EDGE('',*,*,#12253,.F.);
#12323 = ORIENTED_EDGE('',*,*,#12324,.F.);
#12324 = EDGE_CURVE('',#12325,#12246,#12327,.T.);
#12325 = VERTEX_POINT('',#12326);
#12326 = CARTESIAN_POINT('',(2.62,0.12,-3.4));
#12327 = LINE('',#12328,#12329);
#12328 = CARTESIAN_POINT('',(2.755852405654,0.236085051658,
    -3.264147594346));
#12329 = VECTOR('',#12330,1.);
#12330 = DIRECTION('',(0.605209817607,0.517148096144,0.605209817607));
#12331 = ORIENTED_EDGE('',*,*,#12332,.T.);
#12332 = EDGE_CURVE('',#12325,#12314,#12333,.T.);
#12333 = LINE('',#12334,#12335);
#12334 = CARTESIAN_POINT('',(2.62,0.32,-3.4));
#12335 = VECTOR('',#12336,1.);
#12336 = DIRECTION('',(-1.224646799147E-16,-1.,0.));
#12337 = PLANE('',#12338);
#12338 = AXIS2_PLACEMENT_3D('',#12339,#12340,#12341);
#12339 = CARTESIAN_POINT('',(2.72,0.32,-3.3));
#12340 = DIRECTION('',(0.707106781187,-8.486018839685E-17,
    -0.707106781187));
#12341 = DIRECTION('',(1.212375546256E-16,1.,1.227125289196E-18));
#12342 = ADVANCED_FACE('',(#12343),#12368,.T.);
#12343 = FACE_BOUND('',#12344,.T.);
#12344 = EDGE_LOOP('',(#12345,#12355,#12361,#12362));
#12345 = ORIENTED_EDGE('',*,*,#12346,.T.);
#12346 = EDGE_CURVE('',#12347,#12349,#12351,.T.);
#12347 = VERTEX_POINT('',#12348);
#12348 = CARTESIAN_POINT('',(2.18,-6.9,3.43));
#12349 = VERTEX_POINT('',#12350);
#12350 = CARTESIAN_POINT('',(2.18,-6.9,4.07));
#12351 = LINE('',#12352,#12353);
#12352 = CARTESIAN_POINT('',(2.18,-6.9,3.43));
#12353 = VECTOR('',#12354,1.);
#12354 = DIRECTION('',(0.,0.,1.));
#12355 = ORIENTED_EDGE('',*,*,#12356,.T.);
#12356 = EDGE_CURVE('',#12349,#11805,#12357,.T.);
#12357 = LINE('',#12358,#12359);
#12358 = CARTESIAN_POINT('',(2.18,-7.1,4.07));
#12359 = VECTOR('',#12360,1.);
#12360 = DIRECTION('',(1.224646799147E-16,1.,0.));
#12361 = ORIENTED_EDGE('',*,*,#11804,.T.);
#12362 = ORIENTED_EDGE('',*,*,#12363,.T.);
#12363 = EDGE_CURVE('',#11807,#12347,#12364,.T.);
#12364 = LINE('',#12365,#12366);
#12365 = CARTESIAN_POINT('',(2.18,-0.32,3.43));
#12366 = VECTOR('',#12367,1.);
#12367 = DIRECTION('',(-1.224646799147E-16,-1.,0.));
#12368 = PLANE('',#12369);
#12369 = AXIS2_PLACEMENT_3D('',#12370,#12371,#12372);
#12370 = CARTESIAN_POINT('',(2.18,-1.8494320772,1.868561531914));
#12371 = DIRECTION('',(-1.,1.224646799147E-16,0.));
#12372 = DIRECTION('',(0.,0.,1.));
#12373 = ADVANCED_FACE('',(#12374),#12392,.F.);
#12374 = FACE_BOUND('',#12375,.F.);
#12375 = EDGE_LOOP('',(#12376,#12384,#12385,#12386));
#12376 = ORIENTED_EDGE('',*,*,#12377,.F.);
#12377 = EDGE_CURVE('',#11823,#12378,#12380,.T.);
#12378 = VERTEX_POINT('',#12379);
#12379 = CARTESIAN_POINT('',(2.82,-6.9,3.43));
#12380 = LINE('',#12381,#12382);
#12381 = CARTESIAN_POINT('',(2.82,-0.32,3.43));
#12382 = VECTOR('',#12383,1.);
#12383 = DIRECTION('',(-1.224646799147E-16,-1.,0.));
#12384 = ORIENTED_EDGE('',*,*,#11830,.T.);
#12385 = ORIENTED_EDGE('',*,*,#12363,.T.);
#12386 = ORIENTED_EDGE('',*,*,#12387,.F.);
#12387 = EDGE_CURVE('',#12378,#12347,#12388,.T.);
#12388 = LINE('',#12389,#12390);
#12389 = CARTESIAN_POINT('',(2.82,-6.9,3.43));
#12390 = VECTOR('',#12391,1.);
#12391 = DIRECTION('',(-1.,1.224646799147E-16,0.));
#12392 = PLANE('',#12393);
#12393 = AXIS2_PLACEMENT_3D('',#12394,#12395,#12396);
#12394 = CARTESIAN_POINT('',(2.82,-0.32,3.43));
#12395 = DIRECTION('',(0.,0.,1.));
#12396 = DIRECTION('',(-1.224646799147E-16,-1.,0.));
#12397 = ADVANCED_FACE('',(#12398),#12416,.F.);
#12398 = FACE_BOUND('',#12399,.F.);
#12399 = EDGE_LOOP('',(#12400,#12408,#12414,#12415));
#12400 = ORIENTED_EDGE('',*,*,#12401,.T.);
#12401 = EDGE_CURVE('',#12378,#12402,#12404,.T.);
#12402 = VERTEX_POINT('',#12403);
#12403 = CARTESIAN_POINT('',(2.82,-6.9,4.07));
#12404 = LINE('',#12405,#12406);
#12405 = CARTESIAN_POINT('',(2.82,-6.9,3.43));
#12406 = VECTOR('',#12407,1.);
#12407 = DIRECTION('',(0.,0.,1.));
#12408 = ORIENTED_EDGE('',*,*,#12409,.T.);
#12409 = EDGE_CURVE('',#12402,#11815,#12410,.T.);
#12410 = LINE('',#12411,#12412);
#12411 = CARTESIAN_POINT('',(2.82,-7.1,4.07));
#12412 = VECTOR('',#12413,1.);
#12413 = DIRECTION('',(1.224646799147E-16,1.,0.));
#12414 = ORIENTED_EDGE('',*,*,#11822,.T.);
#12415 = ORIENTED_EDGE('',*,*,#12377,.T.);
#12416 = PLANE('',#12417);
#12417 = AXIS2_PLACEMENT_3D('',#12418,#12419,#12420);
#12418 = CARTESIAN_POINT('',(2.82,-1.8494320772,1.868561531914));
#12419 = DIRECTION('',(-1.,1.224646799147E-16,0.));
#12420 = DIRECTION('',(0.,0.,1.));
#12421 = ADVANCED_FACE('',(#12422),#12433,.F.);
#12422 = FACE_BOUND('',#12423,.F.);
#12423 = EDGE_LOOP('',(#12424,#12425,#12431,#12432));
#12424 = ORIENTED_EDGE('',*,*,#12409,.F.);
#12425 = ORIENTED_EDGE('',*,*,#12426,.T.);
#12426 = EDGE_CURVE('',#12402,#12349,#12427,.T.);
#12427 = LINE('',#12428,#12429);
#12428 = CARTESIAN_POINT('',(2.82,-6.9,4.07));
#12429 = VECTOR('',#12430,1.);
#12430 = DIRECTION('',(-1.,1.224646799147E-16,0.));
#12431 = ORIENTED_EDGE('',*,*,#12356,.T.);
#12432 = ORIENTED_EDGE('',*,*,#11814,.T.);
#12433 = PLANE('',#12434);
#12434 = AXIS2_PLACEMENT_3D('',#12435,#12436,#12437);
#12435 = CARTESIAN_POINT('',(2.82,-7.1,4.07));
#12436 = DIRECTION('',(-0.,0.,-1.));
#12437 = DIRECTION('',(1.224646799147E-16,1.,0.));
#12438 = ADVANCED_FACE('',(#12439),#12464,.F.);
#12439 = FACE_BOUND('',#12440,.F.);
#12440 = EDGE_LOOP('',(#12441,#12449,#12457,#12463));
#12441 = ORIENTED_EDGE('',*,*,#12442,.F.);
#12442 = EDGE_CURVE('',#12443,#11841,#12445,.T.);
#12443 = VERTEX_POINT('',#12444);
#12444 = CARTESIAN_POINT('',(0.32,-6.9,4.07));
#12445 = LINE('',#12446,#12447);
#12446 = CARTESIAN_POINT('',(0.32,-7.1,4.07));
#12447 = VECTOR('',#12448,1.);
#12448 = DIRECTION('',(1.224646799147E-16,1.,0.));
#12449 = ORIENTED_EDGE('',*,*,#12450,.T.);
#12450 = EDGE_CURVE('',#12443,#12451,#12453,.T.);
#12451 = VERTEX_POINT('',#12452);
#12452 = CARTESIAN_POINT('',(-0.32,-6.9,4.07));
#12453 = LINE('',#12454,#12455);
#12454 = CARTESIAN_POINT('',(0.32,-6.9,4.07));
#12455 = VECTOR('',#12456,1.);
#12456 = DIRECTION('',(-1.,1.224646799147E-16,0.));
#12457 = ORIENTED_EDGE('',*,*,#12458,.T.);
#12458 = EDGE_CURVE('',#12451,#11839,#12459,.T.);
#12459 = LINE('',#12460,#12461);
#12460 = CARTESIAN_POINT('',(-0.32,-7.1,4.07));
#12461 = VECTOR('',#12462,1.);
#12462 = DIRECTION('',(1.224646799147E-16,1.,0.));
#12463 = ORIENTED_EDGE('',*,*,#11838,.T.);
#12464 = PLANE('',#12465);
#12465 = AXIS2_PLACEMENT_3D('',#12466,#12467,#12468);
#12466 = CARTESIAN_POINT('',(0.32,-7.1,4.07));
#12467 = DIRECTION('',(-0.,0.,-1.));
#12468 = DIRECTION('',(1.224646799147E-16,1.,0.));
#12469 = ADVANCED_FACE('',(#12470),#12488,.T.);
#12470 = FACE_BOUND('',#12471,.T.);
#12471 = EDGE_LOOP('',(#12472,#12480,#12481,#12482));
#12472 = ORIENTED_EDGE('',*,*,#12473,.T.);
#12473 = EDGE_CURVE('',#12474,#12451,#12476,.T.);
#12474 = VERTEX_POINT('',#12475);
#12475 = CARTESIAN_POINT('',(-0.32,-6.9,3.43));
#12476 = LINE('',#12477,#12478);
#12477 = CARTESIAN_POINT('',(-0.32,-6.9,3.43));
#12478 = VECTOR('',#12479,1.);
#12479 = DIRECTION('',(0.,0.,1.));
#12480 = ORIENTED_EDGE('',*,*,#12458,.T.);
#12481 = ORIENTED_EDGE('',*,*,#11864,.T.);
#12482 = ORIENTED_EDGE('',*,*,#12483,.T.);
#12483 = EDGE_CURVE('',#11857,#12474,#12484,.T.);
#12484 = LINE('',#12485,#12486);
#12485 = CARTESIAN_POINT('',(-0.32,-0.32,3.43));
#12486 = VECTOR('',#12487,1.);
#12487 = DIRECTION('',(-1.224646799147E-16,-1.,0.));
#12488 = PLANE('',#12489);
#12489 = AXIS2_PLACEMENT_3D('',#12490,#12491,#12492);
#12490 = CARTESIAN_POINT('',(-0.32,-1.8494320772,1.868561531914));
#12491 = DIRECTION('',(-1.,1.224646799147E-16,0.));
#12492 = DIRECTION('',(0.,0.,1.));
#12493 = ADVANCED_FACE('',(#12494),#12512,.F.);
#12494 = FACE_BOUND('',#12495,.F.);
#12495 = EDGE_LOOP('',(#12496,#12504,#12505,#12506));
#12496 = ORIENTED_EDGE('',*,*,#12497,.F.);
#12497 = EDGE_CURVE('',#11849,#12498,#12500,.T.);
#12498 = VERTEX_POINT('',#12499);
#12499 = CARTESIAN_POINT('',(0.32,-6.9,3.43));
#12500 = LINE('',#12501,#12502);
#12501 = CARTESIAN_POINT('',(0.32,-0.32,3.43));
#12502 = VECTOR('',#12503,1.);
#12503 = DIRECTION('',(-1.224646799147E-16,-1.,0.));
#12504 = ORIENTED_EDGE('',*,*,#11856,.T.);
#12505 = ORIENTED_EDGE('',*,*,#12483,.T.);
#12506 = ORIENTED_EDGE('',*,*,#12507,.F.);
#12507 = EDGE_CURVE('',#12498,#12474,#12508,.T.);
#12508 = LINE('',#12509,#12510);
#12509 = CARTESIAN_POINT('',(0.32,-6.9,3.43));
#12510 = VECTOR('',#12511,1.);
#12511 = DIRECTION('',(-1.,1.224646799147E-16,0.));
#12512 = PLANE('',#12513);
#12513 = AXIS2_PLACEMENT_3D('',#12514,#12515,#12516);
#12514 = CARTESIAN_POINT('',(0.32,-0.32,3.43));
#12515 = DIRECTION('',(0.,0.,1.));
#12516 = DIRECTION('',(-1.224646799147E-16,-1.,0.));
#12517 = ADVANCED_FACE('',(#12518),#12529,.F.);
#12518 = FACE_BOUND('',#12519,.F.);
#12519 = EDGE_LOOP('',(#12520,#12526,#12527,#12528));
#12520 = ORIENTED_EDGE('',*,*,#12521,.T.);
#12521 = EDGE_CURVE('',#12498,#12443,#12522,.T.);
#12522 = LINE('',#12523,#12524);
#12523 = CARTESIAN_POINT('',(0.32,-6.9,3.43));
#12524 = VECTOR('',#12525,1.);
#12525 = DIRECTION('',(0.,0.,1.));
#12526 = ORIENTED_EDGE('',*,*,#12442,.T.);
#12527 = ORIENTED_EDGE('',*,*,#11848,.T.);
#12528 = ORIENTED_EDGE('',*,*,#12497,.T.);
#12529 = PLANE('',#12530);
#12530 = AXIS2_PLACEMENT_3D('',#12531,#12532,#12533);
#12531 = CARTESIAN_POINT('',(0.32,-1.8494320772,1.868561531914));
#12532 = DIRECTION('',(-1.,1.224646799147E-16,0.));
#12533 = DIRECTION('',(0.,0.,1.));
#12534 = ADVANCED_FACE('',(#12535),#12546,.T.);
#12535 = FACE_BOUND('',#12536,.F.);
#12536 = EDGE_LOOP('',(#12537,#12538,#12544,#12545));
#12537 = ORIENTED_EDGE('',*,*,#12079,.F.);
#12538 = ORIENTED_EDGE('',*,*,#12539,.T.);
#12539 = EDGE_CURVE('',#12080,#11980,#12540,.T.);
#12540 = LINE('',#12541,#12542);
#12541 = CARTESIAN_POINT('',(0.32,-0.12,-3.4));
#12542 = VECTOR('',#12543,1.);
#12543 = DIRECTION('',(-1.,1.224646799147E-16,0.));
#12544 = ORIENTED_EDGE('',*,*,#11979,.T.);
#12545 = ORIENTED_EDGE('',*,*,#11955,.F.);
#12546 = PLANE('',#12547);
#12547 = AXIS2_PLACEMENT_3D('',#12548,#12549,#12550);
#12548 = CARTESIAN_POINT('',(0.32,-0.235596257347,-3.301223703467));
#12549 = DIRECTION('',(-8.302774088379E-17,-0.64962967394,
    -0.760250805153));
#12550 = DIRECTION('',(1.,-1.247195775152E-16,-2.638869166629E-18));
#12551 = ADVANCED_FACE('',(#12552),#12563,.F.);
#12552 = FACE_BOUND('',#12553,.F.);
#12553 = EDGE_LOOP('',(#12554,#12555,#12556,#12562));
#12554 = ORIENTED_EDGE('',*,*,#12539,.F.);
#12555 = ORIENTED_EDGE('',*,*,#12098,.F.);
#12556 = ORIENTED_EDGE('',*,*,#12557,.T.);
#12557 = EDGE_CURVE('',#12091,#11998,#12558,.T.);
#12558 = LINE('',#12559,#12560);
#12559 = CARTESIAN_POINT('',(0.32,0.12,-3.4));
#12560 = VECTOR('',#12561,1.);
#12561 = DIRECTION('',(-1.,1.224646799147E-16,0.));
#12562 = ORIENTED_EDGE('',*,*,#12005,.T.);
#12563 = PLANE('',#12564);
#12564 = AXIS2_PLACEMENT_3D('',#12565,#12566,#12567);
#12565 = CARTESIAN_POINT('',(0.32,0.32,-3.4));
#12566 = DIRECTION('',(0.,0.,1.));
#12567 = DIRECTION('',(-1.224646799147E-16,-1.,0.));
#12568 = ADVANCED_FACE('',(#12569),#12575,.T.);
#12569 = FACE_BOUND('',#12570,.T.);
#12570 = EDGE_LOOP('',(#12571,#12572,#12573,#12574));
#12571 = ORIENTED_EDGE('',*,*,#12090,.F.);
#12572 = ORIENTED_EDGE('',*,*,#12557,.T.);
#12573 = ORIENTED_EDGE('',*,*,#11997,.T.);
#12574 = ORIENTED_EDGE('',*,*,#12028,.F.);
#12575 = PLANE('',#12576);
#12576 = AXIS2_PLACEMENT_3D('',#12577,#12578,#12579);
#12577 = CARTESIAN_POINT('',(0.32,0.204403742653,-3.301223703467));
#12578 = DIRECTION('',(9.310387150808E-17,0.760250805153,-0.64962967394)
  );
#12579 = DIRECTION('',(-1.,1.224646799148E-16,-5.515863360725E-29));
#12580 = ADVANCED_FACE('',(#12581),#12592,.T.);
#12581 = FACE_BOUND('',#12582,.F.);
#12582 = EDGE_LOOP('',(#12583,#12584,#12590,#12591));
#12583 = ORIENTED_EDGE('',*,*,#12313,.F.);
#12584 = ORIENTED_EDGE('',*,*,#12585,.T.);
#12585 = EDGE_CURVE('',#12314,#12197,#12586,.T.);
#12586 = LINE('',#12587,#12588);
#12587 = CARTESIAN_POINT('',(2.82,-0.12,-3.4));
#12588 = VECTOR('',#12589,1.);
#12589 = DIRECTION('',(-1.,1.224646799147E-16,0.));
#12590 = ORIENTED_EDGE('',*,*,#12196,.T.);
#12591 = ORIENTED_EDGE('',*,*,#12172,.F.);
#12592 = PLANE('',#12593);
#12593 = AXIS2_PLACEMENT_3D('',#12594,#12595,#12596);
#12594 = CARTESIAN_POINT('',(2.82,-0.235596257347,-3.301223703467));
#12595 = DIRECTION('',(-8.302774088379E-17,-0.64962967394,
    -0.760250805153));
#12596 = DIRECTION('',(1.,-1.247195775152E-16,-2.638869166629E-18));
#12597 = ADVANCED_FACE('',(#12598),#12609,.F.);
#12598 = FACE_BOUND('',#12599,.F.);
#12599 = EDGE_LOOP('',(#12600,#12601,#12602,#12608));
#12600 = ORIENTED_EDGE('',*,*,#12585,.F.);
#12601 = ORIENTED_EDGE('',*,*,#12332,.F.);
#12602 = ORIENTED_EDGE('',*,*,#12603,.T.);
#12603 = EDGE_CURVE('',#12325,#12215,#12604,.T.);
#12604 = LINE('',#12605,#12606);
#12605 = CARTESIAN_POINT('',(2.82,0.12,-3.4));
#12606 = VECTOR('',#12607,1.);
#12607 = DIRECTION('',(-1.,1.224646799147E-16,0.));
#12608 = ORIENTED_EDGE('',*,*,#12222,.T.);
#12609 = PLANE('',#12610);
#12610 = AXIS2_PLACEMENT_3D('',#12611,#12612,#12613);
#12611 = CARTESIAN_POINT('',(2.82,0.32,-3.4));
#12612 = DIRECTION('',(0.,0.,1.));
#12613 = DIRECTION('',(-1.224646799147E-16,-1.,0.));
#12614 = ADVANCED_FACE('',(#12615),#12621,.T.);
#12615 = FACE_BOUND('',#12616,.T.);
#12616 = EDGE_LOOP('',(#12617,#12618,#12619,#12620));
#12617 = ORIENTED_EDGE('',*,*,#12324,.F.);
#12618 = ORIENTED_EDGE('',*,*,#12603,.T.);
#12619 = ORIENTED_EDGE('',*,*,#12214,.T.);
#12620 = ORIENTED_EDGE('',*,*,#12245,.F.);
#12621 = PLANE('',#12622);
#12622 = AXIS2_PLACEMENT_3D('',#12623,#12624,#12625);
#12623 = CARTESIAN_POINT('',(2.82,0.204403742653,-3.301223703467));
#12624 = DIRECTION('',(9.310387150808E-17,0.760250805153,-0.64962967394)
  );
#12625 = DIRECTION('',(-1.,1.224646799148E-16,-5.515863360725E-29));
#12626 = ADVANCED_FACE('',(#12627),#12652,.F.);
#12627 = FACE_BOUND('',#12628,.F.);
#12628 = EDGE_LOOP('',(#12629,#12637,#12638,#12646));
#12629 = ORIENTED_EDGE('',*,*,#12630,.F.);
#12630 = EDGE_CURVE('',#12347,#12631,#12633,.T.);
#12631 = VERTEX_POINT('',#12632);
#12632 = CARTESIAN_POINT('',(2.38,-7.1,3.63));
#12633 = LINE('',#12634,#12635);
#12634 = CARTESIAN_POINT('',(2.353333333333,-7.073333333333,
    3.603333333333));
#12635 = VECTOR('',#12636,1.);
#12636 = DIRECTION('',(0.57735026919,-0.57735026919,0.57735026919));
#12637 = ORIENTED_EDGE('',*,*,#12346,.T.);
#12638 = ORIENTED_EDGE('',*,*,#12639,.T.);
#12639 = EDGE_CURVE('',#12349,#12640,#12642,.T.);
#12640 = VERTEX_POINT('',#12641);
#12641 = CARTESIAN_POINT('',(2.38,-7.1,3.87));
#12642 = LINE('',#12643,#12644);
#12643 = CARTESIAN_POINT('',(2.46,-7.18,3.79));
#12644 = VECTOR('',#12645,1.);
#12645 = DIRECTION('',(0.57735026919,-0.57735026919,-0.57735026919));
#12646 = ORIENTED_EDGE('',*,*,#12647,.F.);
#12647 = EDGE_CURVE('',#12631,#12640,#12648,.T.);
#12648 = LINE('',#12649,#12650);
#12649 = CARTESIAN_POINT('',(2.38,-7.1,3.43));
#12650 = VECTOR('',#12651,1.);
#12651 = DIRECTION('',(0.,0.,1.));
#12652 = PLANE('',#12653);
#12653 = AXIS2_PLACEMENT_3D('',#12654,#12655,#12656);
#12654 = CARTESIAN_POINT('',(2.28,-7.,3.43));
#12655 = DIRECTION('',(0.707106781187,0.707106781187,1.735417226644E-18)
  );
#12656 = DIRECTION('',(-1.227125289148E-18,-1.227125289148E-18,1.));
#12657 = ADVANCED_FACE('',(#12658),#12676,.T.);
#12658 = FACE_BOUND('',#12659,.F.);
#12659 = EDGE_LOOP('',(#12660,#12668,#12669,#12670));
#12660 = ORIENTED_EDGE('',*,*,#12661,.F.);
#12661 = EDGE_CURVE('',#12378,#12662,#12664,.T.);
#12662 = VERTEX_POINT('',#12663);
#12663 = CARTESIAN_POINT('',(2.62,-7.1,3.63));
#12664 = LINE('',#12665,#12666);
#12665 = CARTESIAN_POINT('',(2.753333333333,-6.966666666667,
    3.496666666667));
#12666 = VECTOR('',#12667,1.);
#12667 = DIRECTION('',(-0.57735026919,-0.57735026919,0.57735026919));
#12668 = ORIENTED_EDGE('',*,*,#12387,.T.);
#12669 = ORIENTED_EDGE('',*,*,#12630,.T.);
#12670 = ORIENTED_EDGE('',*,*,#12671,.F.);
#12671 = EDGE_CURVE('',#12662,#12631,#12672,.T.);
#12672 = LINE('',#12673,#12674);
#12673 = CARTESIAN_POINT('',(2.82,-7.1,3.63));
#12674 = VECTOR('',#12675,1.);
#12675 = DIRECTION('',(-1.,1.224646799147E-16,0.));
#12676 = PLANE('',#12677);
#12677 = AXIS2_PLACEMENT_3D('',#12678,#12679,#12680);
#12678 = CARTESIAN_POINT('',(2.82,-7.,3.53));
#12679 = DIRECTION('',(-8.659560562349E-17,-0.707106781187,
    -0.707106781187));
#12680 = DIRECTION('',(1.,-1.224646799147E-16,2.105272540809E-29));
#12681 = ADVANCED_FACE('',(#12682),#12700,.T.);
#12682 = FACE_BOUND('',#12683,.T.);
#12683 = EDGE_LOOP('',(#12684,#12685,#12686,#12694));
#12684 = ORIENTED_EDGE('',*,*,#12661,.F.);
#12685 = ORIENTED_EDGE('',*,*,#12401,.T.);
#12686 = ORIENTED_EDGE('',*,*,#12687,.F.);
#12687 = EDGE_CURVE('',#12688,#12402,#12690,.T.);
#12688 = VERTEX_POINT('',#12689);
#12689 = CARTESIAN_POINT('',(2.62,-7.1,3.87));
#12690 = LINE('',#12691,#12692);
#12691 = CARTESIAN_POINT('',(2.646666666667,-7.073333333333,
    3.896666666667));
#12692 = VECTOR('',#12693,1.);
#12693 = DIRECTION('',(0.57735026919,0.57735026919,0.57735026919));
#12694 = ORIENTED_EDGE('',*,*,#12695,.F.);
#12695 = EDGE_CURVE('',#12662,#12688,#12696,.T.);
#12696 = LINE('',#12697,#12698);
#12697 = CARTESIAN_POINT('',(2.62,-7.1,3.43));
#12698 = VECTOR('',#12699,1.);
#12699 = DIRECTION('',(0.,0.,1.));
#12700 = PLANE('',#12701);
#12701 = AXIS2_PLACEMENT_3D('',#12702,#12703,#12704);
#12702 = CARTESIAN_POINT('',(2.72,-7.,3.43));
#12703 = DIRECTION('',(0.707106781187,-0.707106781187,
    -1.735417226644E-18));
#12704 = DIRECTION('',(1.227125289148E-18,-1.227125289148E-18,1.));
#12705 = ADVANCED_FACE('',(#12706),#12717,.T.);
#12706 = FACE_BOUND('',#12707,.F.);
#12707 = EDGE_LOOP('',(#12708,#12709,#12715,#12716));
#12708 = ORIENTED_EDGE('',*,*,#12687,.F.);
#12709 = ORIENTED_EDGE('',*,*,#12710,.T.);
#12710 = EDGE_CURVE('',#12688,#12640,#12711,.T.);
#12711 = LINE('',#12712,#12713);
#12712 = CARTESIAN_POINT('',(2.82,-7.1,3.87));
#12713 = VECTOR('',#12714,1.);
#12714 = DIRECTION('',(-1.,1.224646799147E-16,0.));
#12715 = ORIENTED_EDGE('',*,*,#12639,.F.);
#12716 = ORIENTED_EDGE('',*,*,#12426,.F.);
#12717 = PLANE('',#12718);
#12718 = AXIS2_PLACEMENT_3D('',#12719,#12720,#12721);
#12719 = CARTESIAN_POINT('',(2.82,-7.,3.97));
#12720 = DIRECTION('',(-8.659560562349E-17,-0.707106781187,
    0.707106781187));
#12721 = DIRECTION('',(1.,-1.224646799147E-16,-2.105272540809E-29));
#12722 = ADVANCED_FACE('',(#12723),#12748,.T.);
#12723 = FACE_BOUND('',#12724,.F.);
#12724 = EDGE_LOOP('',(#12725,#12733,#12741,#12747));
#12725 = ORIENTED_EDGE('',*,*,#12726,.F.);
#12726 = EDGE_CURVE('',#12727,#12443,#12729,.T.);
#12727 = VERTEX_POINT('',#12728);
#12728 = CARTESIAN_POINT('',(0.12,-7.1,3.87));
#12729 = LINE('',#12730,#12731);
#12730 = CARTESIAN_POINT('',(0.146666666667,-7.073333333333,
    3.896666666667));
#12731 = VECTOR('',#12732,1.);
#12732 = DIRECTION('',(0.57735026919,0.57735026919,0.57735026919));
#12733 = ORIENTED_EDGE('',*,*,#12734,.T.);
#12734 = EDGE_CURVE('',#12727,#12735,#12737,.T.);
#12735 = VERTEX_POINT('',#12736);
#12736 = CARTESIAN_POINT('',(-0.12,-7.1,3.87));
#12737 = LINE('',#12738,#12739);
#12738 = CARTESIAN_POINT('',(0.32,-7.1,3.87));
#12739 = VECTOR('',#12740,1.);
#12740 = DIRECTION('',(-1.,1.224646799147E-16,0.));
#12741 = ORIENTED_EDGE('',*,*,#12742,.F.);
#12742 = EDGE_CURVE('',#12451,#12735,#12743,.T.);
#12743 = LINE('',#12744,#12745);
#12744 = CARTESIAN_POINT('',(-4.E-02,-7.18,3.79));
#12745 = VECTOR('',#12746,1.);
#12746 = DIRECTION('',(0.57735026919,-0.57735026919,-0.57735026919));
#12747 = ORIENTED_EDGE('',*,*,#12450,.F.);
#12748 = PLANE('',#12749);
#12749 = AXIS2_PLACEMENT_3D('',#12750,#12751,#12752);
#12750 = CARTESIAN_POINT('',(0.32,-7.,3.97));
#12751 = DIRECTION('',(-8.659560562349E-17,-0.707106781187,
    0.707106781187));
#12752 = DIRECTION('',(1.,-1.224646799147E-16,-2.105272540809E-29));
#12753 = ADVANCED_FACE('',(#12754),#12772,.F.);
#12754 = FACE_BOUND('',#12755,.F.);
#12755 = EDGE_LOOP('',(#12756,#12764,#12765,#12766));
#12756 = ORIENTED_EDGE('',*,*,#12757,.F.);
#12757 = EDGE_CURVE('',#12474,#12758,#12760,.T.);
#12758 = VERTEX_POINT('',#12759);
#12759 = CARTESIAN_POINT('',(-0.12,-7.1,3.63));
#12760 = LINE('',#12761,#12762);
#12761 = CARTESIAN_POINT('',(-0.146666666667,-7.073333333333,
    3.603333333333));
#12762 = VECTOR('',#12763,1.);
#12763 = DIRECTION('',(0.57735026919,-0.57735026919,0.57735026919));
#12764 = ORIENTED_EDGE('',*,*,#12473,.T.);
#12765 = ORIENTED_EDGE('',*,*,#12742,.T.);
#12766 = ORIENTED_EDGE('',*,*,#12767,.F.);
#12767 = EDGE_CURVE('',#12758,#12735,#12768,.T.);
#12768 = LINE('',#12769,#12770);
#12769 = CARTESIAN_POINT('',(-0.12,-7.1,3.43));
#12770 = VECTOR('',#12771,1.);
#12771 = DIRECTION('',(0.,0.,1.));
#12772 = PLANE('',#12773);
#12773 = AXIS2_PLACEMENT_3D('',#12774,#12775,#12776);
#12774 = CARTESIAN_POINT('',(-0.22,-7.,3.43));
#12775 = DIRECTION('',(0.707106781187,0.707106781187,1.735417226644E-18)
  );
#12776 = DIRECTION('',(-1.227125289148E-18,-1.227125289148E-18,1.));
#12777 = ADVANCED_FACE('',(#12778),#12796,.T.);
#12778 = FACE_BOUND('',#12779,.F.);
#12779 = EDGE_LOOP('',(#12780,#12788,#12789,#12790));
#12780 = ORIENTED_EDGE('',*,*,#12781,.F.);
#12781 = EDGE_CURVE('',#12498,#12782,#12784,.T.);
#12782 = VERTEX_POINT('',#12783);
#12783 = CARTESIAN_POINT('',(0.12,-7.1,3.63));
#12784 = LINE('',#12785,#12786);
#12785 = CARTESIAN_POINT('',(0.253333333333,-6.966666666667,
    3.496666666667));
#12786 = VECTOR('',#12787,1.);
#12787 = DIRECTION('',(-0.57735026919,-0.57735026919,0.57735026919));
#12788 = ORIENTED_EDGE('',*,*,#12507,.T.);
#12789 = ORIENTED_EDGE('',*,*,#12757,.T.);
#12790 = ORIENTED_EDGE('',*,*,#12791,.F.);
#12791 = EDGE_CURVE('',#12782,#12758,#12792,.T.);
#12792 = LINE('',#12793,#12794);
#12793 = CARTESIAN_POINT('',(0.32,-7.1,3.63));
#12794 = VECTOR('',#12795,1.);
#12795 = DIRECTION('',(-1.,1.224646799147E-16,0.));
#12796 = PLANE('',#12797);
#12797 = AXIS2_PLACEMENT_3D('',#12798,#12799,#12800);
#12798 = CARTESIAN_POINT('',(0.32,-7.,3.53));
#12799 = DIRECTION('',(-8.659560562349E-17,-0.707106781187,
    -0.707106781187));
#12800 = DIRECTION('',(1.,-1.224646799147E-16,2.105272540809E-29));
#12801 = ADVANCED_FACE('',(#12802),#12813,.T.);
#12802 = FACE_BOUND('',#12803,.T.);
#12803 = EDGE_LOOP('',(#12804,#12805,#12806,#12807));
#12804 = ORIENTED_EDGE('',*,*,#12781,.F.);
#12805 = ORIENTED_EDGE('',*,*,#12521,.T.);
#12806 = ORIENTED_EDGE('',*,*,#12726,.F.);
#12807 = ORIENTED_EDGE('',*,*,#12808,.F.);
#12808 = EDGE_CURVE('',#12782,#12727,#12809,.T.);
#12809 = LINE('',#12810,#12811);
#12810 = CARTESIAN_POINT('',(0.12,-7.1,3.43));
#12811 = VECTOR('',#12812,1.);
#12812 = DIRECTION('',(0.,0.,1.));
#12813 = PLANE('',#12814);
#12814 = AXIS2_PLACEMENT_3D('',#12815,#12816,#12817);
#12815 = CARTESIAN_POINT('',(0.22,-7.,3.43));
#12816 = DIRECTION('',(0.707106781187,-0.707106781187,
    -1.735417226644E-18));
#12817 = DIRECTION('',(1.227125289148E-18,-1.227125289148E-18,1.));
#12818 = ADVANCED_FACE('',(#12819),#12825,.F.);
#12819 = FACE_BOUND('',#12820,.F.);
#12820 = EDGE_LOOP('',(#12821,#12822,#12823,#12824));
#12821 = ORIENTED_EDGE('',*,*,#12671,.T.);
#12822 = ORIENTED_EDGE('',*,*,#12647,.T.);
#12823 = ORIENTED_EDGE('',*,*,#12710,.F.);
#12824 = ORIENTED_EDGE('',*,*,#12695,.F.);
#12825 = PLANE('',#12826);
#12826 = AXIS2_PLACEMENT_3D('',#12827,#12828,#12829);
#12827 = CARTESIAN_POINT('',(2.82,-7.1,3.43));
#12828 = DIRECTION('',(1.224646799147E-16,1.,0.));
#12829 = DIRECTION('',(0.,-0.,1.));
#12830 = ADVANCED_FACE('',(#12831),#12837,.F.);
#12831 = FACE_BOUND('',#12832,.F.);
#12832 = EDGE_LOOP('',(#12833,#12834,#12835,#12836));
#12833 = ORIENTED_EDGE('',*,*,#12791,.T.);
#12834 = ORIENTED_EDGE('',*,*,#12767,.T.);
#12835 = ORIENTED_EDGE('',*,*,#12734,.F.);
#12836 = ORIENTED_EDGE('',*,*,#12808,.F.);
#12837 = PLANE('',#12838);
#12838 = AXIS2_PLACEMENT_3D('',#12839,#12840,#12841);
#12839 = CARTESIAN_POINT('',(0.32,-7.1,3.43));
#12840 = DIRECTION('',(1.224646799147E-16,1.,0.));
#12841 = DIRECTION('',(0.,-0.,1.));
#12842 = ( GEOMETRIC_REPRESENTATION_CONTEXT(3) 
GLOBAL_UNCERTAINTY_ASSIGNED_CONTEXT((#12846)) 
GLOBAL_UNIT_ASSIGNED_CONTEXT((#12843,#12844,#12845)) 
REPRESENTATION_CONTEXT('Context #1',
  '3D Context with UNIT and UNCERTAINTY') );
#12843 = ( LENGTH_UNIT() NAMED_UNIT(*) SI_UNIT(.MILLI.,.METRE.) );
#12844 = ( NAMED_UNIT(*) PLANE_ANGLE_UNIT() SI_UNIT($,.RADIAN.) );
#12845 = ( NAMED_UNIT(*) SI_UNIT($,.STERADIAN.) SOLID_ANGLE_UNIT() );
#12846 = UNCERTAINTY_MEASURE_WITH_UNIT(LENGTH_MEASURE(1.E-07),#12843,
  'distance_accuracy_value','confusion accuracy');
#12847 = CONTEXT_DEPENDENT_SHAPE_REPRESENTATION(#12848,#12850);
#12848 = ( REPRESENTATION_RELATIONSHIP('','',#9590,#9567) 
REPRESENTATION_RELATIONSHIP_WITH_TRANSFORMATION(#12849) 
SHAPE_REPRESENTATION_RELATIONSHIP() );
#12849 = ITEM_DEFINED_TRANSFORMATION('','',#11,#9568);
#12850 = PRODUCT_DEFINITION_SHAPE('Placement','Placement of an item',
  #12851);
#12851 = NEXT_ASSEMBLY_USAGE_OCCURRENCE('9','=>[0:1:1:7]','',#9562,#9585
  ,$);
#12852 = PRODUCT_RELATED_PRODUCT_CATEGORY('part',$,(#9587));
#12853 = CONTEXT_DEPENDENT_SHAPE_REPRESENTATION(#12854,#12856);
#12854 = ( REPRESENTATION_RELATIONSHIP('','',#505,#10) 
REPRESENTATION_RELATIONSHIP_WITH_TRANSFORMATION(#12855) 
SHAPE_REPRESENTATION_RELATIONSHIP() );
#12855 = ITEM_DEFINED_TRANSFORMATION('','',#11,#43);
#12856 = PRODUCT_DEFINITION_SHAPE('Placement','Placement of an item',
  #12857);
#12857 = NEXT_ASSEMBLY_USAGE_OCCURRENCE('11','J5','',#5,#500,$);
#12858 = CONTEXT_DEPENDENT_SHAPE_REPRESENTATION(#12859,#12861);
#12859 = ( REPRESENTATION_RELATIONSHIP('','',#9567,#10) 
REPRESENTATION_RELATIONSHIP_WITH_TRANSFORMATION(#12860) 
SHAPE_REPRESENTATION_RELATIONSHIP() );
#12860 = ITEM_DEFINED_TRANSFORMATION('','',#11,#47);
#12861 = PRODUCT_DEFINITION_SHAPE('Placement','Placement of an item',
  #12862);
#12862 = NEXT_ASSEMBLY_USAGE_OCCURRENCE('12','J7','',#5,#9562,$);
#12863 = CONTEXT_DEPENDENT_SHAPE_REPRESENTATION(#12864,#12866);
#12864 = ( REPRESENTATION_RELATIONSHIP('','',#9567,#10) 
REPRESENTATION_RELATIONSHIP_WITH_TRANSFORMATION(#12865) 
SHAPE_REPRESENTATION_RELATIONSHIP() );
#12865 = ITEM_DEFINED_TRANSFORMATION('','',#11,#51);
#12866 = PRODUCT_DEFINITION_SHAPE('Placement','Placement of an item',
  #12867);
#12867 = NEXT_ASSEMBLY_USAGE_OCCURRENCE('13','J9','',#5,#9562,$);
#12868 = CONTEXT_DEPENDENT_SHAPE_REPRESENTATION(#12869,#12871);
#12869 = ( REPRESENTATION_RELATIONSHIP('','',#9567,#10) 
REPRESENTATION_RELATIONSHIP_WITH_TRANSFORMATION(#12870) 
SHAPE_REPRESENTATION_RELATIONSHIP() );
#12870 = ITEM_DEFINED_TRANSFORMATION('','',#11,#55);
#12871 = PRODUCT_DEFINITION_SHAPE('Placement','Placement of an item',
  #12872);
#12872 = NEXT_ASSEMBLY_USAGE_OCCURRENCE('14','J8','',#5,#9562,$);
#12873 = SHAPE_DEFINITION_REPRESENTATION(#12874,#12880);
#12874 = PRODUCT_DEFINITION_SHAPE('','',#12875);
#12875 = PRODUCT_DEFINITION('design','',#12876,#12879);
#12876 = PRODUCT_DEFINITION_FORMATION('','',#12877);
#12877 = PRODUCT('Busbar_PCB','Busbar_PCB','',(#12878));
#12878 = PRODUCT_CONTEXT('',#2,'mechanical');
#12879 = PRODUCT_DEFINITION_CONTEXT('part definition',#2,'design');
#12880 = ADVANCED_BREP_SHAPE_REPRESENTATION('',(#11,#12881),#14630);
#12881 = MANIFOLD_SOLID_BREP('',#12882);
#12882 = CLOSED_SHELL('',(#12883,#12923,#12954,#12985,#13453,#13921,
    #13933,#13950,#13967,#13984,#14001,#14018,#14035,#14052,#14069,
    #14086,#14103,#14120,#14137,#14154,#14171,#14188,#14205,#14222,
    #14239,#14256,#14273,#14290,#14307,#14324,#14341,#14358,#14375,
    #14392,#14409,#14426,#14443,#14460,#14477,#14494,#14511,#14528,
    #14545,#14562,#14579,#14596,#14613));
#12883 = ADVANCED_FACE('',(#12884),#12918,.T.);
#12884 = FACE_BOUND('',#12885,.T.);
#12885 = EDGE_LOOP('',(#12886,#12896,#12904,#12912));
#12886 = ORIENTED_EDGE('',*,*,#12887,.T.);
#12887 = EDGE_CURVE('',#12888,#12890,#12892,.T.);
#12888 = VERTEX_POINT('',#12889);
#12889 = CARTESIAN_POINT('',(255.,-115.,0.));
#12890 = VERTEX_POINT('',#12891);
#12891 = CARTESIAN_POINT('',(255.,-115.,1.6));
#12892 = LINE('',#12893,#12894);
#12893 = CARTESIAN_POINT('',(255.,-115.,0.));
#12894 = VECTOR('',#12895,1.);
#12895 = DIRECTION('',(0.,0.,1.));
#12896 = ORIENTED_EDGE('',*,*,#12897,.T.);
#12897 = EDGE_CURVE('',#12890,#12898,#12900,.T.);
#12898 = VERTEX_POINT('',#12899);
#12899 = CARTESIAN_POINT('',(55.,-115.,1.6));
#12900 = LINE('',#12901,#12902);
#12901 = CARTESIAN_POINT('',(255.,-115.,1.6));
#12902 = VECTOR('',#12903,1.);
#12903 = DIRECTION('',(-1.,0.,0.));
#12904 = ORIENTED_EDGE('',*,*,#12905,.F.);
#12905 = EDGE_CURVE('',#12906,#12898,#12908,.T.);
#12906 = VERTEX_POINT('',#12907);
#12907 = CARTESIAN_POINT('',(55.,-115.,0.));
#12908 = LINE('',#12909,#12910);
#12909 = CARTESIAN_POINT('',(55.,-115.,0.));
#12910 = VECTOR('',#12911,1.);
#12911 = DIRECTION('',(0.,0.,1.));
#12912 = ORIENTED_EDGE('',*,*,#12913,.F.);
#12913 = EDGE_CURVE('',#12888,#12906,#12914,.T.);
#12914 = LINE('',#12915,#12916);
#12915 = CARTESIAN_POINT('',(255.,-115.,0.));
#12916 = VECTOR('',#12917,1.);
#12917 = DIRECTION('',(-1.,0.,0.));
#12918 = PLANE('',#12919);
#12919 = AXIS2_PLACEMENT_3D('',#12920,#12921,#12922);
#12920 = CARTESIAN_POINT('',(255.,-115.,0.));
#12921 = DIRECTION('',(0.,-1.,0.));
#12922 = DIRECTION('',(-1.,0.,0.));
#12923 = ADVANCED_FACE('',(#12924),#12949,.T.);
#12924 = FACE_BOUND('',#12925,.T.);
#12925 = EDGE_LOOP('',(#12926,#12936,#12942,#12943));
#12926 = ORIENTED_EDGE('',*,*,#12927,.T.);
#12927 = EDGE_CURVE('',#12928,#12930,#12932,.T.);
#12928 = VERTEX_POINT('',#12929);
#12929 = CARTESIAN_POINT('',(255.,-65.,0.));
#12930 = VERTEX_POINT('',#12931);
#12931 = CARTESIAN_POINT('',(255.,-65.,1.6));
#12932 = LINE('',#12933,#12934);
#12933 = CARTESIAN_POINT('',(255.,-65.,0.));
#12934 = VECTOR('',#12935,1.);
#12935 = DIRECTION('',(0.,0.,1.));
#12936 = ORIENTED_EDGE('',*,*,#12937,.T.);
#12937 = EDGE_CURVE('',#12930,#12890,#12938,.T.);
#12938 = LINE('',#12939,#12940);
#12939 = CARTESIAN_POINT('',(255.,-65.,1.6));
#12940 = VECTOR('',#12941,1.);
#12941 = DIRECTION('',(0.,-1.,0.));
#12942 = ORIENTED_EDGE('',*,*,#12887,.F.);
#12943 = ORIENTED_EDGE('',*,*,#12944,.F.);
#12944 = EDGE_CURVE('',#12928,#12888,#12945,.T.);
#12945 = LINE('',#12946,#12947);
#12946 = CARTESIAN_POINT('',(255.,-65.,0.));
#12947 = VECTOR('',#12948,1.);
#12948 = DIRECTION('',(0.,-1.,0.));
#12949 = PLANE('',#12950);
#12950 = AXIS2_PLACEMENT_3D('',#12951,#12952,#12953);
#12951 = CARTESIAN_POINT('',(255.,-65.,0.));
#12952 = DIRECTION('',(1.,0.,-0.));
#12953 = DIRECTION('',(0.,-1.,0.));
#12954 = ADVANCED_FACE('',(#12955),#12980,.T.);
#12955 = FACE_BOUND('',#12956,.T.);
#12956 = EDGE_LOOP('',(#12957,#12958,#12966,#12974));
#12957 = ORIENTED_EDGE('',*,*,#12905,.T.);
#12958 = ORIENTED_EDGE('',*,*,#12959,.T.);
#12959 = EDGE_CURVE('',#12898,#12960,#12962,.T.);
#12960 = VERTEX_POINT('',#12961);
#12961 = CARTESIAN_POINT('',(55.,-65.,1.6));
#12962 = LINE('',#12963,#12964);
#12963 = CARTESIAN_POINT('',(55.,-115.,1.6));
#12964 = VECTOR('',#12965,1.);
#12965 = DIRECTION('',(0.,1.,0.));
#12966 = ORIENTED_EDGE('',*,*,#12967,.F.);
#12967 = EDGE_CURVE('',#12968,#12960,#12970,.T.);
#12968 = VERTEX_POINT('',#12969);
#12969 = CARTESIAN_POINT('',(55.,-65.,0.));
#12970 = LINE('',#12971,#12972);
#12971 = CARTESIAN_POINT('',(55.,-65.,0.));
#12972 = VECTOR('',#12973,1.);
#12973 = DIRECTION('',(0.,0.,1.));
#12974 = ORIENTED_EDGE('',*,*,#12975,.F.);
#12975 = EDGE_CURVE('',#12906,#12968,#12976,.T.);
#12976 = LINE('',#12977,#12978);
#12977 = CARTESIAN_POINT('',(55.,-115.,0.));
#12978 = VECTOR('',#12979,1.);
#12979 = DIRECTION('',(0.,1.,0.));
#12980 = PLANE('',#12981);
#12981 = AXIS2_PLACEMENT_3D('',#12982,#12983,#12984);
#12982 = CARTESIAN_POINT('',(55.,-115.,0.));
#12983 = DIRECTION('',(-1.,0.,0.));
#12984 = DIRECTION('',(0.,1.,0.));
#12985 = ADVANCED_FACE('',(#12986,#12997,#13008,#13019,#13030,#13041,
    #13052,#13063,#13074,#13085,#13096,#13107,#13118,#13129,#13140,
    #13151,#13162,#13173,#13184,#13195,#13206,#13217,#13228,#13239,
    #13250,#13261,#13272,#13283,#13294,#13305,#13316,#13327,#13338,
    #13349,#13360,#13371,#13382,#13393,#13404,#13415,#13426,#13437),
  #13448,.T.);
#12986 = FACE_BOUND('',#12987,.T.);
#12987 = EDGE_LOOP('',(#12988,#12989,#12990,#12996));
#12988 = ORIENTED_EDGE('',*,*,#12913,.T.);
#12989 = ORIENTED_EDGE('',*,*,#12975,.T.);
#12990 = ORIENTED_EDGE('',*,*,#12991,.T.);
#12991 = EDGE_CURVE('',#12968,#12928,#12992,.T.);
#12992 = LINE('',#12993,#12994);
#12993 = CARTESIAN_POINT('',(55.,-65.,0.));
#12994 = VECTOR('',#12995,1.);
#12995 = DIRECTION('',(1.,0.,0.));
#12996 = ORIENTED_EDGE('',*,*,#12944,.T.);
#12997 = FACE_BOUND('',#12998,.T.);
#12998 = EDGE_LOOP('',(#12999));
#12999 = ORIENTED_EDGE('',*,*,#13000,.F.);
#13000 = EDGE_CURVE('',#13001,#13001,#13003,.T.);
#13001 = VERTEX_POINT('',#13002);
#13002 = CARTESIAN_POINT('',(250.,-111.6,0.));
#13003 = CIRCLE('',#13004,1.6);
#13004 = AXIS2_PLACEMENT_3D('',#13005,#13006,#13007);
#13005 = CARTESIAN_POINT('',(250.,-110.,0.));
#13006 = DIRECTION('',(-0.,0.,-1.));
#13007 = DIRECTION('',(-0.,-1.,0.));
#13008 = FACE_BOUND('',#13009,.T.);
#13009 = EDGE_LOOP('',(#13010));
#13010 = ORIENTED_EDGE('',*,*,#13011,.F.);
#13011 = EDGE_CURVE('',#13012,#13012,#13014,.T.);
#13012 = VERTEX_POINT('',#13013);
#13013 = CARTESIAN_POINT('',(230.936,-107.425,0.));
#13014 = CIRCLE('',#13015,0.915);
#13015 = AXIS2_PLACEMENT_3D('',#13016,#13017,#13018);
#13016 = CARTESIAN_POINT('',(230.936,-106.51,0.));
#13017 = DIRECTION('',(-0.,0.,-1.));
#13018 = DIRECTION('',(3.106197751957E-14,-1.,-0.));
#13019 = FACE_BOUND('',#13020,.T.);
#13020 = EDGE_LOOP('',(#13021));
#13021 = ORIENTED_EDGE('',*,*,#13022,.F.);
#13022 = EDGE_CURVE('',#13023,#13023,#13025,.T.);
#13023 = VERTEX_POINT('',#13024);
#13024 = CARTESIAN_POINT('',(190.936,-107.425,0.));
#13025 = CIRCLE('',#13026,0.915);
#13026 = AXIS2_PLACEMENT_3D('',#13027,#13028,#13029);
#13027 = CARTESIAN_POINT('',(190.936,-106.51,0.));
#13028 = DIRECTION('',(-0.,0.,-1.));
#13029 = DIRECTION('',(3.106197751957E-14,-1.,-0.));
#13030 = FACE_BOUND('',#13031,.T.);
#13031 = EDGE_LOOP('',(#13032));
#13032 = ORIENTED_EDGE('',*,*,#13033,.F.);
#13033 = EDGE_CURVE('',#13034,#13034,#13036,.T.);
#13034 = VERTEX_POINT('',#13035);
#13035 = CARTESIAN_POINT('',(230.936,-99.17,0.));
#13036 = CIRCLE('',#13037,0.915);
#13037 = AXIS2_PLACEMENT_3D('',#13038,#13039,#13040);
#13038 = CARTESIAN_POINT('',(230.936,-98.255,0.));
#13039 = DIRECTION('',(-0.,0.,-1.));
#13040 = DIRECTION('',(3.106197751957E-14,-1.,-0.));
#13041 = FACE_BOUND('',#13042,.T.);
#13042 = EDGE_LOOP('',(#13043));
#13043 = ORIENTED_EDGE('',*,*,#13044,.F.);
#13044 = EDGE_CURVE('',#13045,#13045,#13047,.T.);
#13045 = VERTEX_POINT('',#13046);
#13046 = CARTESIAN_POINT('',(190.936,-99.17,0.));
#13047 = CIRCLE('',#13048,0.915);
#13048 = AXIS2_PLACEMENT_3D('',#13049,#13050,#13051);
#13049 = CARTESIAN_POINT('',(190.936,-98.255,0.));
#13050 = DIRECTION('',(-0.,0.,-1.));
#13051 = DIRECTION('',(3.106197751957E-14,-1.,-0.));
#13052 = FACE_BOUND('',#13053,.T.);
#13053 = EDGE_LOOP('',(#13054));
#13054 = ORIENTED_EDGE('',*,*,#13055,.F.);
#13055 = EDGE_CURVE('',#13056,#13056,#13058,.T.);
#13056 = VERTEX_POINT('',#13057);
#13057 = CARTESIAN_POINT('',(150.936,-107.425,0.));
#13058 = CIRCLE('',#13059,0.915);
#13059 = AXIS2_PLACEMENT_3D('',#13060,#13061,#13062);
#13060 = CARTESIAN_POINT('',(150.936,-106.51,0.));
#13061 = DIRECTION('',(-0.,0.,-1.));
#13062 = DIRECTION('',(3.106197751957E-14,-1.,-0.));
#13063 = FACE_BOUND('',#13064,.T.);
#13064 = EDGE_LOOP('',(#13065));
#13065 = ORIENTED_EDGE('',*,*,#13066,.F.);
#13066 = EDGE_CURVE('',#13067,#13067,#13069,.T.);
#13067 = VERTEX_POINT('',#13068);
#13068 = CARTESIAN_POINT('',(110.936,-107.425,0.));
#13069 = CIRCLE('',#13070,0.915);
#13070 = AXIS2_PLACEMENT_3D('',#13071,#13072,#13073);
#13071 = CARTESIAN_POINT('',(110.936,-106.51,0.));
#13072 = DIRECTION('',(-0.,0.,-1.));
#13073 = DIRECTION('',(-0.,-1.,0.));
#13074 = FACE_BOUND('',#13075,.T.);
#13075 = EDGE_LOOP('',(#13076));
#13076 = ORIENTED_EDGE('',*,*,#13077,.F.);
#13077 = EDGE_CURVE('',#13078,#13078,#13080,.T.);
#13078 = VERTEX_POINT('',#13079);
#13079 = CARTESIAN_POINT('',(141.25,-105.65,0.));
#13080 = CIRCLE('',#13081,0.5);
#13081 = AXIS2_PLACEMENT_3D('',#13082,#13083,#13084);
#13082 = CARTESIAN_POINT('',(141.25,-105.15,0.));
#13083 = DIRECTION('',(-0.,0.,-1.));
#13084 = DIRECTION('',(-0.,-1.,0.));
#13085 = FACE_BOUND('',#13086,.T.);
#13086 = EDGE_LOOP('',(#13087));
#13087 = ORIENTED_EDGE('',*,*,#13088,.F.);
#13088 = EDGE_CURVE('',#13089,#13089,#13091,.T.);
#13089 = VERTEX_POINT('',#13090);
#13090 = CARTESIAN_POINT('',(138.75,-105.65,0.));
#13091 = CIRCLE('',#13092,0.5);
#13092 = AXIS2_PLACEMENT_3D('',#13093,#13094,#13095);
#13093 = CARTESIAN_POINT('',(138.75,-105.15,0.));
#13094 = DIRECTION('',(-0.,0.,-1.));
#13095 = DIRECTION('',(-0.,-1.,0.));
#13096 = FACE_BOUND('',#13097,.T.);
#13097 = EDGE_LOOP('',(#13098));
#13098 = ORIENTED_EDGE('',*,*,#13099,.F.);
#13099 = EDGE_CURVE('',#13100,#13100,#13102,.T.);
#13100 = VERTEX_POINT('',#13101);
#13101 = CARTESIAN_POINT('',(131.25,-105.65,0.));
#13102 = CIRCLE('',#13103,0.5);
#13103 = AXIS2_PLACEMENT_3D('',#13104,#13105,#13106);
#13104 = CARTESIAN_POINT('',(131.25,-105.15,0.));
#13105 = DIRECTION('',(-0.,0.,-1.));
#13106 = DIRECTION('',(-0.,-1.,0.));
#13107 = FACE_BOUND('',#13108,.T.);
#13108 = EDGE_LOOP('',(#13109));
#13109 = ORIENTED_EDGE('',*,*,#13110,.F.);
#13110 = EDGE_CURVE('',#13111,#13111,#13113,.T.);
#13111 = VERTEX_POINT('',#13112);
#13112 = CARTESIAN_POINT('',(128.75,-105.65,0.));
#13113 = CIRCLE('',#13114,0.5);
#13114 = AXIS2_PLACEMENT_3D('',#13115,#13116,#13117);
#13115 = CARTESIAN_POINT('',(128.75,-105.15,0.));
#13116 = DIRECTION('',(-0.,0.,-1.));
#13117 = DIRECTION('',(-0.,-1.,0.));
#13118 = FACE_BOUND('',#13119,.T.);
#13119 = EDGE_LOOP('',(#13120));
#13120 = ORIENTED_EDGE('',*,*,#13121,.F.);
#13121 = EDGE_CURVE('',#13122,#13122,#13124,.T.);
#13122 = VERTEX_POINT('',#13123);
#13123 = CARTESIAN_POINT('',(60.,-111.6,0.));
#13124 = CIRCLE('',#13125,1.6);
#13125 = AXIS2_PLACEMENT_3D('',#13126,#13127,#13128);
#13126 = CARTESIAN_POINT('',(60.,-110.,0.));
#13127 = DIRECTION('',(-0.,0.,-1.));
#13128 = DIRECTION('',(-0.,-1.,0.));
#13129 = FACE_BOUND('',#13130,.T.);
#13130 = EDGE_LOOP('',(#13131));
#13131 = ORIENTED_EDGE('',*,*,#13132,.F.);
#13132 = EDGE_CURVE('',#13133,#13133,#13135,.T.);
#13133 = VERTEX_POINT('',#13134);
#13134 = CARTESIAN_POINT('',(70.936,-107.425,0.));
#13135 = CIRCLE('',#13136,0.915);
#13136 = AXIS2_PLACEMENT_3D('',#13137,#13138,#13139);
#13137 = CARTESIAN_POINT('',(70.936,-106.51,0.));
#13138 = DIRECTION('',(-0.,0.,-1.));
#13139 = DIRECTION('',(-0.,-1.,0.));
#13140 = FACE_BOUND('',#13141,.T.);
#13141 = EDGE_LOOP('',(#13142));
#13142 = ORIENTED_EDGE('',*,*,#13143,.F.);
#13143 = EDGE_CURVE('',#13144,#13144,#13146,.T.);
#13144 = VERTEX_POINT('',#13145);
#13145 = CARTESIAN_POINT('',(101.25,-105.5,0.));
#13146 = CIRCLE('',#13147,0.5);
#13147 = AXIS2_PLACEMENT_3D('',#13148,#13149,#13150);
#13148 = CARTESIAN_POINT('',(101.25,-105.,0.));
#13149 = DIRECTION('',(-0.,0.,-1.));
#13150 = DIRECTION('',(-0.,-1.,0.));
#13151 = FACE_BOUND('',#13152,.T.);
#13152 = EDGE_LOOP('',(#13153));
#13153 = ORIENTED_EDGE('',*,*,#13154,.F.);
#13154 = EDGE_CURVE('',#13155,#13155,#13157,.T.);
#13155 = VERTEX_POINT('',#13156);
#13156 = CARTESIAN_POINT('',(98.75,-105.5,0.));
#13157 = CIRCLE('',#13158,0.5);
#13158 = AXIS2_PLACEMENT_3D('',#13159,#13160,#13161);
#13159 = CARTESIAN_POINT('',(98.75,-105.,0.));
#13160 = DIRECTION('',(-0.,0.,-1.));
#13161 = DIRECTION('',(-0.,-1.,0.));
#13162 = FACE_BOUND('',#13163,.T.);
#13163 = EDGE_LOOP('',(#13164));
#13164 = ORIENTED_EDGE('',*,*,#13165,.F.);
#13165 = EDGE_CURVE('',#13166,#13166,#13168,.T.);
#13166 = VERTEX_POINT('',#13167);
#13167 = CARTESIAN_POINT('',(91.25,-105.5,0.));
#13168 = CIRCLE('',#13169,0.5);
#13169 = AXIS2_PLACEMENT_3D('',#13170,#13171,#13172);
#13170 = CARTESIAN_POINT('',(91.25,-105.,0.));
#13171 = DIRECTION('',(-0.,0.,-1.));
#13172 = DIRECTION('',(-0.,-1.,0.));
#13173 = FACE_BOUND('',#13174,.T.);
#13174 = EDGE_LOOP('',(#13175));
#13175 = ORIENTED_EDGE('',*,*,#13176,.F.);
#13176 = EDGE_CURVE('',#13177,#13177,#13179,.T.);
#13177 = VERTEX_POINT('',#13178);
#13178 = CARTESIAN_POINT('',(88.75,-105.5,0.));
#13179 = CIRCLE('',#13180,0.5);
#13180 = AXIS2_PLACEMENT_3D('',#13181,#13182,#13183);
#13181 = CARTESIAN_POINT('',(88.75,-105.,0.));
#13182 = DIRECTION('',(-0.,0.,-1.));
#13183 = DIRECTION('',(-0.,-1.,0.));
#13184 = FACE_BOUND('',#13185,.T.);
#13185 = EDGE_LOOP('',(#13186));
#13186 = ORIENTED_EDGE('',*,*,#13187,.F.);
#13187 = EDGE_CURVE('',#13188,#13188,#13190,.T.);
#13188 = VERTEX_POINT('',#13189);
#13189 = CARTESIAN_POINT('',(150.936,-99.17,0.));
#13190 = CIRCLE('',#13191,0.915);
#13191 = AXIS2_PLACEMENT_3D('',#13192,#13193,#13194);
#13192 = CARTESIAN_POINT('',(150.936,-98.255,0.));
#13193 = DIRECTION('',(-0.,0.,-1.));
#13194 = DIRECTION('',(3.106197751957E-14,-1.,-0.));
#13195 = FACE_BOUND('',#13196,.T.);
#13196 = EDGE_LOOP('',(#13197));
#13197 = ORIENTED_EDGE('',*,*,#13198,.F.);
#13198 = EDGE_CURVE('',#13199,#13199,#13201,.T.);
#13199 = VERTEX_POINT('',#13200);
#13200 = CARTESIAN_POINT('',(140.08,-97.4,0.));
#13201 = CIRCLE('',#13202,0.4);
#13202 = AXIS2_PLACEMENT_3D('',#13203,#13204,#13205);
#13203 = CARTESIAN_POINT('',(140.08,-97.,0.));
#13204 = DIRECTION('',(-0.,0.,-1.));
#13205 = DIRECTION('',(7.105427357601E-14,-1.,-0.));
#13206 = FACE_BOUND('',#13207,.T.);
#13207 = EDGE_LOOP('',(#13208));
#13208 = ORIENTED_EDGE('',*,*,#13209,.F.);
#13209 = EDGE_CURVE('',#13210,#13210,#13212,.T.);
#13210 = VERTEX_POINT('',#13211);
#13211 = CARTESIAN_POINT('',(110.936,-99.17,0.));
#13212 = CIRCLE('',#13213,0.915);
#13213 = AXIS2_PLACEMENT_3D('',#13214,#13215,#13216);
#13214 = CARTESIAN_POINT('',(110.936,-98.255,0.));
#13215 = DIRECTION('',(-0.,0.,-1.));
#13216 = DIRECTION('',(-0.,-1.,0.));
#13217 = FACE_BOUND('',#13218,.T.);
#13218 = EDGE_LOOP('',(#13219));
#13219 = ORIENTED_EDGE('',*,*,#13220,.F.);
#13220 = EDGE_CURVE('',#13221,#13221,#13223,.T.);
#13221 = VERTEX_POINT('',#13222);
#13222 = CARTESIAN_POINT('',(129.92,-97.4,0.));
#13223 = CIRCLE('',#13224,0.4);
#13224 = AXIS2_PLACEMENT_3D('',#13225,#13226,#13227);
#13225 = CARTESIAN_POINT('',(129.92,-97.,0.));
#13226 = DIRECTION('',(-0.,0.,-1.));
#13227 = DIRECTION('',(-7.105427357601E-14,-1.,0.));
#13228 = FACE_BOUND('',#13229,.T.);
#13229 = EDGE_LOOP('',(#13230));
#13230 = ORIENTED_EDGE('',*,*,#13231,.F.);
#13231 = EDGE_CURVE('',#13232,#13232,#13234,.T.);
#13232 = VERTEX_POINT('',#13233);
#13233 = CARTESIAN_POINT('',(110.936,-90.915,0.));
#13234 = CIRCLE('',#13235,0.915);
#13235 = AXIS2_PLACEMENT_3D('',#13236,#13237,#13238);
#13236 = CARTESIAN_POINT('',(110.936,-90.,0.));
#13237 = DIRECTION('',(-0.,0.,-1.));
#13238 = DIRECTION('',(-0.,-1.,0.));
#13239 = FACE_BOUND('',#13240,.T.);
#13240 = EDGE_LOOP('',(#13241));
#13241 = ORIENTED_EDGE('',*,*,#13242,.F.);
#13242 = EDGE_CURVE('',#13243,#13243,#13245,.T.);
#13243 = VERTEX_POINT('',#13244);
#13244 = CARTESIAN_POINT('',(100.08,-97.4,0.));
#13245 = CIRCLE('',#13246,0.4);
#13246 = AXIS2_PLACEMENT_3D('',#13247,#13248,#13249);
#13247 = CARTESIAN_POINT('',(100.08,-97.,0.));
#13248 = DIRECTION('',(-0.,0.,-1.));
#13249 = DIRECTION('',(-3.552713678801E-14,-1.,0.));
#13250 = FACE_BOUND('',#13251,.T.);
#13251 = EDGE_LOOP('',(#13252));
#13252 = ORIENTED_EDGE('',*,*,#13253,.F.);
#13253 = EDGE_CURVE('',#13254,#13254,#13256,.T.);
#13254 = VERTEX_POINT('',#13255);
#13255 = CARTESIAN_POINT('',(89.92,-97.4,0.));
#13256 = CIRCLE('',#13257,0.4);
#13257 = AXIS2_PLACEMENT_3D('',#13258,#13259,#13260);
#13258 = CARTESIAN_POINT('',(89.92,-97.,0.));
#13259 = DIRECTION('',(-0.,0.,-1.));
#13260 = DIRECTION('',(3.5527136788E-14,-1.,-0.));
#13261 = FACE_BOUND('',#13262,.T.);
#13262 = EDGE_LOOP('',(#13263));
#13263 = ORIENTED_EDGE('',*,*,#13264,.F.);
#13264 = EDGE_CURVE('',#13265,#13265,#13267,.T.);
#13265 = VERTEX_POINT('',#13266);
#13266 = CARTESIAN_POINT('',(70.936,-99.17,0.));
#13267 = CIRCLE('',#13268,0.915);
#13268 = AXIS2_PLACEMENT_3D('',#13269,#13270,#13271);
#13269 = CARTESIAN_POINT('',(70.936,-98.255,0.));
#13270 = DIRECTION('',(-0.,0.,-1.));
#13271 = DIRECTION('',(-0.,-1.,0.));
#13272 = FACE_BOUND('',#13273,.T.);
#13273 = EDGE_LOOP('',(#13274));
#13274 = ORIENTED_EDGE('',*,*,#13275,.F.);
#13275 = EDGE_CURVE('',#13276,#13276,#13278,.T.);
#13276 = VERTEX_POINT('',#13277);
#13277 = CARTESIAN_POINT('',(70.936,-90.915,0.));
#13278 = CIRCLE('',#13279,0.915);
#13279 = AXIS2_PLACEMENT_3D('',#13280,#13281,#13282);
#13280 = CARTESIAN_POINT('',(70.936,-90.,0.));
#13281 = DIRECTION('',(-0.,0.,-1.));
#13282 = DIRECTION('',(-0.,-1.,0.));
#13283 = FACE_BOUND('',#13284,.T.);
#13284 = EDGE_LOOP('',(#13285));
#13285 = ORIENTED_EDGE('',*,*,#13286,.F.);
#13286 = EDGE_CURVE('',#13287,#13287,#13289,.T.);
#13287 = VERTEX_POINT('',#13288);
#13288 = CARTESIAN_POINT('',(230.936,-90.915,0.));
#13289 = CIRCLE('',#13290,0.915);
#13290 = AXIS2_PLACEMENT_3D('',#13291,#13292,#13293);
#13291 = CARTESIAN_POINT('',(230.936,-90.,0.));
#13292 = DIRECTION('',(-0.,0.,-1.));
#13293 = DIRECTION('',(3.106197751957E-14,-1.,-0.));
#13294 = FACE_BOUND('',#13295,.T.);
#13295 = EDGE_LOOP('',(#13296));
#13296 = ORIENTED_EDGE('',*,*,#13297,.F.);
#13297 = EDGE_CURVE('',#13298,#13298,#13300,.T.);
#13298 = VERTEX_POINT('',#13299);
#13299 = CARTESIAN_POINT('',(230.936,-82.66,0.));
#13300 = CIRCLE('',#13301,0.915);
#13301 = AXIS2_PLACEMENT_3D('',#13302,#13303,#13304);
#13302 = CARTESIAN_POINT('',(230.936,-81.745,0.));
#13303 = DIRECTION('',(-0.,0.,-1.));
#13304 = DIRECTION('',(3.106197751957E-14,-1.,-0.));
#13305 = FACE_BOUND('',#13306,.T.);
#13306 = EDGE_LOOP('',(#13307));
#13307 = ORIENTED_EDGE('',*,*,#13308,.F.);
#13308 = EDGE_CURVE('',#13309,#13309,#13311,.T.);
#13309 = VERTEX_POINT('',#13310);
#13310 = CARTESIAN_POINT('',(190.936,-90.915,0.));
#13311 = CIRCLE('',#13312,0.915);
#13312 = AXIS2_PLACEMENT_3D('',#13313,#13314,#13315);
#13313 = CARTESIAN_POINT('',(190.936,-90.,0.));
#13314 = DIRECTION('',(-0.,0.,-1.));
#13315 = DIRECTION('',(3.106197751957E-14,-1.,-0.));
#13316 = FACE_BOUND('',#13317,.T.);
#13317 = EDGE_LOOP('',(#13318));
#13318 = ORIENTED_EDGE('',*,*,#13319,.F.);
#13319 = EDGE_CURVE('',#13320,#13320,#13322,.T.);
#13320 = VERTEX_POINT('',#13321);
#13321 = CARTESIAN_POINT('',(190.936,-82.66,0.));
#13322 = CIRCLE('',#13323,0.915);
#13323 = AXIS2_PLACEMENT_3D('',#13324,#13325,#13326);
#13324 = CARTESIAN_POINT('',(190.936,-81.745,0.));
#13325 = DIRECTION('',(-0.,0.,-1.));
#13326 = DIRECTION('',(3.106197751957E-14,-1.,-0.));
#13327 = FACE_BOUND('',#13328,.T.);
#13328 = EDGE_LOOP('',(#13329));
#13329 = ORIENTED_EDGE('',*,*,#13330,.F.);
#13330 = EDGE_CURVE('',#13331,#13331,#13333,.T.);
#13331 = VERTEX_POINT('',#13332);
#13332 = CARTESIAN_POINT('',(230.936,-74.405,0.));
#13333 = CIRCLE('',#13334,0.915);
#13334 = AXIS2_PLACEMENT_3D('',#13335,#13336,#13337);
#13335 = CARTESIAN_POINT('',(230.936,-73.49,0.));
#13336 = DIRECTION('',(-0.,0.,-1.));
#13337 = DIRECTION('',(3.106197751957E-14,-1.,-0.));
#13338 = FACE_BOUND('',#13339,.T.);
#13339 = EDGE_LOOP('',(#13340));
#13340 = ORIENTED_EDGE('',*,*,#13341,.F.);
#13341 = EDGE_CURVE('',#13342,#13342,#13344,.T.);
#13342 = VERTEX_POINT('',#13343);
#13343 = CARTESIAN_POINT('',(250.,-71.6,0.));
#13344 = CIRCLE('',#13345,1.6);
#13345 = AXIS2_PLACEMENT_3D('',#13346,#13347,#13348);
#13346 = CARTESIAN_POINT('',(250.,-70.,0.));
#13347 = DIRECTION('',(-0.,0.,-1.));
#13348 = DIRECTION('',(-0.,-1.,0.));
#13349 = FACE_BOUND('',#13350,.T.);
#13350 = EDGE_LOOP('',(#13351));
#13351 = ORIENTED_EDGE('',*,*,#13352,.F.);
#13352 = EDGE_CURVE('',#13353,#13353,#13355,.T.);
#13353 = VERTEX_POINT('',#13354);
#13354 = CARTESIAN_POINT('',(190.936,-74.405,0.));
#13355 = CIRCLE('',#13356,0.915);
#13356 = AXIS2_PLACEMENT_3D('',#13357,#13358,#13359);
#13357 = CARTESIAN_POINT('',(190.936,-73.49,0.));
#13358 = DIRECTION('',(-0.,0.,-1.));
#13359 = DIRECTION('',(3.106197751957E-14,-1.,-0.));
#13360 = FACE_BOUND('',#13361,.T.);
#13361 = EDGE_LOOP('',(#13362));
#13362 = ORIENTED_EDGE('',*,*,#13363,.F.);
#13363 = EDGE_CURVE('',#13364,#13364,#13366,.T.);
#13364 = VERTEX_POINT('',#13365);
#13365 = CARTESIAN_POINT('',(150.936,-90.915,0.));
#13366 = CIRCLE('',#13367,0.915);
#13367 = AXIS2_PLACEMENT_3D('',#13368,#13369,#13370);
#13368 = CARTESIAN_POINT('',(150.936,-90.,0.));
#13369 = DIRECTION('',(-0.,0.,-1.));
#13370 = DIRECTION('',(3.106197751957E-14,-1.,-0.));
#13371 = FACE_BOUND('',#13372,.T.);
#13372 = EDGE_LOOP('',(#13373));
#13373 = ORIENTED_EDGE('',*,*,#13374,.F.);
#13374 = EDGE_CURVE('',#13375,#13375,#13377,.T.);
#13375 = VERTEX_POINT('',#13376);
#13376 = CARTESIAN_POINT('',(150.936,-82.66,0.));
#13377 = CIRCLE('',#13378,0.915);
#13378 = AXIS2_PLACEMENT_3D('',#13379,#13380,#13381);
#13379 = CARTESIAN_POINT('',(150.936,-81.745,0.));
#13380 = DIRECTION('',(-0.,0.,-1.));
#13381 = DIRECTION('',(3.106197751957E-14,-1.,-0.));
#13382 = FACE_BOUND('',#13383,.T.);
#13383 = EDGE_LOOP('',(#13384));
#13384 = ORIENTED_EDGE('',*,*,#13385,.F.);
#13385 = EDGE_CURVE('',#13386,#13386,#13388,.T.);
#13386 = VERTEX_POINT('',#13387);
#13387 = CARTESIAN_POINT('',(110.936,-82.66,0.));
#13388 = CIRCLE('',#13389,0.915);
#13389 = AXIS2_PLACEMENT_3D('',#13390,#13391,#13392);
#13390 = CARTESIAN_POINT('',(110.936,-81.745,0.));
#13391 = DIRECTION('',(-0.,0.,-1.));
#13392 = DIRECTION('',(-0.,-1.,0.));
#13393 = FACE_BOUND('',#13394,.T.);
#13394 = EDGE_LOOP('',(#13395));
#13395 = ORIENTED_EDGE('',*,*,#13396,.F.);
#13396 = EDGE_CURVE('',#13397,#13397,#13399,.T.);
#13397 = VERTEX_POINT('',#13398);
#13398 = CARTESIAN_POINT('',(70.936,-82.66,0.));
#13399 = CIRCLE('',#13400,0.915);
#13400 = AXIS2_PLACEMENT_3D('',#13401,#13402,#13403);
#13401 = CARTESIAN_POINT('',(70.936,-81.745,0.));
#13402 = DIRECTION('',(-0.,0.,-1.));
#13403 = DIRECTION('',(-0.,-1.,0.));
#13404 = FACE_BOUND('',#13405,.T.);
#13405 = EDGE_LOOP('',(#13406));
#13406 = ORIENTED_EDGE('',*,*,#13407,.F.);
#13407 = EDGE_CURVE('',#13408,#13408,#13410,.T.);
#13408 = VERTEX_POINT('',#13409);
#13409 = CARTESIAN_POINT('',(150.936,-74.405,0.));
#13410 = CIRCLE('',#13411,0.915);
#13411 = AXIS2_PLACEMENT_3D('',#13412,#13413,#13414);
#13412 = CARTESIAN_POINT('',(150.936,-73.49,0.));
#13413 = DIRECTION('',(-0.,0.,-1.));
#13414 = DIRECTION('',(3.106197751957E-14,-1.,-0.));
#13415 = FACE_BOUND('',#13416,.T.);
#13416 = EDGE_LOOP('',(#13417));
#13417 = ORIENTED_EDGE('',*,*,#13418,.F.);
#13418 = EDGE_CURVE('',#13419,#13419,#13421,.T.);
#13419 = VERTEX_POINT('',#13420);
#13420 = CARTESIAN_POINT('',(110.936,-74.405,0.));
#13421 = CIRCLE('',#13422,0.915);
#13422 = AXIS2_PLACEMENT_3D('',#13423,#13424,#13425);
#13423 = CARTESIAN_POINT('',(110.936,-73.49,0.));
#13424 = DIRECTION('',(-0.,0.,-1.));
#13425 = DIRECTION('',(-0.,-1.,0.));
#13426 = FACE_BOUND('',#13427,.T.);
#13427 = EDGE_LOOP('',(#13428));
#13428 = ORIENTED_EDGE('',*,*,#13429,.F.);
#13429 = EDGE_CURVE('',#13430,#13430,#13432,.T.);
#13430 = VERTEX_POINT('',#13431);
#13431 = CARTESIAN_POINT('',(70.936,-74.405,0.));
#13432 = CIRCLE('',#13433,0.915);
#13433 = AXIS2_PLACEMENT_3D('',#13434,#13435,#13436);
#13434 = CARTESIAN_POINT('',(70.936,-73.49,0.));
#13435 = DIRECTION('',(-0.,0.,-1.));
#13436 = DIRECTION('',(-0.,-1.,0.));
#13437 = FACE_BOUND('',#13438,.T.);
#13438 = EDGE_LOOP('',(#13439));
#13439 = ORIENTED_EDGE('',*,*,#13440,.F.);
#13440 = EDGE_CURVE('',#13441,#13441,#13443,.T.);
#13441 = VERTEX_POINT('',#13442);
#13442 = CARTESIAN_POINT('',(60.,-71.6,0.));
#13443 = CIRCLE('',#13444,1.6);
#13444 = AXIS2_PLACEMENT_3D('',#13445,#13446,#13447);
#13445 = CARTESIAN_POINT('',(60.,-70.,0.));
#13446 = DIRECTION('',(-0.,0.,-1.));
#13447 = DIRECTION('',(-0.,-1.,0.));
#13448 = PLANE('',#13449);
#13449 = AXIS2_PLACEMENT_3D('',#13450,#13451,#13452);
#13450 = CARTESIAN_POINT('',(155.,-90.,0.));
#13451 = DIRECTION('',(-0.,-0.,-1.));
#13452 = DIRECTION('',(-1.,0.,0.));
#13453 = ADVANCED_FACE('',(#13454,#13465,#13476,#13487,#13498,#13509,
    #13520,#13531,#13542,#13553,#13564,#13575,#13586,#13597,#13608,
    #13619,#13630,#13641,#13652,#13663,#13674,#13685,#13696,#13707,
    #13718,#13729,#13740,#13751,#13762,#13773,#13784,#13795,#13806,
    #13817,#13828,#13839,#13850,#13861,#13872,#13883,#13894,#13905),
  #13916,.F.);
#13454 = FACE_BOUND('',#13455,.F.);
#13455 = EDGE_LOOP('',(#13456,#13457,#13458,#13464));
#13456 = ORIENTED_EDGE('',*,*,#12897,.T.);
#13457 = ORIENTED_EDGE('',*,*,#12959,.T.);
#13458 = ORIENTED_EDGE('',*,*,#13459,.T.);
#13459 = EDGE_CURVE('',#12960,#12930,#13460,.T.);
#13460 = LINE('',#13461,#13462);
#13461 = CARTESIAN_POINT('',(55.,-65.,1.6));
#13462 = VECTOR('',#13463,1.);
#13463 = DIRECTION('',(1.,0.,0.));
#13464 = ORIENTED_EDGE('',*,*,#12937,.T.);
#13465 = FACE_BOUND('',#13466,.F.);
#13466 = EDGE_LOOP('',(#13467));
#13467 = ORIENTED_EDGE('',*,*,#13468,.F.);
#13468 = EDGE_CURVE('',#13469,#13469,#13471,.T.);
#13469 = VERTEX_POINT('',#13470);
#13470 = CARTESIAN_POINT('',(250.,-111.6,1.6));
#13471 = CIRCLE('',#13472,1.6);
#13472 = AXIS2_PLACEMENT_3D('',#13473,#13474,#13475);
#13473 = CARTESIAN_POINT('',(250.,-110.,1.6));
#13474 = DIRECTION('',(-0.,0.,-1.));
#13475 = DIRECTION('',(-0.,-1.,0.));
#13476 = FACE_BOUND('',#13477,.F.);
#13477 = EDGE_LOOP('',(#13478));
#13478 = ORIENTED_EDGE('',*,*,#13479,.F.);
#13479 = EDGE_CURVE('',#13480,#13480,#13482,.T.);
#13480 = VERTEX_POINT('',#13481);
#13481 = CARTESIAN_POINT('',(230.936,-107.425,1.6));
#13482 = CIRCLE('',#13483,0.915);
#13483 = AXIS2_PLACEMENT_3D('',#13484,#13485,#13486);
#13484 = CARTESIAN_POINT('',(230.936,-106.51,1.6));
#13485 = DIRECTION('',(-0.,0.,-1.));
#13486 = DIRECTION('',(3.106197751957E-14,-1.,-0.));
#13487 = FACE_BOUND('',#13488,.F.);
#13488 = EDGE_LOOP('',(#13489));
#13489 = ORIENTED_EDGE('',*,*,#13490,.F.);
#13490 = EDGE_CURVE('',#13491,#13491,#13493,.T.);
#13491 = VERTEX_POINT('',#13492);
#13492 = CARTESIAN_POINT('',(190.936,-107.425,1.6));
#13493 = CIRCLE('',#13494,0.915);
#13494 = AXIS2_PLACEMENT_3D('',#13495,#13496,#13497);
#13495 = CARTESIAN_POINT('',(190.936,-106.51,1.6));
#13496 = DIRECTION('',(-0.,0.,-1.));
#13497 = DIRECTION('',(3.106197751957E-14,-1.,-0.));
#13498 = FACE_BOUND('',#13499,.F.);
#13499 = EDGE_LOOP('',(#13500));
#13500 = ORIENTED_EDGE('',*,*,#13501,.F.);
#13501 = EDGE_CURVE('',#13502,#13502,#13504,.T.);
#13502 = VERTEX_POINT('',#13503);
#13503 = CARTESIAN_POINT('',(230.936,-99.17,1.6));
#13504 = CIRCLE('',#13505,0.915);
#13505 = AXIS2_PLACEMENT_3D('',#13506,#13507,#13508);
#13506 = CARTESIAN_POINT('',(230.936,-98.255,1.6));
#13507 = DIRECTION('',(-0.,0.,-1.));
#13508 = DIRECTION('',(3.106197751957E-14,-1.,-0.));
#13509 = FACE_BOUND('',#13510,.F.);
#13510 = EDGE_LOOP('',(#13511));
#13511 = ORIENTED_EDGE('',*,*,#13512,.F.);
#13512 = EDGE_CURVE('',#13513,#13513,#13515,.T.);
#13513 = VERTEX_POINT('',#13514);
#13514 = CARTESIAN_POINT('',(190.936,-99.17,1.6));
#13515 = CIRCLE('',#13516,0.915);
#13516 = AXIS2_PLACEMENT_3D('',#13517,#13518,#13519);
#13517 = CARTESIAN_POINT('',(190.936,-98.255,1.6));
#13518 = DIRECTION('',(-0.,0.,-1.));
#13519 = DIRECTION('',(3.106197751957E-14,-1.,-0.));
#13520 = FACE_BOUND('',#13521,.F.);
#13521 = EDGE_LOOP('',(#13522));
#13522 = ORIENTED_EDGE('',*,*,#13523,.F.);
#13523 = EDGE_CURVE('',#13524,#13524,#13526,.T.);
#13524 = VERTEX_POINT('',#13525);
#13525 = CARTESIAN_POINT('',(150.936,-107.425,1.6));
#13526 = CIRCLE('',#13527,0.915);
#13527 = AXIS2_PLACEMENT_3D('',#13528,#13529,#13530);
#13528 = CARTESIAN_POINT('',(150.936,-106.51,1.6));
#13529 = DIRECTION('',(-0.,0.,-1.));
#13530 = DIRECTION('',(3.106197751957E-14,-1.,-0.));
#13531 = FACE_BOUND('',#13532,.F.);
#13532 = EDGE_LOOP('',(#13533));
#13533 = ORIENTED_EDGE('',*,*,#13534,.F.);
#13534 = EDGE_CURVE('',#13535,#13535,#13537,.T.);
#13535 = VERTEX_POINT('',#13536);
#13536 = CARTESIAN_POINT('',(110.936,-107.425,1.6));
#13537 = CIRCLE('',#13538,0.915);
#13538 = AXIS2_PLACEMENT_3D('',#13539,#13540,#13541);
#13539 = CARTESIAN_POINT('',(110.936,-106.51,1.6));
#13540 = DIRECTION('',(-0.,0.,-1.));
#13541 = DIRECTION('',(-0.,-1.,0.));
#13542 = FACE_BOUND('',#13543,.F.);
#13543 = EDGE_LOOP('',(#13544));
#13544 = ORIENTED_EDGE('',*,*,#13545,.F.);
#13545 = EDGE_CURVE('',#13546,#13546,#13548,.T.);
#13546 = VERTEX_POINT('',#13547);
#13547 = CARTESIAN_POINT('',(141.25,-105.65,1.6));
#13548 = CIRCLE('',#13549,0.5);
#13549 = AXIS2_PLACEMENT_3D('',#13550,#13551,#13552);
#13550 = CARTESIAN_POINT('',(141.25,-105.15,1.6));
#13551 = DIRECTION('',(-0.,0.,-1.));
#13552 = DIRECTION('',(-0.,-1.,0.));
#13553 = FACE_BOUND('',#13554,.F.);
#13554 = EDGE_LOOP('',(#13555));
#13555 = ORIENTED_EDGE('',*,*,#13556,.F.);
#13556 = EDGE_CURVE('',#13557,#13557,#13559,.T.);
#13557 = VERTEX_POINT('',#13558);
#13558 = CARTESIAN_POINT('',(138.75,-105.65,1.6));
#13559 = CIRCLE('',#13560,0.5);
#13560 = AXIS2_PLACEMENT_3D('',#13561,#13562,#13563);
#13561 = CARTESIAN_POINT('',(138.75,-105.15,1.6));
#13562 = DIRECTION('',(-0.,0.,-1.));
#13563 = DIRECTION('',(-0.,-1.,0.));
#13564 = FACE_BOUND('',#13565,.F.);
#13565 = EDGE_LOOP('',(#13566));
#13566 = ORIENTED_EDGE('',*,*,#13567,.F.);
#13567 = EDGE_CURVE('',#13568,#13568,#13570,.T.);
#13568 = VERTEX_POINT('',#13569);
#13569 = CARTESIAN_POINT('',(131.25,-105.65,1.6));
#13570 = CIRCLE('',#13571,0.5);
#13571 = AXIS2_PLACEMENT_3D('',#13572,#13573,#13574);
#13572 = CARTESIAN_POINT('',(131.25,-105.15,1.6));
#13573 = DIRECTION('',(-0.,0.,-1.));
#13574 = DIRECTION('',(-0.,-1.,0.));
#13575 = FACE_BOUND('',#13576,.F.);
#13576 = EDGE_LOOP('',(#13577));
#13577 = ORIENTED_EDGE('',*,*,#13578,.F.);
#13578 = EDGE_CURVE('',#13579,#13579,#13581,.T.);
#13579 = VERTEX_POINT('',#13580);
#13580 = CARTESIAN_POINT('',(128.75,-105.65,1.6));
#13581 = CIRCLE('',#13582,0.5);
#13582 = AXIS2_PLACEMENT_3D('',#13583,#13584,#13585);
#13583 = CARTESIAN_POINT('',(128.75,-105.15,1.6));
#13584 = DIRECTION('',(-0.,0.,-1.));
#13585 = DIRECTION('',(-0.,-1.,0.));
#13586 = FACE_BOUND('',#13587,.F.);
#13587 = EDGE_LOOP('',(#13588));
#13588 = ORIENTED_EDGE('',*,*,#13589,.F.);
#13589 = EDGE_CURVE('',#13590,#13590,#13592,.T.);
#13590 = VERTEX_POINT('',#13591);
#13591 = CARTESIAN_POINT('',(60.,-111.6,1.6));
#13592 = CIRCLE('',#13593,1.6);
#13593 = AXIS2_PLACEMENT_3D('',#13594,#13595,#13596);
#13594 = CARTESIAN_POINT('',(60.,-110.,1.6));
#13595 = DIRECTION('',(-0.,0.,-1.));
#13596 = DIRECTION('',(-0.,-1.,0.));
#13597 = FACE_BOUND('',#13598,.F.);
#13598 = EDGE_LOOP('',(#13599));
#13599 = ORIENTED_EDGE('',*,*,#13600,.F.);
#13600 = EDGE_CURVE('',#13601,#13601,#13603,.T.);
#13601 = VERTEX_POINT('',#13602);
#13602 = CARTESIAN_POINT('',(70.936,-107.425,1.6));
#13603 = CIRCLE('',#13604,0.915);
#13604 = AXIS2_PLACEMENT_3D('',#13605,#13606,#13607);
#13605 = CARTESIAN_POINT('',(70.936,-106.51,1.6));
#13606 = DIRECTION('',(-0.,0.,-1.));
#13607 = DIRECTION('',(-0.,-1.,0.));
#13608 = FACE_BOUND('',#13609,.F.);
#13609 = EDGE_LOOP('',(#13610));
#13610 = ORIENTED_EDGE('',*,*,#13611,.F.);
#13611 = EDGE_CURVE('',#13612,#13612,#13614,.T.);
#13612 = VERTEX_POINT('',#13613);
#13613 = CARTESIAN_POINT('',(101.25,-105.5,1.6));
#13614 = CIRCLE('',#13615,0.5);
#13615 = AXIS2_PLACEMENT_3D('',#13616,#13617,#13618);
#13616 = CARTESIAN_POINT('',(101.25,-105.,1.6));
#13617 = DIRECTION('',(-0.,0.,-1.));
#13618 = DIRECTION('',(-0.,-1.,0.));
#13619 = FACE_BOUND('',#13620,.F.);
#13620 = EDGE_LOOP('',(#13621));
#13621 = ORIENTED_EDGE('',*,*,#13622,.F.);
#13622 = EDGE_CURVE('',#13623,#13623,#13625,.T.);
#13623 = VERTEX_POINT('',#13624);
#13624 = CARTESIAN_POINT('',(98.75,-105.5,1.6));
#13625 = CIRCLE('',#13626,0.5);
#13626 = AXIS2_PLACEMENT_3D('',#13627,#13628,#13629);
#13627 = CARTESIAN_POINT('',(98.75,-105.,1.6));
#13628 = DIRECTION('',(-0.,0.,-1.));
#13629 = DIRECTION('',(-0.,-1.,0.));
#13630 = FACE_BOUND('',#13631,.F.);
#13631 = EDGE_LOOP('',(#13632));
#13632 = ORIENTED_EDGE('',*,*,#13633,.F.);
#13633 = EDGE_CURVE('',#13634,#13634,#13636,.T.);
#13634 = VERTEX_POINT('',#13635);
#13635 = CARTESIAN_POINT('',(91.25,-105.5,1.6));
#13636 = CIRCLE('',#13637,0.5);
#13637 = AXIS2_PLACEMENT_3D('',#13638,#13639,#13640);
#13638 = CARTESIAN_POINT('',(91.25,-105.,1.6));
#13639 = DIRECTION('',(-0.,0.,-1.));
#13640 = DIRECTION('',(-0.,-1.,0.));
#13641 = FACE_BOUND('',#13642,.F.);
#13642 = EDGE_LOOP('',(#13643));
#13643 = ORIENTED_EDGE('',*,*,#13644,.F.);
#13644 = EDGE_CURVE('',#13645,#13645,#13647,.T.);
#13645 = VERTEX_POINT('',#13646);
#13646 = CARTESIAN_POINT('',(88.75,-105.5,1.6));
#13647 = CIRCLE('',#13648,0.5);
#13648 = AXIS2_PLACEMENT_3D('',#13649,#13650,#13651);
#13649 = CARTESIAN_POINT('',(88.75,-105.,1.6));
#13650 = DIRECTION('',(-0.,0.,-1.));
#13651 = DIRECTION('',(-0.,-1.,0.));
#13652 = FACE_BOUND('',#13653,.F.);
#13653 = EDGE_LOOP('',(#13654));
#13654 = ORIENTED_EDGE('',*,*,#13655,.F.);
#13655 = EDGE_CURVE('',#13656,#13656,#13658,.T.);
#13656 = VERTEX_POINT('',#13657);
#13657 = CARTESIAN_POINT('',(150.936,-99.17,1.6));
#13658 = CIRCLE('',#13659,0.915);
#13659 = AXIS2_PLACEMENT_3D('',#13660,#13661,#13662);
#13660 = CARTESIAN_POINT('',(150.936,-98.255,1.6));
#13661 = DIRECTION('',(-0.,0.,-1.));
#13662 = DIRECTION('',(3.106197751957E-14,-1.,-0.));
#13663 = FACE_BOUND('',#13664,.F.);
#13664 = EDGE_LOOP('',(#13665));
#13665 = ORIENTED_EDGE('',*,*,#13666,.F.);
#13666 = EDGE_CURVE('',#13667,#13667,#13669,.T.);
#13667 = VERTEX_POINT('',#13668);
#13668 = CARTESIAN_POINT('',(140.08,-97.4,1.6));
#13669 = CIRCLE('',#13670,0.4);
#13670 = AXIS2_PLACEMENT_3D('',#13671,#13672,#13673);
#13671 = CARTESIAN_POINT('',(140.08,-97.,1.6));
#13672 = DIRECTION('',(-0.,0.,-1.));
#13673 = DIRECTION('',(7.105427357601E-14,-1.,-0.));
#13674 = FACE_BOUND('',#13675,.F.);
#13675 = EDGE_LOOP('',(#13676));
#13676 = ORIENTED_EDGE('',*,*,#13677,.F.);
#13677 = EDGE_CURVE('',#13678,#13678,#13680,.T.);
#13678 = VERTEX_POINT('',#13679);
#13679 = CARTESIAN_POINT('',(110.936,-99.17,1.6));
#13680 = CIRCLE('',#13681,0.915);
#13681 = AXIS2_PLACEMENT_3D('',#13682,#13683,#13684);
#13682 = CARTESIAN_POINT('',(110.936,-98.255,1.6));
#13683 = DIRECTION('',(-0.,0.,-1.));
#13684 = DIRECTION('',(-0.,-1.,0.));
#13685 = FACE_BOUND('',#13686,.F.);
#13686 = EDGE_LOOP('',(#13687));
#13687 = ORIENTED_EDGE('',*,*,#13688,.F.);
#13688 = EDGE_CURVE('',#13689,#13689,#13691,.T.);
#13689 = VERTEX_POINT('',#13690);
#13690 = CARTESIAN_POINT('',(129.92,-97.4,1.6));
#13691 = CIRCLE('',#13692,0.4);
#13692 = AXIS2_PLACEMENT_3D('',#13693,#13694,#13695);
#13693 = CARTESIAN_POINT('',(129.92,-97.,1.6));
#13694 = DIRECTION('',(-0.,0.,-1.));
#13695 = DIRECTION('',(-7.105427357601E-14,-1.,0.));
#13696 = FACE_BOUND('',#13697,.F.);
#13697 = EDGE_LOOP('',(#13698));
#13698 = ORIENTED_EDGE('',*,*,#13699,.F.);
#13699 = EDGE_CURVE('',#13700,#13700,#13702,.T.);
#13700 = VERTEX_POINT('',#13701);
#13701 = CARTESIAN_POINT('',(110.936,-90.915,1.6));
#13702 = CIRCLE('',#13703,0.915);
#13703 = AXIS2_PLACEMENT_3D('',#13704,#13705,#13706);
#13704 = CARTESIAN_POINT('',(110.936,-90.,1.6));
#13705 = DIRECTION('',(-0.,0.,-1.));
#13706 = DIRECTION('',(-0.,-1.,0.));
#13707 = FACE_BOUND('',#13708,.F.);
#13708 = EDGE_LOOP('',(#13709));
#13709 = ORIENTED_EDGE('',*,*,#13710,.F.);
#13710 = EDGE_CURVE('',#13711,#13711,#13713,.T.);
#13711 = VERTEX_POINT('',#13712);
#13712 = CARTESIAN_POINT('',(100.08,-97.4,1.6));
#13713 = CIRCLE('',#13714,0.4);
#13714 = AXIS2_PLACEMENT_3D('',#13715,#13716,#13717);
#13715 = CARTESIAN_POINT('',(100.08,-97.,1.6));
#13716 = DIRECTION('',(-0.,0.,-1.));
#13717 = DIRECTION('',(-3.552713678801E-14,-1.,0.));
#13718 = FACE_BOUND('',#13719,.F.);
#13719 = EDGE_LOOP('',(#13720));
#13720 = ORIENTED_EDGE('',*,*,#13721,.F.);
#13721 = EDGE_CURVE('',#13722,#13722,#13724,.T.);
#13722 = VERTEX_POINT('',#13723);
#13723 = CARTESIAN_POINT('',(89.92,-97.4,1.6));
#13724 = CIRCLE('',#13725,0.4);
#13725 = AXIS2_PLACEMENT_3D('',#13726,#13727,#13728);
#13726 = CARTESIAN_POINT('',(89.92,-97.,1.6));
#13727 = DIRECTION('',(-0.,0.,-1.));
#13728 = DIRECTION('',(3.5527136788E-14,-1.,-0.));
#13729 = FACE_BOUND('',#13730,.F.);
#13730 = EDGE_LOOP('',(#13731));
#13731 = ORIENTED_EDGE('',*,*,#13732,.F.);
#13732 = EDGE_CURVE('',#13733,#13733,#13735,.T.);
#13733 = VERTEX_POINT('',#13734);
#13734 = CARTESIAN_POINT('',(70.936,-99.17,1.6));
#13735 = CIRCLE('',#13736,0.915);
#13736 = AXIS2_PLACEMENT_3D('',#13737,#13738,#13739);
#13737 = CARTESIAN_POINT('',(70.936,-98.255,1.6));
#13738 = DIRECTION('',(-0.,0.,-1.));
#13739 = DIRECTION('',(-0.,-1.,0.));
#13740 = FACE_BOUND('',#13741,.F.);
#13741 = EDGE_LOOP('',(#13742));
#13742 = ORIENTED_EDGE('',*,*,#13743,.F.);
#13743 = EDGE_CURVE('',#13744,#13744,#13746,.T.);
#13744 = VERTEX_POINT('',#13745);
#13745 = CARTESIAN_POINT('',(70.936,-90.915,1.6));
#13746 = CIRCLE('',#13747,0.915);
#13747 = AXIS2_PLACEMENT_3D('',#13748,#13749,#13750);
#13748 = CARTESIAN_POINT('',(70.936,-90.,1.6));
#13749 = DIRECTION('',(-0.,0.,-1.));
#13750 = DIRECTION('',(-0.,-1.,0.));
#13751 = FACE_BOUND('',#13752,.F.);
#13752 = EDGE_LOOP('',(#13753));
#13753 = ORIENTED_EDGE('',*,*,#13754,.F.);
#13754 = EDGE_CURVE('',#13755,#13755,#13757,.T.);
#13755 = VERTEX_POINT('',#13756);
#13756 = CARTESIAN_POINT('',(230.936,-90.915,1.6));
#13757 = CIRCLE('',#13758,0.915);
#13758 = AXIS2_PLACEMENT_3D('',#13759,#13760,#13761);
#13759 = CARTESIAN_POINT('',(230.936,-90.,1.6));
#13760 = DIRECTION('',(-0.,0.,-1.));
#13761 = DIRECTION('',(3.106197751957E-14,-1.,-0.));
#13762 = FACE_BOUND('',#13763,.F.);
#13763 = EDGE_LOOP('',(#13764));
#13764 = ORIENTED_EDGE('',*,*,#13765,.F.);
#13765 = EDGE_CURVE('',#13766,#13766,#13768,.T.);
#13766 = VERTEX_POINT('',#13767);
#13767 = CARTESIAN_POINT('',(230.936,-82.66,1.6));
#13768 = CIRCLE('',#13769,0.915);
#13769 = AXIS2_PLACEMENT_3D('',#13770,#13771,#13772);
#13770 = CARTESIAN_POINT('',(230.936,-81.745,1.6));
#13771 = DIRECTION('',(-0.,0.,-1.));
#13772 = DIRECTION('',(3.106197751957E-14,-1.,-0.));
#13773 = FACE_BOUND('',#13774,.F.);
#13774 = EDGE_LOOP('',(#13775));
#13775 = ORIENTED_EDGE('',*,*,#13776,.F.);
#13776 = EDGE_CURVE('',#13777,#13777,#13779,.T.);
#13777 = VERTEX_POINT('',#13778);
#13778 = CARTESIAN_POINT('',(190.936,-90.915,1.6));
#13779 = CIRCLE('',#13780,0.915);
#13780 = AXIS2_PLACEMENT_3D('',#13781,#13782,#13783);
#13781 = CARTESIAN_POINT('',(190.936,-90.,1.6));
#13782 = DIRECTION('',(-0.,0.,-1.));
#13783 = DIRECTION('',(3.106197751957E-14,-1.,-0.));
#13784 = FACE_BOUND('',#13785,.F.);
#13785 = EDGE_LOOP('',(#13786));
#13786 = ORIENTED_EDGE('',*,*,#13787,.F.);
#13787 = EDGE_CURVE('',#13788,#13788,#13790,.T.);
#13788 = VERTEX_POINT('',#13789);
#13789 = CARTESIAN_POINT('',(190.936,-82.66,1.6));
#13790 = CIRCLE('',#13791,0.915);
#13791 = AXIS2_PLACEMENT_3D('',#13792,#13793,#13794);
#13792 = CARTESIAN_POINT('',(190.936,-81.745,1.6));
#13793 = DIRECTION('',(-0.,0.,-1.));
#13794 = DIRECTION('',(3.106197751957E-14,-1.,-0.));
#13795 = FACE_BOUND('',#13796,.F.);
#13796 = EDGE_LOOP('',(#13797));
#13797 = ORIENTED_EDGE('',*,*,#13798,.F.);
#13798 = EDGE_CURVE('',#13799,#13799,#13801,.T.);
#13799 = VERTEX_POINT('',#13800);
#13800 = CARTESIAN_POINT('',(230.936,-74.405,1.6));
#13801 = CIRCLE('',#13802,0.915);
#13802 = AXIS2_PLACEMENT_3D('',#13803,#13804,#13805);
#13803 = CARTESIAN_POINT('',(230.936,-73.49,1.6));
#13804 = DIRECTION('',(-0.,0.,-1.));
#13805 = DIRECTION('',(3.106197751957E-14,-1.,-0.));
#13806 = FACE_BOUND('',#13807,.F.);
#13807 = EDGE_LOOP('',(#13808));
#13808 = ORIENTED_EDGE('',*,*,#13809,.F.);
#13809 = EDGE_CURVE('',#13810,#13810,#13812,.T.);
#13810 = VERTEX_POINT('',#13811);
#13811 = CARTESIAN_POINT('',(250.,-71.6,1.6));
#13812 = CIRCLE('',#13813,1.6);
#13813 = AXIS2_PLACEMENT_3D('',#13814,#13815,#13816);
#13814 = CARTESIAN_POINT('',(250.,-70.,1.6));
#13815 = DIRECTION('',(-0.,0.,-1.));
#13816 = DIRECTION('',(-0.,-1.,0.));
#13817 = FACE_BOUND('',#13818,.F.);
#13818 = EDGE_LOOP('',(#13819));
#13819 = ORIENTED_EDGE('',*,*,#13820,.F.);
#13820 = EDGE_CURVE('',#13821,#13821,#13823,.T.);
#13821 = VERTEX_POINT('',#13822);
#13822 = CARTESIAN_POINT('',(190.936,-74.405,1.6));
#13823 = CIRCLE('',#13824,0.915);
#13824 = AXIS2_PLACEMENT_3D('',#13825,#13826,#13827);
#13825 = CARTESIAN_POINT('',(190.936,-73.49,1.6));
#13826 = DIRECTION('',(-0.,0.,-1.));
#13827 = DIRECTION('',(3.106197751957E-14,-1.,-0.));
#13828 = FACE_BOUND('',#13829,.F.);
#13829 = EDGE_LOOP('',(#13830));
#13830 = ORIENTED_EDGE('',*,*,#13831,.F.);
#13831 = EDGE_CURVE('',#13832,#13832,#13834,.T.);
#13832 = VERTEX_POINT('',#13833);
#13833 = CARTESIAN_POINT('',(150.936,-90.915,1.6));
#13834 = CIRCLE('',#13835,0.915);
#13835 = AXIS2_PLACEMENT_3D('',#13836,#13837,#13838);
#13836 = CARTESIAN_POINT('',(150.936,-90.,1.6));
#13837 = DIRECTION('',(-0.,0.,-1.));
#13838 = DIRECTION('',(3.106197751957E-14,-1.,-0.));
#13839 = FACE_BOUND('',#13840,.F.);
#13840 = EDGE_LOOP('',(#13841));
#13841 = ORIENTED_EDGE('',*,*,#13842,.F.);
#13842 = EDGE_CURVE('',#13843,#13843,#13845,.T.);
#13843 = VERTEX_POINT('',#13844);
#13844 = CARTESIAN_POINT('',(150.936,-82.66,1.6));
#13845 = CIRCLE('',#13846,0.915);
#13846 = AXIS2_PLACEMENT_3D('',#13847,#13848,#13849);
#13847 = CARTESIAN_POINT('',(150.936,-81.745,1.6));
#13848 = DIRECTION('',(-0.,0.,-1.));
#13849 = DIRECTION('',(3.106197751957E-14,-1.,-0.));
#13850 = FACE_BOUND('',#13851,.F.);
#13851 = EDGE_LOOP('',(#13852));
#13852 = ORIENTED_EDGE('',*,*,#13853,.F.);
#13853 = EDGE_CURVE('',#13854,#13854,#13856,.T.);
#13854 = VERTEX_POINT('',#13855);
#13855 = CARTESIAN_POINT('',(110.936,-82.66,1.6));
#13856 = CIRCLE('',#13857,0.915);
#13857 = AXIS2_PLACEMENT_3D('',#13858,#13859,#13860);
#13858 = CARTESIAN_POINT('',(110.936,-81.745,1.6));
#13859 = DIRECTION('',(-0.,0.,-1.));
#13860 = DIRECTION('',(-0.,-1.,0.));
#13861 = FACE_BOUND('',#13862,.F.);
#13862 = EDGE_LOOP('',(#13863));
#13863 = ORIENTED_EDGE('',*,*,#13864,.F.);
#13864 = EDGE_CURVE('',#13865,#13865,#13867,.T.);
#13865 = VERTEX_POINT('',#13866);
#13866 = CARTESIAN_POINT('',(70.936,-82.66,1.6));
#13867 = CIRCLE('',#13868,0.915);
#13868 = AXIS2_PLACEMENT_3D('',#13869,#13870,#13871);
#13869 = CARTESIAN_POINT('',(70.936,-81.745,1.6));
#13870 = DIRECTION('',(-0.,0.,-1.));
#13871 = DIRECTION('',(-0.,-1.,0.));
#13872 = FACE_BOUND('',#13873,.F.);
#13873 = EDGE_LOOP('',(#13874));
#13874 = ORIENTED_EDGE('',*,*,#13875,.F.);
#13875 = EDGE_CURVE('',#13876,#13876,#13878,.T.);
#13876 = VERTEX_POINT('',#13877);
#13877 = CARTESIAN_POINT('',(150.936,-74.405,1.6));
#13878 = CIRCLE('',#13879,0.915);
#13879 = AXIS2_PLACEMENT_3D('',#13880,#13881,#13882);
#13880 = CARTESIAN_POINT('',(150.936,-73.49,1.6));
#13881 = DIRECTION('',(-0.,0.,-1.));
#13882 = DIRECTION('',(3.106197751957E-14,-1.,-0.));
#13883 = FACE_BOUND('',#13884,.F.);
#13884 = EDGE_LOOP('',(#13885));
#13885 = ORIENTED_EDGE('',*,*,#13886,.F.);
#13886 = EDGE_CURVE('',#13887,#13887,#13889,.T.);
#13887 = VERTEX_POINT('',#13888);
#13888 = CARTESIAN_POINT('',(110.936,-74.405,1.6));
#13889 = CIRCLE('',#13890,0.915);
#13890 = AXIS2_PLACEMENT_3D('',#13891,#13892,#13893);
#13891 = CARTESIAN_POINT('',(110.936,-73.49,1.6));
#13892 = DIRECTION('',(-0.,0.,-1.));
#13893 = DIRECTION('',(-0.,-1.,0.));
#13894 = FACE_BOUND('',#13895,.F.);
#13895 = EDGE_LOOP('',(#13896));
#13896 = ORIENTED_EDGE('',*,*,#13897,.F.);
#13897 = EDGE_CURVE('',#13898,#13898,#13900,.T.);
#13898 = VERTEX_POINT('',#13899);
#13899 = CARTESIAN_POINT('',(70.936,-74.405,1.6));
#13900 = CIRCLE('',#13901,0.915);
#13901 = AXIS2_PLACEMENT_3D('',#13902,#13903,#13904);
#13902 = CARTESIAN_POINT('',(70.936,-73.49,1.6));
#13903 = DIRECTION('',(-0.,0.,-1.));
#13904 = DIRECTION('',(-0.,-1.,0.));
#13905 = FACE_BOUND('',#13906,.F.);
#13906 = EDGE_LOOP('',(#13907));
#13907 = ORIENTED_EDGE('',*,*,#13908,.F.);
#13908 = EDGE_CURVE('',#13909,#13909,#13911,.T.);
#13909 = VERTEX_POINT('',#13910);
#13910 = CARTESIAN_POINT('',(60.,-71.6,1.6));
#13911 = CIRCLE('',#13912,1.6);
#13912 = AXIS2_PLACEMENT_3D('',#13913,#13914,#13915);
#13913 = CARTESIAN_POINT('',(60.,-70.,1.6));
#13914 = DIRECTION('',(-0.,0.,-1.));
#13915 = DIRECTION('',(-0.,-1.,0.));
#13916 = PLANE('',#13917);
#13917 = AXIS2_PLACEMENT_3D('',#13918,#13919,#13920);
#13918 = CARTESIAN_POINT('',(155.,-90.,1.6));
#13919 = DIRECTION('',(-0.,-0.,-1.));
#13920 = DIRECTION('',(-1.,0.,0.));
#13921 = ADVANCED_FACE('',(#13922),#13928,.T.);
#13922 = FACE_BOUND('',#13923,.T.);
#13923 = EDGE_LOOP('',(#13924,#13925,#13926,#13927));
#13924 = ORIENTED_EDGE('',*,*,#12967,.T.);
#13925 = ORIENTED_EDGE('',*,*,#13459,.T.);
#13926 = ORIENTED_EDGE('',*,*,#12927,.F.);
#13927 = ORIENTED_EDGE('',*,*,#12991,.F.);
#13928 = PLANE('',#13929);
#13929 = AXIS2_PLACEMENT_3D('',#13930,#13931,#13932);
#13930 = CARTESIAN_POINT('',(55.,-65.,0.));
#13931 = DIRECTION('',(0.,1.,0.));
#13932 = DIRECTION('',(1.,0.,0.));
#13933 = ADVANCED_FACE('',(#13934),#13945,.F.);
#13934 = FACE_BOUND('',#13935,.T.);
#13935 = EDGE_LOOP('',(#13936,#13937,#13943,#13944));
#13936 = ORIENTED_EDGE('',*,*,#13000,.T.);
#13937 = ORIENTED_EDGE('',*,*,#13938,.T.);
#13938 = EDGE_CURVE('',#13001,#13469,#13939,.T.);
#13939 = LINE('',#13940,#13941);
#13940 = CARTESIAN_POINT('',(250.,-111.6,-4.5E-02));
#13941 = VECTOR('',#13942,1.);
#13942 = DIRECTION('',(0.,0.,1.));
#13943 = ORIENTED_EDGE('',*,*,#13468,.F.);
#13944 = ORIENTED_EDGE('',*,*,#13938,.F.);
#13945 = CYLINDRICAL_SURFACE('',#13946,1.6);
#13946 = AXIS2_PLACEMENT_3D('',#13947,#13948,#13949);
#13947 = CARTESIAN_POINT('',(250.,-110.,-4.5E-02));
#13948 = DIRECTION('',(-0.,-0.,-1.));
#13949 = DIRECTION('',(-0.,-1.,0.));
#13950 = ADVANCED_FACE('',(#13951),#13962,.F.);
#13951 = FACE_BOUND('',#13952,.T.);
#13952 = EDGE_LOOP('',(#13953,#13954,#13960,#13961));
#13953 = ORIENTED_EDGE('',*,*,#13011,.T.);
#13954 = ORIENTED_EDGE('',*,*,#13955,.T.);
#13955 = EDGE_CURVE('',#13012,#13480,#13956,.T.);
#13956 = LINE('',#13957,#13958);
#13957 = CARTESIAN_POINT('',(230.936,-107.425,-4.5E-02));
#13958 = VECTOR('',#13959,1.);
#13959 = DIRECTION('',(0.,0.,1.));
#13960 = ORIENTED_EDGE('',*,*,#13479,.F.);
#13961 = ORIENTED_EDGE('',*,*,#13955,.F.);
#13962 = CYLINDRICAL_SURFACE('',#13963,0.915);
#13963 = AXIS2_PLACEMENT_3D('',#13964,#13965,#13966);
#13964 = CARTESIAN_POINT('',(230.936,-106.51,-4.5E-02));
#13965 = DIRECTION('',(-0.,0.,-1.));
#13966 = DIRECTION('',(3.106197751957E-14,-1.,-0.));
#13967 = ADVANCED_FACE('',(#13968),#13979,.F.);
#13968 = FACE_BOUND('',#13969,.T.);
#13969 = EDGE_LOOP('',(#13970,#13971,#13977,#13978));
#13970 = ORIENTED_EDGE('',*,*,#13022,.T.);
#13971 = ORIENTED_EDGE('',*,*,#13972,.T.);
#13972 = EDGE_CURVE('',#13023,#13491,#13973,.T.);
#13973 = LINE('',#13974,#13975);
#13974 = CARTESIAN_POINT('',(190.936,-107.425,-4.5E-02));
#13975 = VECTOR('',#13976,1.);
#13976 = DIRECTION('',(0.,0.,1.));
#13977 = ORIENTED_EDGE('',*,*,#13490,.F.);
#13978 = ORIENTED_EDGE('',*,*,#13972,.F.);
#13979 = CYLINDRICAL_SURFACE('',#13980,0.915);
#13980 = AXIS2_PLACEMENT_3D('',#13981,#13982,#13983);
#13981 = CARTESIAN_POINT('',(190.936,-106.51,-4.5E-02));
#13982 = DIRECTION('',(-0.,0.,-1.));
#13983 = DIRECTION('',(3.106197751957E-14,-1.,-0.));
#13984 = ADVANCED_FACE('',(#13985),#13996,.F.);
#13985 = FACE_BOUND('',#13986,.T.);
#13986 = EDGE_LOOP('',(#13987,#13988,#13994,#13995));
#13987 = ORIENTED_EDGE('',*,*,#13033,.T.);
#13988 = ORIENTED_EDGE('',*,*,#13989,.T.);
#13989 = EDGE_CURVE('',#13034,#13502,#13990,.T.);
#13990 = LINE('',#13991,#13992);
#13991 = CARTESIAN_POINT('',(230.936,-99.17,-4.5E-02));
#13992 = VECTOR('',#13993,1.);
#13993 = DIRECTION('',(0.,0.,1.));
#13994 = ORIENTED_EDGE('',*,*,#13501,.F.);
#13995 = ORIENTED_EDGE('',*,*,#13989,.F.);
#13996 = CYLINDRICAL_SURFACE('',#13997,0.915);
#13997 = AXIS2_PLACEMENT_3D('',#13998,#13999,#14000);
#13998 = CARTESIAN_POINT('',(230.936,-98.255,-4.5E-02));
#13999 = DIRECTION('',(-0.,0.,-1.));
#14000 = DIRECTION('',(3.106197751957E-14,-1.,-0.));
#14001 = ADVANCED_FACE('',(#14002),#14013,.F.);
#14002 = FACE_BOUND('',#14003,.T.);
#14003 = EDGE_LOOP('',(#14004,#14005,#14011,#14012));
#14004 = ORIENTED_EDGE('',*,*,#13044,.T.);
#14005 = ORIENTED_EDGE('',*,*,#14006,.T.);
#14006 = EDGE_CURVE('',#13045,#13513,#14007,.T.);
#14007 = LINE('',#14008,#14009);
#14008 = CARTESIAN_POINT('',(190.936,-99.17,-4.5E-02));
#14009 = VECTOR('',#14010,1.);
#14010 = DIRECTION('',(0.,0.,1.));
#14011 = ORIENTED_EDGE('',*,*,#13512,.F.);
#14012 = ORIENTED_EDGE('',*,*,#14006,.F.);
#14013 = CYLINDRICAL_SURFACE('',#14014,0.915);
#14014 = AXIS2_PLACEMENT_3D('',#14015,#14016,#14017);
#14015 = CARTESIAN_POINT('',(190.936,-98.255,-4.5E-02));
#14016 = DIRECTION('',(-0.,0.,-1.));
#14017 = DIRECTION('',(3.106197751957E-14,-1.,-0.));
#14018 = ADVANCED_FACE('',(#14019),#14030,.F.);
#14019 = FACE_BOUND('',#14020,.T.);
#14020 = EDGE_LOOP('',(#14021,#14022,#14028,#14029));
#14021 = ORIENTED_EDGE('',*,*,#13055,.T.);
#14022 = ORIENTED_EDGE('',*,*,#14023,.T.);
#14023 = EDGE_CURVE('',#13056,#13524,#14024,.T.);
#14024 = LINE('',#14025,#14026);
#14025 = CARTESIAN_POINT('',(150.936,-107.425,-4.5E-02));
#14026 = VECTOR('',#14027,1.);
#14027 = DIRECTION('',(0.,0.,1.));
#14028 = ORIENTED_EDGE('',*,*,#13523,.F.);
#14029 = ORIENTED_EDGE('',*,*,#14023,.F.);
#14030 = CYLINDRICAL_SURFACE('',#14031,0.915);
#14031 = AXIS2_PLACEMENT_3D('',#14032,#14033,#14034);
#14032 = CARTESIAN_POINT('',(150.936,-106.51,-4.5E-02));
#14033 = DIRECTION('',(-0.,0.,-1.));
#14034 = DIRECTION('',(3.106197751957E-14,-1.,-0.));
#14035 = ADVANCED_FACE('',(#14036),#14047,.F.);
#14036 = FACE_BOUND('',#14037,.T.);
#14037 = EDGE_LOOP('',(#14038,#14039,#14045,#14046));
#14038 = ORIENTED_EDGE('',*,*,#13066,.T.);
#14039 = ORIENTED_EDGE('',*,*,#14040,.T.);
#14040 = EDGE_CURVE('',#13067,#13535,#14041,.T.);
#14041 = LINE('',#14042,#14043);
#14042 = CARTESIAN_POINT('',(110.936,-107.425,-4.5E-02));
#14043 = VECTOR('',#14044,1.);
#14044 = DIRECTION('',(0.,0.,1.));
#14045 = ORIENTED_EDGE('',*,*,#13534,.F.);
#14046 = ORIENTED_EDGE('',*,*,#14040,.F.);
#14047 = CYLINDRICAL_SURFACE('',#14048,0.915);
#14048 = AXIS2_PLACEMENT_3D('',#14049,#14050,#14051);
#14049 = CARTESIAN_POINT('',(110.936,-106.51,-4.5E-02));
#14050 = DIRECTION('',(-0.,-0.,-1.));
#14051 = DIRECTION('',(-0.,-1.,0.));
#14052 = ADVANCED_FACE('',(#14053),#14064,.F.);
#14053 = FACE_BOUND('',#14054,.T.);
#14054 = EDGE_LOOP('',(#14055,#14056,#14062,#14063));
#14055 = ORIENTED_EDGE('',*,*,#13077,.T.);
#14056 = ORIENTED_EDGE('',*,*,#14057,.T.);
#14057 = EDGE_CURVE('',#13078,#13546,#14058,.T.);
#14058 = LINE('',#14059,#14060);
#14059 = CARTESIAN_POINT('',(141.25,-105.65,-4.5E-02));
#14060 = VECTOR('',#14061,1.);
#14061 = DIRECTION('',(0.,0.,1.));
#14062 = ORIENTED_EDGE('',*,*,#13545,.F.);
#14063 = ORIENTED_EDGE('',*,*,#14057,.F.);
#14064 = CYLINDRICAL_SURFACE('',#14065,0.5);
#14065 = AXIS2_PLACEMENT_3D('',#14066,#14067,#14068);
#14066 = CARTESIAN_POINT('',(141.25,-105.15,-4.5E-02));
#14067 = DIRECTION('',(-0.,-0.,-1.));
#14068 = DIRECTION('',(-0.,-1.,0.));
#14069 = ADVANCED_FACE('',(#14070),#14081,.F.);
#14070 = FACE_BOUND('',#14071,.T.);
#14071 = EDGE_LOOP('',(#14072,#14073,#14079,#14080));
#14072 = ORIENTED_EDGE('',*,*,#13088,.T.);
#14073 = ORIENTED_EDGE('',*,*,#14074,.T.);
#14074 = EDGE_CURVE('',#13089,#13557,#14075,.T.);
#14075 = LINE('',#14076,#14077);
#14076 = CARTESIAN_POINT('',(138.75,-105.65,-4.5E-02));
#14077 = VECTOR('',#14078,1.);
#14078 = DIRECTION('',(0.,0.,1.));
#14079 = ORIENTED_EDGE('',*,*,#13556,.F.);
#14080 = ORIENTED_EDGE('',*,*,#14074,.F.);
#14081 = CYLINDRICAL_SURFACE('',#14082,0.5);
#14082 = AXIS2_PLACEMENT_3D('',#14083,#14084,#14085);
#14083 = CARTESIAN_POINT('',(138.75,-105.15,-4.5E-02));
#14084 = DIRECTION('',(-0.,-0.,-1.));
#14085 = DIRECTION('',(-0.,-1.,0.));
#14086 = ADVANCED_FACE('',(#14087),#14098,.F.);
#14087 = FACE_BOUND('',#14088,.T.);
#14088 = EDGE_LOOP('',(#14089,#14090,#14096,#14097));
#14089 = ORIENTED_EDGE('',*,*,#13099,.T.);
#14090 = ORIENTED_EDGE('',*,*,#14091,.T.);
#14091 = EDGE_CURVE('',#13100,#13568,#14092,.T.);
#14092 = LINE('',#14093,#14094);
#14093 = CARTESIAN_POINT('',(131.25,-105.65,-4.5E-02));
#14094 = VECTOR('',#14095,1.);
#14095 = DIRECTION('',(0.,0.,1.));
#14096 = ORIENTED_EDGE('',*,*,#13567,.F.);
#14097 = ORIENTED_EDGE('',*,*,#14091,.F.);
#14098 = CYLINDRICAL_SURFACE('',#14099,0.5);
#14099 = AXIS2_PLACEMENT_3D('',#14100,#14101,#14102);
#14100 = CARTESIAN_POINT('',(131.25,-105.15,-4.5E-02));
#14101 = DIRECTION('',(-0.,-0.,-1.));
#14102 = DIRECTION('',(-0.,-1.,0.));
#14103 = ADVANCED_FACE('',(#14104),#14115,.F.);
#14104 = FACE_BOUND('',#14105,.T.);
#14105 = EDGE_LOOP('',(#14106,#14107,#14113,#14114));
#14106 = ORIENTED_EDGE('',*,*,#13110,.T.);
#14107 = ORIENTED_EDGE('',*,*,#14108,.T.);
#14108 = EDGE_CURVE('',#13111,#13579,#14109,.T.);
#14109 = LINE('',#14110,#14111);
#14110 = CARTESIAN_POINT('',(128.75,-105.65,-4.5E-02));
#14111 = VECTOR('',#14112,1.);
#14112 = DIRECTION('',(0.,0.,1.));
#14113 = ORIENTED_EDGE('',*,*,#13578,.F.);
#14114 = ORIENTED_EDGE('',*,*,#14108,.F.);
#14115 = CYLINDRICAL_SURFACE('',#14116,0.5);
#14116 = AXIS2_PLACEMENT_3D('',#14117,#14118,#14119);
#14117 = CARTESIAN_POINT('',(128.75,-105.15,-4.5E-02));
#14118 = DIRECTION('',(-0.,-0.,-1.));
#14119 = DIRECTION('',(-0.,-1.,0.));
#14120 = ADVANCED_FACE('',(#14121),#14132,.F.);
#14121 = FACE_BOUND('',#14122,.T.);
#14122 = EDGE_LOOP('',(#14123,#14124,#14130,#14131));
#14123 = ORIENTED_EDGE('',*,*,#13121,.T.);
#14124 = ORIENTED_EDGE('',*,*,#14125,.T.);
#14125 = EDGE_CURVE('',#13122,#13590,#14126,.T.);
#14126 = LINE('',#14127,#14128);
#14127 = CARTESIAN_POINT('',(60.,-111.6,-4.5E-02));
#14128 = VECTOR('',#14129,1.);
#14129 = DIRECTION('',(0.,0.,1.));
#14130 = ORIENTED_EDGE('',*,*,#13589,.F.);
#14131 = ORIENTED_EDGE('',*,*,#14125,.F.);
#14132 = CYLINDRICAL_SURFACE('',#14133,1.6);
#14133 = AXIS2_PLACEMENT_3D('',#14134,#14135,#14136);
#14134 = CARTESIAN_POINT('',(60.,-110.,-4.5E-02));
#14135 = DIRECTION('',(-0.,-0.,-1.));
#14136 = DIRECTION('',(-0.,-1.,0.));
#14137 = ADVANCED_FACE('',(#14138),#14149,.F.);
#14138 = FACE_BOUND('',#14139,.T.);
#14139 = EDGE_LOOP('',(#14140,#14141,#14147,#14148));
#14140 = ORIENTED_EDGE('',*,*,#13132,.T.);
#14141 = ORIENTED_EDGE('',*,*,#14142,.T.);
#14142 = EDGE_CURVE('',#13133,#13601,#14143,.T.);
#14143 = LINE('',#14144,#14145);
#14144 = CARTESIAN_POINT('',(70.936,-107.425,-4.5E-02));
#14145 = VECTOR('',#14146,1.);
#14146 = DIRECTION('',(0.,0.,1.));
#14147 = ORIENTED_EDGE('',*,*,#13600,.F.);
#14148 = ORIENTED_EDGE('',*,*,#14142,.F.);
#14149 = CYLINDRICAL_SURFACE('',#14150,0.915);
#14150 = AXIS2_PLACEMENT_3D('',#14151,#14152,#14153);
#14151 = CARTESIAN_POINT('',(70.936,-106.51,-4.5E-02));
#14152 = DIRECTION('',(-0.,-0.,-1.));
#14153 = DIRECTION('',(-0.,-1.,0.));
#14154 = ADVANCED_FACE('',(#14155),#14166,.F.);
#14155 = FACE_BOUND('',#14156,.T.);
#14156 = EDGE_LOOP('',(#14157,#14158,#14164,#14165));
#14157 = ORIENTED_EDGE('',*,*,#13143,.T.);
#14158 = ORIENTED_EDGE('',*,*,#14159,.T.);
#14159 = EDGE_CURVE('',#13144,#13612,#14160,.T.);
#14160 = LINE('',#14161,#14162);
#14161 = CARTESIAN_POINT('',(101.25,-105.5,-4.5E-02));
#14162 = VECTOR('',#14163,1.);
#14163 = DIRECTION('',(0.,0.,1.));
#14164 = ORIENTED_EDGE('',*,*,#13611,.F.);
#14165 = ORIENTED_EDGE('',*,*,#14159,.F.);
#14166 = CYLINDRICAL_SURFACE('',#14167,0.5);
#14167 = AXIS2_PLACEMENT_3D('',#14168,#14169,#14170);
#14168 = CARTESIAN_POINT('',(101.25,-105.,-4.5E-02));
#14169 = DIRECTION('',(-0.,-0.,-1.));
#14170 = DIRECTION('',(-0.,-1.,0.));
#14171 = ADVANCED_FACE('',(#14172),#14183,.F.);
#14172 = FACE_BOUND('',#14173,.T.);
#14173 = EDGE_LOOP('',(#14174,#14175,#14181,#14182));
#14174 = ORIENTED_EDGE('',*,*,#13154,.T.);
#14175 = ORIENTED_EDGE('',*,*,#14176,.T.);
#14176 = EDGE_CURVE('',#13155,#13623,#14177,.T.);
#14177 = LINE('',#14178,#14179);
#14178 = CARTESIAN_POINT('',(98.75,-105.5,-4.5E-02));
#14179 = VECTOR('',#14180,1.);
#14180 = DIRECTION('',(0.,0.,1.));
#14181 = ORIENTED_EDGE('',*,*,#13622,.F.);
#14182 = ORIENTED_EDGE('',*,*,#14176,.F.);
#14183 = CYLINDRICAL_SURFACE('',#14184,0.5);
#14184 = AXIS2_PLACEMENT_3D('',#14185,#14186,#14187);
#14185 = CARTESIAN_POINT('',(98.75,-105.,-4.5E-02));
#14186 = DIRECTION('',(-0.,-0.,-1.));
#14187 = DIRECTION('',(-0.,-1.,0.));
#14188 = ADVANCED_FACE('',(#14189),#14200,.F.);
#14189 = FACE_BOUND('',#14190,.T.);
#14190 = EDGE_LOOP('',(#14191,#14192,#14198,#14199));
#14191 = ORIENTED_EDGE('',*,*,#13165,.T.);
#14192 = ORIENTED_EDGE('',*,*,#14193,.T.);
#14193 = EDGE_CURVE('',#13166,#13634,#14194,.T.);
#14194 = LINE('',#14195,#14196);
#14195 = CARTESIAN_POINT('',(91.25,-105.5,-4.5E-02));
#14196 = VECTOR('',#14197,1.);
#14197 = DIRECTION('',(0.,0.,1.));
#14198 = ORIENTED_EDGE('',*,*,#13633,.F.);
#14199 = ORIENTED_EDGE('',*,*,#14193,.F.);
#14200 = CYLINDRICAL_SURFACE('',#14201,0.5);
#14201 = AXIS2_PLACEMENT_3D('',#14202,#14203,#14204);
#14202 = CARTESIAN_POINT('',(91.25,-105.,-4.5E-02));
#14203 = DIRECTION('',(-0.,-0.,-1.));
#14204 = DIRECTION('',(-0.,-1.,0.));
#14205 = ADVANCED_FACE('',(#14206),#14217,.F.);
#14206 = FACE_BOUND('',#14207,.T.);
#14207 = EDGE_LOOP('',(#14208,#14209,#14215,#14216));
#14208 = ORIENTED_EDGE('',*,*,#13176,.T.);
#14209 = ORIENTED_EDGE('',*,*,#14210,.T.);
#14210 = EDGE_CURVE('',#13177,#13645,#14211,.T.);
#14211 = LINE('',#14212,#14213);
#14212 = CARTESIAN_POINT('',(88.75,-105.5,-4.5E-02));
#14213 = VECTOR('',#14214,1.);
#14214 = DIRECTION('',(0.,0.,1.));
#14215 = ORIENTED_EDGE('',*,*,#13644,.F.);
#14216 = ORIENTED_EDGE('',*,*,#14210,.F.);
#14217 = CYLINDRICAL_SURFACE('',#14218,0.5);
#14218 = AXIS2_PLACEMENT_3D('',#14219,#14220,#14221);
#14219 = CARTESIAN_POINT('',(88.75,-105.,-4.5E-02));
#14220 = DIRECTION('',(-0.,-0.,-1.));
#14221 = DIRECTION('',(-0.,-1.,0.));
#14222 = ADVANCED_FACE('',(#14223),#14234,.F.);
#14223 = FACE_BOUND('',#14224,.T.);
#14224 = EDGE_LOOP('',(#14225,#14226,#14232,#14233));
#14225 = ORIENTED_EDGE('',*,*,#13187,.T.);
#14226 = ORIENTED_EDGE('',*,*,#14227,.T.);
#14227 = EDGE_CURVE('',#13188,#13656,#14228,.T.);
#14228 = LINE('',#14229,#14230);
#14229 = CARTESIAN_POINT('',(150.936,-99.17,-4.5E-02));
#14230 = VECTOR('',#14231,1.);
#14231 = DIRECTION('',(0.,0.,1.));
#14232 = ORIENTED_EDGE('',*,*,#13655,.F.);
#14233 = ORIENTED_EDGE('',*,*,#14227,.F.);
#14234 = CYLINDRICAL_SURFACE('',#14235,0.915);
#14235 = AXIS2_PLACEMENT_3D('',#14236,#14237,#14238);
#14236 = CARTESIAN_POINT('',(150.936,-98.255,-4.5E-02));
#14237 = DIRECTION('',(-0.,0.,-1.));
#14238 = DIRECTION('',(3.106197751957E-14,-1.,-0.));
#14239 = ADVANCED_FACE('',(#14240),#14251,.F.);
#14240 = FACE_BOUND('',#14241,.T.);
#14241 = EDGE_LOOP('',(#14242,#14243,#14249,#14250));
#14242 = ORIENTED_EDGE('',*,*,#13198,.T.);
#14243 = ORIENTED_EDGE('',*,*,#14244,.T.);
#14244 = EDGE_CURVE('',#13199,#13667,#14245,.T.);
#14245 = LINE('',#14246,#14247);
#14246 = CARTESIAN_POINT('',(140.08,-97.4,-4.5E-02));
#14247 = VECTOR('',#14248,1.);
#14248 = DIRECTION('',(0.,0.,1.));
#14249 = ORIENTED_EDGE('',*,*,#13666,.F.);
#14250 = ORIENTED_EDGE('',*,*,#14244,.F.);
#14251 = CYLINDRICAL_SURFACE('',#14252,0.4);
#14252 = AXIS2_PLACEMENT_3D('',#14253,#14254,#14255);
#14253 = CARTESIAN_POINT('',(140.08,-97.,-4.5E-02));
#14254 = DIRECTION('',(-0.,0.,-1.));
#14255 = DIRECTION('',(7.105427357601E-14,-1.,-0.));
#14256 = ADVANCED_FACE('',(#14257),#14268,.F.);
#14257 = FACE_BOUND('',#14258,.T.);
#14258 = EDGE_LOOP('',(#14259,#14260,#14266,#14267));
#14259 = ORIENTED_EDGE('',*,*,#13209,.T.);
#14260 = ORIENTED_EDGE('',*,*,#14261,.T.);
#14261 = EDGE_CURVE('',#13210,#13678,#14262,.T.);
#14262 = LINE('',#14263,#14264);
#14263 = CARTESIAN_POINT('',(110.936,-99.17,-4.5E-02));
#14264 = VECTOR('',#14265,1.);
#14265 = DIRECTION('',(0.,0.,1.));
#14266 = ORIENTED_EDGE('',*,*,#13677,.F.);
#14267 = ORIENTED_EDGE('',*,*,#14261,.F.);
#14268 = CYLINDRICAL_SURFACE('',#14269,0.915);
#14269 = AXIS2_PLACEMENT_3D('',#14270,#14271,#14272);
#14270 = CARTESIAN_POINT('',(110.936,-98.255,-4.5E-02));
#14271 = DIRECTION('',(-0.,-0.,-1.));
#14272 = DIRECTION('',(-0.,-1.,0.));
#14273 = ADVANCED_FACE('',(#14274),#14285,.F.);
#14274 = FACE_BOUND('',#14275,.T.);
#14275 = EDGE_LOOP('',(#14276,#14277,#14283,#14284));
#14276 = ORIENTED_EDGE('',*,*,#13220,.T.);
#14277 = ORIENTED_EDGE('',*,*,#14278,.T.);
#14278 = EDGE_CURVE('',#13221,#13689,#14279,.T.);
#14279 = LINE('',#14280,#14281);
#14280 = CARTESIAN_POINT('',(129.92,-97.4,-4.5E-02));
#14281 = VECTOR('',#14282,1.);
#14282 = DIRECTION('',(0.,0.,1.));
#14283 = ORIENTED_EDGE('',*,*,#13688,.F.);
#14284 = ORIENTED_EDGE('',*,*,#14278,.F.);
#14285 = CYLINDRICAL_SURFACE('',#14286,0.4);
#14286 = AXIS2_PLACEMENT_3D('',#14287,#14288,#14289);
#14287 = CARTESIAN_POINT('',(129.92,-97.,-4.5E-02));
#14288 = DIRECTION('',(-0.,-0.,-1.));
#14289 = DIRECTION('',(-7.105427357601E-14,-1.,0.));
#14290 = ADVANCED_FACE('',(#14291),#14302,.F.);
#14291 = FACE_BOUND('',#14292,.T.);
#14292 = EDGE_LOOP('',(#14293,#14294,#14300,#14301));
#14293 = ORIENTED_EDGE('',*,*,#13231,.T.);
#14294 = ORIENTED_EDGE('',*,*,#14295,.T.);
#14295 = EDGE_CURVE('',#13232,#13700,#14296,.T.);
#14296 = LINE('',#14297,#14298);
#14297 = CARTESIAN_POINT('',(110.936,-90.915,-4.5E-02));
#14298 = VECTOR('',#14299,1.);
#14299 = DIRECTION('',(0.,0.,1.));
#14300 = ORIENTED_EDGE('',*,*,#13699,.F.);
#14301 = ORIENTED_EDGE('',*,*,#14295,.F.);
#14302 = CYLINDRICAL_SURFACE('',#14303,0.915);
#14303 = AXIS2_PLACEMENT_3D('',#14304,#14305,#14306);
#14304 = CARTESIAN_POINT('',(110.936,-90.,-4.5E-02));
#14305 = DIRECTION('',(-0.,-0.,-1.));
#14306 = DIRECTION('',(-0.,-1.,0.));
#14307 = ADVANCED_FACE('',(#14308),#14319,.F.);
#14308 = FACE_BOUND('',#14309,.T.);
#14309 = EDGE_LOOP('',(#14310,#14311,#14317,#14318));
#14310 = ORIENTED_EDGE('',*,*,#13242,.T.);
#14311 = ORIENTED_EDGE('',*,*,#14312,.T.);
#14312 = EDGE_CURVE('',#13243,#13711,#14313,.T.);
#14313 = LINE('',#14314,#14315);
#14314 = CARTESIAN_POINT('',(100.08,-97.4,-4.5E-02));
#14315 = VECTOR('',#14316,1.);
#14316 = DIRECTION('',(0.,0.,1.));
#14317 = ORIENTED_EDGE('',*,*,#13710,.F.);
#14318 = ORIENTED_EDGE('',*,*,#14312,.F.);
#14319 = CYLINDRICAL_SURFACE('',#14320,0.4);
#14320 = AXIS2_PLACEMENT_3D('',#14321,#14322,#14323);
#14321 = CARTESIAN_POINT('',(100.08,-97.,-4.5E-02));
#14322 = DIRECTION('',(-0.,-0.,-1.));
#14323 = DIRECTION('',(-3.552713678801E-14,-1.,0.));
#14324 = ADVANCED_FACE('',(#14325),#14336,.F.);
#14325 = FACE_BOUND('',#14326,.T.);
#14326 = EDGE_LOOP('',(#14327,#14328,#14334,#14335));
#14327 = ORIENTED_EDGE('',*,*,#13253,.T.);
#14328 = ORIENTED_EDGE('',*,*,#14329,.T.);
#14329 = EDGE_CURVE('',#13254,#13722,#14330,.T.);
#14330 = LINE('',#14331,#14332);
#14331 = CARTESIAN_POINT('',(89.92,-97.4,-4.5E-02));
#14332 = VECTOR('',#14333,1.);
#14333 = DIRECTION('',(0.,0.,1.));
#14334 = ORIENTED_EDGE('',*,*,#13721,.F.);
#14335 = ORIENTED_EDGE('',*,*,#14329,.F.);
#14336 = CYLINDRICAL_SURFACE('',#14337,0.4);
#14337 = AXIS2_PLACEMENT_3D('',#14338,#14339,#14340);
#14338 = CARTESIAN_POINT('',(89.92,-97.,-4.5E-02));
#14339 = DIRECTION('',(-0.,0.,-1.));
#14340 = DIRECTION('',(3.5527136788E-14,-1.,-0.));
#14341 = ADVANCED_FACE('',(#14342),#14353,.F.);
#14342 = FACE_BOUND('',#14343,.T.);
#14343 = EDGE_LOOP('',(#14344,#14345,#14351,#14352));
#14344 = ORIENTED_EDGE('',*,*,#13264,.T.);
#14345 = ORIENTED_EDGE('',*,*,#14346,.T.);
#14346 = EDGE_CURVE('',#13265,#13733,#14347,.T.);
#14347 = LINE('',#14348,#14349);
#14348 = CARTESIAN_POINT('',(70.936,-99.17,-4.5E-02));
#14349 = VECTOR('',#14350,1.);
#14350 = DIRECTION('',(0.,0.,1.));
#14351 = ORIENTED_EDGE('',*,*,#13732,.F.);
#14352 = ORIENTED_EDGE('',*,*,#14346,.F.);
#14353 = CYLINDRICAL_SURFACE('',#14354,0.915);
#14354 = AXIS2_PLACEMENT_3D('',#14355,#14356,#14357);
#14355 = CARTESIAN_POINT('',(70.936,-98.255,-4.5E-02));
#14356 = DIRECTION('',(-0.,-0.,-1.));
#14357 = DIRECTION('',(-0.,-1.,0.));
#14358 = ADVANCED_FACE('',(#14359),#14370,.F.);
#14359 = FACE_BOUND('',#14360,.T.);
#14360 = EDGE_LOOP('',(#14361,#14362,#14368,#14369));
#14361 = ORIENTED_EDGE('',*,*,#13275,.T.);
#14362 = ORIENTED_EDGE('',*,*,#14363,.T.);
#14363 = EDGE_CURVE('',#13276,#13744,#14364,.T.);
#14364 = LINE('',#14365,#14366);
#14365 = CARTESIAN_POINT('',(70.936,-90.915,-4.5E-02));
#14366 = VECTOR('',#14367,1.);
#14367 = DIRECTION('',(0.,0.,1.));
#14368 = ORIENTED_EDGE('',*,*,#13743,.F.);
#14369 = ORIENTED_EDGE('',*,*,#14363,.F.);
#14370 = CYLINDRICAL_SURFACE('',#14371,0.915);
#14371 = AXIS2_PLACEMENT_3D('',#14372,#14373,#14374);
#14372 = CARTESIAN_POINT('',(70.936,-90.,-4.5E-02));
#14373 = DIRECTION('',(-0.,-0.,-1.));
#14374 = DIRECTION('',(-0.,-1.,0.));
#14375 = ADVANCED_FACE('',(#14376),#14387,.F.);
#14376 = FACE_BOUND('',#14377,.T.);
#14377 = EDGE_LOOP('',(#14378,#14379,#14385,#14386));
#14378 = ORIENTED_EDGE('',*,*,#13286,.T.);
#14379 = ORIENTED_EDGE('',*,*,#14380,.T.);
#14380 = EDGE_CURVE('',#13287,#13755,#14381,.T.);
#14381 = LINE('',#14382,#14383);
#14382 = CARTESIAN_POINT('',(230.936,-90.915,-4.5E-02));
#14383 = VECTOR('',#14384,1.);
#14384 = DIRECTION('',(0.,0.,1.));
#14385 = ORIENTED_EDGE('',*,*,#13754,.F.);
#14386 = ORIENTED_EDGE('',*,*,#14380,.F.);
#14387 = CYLINDRICAL_SURFACE('',#14388,0.915);
#14388 = AXIS2_PLACEMENT_3D('',#14389,#14390,#14391);
#14389 = CARTESIAN_POINT('',(230.936,-90.,-4.5E-02));
#14390 = DIRECTION('',(-0.,0.,-1.));
#14391 = DIRECTION('',(3.106197751957E-14,-1.,-0.));
#14392 = ADVANCED_FACE('',(#14393),#14404,.F.);
#14393 = FACE_BOUND('',#14394,.T.);
#14394 = EDGE_LOOP('',(#14395,#14396,#14402,#14403));
#14395 = ORIENTED_EDGE('',*,*,#13297,.T.);
#14396 = ORIENTED_EDGE('',*,*,#14397,.T.);
#14397 = EDGE_CURVE('',#13298,#13766,#14398,.T.);
#14398 = LINE('',#14399,#14400);
#14399 = CARTESIAN_POINT('',(230.936,-82.66,-4.5E-02));
#14400 = VECTOR('',#14401,1.);
#14401 = DIRECTION('',(0.,0.,1.));
#14402 = ORIENTED_EDGE('',*,*,#13765,.F.);
#14403 = ORIENTED_EDGE('',*,*,#14397,.F.);
#14404 = CYLINDRICAL_SURFACE('',#14405,0.915);
#14405 = AXIS2_PLACEMENT_3D('',#14406,#14407,#14408);
#14406 = CARTESIAN_POINT('',(230.936,-81.745,-4.5E-02));
#14407 = DIRECTION('',(-0.,0.,-1.));
#14408 = DIRECTION('',(3.106197751957E-14,-1.,-0.));
#14409 = ADVANCED_FACE('',(#14410),#14421,.F.);
#14410 = FACE_BOUND('',#14411,.T.);
#14411 = EDGE_LOOP('',(#14412,#14413,#14419,#14420));
#14412 = ORIENTED_EDGE('',*,*,#13308,.T.);
#14413 = ORIENTED_EDGE('',*,*,#14414,.T.);
#14414 = EDGE_CURVE('',#13309,#13777,#14415,.T.);
#14415 = LINE('',#14416,#14417);
#14416 = CARTESIAN_POINT('',(190.936,-90.915,-4.5E-02));
#14417 = VECTOR('',#14418,1.);
#14418 = DIRECTION('',(0.,0.,1.));
#14419 = ORIENTED_EDGE('',*,*,#13776,.F.);
#14420 = ORIENTED_EDGE('',*,*,#14414,.F.);
#14421 = CYLINDRICAL_SURFACE('',#14422,0.915);
#14422 = AXIS2_PLACEMENT_3D('',#14423,#14424,#14425);
#14423 = CARTESIAN_POINT('',(190.936,-90.,-4.5E-02));
#14424 = DIRECTION('',(-0.,0.,-1.));
#14425 = DIRECTION('',(3.106197751957E-14,-1.,-0.));
#14426 = ADVANCED_FACE('',(#14427),#14438,.F.);
#14427 = FACE_BOUND('',#14428,.T.);
#14428 = EDGE_LOOP('',(#14429,#14430,#14436,#14437));
#14429 = ORIENTED_EDGE('',*,*,#13319,.T.);
#14430 = ORIENTED_EDGE('',*,*,#14431,.T.);
#14431 = EDGE_CURVE('',#13320,#13788,#14432,.T.);
#14432 = LINE('',#14433,#14434);
#14433 = CARTESIAN_POINT('',(190.936,-82.66,-4.5E-02));
#14434 = VECTOR('',#14435,1.);
#14435 = DIRECTION('',(0.,0.,1.));
#14436 = ORIENTED_EDGE('',*,*,#13787,.F.);
#14437 = ORIENTED_EDGE('',*,*,#14431,.F.);
#14438 = CYLINDRICAL_SURFACE('',#14439,0.915);
#14439 = AXIS2_PLACEMENT_3D('',#14440,#14441,#14442);
#14440 = CARTESIAN_POINT('',(190.936,-81.745,-4.5E-02));
#14441 = DIRECTION('',(-0.,0.,-1.));
#14442 = DIRECTION('',(3.106197751957E-14,-1.,-0.));
#14443 = ADVANCED_FACE('',(#14444),#14455,.F.);
#14444 = FACE_BOUND('',#14445,.T.);
#14445 = EDGE_LOOP('',(#14446,#14447,#14453,#14454));
#14446 = ORIENTED_EDGE('',*,*,#13330,.T.);
#14447 = ORIENTED_EDGE('',*,*,#14448,.T.);
#14448 = EDGE_CURVE('',#13331,#13799,#14449,.T.);
#14449 = LINE('',#14450,#14451);
#14450 = CARTESIAN_POINT('',(230.936,-74.405,-4.5E-02));
#14451 = VECTOR('',#14452,1.);
#14452 = DIRECTION('',(0.,0.,1.));
#14453 = ORIENTED_EDGE('',*,*,#13798,.F.);
#14454 = ORIENTED_EDGE('',*,*,#14448,.F.);
#14455 = CYLINDRICAL_SURFACE('',#14456,0.915);
#14456 = AXIS2_PLACEMENT_3D('',#14457,#14458,#14459);
#14457 = CARTESIAN_POINT('',(230.936,-73.49,-4.5E-02));
#14458 = DIRECTION('',(-0.,0.,-1.));
#14459 = DIRECTION('',(3.106197751957E-14,-1.,-0.));
#14460 = ADVANCED_FACE('',(#14461),#14472,.F.);
#14461 = FACE_BOUND('',#14462,.T.);
#14462 = EDGE_LOOP('',(#14463,#14464,#14470,#14471));
#14463 = ORIENTED_EDGE('',*,*,#13341,.T.);
#14464 = ORIENTED_EDGE('',*,*,#14465,.T.);
#14465 = EDGE_CURVE('',#13342,#13810,#14466,.T.);
#14466 = LINE('',#14467,#14468);
#14467 = CARTESIAN_POINT('',(250.,-71.6,-4.5E-02));
#14468 = VECTOR('',#14469,1.);
#14469 = DIRECTION('',(0.,0.,1.));
#14470 = ORIENTED_EDGE('',*,*,#13809,.F.);
#14471 = ORIENTED_EDGE('',*,*,#14465,.F.);
#14472 = CYLINDRICAL_SURFACE('',#14473,1.6);
#14473 = AXIS2_PLACEMENT_3D('',#14474,#14475,#14476);
#14474 = CARTESIAN_POINT('',(250.,-70.,-4.5E-02));
#14475 = DIRECTION('',(-0.,-0.,-1.));
#14476 = DIRECTION('',(-0.,-1.,0.));
#14477 = ADVANCED_FACE('',(#14478),#14489,.F.);
#14478 = FACE_BOUND('',#14479,.T.);
#14479 = EDGE_LOOP('',(#14480,#14481,#14487,#14488));
#14480 = ORIENTED_EDGE('',*,*,#13352,.T.);
#14481 = ORIENTED_EDGE('',*,*,#14482,.T.);
#14482 = EDGE_CURVE('',#13353,#13821,#14483,.T.);
#14483 = LINE('',#14484,#14485);
#14484 = CARTESIAN_POINT('',(190.936,-74.405,-4.5E-02));
#14485 = VECTOR('',#14486,1.);
#14486 = DIRECTION('',(0.,0.,1.));
#14487 = ORIENTED_EDGE('',*,*,#13820,.F.);
#14488 = ORIENTED_EDGE('',*,*,#14482,.F.);
#14489 = CYLINDRICAL_SURFACE('',#14490,0.915);
#14490 = AXIS2_PLACEMENT_3D('',#14491,#14492,#14493);
#14491 = CARTESIAN_POINT('',(190.936,-73.49,-4.5E-02));
#14492 = DIRECTION('',(-0.,0.,-1.));
#14493 = DIRECTION('',(3.106197751957E-14,-1.,-0.));
#14494 = ADVANCED_FACE('',(#14495),#14506,.F.);
#14495 = FACE_BOUND('',#14496,.T.);
#14496 = EDGE_LOOP('',(#14497,#14498,#14504,#14505));
#14497 = ORIENTED_EDGE('',*,*,#13363,.T.);
#14498 = ORIENTED_EDGE('',*,*,#14499,.T.);
#14499 = EDGE_CURVE('',#13364,#13832,#14500,.T.);
#14500 = LINE('',#14501,#14502);
#14501 = CARTESIAN_POINT('',(150.936,-90.915,-4.5E-02));
#14502 = VECTOR('',#14503,1.);
#14503 = DIRECTION('',(0.,0.,1.));
#14504 = ORIENTED_EDGE('',*,*,#13831,.F.);
#14505 = ORIENTED_EDGE('',*,*,#14499,.F.);
#14506 = CYLINDRICAL_SURFACE('',#14507,0.915);
#14507 = AXIS2_PLACEMENT_3D('',#14508,#14509,#14510);
#14508 = CARTESIAN_POINT('',(150.936,-90.,-4.5E-02));
#14509 = DIRECTION('',(-0.,0.,-1.));
#14510 = DIRECTION('',(3.106197751957E-14,-1.,-0.));
#14511 = ADVANCED_FACE('',(#14512),#14523,.F.);
#14512 = FACE_BOUND('',#14513,.T.);
#14513 = EDGE_LOOP('',(#14514,#14515,#14521,#14522));
#14514 = ORIENTED_EDGE('',*,*,#13374,.T.);
#14515 = ORIENTED_EDGE('',*,*,#14516,.T.);
#14516 = EDGE_CURVE('',#13375,#13843,#14517,.T.);
#14517 = LINE('',#14518,#14519);
#14518 = CARTESIAN_POINT('',(150.936,-82.66,-4.5E-02));
#14519 = VECTOR('',#14520,1.);
#14520 = DIRECTION('',(0.,0.,1.));
#14521 = ORIENTED_EDGE('',*,*,#13842,.F.);
#14522 = ORIENTED_EDGE('',*,*,#14516,.F.);
#14523 = CYLINDRICAL_SURFACE('',#14524,0.915);
#14524 = AXIS2_PLACEMENT_3D('',#14525,#14526,#14527);
#14525 = CARTESIAN_POINT('',(150.936,-81.745,-4.5E-02));
#14526 = DIRECTION('',(-0.,0.,-1.));
#14527 = DIRECTION('',(3.106197751957E-14,-1.,-0.));
#14528 = ADVANCED_FACE('',(#14529),#14540,.F.);
#14529 = FACE_BOUND('',#14530,.T.);
#14530 = EDGE_LOOP('',(#14531,#14532,#14538,#14539));
#14531 = ORIENTED_EDGE('',*,*,#13385,.T.);
#14532 = ORIENTED_EDGE('',*,*,#14533,.T.);
#14533 = EDGE_CURVE('',#13386,#13854,#14534,.T.);
#14534 = LINE('',#14535,#14536);
#14535 = CARTESIAN_POINT('',(110.936,-82.66,-4.5E-02));
#14536 = VECTOR('',#14537,1.);
#14537 = DIRECTION('',(0.,0.,1.));
#14538 = ORIENTED_EDGE('',*,*,#13853,.F.);
#14539 = ORIENTED_EDGE('',*,*,#14533,.F.);
#14540 = CYLINDRICAL_SURFACE('',#14541,0.915);
#14541 = AXIS2_PLACEMENT_3D('',#14542,#14543,#14544);
#14542 = CARTESIAN_POINT('',(110.936,-81.745,-4.5E-02));
#14543 = DIRECTION('',(-0.,-0.,-1.));
#14544 = DIRECTION('',(-0.,-1.,0.));
#14545 = ADVANCED_FACE('',(#14546),#14557,.F.);
#14546 = FACE_BOUND('',#14547,.T.);
#14547 = EDGE_LOOP('',(#14548,#14549,#14555,#14556));
#14548 = ORIENTED_EDGE('',*,*,#13396,.T.);
#14549 = ORIENTED_EDGE('',*,*,#14550,.T.);
#14550 = EDGE_CURVE('',#13397,#13865,#14551,.T.);
#14551 = LINE('',#14552,#14553);
#14552 = CARTESIAN_POINT('',(70.936,-82.66,-4.5E-02));
#14553 = VECTOR('',#14554,1.);
#14554 = DIRECTION('',(0.,0.,1.));
#14555 = ORIENTED_EDGE('',*,*,#13864,.F.);
#14556 = ORIENTED_EDGE('',*,*,#14550,.F.);
#14557 = CYLINDRICAL_SURFACE('',#14558,0.915);
#14558 = AXIS2_PLACEMENT_3D('',#14559,#14560,#14561);
#14559 = CARTESIAN_POINT('',(70.936,-81.745,-4.5E-02));
#14560 = DIRECTION('',(-0.,-0.,-1.));
#14561 = DIRECTION('',(-0.,-1.,0.));
#14562 = ADVANCED_FACE('',(#14563),#14574,.F.);
#14563 = FACE_BOUND('',#14564,.T.);
#14564 = EDGE_LOOP('',(#14565,#14566,#14572,#14573));
#14565 = ORIENTED_EDGE('',*,*,#13407,.T.);
#14566 = ORIENTED_EDGE('',*,*,#14567,.T.);
#14567 = EDGE_CURVE('',#13408,#13876,#14568,.T.);
#14568 = LINE('',#14569,#14570);
#14569 = CARTESIAN_POINT('',(150.936,-74.405,-4.5E-02));
#14570 = VECTOR('',#14571,1.);
#14571 = DIRECTION('',(0.,0.,1.));
#14572 = ORIENTED_EDGE('',*,*,#13875,.F.);
#14573 = ORIENTED_EDGE('',*,*,#14567,.F.);
#14574 = CYLINDRICAL_SURFACE('',#14575,0.915);
#14575 = AXIS2_PLACEMENT_3D('',#14576,#14577,#14578);
#14576 = CARTESIAN_POINT('',(150.936,-73.49,-4.5E-02));
#14577 = DIRECTION('',(-0.,0.,-1.));
#14578 = DIRECTION('',(3.106197751957E-14,-1.,-0.));
#14579 = ADVANCED_FACE('',(#14580),#14591,.F.);
#14580 = FACE_BOUND('',#14581,.T.);
#14581 = EDGE_LOOP('',(#14582,#14583,#14589,#14590));
#14582 = ORIENTED_EDGE('',*,*,#13418,.T.);
#14583 = ORIENTED_EDGE('',*,*,#14584,.T.);
#14584 = EDGE_CURVE('',#13419,#13887,#14585,.T.);
#14585 = LINE('',#14586,#14587);
#14586 = CARTESIAN_POINT('',(110.936,-74.405,-4.5E-02));
#14587 = VECTOR('',#14588,1.);
#14588 = DIRECTION('',(0.,0.,1.));
#14589 = ORIENTED_EDGE('',*,*,#13886,.F.);
#14590 = ORIENTED_EDGE('',*,*,#14584,.F.);
#14591 = CYLINDRICAL_SURFACE('',#14592,0.915);
#14592 = AXIS2_PLACEMENT_3D('',#14593,#14594,#14595);
#14593 = CARTESIAN_POINT('',(110.936,-73.49,-4.5E-02));
#14594 = DIRECTION('',(-0.,-0.,-1.));
#14595 = DIRECTION('',(-0.,-1.,0.));
#14596 = ADVANCED_FACE('',(#14597),#14608,.F.);
#14597 = FACE_BOUND('',#14598,.T.);
#14598 = EDGE_LOOP('',(#14599,#14600,#14606,#14607));
#14599 = ORIENTED_EDGE('',*,*,#13429,.T.);
#14600 = ORIENTED_EDGE('',*,*,#14601,.T.);
#14601 = EDGE_CURVE('',#13430,#13898,#14602,.T.);
#14602 = LINE('',#14603,#14604);
#14603 = CARTESIAN_POINT('',(70.936,-74.405,-4.5E-02));
#14604 = VECTOR('',#14605,1.);
#14605 = DIRECTION('',(0.,0.,1.));
#14606 = ORIENTED_EDGE('',*,*,#13897,.F.);
#14607 = ORIENTED_EDGE('',*,*,#14601,.F.);
#14608 = CYLINDRICAL_SURFACE('',#14609,0.915);
#14609 = AXIS2_PLACEMENT_3D('',#14610,#14611,#14612);
#14610 = CARTESIAN_POINT('',(70.936,-73.49,-4.5E-02));
#14611 = DIRECTION('',(-0.,-0.,-1.));
#14612 = DIRECTION('',(-0.,-1.,0.));
#14613 = ADVANCED_FACE('',(#14614),#14625,.F.);
#14614 = FACE_BOUND('',#14615,.T.);
#14615 = EDGE_LOOP('',(#14616,#14617,#14623,#14624));
#14616 = ORIENTED_EDGE('',*,*,#13440,.T.);
#14617 = ORIENTED_EDGE('',*,*,#14618,.T.);
#14618 = EDGE_CURVE('',#13441,#13909,#14619,.T.);
#14619 = LINE('',#14620,#14621);
#14620 = CARTESIAN_POINT('',(60.,-71.6,-4.5E-02));
#14621 = VECTOR('',#14622,1.);
#14622 = DIRECTION('',(0.,0.,1.));
#14623 = ORIENTED_EDGE('',*,*,#13908,.F.);
#14624 = ORIENTED_EDGE('',*,*,#14618,.F.);
#14625 = CYLINDRICAL_SURFACE('',#14626,1.6);
#14626 = AXIS2_PLACEMENT_3D('',#14627,#14628,#14629);
#14627 = CARTESIAN_POINT('',(60.,-70.,-4.5E-02));
#14628 = DIRECTION('',(-0.,-0.,-1.));
#14629 = DIRECTION('',(-0.,-1.,0.));
#14630 = ( GEOMETRIC_REPRESENTATION_CONTEXT(3) 
GLOBAL_UNCERTAINTY_ASSIGNED_CONTEXT((#14634)) 
GLOBAL_UNIT_ASSIGNED_CONTEXT((#14631,#14632,#14633)) 
REPRESENTATION_CONTEXT('Context #1',
  '3D Context with UNIT and UNCERTAINTY') );
#14631 = ( LENGTH_UNIT() NAMED_UNIT(*) SI_UNIT(.MILLI.,.METRE.) );
#14632 = ( NAMED_UNIT(*) PLANE_ANGLE_UNIT() SI_UNIT($,.RADIAN.) );
#14633 = ( NAMED_UNIT(*) SI_UNIT($,.STERADIAN.) SOLID_ANGLE_UNIT() );
#14634 = UNCERTAINTY_MEASURE_WITH_UNIT(LENGTH_MEASURE(1.E-07),#14631,
  'distance_accuracy_value','confusion accuracy');
#14635 = CONTEXT_DEPENDENT_SHAPE_REPRESENTATION(#14636,#14638);
#14636 = ( REPRESENTATION_RELATIONSHIP('','',#12880,#10) 
REPRESENTATION_RELATIONSHIP_WITH_TRANSFORMATION(#14637) 
SHAPE_REPRESENTATION_RELATIONSHIP() );
#14637 = ITEM_DEFINED_TRANSFORMATION('','',#11,#59);
#14638 = PRODUCT_DEFINITION_SHAPE('Placement','Placement of an item',
  #14639);
#14639 = NEXT_ASSEMBLY_USAGE_OCCURRENCE('15','=>[0:1:1:8]','',#5,#12875,
  $);
#14640 = PRODUCT_RELATED_PRODUCT_CATEGORY('part',$,(#12877));
#14641 = MECHANICAL_DESIGN_GEOMETRIC_PRESENTATION_REPRESENTATION('',(
    #14642),#14630);
#14642 = STYLED_ITEM('color',(#14643),#12881);
#14643 = PRESENTATION_STYLE_ASSIGNMENT((#14644));
#14644 = SURFACE_STYLE_USAGE(.BOTH.,#14645);
#14645 = SURFACE_SIDE_STYLE('',(#14646));
#14646 = SURFACE_STYLE_FILL_AREA(#14647);
#14647 = FILL_AREA_STYLE('',(#14648));
#14648 = FILL_AREA_STYLE_COLOUR('',#14649);
#14649 = COLOUR_RGB('',0.313304153717,0.484529207832,0.410020903123);
#14650 = MECHANICAL_DESIGN_GEOMETRIC_PRESENTATION_REPRESENTATION('',(
    #14651,#14659,#14666,#14673,#14680,#14687,#14695,#14702,#14709,
    #14716,#14723,#14730,#14737,#14744,#14751,#14758,#14765),#487);
#14651 = STYLED_ITEM('color',(#14652),#102);
#14652 = PRESENTATION_STYLE_ASSIGNMENT((#14653));
#14653 = SURFACE_STYLE_USAGE(.BOTH.,#14654);
#14654 = SURFACE_SIDE_STYLE('',(#14655));
#14655 = SURFACE_STYLE_FILL_AREA(#14656);
#14656 = FILL_AREA_STYLE('',(#14657));
#14657 = FILL_AREA_STYLE_COLOUR('',#14658);
#14658 = COLOUR_RGB('',0.883000012551,0.711000022565,0.492000011028);
#14659 = STYLED_ITEM('color',(#14660),#135);
#14660 = PRESENTATION_STYLE_ASSIGNMENT((#14661));
#14661 = SURFACE_STYLE_USAGE(.BOTH.,#14662);
#14662 = SURFACE_SIDE_STYLE('',(#14663));
#14663 = SURFACE_STYLE_FILL_AREA(#14664);
#14664 = FILL_AREA_STYLE('',(#14665));
#14665 = FILL_AREA_STYLE_COLOUR('',#14658);
#14666 = STYLED_ITEM('color',(#14667),#161);
#14667 = PRESENTATION_STYLE_ASSIGNMENT((#14668));
#14668 = SURFACE_STYLE_USAGE(.BOTH.,#14669);
#14669 = SURFACE_SIDE_STYLE('',(#14670));
#14670 = SURFACE_STYLE_FILL_AREA(#14671);
#14671 = FILL_AREA_STYLE('',(#14672));
#14672 = FILL_AREA_STYLE_COLOUR('',#14658);
#14673 = STYLED_ITEM('color',(#14674),#181);
#14674 = PRESENTATION_STYLE_ASSIGNMENT((#14675));
#14675 = SURFACE_STYLE_USAGE(.BOTH.,#14676);
#14676 = SURFACE_SIDE_STYLE('',(#14677));
#14677 = SURFACE_STYLE_FILL_AREA(#14678);
#14678 = FILL_AREA_STYLE('',(#14679));
#14679 = FILL_AREA_STYLE_COLOUR('',#14658);
#14680 = STYLED_ITEM('color',(#14681),#201);
#14681 = PRESENTATION_STYLE_ASSIGNMENT((#14682));
#14682 = SURFACE_STYLE_USAGE(.BOTH.,#14683);
#14683 = SURFACE_SIDE_STYLE('',(#14684));
#14684 = SURFACE_STYLE_FILL_AREA(#14685);
#14685 = FILL_AREA_STYLE('',(#14686));
#14686 = FILL_AREA_STYLE_COLOUR('',#14658);
#14687 = STYLED_ITEM('color',(#14688),#226);
#14688 = PRESENTATION_STYLE_ASSIGNMENT((#14689));
#14689 = SURFACE_STYLE_USAGE(.BOTH.,#14690);
#14690 = SURFACE_SIDE_STYLE('',(#14691));
#14691 = SURFACE_STYLE_FILL_AREA(#14692);
#14692 = FILL_AREA_STYLE('',(#14693));
#14693 = FILL_AREA_STYLE_COLOUR('',#14694);
#14694 = COLOUR_RGB('',0.823999987314,0.819999987296,0.781000009244);
#14695 = STYLED_ITEM('color',(#14696),#251);
#14696 = PRESENTATION_STYLE_ASSIGNMENT((#14697));
#14697 = SURFACE_STYLE_USAGE(.BOTH.,#14698);
#14698 = SURFACE_SIDE_STYLE('',(#14699));
#14699 = SURFACE_STYLE_FILL_AREA(#14700);
#14700 = FILL_AREA_STYLE('',(#14701));
#14701 = FILL_AREA_STYLE_COLOUR('',#14658);
#14702 = STYLED_ITEM('color',(#14703),#271);
#14703 = PRESENTATION_STYLE_ASSIGNMENT((#14704));
#14704 = SURFACE_STYLE_USAGE(.BOTH.,#14705);
#14705 = SURFACE_SIDE_STYLE('',(#14706));
#14706 = SURFACE_STYLE_FILL_AREA(#14707);
#14707 = FILL_AREA_STYLE('',(#14708));
#14708 = FILL_AREA_STYLE_COLOUR('',#14694);
#14709 = STYLED_ITEM('color',(#14710),#297);
#14710 = PRESENTATION_STYLE_ASSIGNMENT((#14711));
#14711 = SURFACE_STYLE_USAGE(.BOTH.,#14712);
#14712 = SURFACE_SIDE_STYLE('',(#14713));
#14713 = SURFACE_STYLE_FILL_AREA(#14714);
#14714 = FILL_AREA_STYLE('',(#14715));
#14715 = FILL_AREA_STYLE_COLOUR('',#14658);
#14716 = STYLED_ITEM('color',(#14717),#322);
#14717 = PRESENTATION_STYLE_ASSIGNMENT((#14718));
#14718 = SURFACE_STYLE_USAGE(.BOTH.,#14719);
#14719 = SURFACE_SIDE_STYLE('',(#14720));
#14720 = SURFACE_STYLE_FILL_AREA(#14721);
#14721 = FILL_AREA_STYLE('',(#14722));
#14722 = FILL_AREA_STYLE_COLOUR('',#14694);
#14723 = STYLED_ITEM('color',(#14724),#347);
#14724 = PRESENTATION_STYLE_ASSIGNMENT((#14725));
#14725 = SURFACE_STYLE_USAGE(.BOTH.,#14726);
#14726 = SURFACE_SIDE_STYLE('',(#14727));
#14727 = SURFACE_STYLE_FILL_AREA(#14728);
#14728 = FILL_AREA_STYLE('',(#14729));
#14729 = FILL_AREA_STYLE_COLOUR('',#14658);
#14730 = STYLED_ITEM('color',(#14731),#373);
#14731 = PRESENTATION_STYLE_ASSIGNMENT((#14732));
#14732 = SURFACE_STYLE_USAGE(.BOTH.,#14733);
#14733 = SURFACE_SIDE_STYLE('',(#14734));
#14734 = SURFACE_STYLE_FILL_AREA(#14735);
#14735 = FILL_AREA_STYLE('',(#14736));
#14736 = FILL_AREA_STYLE_COLOUR('',#14694);
#14737 = STYLED_ITEM('color',(#14738),#382);
#14738 = PRESENTATION_STYLE_ASSIGNMENT((#14739));
#14739 = SURFACE_STYLE_USAGE(.BOTH.,#14740);
#14740 = SURFACE_SIDE_STYLE('',(#14741));
#14741 = SURFACE_STYLE_FILL_AREA(#14742);
#14742 = FILL_AREA_STYLE('',(#14743));
#14743 = FILL_AREA_STYLE_COLOUR('',#14658);
#14744 = STYLED_ITEM('color',(#14745),#402);
#14745 = PRESENTATION_STYLE_ASSIGNMENT((#14746));
#14746 = SURFACE_STYLE_USAGE(.BOTH.,#14747);
#14747 = SURFACE_SIDE_STYLE('',(#14748));
#14748 = SURFACE_STYLE_FILL_AREA(#14749);
#14749 = FILL_AREA_STYLE('',(#14750));
#14750 = FILL_AREA_STYLE_COLOUR('',#14694);
#14751 = STYLED_ITEM('color',(#14752),#427);
#14752 = PRESENTATION_STYLE_ASSIGNMENT((#14753));
#14753 = SURFACE_STYLE_USAGE(.BOTH.,#14754);
#14754 = SURFACE_SIDE_STYLE('',(#14755));
#14755 = SURFACE_STYLE_FILL_AREA(#14756);
#14756 = FILL_AREA_STYLE('',(#14757));
#14757 = FILL_AREA_STYLE_COLOUR('',#14694);
#14758 = STYLED_ITEM('color',(#14759),#453);
#14759 = PRESENTATION_STYLE_ASSIGNMENT((#14760));
#14760 = SURFACE_STYLE_USAGE(.BOTH.,#14761);
#14761 = SURFACE_SIDE_STYLE('',(#14762));
#14762 = SURFACE_STYLE_FILL_AREA(#14763);
#14763 = FILL_AREA_STYLE('',(#14764));
#14764 = FILL_AREA_STYLE_COLOUR('',#14694);
#14765 = STYLED_ITEM('color',(#14766),#478);
#14766 = PRESENTATION_STYLE_ASSIGNMENT((#14767));
#14767 = SURFACE_STYLE_USAGE(.BOTH.,#14768);
#14768 = SURFACE_SIDE_STYLE('',(#14769));
#14769 = SURFACE_STYLE_FILL_AREA(#14770);
#14770 = FILL_AREA_STYLE('',(#14771));
#14771 = FILL_AREA_STYLE_COLOUR('',#14694);
#14772 = MECHANICAL_DESIGN_GEOMETRIC_PRESENTATION_REPRESENTATION('',(
    #14773,#14781,#14788,#14795,#14802,#14809,#14816,#14823,#14830,
    #14837,#14844,#14851,#14858,#14865,#14872,#14879,#14886,#14893,
    #14900,#14907,#14914,#14921,#14928,#14935,#14942,#14949,#14956,
    #14963,#14970,#14977,#14984,#14991,#14998,#15005,#15012,#15019,
    #15026,#15033,#15040,#15047,#15054,#15061,#15068,#15075,#15082,
    #15089,#15096,#15103,#15111,#15118,#15125,#15132,#15139,#15146,
    #15153,#15160,#15167,#15174,#15181,#15188,#15195,#15202,#15209,
    #15216,#15223,#15230,#15237,#15244,#15251,#15258,#15265,#15272,
    #15279,#15286,#15293,#15300,#15307,#15314,#15321,#15328,#15335,
    #15342,#15349,#15356,#15363,#15370,#15377,#15384,#15391,#15398,
    #15405,#15412,#15419,#15426,#15433,#15440,#15447,#15454,#15461,
    #15468,#15475,#15482,#15489,#15496,#15503),#12842);
#14773 = STYLED_ITEM('color',(#14774),#9593);
#14774 = PRESENTATION_STYLE_ASSIGNMENT((#14775));
#14775 = SURFACE_STYLE_USAGE(.BOTH.,#14776);
#14776 = SURFACE_SIDE_STYLE('',(#14777));
#14777 = SURFACE_STYLE_FILL_AREA(#14778);
#14778 = FILL_AREA_STYLE('',(#14779));
#14779 = FILL_AREA_STYLE_COLOUR('',#14780);
#14780 = COLOUR_RGB('',0.894117649055,0.890196087049,0.811764731185);
#14781 = STYLED_ITEM('color',(#14782),#9697);
#14782 = PRESENTATION_STYLE_ASSIGNMENT((#14783));
#14783 = SURFACE_STYLE_USAGE(.BOTH.,#14784);
#14784 = SURFACE_SIDE_STYLE('',(#14785));
#14785 = SURFACE_STYLE_FILL_AREA(#14786);
#14786 = FILL_AREA_STYLE('',(#14787));
#14787 = FILL_AREA_STYLE_COLOUR('',#14780);
#14788 = STYLED_ITEM('color',(#14789),#9744);
#14789 = PRESENTATION_STYLE_ASSIGNMENT((#14790));
#14790 = SURFACE_STYLE_USAGE(.BOTH.,#14791);
#14791 = SURFACE_SIDE_STYLE('',(#14792));
#14792 = SURFACE_STYLE_FILL_AREA(#14793);
#14793 = FILL_AREA_STYLE('',(#14794));
#14794 = FILL_AREA_STYLE_COLOUR('',#14780);
#14795 = STYLED_ITEM('color',(#14796),#9784);
#14796 = PRESENTATION_STYLE_ASSIGNMENT((#14797));
#14797 = SURFACE_STYLE_USAGE(.BOTH.,#14798);
#14798 = SURFACE_SIDE_STYLE('',(#14799));
#14799 = SURFACE_STYLE_FILL_AREA(#14800);
#14800 = FILL_AREA_STYLE('',(#14801));
#14801 = FILL_AREA_STYLE_COLOUR('',#14780);
#14802 = STYLED_ITEM('color',(#14803),#9808);
#14803 = PRESENTATION_STYLE_ASSIGNMENT((#14804));
#14804 = SURFACE_STYLE_USAGE(.BOTH.,#14805);
#14805 = SURFACE_SIDE_STYLE('',(#14806));
#14806 = SURFACE_STYLE_FILL_AREA(#14807);
#14807 = FILL_AREA_STYLE('',(#14808));
#14808 = FILL_AREA_STYLE_COLOUR('',#14780);
#14809 = STYLED_ITEM('color',(#14810),#9848);
#14810 = PRESENTATION_STYLE_ASSIGNMENT((#14811));
#14811 = SURFACE_STYLE_USAGE(.BOTH.,#14812);
#14812 = SURFACE_SIDE_STYLE('',(#14813));
#14813 = SURFACE_STYLE_FILL_AREA(#14814);
#14814 = FILL_AREA_STYLE('',(#14815));
#14815 = FILL_AREA_STYLE_COLOUR('',#14780);
#14816 = STYLED_ITEM('color',(#14817),#9872);
#14817 = PRESENTATION_STYLE_ASSIGNMENT((#14818));
#14818 = SURFACE_STYLE_USAGE(.BOTH.,#14819);
#14819 = SURFACE_SIDE_STYLE('',(#14820));
#14820 = SURFACE_STYLE_FILL_AREA(#14821);
#14821 = FILL_AREA_STYLE('',(#14822));
#14822 = FILL_AREA_STYLE_COLOUR('',#14780);
#14823 = STYLED_ITEM('color',(#14824),#9912);
#14824 = PRESENTATION_STYLE_ASSIGNMENT((#14825));
#14825 = SURFACE_STYLE_USAGE(.BOTH.,#14826);
#14826 = SURFACE_SIDE_STYLE('',(#14827));
#14827 = SURFACE_STYLE_FILL_AREA(#14828);
#14828 = FILL_AREA_STYLE('',(#14829));
#14829 = FILL_AREA_STYLE_COLOUR('',#14780);
#14830 = STYLED_ITEM('color',(#14831),#9936);
#14831 = PRESENTATION_STYLE_ASSIGNMENT((#14832));
#14832 = SURFACE_STYLE_USAGE(.BOTH.,#14833);
#14833 = SURFACE_SIDE_STYLE('',(#14834));
#14834 = SURFACE_STYLE_FILL_AREA(#14835);
#14835 = FILL_AREA_STYLE('',(#14836));
#14836 = FILL_AREA_STYLE_COLOUR('',#14780);
#14837 = STYLED_ITEM('color',(#14838),#9976);
#14838 = PRESENTATION_STYLE_ASSIGNMENT((#14839));
#14839 = SURFACE_STYLE_USAGE(.BOTH.,#14840);
#14840 = SURFACE_SIDE_STYLE('',(#14841));
#14841 = SURFACE_STYLE_FILL_AREA(#14842);
#14842 = FILL_AREA_STYLE('',(#14843));
#14843 = FILL_AREA_STYLE_COLOUR('',#14780);
#14844 = STYLED_ITEM('color',(#14845),#10016);
#14845 = PRESENTATION_STYLE_ASSIGNMENT((#14846));
#14846 = SURFACE_STYLE_USAGE(.BOTH.,#14847);
#14847 = SURFACE_SIDE_STYLE('',(#14848));
#14848 = SURFACE_STYLE_FILL_AREA(#14849);
#14849 = FILL_AREA_STYLE('',(#14850));
#14850 = FILL_AREA_STYLE_COLOUR('',#14780);
#14851 = STYLED_ITEM('color',(#14852),#10056);
#14852 = PRESENTATION_STYLE_ASSIGNMENT((#14853));
#14853 = SURFACE_STYLE_USAGE(.BOTH.,#14854);
#14854 = SURFACE_SIDE_STYLE('',(#14855));
#14855 = SURFACE_STYLE_FILL_AREA(#14856);
#14856 = FILL_AREA_STYLE('',(#14857));
#14857 = FILL_AREA_STYLE_COLOUR('',#14780);
#14858 = STYLED_ITEM('color',(#14859),#10144);
#14859 = PRESENTATION_STYLE_ASSIGNMENT((#14860));
#14860 = SURFACE_STYLE_USAGE(.BOTH.,#14861);
#14861 = SURFACE_SIDE_STYLE('',(#14862));
#14862 = SURFACE_STYLE_FILL_AREA(#14863);
#14863 = FILL_AREA_STYLE('',(#14864));
#14864 = FILL_AREA_STYLE_COLOUR('',#14780);
#14865 = STYLED_ITEM('color',(#14866),#10177);
#14866 = PRESENTATION_STYLE_ASSIGNMENT((#14867));
#14867 = SURFACE_STYLE_USAGE(.BOTH.,#14868);
#14868 = SURFACE_SIDE_STYLE('',(#14869));
#14869 = SURFACE_STYLE_FILL_AREA(#14870);
#14870 = FILL_AREA_STYLE('',(#14871));
#14871 = FILL_AREA_STYLE_COLOUR('',#14780);
#14872 = STYLED_ITEM('color',(#14873),#10201);
#14873 = PRESENTATION_STYLE_ASSIGNMENT((#14874));
#14874 = SURFACE_STYLE_USAGE(.BOTH.,#14875);
#14875 = SURFACE_SIDE_STYLE('',(#14876));
#14876 = SURFACE_STYLE_FILL_AREA(#14877);
#14877 = FILL_AREA_STYLE('',(#14878));
#14878 = FILL_AREA_STYLE_COLOUR('',#14780);
#14879 = STYLED_ITEM('color',(#14880),#10273);
#14880 = PRESENTATION_STYLE_ASSIGNMENT((#14881));
#14881 = SURFACE_STYLE_USAGE(.BOTH.,#14882);
#14882 = SURFACE_SIDE_STYLE('',(#14883));
#14883 = SURFACE_STYLE_FILL_AREA(#14884);
#14884 = FILL_AREA_STYLE('',(#14885));
#14885 = FILL_AREA_STYLE_COLOUR('',#14780);
#14886 = STYLED_ITEM('color',(#14887),#10413);
#14887 = PRESENTATION_STYLE_ASSIGNMENT((#14888));
#14888 = SURFACE_STYLE_USAGE(.BOTH.,#14889);
#14889 = SURFACE_SIDE_STYLE('',(#14890));
#14890 = SURFACE_STYLE_FILL_AREA(#14891);
#14891 = FILL_AREA_STYLE('',(#14892));
#14892 = FILL_AREA_STYLE_COLOUR('',#14780);
#14893 = STYLED_ITEM('color',(#14894),#10430);
#14894 = PRESENTATION_STYLE_ASSIGNMENT((#14895));
#14895 = SURFACE_STYLE_USAGE(.BOTH.,#14896);
#14896 = SURFACE_SIDE_STYLE('',(#14897));
#14897 = SURFACE_STYLE_FILL_AREA(#14898);
#14898 = FILL_AREA_STYLE('',(#14899));
#14899 = FILL_AREA_STYLE_COLOUR('',#14780);
#14900 = STYLED_ITEM('color',(#14901),#10476);
#14901 = PRESENTATION_STYLE_ASSIGNMENT((#14902));
#14902 = SURFACE_STYLE_USAGE(.BOTH.,#14903);
#14903 = SURFACE_SIDE_STYLE('',(#14904));
#14904 = SURFACE_STYLE_FILL_AREA(#14905);
#14905 = FILL_AREA_STYLE('',(#14906));
#14906 = FILL_AREA_STYLE_COLOUR('',#14780);
#14907 = STYLED_ITEM('color',(#14908),#10493);
#14908 = PRESENTATION_STYLE_ASSIGNMENT((#14909));
#14909 = SURFACE_STYLE_USAGE(.BOTH.,#14910);
#14910 = SURFACE_SIDE_STYLE('',(#14911));
#14911 = SURFACE_STYLE_FILL_AREA(#14912);
#14912 = FILL_AREA_STYLE('',(#14913));
#14913 = FILL_AREA_STYLE_COLOUR('',#14780);
#14914 = STYLED_ITEM('color',(#14915),#10539);
#14915 = PRESENTATION_STYLE_ASSIGNMENT((#14916));
#14916 = SURFACE_STYLE_USAGE(.BOTH.,#14917);
#14917 = SURFACE_SIDE_STYLE('',(#14918));
#14918 = SURFACE_STYLE_FILL_AREA(#14919);
#14919 = FILL_AREA_STYLE('',(#14920));
#14920 = FILL_AREA_STYLE_COLOUR('',#14780);
#14921 = STYLED_ITEM('color',(#14922),#10563);
#14922 = PRESENTATION_STYLE_ASSIGNMENT((#14923));
#14923 = SURFACE_STYLE_USAGE(.BOTH.,#14924);
#14924 = SURFACE_SIDE_STYLE('',(#14925));
#14925 = SURFACE_STYLE_FILL_AREA(#14926);
#14926 = FILL_AREA_STYLE('',(#14927));
#14927 = FILL_AREA_STYLE_COLOUR('',#14780);
#14928 = STYLED_ITEM('color',(#14929),#10628);
#14929 = PRESENTATION_STYLE_ASSIGNMENT((#14930));
#14930 = SURFACE_STYLE_USAGE(.BOTH.,#14931);
#14931 = SURFACE_SIDE_STYLE('',(#14932));
#14932 = SURFACE_STYLE_FILL_AREA(#14933);
#14933 = FILL_AREA_STYLE('',(#14934));
#14934 = FILL_AREA_STYLE_COLOUR('',#14780);
#14935 = STYLED_ITEM('color',(#14936),#10645);
#14936 = PRESENTATION_STYLE_ASSIGNMENT((#14937));
#14937 = SURFACE_STYLE_USAGE(.BOTH.,#14938);
#14938 = SURFACE_SIDE_STYLE('',(#14939));
#14939 = SURFACE_STYLE_FILL_AREA(#14940);
#14940 = FILL_AREA_STYLE('',(#14941));
#14941 = FILL_AREA_STYLE_COLOUR('',#14780);
#14942 = STYLED_ITEM('color',(#14943),#10657);
#14943 = PRESENTATION_STYLE_ASSIGNMENT((#14944));
#14944 = SURFACE_STYLE_USAGE(.BOTH.,#14945);
#14945 = SURFACE_SIDE_STYLE('',(#14946));
#14946 = SURFACE_STYLE_FILL_AREA(#14947);
#14947 = FILL_AREA_STYLE('',(#14948));
#14948 = FILL_AREA_STYLE_COLOUR('',#14780);
#14949 = STYLED_ITEM('color',(#14950),#10688);
#14950 = PRESENTATION_STYLE_ASSIGNMENT((#14951));
#14951 = SURFACE_STYLE_USAGE(.BOTH.,#14952);
#14952 = SURFACE_SIDE_STYLE('',(#14953));
#14953 = SURFACE_STYLE_FILL_AREA(#14954);
#14954 = FILL_AREA_STYLE('',(#14955));
#14955 = FILL_AREA_STYLE_COLOUR('',#14780);
#14956 = STYLED_ITEM('color',(#14957),#10713);
#14957 = PRESENTATION_STYLE_ASSIGNMENT((#14958));
#14958 = SURFACE_STYLE_USAGE(.BOTH.,#14959);
#14959 = SURFACE_SIDE_STYLE('',(#14960));
#14960 = SURFACE_STYLE_FILL_AREA(#14961);
#14961 = FILL_AREA_STYLE('',(#14962));
#14962 = FILL_AREA_STYLE_COLOUR('',#14780);
#14963 = STYLED_ITEM('color',(#14964),#10730);
#14964 = PRESENTATION_STYLE_ASSIGNMENT((#14965));
#14965 = SURFACE_STYLE_USAGE(.BOTH.,#14966);
#14966 = SURFACE_SIDE_STYLE('',(#14967));
#14967 = SURFACE_STYLE_FILL_AREA(#14968);
#14968 = FILL_AREA_STYLE('',(#14969));
#14969 = FILL_AREA_STYLE_COLOUR('',#14780);
#14970 = STYLED_ITEM('color',(#14971),#10762);
#14971 = PRESENTATION_STYLE_ASSIGNMENT((#14972));
#14972 = SURFACE_STYLE_USAGE(.BOTH.,#14973);
#14973 = SURFACE_SIDE_STYLE('',(#14974));
#14974 = SURFACE_STYLE_FILL_AREA(#14975);
#14975 = FILL_AREA_STYLE('',(#14976));
#14976 = FILL_AREA_STYLE_COLOUR('',#14780);
#14977 = STYLED_ITEM('color',(#14978),#10786);
#14978 = PRESENTATION_STYLE_ASSIGNMENT((#14979));
#14979 = SURFACE_STYLE_USAGE(.BOTH.,#14980);
#14980 = SURFACE_SIDE_STYLE('',(#14981));
#14981 = SURFACE_STYLE_FILL_AREA(#14982);
#14982 = FILL_AREA_STYLE('',(#14983));
#14983 = FILL_AREA_STYLE_COLOUR('',#14780);
#14984 = STYLED_ITEM('color',(#14985),#10803);
#14985 = PRESENTATION_STYLE_ASSIGNMENT((#14986));
#14986 = SURFACE_STYLE_USAGE(.BOTH.,#14987);
#14987 = SURFACE_SIDE_STYLE('',(#14988));
#14988 = SURFACE_STYLE_FILL_AREA(#14989);
#14989 = FILL_AREA_STYLE('',(#14990));
#14990 = FILL_AREA_STYLE_COLOUR('',#14780);
#14991 = STYLED_ITEM('color',(#14992),#10815);
#14992 = PRESENTATION_STYLE_ASSIGNMENT((#14993));
#14993 = SURFACE_STYLE_USAGE(.BOTH.,#14994);
#14994 = SURFACE_SIDE_STYLE('',(#14995));
#14995 = SURFACE_STYLE_FILL_AREA(#14996);
#14996 = FILL_AREA_STYLE('',(#14997));
#14997 = FILL_AREA_STYLE_COLOUR('',#14780);
#14998 = STYLED_ITEM('color',(#14999),#10839);
#14999 = PRESENTATION_STYLE_ASSIGNMENT((#15000));
#15000 = SURFACE_STYLE_USAGE(.BOTH.,#15001);
#15001 = SURFACE_SIDE_STYLE('',(#15002));
#15002 = SURFACE_STYLE_FILL_AREA(#15003);
#15003 = FILL_AREA_STYLE('',(#15004));
#15004 = FILL_AREA_STYLE_COLOUR('',#14780);
#15005 = STYLED_ITEM('color',(#15006),#10864);
#15006 = PRESENTATION_STYLE_ASSIGNMENT((#15007));
#15007 = SURFACE_STYLE_USAGE(.BOTH.,#15008);
#15008 = SURFACE_SIDE_STYLE('',(#15009));
#15009 = SURFACE_STYLE_FILL_AREA(#15010);
#15010 = FILL_AREA_STYLE('',(#15011));
#15011 = FILL_AREA_STYLE_COLOUR('',#14780);
#15012 = STYLED_ITEM('color',(#15013),#11009);
#15013 = PRESENTATION_STYLE_ASSIGNMENT((#15014));
#15014 = SURFACE_STYLE_USAGE(.BOTH.,#15015);
#15015 = SURFACE_SIDE_STYLE('',(#15016));
#15016 = SURFACE_STYLE_FILL_AREA(#15017);
#15017 = FILL_AREA_STYLE('',(#15018));
#15018 = FILL_AREA_STYLE_COLOUR('',#14780);
#15019 = STYLED_ITEM('color',(#15020),#11026);
#15020 = PRESENTATION_STYLE_ASSIGNMENT((#15021));
#15021 = SURFACE_STYLE_USAGE(.BOTH.,#15022);
#15022 = SURFACE_SIDE_STYLE('',(#15023));
#15023 = SURFACE_STYLE_FILL_AREA(#15024);
#15024 = FILL_AREA_STYLE('',(#15025));
#15025 = FILL_AREA_STYLE_COLOUR('',#14780);
#15026 = STYLED_ITEM('color',(#15027),#11043);
#15027 = PRESENTATION_STYLE_ASSIGNMENT((#15028));
#15028 = SURFACE_STYLE_USAGE(.BOTH.,#15029);
#15029 = SURFACE_SIDE_STYLE('',(#15030));
#15030 = SURFACE_STYLE_FILL_AREA(#15031);
#15031 = FILL_AREA_STYLE('',(#15032));
#15032 = FILL_AREA_STYLE_COLOUR('',#14780);
#15033 = STYLED_ITEM('color',(#15034),#11060);
#15034 = PRESENTATION_STYLE_ASSIGNMENT((#15035));
#15035 = SURFACE_STYLE_USAGE(.BOTH.,#15036);
#15036 = SURFACE_SIDE_STYLE('',(#15037));
#15037 = SURFACE_STYLE_FILL_AREA(#15038);
#15038 = FILL_AREA_STYLE('',(#15039));
#15039 = FILL_AREA_STYLE_COLOUR('',#14780);
#15040 = STYLED_ITEM('color',(#15041),#11077);
#15041 = PRESENTATION_STYLE_ASSIGNMENT((#15042));
#15042 = SURFACE_STYLE_USAGE(.BOTH.,#15043);
#15043 = SURFACE_SIDE_STYLE('',(#15044));
#15044 = SURFACE_STYLE_FILL_AREA(#15045);
#15045 = FILL_AREA_STYLE('',(#15046));
#15046 = FILL_AREA_STYLE_COLOUR('',#14780);
#15047 = STYLED_ITEM('color',(#15048),#11094);
#15048 = PRESENTATION_STYLE_ASSIGNMENT((#15049));
#15049 = SURFACE_STYLE_USAGE(.BOTH.,#15050);
#15050 = SURFACE_SIDE_STYLE('',(#15051));
#15051 = SURFACE_STYLE_FILL_AREA(#15052);
#15052 = FILL_AREA_STYLE('',(#15053));
#15053 = FILL_AREA_STYLE_COLOUR('',#14780);
#15054 = STYLED_ITEM('color',(#15055),#11111);
#15055 = PRESENTATION_STYLE_ASSIGNMENT((#15056));
#15056 = SURFACE_STYLE_USAGE(.BOTH.,#15057);
#15057 = SURFACE_SIDE_STYLE('',(#15058));
#15058 = SURFACE_STYLE_FILL_AREA(#15059);
#15059 = FILL_AREA_STYLE('',(#15060));
#15060 = FILL_AREA_STYLE_COLOUR('',#14780);
#15061 = STYLED_ITEM('color',(#15062),#11128);
#15062 = PRESENTATION_STYLE_ASSIGNMENT((#15063));
#15063 = SURFACE_STYLE_USAGE(.BOTH.,#15064);
#15064 = SURFACE_SIDE_STYLE('',(#15065));
#15065 = SURFACE_STYLE_FILL_AREA(#15066);
#15066 = FILL_AREA_STYLE('',(#15067));
#15067 = FILL_AREA_STYLE_COLOUR('',#14780);
#15068 = STYLED_ITEM('color',(#15069),#11145);
#15069 = PRESENTATION_STYLE_ASSIGNMENT((#15070));
#15070 = SURFACE_STYLE_USAGE(.BOTH.,#15071);
#15071 = SURFACE_SIDE_STYLE('',(#15072));
#15072 = SURFACE_STYLE_FILL_AREA(#15073);
#15073 = FILL_AREA_STYLE('',(#15074));
#15074 = FILL_AREA_STYLE_COLOUR('',#14780);
#15075 = STYLED_ITEM('color',(#15076),#11162);
#15076 = PRESENTATION_STYLE_ASSIGNMENT((#15077));
#15077 = SURFACE_STYLE_USAGE(.BOTH.,#15078);
#15078 = SURFACE_SIDE_STYLE('',(#15079));
#15079 = SURFACE_STYLE_FILL_AREA(#15080);
#15080 = FILL_AREA_STYLE('',(#15081));
#15081 = FILL_AREA_STYLE_COLOUR('',#14780);
#15082 = STYLED_ITEM('color',(#15083),#11179);
#15083 = PRESENTATION_STYLE_ASSIGNMENT((#15084));
#15084 = SURFACE_STYLE_USAGE(.BOTH.,#15085);
#15085 = SURFACE_SIDE_STYLE('',(#15086));
#15086 = SURFACE_STYLE_FILL_AREA(#15087);
#15087 = FILL_AREA_STYLE('',(#15088));
#15088 = FILL_AREA_STYLE_COLOUR('',#14780);
#15089 = STYLED_ITEM('color',(#15090),#11196);
#15090 = PRESENTATION_STYLE_ASSIGNMENT((#15091));
#15091 = SURFACE_STYLE_USAGE(.BOTH.,#15092);
#15092 = SURFACE_SIDE_STYLE('',(#15093));
#15093 = SURFACE_STYLE_FILL_AREA(#15094);
#15094 = FILL_AREA_STYLE('',(#15095));
#15095 = FILL_AREA_STYLE_COLOUR('',#14780);
#15096 = STYLED_ITEM('color',(#15097),#11213);
#15097 = PRESENTATION_STYLE_ASSIGNMENT((#15098));
#15098 = SURFACE_STYLE_USAGE(.BOTH.,#15099);
#15099 = SURFACE_SIDE_STYLE('',(#15100));
#15100 = SURFACE_STYLE_FILL_AREA(#15101);
#15101 = FILL_AREA_STYLE('',(#15102));
#15102 = FILL_AREA_STYLE_COLOUR('',#14780);
#15103 = STYLED_ITEM('color',(#15104),#11225);
#15104 = PRESENTATION_STYLE_ASSIGNMENT((#15105));
#15105 = SURFACE_STYLE_USAGE(.BOTH.,#15106);
#15106 = SURFACE_SIDE_STYLE('',(#15107));
#15107 = SURFACE_STYLE_FILL_AREA(#15108);
#15108 = FILL_AREA_STYLE('',(#15109));
#15109 = FILL_AREA_STYLE_COLOUR('',#15110);
#15110 = COLOUR_RGB('',0.823529417451,0.819607860991,0.780392170416);
#15111 = STYLED_ITEM('color',(#15112),#11256);
#15112 = PRESENTATION_STYLE_ASSIGNMENT((#15113));
#15113 = SURFACE_STYLE_USAGE(.BOTH.,#15114);
#15114 = SURFACE_SIDE_STYLE('',(#15115));
#15115 = SURFACE_STYLE_FILL_AREA(#15116);
#15116 = FILL_AREA_STYLE('',(#15117));
#15117 = FILL_AREA_STYLE_COLOUR('',#15110);
#15118 = STYLED_ITEM('color',(#15119),#11346);
#15119 = PRESENTATION_STYLE_ASSIGNMENT((#15120));
#15120 = SURFACE_STYLE_USAGE(.BOTH.,#15121);
#15121 = SURFACE_SIDE_STYLE('',(#15122));
#15122 = SURFACE_STYLE_FILL_AREA(#15123);
#15123 = FILL_AREA_STYLE('',(#15124));
#15124 = FILL_AREA_STYLE_COLOUR('',#15110);
#15125 = STYLED_ITEM('color',(#15126),#11370);
#15126 = PRESENTATION_STYLE_ASSIGNMENT((#15127));
#15127 = SURFACE_STYLE_USAGE(.BOTH.,#15128);
#15128 = SURFACE_SIDE_STYLE('',(#15129));
#15129 = SURFACE_STYLE_FILL_AREA(#15130);
#15130 = FILL_AREA_STYLE('',(#15131));
#15131 = FILL_AREA_STYLE_COLOUR('',#15110);
#15132 = STYLED_ITEM('color',(#15133),#11453);
#15133 = PRESENTATION_STYLE_ASSIGNMENT((#15134));
#15134 = SURFACE_STYLE_USAGE(.BOTH.,#15135);
#15135 = SURFACE_SIDE_STYLE('',(#15136));
#15136 = SURFACE_STYLE_FILL_AREA(#15137);
#15137 = FILL_AREA_STYLE('',(#15138));
#15138 = FILL_AREA_STYLE_COLOUR('',#15110);
#15139 = STYLED_ITEM('color',(#15140),#11550);
#15140 = PRESENTATION_STYLE_ASSIGNMENT((#15141));
#15141 = SURFACE_STYLE_USAGE(.BOTH.,#15142);
#15142 = SURFACE_SIDE_STYLE('',(#15143));
#15143 = SURFACE_STYLE_FILL_AREA(#15144);
#15144 = FILL_AREA_STYLE('',(#15145));
#15145 = FILL_AREA_STYLE_COLOUR('',#15110);
#15146 = STYLED_ITEM('color',(#15147),#11574);
#15147 = PRESENTATION_STYLE_ASSIGNMENT((#15148));
#15148 = SURFACE_STYLE_USAGE(.BOTH.,#15149);
#15149 = SURFACE_SIDE_STYLE('',(#15150));
#15150 = SURFACE_STYLE_FILL_AREA(#15151);
#15151 = FILL_AREA_STYLE('',(#15152));
#15152 = FILL_AREA_STYLE_COLOUR('',#15110);
#15153 = STYLED_ITEM('color',(#15154),#11664);
#15154 = PRESENTATION_STYLE_ASSIGNMENT((#15155));
#15155 = SURFACE_STYLE_USAGE(.BOTH.,#15156);
#15156 = SURFACE_SIDE_STYLE('',(#15157));
#15157 = SURFACE_STYLE_FILL_AREA(#15158);
#15158 = FILL_AREA_STYLE('',(#15159));
#15159 = FILL_AREA_STYLE_COLOUR('',#15110);
#15160 = STYLED_ITEM('color',(#15161),#11681);
#15161 = PRESENTATION_STYLE_ASSIGNMENT((#15162));
#15162 = SURFACE_STYLE_USAGE(.BOTH.,#15163);
#15163 = SURFACE_SIDE_STYLE('',(#15164));
#15164 = SURFACE_STYLE_FILL_AREA(#15165);
#15165 = FILL_AREA_STYLE('',(#15166));
#15166 = FILL_AREA_STYLE_COLOUR('',#14780);
#15167 = STYLED_ITEM('color',(#15168),#11706);
#15168 = PRESENTATION_STYLE_ASSIGNMENT((#15169));
#15169 = SURFACE_STYLE_USAGE(.BOTH.,#15170);
#15170 = SURFACE_SIDE_STYLE('',(#15171));
#15171 = SURFACE_STYLE_FILL_AREA(#15172);
#15172 = FILL_AREA_STYLE('',(#15173));
#15173 = FILL_AREA_STYLE_COLOUR('',#14780);
#15174 = STYLED_ITEM('color',(#15175),#11723);
#15175 = PRESENTATION_STYLE_ASSIGNMENT((#15176));
#15176 = SURFACE_STYLE_USAGE(.BOTH.,#15177);
#15177 = SURFACE_SIDE_STYLE('',(#15178));
#15178 = SURFACE_STYLE_FILL_AREA(#15179);
#15179 = FILL_AREA_STYLE('',(#15180));
#15180 = FILL_AREA_STYLE_COLOUR('',#14780);
#15181 = STYLED_ITEM('color',(#15182),#11750);
#15182 = PRESENTATION_STYLE_ASSIGNMENT((#15183));
#15183 = SURFACE_STYLE_USAGE(.BOTH.,#15184);
#15184 = SURFACE_SIDE_STYLE('',(#15185));
#15185 = SURFACE_STYLE_FILL_AREA(#15186);
#15186 = FILL_AREA_STYLE('',(#15187));
#15187 = FILL_AREA_STYLE_COLOUR('',#14780);
#15188 = STYLED_ITEM('color',(#15189),#11777);
#15189 = PRESENTATION_STYLE_ASSIGNMENT((#15190));
#15190 = SURFACE_STYLE_USAGE(.BOTH.,#15191);
#15191 = SURFACE_SIDE_STYLE('',(#15192));
#15192 = SURFACE_STYLE_FILL_AREA(#15193);
#15193 = FILL_AREA_STYLE('',(#15194));
#15194 = FILL_AREA_STYLE_COLOUR('',#14780);
#15195 = STYLED_ITEM('color',(#15196),#11794);
#15196 = PRESENTATION_STYLE_ASSIGNMENT((#15197));
#15197 = SURFACE_STYLE_USAGE(.BOTH.,#15198);
#15198 = SURFACE_SIDE_STYLE('',(#15199));
#15199 = SURFACE_STYLE_FILL_AREA(#15200);
#15200 = FILL_AREA_STYLE('',(#15201));
#15201 = FILL_AREA_STYLE_COLOUR('',#14780);
#15202 = STYLED_ITEM('color',(#15203),#11874);
#15203 = PRESENTATION_STYLE_ASSIGNMENT((#15204));
#15204 = SURFACE_STYLE_USAGE(.BOTH.,#15205);
#15205 = SURFACE_SIDE_STYLE('',(#15206));
#15206 = SURFACE_STYLE_FILL_AREA(#15207);
#15207 = FILL_AREA_STYLE('',(#15208));
#15208 = FILL_AREA_STYLE_COLOUR('',#15110);
#15209 = STYLED_ITEM('color',(#15210),#11891);
#15210 = PRESENTATION_STYLE_ASSIGNMENT((#15211));
#15211 = SURFACE_STYLE_USAGE(.BOTH.,#15212);
#15212 = SURFACE_SIDE_STYLE('',(#15213));
#15213 = SURFACE_STYLE_FILL_AREA(#15214);
#15214 = FILL_AREA_STYLE('',(#15215));
#15215 = FILL_AREA_STYLE_COLOUR('',#15110);
#15216 = STYLED_ITEM('color',(#15217),#11908);
#15217 = PRESENTATION_STYLE_ASSIGNMENT((#15218));
#15218 = SURFACE_STYLE_USAGE(.BOTH.,#15219);
#15219 = SURFACE_SIDE_STYLE('',(#15220));
#15220 = SURFACE_STYLE_FILL_AREA(#15221);
#15221 = FILL_AREA_STYLE('',(#15222));
#15222 = FILL_AREA_STYLE_COLOUR('',#15110);
#15223 = STYLED_ITEM('color',(#15224),#11925);
#15224 = PRESENTATION_STYLE_ASSIGNMENT((#15225));
#15225 = SURFACE_STYLE_USAGE(.BOTH.,#15226);
#15226 = SURFACE_SIDE_STYLE('',(#15227));
#15227 = SURFACE_STYLE_FILL_AREA(#15228);
#15228 = FILL_AREA_STYLE('',(#15229));
#15229 = FILL_AREA_STYLE_COLOUR('',#15110);
#15230 = STYLED_ITEM('color',(#15231),#11942);
#15231 = PRESENTATION_STYLE_ASSIGNMENT((#15232));
#15232 = SURFACE_STYLE_USAGE(.BOTH.,#15233);
#15233 = SURFACE_SIDE_STYLE('',(#15234));
#15234 = SURFACE_STYLE_FILL_AREA(#15235);
#15235 = FILL_AREA_STYLE('',(#15236));
#15236 = FILL_AREA_STYLE_COLOUR('',#15110);
#15237 = STYLED_ITEM('color',(#15238),#11975);
#15238 = PRESENTATION_STYLE_ASSIGNMENT((#15239));
#15239 = SURFACE_STYLE_USAGE(.BOTH.,#15240);
#15240 = SURFACE_SIDE_STYLE('',(#15241));
#15241 = SURFACE_STYLE_FILL_AREA(#15242);
#15242 = FILL_AREA_STYLE('',(#15243));
#15243 = FILL_AREA_STYLE_COLOUR('',#15110);
#15244 = STYLED_ITEM('color',(#15245),#12015);
#15245 = PRESENTATION_STYLE_ASSIGNMENT((#15246));
#15246 = SURFACE_STYLE_USAGE(.BOTH.,#15247);
#15247 = SURFACE_SIDE_STYLE('',(#15248));
#15248 = SURFACE_STYLE_FILL_AREA(#15249);
#15249 = FILL_AREA_STYLE('',(#15250));
#15250 = FILL_AREA_STYLE_COLOUR('',#15110);
#15251 = STYLED_ITEM('color',(#15252),#12046);
#15252 = PRESENTATION_STYLE_ASSIGNMENT((#15253));
#15253 = SURFACE_STYLE_USAGE(.BOTH.,#15254);
#15254 = SURFACE_SIDE_STYLE('',(#15255));
#15255 = SURFACE_STYLE_FILL_AREA(#15256);
#15256 = FILL_AREA_STYLE('',(#15257));
#15257 = FILL_AREA_STYLE_COLOUR('',#15110);
#15258 = STYLED_ITEM('color',(#15259),#12063);
#15259 = PRESENTATION_STYLE_ASSIGNMENT((#15260));
#15260 = SURFACE_STYLE_USAGE(.BOTH.,#15261);
#15261 = SURFACE_SIDE_STYLE('',(#15262));
#15262 = SURFACE_STYLE_FILL_AREA(#15263);
#15263 = FILL_AREA_STYLE('',(#15264));
#15264 = FILL_AREA_STYLE_COLOUR('',#15110);
#15265 = STYLED_ITEM('color',(#15266),#12075);
#15266 = PRESENTATION_STYLE_ASSIGNMENT((#15267));
#15267 = SURFACE_STYLE_USAGE(.BOTH.,#15268);
#15268 = SURFACE_SIDE_STYLE('',(#15269));
#15269 = SURFACE_STYLE_FILL_AREA(#15270);
#15270 = FILL_AREA_STYLE('',(#15271));
#15271 = FILL_AREA_STYLE_COLOUR('',#15110);
#15272 = STYLED_ITEM('color',(#15273),#12108);
#15273 = PRESENTATION_STYLE_ASSIGNMENT((#15274));
#15274 = SURFACE_STYLE_USAGE(.BOTH.,#15275);
#15275 = SURFACE_SIDE_STYLE('',(#15276));
#15276 = SURFACE_STYLE_FILL_AREA(#15277);
#15277 = FILL_AREA_STYLE('',(#15278));
#15278 = FILL_AREA_STYLE_COLOUR('',#15110);
#15279 = STYLED_ITEM('color',(#15280),#12125);
#15280 = PRESENTATION_STYLE_ASSIGNMENT((#15281));
#15281 = SURFACE_STYLE_USAGE(.BOTH.,#15282);
#15282 = SURFACE_SIDE_STYLE('',(#15283));
#15283 = SURFACE_STYLE_FILL_AREA(#15284);
#15284 = FILL_AREA_STYLE('',(#15285));
#15285 = FILL_AREA_STYLE_COLOUR('',#15110);
#15286 = STYLED_ITEM('color',(#15287),#12142);
#15287 = PRESENTATION_STYLE_ASSIGNMENT((#15288));
#15288 = SURFACE_STYLE_USAGE(.BOTH.,#15289);
#15289 = SURFACE_SIDE_STYLE('',(#15290));
#15290 = SURFACE_STYLE_FILL_AREA(#15291);
#15291 = FILL_AREA_STYLE('',(#15292));
#15292 = FILL_AREA_STYLE_COLOUR('',#15110);
#15293 = STYLED_ITEM('color',(#15294),#12159);
#15294 = PRESENTATION_STYLE_ASSIGNMENT((#15295));
#15295 = SURFACE_STYLE_USAGE(.BOTH.,#15296);
#15296 = SURFACE_SIDE_STYLE('',(#15297));
#15297 = SURFACE_STYLE_FILL_AREA(#15298);
#15298 = FILL_AREA_STYLE('',(#15299));
#15299 = FILL_AREA_STYLE_COLOUR('',#15110);
#15300 = STYLED_ITEM('color',(#15301),#12192);
#15301 = PRESENTATION_STYLE_ASSIGNMENT((#15302));
#15302 = SURFACE_STYLE_USAGE(.BOTH.,#15303);
#15303 = SURFACE_SIDE_STYLE('',(#15304));
#15304 = SURFACE_STYLE_FILL_AREA(#15305);
#15305 = FILL_AREA_STYLE('',(#15306));
#15306 = FILL_AREA_STYLE_COLOUR('',#15110);
#15307 = STYLED_ITEM('color',(#15308),#12232);
#15308 = PRESENTATION_STYLE_ASSIGNMENT((#15309));
#15309 = SURFACE_STYLE_USAGE(.BOTH.,#15310);
#15310 = SURFACE_SIDE_STYLE('',(#15311));
#15311 = SURFACE_STYLE_FILL_AREA(#15312);
#15312 = FILL_AREA_STYLE('',(#15313));
#15313 = FILL_AREA_STYLE_COLOUR('',#15110);
#15314 = STYLED_ITEM('color',(#15315),#12263);
#15315 = PRESENTATION_STYLE_ASSIGNMENT((#15316));
#15316 = SURFACE_STYLE_USAGE(.BOTH.,#15317);
#15317 = SURFACE_SIDE_STYLE('',(#15318));
#15318 = SURFACE_STYLE_FILL_AREA(#15319);
#15319 = FILL_AREA_STYLE('',(#15320));
#15320 = FILL_AREA_STYLE_COLOUR('',#15110);
#15321 = STYLED_ITEM('color',(#15322),#12280);
#15322 = PRESENTATION_STYLE_ASSIGNMENT((#15323));
#15323 = SURFACE_STYLE_USAGE(.BOTH.,#15324);
#15324 = SURFACE_SIDE_STYLE('',(#15325));
#15325 = SURFACE_STYLE_FILL_AREA(#15326);
#15326 = FILL_AREA_STYLE('',(#15327));
#15327 = FILL_AREA_STYLE_COLOUR('',#15110);
#15328 = STYLED_ITEM('color',(#15329),#12297);
#15329 = PRESENTATION_STYLE_ASSIGNMENT((#15330));
#15330 = SURFACE_STYLE_USAGE(.BOTH.,#15331);
#15331 = SURFACE_SIDE_STYLE('',(#15332));
#15332 = SURFACE_STYLE_FILL_AREA(#15333);
#15333 = FILL_AREA_STYLE('',(#15334));
#15334 = FILL_AREA_STYLE_COLOUR('',#15110);
#15335 = STYLED_ITEM('color',(#15336),#12309);
#15336 = PRESENTATION_STYLE_ASSIGNMENT((#15337));
#15337 = SURFACE_STYLE_USAGE(.BOTH.,#15338);
#15338 = SURFACE_SIDE_STYLE('',(#15339));
#15339 = SURFACE_STYLE_FILL_AREA(#15340);
#15340 = FILL_AREA_STYLE('',(#15341));
#15341 = FILL_AREA_STYLE_COLOUR('',#15110);
#15342 = STYLED_ITEM('color',(#15343),#12342);
#15343 = PRESENTATION_STYLE_ASSIGNMENT((#15344));
#15344 = SURFACE_STYLE_USAGE(.BOTH.,#15345);
#15345 = SURFACE_SIDE_STYLE('',(#15346));
#15346 = SURFACE_STYLE_FILL_AREA(#15347);
#15347 = FILL_AREA_STYLE('',(#15348));
#15348 = FILL_AREA_STYLE_COLOUR('',#15110);
#15349 = STYLED_ITEM('color',(#15350),#12373);
#15350 = PRESENTATION_STYLE_ASSIGNMENT((#15351));
#15351 = SURFACE_STYLE_USAGE(.BOTH.,#15352);
#15352 = SURFACE_SIDE_STYLE('',(#15353));
#15353 = SURFACE_STYLE_FILL_AREA(#15354);
#15354 = FILL_AREA_STYLE('',(#15355));
#15355 = FILL_AREA_STYLE_COLOUR('',#15110);
#15356 = STYLED_ITEM('color',(#15357),#12397);
#15357 = PRESENTATION_STYLE_ASSIGNMENT((#15358));
#15358 = SURFACE_STYLE_USAGE(.BOTH.,#15359);
#15359 = SURFACE_SIDE_STYLE('',(#15360));
#15360 = SURFACE_STYLE_FILL_AREA(#15361);
#15361 = FILL_AREA_STYLE('',(#15362));
#15362 = FILL_AREA_STYLE_COLOUR('',#15110);
#15363 = STYLED_ITEM('color',(#15364),#12421);
#15364 = PRESENTATION_STYLE_ASSIGNMENT((#15365));
#15365 = SURFACE_STYLE_USAGE(.BOTH.,#15366);
#15366 = SURFACE_SIDE_STYLE('',(#15367));
#15367 = SURFACE_STYLE_FILL_AREA(#15368);
#15368 = FILL_AREA_STYLE('',(#15369));
#15369 = FILL_AREA_STYLE_COLOUR('',#15110);
#15370 = STYLED_ITEM('color',(#15371),#12438);
#15371 = PRESENTATION_STYLE_ASSIGNMENT((#15372));
#15372 = SURFACE_STYLE_USAGE(.BOTH.,#15373);
#15373 = SURFACE_SIDE_STYLE('',(#15374));
#15374 = SURFACE_STYLE_FILL_AREA(#15375);
#15375 = FILL_AREA_STYLE('',(#15376));
#15376 = FILL_AREA_STYLE_COLOUR('',#15110);
#15377 = STYLED_ITEM('color',(#15378),#12469);
#15378 = PRESENTATION_STYLE_ASSIGNMENT((#15379));
#15379 = SURFACE_STYLE_USAGE(.BOTH.,#15380);
#15380 = SURFACE_SIDE_STYLE('',(#15381));
#15381 = SURFACE_STYLE_FILL_AREA(#15382);
#15382 = FILL_AREA_STYLE('',(#15383));
#15383 = FILL_AREA_STYLE_COLOUR('',#15110);
#15384 = STYLED_ITEM('color',(#15385),#12493);
#15385 = PRESENTATION_STYLE_ASSIGNMENT((#15386));
#15386 = SURFACE_STYLE_USAGE(.BOTH.,#15387);
#15387 = SURFACE_SIDE_STYLE('',(#15388));
#15388 = SURFACE_STYLE_FILL_AREA(#15389);
#15389 = FILL_AREA_STYLE('',(#15390));
#15390 = FILL_AREA_STYLE_COLOUR('',#15110);
#15391 = STYLED_ITEM('color',(#15392),#12517);
#15392 = PRESENTATION_STYLE_ASSIGNMENT((#15393));
#15393 = SURFACE_STYLE_USAGE(.BOTH.,#15394);
#15394 = SURFACE_SIDE_STYLE('',(#15395));
#15395 = SURFACE_STYLE_FILL_AREA(#15396);
#15396 = FILL_AREA_STYLE('',(#15397));
#15397 = FILL_AREA_STYLE_COLOUR('',#15110);
#15398 = STYLED_ITEM('color',(#15399),#12534);
#15399 = PRESENTATION_STYLE_ASSIGNMENT((#15400));
#15400 = SURFACE_STYLE_USAGE(.BOTH.,#15401);
#15401 = SURFACE_SIDE_STYLE('',(#15402));
#15402 = SURFACE_STYLE_FILL_AREA(#15403);
#15403 = FILL_AREA_STYLE('',(#15404));
#15404 = FILL_AREA_STYLE_COLOUR('',#15110);
#15405 = STYLED_ITEM('color',(#15406),#12551);
#15406 = PRESENTATION_STYLE_ASSIGNMENT((#15407));
#15407 = SURFACE_STYLE_USAGE(.BOTH.,#15408);
#15408 = SURFACE_SIDE_STYLE('',(#15409));
#15409 = SURFACE_STYLE_FILL_AREA(#15410);
#15410 = FILL_AREA_STYLE('',(#15411));
#15411 = FILL_AREA_STYLE_COLOUR('',#15110);
#15412 = STYLED_ITEM('color',(#15413),#12568);
#15413 = PRESENTATION_STYLE_ASSIGNMENT((#15414));
#15414 = SURFACE_STYLE_USAGE(.BOTH.,#15415);
#15415 = SURFACE_SIDE_STYLE('',(#15416));
#15416 = SURFACE_STYLE_FILL_AREA(#15417);
#15417 = FILL_AREA_STYLE('',(#15418));
#15418 = FILL_AREA_STYLE_COLOUR('',#15110);
#15419 = STYLED_ITEM('color',(#15420),#12580);
#15420 = PRESENTATION_STYLE_ASSIGNMENT((#15421));
#15421 = SURFACE_STYLE_USAGE(.BOTH.,#15422);
#15422 = SURFACE_SIDE_STYLE('',(#15423));
#15423 = SURFACE_STYLE_FILL_AREA(#15424);
#15424 = FILL_AREA_STYLE('',(#15425));
#15425 = FILL_AREA_STYLE_COLOUR('',#15110);
#15426 = STYLED_ITEM('color',(#15427),#12597);
#15427 = PRESENTATION_STYLE_ASSIGNMENT((#15428));
#15428 = SURFACE_STYLE_USAGE(.BOTH.,#15429);
#15429 = SURFACE_SIDE_STYLE('',(#15430));
#15430 = SURFACE_STYLE_FILL_AREA(#15431);
#15431 = FILL_AREA_STYLE('',(#15432));
#15432 = FILL_AREA_STYLE_COLOUR('',#15110);
#15433 = STYLED_ITEM('color',(#15434),#12614);
#15434 = PRESENTATION_STYLE_ASSIGNMENT((#15435));
#15435 = SURFACE_STYLE_USAGE(.BOTH.,#15436);
#15436 = SURFACE_SIDE_STYLE('',(#15437));
#15437 = SURFACE_STYLE_FILL_AREA(#15438);
#15438 = FILL_AREA_STYLE('',(#15439));
#15439 = FILL_AREA_STYLE_COLOUR('',#15110);
#15440 = STYLED_ITEM('color',(#15441),#12626);
#15441 = PRESENTATION_STYLE_ASSIGNMENT((#15442));
#15442 = SURFACE_STYLE_USAGE(.BOTH.,#15443);
#15443 = SURFACE_SIDE_STYLE('',(#15444));
#15444 = SURFACE_STYLE_FILL_AREA(#15445);
#15445 = FILL_AREA_STYLE('',(#15446));
#15446 = FILL_AREA_STYLE_COLOUR('',#15110);
#15447 = STYLED_ITEM('color',(#15448),#12657);
#15448 = PRESENTATION_STYLE_ASSIGNMENT((#15449));
#15449 = SURFACE_STYLE_USAGE(.BOTH.,#15450);
#15450 = SURFACE_SIDE_STYLE('',(#15451));
#15451 = SURFACE_STYLE_FILL_AREA(#15452);
#15452 = FILL_AREA_STYLE('',(#15453));
#15453 = FILL_AREA_STYLE_COLOUR('',#15110);
#15454 = STYLED_ITEM('color',(#15455),#12681);
#15455 = PRESENTATION_STYLE_ASSIGNMENT((#15456));
#15456 = SURFACE_STYLE_USAGE(.BOTH.,#15457);
#15457 = SURFACE_SIDE_STYLE('',(#15458));
#15458 = SURFACE_STYLE_FILL_AREA(#15459);
#15459 = FILL_AREA_STYLE('',(#15460));
#15460 = FILL_AREA_STYLE_COLOUR('',#15110);
#15461 = STYLED_ITEM('color',(#15462),#12705);
#15462 = PRESENTATION_STYLE_ASSIGNMENT((#15463));
#15463 = SURFACE_STYLE_USAGE(.BOTH.,#15464);
#15464 = SURFACE_SIDE_STYLE('',(#15465));
#15465 = SURFACE_STYLE_FILL_AREA(#15466);
#15466 = FILL_AREA_STYLE('',(#15467));
#15467 = FILL_AREA_STYLE_COLOUR('',#15110);
#15468 = STYLED_ITEM('color',(#15469),#12722);
#15469 = PRESENTATION_STYLE_ASSIGNMENT((#15470));
#15470 = SURFACE_STYLE_USAGE(.BOTH.,#15471);
#15471 = SURFACE_SIDE_STYLE('',(#15472));
#15472 = SURFACE_STYLE_FILL_AREA(#15473);
#15473 = FILL_AREA_STYLE('',(#15474));
#15474 = FILL_AREA_STYLE_COLOUR('',#15110);
#15475 = STYLED_ITEM('color',(#15476),#12753);
#15476 = PRESENTATION_STYLE_ASSIGNMENT((#15477));
#15477 = SURFACE_STYLE_USAGE(.BOTH.,#15478);
#15478 = SURFACE_SIDE_STYLE('',(#15479));
#15479 = SURFACE_STYLE_FILL_AREA(#15480);
#15480 = FILL_AREA_STYLE('',(#15481));
#15481 = FILL_AREA_STYLE_COLOUR('',#15110);
#15482 = STYLED_ITEM('color',(#15483),#12777);
#15483 = PRESENTATION_STYLE_ASSIGNMENT((#15484));
#15484 = SURFACE_STYLE_USAGE(.BOTH.,#15485);
#15485 = SURFACE_SIDE_STYLE('',(#15486));
#15486 = SURFACE_STYLE_FILL_AREA(#15487);
#15487 = FILL_AREA_STYLE('',(#15488));
#15488 = FILL_AREA_STYLE_COLOUR('',#15110);
#15489 = STYLED_ITEM('color',(#15490),#12801);
#15490 = PRESENTATION_STYLE_ASSIGNMENT((#15491));
#15491 = SURFACE_STYLE_USAGE(.BOTH.,#15492);
#15492 = SURFACE_SIDE_STYLE('',(#15493));
#15493 = SURFACE_STYLE_FILL_AREA(#15494);
#15494 = FILL_AREA_STYLE('',(#15495));
#15495 = FILL_AREA_STYLE_COLOUR('',#15110);
#15496 = STYLED_ITEM('color',(#15497),#12818);
#15497 = PRESENTATION_STYLE_ASSIGNMENT((#15498));
#15498 = SURFACE_STYLE_USAGE(.BOTH.,#15499);
#15499 = SURFACE_SIDE_STYLE('',(#15500));
#15500 = SURFACE_STYLE_FILL_AREA(#15501);
#15501 = FILL_AREA_STYLE('',(#15502));
#15502 = FILL_AREA_STYLE_COLOUR('',#15110);
#15503 = STYLED_ITEM('color',(#15504),#12830);
#15504 = PRESENTATION_STYLE_ASSIGNMENT((#15505));
#15505 = SURFACE_STYLE_USAGE(.BOTH.,#15506);
#15506 = SURFACE_SIDE_STYLE('',(#15507));
#15507 = SURFACE_STYLE_FILL_AREA(#15508);
#15508 = FILL_AREA_STYLE('',(#15509));
#15509 = FILL_AREA_STYLE_COLOUR('',#15110);
ENDSEC;
END-ISO-10303-21;
