ISO-10303-21;
HEADER;
FILE_DESCRIPTION (( 'STEP AP214' ),
    '1' );
FILE_NAME ('MPC3BWD.STEP',
    '2024-11-03T13:18:22',
    ( '' ),
    ( '' ),
    'SwSTEP 2.0',
    'SolidWorks 2024',
    '' );
FILE_SCHEMA (( 'AUTOMOTIVE_DESIGN' ));
ENDSEC;

DATA;
#1 = CARTESIAN_POINT ( 'NONE',  ( -0.3148805450000001782, -0.08269445599999999952, -0.03425316000000001165 ) ) ;
#2 = ORIENTED_EDGE ( 'NONE', *, *, #2358, .T. ) ;
#3 = CARTESIAN_POINT ( 'NONE',  ( -0.2455055450000000472, 4.000000000000001076E-09, 0.08269445400000002833 ) ) ;
#4 = DIRECTION ( 'NONE',  ( -1.000000000000000000, 0.000000000000000000, 0.000000000000000000 ) ) ;
#5 = CARTESIAN_POINT ( 'NONE',  ( 0.4495070866141730459, 0.03400000000062000649, 0.009999999998759992112 ) ) ;
#6 = CIRCLE ( 'NONE', #1491, 0.03000000000000000930 ) ;
#7 = LINE ( 'NONE', #1993, #1902 ) ;
#8 = CARTESIAN_POINT ( 'NONE',  ( -0.2377999999999999836, 0.08259466950903601723, -0.002586242674063816364 ) ) ;
#9 = ORIENTED_EDGE ( 'NONE', *, *, #33, .T. ) ;
#10 = CARTESIAN_POINT ( 'NONE',  ( -0.4480769010264357144, 0.08246982775187179648, -0.002231033522071026055 ) ) ;
#11 = CARTESIAN_POINT ( 'NONE',  ( -0.4463250000000001383, 0.08249999800000003269, -0.03417262300000002695 ) ) ;
#12 = DIRECTION ( 'NONE',  ( -1.000000000000000000, -0.000000000000000000, -0.000000000000000000 ) ) ;
#13 = CARTESIAN_POINT ( 'NONE',  ( -0.3486305450000001249, -0.03425316900000002773, -0.08269445300000004273 ) ) ;
#14 = EDGE_CURVE ( 'NONE', #924, #1285, #1571, .T. ) ;
#15 = CARTESIAN_POINT ( 'NONE',  ( -0.2528000000000000802, -0.08250000000000003164, 4.000000000000001076E-09 ) ) ;
#16 =( NAMED_UNIT ( * ) SI_UNIT ( $, .STERADIAN. ) SOLID_ANGLE_UNIT ( ) );
#17 = DIRECTION ( 'NONE',  ( 1.000000000000000000, 0.000000000000000000, 0.000000000000000000 ) ) ;
#18 = DIRECTION ( 'NONE',  ( 0.000000000000000000, 0.000000000000000000, 1.000000000000000000 ) ) ;
#19 = CARTESIAN_POINT ( 'NONE',  ( -0.3073805450000000050, -0.03425316000000001165, 0.08269445599999999952 ) ) ;
#20 = DIRECTION ( 'NONE',  ( 4.406206441393971565E-16, 1.000000000000000000, 0.000000000000000000 ) ) ;
#21 = PLANE ( 'NONE',  #1080 ) ;
#22 = DIRECTION ( 'NONE',  ( 1.000000000000000000, 0.000000000000000000, 0.000000000000000000 ) ) ;
#23 =( BOUNDED_CURVE ( )  B_SPLINE_CURVE ( 3, ( #992, #1782, #1410, #837 ),
 .UNSPECIFIED., .F., .T. ) 
 B_SPLINE_CURVE_WITH_KNOTS ( ( 4, 4 ),
 ( 3.764234964374315278E-13, 0.005039949088512849125 ),
 .UNSPECIFIED. ) 
 CURVE ( )  GEOMETRIC_REPRESENTATION_ITEM ( )  RATIONAL_B_SPLINE_CURVE ( ( 1.000000000000000000, 0.3333333333333340365, 0.3333333333333340365, 1.000000000000000000 ) ) 
 REPRESENTATION_ITEM ( '' )  );
#24 = ORIENTED_EDGE ( 'NONE', *, *, #2179, .F. ) ;
#25 = CARTESIAN_POINT ( 'NONE',  ( -0.3584214680000000763, -0.09727853200000004252, 5.000000000000000932E-09 ) ) ;
#26 = CARTESIAN_POINT ( 'NONE',  ( -0.4411273548948323464, 0.007641792443110691051, -0.08214531641095805525 ) ) ;
#27 = DIRECTION ( 'NONE',  ( 0.000000000000000000, 0.000000000000000000, -1.000000000000000000 ) ) ;
#28 = CARTESIAN_POINT ( 'NONE',  ( -0.4511999999999998789, 0.06554347680033045798, 0.05034216970590750517 ) ) ;
#29 = CARTESIAN_POINT ( 'NONE',  ( -0.3936305449999999428, 0.03425316900000002773, 0.08269445300000004273 ) ) ;
#30 = CARTESIAN_POINT ( 'NONE',  ( -0.2511305449999999273, -0.08269445300000004273, 0.03425316900000002773 ) ) ;
#31 = EDGE_CURVE ( 'NONE', #886, #108, #874, .T. ) ;
#32 = CARTESIAN_POINT ( 'NONE',  ( -0.5245300000000000518, -0.08274357458774661556, -0.06821040721519076866 ) ) ;
#33 = EDGE_CURVE ( 'NONE', #2296, #733, #346, .T. ) ;
#34 =( CONVERSION_BASED_UNIT ( 'INCH', #879 ) LENGTH_UNIT ( ) NAMED_UNIT ( #1611 ) );
#35 = CARTESIAN_POINT ( 'NONE',  ( 0.2042000000000000481, 0.03400000000000000938, 0.009999999998760004255 ) ) ;
#36 = CARTESIAN_POINT ( 'NONE',  ( -0.3055055450000001005, 4.000000000000001076E-09, 0.08269445400000002833 ) ) ;
#37 = CARTESIAN_POINT ( 'NONE',  ( -0.2984214680000001341, -0.09727853200000004252, 5.000000000000000932E-09 ) ) ;
#38 = DIRECTION ( 'NONE',  ( 0.000000000000000000, 0.000000000000000000, -1.000000000000000000 ) ) ;
#39 = CARTESIAN_POINT ( 'NONE',  ( -0.4386305449999999828, -0.03425316900000002773, -0.08269445300000004273 ) ) ;
#40 = ORIENTED_EDGE ( 'NONE', *, *, #1407, .F. ) ;
#41 = CARTESIAN_POINT ( 'NONE',  ( -0.3715464680000001296, 0.09727853000000004358, -0.04029409199999998969 ) ) ;
#42 = CARTESIAN_POINT ( 'NONE',  ( -0.4429924639011955656, 0.03795078723119672814, -0.07325290266284636975 ) ) ;
#43 =( GEOMETRIC_REPRESENTATION_CONTEXT ( 3 ) GLOBAL_UNCERTAINTY_ASSIGNED_CONTEXT ( ( #1806 ) ) GLOBAL_UNIT_ASSIGNED_CONTEXT ( ( #34, #664, #97 ) ) REPRESENTATION_CONTEXT ( 'NONE', 'WORKASPACE' ) );
#44 = APPLICATION_CONTEXT ( 'automotive_design' ) ;
#45 = CARTESIAN_POINT ( 'NONE',  ( -0.3692555450000000739, -0.05847380600000001705, 0.05847381200000002083 ) ) ;
#46 = CARTESIAN_POINT ( 'NONE',  ( -0.4511999999999985467, -0.003220636226166289934, 0.08786922122682651326 ) ) ;
#47 = ADVANCED_FACE ( 'NONE', ( #2332, #1158 ), #1944, .F. ) ;
#48 = ORIENTED_EDGE ( 'NONE', *, *, #1724, .F. ) ;
#49 = CARTESIAN_POINT ( 'NONE',  ( -0.2378000000000000669, -4.476642599349902588E-09, -0.08959529935965614145 ) ) ;
#50 = DIRECTION ( 'NONE',  ( -1.000000000000000000, 0.000000000000000000, 0.000000000000000000 ) ) ;
#51 = AXIS2_PLACEMENT_3D ( 'NONE', #610, #800, #1588 ) ;
#52 = CARTESIAN_POINT ( 'NONE',  ( -0.3040464680000000697, -0.04029409199999998276, -0.09727853000000004358 ) ) ;
#53 = VECTOR ( 'NONE', #1412, 39.37007874015748143 ) ;
#54 = FACE_OUTER_BOUND ( 'NONE', #2516, .T. ) ;
#55 = CARTESIAN_POINT ( 'NONE',  ( -0.2980055450000000383, 0.08269445400000002833, -4.000000000000001076E-09 ) ) ;
#56 = VERTEX_POINT ( 'NONE', #2499 ) ;
#57 = CARTESIAN_POINT ( 'NONE',  ( -0.2871714680000000963, 0.06878631300000001558, 0.06878630600000003315 ) ) ;
#58 = CARTESIAN_POINT ( 'NONE',  ( -0.4434313507300481350, 0.04440856532932910966, -0.06953233193970685677 ) ) ;
#59 = CARTESIAN_POINT ( 'NONE',  ( -0.4972600000000001463, -0.1325307292500000345, -0.08225962534000003101 ) ) ;
#60 = CARTESIAN_POINT ( 'NONE',  ( -0.2946714680000001030, -0.06878630600000003315, 0.06878631300000001558 ) ) ;
#61 = CARTESIAN_POINT ( 'NONE',  ( -0.5517999999999999572, 0.03295489100000000005, 0.05416211900000002938 ) ) ;
#62 = CARTESIAN_POINT ( 'NONE',  ( -0.2567555450000000294, -0.05847381200000002083, -0.05847380600000001705 ) ) ;
#63 = CARTESIAN_POINT ( 'NONE',  ( -0.2473805449999999795, -0.03425316000000001165, 0.08269445599999999952 ) ) ;
#64 = EDGE_CURVE ( 'NONE', #196, #480, #2186, .T. ) ;
#65 = DIRECTION ( 'NONE',  ( 0.000000000000000000, 0.9999999999999953371, -9.639756515173980918E-08 ) ) ;
#66 = CARTESIAN_POINT ( 'NONE',  ( -0.3280055450000001205, 0.08269445400000002833, -4.000000000000001076E-09 ) ) ;
#67 = ORIENTED_EDGE ( 'NONE', *, *, #1341, .F. ) ;
#68 = CARTESIAN_POINT ( 'NONE',  ( -0.3134214680000000919, 0.09727853200000004252, -5.000000000000000932E-09 ) ) ;
#69 = CARTESIAN_POINT ( 'NONE',  ( -0.4421313714738594469, 0.02454189184296996784, -0.07876903803262781667 ) ) ;
#70 = CARTESIAN_POINT ( 'NONE',  ( -0.2796714680000000341, 0.06878630600000003315, -0.06878631300000001558 ) ) ;
#71 = PLANE ( 'NONE',  #1364 ) ;
#72 = FILL_AREA_STYLE ('',( #1463 ) ) ;
#73 = CARTESIAN_POINT ( 'NONE',  ( 0.2042000000000000481, -0.04400000000000001826, 0.000000000000000000 ) ) ;
#74 = CARTESIAN_POINT ( 'NONE',  ( -0.3711305449999999784, -0.08269445300000004273, 0.03425316900000002773 ) ) ;
#75 = CARTESIAN_POINT ( 'NONE',  ( -0.2492555450000000783, -0.05847380600000001705, 0.05847381200000002083 ) ) ;
#76 = CARTESIAN_POINT ( 'NONE',  ( -0.2909214680000001274, 5.000000000000000932E-09, 0.09727853200000004252 ) ) ;
#77 = CARTESIAN_POINT ( 'NONE',  ( -0.4142555450000000583, 0.05847380600000001705, -0.05847381200000002083 ) ) ;
#78 = CARTESIAN_POINT ( 'NONE',  ( -0.3823805450000001827, 0.03425316000000000471, -0.08269445599999998564 ) ) ;
#79 = VECTOR ( 'NONE', #449, 39.37007874015748143 ) ;
#80 = EDGE_LOOP ( 'NONE', ( #493, #2327 ) ) ;
#81 = CARTESIAN_POINT ( 'NONE',  ( -0.4429227760562985394, 0.03690187354235934664, -0.07378686691453792412 ) ) ;
#82 = CARTESIAN_POINT ( 'NONE',  ( -0.4512000000000000455, 0.06515352343881444797, 0.05090971278728918109 ) ) ;
#83 = CARTESIAN_POINT ( 'NONE',  ( -0.4330055450000001027, -0.08269445400000002833, 4.000000000000001076E-09 ) ) ;
#84 = DIRECTION ( 'NONE',  ( 1.000000000000000000, -2.069581813382017455E-16, 0.000000000000000000 ) ) ;
#85 = CARTESIAN_POINT ( 'NONE',  ( -0.4512000000000001010, -4.060335512635600626E-09, -0.08249999999999990674 ) ) ;
#86 = CARTESIAN_POINT ( 'NONE',  ( -0.3356513857700000880, 3.990000000000001318E-09, 0.08254861322000003887 ) ) ;
#87 = CARTESIAN_POINT ( 'NONE',  ( -0.3377964680000000719, 0.04029408199999999496, -0.09727853400000004147 ) ) ;
#88 = EDGE_LOOP ( 'NONE', ( #313, #1445, #962, #1907 ) ) ;
#89 = CARTESIAN_POINT ( 'NONE',  ( -0.4425269295868252128, 0.03082348711142141387, -0.07652959184820495864 ) ) ;
#90 = CARTESIAN_POINT ( 'NONE',  ( -0.3340464679999999298, -0.04029409199999998969, -0.09727853000000004358 ) ) ;
#91 = ORIENTED_EDGE ( 'NONE', *, *, #505, .T. ) ;
#92 = CARTESIAN_POINT ( 'NONE',  ( -0.4482000002194669319, 0.08250000000000004552, -1.280999655216814204E-13 ) ) ;
#93 = CARTESIAN_POINT ( 'NONE',  ( -0.5518000000000000682, 0.03295641988458530153, 0.05416118907021021806 ) ) ;
#94 = CIRCLE ( 'NONE', #1579, 0.1000000000000000194 ) ;
#95 = CARTESIAN_POINT ( 'NONE',  ( -0.4512000000000000455, 7.225416114969386412E-18, 0.05900000000000001771 ) ) ;
#96 = CARTESIAN_POINT ( 'NONE',  ( -0.3394013857700001191, -0.05837068100000002147, 0.05837068699000002442 ) ) ;
#97 =( NAMED_UNIT ( * ) SI_UNIT ( $, .STERADIAN. ) SOLID_ANGLE_UNIT ( ) );
#98 = ORIENTED_EDGE ( 'NONE', *, *, #14, .T. ) ;
#99 = CARTESIAN_POINT ( 'NONE',  ( -0.4466474763563759165, 0.07814655007883940241, -0.02649210107007166082 ) ) ;
#100 = CARTESIAN_POINT ( 'NONE',  ( -0.4202964679999999231, -0.09727853400000004147, -0.04029408199999999496 ) ) ;
#101 = ORIENTED_EDGE ( 'NONE', *, *, #1049, .T. ) ;
#102 = CARTESIAN_POINT ( 'NONE',  ( -0.4500040038230707085, 0.07666953197339029802, 0.03046363187443813444 ) ) ;
#103 = CARTESIAN_POINT ( 'NONE',  ( -0.5518000000000000682, -0.03295641991419231975, -0.05416118905220235896 ) ) ;
#104 = ORIENTED_EDGE ( 'NONE', *, *, #462, .T. ) ;
#105 = ADVANCED_FACE ( 'NONE', ( #497, #293 ), #728, .T. ) ;
#106 = DIRECTION ( 'NONE',  ( 0.000000000000000000, -0.000000000000000000, 1.000000000000000000 ) ) ;
#107 = CARTESIAN_POINT ( 'NONE',  ( -0.2759214680000001141, -5.000000000000000932E-09, -0.09727853200000004252 ) ) ;
#108 = VERTEX_POINT ( 'NONE', #2189 ) ;
#109 = CARTESIAN_POINT ( 'NONE',  ( -0.4445445829134732074, 0.05953737579316906170, -0.05710998935092685691 ) ) ;
#110 = CARTESIAN_POINT ( 'NONE',  ( -0.3584214680000000763, -0.09727853200000004252, 5.000000000000000932E-09 ) ) ;
#111 = ORIENTED_EDGE ( 'NONE', *, *, #941, .T. ) ;
#112 = CARTESIAN_POINT ( 'NONE',  ( -0.4498175514399966324, 0.07778749448592309212, 0.02752853777461642878 ) ) ;
#113 = DIRECTION ( 'NONE',  ( 0.000000000000000000, 0.000000000000000000, 1.000000000000000000 ) ) ;
#114 = ORIENTED_EDGE ( 'NONE', *, *, #1682, .T. ) ;
#115 = CARTESIAN_POINT ( 'NONE',  ( -0.3337763857699999059, 0.03419275977000001132, 0.08254861223000005410 ) ) ;
#116 = COLOUR_RGB ( '',0.000000000000000000, 0.000000000000000000, 0.000000000000000000 ) ;
#117 =( BOUNDED_CURVE ( )  B_SPLINE_CURVE ( 3, ( #103, #1292, #1711, #1264 ),
 .UNSPECIFIED., .F., .T. ) 
 B_SPLINE_CURVE_WITH_KNOTS ( ( 4, 4 ),
 ( 3.666351122022835568E-17, 0.005039949089877927314 ),
 .UNSPECIFIED. ) 
 CURVE ( )  GEOMETRIC_REPRESENTATION_ITEM ( )  RATIONAL_B_SPLINE_CURVE ( ( 1.000000000000000000, 0.3333333333333330373, 0.3333333333333330373, 1.000000000000000000 ) ) 
 REPRESENTATION_ITEM ( '' )  );
#118 = EDGE_CURVE ( 'NONE', #643, #629, #1008, .T. ) ;
#119 = CARTESIAN_POINT ( 'NONE',  ( -0.3411305450000001183, -0.08269445300000004273, 0.03425316900000002773 ) ) ;
#120 = B_SPLINE_CURVE_WITH_KNOTS ( 'NONE', 3,
 ( #1051, #862, #2198, #2432, #1066, #1625, #2404, #1422, #1853, #46, #1665, #2208, #1229, #2185, #391, #2019, #1203, #288, #2099, #502, #1676, #1115, #2073, #1901, #1315, #1078, #492, #301 ),
 .UNSPECIFIED., .F., .F.,
 ( 4, 2, 2, 2, 2, 2, 2, 2, 2, 2, 2, 2, 2, 4 ),
 ( 0.000000000000000000, 0.0004349652443605122329, 0.0008699304887210244659, 0.001304895733081536374, 0.001739860977442048281, 0.002609791466163072313, 0.003044756710523584872, 0.003479721954884097430, 0.003914687199244610422, 0.004349652443605122980, 0.005219582932326148096, 0.005654548176686660654, 0.006089513421047172345, 0.006959443909768199196 ),
 .UNSPECIFIED. ) ;
#121 = CARTESIAN_POINT ( 'NONE',  ( -0.4296714680000001119, 0.06878630600000003315, -0.06878631300000001558 ) ) ;
#122 = CARTESIAN_POINT ( 'NONE',  ( -0.2606513857700000214, -3.990000000000001318E-09, -0.08254861322000003887 ) ) ;
#123 = ADVANCED_FACE ( 'NONE', ( #362, #372 ), #1395, .T. ) ;
#124 = CARTESIAN_POINT ( 'NONE',  ( 0.2042000000000000481, -0.05400000000000001327, 0.009999999998760004255 ) ) ;
#125 = CARTESIAN_POINT ( 'NONE',  ( -0.4461348039151265543, 0.07495086542647902417, -0.03451206233817502578 ) ) ;
#126 = DIRECTION ( 'NONE',  ( 0.000000000000000000, -0.000000000000000000, -1.000000000000000000 ) ) ;
#127 = CARTESIAN_POINT ( 'NONE',  ( 0.2042000000000000481, 0.03400000000062000649, -0.009999999999690003388 ) ) ;
#128 = CARTESIAN_POINT ( 'NONE',  ( -0.4427964679999999986, -0.04029408199999999496, 0.09727853400000004147 ) ) ;
#129 = CIRCLE ( 'NONE', #787, 0.08250000000000003164 ) ;
#130 = VERTEX_POINT ( 'NONE', #1178 ) ;
#131 = CARTESIAN_POINT ( 'NONE',  ( -0.2623805450000001316, 0.03425316000000001165, -0.08269445599999999952 ) ) ;
#132 = CARTESIAN_POINT ( 'NONE',  ( -0.4488063505358623195, 0.08180971099591759221, 0.01076505157334881231 ) ) ;
#133 = CARTESIAN_POINT ( 'NONE',  ( -0.2471612743744067975, -0.03196096518819559196, 0.07776452789347593209 ) ) ;
#134 = CIRCLE ( 'NONE', #1319, 0.1550000000000000544 ) ;
#135 = VERTEX_POINT ( 'NONE', #167 ) ;
#136 = DIRECTION ( 'NONE',  ( 0.000000000000000000, -0.000000000000000000, -1.000000000000000000 ) ) ;
#137 = CARTESIAN_POINT ( 'NONE',  ( -0.2378000000000000669, 0.000000000000000000, -0.09500000000000004274 ) ) ;
#138 = CIRCLE ( 'NONE', #1623, 0.09600000000000004363 ) ;
#139 = CARTESIAN_POINT ( 'NONE',  ( -0.3148805450000001782, -0.08269445599999998564, -0.03425316000000000471 ) ) ;
#140 = CARTESIAN_POINT ( 'NONE',  ( -0.3902964680000000630, -0.09727853400000004147, -0.04029408199999999496 ) ) ;
#141 = ORIENTED_EDGE ( 'NONE', *, *, #1169, .F. ) ;
#142 = EDGE_CURVE ( 'NONE', #2242, #1322, #181, .T. ) ;
#143 = CARTESIAN_POINT ( 'NONE',  ( -0.4443717187463300244, 0.05732394182957988027, -0.05933659734772647742 ) ) ;
#144 = CARTESIAN_POINT ( 'NONE',  ( -0.3509214680000001252, 5.000000000000000932E-09, 0.09727853200000004252 ) ) ;
#145 = ORIENTED_EDGE ( 'NONE', *, *, #1157, .T. ) ;
#146 = CARTESIAN_POINT ( 'NONE',  ( -0.2792555449999999939, -0.05847380600000001705, 0.05847381200000002083 ) ) ;
#147 = CARTESIAN_POINT ( 'NONE',  ( -0.4483626601913123788, 0.08244749813610587064, 0.002942796475604563238 ) ) ;
#148 = CARTESIAN_POINT ( 'NONE',  ( -0.2424619400706697903, 0.04655075238826833495, 0.07000878846307913295 ) ) ;
#149 = EDGE_LOOP ( 'NONE', ( #1181, #548, #949 ) ) ;
#150 = DIMENSIONAL_EXPONENTS ( 1.000000000000000000, 0.000000000000000000, 0.000000000000000000, 0.000000000000000000, 0.000000000000000000, 0.000000000000000000, 0.000000000000000000 ) ;
#151 = CARTESIAN_POINT ( 'NONE',  ( -0.2867555450000000561, -0.05847381200000002083, -0.05847380600000001705 ) ) ;
#152 = CARTESIAN_POINT ( 'NONE',  ( -0.3900263857700001502, 0.08254861522000001006, 0.03419275078000002382 ) ) ;
#153 = CARTESIAN_POINT ( 'NONE',  ( -0.3094013857700000925, -0.05837068100000002147, 0.05837068699000002442 ) ) ;
#154 = CARTESIAN_POINT ( 'NONE',  ( 0.4888771653543305118, -0.05400000000000001327, -0.01000000000000000194 ) ) ;
#155 = CARTESIAN_POINT ( 'NONE',  ( -0.4440198419610927871, 0.05264391891272085511, -0.06352060926589796208 ) ) ;
#156 = CARTESIAN_POINT ( 'NONE',  ( -0.3827964679999999453, -0.04029408199999999496, 0.09727853400000004147 ) ) ;
#157 = ORIENTED_EDGE ( 'NONE', *, *, #1763, .F. ) ;
#158 = B_SPLINE_CURVE_WITH_KNOTS ( 'NONE', 3,
 ( #2038, #615, #1035, #1633, #199, #843, #627, #2378, #2182, #2427, #1430, #591, #818, #1252 ),
 .UNSPECIFIED., .F., .F.,
 ( 4, 2, 2, 2, 2, 2, 4 ),
 ( 0.000000000000000000, 0.0004155947289010513660, 0.0008311894578021027319, 0.001246784186703153718, 0.001662378915604204813, 0.002493568373406306569, 0.003324757831208408759 ),
 .UNSPECIFIED. ) ;
#159 = DIRECTION ( 'NONE',  ( 0.000000000000000000, 0.000000000000000000, 1.000000000000000000 ) ) ;
#160 = CARTESIAN_POINT ( 'NONE',  ( -0.4507014838644056720, 0.07155757866555408075, 0.04105804349360853839 ) ) ;
#161 = DIRECTION ( 'NONE',  ( -1.000000000000000000, 0.000000000000000000, 0.000000000000000000 ) ) ;
#162 = EDGE_CURVE ( 'NONE', #643, #710, #2348, .T. ) ;
#163 = ORIENTED_EDGE ( 'NONE', *, *, #1532, .F. ) ;
#164 = CARTESIAN_POINT ( 'NONE',  ( -0.4015464679999999342, 0.09727853000000004358, -0.04029409199999998276 ) ) ;
#165 = FACE_OUTER_BOUND ( 'NONE', #2478, .T. ) ;
#166 =( GEOMETRIC_REPRESENTATION_CONTEXT ( 3 ) GLOBAL_UNCERTAINTY_ASSIGNED_CONTEXT ( ( #1279 ) ) GLOBAL_UNIT_ASSIGNED_CONTEXT ( ( #2187, #190, #1344 ) ) REPRESENTATION_CONTEXT ( 'NONE', 'WORKASPACE' ) );
#167 = CARTESIAN_POINT ( 'NONE',  ( -0.1178000000000000436, 1.175660927181459711E-17, 0.09600000000000004363 ) ) ;
#168 = DIRECTION ( 'NONE',  ( 1.000000000000000000, 0.000000000000000000, -0.000000000000000000 ) ) ;
#169 = PLANE ( 'NONE',  #1184 ) ;
#170 = EDGE_LOOP ( 'NONE', ( #1130, #1361 ) ) ;
#171 = CARTESIAN_POINT ( 'NONE',  ( -0.2378000000000000669, 0.08249999989150845481, 9.008257533073364783E-11 ) ) ;
#172 = CARTESIAN_POINT ( 'NONE',  ( -0.4482055677884194678, 0.08249443224021341114, -4.000000000000001076E-09 ) ) ;
#173 = DIRECTION ( 'NONE',  ( 1.000000000000000000, 0.000000000000000000, 0.000000000000000000 ) ) ;
#174 = EDGE_LOOP ( 'NONE', ( #282, #2309, #456, #2518 ) ) ;
#175 = CARTESIAN_POINT ( 'NONE',  ( -0.2492612649556540383, -0.05847763238304228006, 0.05847763838304227690 ) ) ;
#176 = EDGE_CURVE ( 'NONE', #135, #676, #7, .T. ) ;
#177 = CIRCLE ( 'NONE', #2560, 0.05900000000000001771 ) ;
#178 = LENGTH_MEASURE_WITH_UNIT ( LENGTH_MEASURE( 0.02539999999999999897 ), #1188 );
#179 = CARTESIAN_POINT ( 'NONE',  ( -0.3169013857700000436, -0.05837068699000002442, -0.05837068100000002147 ) ) ;
#180 = AXIS2_PLACEMENT_3D ( 'NONE', #1329, #2326, #1972 ) ;
#181 = LINE ( 'NONE', #394, #2515 ) ;
#182 = DIRECTION ( 'NONE',  ( 1.000000000000000000, -0.000000000000000000, 0.000000000000000000 ) ) ;
#183 = ORIENTED_EDGE ( 'NONE', *, *, #2371, .F. ) ;
#184 = CARTESIAN_POINT ( 'NONE',  ( -0.2609214680000001008, 5.000000000000000932E-09, 0.09727853200000004252 ) ) ;
#185 = CARTESIAN_POINT ( 'NONE',  ( -0.4511588157312678704, 0.06735107750936469850, 0.04765070833651909032 ) ) ;
#186 = FACE_OUTER_BOUND ( 'NONE', #80, .T. ) ;
#187 = CARTESIAN_POINT ( 'NONE',  ( -0.3523805449999999895, 0.03425316000000001165, -0.08269445599999999952 ) ) ;
#188 = CARTESIAN_POINT ( 'NONE',  ( -0.2602999998602868459, -3.945327916038261367E-09, -0.08249999999999992062 ) ) ;
#189 = SURFACE_STYLE_USAGE ( .BOTH. , #606 ) ;
#190 =( NAMED_UNIT ( * ) PLANE_ANGLE_UNIT ( ) SI_UNIT ( $, .RADIAN. ) );
#191 = CARTESIAN_POINT ( 'NONE',  ( -0.3806513857700000725, -3.990000000000001318E-09, -0.08254861322000003887 ) ) ;
#192 =( BOUNDED_CURVE ( )  B_SPLINE_CURVE ( 2, ( #914, #2267, #1266, #1068, #1492, #2448, #2282 ),
 .UNSPECIFIED., .F., .T. ) 
 B_SPLINE_CURVE_WITH_KNOTS ( ( 3, 2, 2, 3 ),
 ( 0.000000000000000000, 0.3515145476829126814, 0.7030290944333295045, 1.000000000000000000 ),
 .UNSPECIFIED. ) 
 CURVE ( )  GEOMETRIC_REPRESENTATION_ITEM ( )  RATIONAL_B_SPLINE_CURVE ( ( 1.000000000000000000, 0.9238795325112871826, 1.000000000000000000, 0.9238795325112871826, 1.000000000000000000, 0.9356909568287886669, 0.9800426502514496541 ) ) 
 REPRESENTATION_ITEM ( '' )  );
#193 = FACE_OUTER_BOUND ( 'NONE', #1085, .T. ) ;
#194 = CARTESIAN_POINT ( 'NONE',  ( 0.2042000000000000481, -0.07436000000000000942, -0.009999999998760000786 ) ) ;
#195 = CARTESIAN_POINT ( 'NONE',  ( -0.4512000000000000455, 0.000000000000000000, 0.000000000000000000 ) ) ;
#196 = VERTEX_POINT ( 'NONE', #1794 ) ;
#197 = DIRECTION ( 'NONE',  ( -0.000000000000000000, -0.000000000000000000, -1.000000000000000000 ) ) ;
#198 = CARTESIAN_POINT ( 'NONE',  ( -0.4410828247594510976, 0.006860325698387440344, -0.08221801448950087632 ) ) ;
#199 = CARTESIAN_POINT ( 'NONE',  ( -0.2378000000000000114, 0.07855881991016369637, -0.03074850071361963713 ) ) ;
#200 = CARTESIAN_POINT ( 'NONE',  ( -0.3917555450000000938, 0.05847381200000002083, 0.05847380600000001705 ) ) ;
#201 = CARTESIAN_POINT ( 'NONE',  ( -0.2453000000000000458, 4.000000000000001076E-09, 0.08250000000000003164 ) ) ;
#202 = CARTESIAN_POINT ( 'NONE',  ( -0.4512000000000004896, -0.07150450970363088354, -0.06536005378277792710 ) ) ;
#203 = SURFACE_SIDE_STYLE ('',( #1230 ) ) ;
#204 = MECHANICAL_DESIGN_GEOMETRIC_PRESENTATION_REPRESENTATION (  '', ( #2549 ), #1558 ) ;
#205 = CARTESIAN_POINT ( 'NONE',  ( -0.4069013857700000680, -0.05837068699000002442, -0.05837068100000002147 ) ) ;
#206 = CARTESIAN_POINT ( 'NONE',  ( -0.3111305450000000916, -0.08269445300000004273, 0.03425316900000002773 ) ) ;
#207 = CARTESIAN_POINT ( 'NONE',  ( -0.2571714680000000697, 0.06878631300000001558, 0.06878630600000003315 ) ) ;
#208 = CARTESIAN_POINT ( 'NONE',  ( -0.4512000000000000455, 0.000000000000000000, -0.1000000000000000194 ) ) ;
#209 = CARTESIAN_POINT ( 'NONE',  ( 0.000000000000000000, 0.000000000000000000, -0.09600000000000004363 ) ) ;
#210 = AXIS2_PLACEMENT_3D ( 'NONE', #612, #1630, #1824 ) ;
#211 = ORIENTED_EDGE ( 'NONE', *, *, #517, .F. ) ;
#212 = CARTESIAN_POINT ( 'NONE',  ( -0.2515464680000000786, 0.09727853000000004358, -0.04029409199999998969 ) ) ;
#213 = CARTESIAN_POINT ( 'NONE',  ( -0.4413740783968385095, 0.01192785489388633810, -0.08163695366602238823 ) ) ;
#214 = CARTESIAN_POINT ( 'NONE',  ( -0.4255470000000000641, -4.120671035889406678E-09, -0.08249999999999992062 ) ) ;
#215 = CARTESIAN_POINT ( 'NONE',  ( -0.3392555450000001027, -0.05847380600000001705, 0.05847381200000002083 ) ) ;
#216 = ORIENTED_EDGE ( 'NONE', *, *, #118, .T. ) ;
#217 = CARTESIAN_POINT ( 'NONE',  ( -0.2546692800443459692, -0.08249459068735925937, -0.03417037357438446749 ) ) ;
#218 = CARTESIAN_POINT ( 'NONE',  ( -0.4512000000000000455, -0.01576752856775395784, -0.09255201823750061618 ) ) ;
#219 = CARTESIAN_POINT ( 'NONE',  ( -0.2586305449999999340, -0.03425316900000002773, -0.08269445300000004273 ) ) ;
#220 = VECTOR ( 'NONE', #50, 39.37007874015748143 ) ;
#221 = CARTESIAN_POINT ( 'NONE',  ( -0.4671198507700001223, -0.05551454002000003746, -0.06109344863000001208 ) ) ;
#222 = CARTESIAN_POINT ( 'NONE',  ( -0.2759214680000001141, -5.000000000000000932E-09, -0.09727853200000004252 ) ) ;
#223 = AXIS2_PLACEMENT_3D ( 'NONE', #601, #2194, #399 ) ;
#224 = AXIS2_PLACEMENT_3D ( 'NONE', #677, #2486, #2263 ) ;
#225 = DIRECTION ( 'NONE',  ( 1.000000000000000000, 0.000000000000000000, 0.000000000000000000 ) ) ;
#226 = ADVANCED_FACE ( 'NONE', ( #193, #2165, #1768 ), #1371, .F. ) ;
#227 = ORIENTED_EDGE ( 'NONE', *, *, #1369, .T. ) ;
#228 = CARTESIAN_POINT ( 'NONE',  ( -0.2740464680000000430, -0.04029409199999998969, -0.09727853000000004358 ) ) ;
#229 = CARTESIAN_POINT ( 'NONE',  ( -0.4407107658521552951, 0.0001962078942640972624, -0.08250000000966456470 ) ) ;
#230 = CARTESIAN_POINT ( 'NONE',  ( 0.2042000000000000481, -0.07436000000000000942, 0.03036000000000001198 ) ) ;
#231 = CARTESIAN_POINT ( 'NONE',  ( -0.3861305449999999362, 0.08269445300000004273, -0.03425316900000002773 ) ) ;
#232 = ORIENTED_EDGE ( 'NONE', *, *, #1550, .T. ) ;
#233 = CARTESIAN_POINT ( 'NONE',  ( -0.2490500000000000491, -0.05833630600000001831, 0.05833631200000002209 ) ) ;
#234 = PRESENTATION_STYLE_ASSIGNMENT (( #189 ) ) ;
#235 =( LENGTH_UNIT ( ) NAMED_UNIT ( * ) SI_UNIT ( $, .METRE. ) );
#236 = LINE ( 'NONE', #2021, #1781 ) ;
#237 = CARTESIAN_POINT ( 'NONE',  ( -0.3355055450000001271, 4.000000000000001076E-09, 0.08269445400000002833 ) ) ;
#238 = CARTESIAN_POINT ( 'NONE',  ( -0.2871714680000000963, 0.06878631300000001558, 0.06878630600000003315 ) ) ;
#239 = LINE ( 'NONE', #1670, #1826 ) ;
#240 = CARTESIAN_POINT ( 'NONE',  ( -0.3355055450000001271, 4.000000000000001076E-09, 0.08269445400000002833 ) ) ;
#241 = ORIENTED_EDGE ( 'NONE', *, *, #2281, .F. ) ;
#242 = CARTESIAN_POINT ( 'NONE',  ( -0.3640464680000001785, -0.04029409199999998969, -0.09727853000000004358 ) ) ;
#243 = CARTESIAN_POINT ( 'NONE',  ( -0.4424337365011950518, 0.02936070926413054255, -0.07709863002354327977 ) ) ;
#244 = CARTESIAN_POINT ( 'NONE',  ( 0.2042000000000000481, 0.04400000000000001826, 0.000000000000000000 ) ) ;
#245 = CARTESIAN_POINT ( 'NONE',  ( -0.4067555450000000516, -0.05847381200000002083, -0.05847380600000001705 ) ) ;
#246 = CARTESIAN_POINT ( 'NONE',  ( -0.4484214680000001563, -0.09727853200000004252, 5.000000000000000932E-09 ) ) ;
#247 = DIRECTION ( 'NONE',  ( 0.000000000000000000, 0.000000000000000000, -1.000000000000000000 ) ) ;
#248 = EDGE_CURVE ( 'NONE', #2100, #1064, #129, .T. ) ;
#249 = DIRECTION ( 'NONE',  ( 0.000000000000000000, 1.000000000000000000, 0.000000000000000000 ) ) ;
#250 =( NAMED_UNIT ( * ) SI_UNIT ( $, .STERADIAN. ) SOLID_ANGLE_UNIT ( ) );
#251 = CARTESIAN_POINT ( 'NONE',  ( -0.2396692800443460669, 0.08249459068735925937, 0.03417037357438446749 ) ) ;
#252 = CARTESIAN_POINT ( 'NONE',  ( -0.3655055450000000428, 4.000000000000001076E-09, 0.08269445400000002833 ) ) ;
#253 = CARTESIAN_POINT ( 'NONE',  ( -0.3021714680000001096, -0.06878631300000001558, -0.06878630600000003315 ) ) ;
#254 = CARTESIAN_POINT ( 'NONE',  ( -0.4348805450000001738, -0.08269445599999998564, -0.03425316000000000471 ) ) ;
#255 = CARTESIAN_POINT ( 'NONE',  ( -0.2942555450000000072, 0.05847380600000001705, -0.05847381200000002083 ) ) ;
#256 = EDGE_LOOP ( 'NONE', ( #98, #2136, #2532, #936 ) ) ;
#257 = CARTESIAN_POINT ( 'NONE',  ( -0.2890464680000000008, 0.04029409199999998969, 0.09727853000000004358 ) ) ;
#258 = CARTESIAN_POINT ( 'NONE',  ( -0.4433163630567222291, 0.04274114086511899419, -0.07056627249497195165 ) ) ;
#259 = CARTESIAN_POINT ( 'NONE',  ( -0.2740464680000000430, -0.04029409199999998969, -0.09727853000000004358 ) ) ;
#260 = EDGE_LOOP ( 'NONE', ( #518, #2387, #91, #827 ) ) ;
#261 = EDGE_CURVE ( 'NONE', #701, #1785, #824, .T. ) ;
#262 = CARTESIAN_POINT ( 'NONE',  ( -0.4556513857700000281, 3.990000000000001318E-09, 0.08254861322000003887 ) ) ;
#263 = CARTESIAN_POINT ( 'NONE',  ( -0.3261305450000000494, 0.08269445300000004273, -0.03425316900000002773 ) ) ;
#264 = AXIS2_PLACEMENT_3D ( 'NONE', #1700, #84, #708 ) ;
#265 = CARTESIAN_POINT ( 'NONE',  ( -0.3152964679999999964, 0.09727853400000004147, 0.04029408199999999496 ) ) ;
#266 = AXIS2_PLACEMENT_3D ( 'NONE', #622, #1031, #2009 ) ;
#267 = CARTESIAN_POINT ( 'NONE',  ( -0.4512000000000000455, -0.08146731045447792863, -0.05316192319099717623 ) ) ;
#268 = CARTESIAN_POINT ( 'NONE',  ( -0.3317555450000000961, 0.05847381200000002083, 0.05847380600000001705 ) ) ;
#269 = ORIENTED_EDGE ( 'NONE', *, *, #2197, .T. ) ;
#270 = CARTESIAN_POINT ( 'NONE',  ( -0.3396714680000001430, 0.06878630600000003315, -0.06878631300000001558 ) ) ;
#271 = CARTESIAN_POINT ( 'NONE',  ( -0.4431315855386592228, 0.04002545199764011297, -0.07214023282735236575 ) ) ;
#272 = FACE_OUTER_BOUND ( 'NONE', #802, .T. ) ;
#273 = CARTESIAN_POINT ( 'NONE',  ( -0.3190464679999999720, 0.04029409199999998969, 0.09727853000000004358 ) ) ;
#274 = ORIENTED_EDGE ( 'NONE', *, *, #1129, .T. ) ;
#275 = CARTESIAN_POINT ( 'NONE',  ( -0.4978000000000001313, 0.000000000000000000, 0.000000000000000000 ) ) ;
#276 =( LENGTH_UNIT ( ) NAMED_UNIT ( * ) SI_UNIT ( $, .METRE. ) );
#277 = CARTESIAN_POINT ( 'NONE',  ( -0.4631513857700000347, -0.08254861322000003887, 3.990000000000001318E-09 ) ) ;
#278 = CARTESIAN_POINT ( 'NONE',  ( -0.2511305449999999273, -0.08269445300000004273, 0.03425316900000002773 ) ) ;
#279 = CARTESIAN_POINT ( 'NONE',  ( -0.3227964680000000031, -0.04029408199999999496, 0.09727853400000004147 ) ) ;
#280 = CARTESIAN_POINT ( 'NONE',  ( 0.000000000000000000, -0.04400000000000001826, -0.03000000000000000930 ) ) ;
#281 = CARTESIAN_POINT ( 'NONE',  ( -0.3598805450000000516, 0.08269445599999998564, 0.03425316000000000471 ) ) ;
#282 = ORIENTED_EDGE ( 'NONE', *, *, #1157, .F. ) ;
#283 = CARTESIAN_POINT ( 'NONE',  ( -0.4427133317179560712, 0.03371073008622311323, -0.07529831788993573971 ) ) ;
#284 = CARTESIAN_POINT ( 'NONE',  ( -0.4972600000000002574, -0.1325260855500000889, -0.08226710599000004731 ) ) ;
#285 = CARTESIAN_POINT ( 'NONE',  ( 0.2042000000000000481, 0.04400000000000001826, 0.000000000000000000 ) ) ;
#286 = CARTESIAN_POINT ( 'NONE',  ( -0.2909214680000001274, 5.000000000000000932E-09, 0.09727853200000004252 ) ) ;
#287 = ORIENTED_EDGE ( 'NONE', *, *, #632, .T. ) ;
#288 = CARTESIAN_POINT ( 'NONE',  ( -0.4512000000000003230, -0.07373624309344324612, 0.05438601355988357394 ) ) ;
#289 = ORIENTED_EDGE ( 'NONE', *, *, #1065, .F. ) ;
#290 = CARTESIAN_POINT ( 'NONE',  ( -0.3823805450000002382, 0.03425316000000001165, -0.08269445599999999952 ) ) ;
#291 = CARTESIAN_POINT ( 'NONE',  ( -0.3509214680000001252, 5.000000000000000932E-09, 0.09727853200000004252 ) ) ;
#292 = AXIS2_PLACEMENT_3D ( 'NONE', #1242, #4, #1649 ) ;
#293 = FACE_BOUND ( 'NONE', #2196, .T. ) ;
#294 = CARTESIAN_POINT ( 'NONE',  ( -0.4424803211285190385, 0.03009405421976211678, -0.07681935751213755936 ) ) ;
#295 = CARTESIAN_POINT ( 'NONE',  ( 1.004199999999999982, -0.05400000000000001327, 0.01000000000000000194 ) ) ;
#296 = DIRECTION ( 'NONE',  ( 0.000000000000000000, 0.000000000000000000, -1.000000000000000000 ) ) ;
#297 = CARTESIAN_POINT ( 'NONE',  ( -0.3209214680000001541, 5.000000000000000932E-09, 0.09727853200000004252 ) ) ;
#298 = ORIENTED_EDGE ( 'NONE', *, *, #261, .T. ) ;
#299 = CARTESIAN_POINT ( 'NONE',  ( -0.4465464679999999742, -0.09727853000000004358, 0.04029409199999998276 ) ) ;
#300 = VECTOR ( 'NONE', #126, 39.37007874015748143 ) ;
#301 = CARTESIAN_POINT ( 'NONE',  ( -0.4512000000000000455, -0.08146731045447792863, -0.05316192319099717623 ) ) ;
#302 = PRESENTATION_LAYER_ASSIGNMENT (  '', '', ( #2549 ) ) ;
#303 = ORIENTED_EDGE ( 'NONE', *, *, #1111, .T. ) ;
#304 = LINE ( 'NONE', #2534, #1618 ) ;
#305 = CARTESIAN_POINT ( 'NONE',  ( -0.3637763857700000991, 0.03419275977000001132, 0.08254861223000005410 ) ) ;
#306 = CARTESIAN_POINT ( 'NONE',  ( -0.4667555450000000494, -0.05847381200000002083, -0.05847380600000001705 ) ) ;
#307 = ORIENTED_EDGE ( 'NONE', *, *, #1884, .F. ) ;
#308 = CARTESIAN_POINT ( 'NONE',  ( -0.4459486421491755115, 0.07358358814074832110, -0.03733858904011925356 ) ) ;
#309 = VECTOR ( 'NONE', #1880, 39.37007874015748143 ) ;
#310 = CARTESIAN_POINT ( 'NONE',  ( -0.4236305450000000805, 0.03425316900000002773, 0.08269445300000004273 ) ) ;
#311 = EDGE_CURVE ( 'NONE', #2145, #2035, #23, .T. ) ;
#312 =( GEOMETRIC_REPRESENTATION_CONTEXT ( 3 ) GLOBAL_UNCERTAINTY_ASSIGNED_CONTEXT ( ( #652 ) ) GLOBAL_UNIT_ASSIGNED_CONTEXT ( ( #977, #593, #1764 ) ) REPRESENTATION_CONTEXT ( 'NONE', 'WORKASPACE' ) );
#313 = ORIENTED_EDGE ( 'NONE', *, *, #632, .F. ) ;
#314 = CARTESIAN_POINT ( 'NONE',  ( -0.2980055450000000383, 0.08269445400000002833, -4.000000000000001076E-09 ) ) ;
#315 = CARTESIAN_POINT ( 'NONE',  ( -0.4494463533112343367, 0.07964085886546296011, 0.02153099159749538236 ) ) ;
#316 = CARTESIAN_POINT ( 'NONE',  ( 0.2042000000000000481, -0.03400000000093000851, 0.009999999999380003099 ) ) ;
#317 = ADVANCED_FACE ( 'NONE', ( #2565 ), #1168, .T. ) ;
#318 = AXIS2_PLACEMENT_3D ( 'NONE', #1338, #329, #113 ) ;
#319 = DIRECTION ( 'NONE',  ( 0.000000000000000000, 0.000000000000000000, -1.000000000000000000 ) ) ;
#320 = CARTESIAN_POINT ( 'NONE',  ( -0.3527964680000000852, -0.04029408199999999496, 0.09727853400000004147 ) ) ;
#321 = CARTESIAN_POINT ( 'NONE',  ( -0.4255055450000000961, 4.000000000000001076E-09, 0.08269445400000002833 ) ) ;
#322 = EDGE_LOOP ( 'NONE', ( #1044, #1293, #2226, #973 ) ) ;
#323 = CARTESIAN_POINT ( 'NONE',  ( -0.4457630537674759919, 0.07209610878135483403, -0.04010487624450490701 ) ) ;
#324 = CARTESIAN_POINT ( 'NONE',  ( -0.2436305450000000317, 0.03425316900000002773, 0.08269445300000004273 ) ) ;
#325 = CARTESIAN_POINT ( 'NONE',  ( -0.4277964679999999853, 0.04029408199999999496, -0.09727853400000004147 ) ) ;
#326 = ORIENTED_EDGE ( 'NONE', *, *, #1081, .F. ) ;
#327 = CARTESIAN_POINT ( 'NONE',  ( -0.4491700819640401243, 0.08073978418741209473, 0.01695102502417262028 ) ) ;
#328 = EDGE_CURVE ( 'NONE', #840, #959, #930, .T. ) ;
#329 = DIRECTION ( 'NONE',  ( -1.000000000000000000, 0.000000000000000000, 0.000000000000000000 ) ) ;
#330 = ORIENTED_EDGE ( 'NONE', *, *, #142, .F. ) ;
#331 = DIRECTION ( 'NONE',  ( 1.000000000000000000, 0.000000000000000000, 0.000000000000000000 ) ) ;
#332 = CARTESIAN_POINT ( 'NONE',  ( -0.4180055450000000894, 0.08269445400000002833, -4.000000000000001076E-09 ) ) ;
#333 = CARTESIAN_POINT ( 'NONE',  ( -0.3921714680000001341, -0.06878631300000001558, -0.06878630600000003315 ) ) ;
#334 = CARTESIAN_POINT ( 'NONE',  ( -0.4236305450000000805, 0.03425316900000002773, 0.08269445300000004273 ) ) ;
#335 = DIRECTION ( 'NONE',  ( 0.000000000000000000, 0.000000000000000000, -1.000000000000000000 ) ) ;
#336 = CARTESIAN_POINT ( 'NONE',  ( -0.4441749725705538276, 0.05473187442203865383, -0.06173562952034807039 ) ) ;
#337 = CARTESIAN_POINT ( 'NONE',  ( -0.2361305450000000250, 0.08269445300000004273, -0.03425316900000002773 ) ) ;
#338 = CARTESIAN_POINT ( 'NONE',  ( -0.4540464679999999253, -0.04029409199999998969, -0.09727853000000004358 ) ) ;
#339 = ORIENTED_EDGE ( 'NONE', *, *, #1870, .F. ) ;
#340 = CARTESIAN_POINT ( 'NONE',  ( -0.4487164423068752961, 0.08199987546064514687, 0.009205206599345171214 ) ) ;
#341 = CARTESIAN_POINT ( 'NONE',  ( -0.4978000000000001313, -0.1315448450000000491, -0.08198142300000002547 ) ) ;
#342 = CARTESIAN_POINT ( 'NONE',  ( 0.2042000000000000481, -0.03400000000000000938, 0.01000000000000000194 ) ) ;
#343 = STYLED_ITEM ( 'NONE', ( #1205 ), #1792 ) ;
#344 = ADVANCED_FACE ( 'NONE', ( #463 ), #891, .T. ) ;
#345 = CARTESIAN_POINT ( 'NONE',  ( -0.3977964680000001807, 0.04029408199999999496, -0.09727853400000004147 ) ) ;
#346 = LINE ( 'NONE', #124, #1520 ) ;
#347 = CARTESIAN_POINT ( 'NONE',  ( -0.4440421094251508216, 0.05294603859513349192, -0.06327022180509307703 ) ) ;
#348 = CARTESIAN_POINT ( 'NONE',  ( -0.2417555450000000439, 0.05847381200000002083, 0.05847380600000001705 ) ) ;
#349 = CARTESIAN_POINT ( 'NONE',  ( -0.3977964680000001807, 0.04029408199999999496, -0.09727853400000004147 ) ) ;
#350 = AXIS2_PLACEMENT_3D ( 'NONE', #2012, #1812, #159 ) ;
#351 = ORIENTED_EDGE ( 'NONE', *, *, #2323, .T. ) ;
#352 = CARTESIAN_POINT ( 'NONE',  ( -0.2773805450000000339, -0.03425316000000001165, 0.08269445599999999952 ) ) ;
#353 = CARTESIAN_POINT ( 'NONE',  ( -0.4504697580828903036, 0.07343204406721808020, 0.03761117787592009598 ) ) ;
#354 = DIRECTION ( 'NONE',  ( 0.000000000000000000, 0.000000000000000000, -1.000000000000000000 ) ) ;
#355 = VECTOR ( 'NONE', #168, 39.37007874015748143 ) ;
#356 = CARTESIAN_POINT ( 'NONE',  ( 0.2042000000000000481, 0.05400000000000001327, -0.01000000000000000194 ) ) ;
#357 = CARTESIAN_POINT ( 'NONE',  ( -0.3921714680000001341, -0.06878631300000001558, -0.06878630600000003315 ) ) ;
#358 = CYLINDRICAL_SURFACE ( 'NONE', #1608, 0.09600000000000004363 ) ;
#359 = CARTESIAN_POINT ( 'NONE',  ( -0.3865464679999999764, -0.09727853000000004358, 0.04029409199999998969 ) ) ;
#360 = PRODUCT_RELATED_PRODUCT_CATEGORY ( 'part', '', ( #1398 ) ) ;
#361 = CARTESIAN_POINT ( 'NONE',  ( -0.3037763857699999903, 0.03419275977000001132, 0.08254861223000005410 ) ) ;
#362 = FACE_OUTER_BOUND ( 'NONE', #1194, .T. ) ;
#363 = CARTESIAN_POINT ( 'NONE',  ( -0.3790464680000001363, 0.04029409199999998969, 0.09727853000000004358 ) ) ;
#364 = ORIENTED_EDGE ( 'NONE', *, *, #1095, .F. ) ;
#365 = CARTESIAN_POINT ( 'NONE',  ( -0.4506089489760609079, 0.07232899335394860074, 0.03969108877334293073 ) ) ;
#366 = CARTESIAN_POINT ( 'NONE',  ( -0.5518000000000000682, -0.03295642000000001404, -0.05416118900000002623 ) ) ;
#367 = EDGE_LOOP ( 'NONE', ( #1707, #1330, #1917, #157, #2494 ) ) ;
#368 = DIRECTION ( 'NONE',  ( 4.406206441393971565E-16, 1.000000000000000000, 0.000000000000000000 ) ) ;
#369 = DIRECTION ( 'NONE',  ( 0.000000000000000000, -0.000000000000000000, 1.000000000000000000 ) ) ;
#370 = CARTESIAN_POINT ( 'NONE',  ( -0.4256513857700001124, 3.990000000000001318E-09, 0.08254861322000003887 ) ) ;
#371 = CARTESIAN_POINT ( 'NONE',  ( -0.2869013857700000170, -0.05837068699000002442, -0.05837068100000002147 ) ) ;
#372 = FACE_BOUND ( 'NONE', #806, .T. ) ;
#373 = CARTESIAN_POINT ( 'NONE',  ( -0.2377999999999999559, 0.08251073261524451141, -0.0002067669133796068036 ) ) ;
#374 = EDGE_CURVE ( 'NONE', #831, #939, #2557, .T. ) ;
#375 = VERTEX_POINT ( 'NONE', #491 ) ;
#376 = CARTESIAN_POINT ( 'NONE',  ( -0.4470182958851809940, 0.07992050905847682130, -0.02046856692184229748 ) ) ;
#377 = CARTESIAN_POINT ( 'NONE',  ( -0.4417616929632895428, 0.01848273923164665475, -0.08040680437484935827 ) ) ;
#378 = CARTESIAN_POINT ( 'NONE',  ( -0.2386896068484694600, 0.08249999996513258937, 0.01621343660577445611 ) ) ;
#379 = CARTESIAN_POINT ( 'NONE',  ( -0.4977999999881635995, -2.607720744873564338E-27, 0.000000000000000000 ) ) ;
#380 = CARTESIAN_POINT ( 'NONE',  ( -0.3396714680000001430, 0.06878630600000003315, -0.06878631300000001558 ) ) ;
#381 = CARTESIAN_POINT ( 'NONE',  ( -0.3186305450000000983, -0.03425316900000002773, -0.08269445300000004273 ) ) ;
#382 = COLOUR_RGB ( '',0.000000000000000000, 0.000000000000000000, 0.000000000000000000 ) ;
#383 = CARTESIAN_POINT ( 'NONE',  ( -0.4678000000000001046, -0.1550000000000000544, 1.898202538678398198E-17 ) ) ;
#384 = CARTESIAN_POINT ( 'NONE',  ( -0.2378000000000000669, 0.08257599394473338905, -0.001861824913068738444 ) ) ;
#385 = EDGE_LOOP ( 'NONE', ( #1710, #1931, #2411, #1116, #730 ) ) ;
#386 = CARTESIAN_POINT ( 'NONE',  ( -0.2552964679999999431, 0.09727853400000004147, 0.04029408199999999496 ) ) ;
#387 = CARTESIAN_POINT ( 'NONE',  ( -0.4412166156127592664, 0.009203756545127707300, -0.08198876024982869326 ) ) ;
#388 = DIRECTION ( 'NONE',  ( 0.000000000000000000, 0.000000000000000000, -1.000000000000000000 ) ) ;
#389 = EDGE_CURVE ( 'NONE', #2296, #1969, #2262, .T. ) ;
#390 = CARTESIAN_POINT ( 'NONE',  ( -0.3280055450000001205, 0.08269445400000002833, -4.000000000000001076E-09 ) ) ;
#391 = CARTESIAN_POINT ( 'NONE',  ( -0.4512000000000001010, -0.05236225280010403660, 0.07339936175320033174 ) ) ;
#392 = CARTESIAN_POINT ( 'NONE',  ( -0.4275263857699999615, -0.03419275078000002382, 0.08254861522000001006 ) ) ;
#393 = CARTESIAN_POINT ( 'NONE',  ( -0.2737763857699999637, 0.03419275977000001132, 0.08254861223000005410 ) ) ;
#394 = CARTESIAN_POINT ( 'NONE',  ( -0.2378000000000000669, -4.000000000000001076E-09, -0.08250000000000003164 ) ) ;
#395 = FACE_OUTER_BOUND ( 'NONE', #2526, .T. ) ;
#396 = ORIENTED_EDGE ( 'NONE', *, *, #2197, .F. ) ;
#397 = CARTESIAN_POINT ( 'NONE',  ( -0.4477012268416372676, 0.08201947781009624738, -0.008891302478216794522 ) ) ;
#398 = CARTESIAN_POINT ( 'NONE',  ( -0.4405055450000000539, -4.000000000000001076E-09, -0.08269445400000002833 ) ) ;
#399 = DIRECTION ( 'NONE',  ( 0.000000000000000000, 0.000000000000000000, -1.000000000000000000 ) ) ;
#400 = CARTESIAN_POINT ( 'NONE',  ( -0.3823805450000002382, 0.03425316000000001165, -0.08269445599999999952 ) ) ;
#401 = CARTESIAN_POINT ( 'NONE',  ( -0.2378000000000000669, 0.08250000000000003164, -4.000000000000001076E-09 ) ) ;
#402 = CARTESIAN_POINT ( 'NONE',  ( -0.2755055450000000739, 4.000000000000001076E-09, 0.08269445400000002833 ) ) ;
#403 = FILL_AREA_STYLE ('',( #621 ) ) ;
#404 = EDGE_CURVE ( 'NONE', #2539, #868, #1500, .T. ) ;
#405 = CARTESIAN_POINT ( 'NONE',  ( -0.3844013857700001036, 0.05837068100000002147, -0.05837068699000002442 ) ) ;
#406 = CARTESIAN_POINT ( 'NONE',  ( -0.3036305449999999739, 0.03425316900000002773, 0.08269445300000004273 ) ) ;
#407 = DIRECTION ( 'NONE',  ( 0.000000000000000000, 1.000000000000000000, 0.000000000000000000 ) ) ;
#408 = CARTESIAN_POINT ( 'NONE',  ( -0.4678000000000001046, 0.000000000000000000, 0.000000000000000000 ) ) ;
#409 = VERTEX_POINT ( 'NONE', #1103 ) ;
#410 = CARTESIAN_POINT ( 'NONE',  ( -0.4481181507685769727, 0.08248994042061773280, -0.001487571664282459800 ) ) ;
#411 = CARTESIAN_POINT ( 'NONE',  ( -0.4444555677884194922, 0.05833236899191245745, -0.05833237499191246123 ) ) ;
#412 = CARTESIAN_POINT ( 'NONE',  ( 0.000000000000000000, 0.000000000000000000, 0.000000000000000000 ) ) ;
#413 = CARTESIAN_POINT ( 'NONE',  ( -0.3092555450000000761, -0.05847380600000001705, 0.05847381200000002083 ) ) ;
#414 = ORIENTED_EDGE ( 'NONE', *, *, #2323, .F. ) ;
#415 = CARTESIAN_POINT ( 'NONE',  ( -0.2586305449999999340, -0.03425316900000002773, -0.08269445300000004273 ) ) ;
#416 = CARTESIAN_POINT ( 'NONE',  ( -0.4512000000000001010, -0.03122096835341247462, -0.08935565330434085130 ) ) ;
#417 = FACE_OUTER_BOUND ( 'NONE', #2085, .T. ) ;
#418 = AXIS2_PLACEMENT_3D ( 'NONE', #431, #2041, #247 ) ;
#419 = CARTESIAN_POINT ( 'NONE',  ( -0.4237763857700000414, 0.03419275977000001132, 0.08254861223000005410 ) ) ;
#420 = EDGE_CURVE ( 'NONE', #2118, #2097, #528, .T. ) ;
#421 = ADVANCED_FACE ( 'NONE', ( #2413 ), #2254, .T. ) ;
#422 = DIRECTION ( 'NONE',  ( 0.000000000000000000, 0.000000000000000000, 1.000000000000000000 ) ) ;
#423 = CIRCLE ( 'NONE', #1968, 0.09600000000000004363 ) ;
#424 = VERTEX_POINT ( 'NONE', #1416 ) ;
#425 = CARTESIAN_POINT ( 'NONE',  ( -0.3471714680000000941, 0.06878631300000001558, 0.06878630600000003315 ) ) ;
#426 = CARTESIAN_POINT ( 'NONE',  ( -0.4406999999613805952, -4.092154735402216860E-09, -0.08249999999999992062 ) ) ;
#427 = DIRECTION ( 'NONE',  ( -8.278327253528066863E-16, -1.000000000000000000, 0.000000000000000000 ) ) ;
#428 = CARTESIAN_POINT ( 'NONE',  ( -0.3561305450000000206, 0.08269445300000004273, -0.03425316900000002773 ) ) ;
#429 = CARTESIAN_POINT ( 'NONE',  ( -0.2374642560000001235, 0.08227950200000004599, -0.006027737000000002628 ) ) ;
#430 = CARTESIAN_POINT ( 'NONE',  ( -0.4165464680000001141, -0.09727853000000004358, 0.04029409199999998276 ) ) ;
#431 = CARTESIAN_POINT ( 'NONE',  ( -0.1178000000000000436, 0.000000000000000000, 0.000000000000000000 ) ) ;
#432 = AXIS2_PLACEMENT_3D ( 'NONE', #2128, #2490, #335 ) ;
#433 = CARTESIAN_POINT ( 'NONE',  ( -0.1178000000000000436, 0.000000000000000000, 0.000000000000000000 ) ) ;
#434 = CARTESIAN_POINT ( 'NONE',  ( -0.4462763857699999503, 0.08254861223000005410, -0.03419275977000001132 ) ) ;
#435 = CARTESIAN_POINT ( 'NONE',  ( -0.3336305449999999451, 0.03425316900000002773, 0.08269445300000004273 ) ) ;
#436 = AXIS2_PLACEMENT_3D ( 'NONE', #705, #460, #1087 ) ;
#437 = CARTESIAN_POINT ( 'NONE',  ( -0.2665464679999999809, -0.09727853000000004358, 0.04029409199999998276 ) ) ;
#438 = EDGE_CURVE ( 'NONE', #1109, #2118, #713, .T. ) ;
#439 = CIRCLE ( 'NONE', #180, 0.09500000000000004274 ) ;
#440 = DIRECTION ( 'NONE',  ( 0.000000000000000000, 0.000000000000000000, -1.000000000000000000 ) ) ;
#441 = ORIENTED_EDGE ( 'NONE', *, *, #1277, .F. ) ;
#442 = CARTESIAN_POINT ( 'NONE',  ( -0.3659214680000001385, -5.000000000000000932E-09, -0.09727853200000004252 ) ) ;
#443 = CARTESIAN_POINT ( 'NONE',  ( -0.4428762892645575766, 0.03620002414718725275, -0.07413787189292275759 ) ) ;
#444 = CARTESIAN_POINT ( 'NONE',  ( 0.4495070866141730459, 0.05400000000000001327, 0.009999999999999995004 ) ) ;
#445 = CARTESIAN_POINT ( 'NONE',  ( -0.4511999999999998789, 0.06569518430308525503, 0.05011833845390152586 ) ) ;
#446 = CARTESIAN_POINT ( 'NONE',  ( -0.4048805449999999806, -0.08269445599999999952, -0.03425316000000001165 ) ) ;
#447 = ORIENTED_EDGE ( 'NONE', *, *, #1169, .T. ) ;
#448 = CARTESIAN_POINT ( 'NONE',  ( -0.2527942800443461202, -0.08249458868735930206, 4.000000000000001076E-09 ) ) ;
#449 = DIRECTION ( 'NONE',  ( 1.000000000000000000, 0.000000000000000000, 0.000000000000000000 ) ) ;
#450 = PLANE ( 'NONE',  #633 ) ;
#451 = ORIENTED_EDGE ( 'NONE', *, *, #725, .F. ) ;
#452 = CARTESIAN_POINT ( 'NONE',  ( -0.2376286920165178174, 0.08249458868735930206, -0.003017706057726695160 ) ) ;
#453 = CARTESIAN_POINT ( 'NONE',  ( -0.3580055450000000916, 0.08269445400000002833, -4.000000000000001076E-09 ) ) ;
#454 = CYLINDRICAL_SURFACE ( 'NONE', #1565, 0.08250000000000003164 ) ;
#455 = CARTESIAN_POINT ( 'NONE',  ( -0.4292555450000000716, -0.05847380600000001705, 0.05847381200000002083 ) ) ;
#456 = ORIENTED_EDGE ( 'NONE', *, *, #711, .T. ) ;
#457 = CARTESIAN_POINT ( 'NONE',  ( -0.3190464679999999720, 0.04029409199999998969, 0.09727853000000004358 ) ) ;
#458 = CARTESIAN_POINT ( 'NONE',  ( -0.4432933207476770221, 0.04240505283150150517, -0.07076874612687476807 ) ) ;
#459 = CARTESIAN_POINT ( 'NONE',  ( -0.4978000000000001313, 0.1315448450000000491, 0.08198142300000002547 ) ) ;
#460 = DIRECTION ( 'NONE',  ( 1.000000000000000000, -2.069581813382017455E-16, 0.000000000000000000 ) ) ;
#461 = CARTESIAN_POINT ( 'NONE',  ( -0.2984214680000001341, -0.09727853200000004252, 5.000000000000000932E-09 ) ) ;
#462 = EDGE_CURVE ( 'NONE', #2505, #1785, #1996, .T. ) ;
#463 = FACE_OUTER_BOUND ( 'NONE', #149, .T. ) ;
#464 = CARTESIAN_POINT ( 'NONE',  ( -0.4978000000000000203, 0.1315425310000000181, 0.08198513599999998624 ) ) ;
#465 = PRODUCT_DEFINITION_SHAPE ( 'NONE', 'NONE',  #809 ) ;
#466 = PRESENTATION_STYLE_ASSIGNMENT (( #1845 ) ) ;
#467 = LINE ( 'NONE', #35, #309 ) ;
#468 = CARTESIAN_POINT ( 'NONE',  ( -0.2927964679999999764, -0.04029408199999999496, 0.09727853400000004147 ) ) ;
#469 = CARTESIAN_POINT ( 'NONE',  ( 0.000000000000000000, -0.04400000000000001826, 0.03000000000000000930 ) ) ;
#470 = CARTESIAN_POINT ( 'NONE',  ( -0.3523805449999999895, 0.03425316000000000471, -0.08269445599999998564 ) ) ;
#471 = CARTESIAN_POINT ( 'NONE',  ( -0.2905055450000000872, -4.000000000000001076E-09, -0.08269445400000002833 ) ) ;
#472 = VERTEX_POINT ( 'NONE', #1959 ) ;
#473 = CARTESIAN_POINT ( 'NONE',  ( -0.3415464680000000475, 0.09727853000000004358, -0.04029409199999998969 ) ) ;
#474 = PRODUCT_CONTEXT ( 'NONE', #2318, 'mechanical' ) ;
#475 = CARTESIAN_POINT ( 'NONE',  ( -0.3096714680000001163, 0.06878630600000003315, -0.06878631300000001558 ) ) ;
#476 = CARTESIAN_POINT ( 'NONE',  ( 0.2041999999999999649, -0.05400000000000001327, 0.01000000000000000194 ) ) ;
#477 = ADVANCED_FACE ( 'NONE', ( #1362 ), #2399, .F. ) ;
#478 = CARTESIAN_POINT ( 'NONE',  ( -0.4978000000000000758, -7.523178891620421873E-33, 0.000000000000000000 ) ) ;
#479 = CARTESIAN_POINT ( 'NONE',  ( -0.4512000000000000455, -4.000000000000001076E-09, -0.08250000000000003164 ) ) ;
#480 = VERTEX_POINT ( 'NONE', #1970 ) ;
#481 = FACE_OUTER_BOUND ( 'NONE', #2256, .T. ) ;
#482 = CARTESIAN_POINT ( 'NONE',  ( 0.2042000000000000481, 0.04400000000000001826, 0.03000000000000000930 ) ) ;
#483 = CARTESIAN_POINT ( 'NONE',  ( -0.3880055450000001183, 0.08269445400000002833, -4.000000000000001076E-09 ) ) ;
#484 = VECTOR ( 'NONE', #1905, 39.37007874015748143 ) ;
#485 = DIRECTION ( 'NONE',  ( 0.000000000000000000, 1.000000000000000000, 0.000000000000000000 ) ) ;
#486 = CARTESIAN_POINT ( 'NONE',  ( -0.3542555450000000605, 0.05847380600000001705, -0.05847381200000002083 ) ) ;
#487 = ORIENTED_EDGE ( 'NONE', *, *, #2361, .F. ) ;
#488 = CARTESIAN_POINT ( 'NONE',  ( -0.4423173201707710223, 0.02752055881489949563, -0.07777843295348042807 ) ) ;
#489 = CARTESIAN_POINT ( 'NONE',  ( -0.2515464680000000786, 0.09727853000000004358, -0.04029409199999998969 ) ) ;
#490 = ORIENTED_EDGE ( 'NONE', *, *, #1927, .T. ) ;
#491 = CARTESIAN_POINT ( 'NONE',  ( -0.2605055449921759858, -3.945682546674065527E-09, -0.08269445403001954298 ) ) ;
#492 = CARTESIAN_POINT ( 'NONE',  ( -0.4511999999999999345, -0.08729920705202660891, -0.04317889597751544545 ) ) ;
#493 = ORIENTED_EDGE ( 'NONE', *, *, #2295, .F. ) ;
#494 = CARTESIAN_POINT ( 'NONE',  ( -0.4500263857700000925, 0.08254861522000001006, 0.03419275078000002382 ) ) ;
#495 = CARTESIAN_POINT ( 'NONE',  ( -0.2567555450000000294, -0.05847381200000002083, -0.05847380600000001705 ) ) ;
#496 = CARTESIAN_POINT ( 'NONE',  ( -0.3602964679999999253, -0.09727853400000004147, -0.04029408199999999496 ) ) ;
#497 = FACE_OUTER_BOUND ( 'NONE', #2192, .T. ) ;
#498 = CARTESIAN_POINT ( 'NONE',  ( -0.4433393789377845229, 0.04307576027265196811, -0.07036141610949163405 ) ) ;
#499 = CARTESIAN_POINT ( 'NONE',  ( -0.4511999998539124035, 0.06505513335673018815, 0.05105097844927095757 ) ) ;
#500 = CARTESIAN_POINT ( 'NONE',  ( -0.2852964680000000808, 0.09727853400000004147, 0.04029408199999999496 ) ) ;
#501 = EDGE_LOOP ( 'NONE', ( #777, #339, #719, #2108, #2066 ) ) ;
#502 = CARTESIAN_POINT ( 'NONE',  ( -0.4512000000000001010, -0.08646710802728535539, 0.03523468505250514776 ) ) ;
#503 = VERTEX_POINT ( 'NONE', #171 ) ;
#504 = CARTESIAN_POINT ( 'NONE',  ( -0.3319013857700001124, 0.05837068699000002442, 0.05837068100000002147 ) ) ;
#505 = EDGE_CURVE ( 'NONE', #2505, #868, #614, .T. ) ;
#506 = CARTESIAN_POINT ( 'NONE',  ( -0.4630055450000000183, -0.08269445400000002833, 4.000000000000001076E-09 ) ) ;
#507 = VERTEX_POINT ( 'NONE', #841 ) ;
#508 = CARTESIAN_POINT ( 'NONE',  ( -0.4440643285814721564, 0.05324638163264209384, -0.06301767067781535725 ) ) ;
#509 = CARTESIAN_POINT ( 'NONE',  ( -0.3396714680000001430, 0.06878630600000003315, -0.06878631300000001558 ) ) ;
#510 = CARTESIAN_POINT ( 'NONE',  ( -0.2905055450000000872, -4.000000000000001076E-09, -0.08269445400000002833 ) ) ;
#511 = AXIS2_PLACEMENT_3D ( 'NONE', #408, #1220, #440 ) ;
#512 = CARTESIAN_POINT ( 'NONE',  ( -0.4972600000000000908, 0.1325237636900000460, 0.08227084682000002092 ) ) ;
#513 = EDGE_LOOP ( 'NONE', ( #2168, #1073, #1733, #1105, #40 ) ) ;
#514 = CARTESIAN_POINT ( 'NONE',  ( -0.4406999999262527501, -3.999999999999994459E-09, -0.08249999999999996225 ) ) ;
#515 = CARTESIAN_POINT ( 'NONE',  ( -0.3209214680000001541, 5.000000000000000932E-09, 0.09727853200000004252 ) ) ;
#516 = CARTESIAN_POINT ( 'NONE',  ( -0.4480055450000001160, 0.08269445400000002833, -4.000000000000001076E-09 ) ) ;
#517 = EDGE_CURVE ( 'NONE', #934, #955, #1191, .T. ) ;
#518 = ORIENTED_EDGE ( 'NONE', *, *, #589, .T. ) ;
#519 = CARTESIAN_POINT ( 'NONE',  ( -0.4453488090677366618, 0.06840169710494423128, -0.04612437352597296286 ) ) ;
#520 = VECTOR ( 'NONE', #1722, 39.37007874015748143 ) ;
#521 = CARTESIAN_POINT ( 'NONE',  ( -0.3996714680000000852, 0.06878630600000003315, -0.06878631300000001558 ) ) ;
#522 = ORIENTED_EDGE ( 'NONE', *, *, #2092, .F. ) ;
#523 = CARTESIAN_POINT ( 'NONE',  ( -0.2642555450000000361, 0.05847380600000001705, -0.05847381200000002083 ) ) ;
#524 = AXIS2_PLACEMENT_3D ( 'NONE', #230, #1814, #27 ) ;
#525 = CARTESIAN_POINT ( 'NONE',  ( -0.4512000000000000455, 7.225416114969386412E-18, 0.05900000000000001771 ) ) ;
#526 = CIRCLE ( 'NONE', #1984, 0.09500000000000004274 ) ;
#527 = ORIENTED_EDGE ( 'NONE', *, *, #2211, .T. ) ;
#528 = B_SPLINE_CURVE_WITH_KNOTS ( 'NONE', 3,
 ( #92, #2366, #762, #731, #1351, #1548, #147, #1772, #2159, #1731, #1935, #775, #2110, #340, #132, #2337, #1137, #960, #1328, #1518, #2310, #327, #1578, #1314, #315, #1564, #748, #1750, #1923, #1127, #1911, #112, #2353, #102, #553, #1363, #1949, #937, #1162, #1534, #353, #566, #950, #365, #1173, #160, #2204, #1429, #1386, #1983, #2592, #1829, #817, #185, #1798 ),
 .UNSPECIFIED., .F., .F.,
 ( 4, 3, 3, 3, 3, 3, 3, 3, 3, 3, 3, 3, 3, 3, 3, 3, 3, 3, 4 ),
 ( 0.000000000000000000, 1.497384019042756190E-05, 7.488060998759280028E-05, 0.0001347873777717297058, 0.0001946941436776701605, 0.0003145807613083797952, 0.0003744875243392609826, 0.0004343942860867681011, 0.0005542808590720351737, 0.0006141876190765336143, 0.0006740943784576505001, 0.0007939809294795231991, 0.0008538876883381122090, 0.0009737742384887242706, 0.001033680997761047974, 0.001093587757619966360, 0.001202053194697189596, 0.001256403647044565183, 0.001310790463855113002 ),
 .UNSPECIFIED. ) ;
#529 = FACE_OUTER_BOUND ( 'NONE', #256, .T. ) ;
#530 = CARTESIAN_POINT ( 'NONE',  ( -0.3375263857700001591, -0.03419275078000002382, 0.08254861522000001006 ) ) ;
#531 = CARTESIAN_POINT ( 'NONE',  ( -0.4236305450000000250, 0.03425316900000002773, 0.08269445300000004273 ) ) ;
#532 = CARTESIAN_POINT ( 'NONE',  ( -0.4446714680000001252, -0.06878630600000003315, 0.06878631300000001558 ) ) ;
#533 = CARTESIAN_POINT ( 'NONE',  ( -0.4405055450000000539, -4.000000000000001076E-09, -0.08269445400000002833 ) ) ;
#534 = ORIENTED_EDGE ( 'NONE', *, *, #2092, .T. ) ;
#535 = CARTESIAN_POINT ( 'NONE',  ( -0.4450763858526632921, 0.06565790210906512214, -0.04995287670031047650 ) ) ;
#536 = CARTESIAN_POINT ( 'NONE',  ( -0.2305055450000000339, -4.000000000000001076E-09, -0.08269445400000002833 ) ) ;
#537 = CARTESIAN_POINT ( 'NONE',  ( -0.3921714680000001341, -0.06878631300000001558, -0.06878630600000003315 ) ) ;
#538 = VERTEX_POINT ( 'NONE', #1786 ) ;
#539 = CARTESIAN_POINT ( 'NONE',  ( 0.000000000000000000, -0.04400000000000001826, 0.000000000000000000 ) ) ;
#540 = ADVANCED_FACE ( 'NONE', ( #803 ), #1989, .T. ) ;
#541 = CARTESIAN_POINT ( 'NONE',  ( -0.2548862649556539739, -0.08269986731264072910, -0.03425540142561556839 ) ) ;
#542 = CARTESIAN_POINT ( 'NONE',  ( -0.3321714680000001363, -0.06878631300000001558, -0.06878630600000003315 ) ) ;
#543 = LINE ( 'NONE', #1736, #2225 ) ;
#544 = CARTESIAN_POINT ( 'NONE',  ( -0.3431513857700000947, -0.08254861322000003887, 3.990000000000001318E-09 ) ) ;
#545 = FILL_AREA_STYLE_COLOUR ( '', #382 ) ;
#546 = CARTESIAN_POINT ( 'NONE',  ( -0.4127964679999999720, -0.04029408199999999496, 0.09727853400000004147 ) ) ;
#547 = CARTESIAN_POINT ( 'NONE',  ( -0.4972600000000000908, -0.03198852142000001286, 0.3473210838500001563 ) ) ;
#548 = ORIENTED_EDGE ( 'NONE', *, *, #1724, .T. ) ;
#549 = CARTESIAN_POINT ( 'NONE',  ( -0.4463679162166404590, 0.07649712299283549510, -0.03090397967866130580 ) ) ;
#550 = DIRECTION ( 'NONE',  ( 1.000000000000000000, -0.000000000000000000, -0.000000000000000000 ) ) ;
#551 = CARTESIAN_POINT ( 'NONE',  ( -0.4109214680000000675, 5.000000000000000932E-09, 0.09727853200000004252 ) ) ;
#552 = EDGE_LOOP ( 'NONE', ( #2319, #905, #2335, #689 ) ) ;
#553 = CARTESIAN_POINT ( 'NONE',  ( -0.4500506028776813383, 0.07637976902476946439, 0.03119289454888078683 ) ) ;
#554 = CARTESIAN_POINT ( 'NONE',  ( -0.2528257129173544504, -0.08407635563750733010, 0.0001843239130672184487 ) ) ;
#555 = CARTESIAN_POINT ( 'NONE',  ( -0.2473862649556539672, -0.03425540142561556839, 0.08269986731264072910 ) ) ;
#556 = CARTESIAN_POINT ( 'NONE',  ( -0.3959214680000001652, -5.000000000000000932E-09, -0.09727853200000004252 ) ) ;
#557 = CIRCLE ( 'NONE', #1930, 0.09600000000000004363 ) ;
#558 = CARTESIAN_POINT ( 'NONE',  ( -0.2980055450000000383, 0.08269445400000002833, -4.000000000000001076E-09 ) ) ;
#559 = CARTESIAN_POINT ( 'NONE',  ( -0.4090464679999999964, 0.04029409199999998969, 0.09727853000000004358 ) ) ;
#560 = CARTESIAN_POINT ( 'NONE',  ( -0.4452574356643397846, 0.06752392007623107817, -0.04742610260875184530 ) ) ;
#561 = FACE_BOUND ( 'NONE', #1334, .T. ) ;
#562 = DIRECTION ( 'NONE',  ( 0.000000000000000000, 0.000000000000000000, 1.000000000000000000 ) ) ;
#563 = CARTESIAN_POINT ( 'NONE',  ( -0.3771714680000001207, 0.06878631300000001558, 0.06878630600000003315 ) ) ;
#564 = VECTOR ( 'NONE', #1573, 39.37007874015748143 ) ;
#565 = VERTEX_POINT ( 'NONE', #1482 ) ;
#566 = CARTESIAN_POINT ( 'NONE',  ( -0.4505162021517000182, 0.07307091563224013542, 0.03830805523996066303 ) ) ;
#567 = CARTESIAN_POINT ( 'NONE',  ( -0.5518000000000001792, 0.1412787980000000110, -0.01175165000000000237 ) ) ;
#568 = VECTOR ( 'NONE', #940, 39.37007874015748143 ) ;
#569 = ORIENTED_EDGE ( 'NONE', *, *, #1081, .T. ) ;
#570 = CIRCLE ( 'NONE', #1741, 0.05900000000000001771 ) ;
#571 = LINE ( 'NONE', #611, #355 ) ;
#572 = CIRCLE ( 'NONE', #704, 0.1550000000000000544 ) ;
#573 = CARTESIAN_POINT ( 'NONE',  ( -0.3055055450000001005, 4.000000000000001076E-09, 0.08269445400000002833 ) ) ;
#574 = CARTESIAN_POINT ( 'NONE',  ( -0.4511999999999968813, 0.06575016185299402405, 0.05003690626915439921 ) ) ;
#575 =( BOUNDED_CURVE ( )  B_SPLINE_CURVE ( 2, ( #2042, #219, #62, #1854, #1833, #848, #2447, #1639, #2059, #893, #1461, #1265, #2418, #2392, #1408 ),
 .UNSPECIFIED., .F., .F. ) 
 B_SPLINE_CURVE_WITH_KNOTS ( ( 3, 2, 2, 2, 2, 2, 2, 3 ),
 ( 0.000000000000000000, 0.1650560523022719661, 0.3301121041835320957, 0.4951681560647890334, 0.6602242079460484137, 0.8252802598273067947, 0.9903363117085660638, 1.000000000000000000 ),
 .UNSPECIFIED. ) 
 CURVE ( )  GEOMETRIC_REPRESENTATION_ITEM ( )  RATIONAL_B_SPLINE_CURVE ( ( 1.000000000000000000, 0.9238795325112871826, 1.000000000000000000, 0.9238795325112871826, 1.000000000000000000, 0.9238795325112871826, 1.000000000000000000, 0.9238795325112871826, 1.000000000000000000, 0.9238795325112871826, 1.000000000000000000, 0.9238795325112871826, 1.000000000000000000, 0.9955433050650069893, 0.9916084705546504008 ) ) 
 REPRESENTATION_ITEM ( '' )  );
#576 = CARTESIAN_POINT ( 'NONE',  ( 0.2042000000000000481, 0.05399999999907002107, 0.009999999999380003099 ) ) ;
#577 = CARTESIAN_POINT ( 'NONE',  ( -0.4296714680000001119, 0.06878630600000003315, -0.06878631300000001558 ) ) ;
#578 = ORIENTED_EDGE ( 'NONE', *, *, #2419, .T. ) ;
#579 = CARTESIAN_POINT ( 'NONE',  ( -0.4477857179911576280, 0.08217923509364681578, -0.007417591623673215791 ) ) ;
#580 = CARTESIAN_POINT ( 'NONE',  ( -0.4412839695690424224, 0.01037230609972171827, -0.08184631468908343255 ) ) ;
#581 = CARTESIAN_POINT ( 'NONE',  ( -0.2556368561409960161, -0.07001934566821982342, -0.04653316564549250800 ) ) ;
#582 = PRESENTATION_STYLE_ASSIGNMENT (( #2137 ) ) ;
#583 = CARTESIAN_POINT ( 'NONE',  ( -0.3246714680000000741, -0.06878630600000003315, 0.06878631300000001558 ) ) ;
#584 = CARTESIAN_POINT ( 'NONE',  ( -0.3130055450000000516, -0.08269445400000002833, 4.000000000000001076E-09 ) ) ;
#585 = CARTESIAN_POINT ( 'NONE',  ( -0.2590464680000000852, 0.04029409199999998276, 0.09727853000000004358 ) ) ;
#586 = EDGE_CURVE ( 'NONE', #1969, #710, #2449, .T. ) ;
#587 = CARTESIAN_POINT ( 'NONE',  ( -0.1178000000000000436, 0.000000000000000000, 0.000000000000000000 ) ) ;
#588 = CARTESIAN_POINT ( 'NONE',  ( -0.2534214680000000386, 0.09727853200000004252, -5.000000000000000932E-09 ) ) ;
#589 = EDGE_CURVE ( 'NONE', #2539, #1811, #467, .T. ) ;
#590 = CARTESIAN_POINT ( 'NONE',  ( -0.4409063346228498936, 0.003727181937724515209, -0.08241950112427633146 ) ) ;
#591 = CARTESIAN_POINT ( 'NONE',  ( -0.2377999999999999836, 0.02193031516614989823, -0.08642513052747094471 ) ) ;
#592 = CARTESIAN_POINT ( 'NONE',  ( -0.3036305449999999739, 0.03425316900000002773, 0.08269445300000004273 ) ) ;
#593 =( NAMED_UNIT ( * ) PLANE_ANGLE_UNIT ( ) SI_UNIT ( $, .RADIAN. ) );
#594 = SURFACE_SIDE_STYLE ('',( #796 ) ) ;
#595 = FACE_OUTER_BOUND ( 'NONE', #385, .T. ) ;
#596 = DIRECTION ( 'NONE',  ( 0.000000000000000000, 0.000000000000000000, -1.000000000000000000 ) ) ;
#597 = EDGE_CURVE ( 'NONE', #2180, #1551, #1245, .T. ) ;
#598 = ORIENTED_EDGE ( 'NONE', *, *, #248, .T. ) ;
#599 = CARTESIAN_POINT ( 'NONE',  ( -0.4479526154745697708, 0.08237942481476269452, -0.004458740538411261854 ) ) ;
#600 = CARTESIAN_POINT ( 'NONE',  ( -0.4414647242175183672, 0.01347826618549929564, -0.08139156185153857692 ) ) ;
#601 = CARTESIAN_POINT ( 'NONE',  ( -0.4512000000000000455, 0.000000000000000000, 0.000000000000000000 ) ) ;
#602 = CARTESIAN_POINT ( 'NONE',  ( -0.3298805449999999695, 0.08269445599999999952, 0.03425316000000001165 ) ) ;
#603 = EDGE_CURVE ( 'NONE', #1848, #1631, #1278, .T. ) ;
#604 = AXIS2_PLACEMENT_3D ( 'NONE', #1821, #2586, #812 ) ;
#605 = CARTESIAN_POINT ( 'NONE',  ( -0.2509192800443459936, -0.08249458665953102177, 0.03417038154655621662 ) ) ;
#606 = SURFACE_SIDE_STYLE ('',( #1026 ) ) ;
#607 = CIRCLE ( 'NONE', #699, 0.05649778756730220591 ) ;
#608 = DIRECTION ( 'NONE',  ( 0.000000000000000000, 0.000000000000000000, -1.000000000000000000 ) ) ;
#609 = CARTESIAN_POINT ( 'NONE',  ( -0.3994013857700000614, -0.05837068100000002147, 0.05837068699000002442 ) ) ;
#610 = CARTESIAN_POINT ( 'NONE',  ( 0.2042000000000000481, 0.04400000000000001826, 0.000000000000000000 ) ) ;
#611 = CARTESIAN_POINT ( 'NONE',  ( 0.2042000000000000481, -0.05399999999876001211, -0.01000000000000000194 ) ) ;
#612 = CARTESIAN_POINT ( 'NONE',  ( -0.1178000000000000436, 0.000000000000000000, 0.000000000000000000 ) ) ;
#613 = EDGE_LOOP ( 'NONE', ( #1591, #2424 ) ) ;
#614 = LINE ( 'NONE', #2169, #993 ) ;
#615 = CARTESIAN_POINT ( 'NONE',  ( -0.2377999999999999836, 0.08265302757460038507, -0.009252657616795426435 ) ) ;
#616 = CARTESIAN_POINT ( 'NONE',  ( -0.3767555450000000250, -0.05847381200000002083, -0.05847380600000001705 ) ) ;
#617 = ORIENTED_EDGE ( 'NONE', *, *, #1713, .T. ) ;
#618 = CARTESIAN_POINT ( 'NONE',  ( -0.2471692800443459626, -0.03417037357438446749, 0.08249459068735925937 ) ) ;
#619 = ADVANCED_FACE ( 'NONE', ( #2075 ), #2283, .T. ) ;
#620 =( CONVERSION_BASED_UNIT ( 'INCH', #2003 ) LENGTH_UNIT ( ) NAMED_UNIT ( #1950 ) );
#621 = FILL_AREA_STYLE_COLOUR ( '', #116 ) ;
#622 = CARTESIAN_POINT ( 'NONE',  ( 0.2042000000000000481, -0.04400000000000001826, 0.000000000000000000 ) ) ;
#623 = DIRECTION ( 'NONE',  ( 1.000000000000000000, 0.000000000000000000, 0.000000000000000000 ) ) ;
#624 = ORIENTED_EDGE ( 'NONE', *, *, #1407, .T. ) ;
#625 = CARTESIAN_POINT ( 'NONE',  ( -0.2909214680000001274, 5.000000000000000932E-09, 0.09727853200000004252 ) ) ;
#626 = CARTESIAN_POINT ( 'NONE',  ( -0.4407055677884194611, -4.000000000000001076E-09, -0.08249443224021341114 ) ) ;
#627 = CARTESIAN_POINT ( 'NONE',  ( -0.2378000000000000669, 0.07192755780177473302, -0.04576781262249043913 ) ) ;
#628 = CARTESIAN_POINT ( 'NONE',  ( -0.3842555450000000872, 0.05847380600000001705, -0.05847381200000002083 ) ) ;
#629 = VERTEX_POINT ( 'NONE', #1093 ) ;
#630 =( NAMED_UNIT ( * ) PLANE_ANGLE_UNIT ( ) SI_UNIT ( $, .RADIAN. ) );
#631 = CARTESIAN_POINT ( 'NONE',  ( -0.1178000000000000436, 0.000000000000000000, -0.09600000000000004363 ) ) ;
#632 = EDGE_CURVE ( 'NONE', #913, #897, #236, .T. ) ;
#633 = AXIS2_PLACEMENT_3D ( 'NONE', #1819, #1423, #608 ) ;
#634 = CARTESIAN_POINT ( 'NONE',  ( -0.4537763857699999015, 0.03419275977000001132, 0.08254861223000005410 ) ) ;
#635 = DIRECTION ( 'NONE',  ( 0.000000000000000000, 0.000000000000000000, -1.000000000000000000 ) ) ;
#636 = CARTESIAN_POINT ( 'NONE',  ( -0.2377999999999937664, 0.08260994083372787122, -0.003617540957353546950 ) ) ;
#637 = EDGE_LOOP ( 'NONE', ( #241, #1502, #1717, #1842, #598, #396 ) ) ;
#638 = CARTESIAN_POINT ( 'NONE',  ( -0.2946714680000001030, -0.06878630600000003315, 0.06878631300000001558 ) ) ;
#639 = CARTESIAN_POINT ( 'NONE',  ( -0.4427831887280728740, 0.03478152232804098548, -0.07480973001250566801 ) ) ;
#640 = DIRECTION ( 'NONE',  ( -1.000000000000000000, 4.139163626764034911E-16, 0.000000000000000000 ) ) ;
#641 = LINE ( 'NONE', #1262, #790 ) ;
#642 = CARTESIAN_POINT ( 'NONE',  ( -0.4030055450000000761, -0.08269445400000002833, 4.000000000000001076E-09 ) ) ;
#643 = VERTEX_POINT ( 'NONE', #649 ) ;
#644 = CARTESIAN_POINT ( 'NONE',  ( -0.2584250000000000158, -0.03417262300000002695, -0.08249999800000003269 ) ) ;
#645 = CARTESIAN_POINT ( 'NONE',  ( -0.4512000000000000455, -0.07682116048471489267, -0.05960207915836792519 ) ) ;
#646 = CYLINDRICAL_SURFACE ( 'NONE', #1306, 0.09500000000000004274 ) ;
#647 = VECTOR ( 'NONE', #863, 39.37007874015748143 ) ;
#648 = PRESENTATION_STYLE_ASSIGNMENT (( #2473 ) ) ;
#649 = CARTESIAN_POINT ( 'NONE',  ( 0.4888771653543305118, -0.03400000000000002326, -0.01000000000000000194 ) ) ;
#650 = CARTESIAN_POINT ( 'NONE',  ( -0.3448805450000000383, -0.08269445599999999952, -0.03425316000000001165 ) ) ;
#651 = VECTOR ( 'NONE', #1567, 39.37007874015748143 ) ;
#652 = UNCERTAINTY_MEASURE_WITH_UNIT (LENGTH_MEASURE( 1.000000000000000082E-05 ), #977, 'distance_accuracy_value', 'NONE');
#653 = ADVANCED_FACE ( 'NONE', ( #1450 ), #1435, .F. ) ;
#654 = CARTESIAN_POINT ( 'NONE',  ( -0.4255470000000000641, 0.000000000000000000, 0.000000000000000000 ) ) ;
#655 = CARTESIAN_POINT ( 'NONE',  ( -0.4511999999999998234, 0.06682892532758454018, 0.04839447269085837139 ) ) ;
#656 = AXIS2_PLACEMENT_3D ( 'NONE', #951, #789, #2135 ) ;
#657 = CARTESIAN_POINT ( 'NONE',  ( -0.3673805450000001693, -0.03425316000000000471, 0.08269445599999998564 ) ) ;
#658 = ORIENTED_EDGE ( 'NONE', *, *, #603, .T. ) ;
#659 = CARTESIAN_POINT ( 'NONE',  ( -0.3809214680000001518, 5.000000000000000932E-09, 0.09727853200000004252 ) ) ;
#660 = CARTESIAN_POINT ( 'NONE',  ( -0.4430388989499098318, 0.03864756036487735497, -0.07289191916617274170 ) ) ;
#661 = FACE_OUTER_BOUND ( 'NONE', #1098, .T. ) ;
#662 = CARTESIAN_POINT ( 'NONE',  ( -0.3321714680000001363, -0.06878631300000001558, -0.06878630600000003315 ) ) ;
#663 = CARTESIAN_POINT ( 'NONE',  ( -0.4277964679999999853, 0.04029408199999999496, -0.09727853400000004147 ) ) ;
#664 =( NAMED_UNIT ( * ) PLANE_ANGLE_UNIT ( ) SI_UNIT ( $, .RADIAN. ) );
#665 = CARTESIAN_POINT ( 'NONE',  ( -0.4519013857700000525, 0.05837068699000002442, 0.05837068100000002147 ) ) ;
#666 = CARTESIAN_POINT ( 'NONE',  ( -0.3059214680000001407, -5.000000000000000932E-09, -0.09727853200000004252 ) ) ;
#667 = DIRECTION ( 'NONE',  ( -1.000000000000000000, 4.139163626764034911E-16, 0.000000000000000000 ) ) ;
#668 = CARTESIAN_POINT ( 'NONE',  ( -0.3580055450000000916, 0.08269445400000002833, -4.000000000000001076E-09 ) ) ;
#669 = ADVANCED_FACE ( 'NONE', ( #849 ), #1179, .T. ) ;
#670 = CARTESIAN_POINT ( 'NONE',  ( -0.2848805449999999850, -0.08269445599999999952, -0.03425316000000001165 ) ) ;
#671 = ORIENTED_EDGE ( 'NONE', *, *, #261, .F. ) ;
#672 = CARTESIAN_POINT ( 'NONE',  ( -0.3265464680000001452, -0.09727853000000004358, 0.04029409199999998969 ) ) ;
#673 =( CONVERSION_BASED_UNIT ( 'INCH', #1541 ) LENGTH_UNIT ( ) NAMED_UNIT ( #1187 ) );
#674 = CARTESIAN_POINT ( 'NONE',  ( -0.4511999999999978250, 0.06525146482286173222, 0.05076813355434769276 ) ) ;
#675 = CARTESIAN_POINT ( 'NONE',  ( -0.2646714680000000208, -0.06878630600000003315, 0.06878631300000001558 ) ) ;
#676 = VERTEX_POINT ( 'NONE', #2184 ) ;
#677 = CARTESIAN_POINT ( 'NONE',  ( -0.4168000000000001704, -3.620526424330449258E-18, 0.000000000000000000 ) ) ;
#678 = LINE ( 'NONE', #1677, #2546 ) ;
#679 = CARTESIAN_POINT ( 'NONE',  ( -0.4670096097800001678, -0.05697516150000001695, -0.05976620750000002924 ) ) ;
#680 = CARTESIAN_POINT ( 'NONE',  ( -0.3767555450000000250, -0.05847381200000002083, -0.05847380600000001705 ) ) ;
#681 = CARTESIAN_POINT ( 'NONE',  ( -0.2796714680000000341, 0.06878630600000003315, -0.06878631300000001558 ) ) ;
#682 = FACE_OUTER_BOUND ( 'NONE', #322, .T. ) ;
#683 = CARTESIAN_POINT ( 'NONE',  ( -0.3261305449999999939, 0.08269445300000004273, -0.03425316900000002773 ) ) ;
#684 = ORIENTED_EDGE ( 'NONE', *, *, #987, .T. ) ;
#685 = CARTESIAN_POINT ( 'NONE',  ( -0.4426201374465288940, 0.03227364114155059638, -0.07592942692808127281 ) ) ;
#686 = CARTESIAN_POINT ( 'NONE',  ( -0.4978000000000002978, -0.1315402170000000703, -0.08198884800000000306 ) ) ;
#687 = AXIS2_PLACEMENT_3D ( 'NONE', #2063, #2212, #1268 ) ;
#688 = CARTESIAN_POINT ( 'NONE',  ( -0.4217555450000000650, 0.05847381200000002083, 0.05847380600000001705 ) ) ;
#689 = ORIENTED_EDGE ( 'NONE', *, *, #603, .F. ) ;
#690 = CARTESIAN_POINT ( 'NONE',  ( -0.4371714680000001185, 0.06878631300000001558, 0.06878630600000003315 ) ) ;
#691 = CARTESIAN_POINT ( 'NONE',  ( -0.5518000000000002903, 0.03295336200000002075, 0.05416304900000002559 ) ) ;
#692 = EDGE_CURVE ( 'NONE', #2016, #538, #1976, .T. ) ;
#693 = SURFACE_STYLE_USAGE ( .BOTH. , #2061 ) ;
#694 = DIRECTION ( 'NONE',  ( 0.000000000000000000, -0.000000000000000000, -1.000000000000000000 ) ) ;
#695 = CARTESIAN_POINT ( 'NONE',  ( -0.3861305449999999362, 0.08269445300000004273, -0.03425316900000002773 ) ) ;
#696 = CARTESIAN_POINT ( 'NONE',  ( -0.2548805450000000139, -0.08269445599999999952, -0.03425316000000001165 ) ) ;
#697 = AXIS2_PLACEMENT_3D ( 'NONE', #379, #807, #368 ) ;
#698 = CARTESIAN_POINT ( 'NONE',  ( -0.4517555450000000361, 0.05847381200000002083, 0.05847380600000001705 ) ) ;
#699 = AXIS2_PLACEMENT_3D ( 'NONE', #1147, #2501, #562 ) ;
#700 =( GEOMETRIC_REPRESENTATION_CONTEXT ( 3 ) GLOBAL_UNCERTAINTY_ASSIGNED_CONTEXT ( ( #1465 ) ) GLOBAL_UNIT_ASSIGNED_CONTEXT ( ( #673, #1075, #2095 ) ) REPRESENTATION_CONTEXT ( 'NONE', 'WORKASPACE' ) );
#701 = VERTEX_POINT ( 'NONE', #765 ) ;
#702 = CARTESIAN_POINT ( 'NONE',  ( -0.4422707832024577734, 0.02677939095190301835, -0.07803672223702511068 ) ) ;
#703 = CARTESIAN_POINT ( 'NONE',  ( -0.4978000000000001313, -0.03241800100000000878, 0.3450711130000001514 ) ) ;
#704 = AXIS2_PLACEMENT_3D ( 'NONE', #478, #2290, #1304 ) ;
#705 = CARTESIAN_POINT ( 'NONE',  ( -0.2378000000000000669, -4.684498434590175894E-18, 0.000000000000000000 ) ) ;
#706 = CARTESIAN_POINT ( 'NONE',  ( -0.2609214680000001008, 5.000000000000000932E-09, 0.09727853200000004252 ) ) ;
#707 = VERTEX_POINT ( 'NONE', #188 ) ;
#708 = DIRECTION ( 'NONE',  ( 4.139163626764033431E-16, 1.000000000000000000, 0.000000000000000000 ) ) ;
#709 = DIRECTION ( 'NONE',  ( 1.000000000000000000, 0.000000000000000000, 0.000000000000000000 ) ) ;
#710 = VERTEX_POINT ( 'NONE', #1582 ) ;
#711 = EDGE_CURVE ( 'NONE', #409, #934, #2161, .T. ) ;
#712 = CARTESIAN_POINT ( 'NONE',  ( -0.3955055450000001249, 4.000000000000001076E-09, 0.08269445400000002833 ) ) ;
#713 = B_SPLINE_CURVE_WITH_KNOTS ( 'NONE', 3,
 ( #426, #229, #1223, #1046, #2181, #1605, #1196, #590, #2569, #1182, #1838, #198, #26, #856, #387, #1644, #580, #2013, #2580, #213, #2389, #600, #1376, #2170, #828, #804, #2193, #1620, #1022, #377, #1971, #1895, #1286, #2274, #870, #1457, #921, #1876, #1062, #2468, #69, #2456, #1099, #702, #488, #1660, #2037, #1685, #243, #294, #89, #2288, #685, #2052, #283, #2426, #2441, #639, #2228, #443, #81, #1251, #1850, #42, #660, #1696, #271, #2081, #2479, #2244, #458, #258, #498, #1299, #58, #888, #1674, #1472, #2258, #1272, #1529, #1708, #2297, #1718, #2129, #1170, #2119, #1759, #946, #2540, #155, #347, #508, #1159, #969, #336, #2320, #1560, #1945, #2510, #1744, #143, #2527, #771, #1515, #109, #2307, #2500, #1309, #2106, #2349, #535, #2491, #560, #519, #717, #2155, #956, #1323, #758, #323, #1135, #308, #2333, #125, #1121, #1918, #549, #1727, #1908, #1145, #99, #1348, #742, #2365, #376, #2412, #2579, #2554, #1400, #816, #1385, #2590, #2203, #397, #579, #985, #599, #1577, #1828, #10, #410, #1209, #997 ),
 .UNSPECIFIED., .F., .F.,
 ( 4, 3, 3, 3, 3, 3, 3, 3, 3, 3, 3, 3, 3, 3, 3, 3, 3, 3, 3, 3, 3, 3, 3, 3, 3, 3, 3, 3, 3, 3, 3, 3, 3, 3, 3, 3, 3, 3, 3, 3, 3, 3, 3, 3, 3, 3, 3, 3, 3, 3, 3, 4 ),
 ( -0.003297560401684031250, -0.003282586562184615364, -0.003222679792062818106, -0.003162773023954052517, -0.003102866257723485479, -0.003042959493230284335, -0.003013010672466020796, -0.002953103910418114052, -0.002923155089815323779, -0.002863248329849437789, -0.002803341571006943110, -0.002773392750586252398, -0.002713485993188510890, -0.002683537172856608963, -0.002623630416506662552, -0.002563723660609145902, -0.002533774840350515659, -0.002473868084823969624, -0.002413961329316637820, -0.002384012509061193830, -0.002324105753240652498, -0.002294156932947846034, -0.002234250176405706573, -0.002174343419192429922, -0.002144394598790668946, -0.002084487840188026242, -0.002054539019672947490, -0.001994632259292688971, -0.001934725497584946973, -0.001904776676854470644, -0.001844869912751636492, -0.001814921091837456198, -0.001755014324991166627, -0.001725065503869114419, -0.001665158733950699828, -0.001605251968830100594, -0.001485365312533317795, -0.001365478685512695051, -0.001245592083093550930, -0.001185685319477562151, -0.001065798745858747339, -0.0009459121839239807879, -0.0008260256281866469943, -0.0007661188664549985552, -0.0006462323094751625668, -0.0005263457447873391183, -0.0004664389818095039317, -0.0003465523942617447506, -0.0002266657857097420861, -0.0001134874937783647737, -5.676443660184013126E-05, 0.000000000000000000 ),
 .UNSPECIFIED. ) ;
#714 = UNCERTAINTY_MEASURE_WITH_UNIT (LENGTH_MEASURE( 1.000000000000000082E-05 ), #2291, 'distance_accuracy_value', 'NONE');
#715 = CARTESIAN_POINT ( 'NONE',  ( -0.4536305449999998851, 0.03425316900000002773, 0.08269445300000004273 ) ) ;
#716 = ORIENTED_EDGE ( 'NONE', *, *, #2371, .T. ) ;
#717 = CARTESIAN_POINT ( 'NONE',  ( -0.4453944818426465169, 0.06884045183184611671, -0.04547370738920676614 ) ) ;
#718 = CARTESIAN_POINT ( 'NONE',  ( -0.2759214680000001141, -5.000000000000000932E-09, -0.09727853200000004252 ) ) ;
#719 = ORIENTED_EDGE ( 'NONE', *, *, #311, .T. ) ;
#720 = CARTESIAN_POINT ( 'NONE',  ( -0.2830055450000000250, -0.08269445400000002833, 4.000000000000001076E-09 ) ) ;
#721 = CARTESIAN_POINT ( 'NONE',  ( -0.4390464680000000230, 0.04029409199999998276, 0.09727853000000004358 ) ) ;
#722 = CARTESIAN_POINT ( 'NONE',  ( -0.4511999997236825211, 0.06693456022354231372, 0.04822877406363332980 ) ) ;
#723 = ORIENTED_EDGE ( 'NONE', *, *, #2264, .T. ) ;
#724 = CARTESIAN_POINT ( 'NONE',  ( -0.3544013857700000769, 0.05837068100000002147, -0.05837068699000002442 ) ) ;
#725 = EDGE_CURVE ( 'NONE', #507, #2296, #1596, .T. ) ;
#726 = CARTESIAN_POINT ( 'NONE',  ( -0.3021714680000001096, -0.06878631300000001558, -0.06878630600000003315 ) ) ;
#727 = CARTESIAN_POINT ( 'NONE',  ( -0.4669740100000001060, -0.05561261900000002978, -0.06120138400000001144 ) ) ;
#728 = PLANE ( 'NONE',  #1240 ) ;
#729 = CARTESIAN_POINT ( 'NONE',  ( -0.3846714680000001274, -0.06878630600000003315, 0.06878631300000001558 ) ) ;
#730 = ORIENTED_EDGE ( 'NONE', *, *, #692, .T. ) ;
#731 = CARTESIAN_POINT ( 'NONE',  ( -0.4482323451484969690, 0.08249790006587846836, 0.0005886295272390679612 ) ) ;
#732 = CARTESIAN_POINT ( 'NONE',  ( -0.4972600000000000908, 0.2970499799300000965, -0.1828018331700000665 ) ) ;
#733 = VERTEX_POINT ( 'NONE', #1552 ) ;
#734 = CARTESIAN_POINT ( 'NONE',  ( 0.4888771653543305118, -0.05400000000000001327, 0.01000000000000000194 ) ) ;
#735 = CARTESIAN_POINT ( 'NONE',  ( -0.3448805450000000383, -0.08269445599999998564, -0.03425316000000000471 ) ) ;
#736 = AXIS2_PLACEMENT_3D ( 'NONE', #968, #2093, #1758 ) ;
#737 = CARTESIAN_POINT ( 'NONE',  ( -0.3959214680000001652, -5.000000000000000932E-09, -0.09727853200000004252 ) ) ;
#738 = CARTESIAN_POINT ( 'NONE',  ( -0.4011305449999998940, -0.08269445300000004273, 0.03425316900000002773 ) ) ;
#739 = CARTESIAN_POINT ( 'NONE',  ( -0.4511999999999998234, 0.06618643095310276780, 0.04938306639752124833 ) ) ;
#740 = ORIENTED_EDGE ( 'NONE', *, *, #33, .F. ) ;
#741 = EDGE_CURVE ( 'NONE', #1785, #1256, #1015, .T. ) ;
#742 = CARTESIAN_POINT ( 'NONE',  ( -0.4468332799745447503, 0.07909787429278539173, -0.02349980831571216178 ) ) ;
#743 = AXIS2_PLACEMENT_3D ( 'NONE', #750, #2544, #1775 ) ;
#744 = PLANE ( 'NONE',  #2347 ) ;
#745 = CARTESIAN_POINT ( 'NONE',  ( -0.4484214680000001563, -0.09727853200000004252, 5.000000000000000932E-09 ) ) ;
#746 = EDGE_LOOP ( 'NONE', ( #1921, #1427 ) ) ;
#747 = CARTESIAN_POINT ( 'NONE',  ( -0.4523899330000001329, -0.06542051700000002523, -0.07199492099999998951 ) ) ;
#748 = CARTESIAN_POINT ( 'NONE',  ( -0.4495388831785331885, 0.07922042126564272924, 0.02304323463183716517 ) ) ;
#749 = CARTESIAN_POINT ( 'NONE',  ( -0.2565257648970739601, -0.05930129024286928674, -0.05959959500848208830 ) ) ;
#750 = CARTESIAN_POINT ( 'NONE',  ( -0.5348000000000002752, 4.738048864011456858E-16, 9.817578727230945633E-17 ) ) ;
#751 = LINE ( 'NONE', #1523, #957 ) ;
#752 = CARTESIAN_POINT ( 'NONE',  ( -0.3262763857700000658, 0.08254861223000005410, -0.03419275977000001132 ) ) ;
#753 = CARTESIAN_POINT ( 'NONE',  ( -0.4198805449999999939, 0.08269445599999998564, 0.03425316000000000471 ) ) ;
#754 = CARTESIAN_POINT ( 'NONE',  ( -0.4371714680000001185, 0.06878631300000001558, 0.06878630600000003315 ) ) ;
#755 = CARTESIAN_POINT ( 'NONE',  ( -0.5518000000000000682, 0.03295642000000001404, 0.05416118900000002623 ) ) ;
#756 = CARTESIAN_POINT ( 'NONE',  ( -0.3150263857700001391, -0.08254861522000001006, -0.03419275078000002382 ) ) ;
#757 = ORIENTED_EDGE ( 'NONE', *, *, #2436, .F. ) ;
#758 = CARTESIAN_POINT ( 'NONE',  ( -0.4456704305777468011, 0.07133292243539408883, -0.04147684820829748015 ) ) ;
#759 = CARTESIAN_POINT ( 'NONE',  ( -0.4446714680000001252, -0.06878630600000003315, 0.06878631300000001558 ) ) ;
#760 = ADVANCED_FACE ( 'NONE', ( #1175 ), #2519, .T. ) ;
#761 = ORIENTED_EDGE ( 'NONE', *, *, #987, .F. ) ;
#762 = CARTESIAN_POINT ( 'NONE',  ( -0.4482215478500106154, 0.08249930000690895715, 0.0003924242913704491936 ) ) ;
#763 = DIRECTION ( 'NONE',  ( -1.000000000000000000, -0.000000000000000000, -0.000000000000000000 ) ) ;
#764 = ORIENTED_EDGE ( 'NONE', *, *, #1957, .F. ) ;
#765 = CARTESIAN_POINT ( 'NONE',  ( 0.4495070866141730459, 0.03400000000124001054, -0.01000000000000000194 ) ) ;
#766 = DIRECTION ( 'NONE',  ( -1.000000000000000000, -0.000000000000000000, -0.000000000000000000 ) ) ;
#767 = CARTESIAN_POINT ( 'NONE',  ( -0.3300263857700001524, 0.08254861522000001006, 0.03419275078000002382 ) ) ;
#768 = SURFACE_STYLE_USAGE ( .BOTH. , #594 ) ;
#769 = CARTESIAN_POINT ( 'NONE',  ( -0.4202964679999999231, -0.09727853400000004147, -0.04029408199999999496 ) ) ;
#770 = CARTESIAN_POINT ( 'NONE',  ( -0.4978000000000000758, -7.523178891620421873E-33, 0.000000000000000000 ) ) ;
#771 = CARTESIAN_POINT ( 'NONE',  ( -0.4444581263543721517, 0.05844253407699052244, -0.05823518096736698263 ) ) ;
#772 = CARTESIAN_POINT ( 'NONE',  ( -0.3677964679999999320, 0.04029408199999999496, -0.09727853400000004147 ) ) ;
#773 = VECTOR ( 'NONE', #709, 39.37007874015748143 ) ;
#774 = CARTESIAN_POINT ( 'NONE',  ( -0.2867555450000000561, -0.05847381200000002083, -0.05847380600000001705 ) ) ;
#775 = CARTESIAN_POINT ( 'NONE',  ( -0.4485828248011304864, 0.08221801415076770980, 0.006860329758084376603 ) ) ;
#776 = DIRECTION ( 'NONE',  ( -1.000000000000000000, 4.139163626764034911E-16, 0.000000000000000000 ) ) ;
#777 = ORIENTED_EDGE ( 'NONE', *, *, #2123, .F. ) ;
#778 = CARTESIAN_POINT ( 'NONE',  ( -0.3846714680000001274, -0.06878630600000003315, 0.06878631300000001558 ) ) ;
#779 = ADVANCED_FACE ( 'NONE', ( #1536 ), #1153, .F. ) ;
#780 = AXIS2_PLACEMENT_3D ( 'NONE', #1746, #1545, #1769 ) ;
#781 = DIMENSIONAL_EXPONENTS ( 1.000000000000000000, 0.000000000000000000, 0.000000000000000000, 0.000000000000000000, 0.000000000000000000, 0.000000000000000000, 0.000000000000000000 ) ;
#782 = CARTESIAN_POINT ( 'NONE',  ( -0.2811305449999999539, -0.08269445300000004273, 0.03425316900000002773 ) ) ;
#783 = CARTESIAN_POINT ( 'NONE',  ( -0.2850263857700000014, -0.08254861522000001006, -0.03419275078000002382 ) ) ;
#784 = AXIS2_PLACEMENT_3D ( 'NONE', #1894, #2105, #1144 ) ;
#785 = CARTESIAN_POINT ( 'NONE',  ( -0.4512000000000000455, -4.000000000000001076E-09, -0.08250000000000003164 ) ) ;
#786 = CARTESIAN_POINT ( 'NONE',  ( -0.4146714680000000985, -0.06878630600000003315, 0.06878631300000001558 ) ) ;
#787 = AXIS2_PLACEMENT_3D ( 'NONE', #1019, #1808, #2550 ) ;
#788 = EDGE_LOOP ( 'NONE', ( #1462, #298, #1642, #2056 ) ) ;
#789 = DIRECTION ( 'NONE',  ( -1.000000000000000000, -0.000000000000000000, -0.000000000000000000 ) ) ;
#790 = VECTOR ( 'NONE', #2054, 39.37007874015748143 ) ;
#791 = ORIENTED_EDGE ( 'NONE', *, *, #826, .T. ) ;
#792 = AXIS2_PLACEMENT_3D ( 'NONE', #1985, #640, #1238 ) ;
#793 = LENGTH_MEASURE_WITH_UNIT ( LENGTH_MEASURE( 0.02539999999999999897 ), #2380 );
#794 = CARTESIAN_POINT ( 'NONE',  ( -0.3284214680000001607, -0.09727853200000004252, 5.000000000000000932E-09 ) ) ;
#795 = CIRCLE ( 'NONE', #2232, 0.03000000000000000930 ) ;
#796 = SURFACE_STYLE_FILL_AREA ( #1570 ) ;
#797 = EDGE_CURVE ( 'NONE', #424, #643, #2533, .T. ) ;
#798 = CARTESIAN_POINT ( 'NONE',  ( -0.4294013857700000880, -0.05837068100000002147, 0.05837068699000002442 ) ) ;
#799 = CARTESIAN_POINT ( 'NONE',  ( -0.2681513857700000281, 0.08254861322000003887, -3.990000000000001318E-09 ) ) ;
#800 = DIRECTION ( 'NONE',  ( -1.000000000000000000, 0.000000000000000000, 0.000000000000000000 ) ) ;
#801 = CARTESIAN_POINT ( 'NONE',  ( -0.2377999999999935721, 0.08260896697352136664, -0.003514783680249080212 ) ) ;
#802 = EDGE_LOOP ( 'NONE', ( #490, #287, #1384, #1213 ) ) ;
#803 = FACE_OUTER_BOUND ( 'NONE', #367, .T. ) ;
#804 = CARTESIAN_POINT ( 'NONE',  ( -0.4415784648194505668, 0.01541047148968178321, -0.08105173195310004519 ) ) ;
#805 = DIRECTION ( 'NONE',  ( 0.000000000000000000, 0.000000000000000000, -1.000000000000000000 ) ) ;
#806 = EDGE_LOOP ( 'NONE', ( #1712, #1602 ) ) ;
#807 = DIRECTION ( 'NONE',  ( 1.000000000000000000, -2.203103220696985783E-16, 0.000000000000000000 ) ) ;
#808 = FACE_OUTER_BOUND ( 'NONE', #1337, .T. ) ;
#809 = PRODUCT_DEFINITION ( 'UNKNOWN', '', #2484, #2238 ) ;
#810 = CARTESIAN_POINT ( 'NONE',  ( -0.4219013857700000258, 0.05837068699000002442, 0.05837068100000002147 ) ) ;
#811 = CARTESIAN_POINT ( 'NONE',  ( -0.3206513857700001302, -3.990000000000001318E-09, -0.08254861322000003887 ) ) ;
#812 = DIRECTION ( 'NONE',  ( 0.000000000000000000, 0.000000000000000000, 1.000000000000000000 ) ) ;
#813 = EDGE_CURVE ( 'NONE', #507, #629, #571, .T. ) ;
#814 = CARTESIAN_POINT ( 'NONE',  ( -0.2377999999999999836, 0.08259853264430257191, -0.002793252096499277727 ) ) ;
#815 = ORIENTED_EDGE ( 'NONE', *, *, #2405, .F. ) ;
#816 = CARTESIAN_POINT ( 'NONE',  ( -0.4473397749425662151, 0.08112034039985441258, -0.01510647084375105718 ) ) ;
#817 = CARTESIAN_POINT ( 'NONE',  ( -0.4511175029244012258, 0.06776013563418474550, 0.04706720350623615906 ) ) ;
#818 = CARTESIAN_POINT ( 'NONE',  ( -0.2378000000000000946, 0.01104839888143343933, -0.08906721875921730369 ) ) ;
#819 = CARTESIAN_POINT ( 'NONE',  ( -0.4142555450000000583, 0.05847380600000001705, -0.05847381200000002083 ) ) ;
#820 = CARTESIAN_POINT ( 'NONE',  ( -0.2417612649556540039, 0.05847763838304227690, 0.05847763238304228006 ) ) ;
#821 = CARTESIAN_POINT ( 'NONE',  ( -0.4512000000000001565, -0.03875426487089148053, -0.08677583107067805834 ) ) ;
#822 = AXIS2_PLACEMENT_3D ( 'NONE', #2213, #2010, #596 ) ;
#823 = CARTESIAN_POINT ( 'NONE',  ( -0.3467555450000001094, -0.05847381200000002083, -0.05847380600000001705 ) ) ;
#824 = LINE ( 'NONE', #2396, #995 ) ;
#825 = CARTESIAN_POINT ( 'NONE',  ( -0.2378000000000000669, 0.08254756103834012815, -0.001034132327824650996 ) ) ;
#826 = EDGE_CURVE ( 'NONE', #710, #507, #2551, .T. ) ;
#827 = ORIENTED_EDGE ( 'NONE', *, *, #404, .F. ) ;
#828 = CARTESIAN_POINT ( 'NONE',  ( -0.4415329235215335602, 0.01463814073494927939, -0.08119097755184265242 ) ) ;
#829 = PLANE ( 'NONE',  #1200 ) ;
#830 = CARTESIAN_POINT ( 'NONE',  ( -0.4105055450000000827, -4.000000000000001076E-09, -0.08269445400000002833 ) ) ;
#831 = VERTEX_POINT ( 'NONE', #383 ) ;
#832 = CARTESIAN_POINT ( 'NONE',  ( -0.2378399580000000457, 0.08269445400000002833, -0.003025017000000000938 ) ) ;
#833 = CARTESIAN_POINT ( 'NONE',  ( -0.2680055450000000117, 0.08269445400000002833, -4.000000000000001076E-09 ) ) ;
#834 = LINE ( 'NONE', #32, #1225 ) ;
#835 = FACE_BOUND ( 'NONE', #920, .T. ) ;
#836 = CARTESIAN_POINT ( 'NONE',  ( -0.3205055450000001138, -4.000000000000001076E-09, -0.08269445400000002833 ) ) ;
#837 = CARTESIAN_POINT ( 'NONE',  ( -0.5518000000000000682, -0.03295641991419231975, -0.05416118905220235896 ) ) ;
#838 = FACE_OUTER_BOUND ( 'NONE', #1619, .T. ) ;
#839 = CARTESIAN_POINT ( 'NONE',  ( -0.2377999999999999836, 0.08260046420207739493, -0.002896756279443557167 ) ) ;
#840 = VERTEX_POINT ( 'NONE', #1629 ) ;
#841 = CARTESIAN_POINT ( 'NONE',  ( 0.2042000000000000481, -0.05399999999938001616, -0.009999999999690003388 ) ) ;
#842 = CARTESIAN_POINT ( 'NONE',  ( -0.4423805450000002359, 0.03425316000000001165, -0.08269445599999999952 ) ) ;
#843 = CARTESIAN_POINT ( 'NONE',  ( -0.2378000000000000114, 0.07445171496837382774, -0.04093212483976522986 ) ) ;
#844 = CARTESIAN_POINT ( 'NONE',  ( -0.3111305450000000916, -0.08269445300000004273, 0.03425316900000002773 ) ) ;
#845 = ORIENTED_EDGE ( 'NONE', *, *, #2436, .T. ) ;
#846 = CARTESIAN_POINT ( 'NONE',  ( -0.2376698010000000416, 0.08247343600000006658, -0.006041945000000004291 ) ) ;
#847 = LINE ( 'NONE', #2234, #79 ) ;
#848 = CARTESIAN_POINT ( 'NONE',  ( -0.2511305449999999273, -0.08269445300000004273, 0.03425316900000002773 ) ) ;
#849 = FACE_OUTER_BOUND ( 'NONE', #945, .T. ) ;
#850 = CARTESIAN_POINT ( 'NONE',  ( -0.3148805450000001782, -0.08269445599999999952, -0.03425316000000001165 ) ) ;
#851 = CARTESIAN_POINT ( 'NONE',  ( -0.2721714680000000830, -0.06878631300000001558, -0.06878630600000003315 ) ) ;
#852 = PLANE ( 'NONE',  #1193 ) ;
#853 = LINE ( 'NONE', #1980, #1150 ) ;
#854 = EDGE_LOOP ( 'NONE', ( #364, #1419 ) ) ;
#855 = CARTESIAN_POINT ( 'NONE',  ( -0.3602964679999999809, -0.09727853400000004147, -0.04029408199999999496 ) ) ;
#856 = CARTESIAN_POINT ( 'NONE',  ( -0.4411718850294345518, 0.008423259174161912971, -0.08207261833368711956 ) ) ;
#857 = FACE_OUTER_BOUND ( 'NONE', #1748, .T. ) ;
#858 = PLANE ( 'NONE',  #1738 ) ;
#859 = CARTESIAN_POINT ( 'NONE',  ( -0.3655055450000000428, 4.000000000000001076E-09, 0.08269445400000002833 ) ) ;
#860 =( BOUNDED_SURFACE ( )  B_SPLINE_SURFACE ( 3, 1, ( 
 ( #512, #2111, #1489 ),
 ( #2471, #1460, #691 ),
 ( #2249, #464, #61 ),
 ( #892, #2279, #2311 ),
 ( #732, #2354, #567 ),
 ( #1138, #1960, #2146 ),
 ( #1732, #341, #366 ) ),
 .UNSPECIFIED., .F., .F., .F. ) 
 B_SPLINE_SURFACE_WITH_KNOTS ( ( 4, 3, 4 ),
 ( 2, 1, 2 ),
 ( 0.9999788332910001243, 1.000000000000000000, 1.500000000000000000 ),
 ( -0.01000000000000000021, 0.000000000000000000, 1.000000000000000000 ),
 .UNSPECIFIED. ) 
 GEOMETRIC_REPRESENTATION_ITEM ( )  RATIONAL_B_SPLINE_SURFACE ( (
 ( 0.9999153367482359611, 0.9999153367482359611, 0.9999153367482359611),
 ( 0.9999435566374120787, 0.9999435566374120787, 0.9999435566374120787),
 ( 0.9999717777213329439, 0.9999717777213329439, 0.9999717777213329439),
 ( 1.000000000000000000, 1.000000000000000000, 1.000000000000000000),
 ( 0.3333333333333330373, 0.3333333333333330373, 0.3333333333333330373),
 ( 0.3333333333333330373, 0.3333333333333330373, 0.3333333333333330373),
 ( 1.000000000000000000, 1.000000000000000000, 1.000000000000000000) ) ) 
 REPRESENTATION_ITEM ( '' )  SURFACE ( )  );
#861 = CARTESIAN_POINT ( 'NONE',  ( -0.2380112649556540283, 0.08269986531264075791, -4.000000000000001076E-09 ) ) ;
#862 = CARTESIAN_POINT ( 'NONE',  ( -0.4511999999999998789, 0.06174522512395420187, 0.05580327076407258502 ) ) ;
#863 = DIRECTION ( 'NONE',  ( 1.000000000000000000, 0.000000000000000000, 0.000000000000000000 ) ) ;
#864 = CARTESIAN_POINT ( 'NONE',  ( -0.3411305450000001183, -0.08269445300000004273, 0.03425316900000002773 ) ) ;
#865 = VECTOR ( 'NONE', #1810, 39.37007874015748143 ) ;
#866 = CARTESIAN_POINT ( 'NONE',  ( -0.4511999997236825211, 0.06693456022354231372, 0.04822877406363332980 ) ) ;
#867 = CARTESIAN_POINT ( 'NONE',  ( -0.4273805450000001116, -0.03425316000000000471, 0.08269445599999998564 ) ) ;
#868 = VERTEX_POINT ( 'NONE', #576 ) ;
#869 = CARTESIAN_POINT ( 'NONE',  ( -0.3752964679999999387, 0.09727853400000004147, 0.04029408199999999496 ) ) ;
#870 = CARTESIAN_POINT ( 'NONE',  ( -0.4419229711468286581, 0.02114882194853382955, -0.07974705737718096321 ) ) ;
#871 = DIRECTION ( 'NONE',  ( 0.000000000000000000, 0.000000000000000000, 1.000000000000000000 ) ) ;
#872 = CARTESIAN_POINT ( 'NONE',  ( -0.4511999999999978250, 0.06544644099332916354, 0.05048436271733548059 ) ) ;
#873 = CARTESIAN_POINT ( 'NONE',  ( -0.3002964679999999831, -0.09727853400000004147, -0.04029408199999999496 ) ) ;
#874 = CIRCLE ( 'NONE', #784, 0.1000000000000000194 ) ;
#875 = CARTESIAN_POINT ( 'NONE',  ( -0.4202964680000000341, -0.09727853400000004147, -0.04029408199999999496 ) ) ;
#876 = FILL_AREA_STYLE ('',( #2219 ) ) ;
#877 = DIRECTION ( 'NONE',  ( 0.000000000000000000, 0.000000000000000000, -1.000000000000000000 ) ) ;
#878 = MECHANICAL_DESIGN_GEOMETRIC_PRESENTATION_REPRESENTATION (  '', ( #1978 ), #1160 ) ;
#879 = LENGTH_MEASURE_WITH_UNIT ( LENGTH_MEASURE( 0.02539999999999999897 ), #2235 );
#880 = CARTESIAN_POINT ( 'NONE',  ( -0.2434192800443460425, 0.03417038154655621662, 0.08249458665953102177 ) ) ;
#881 = ADVANCED_FACE ( 'NONE', ( #1616 ), #1600, .T. ) ;
#882 = CARTESIAN_POINT ( 'NONE',  ( -0.3077964680000001008, 0.04029408199999999496, -0.09727853400000004147 ) ) ;
#883 = DIRECTION ( 'NONE',  ( -0.7071067569441216172, 4.848484802597534884E-08, 0.7071068054289709748 ) ) ;
#884 = ADVANCED_BREP_SHAPE_REPRESENTATION ( 'MPC3BWD', ( #1316, #2280 ), #700 ) ;
#885 = CARTESIAN_POINT ( 'NONE',  ( -0.3636305450000001382, 0.03425316900000002773, 0.08269445300000004273 ) ) ;
#886 = VERTEX_POINT ( 'NONE', #208 ) ;
#887 = CARTESIAN_POINT ( 'NONE',  ( -0.3734214680000001452, 0.09727853200000004252, -5.000000000000000932E-09 ) ) ;
#888 = CARTESIAN_POINT ( 'NONE',  ( -0.4434771605532636940, 0.04506590204657948823, -0.06910365021276454467 ) ) ;
#889 =( LENGTH_UNIT ( ) NAMED_UNIT ( * ) SI_UNIT ( $, .METRE. ) );
#890 = CARTESIAN_POINT ( 'NONE',  ( -0.2477964680000000197, 0.04029408199999999496, -0.09727853400000004147 ) ) ;
#891 = CYLINDRICAL_SURFACE ( 'NONE', #264, 0.08250000000000003164 ) ;
#892 = CARTESIAN_POINT ( 'NONE',  ( -0.4972600000000001463, 0.1325307292500000345, 0.08225962534000003101 ) ) ;
#893 = CARTESIAN_POINT ( 'NONE',  ( -0.2436305450000000039, 0.03425316900000002773, 0.08269445300000004273 ) ) ;
#894 = CARTESIAN_POINT ( 'NONE',  ( -0.2378000000000000669, 0.000000000000000000, -0.09500000000000004274 ) ) ;
#895 = CARTESIAN_POINT ( 'NONE',  ( -0.2532864268850000267, -4.495000000000001538E-09, -0.08991357261000003376 ) ) ;
#896 = CARTESIAN_POINT ( 'NONE',  ( -0.3898805450000001893, 0.08269445599999998564, 0.03425316000000000471 ) ) ;
#897 = VERTEX_POINT ( 'NONE', #1823 ) ;
#898 = CARTESIAN_POINT ( 'NONE',  ( -0.3227964680000000031, -0.04029408199999999496, 0.09727853400000004147 ) ) ;
#899 = CARTESIAN_POINT ( 'NONE',  ( -0.2890464680000000008, 0.04029409199999998969, 0.09727853000000004358 ) ) ;
#900 = CYLINDRICAL_SURFACE ( 'NONE', #1889, 0.1550000000000000544 ) ;
#901 = FILL_AREA_STYLE ('',( #1449 ) ) ;
#902 = DIRECTION ( 'NONE',  ( -1.000000000000000000, 0.000000000000000000, 0.000000000000000000 ) ) ;
#903 = CARTESIAN_POINT ( 'NONE',  ( -0.4461305449999999895, 0.08269445300000004273, -0.03425316900000002773 ) ) ;
#904 = CARTESIAN_POINT ( 'NONE',  ( -0.4405055450090782365, -4.080427279403960971E-09, -0.08269445401572733667 ) ) ;
#905 = ORIENTED_EDGE ( 'NONE', *, *, #176, .T. ) ;
#906 = CARTESIAN_POINT ( 'NONE',  ( -0.5517999999999999572, -0.03295489100000000005, -0.05416211900000002938 ) ) ;
#907 = PRESENTATION_LAYER_ASSIGNMENT (  '', '', ( #2017 ) ) ;
#908 = CARTESIAN_POINT ( 'NONE',  ( -0.4367555450000000783, -0.05847381200000002083, -0.05847380600000001705 ) ) ;
#909 = ADVANCED_FACE ( 'NONE', ( #838 ), #2156, .T. ) ;
#910 = CARTESIAN_POINT ( 'NONE',  ( -0.4240464680000001207, -0.04029409199999998276, -0.09727853000000004358 ) ) ;
#911 = CARTESIAN_POINT ( 'NONE',  ( -0.4977999999881635440, 0.1550000000000000544, 0.000000000000000000 ) ) ;
#912 = EDGE_CURVE ( 'NONE', #840, #375, #1233, .T. ) ;
#913 = VERTEX_POINT ( 'NONE', #1693 ) ;
#914 = CARTESIAN_POINT ( 'NONE',  ( -0.4405055450090782365, -4.080427279403960971E-09, -0.08269445401572733667 ) ) ;
#915 = CARTESIAN_POINT ( 'NONE',  ( -0.3281513857700001369, 0.08254861322000003887, -3.990000000000001318E-09 ) ) ;
#916 = PRESENTATION_LAYER_ASSIGNMENT (  '', '', ( #2068 ) ) ;
#917 = CARTESIAN_POINT ( 'NONE',  ( -0.4348805450000001738, -0.08269445599999999952, -0.03425316000000001165 ) ) ;
#918 = PRESENTATION_LAYER_ASSIGNMENT (  '', '', ( #1704 ) ) ;
#919 = AXIS2_PLACEMENT_3D ( 'NONE', #295, #2457, #1662 ) ;
#920 = EDGE_LOOP ( 'NONE', ( #1290, #1152 ) ) ;
#921 = CARTESIAN_POINT ( 'NONE',  ( -0.4420155004487579808, 0.02266108698856903261, -0.07932669876212247728 ) ) ;
#922 = AXIS2_PLACEMENT_3D ( 'NONE', #975, #161, #1365 ) ;
#923 = CARTESIAN_POINT ( 'NONE',  ( -0.3265464680000001452, -0.09727853000000004358, 0.04029409199999998969 ) ) ;
#924 = VERTEX_POINT ( 'NONE', #1283 ) ;
#925 = CARTESIAN_POINT ( 'NONE',  ( -0.2605055450000000605, -4.000000000000001076E-09, -0.08269445400000002833 ) ) ;
#926 = ADVANCED_FACE ( 'NONE', ( #682 ), #21, .F. ) ;
#927 = PLANE ( 'NONE',  #2104 ) ;
#928 = VERTEX_POINT ( 'NONE', #1467 ) ;
#929 = ADVANCED_FACE ( 'NONE', ( #54 ), #852, .F. ) ;
#930 =( BOUNDED_CURVE ( )  B_SPLINE_CURVE ( 2, ( #2373, #2200, #1358, #1218, #2007, #2154, #207, #585, #2176, #1030, #1190, #437, #1668, #2421, #851, #1437, #222, #1452, #681, #1094, #2239, #1246, #238, #2047, #76, #468, #1466, #1056, #37, #1628, #253, #52, #666, #882, #2062, #1280, #1483, #265, #1082, #1872, #2270, #279, #583, #2173, #794, #978, #542, #1368, #1379, #87, #380, #1186, #1974, #1176, #1340, #2341, #291, #1690, #2477, #1734, #1963, #496, #1765, #1537, #2148, #1107, #1583, #1938, #2520, #2545, #2138, #1553, #2285, #1496, #778, #1776, #963, #1753, #357, #2162, #556, #1354, #1296, #164, #1165, #1952, #1568, #2091, #2356, #988, #2369, #430, #1390, #875, #1852, #910, #2057, #663, #1878, #1077, #1303, #1866, #690, #721, #2460, #2098, #1090, #299, #246, #2483, #2248 ),
 .UNSPECIFIED., .F., .T. ) 
 B_SPLINE_CURVE_WITH_KNOTS ( ( 3, 2, 2, 2, 2, 2, 2, 2, 2, 2, 2, 2, 2, 2, 2, 2, 2, 2, 2, 2, 2, 2, 2, 2, 2, 2, 2, 2, 2, 2, 2, 2, 2, 2, 2, 2, 2, 2, 2, 2, 2, 2, 2, 2, 2, 2, 2, 2, 2, 2, 2, 2, 2, 2, 2, 3 ),
 ( 0.000000000000000000, 0.01785714285714290125, 0.03571428571428570536, 0.05357142857142861009, 0.07142857142857142461, 0.08928571428571434321, 0.1071428571428569981, 0.1250000000000000000, 0.1428571428571430435, 0.1607142857142860592, 0.1785714285714290472, 0.1964285714285710083, 0.2142857142857139963, 0.2321428571428570120, 0.2500000000000000000, 0.2678571428571430157, 0.2857142857142860870, 0.3035714285714289917, 0.3214285714285711193, 0.3392857142857140795, 0.3571428571428570953, 0.3750000000000000555, 0.3928571428571430713, 0.4107142857142860870, 0.4285714285714289917, 0.4464285714285711193, 0.4642857142857140240, 0.4821428571428570953, 0.5000000000000000000, 0.5178571428571429047, 0.5357142857142859205, 0.5535714285714280480, 0.5714285714285711748, 0.5892857142857140795, 0.6071428571428570953, 0.6250000000000001110, 0.6428571428571430157, 0.6607142857142860315, 0.6785714285714281591, 0.6964285714285712858, 0.7142857142857140795, 0.7321428571428570953, 0.7500000000000001110, 0.7678571428571430157, 0.7857142857142859205, 0.8035714285714280480, 0.8214285714285711748, 0.8392857142857140795, 0.8571428571428570953, 0.8750000000000001110, 0.8928571428571430157, 0.9107142857142859205, 0.9285714285714280480, 0.9464285714285711748, 0.9642857142857140795, 0.9773888611100268742 ),
 .UNSPECIFIED. ) 
 CURVE ( )  GEOMETRIC_REPRESENTATION_ITEM ( )  RATIONAL_B_SPLINE_CURVE ( ( 1.000000000000000000, 0.9238795325112871826, 1.000000000000000000, 0.9238795325112871826, 1.000000000000000000, 0.9238795325112871826, 1.000000000000000000, 0.9238795325112871826, 1.000000000000000000, 0.9238795325112871826, 1.000000000000000000, 0.9238795325112871826, 1.000000000000000000, 0.9238795325112871826, 1.000000000000000000, 0.9238795325112871826, 1.000000000000000000, 0.9238795325112871826, 1.000000000000000000, 0.9238795325112871826, 1.000000000000000000, 0.9238795325112871826, 1.000000000000000000, 0.9238795325112871826, 1.000000000000000000, 0.9238795325112871826, 1.000000000000000000, 0.9238795325112871826, 1.000000000000000000, 0.9238795325112871826, 1.000000000000000000, 0.9238795325112871826, 1.000000000000000000, 0.9238795325112871826, 1.000000000000000000, 0.9238795325112871826, 1.000000000000000000, 0.9238795325112871826, 1.000000000000000000, 0.9238795325112871826, 1.000000000000000000, 0.9238795325112871826, 1.000000000000000000, 0.9238795325112871826, 1.000000000000000000, 0.9238795325112871826, 1.000000000000000000, 0.9238795325112871826, 1.000000000000000000, 0.9238795325112871826, 1.000000000000000000, 0.9238795325112871826, 1.000000000000000000, 0.9238795325112871826, 1.000000000000000000, 0.9238795325112871826, 1.000000000000000000, 0.9238795325112871826, 1.000000000000000000, 0.9238795325112871826, 1.000000000000000000, 0.9238795325112871826, 1.000000000000000000, 0.9238795325112871826, 1.000000000000000000, 0.9238795325112871826, 1.000000000000000000, 0.9238795325112871826, 1.000000000000000000, 0.9238795325112871826, 1.000000000000000000, 0.9238795325112871826, 1.000000000000000000, 0.9238795325112871826, 1.000000000000000000, 0.9238795325112871826, 1.000000000000000000, 0.9238795325112871826, 1.000000000000000000, 0.9238795325112871826, 1.000000000000000000, 0.9238795325112871826, 1.000000000000000000, 0.9238795325112871826, 1.000000000000000000, 0.9238795325112871826, 1.000000000000000000, 0.9238795325112871826, 1.000000000000000000, 0.9238795325112871826, 1.000000000000000000, 0.9238795325112871826, 1.000000000000000000, 0.9238795325112871826, 1.000000000000000000, 0.9238795325112871826, 1.000000000000000000, 0.9238795325112871826, 1.000000000000000000, 0.9238795325112871826, 1.000000000000000000, 0.9238795325112871826, 1.000000000000000000, 0.9238795325112871826, 1.000000000000000000, 0.9238795325112871826, 1.000000000000000000, 0.9238795325112871826, 1.000000000000000000, 0.9441446109369638906, 0.9702599346220002197 ) ) 
 REPRESENTATION_ITEM ( '' )  );
#931 = DIRECTION ( 'NONE',  ( 1.000000000000000000, 0.000000000000000000, 0.000000000000000000 ) ) ;
#932 = CARTESIAN_POINT ( 'NONE',  ( -0.3675263857700000192, -0.03419275078000002382, 0.08254861522000001006 ) ) ;
#933 = CARTESIAN_POINT ( 'NONE',  ( -0.4030055450000000761, -0.08269445400000002833, 4.000000000000001076E-09 ) ) ;
#934 = VERTEX_POINT ( 'NONE', #469 ) ;
#935 = CARTESIAN_POINT ( 'NONE',  ( -0.3565464680000001718, -0.09727853000000004358, 0.04029409199999998969 ) ) ;
#936 = ORIENTED_EDGE ( 'NONE', *, *, #2022, .F. ) ;
#937 = CARTESIAN_POINT ( 'NONE',  ( -0.4502370427135938824, 0.07514802300839115712, 0.03408062918568063177 ) ) ;
#938 = CARTESIAN_POINT ( 'NONE',  ( -0.4512000000000000455, 0.000000000000000000, -0.05900000000000001771 ) ) ;
#939 = VERTEX_POINT ( 'NONE', #1640 ) ;
#940 = DIRECTION ( 'NONE',  ( 1.000000000000000000, 0.000000000000000000, 0.000000000000000000 ) ) ;
#941 = EDGE_CURVE ( 'NONE', #2016, #939, #239, .T. ) ;
#942 = CARTESIAN_POINT ( 'NONE',  ( -0.3077964680000001008, 0.04029408199999999496, -0.09727853400000004147 ) ) ;
#943 = CARTESIAN_POINT ( 'NONE',  ( -0.4086305450000001227, -0.03425316900000002773, -0.08269445300000004273 ) ) ;
#944 = CARTESIAN_POINT ( 'NONE',  ( -0.4511999999999973809, 0.06624051919382521747, 0.04930104082877371369 ) ) ;
#945 = EDGE_LOOP ( 'NONE', ( #2, #1995, #1521, #114 ) ) ;
#946 = CARTESIAN_POINT ( 'NONE',  ( -0.4439305652520588730, 0.05142814742142944040, -0.06451365432194615390 ) ) ;
#947 = FACE_OUTER_BOUND ( 'NONE', #2364, .T. ) ;
#948 = CARTESIAN_POINT ( 'NONE',  ( -0.3734214680000001452, 0.09727853200000004252, -5.000000000000000932E-09 ) ) ;
#949 = ORIENTED_EDGE ( 'NONE', *, *, #1049, .F. ) ;
#950 = CARTESIAN_POINT ( 'NONE',  ( -0.4505625755637469032, 0.07269995449416286060, 0.03899957200466000473 ) ) ;
#951 = CARTESIAN_POINT ( 'NONE',  ( 0.000000000000000000, 0.000000000000000000, 0.000000000000000000 ) ) ;
#952 = ORIENTED_EDGE ( 'NONE', *, *, #1456, .T. ) ;
#953 = CARTESIAN_POINT ( 'NONE',  ( -0.3505055450000000850, -4.000000000000001076E-09, -0.08269445400000002833 ) ) ;
#954 = CARTESIAN_POINT ( 'NONE',  ( -0.4240464680000001207, -0.04029409199999998969, -0.09727853000000004358 ) ) ;
#955 = VERTEX_POINT ( 'NONE', #280 ) ;
#956 = CARTESIAN_POINT ( 'NONE',  ( -0.4454862096332042332, 0.06968996300022772816, -0.04415381135334624924 ) ) ;
#957 = VECTOR ( 'NONE', #931, 39.37007874015748143 ) ;
#958 = CARTESIAN_POINT ( 'NONE',  ( -0.3490464679999999986, 0.04029409199999998969, 0.09727853000000004358 ) ) ;
#959 = VERTEX_POINT ( 'NONE', #267 ) ;
#960 = CARTESIAN_POINT ( 'NONE',  ( -0.4489875068230581023, 0.08132986045330299618, 0.01386793722121991250 ) ) ;
#961 = LINE ( 'NONE', #1377, #2445 ) ;
#962 = ORIENTED_EDGE ( 'NONE', *, *, #597, .T. ) ;
#963 = CARTESIAN_POINT ( 'NONE',  ( -0.3884214680000001030, -0.09727853200000004252, 5.000000000000000932E-09 ) ) ;
#964 = CARTESIAN_POINT ( 'NONE',  ( -0.3562763857700000369, 0.08254861223000005410, -0.03419275977000001132 ) ) ;
#965 = CARTESIAN_POINT ( 'NONE',  ( -0.2942555450000000072, 0.05847380600000001705, -0.05847381200000002083 ) ) ;
#966 = CARTESIAN_POINT ( 'NONE',  ( -0.3884214680000001030, -0.09727853200000004252, 5.000000000000000932E-09 ) ) ;
#967 = CARTESIAN_POINT ( 'NONE',  ( -0.2962763857699999837, 0.08254861223000005410, -0.03419275977000001132 ) ) ;
#968 = CARTESIAN_POINT ( 'NONE',  ( -0.4678000000000001046, -0.1568600000000000549, -0.1568600000000000549 ) ) ;
#969 = CARTESIAN_POINT ( 'NONE',  ( -0.4441308343487771482, 0.05414198886690296114, -0.06225360257744896181 ) ) ;
#970 = DIRECTION ( 'NONE',  ( 0.000000000000000000, 0.000000000000000000, 1.000000000000000000 ) ) ;
#971 = CARTESIAN_POINT ( 'NONE',  ( -0.3809214680000001518, 5.000000000000000932E-09, 0.09727853200000004252 ) ) ;
#972 = EDGE_CURVE ( 'NONE', #2202, #56, #177, .T. ) ;
#973 = ORIENTED_EDGE ( 'NONE', *, *, #2419, .F. ) ;
#974 = CARTESIAN_POINT ( 'NONE',  ( -0.2811305449999999539, -0.08269445300000004273, 0.03425316900000002773 ) ) ;
#975 = CARTESIAN_POINT ( 'NONE',  ( 0.2042000000000000481, -0.04400000000000001826, 0.000000000000000000 ) ) ;
#976 = ORIENTED_EDGE ( 'NONE', *, *, #176, .F. ) ;
#977 =( CONVERSION_BASED_UNIT ( 'INCH', #793 ) LENGTH_UNIT ( ) NAMED_UNIT ( #1807 ) );
#978 = CARTESIAN_POINT ( 'NONE',  ( -0.3302964680000001207, -0.09727853400000004147, -0.04029408199999999496 ) ) ;
#979 = CARTESIAN_POINT ( 'NONE',  ( -0.2792555449999999939, -0.05847380600000001705, 0.05847381200000002083 ) ) ;
#980 = CARTESIAN_POINT ( 'NONE',  ( -0.3862763857699999526, 0.08254861223000005410, -0.03419275977000001132 ) ) ;
#981 = CARTESIAN_POINT ( 'NONE',  ( -0.4511999999999968813, 0.06580499145580220866, 0.04995537478525875069 ) ) ;
#982 = DIRECTION ( 'NONE',  ( -1.000000000000000000, 0.000000000000000000, 0.000000000000000000 ) ) ;
#983 = CARTESIAN_POINT ( 'NONE',  ( -0.4090464679999999964, 0.04029409199999998969, 0.09727853000000004358 ) ) ;
#984 = ORIENTED_EDGE ( 'NONE', *, *, #1903, .T. ) ;
#985 = CARTESIAN_POINT ( 'NONE',  ( -0.4478695749519342462, 0.08229930655670836259, -0.005939000705787610482 ) ) ;
#986 = DIRECTION ( 'NONE',  ( -1.000000000000000000, -0.000000000000000000, -0.000000000000000000 ) ) ;
#987 = EDGE_CURVE ( 'NONE', #565, #2439, #1525, .T. ) ;
#988 = CARTESIAN_POINT ( 'NONE',  ( -0.4127964679999999720, -0.04029408199999999496, 0.09727853400000004147 ) ) ;
#989 =( GEOMETRIC_REPRESENTATION_CONTEXT ( 3 ) GLOBAL_UNCERTAINTY_ASSIGNED_CONTEXT ( ( #1979 ) ) GLOBAL_UNIT_ASSIGNED_CONTEXT ( ( #1868, #1255, #1650 ) ) REPRESENTATION_CONTEXT ( 'NONE', 'WORKASPACE' ) );
#990 = CARTESIAN_POINT ( 'NONE',  ( -0.3167555450000000827, -0.05847381200000002083, -0.05847380600000001705 ) ) ;
#991 = CARTESIAN_POINT ( 'NONE',  ( -0.3881513857700000791, 0.08254861322000003887, -3.990000000000001318E-09 ) ) ;
#992 = CARTESIAN_POINT ( 'NONE',  ( -0.5518000000000000682, 0.03295641988458530153, 0.05416118907021021806 ) ) ;
#993 = VECTOR ( 'NONE', #2376, 39.37007874015748143 ) ;
#994 = CARTESIAN_POINT ( 'NONE',  ( -0.2377999999999932945, 0.08260375452948201525, -0.003103774806033985333 ) ) ;
#995 = VECTOR ( 'NONE', #407, 39.37007874015748143 ) ;
#996 = ORIENTED_EDGE ( 'NONE', *, *, #389, .F. ) ;
#997 = CARTESIAN_POINT ( 'NONE',  ( -0.4482000002194669319, 0.08250000000000004552, -1.280999655216814204E-13 ) ) ;
#998 = CARTESIAN_POINT ( 'NONE',  ( -0.4497978840000001477, 0.08250000100000004499, 0.02912206800000000442 ) ) ;
#999 = DIRECTION ( 'NONE',  ( -1.000000000000000000, 0.000000000000000000, 0.000000000000000000 ) ) ;
#1000 = VECTOR ( 'NONE', #1561, 39.37007874015748143 ) ;
#1001 = EDGE_CURVE ( 'NONE', #2097, #1796, #2487, .T. ) ;
#1002 = CARTESIAN_POINT ( 'NONE',  ( -0.2567612649556539894, -0.05847763838304227690, -0.05847763238304228006 ) ) ;
#1003 = VECTOR ( 'NONE', #173, 39.37007874015748143 ) ;
#1004 = CARTESIAN_POINT ( 'NONE',  ( -0.2623805450000001316, 0.03425316000000000471, -0.08269445599999998564 ) ) ;
#1005 = ADVANCED_FACE ( 'NONE', ( #661 ), #858, .F. ) ;
#1006 = CARTESIAN_POINT ( 'NONE',  ( -0.3787763857700000014, -0.03419275977000001132, -0.08254861223000005410 ) ) ;
#1007 = CARTESIAN_POINT ( 'NONE',  ( -0.3187763857699999481, -0.03419275977000001132, -0.08254861223000005410 ) ) ;
#1008 = LINE ( 'NONE', #154, #2112 ) ;
#1009 = DIRECTION ( 'NONE',  ( 0.000000000000000000, 0.000000000000000000, -1.000000000000000000 ) ) ;
#1010 = ORIENTED_EDGE ( 'NONE', *, *, #1884, .T. ) ;
#1011 = CARTESIAN_POINT ( 'NONE',  ( -0.2627964680000000053, -0.04029408199999999496, 0.09727853400000004147 ) ) ;
#1012 = CARTESIAN_POINT ( 'NONE',  ( -0.4444500000000000672, 0.05833630600000001831, -0.05833631200000002209 ) ) ;
#1013 = DIRECTION ( 'NONE',  ( -0.7264343489180477009, -4.712233895551020546E-08, -0.6872358668695995876 ) ) ;
#1014 = CARTESIAN_POINT ( 'NONE',  ( -0.3598805450000000516, 0.08269445599999999952, 0.03425316000000001165 ) ) ;
#1015 = LINE ( 'NONE', #356, #1079 ) ;
#1016 = CARTESIAN_POINT ( 'NONE',  ( -0.2923805450000001582, 0.03425316000000000471, -0.08269445599999998564 ) ) ;
#1017 = CARTESIAN_POINT ( 'NONE',  ( -0.3131513857700000680, -0.08254861322000003887, 3.990000000000001318E-09 ) ) ;
#1018 = ADVANCED_FACE ( 'NONE', ( #272 ), #1274, .T. ) ;
#1019 = CARTESIAN_POINT ( 'NONE',  ( -0.4511999998171732362, 1.061819637606275385E-17, 0.000000000000000000 ) ) ;
#1020 = CYLINDRICAL_SURFACE ( 'NONE', #2178, 0.05900000000000001771 ) ;
#1021 = ORIENTED_EDGE ( 'NONE', *, *, #586, .F. ) ;
#1022 = CARTESIAN_POINT ( 'NONE',  ( -0.4417157611589714317, 0.01771694123232418067, -0.08057900380015849129 ) ) ;
#1023 = CARTESIAN_POINT ( 'NONE',  ( -0.2378000000000000669, 0.08249999989150845481, 9.008257533073364783E-11 ) ) ;
#1024 = CARTESIAN_POINT ( 'NONE',  ( -0.4086305450000001227, -0.03425316900000002773, -0.08269445300000004273 ) ) ;
#1025 = CARTESIAN_POINT ( 'NONE',  ( -0.2398805450000000283, 0.08269445599999999952, 0.03425316000000001165 ) ) ;
#1026 = SURFACE_STYLE_FILL_AREA ( #876 ) ;
#1027 = AXIS2_PLACEMENT_3D ( 'NONE', #1795, #2577, #2034 ) ;
#1028 = CARTESIAN_POINT ( 'NONE',  ( -0.4087763857699999170, -0.03419275977000001132, -0.08254861223000005410 ) ) ;
#1029 = CARTESIAN_POINT ( 'NONE',  ( -0.3561305450000000206, 0.08269445300000004273, -0.03425316900000002773 ) ) ;
#1030 = CARTESIAN_POINT ( 'NONE',  ( -0.2627964679999999498, -0.04029408199999999496, 0.09727853400000004147 ) ) ;
#1031 = DIRECTION ( 'NONE',  ( -1.000000000000000000, 0.000000000000000000, 0.000000000000000000 ) ) ;
#1032 = CARTESIAN_POINT ( 'NONE',  ( -0.2377999998362659850, 0.08261072639982663945, -0.003720299501886042103 ) ) ;
#1033 = ORIENTED_EDGE ( 'NONE', *, *, #1216, .F. ) ;
#1034 = CARTESIAN_POINT ( 'NONE',  ( -0.4425749999999999407, 0.03417261500000002422, -0.08250000199999998896 ) ) ;
#1035 = CARTESIAN_POINT ( 'NONE',  ( -0.2377999999999997061, 0.08215451135213014400, -0.01469716567459166366 ) ) ;
#1036 = CARTESIAN_POINT ( 'NONE',  ( -0.3373805450000001427, -0.03425316000000001165, 0.08269445599999999952 ) ) ;
#1037 = AXIS2_PLACEMENT_3D ( 'NONE', #1477, #1488, #2278 ) ;
#1038 = CARTESIAN_POINT ( 'NONE',  ( -0.2509249999999998981, -0.08249999800000003269, 0.03417262300000002695 ) ) ;
#1039 = CIRCLE ( 'NONE', #436, 0.08250000000000003164 ) ;
#1040 = LINE ( 'NONE', #2209, #1310 ) ;
#1041 = CARTESIAN_POINT ( 'NONE',  ( -0.2605055450000000605, -4.000000000000001076E-09, -0.08250000000000003164 ) ) ;
#1042 = DIRECTION ( 'NONE',  ( 1.000000000000000000, -2.203103220696985783E-16, 0.000000000000000000 ) ) ;
#1043 = DIRECTION ( 'NONE',  ( 0.7264339393494018138, -0.000000000000000000, 0.6872362997989189815 ) ) ;
#1044 = ORIENTED_EDGE ( 'NONE', *, *, #1532, .T. ) ;
#1045 = CARTESIAN_POINT ( 'NONE',  ( -0.3115464680000000763, 0.09727853000000004358, -0.04029409199999998969 ) ) ;
#1046 = CARTESIAN_POINT ( 'NONE',  ( -0.4407323449413489969, 0.0005886254629634130042, -0.08249790009487727171 ) ) ;
#1047 = CARTESIAN_POINT ( 'NONE',  ( -0.2382135065000000607, -4.500000000000001418E-09, -0.08998649300000004236 ) ) ;
#1048 = CARTESIAN_POINT ( 'NONE',  ( -0.3955055450000001249, 4.000000000000001076E-09, 0.08269445400000002833 ) ) ;
#1049 = EDGE_CURVE ( 'NONE', #503, #2242, #1039, .T. ) ;
#1050 = CARTESIAN_POINT ( 'NONE',  ( -0.2530055450000000539, -0.08269445400000002833, 4.000000000000001076E-09 ) ) ;
#1051 = CARTESIAN_POINT ( 'NONE',  ( -0.4511999998539124035, 0.06505513335673018815, 0.05105097844927095757 ) ) ;
#1052 = DIRECTION ( 'NONE',  ( 1.000000000000000000, 0.000000000000000000, 0.000000000000000000 ) ) ;
#1053 = SURFACE_STYLE_FILL_AREA ( #901 ) ;
#1054 = CARTESIAN_POINT ( 'NONE',  ( -0.4481513857700001324, 0.08254861322000003887, -3.990000000000001318E-09 ) ) ;
#1055 = CARTESIAN_POINT ( 'NONE',  ( -0.3392555450000001027, -0.05847380600000001705, 0.05847381200000002083 ) ) ;
#1056 = CARTESIAN_POINT ( 'NONE',  ( -0.2965464680000000630, -0.09727853000000004358, 0.04029409199999998276 ) ) ;
#1057 = FACE_OUTER_BOUND ( 'NONE', #637, .T. ) ;
#1058 = DIRECTION ( 'NONE',  ( 1.000000000000000000, 0.000000000000000000, 0.000000000000000000 ) ) ;
#1059 = CARTESIAN_POINT ( 'NONE',  ( -0.3336305449999999451, 0.03425316900000002773, 0.08269445300000004273 ) ) ;
#1060 = ORIENTED_EDGE ( 'NONE', *, *, #813, .F. ) ;
#1061 = CARTESIAN_POINT ( 'NONE',  ( -0.3002964679999999831, -0.09727853400000004147, -0.04029408199999999496 ) ) ;
#1062 = CARTESIAN_POINT ( 'NONE',  ( -0.4420618165730352822, 0.02341482331951287577, -0.07910846969474517876 ) ) ;
#1063 = CARTESIAN_POINT ( 'NONE',  ( -0.3317555450000000961, 0.05847381200000002083, 0.05847380600000001705 ) ) ;
#1064 = VERTEX_POINT ( 'NONE', #1646 ) ;
#1065 = EDGE_CURVE ( 'NONE', #1816, #2118, #641, .T. ) ;
#1066 = CARTESIAN_POINT ( 'NONE',  ( -0.4512000000000000455, 0.04503994734042158360, 0.07148612324055751699 ) ) ;
#1067 = CARTESIAN_POINT ( 'NONE',  ( -0.2378000000000000669, 0.000000000000000000, 0.000000000000000000 ) ) ;
#1068 = CARTESIAN_POINT ( 'NONE',  ( -0.4461305450296716435, 0.08269445297032831932, -0.03425316898770958823 ) ) ;
#1069 = CARTESIAN_POINT ( 'NONE',  ( -0.2415442800443460825, 0.05833248561695776602, 0.05833247961695776224 ) ) ;
#1070 = CARTESIAN_POINT ( 'NONE',  ( -0.4511999999999998234, 0.06672284049374213599, 0.04855988333406995733 ) ) ;
#1071 = CARTESIAN_POINT ( 'NONE',  ( -0.3767555450000000250, -0.05847381200000002083, -0.05847380600000001705 ) ) ;
#1072 = CARTESIAN_POINT ( 'NONE',  ( -0.2923805450000001582, 0.03425316000000001165, -0.08269445599999999952 ) ) ;
#1073 = ORIENTED_EDGE ( 'NONE', *, *, #2006, .T. ) ;
#1074 = CARTESIAN_POINT ( 'NONE',  ( -0.2965464680000000630, -0.09727853000000004358, 0.04029409199999998969 ) ) ;
#1075 =( NAMED_UNIT ( * ) PLANE_ANGLE_UNIT ( ) SI_UNIT ( $, .RADIAN. ) );
#1076 = CARTESIAN_POINT ( 'NONE',  ( -0.4405055450000000539, -4.000000000000001076E-09, -0.08269445400000002833 ) ) ;
#1077 = CARTESIAN_POINT ( 'NONE',  ( -0.4315464680000002384, 0.09727853000000004358, -0.04029409199999998276 ) ) ;
#1078 = CARTESIAN_POINT ( 'NONE',  ( -0.4512000000000002120, -0.09124509741789042783, -0.03232753419996044902 ) ) ;
#1079 = VECTOR ( 'NONE', #2172, 39.37007874015748143 ) ;
#1080 = AXIS2_PLACEMENT_3D ( 'NONE', #1258, #485, #2048 ) ;
#1081 = EDGE_CURVE ( 'NONE', #565, #108, #2492, .T. ) ;
#1082 = CARTESIAN_POINT ( 'NONE',  ( -0.3171714680000001230, 0.06878631300000001558, 0.06878630600000003315 ) ) ;
#1083 = CARTESIAN_POINT ( 'NONE',  ( -0.4168000000000001148, 0.000000000000000000, 0.000000000000000000 ) ) ;
#1084 = CARTESIAN_POINT ( 'NONE',  ( -0.4217555450000000650, 0.05847381200000002083, 0.05847380600000001705 ) ) ;
#1085 = EDGE_LOOP ( 'NONE', ( #1317, #24 ) ) ;
#1086 = CARTESIAN_POINT ( 'NONE',  ( -0.2721714680000000830, -0.06878631300000001558, -0.06878630600000003315 ) ) ;
#1087 = DIRECTION ( 'NONE',  ( 4.139163626764033431E-16, 1.000000000000000000, 0.000000000000000000 ) ) ;
#1088 = CARTESIAN_POINT ( 'NONE',  ( -0.3246714680000000741, -0.06878630600000003315, 0.06878631300000001558 ) ) ;
#1089 = ORIENTED_EDGE ( 'NONE', *, *, #2022, .T. ) ;
#1090 = CARTESIAN_POINT ( 'NONE',  ( -0.4446714680000001252, -0.06878630600000003315, 0.06878631300000001558 ) ) ;
#1091 = CARTESIAN_POINT ( 'NONE',  ( -0.4482000002194669319, 0.08250000000000004552, -1.280999655216814204E-13 ) ) ;
#1092 = PRESENTATION_STYLE_ASSIGNMENT (( #693 ) ) ;
#1093 = CARTESIAN_POINT ( 'NONE',  ( 0.4888771653543305118, -0.05399999999876001211, -0.01000000000000000194 ) ) ;
#1094 = CARTESIAN_POINT ( 'NONE',  ( -0.2815464680000001052, 0.09727853000000004358, -0.04029409199999998276 ) ) ;
#1095 = EDGE_CURVE ( 'NONE', #2050, #472, #607, .T. ) ;
#1096 = CARTESIAN_POINT ( 'NONE',  ( -0.4367555450000000783, -0.05847381200000002083, -0.05847380600000001705 ) ) ;
#1097 = CARTESIAN_POINT ( 'NONE',  ( -0.4105055450000000827, -4.000000000000001076E-09, -0.08269445400000002833 ) ) ;
#1098 = EDGE_LOOP ( 'NONE', ( #1981, #216, #1060, #2430 ) ) ;
#1099 = CARTESIAN_POINT ( 'NONE',  ( -0.4422242983854865472, 0.02603476196927218336, -0.07828436094906401910 ) ) ;
#1100 = FACE_OUTER_BOUND ( 'NONE', #501, .T. ) ;
#1101 = CARTESIAN_POINT ( 'NONE',  ( -0.2496714680000000353, 0.06878630600000003315, -0.06878631300000001558 ) ) ;
#1102 = VERTEX_POINT ( 'NONE', #1123 ) ;
#1103 = CARTESIAN_POINT ( 'NONE',  ( 0.2042000000000000481, -0.04400000000000001826, 0.03000000000000000930 ) ) ;
#1104 = LINE ( 'NONE', #938, #773 ) ;
#1105 = ORIENTED_EDGE ( 'NONE', *, *, #692, .F. ) ;
#1106 = CARTESIAN_POINT ( 'NONE',  ( -0.3600263857700000125, 0.08254861522000001006, 0.03419275078000002382 ) ) ;
#1107 = CARTESIAN_POINT ( 'NONE',  ( -0.3677964679999999875, 0.04029408199999999496, -0.09727853400000004147 ) ) ;
#1108 = ADVANCED_FACE ( 'NONE', ( #1728 ), #2513, .T. ) ;
#1109 = VERTEX_POINT ( 'NONE', #2114 ) ;
#1110 = CARTESIAN_POINT ( 'NONE',  ( -0.4311305449999999762, -0.08269445300000004273, 0.03425316900000002773 ) ) ;
#1111 = EDGE_CURVE ( 'NONE', #1109, #928, #1554, .T. ) ;
#1112 = ORIENTED_EDGE ( 'NONE', *, *, #1248, .T. ) ;
#1113 = CARTESIAN_POINT ( 'NONE',  ( -0.4484214680000001563, -0.09727853200000004252, 5.000000000000000932E-09 ) ) ;
#1114 = DIRECTION ( 'NONE',  ( 0.000000000000000000, 1.000000000000000000, 0.000000000000000000 ) ) ;
#1115 = CARTESIAN_POINT ( 'NONE',  ( -0.4512000000000002120, -0.09401209059689560887, 0.007524561508250064354 ) ) ;
#1116 = ORIENTED_EDGE ( 'NONE', *, *, #941, .F. ) ;
#1117 = CARTESIAN_POINT ( 'NONE',  ( -0.3656513857700000591, 3.990000000000001318E-09, 0.08254861322000003887 ) ) ;
#1118 = CARTESIAN_POINT ( 'NONE',  ( -0.4668637690000001506, -0.05707582100000004044, -0.05987179800000003854 ) ) ;
#1119 = AXIS2_PLACEMENT_3D ( 'NONE', #285, #2246, #2070 ) ;
#1120 = DIRECTION ( 'NONE',  ( 1.000000000000000000, -2.203103220696985783E-16, 0.000000000000000000 ) ) ;
#1121 = CARTESIAN_POINT ( 'NONE',  ( -0.4462280760142127156, 0.07559440440064379985, -0.03307870416707302946 ) ) ;
#1122 = VECTOR ( 'NONE', #2338, 39.37007874015748143 ) ;
#1123 = CARTESIAN_POINT ( 'NONE',  ( 0.2042000000000000481, -0.04400000000000001826, -0.03000000000000000930 ) ) ;
#1124 = CARTESIAN_POINT ( 'NONE',  ( -0.4292555450000000716, -0.05847380600000001705, 0.05847381200000002083 ) ) ;
#1125 = ORIENTED_EDGE ( 'NONE', *, *, #2006, .F. ) ;
#1126 = CARTESIAN_POINT ( 'NONE',  ( -0.2923805450000001582, 0.03425316000000001165, -0.08269445599999999952 ) ) ;
#1127 = CARTESIAN_POINT ( 'NONE',  ( -0.4496780681589816475, 0.07853067827256082767, 0.02529423585118314305 ) ) ;
#1128 = FACE_OUTER_BOUND ( 'NONE', #1635, .T. ) ;
#1129 = EDGE_CURVE ( 'NONE', #2439, #886, #751, .T. ) ;
#1130 = ORIENTED_EDGE ( 'NONE', *, *, #1550, .F. ) ;
#1131 = CARTESIAN_POINT ( 'NONE',  ( -0.4512000000000000455, 0.000000000000000000, 0.000000000000000000 ) ) ;
#1132 = CARTESIAN_POINT ( 'NONE',  ( -0.3546714680000001008, -0.06878630600000003315, 0.06878631300000001558 ) ) ;
#1133 = CARTESIAN_POINT ( 'NONE',  ( -0.4311305449999999762, -0.08269445300000004273, 0.03425316900000002773 ) ) ;
#1134 = EDGE_LOOP ( 'NONE', ( #1298, #1454, #487, #330, #48 ) ) ;
#1135 = CARTESIAN_POINT ( 'NONE',  ( -0.4458556769516232032, 0.07285929508132131527, -0.03873290436339575649 ) ) ;
#1136 = CARTESIAN_POINT ( 'NONE',  ( -0.4165464680000001141, -0.09727853000000004358, 0.04029409199999998969 ) ) ;
#1137 = CARTESIAN_POINT ( 'NONE',  ( -0.4489421016421308308, 0.08145811944072153810, 0.01309353613715553630 ) ) ;
#1138 = CARTESIAN_POINT ( 'NONE',  ( -0.4972600000000000908, 0.03198852142000001286, -0.3473210838500001563 ) ) ;
#1139 = ADVANCED_FACE ( 'NONE', ( #529 ), #2124, .T. ) ;
#1140 = DIRECTION ( 'NONE',  ( 0.000000000000000000, 0.000000000000000000, -1.000000000000000000 ) ) ;
#1141 = CARTESIAN_POINT ( 'NONE',  ( -0.3655055450000000428, 4.000000000000001076E-09, 0.08269445400000002833 ) ) ;
#1142 = CARTESIAN_POINT ( 'NONE',  ( -0.3940464679999999831, -0.04029409199999998969, -0.09727853000000004358 ) ) ;
#1143 = CARTESIAN_POINT ( 'NONE',  ( -0.4555055450000000672, 4.000000000000001076E-09, 0.08269445400000002833 ) ) ;
#1144 = DIRECTION ( 'NONE',  ( 0.000000000000000000, 0.000000000000000000, -1.000000000000000000 ) ) ;
#1145 = CARTESIAN_POINT ( 'NONE',  ( -0.4465543118360715824, 0.07762795796185080477, -0.02797525326835544751 ) ) ;
#1146 = CARTESIAN_POINT ( 'NONE',  ( 0.2042000000000000481, 0.05400000000000001327, 0.01000000000000000194 ) ) ;
#1147 = CARTESIAN_POINT ( 'NONE',  ( -0.5518000000000000682, 4.738048864011456858E-16, 9.817578727230945633E-17 ) ) ;
#1148 = CARTESIAN_POINT ( 'NONE',  ( -0.4559214680000001074, -5.000000000000000932E-09, -0.09727853200000004252 ) ) ;
#1149 = EDGE_LOOP ( 'NONE', ( #1899, #1761, #578, #2305 ) ) ;
#1150 = VECTOR ( 'NONE', #182, 39.37007874015748143 ) ;
#1151 = CARTESIAN_POINT ( 'NONE',  ( -0.2537150136193780936, -0.08240872891695354141, -0.01663867996833177931 ) ) ;
#1152 = ORIENTED_EDGE ( 'NONE', *, *, #1326, .T. ) ;
#1153 = PLANE ( 'NONE',  #1783 ) ;
#1154 = DIRECTION ( 'NONE',  ( 0.000000000000000000, 1.000000000000000000, 0.000000000000000000 ) ) ;
#1155 = CARTESIAN_POINT ( 'NONE',  ( 0.2042000000000000481, -0.05400000000000001327, -0.01000000000000000194 ) ) ;
#1156 = CARTESIAN_POINT ( 'NONE',  ( -0.4034214680000001163, 0.09727853200000004252, -5.000000000000000932E-09 ) ) ;
#1157 = EDGE_CURVE ( 'NONE', #1102, #955, #543, .T. ) ;
#1158 = FACE_BOUND ( 'NONE', #2503, .T. ) ;
#1159 = CARTESIAN_POINT ( 'NONE',  ( -0.4440864960449213972, 0.05354490221867396621, -0.06276299424336485855 ) ) ;
#1160 =( GEOMETRIC_REPRESENTATION_CONTEXT ( 3 ) GLOBAL_UNCERTAINTY_ASSIGNED_CONTEXT ( ( #714 ) ) GLOBAL_UNIT_ASSIGNED_CONTEXT ( ( #2291, #1305, #250 ) ) REPRESENTATION_CONTEXT ( 'NONE', 'WORKASPACE' ) );
#1161 = CARTESIAN_POINT ( 'NONE',  ( -0.4034214680000001163, 0.09727853200000004252, -5.000000000000000932E-09 ) ) ;
#1162 = CARTESIAN_POINT ( 'NONE',  ( -0.4503302703638931703, 0.07448548674122972002, 0.03550530882477204858 ) ) ;
#1163 = CARTESIAN_POINT ( 'NONE',  ( -0.2481600610140980989, -0.04686692813469828245, 0.06980410647988365136 ) ) ;
#1164 = FILL_AREA_STYLE_COLOUR ( '', #1735 ) ;
#1165 = CARTESIAN_POINT ( 'NONE',  ( -0.4034214680000001163, 0.09727853200000004252, -5.000000000000000932E-09 ) ) ;
#1166 = CARTESIAN_POINT ( 'NONE',  ( -0.3111305450000000916, -0.08269445300000004273, 0.03425316900000002773 ) ) ;
#1167 = CARTESIAN_POINT ( 'NONE',  ( -0.2775263857700001058, -0.03419275078000002382, 0.08254861522000001006 ) ) ;
#1168 = CYLINDRICAL_SURFACE ( 'NONE', #51, 0.03000000000000000930 ) ;
#1169 = EDGE_CURVE ( 'NONE', #939, #831, #134, .T. ) ;
#1170 = CARTESIAN_POINT ( 'NONE',  ( -0.4438407013704260828, 0.05018983670741423292, -0.06547812038567377146 ) ) ;
#1171 = CARTESIAN_POINT ( 'NONE',  ( -0.3940464679999999831, -0.04029409199999998969, -0.09727853000000004358 ) ) ;
#1172 = ORIENTED_EDGE ( 'NONE', *, *, #1793, .F. ) ;
#1173 = CARTESIAN_POINT ( 'NONE',  ( -0.4506552611380827411, 0.07194812426378570380, 0.04037738521108964751 ) ) ;
#1174 = CARTESIAN_POINT ( 'NONE',  ( 0.2042000000000000481, -0.05399999999938001616, 0.009999999999070002810 ) ) ;
#1175 = FACE_OUTER_BOUND ( 'NONE', #854, .T. ) ;
#1176 = CARTESIAN_POINT ( 'NONE',  ( -0.3452964680000001341, 0.09727853400000004147, 0.04029408199999999496 ) ) ;
#1177 = CARTESIAN_POINT ( 'NONE',  ( -0.2961305450000000783, 0.08269445300000004273, -0.03425316900000002773 ) ) ;
#1178 = CARTESIAN_POINT ( 'NONE',  ( -0.4168000000000002259, -0.08250000000000003164, 0.000000000000000000 ) ) ;
#1179 =( BOUNDED_SURFACE ( )  B_SPLINE_SURFACE ( 1, 2, ( 
 ( #2420, #452, #2045, #251, #1069, #880, #1667, #618, #1624, #605, #448, #217, #1636, #1432, #1420 ),
 ( #429, #1609, #401, #1648, #1241, #1214, #201, #2233, #233, #1038, #15, #1832, #1446, #644, #1801 ),
 ( #846, #832, #2001, #1025, #2030, #1818, #3, #2018, #2207, #30, #1050, #1254, #2431, #415, #1228 ),
 ( #2416, #1843, #861, #2583, #820, #1987, #1353, #555, #175, #1962, #1790, #541, #1002, #2571, #2556 ) ),
 .UNSPECIFIED., .F., .F., .F. ) 
 B_SPLINE_SURFACE_WITH_KNOTS ( ( 2, 1, 1, 2 ),
 ( 3, 2, 2, 2, 2, 2, 2, 3 ),
 ( -0.02782824030732401754, 0.000000000000000000, 1.000000000000000000, 1.027828240307324004 ),
 ( 0.2381376001973870282, 0.2500000000000000000, 0.3750000000000000555, 0.5000000000000000000, 0.6250000000000001110, 0.7500000000000001110, 0.8750000000000001110, 1.000000000000000000 ),
 .UNSPECIFIED. ) 
 GEOMETRIC_REPRESENTATION_ITEM ( )  RATIONAL_B_SPLINE_SURFACE ( (
 ( 0.9869235175248151082, 0.9927762286518960755, 1.000000000000000000, 0.9238795325112871826, 1.000000000000000000, 0.9238795325112871826, 1.000000000000000000, 0.9238795325112871826, 1.000000000000000000, 0.9238795325112871826, 1.000000000000000000, 0.9238795325112871826, 1.000000000000000000, 0.9238795325112871826, 1.000000000000000000),
 ( 0.9869235175248151082, 0.9927762286518960755, 1.000000000000000000, 0.9238795325112871826, 1.000000000000000000, 0.9238795325112871826, 1.000000000000000000, 0.9238795325112871826, 1.000000000000000000, 0.9238795325112871826, 1.000000000000000000, 0.9238795325112871826, 1.000000000000000000, 0.9238795325112871826, 1.000000000000000000),
 ( 0.9869235175248151082, 0.9927762286518960755, 1.000000000000000000, 0.9238795325112871826, 1.000000000000000000, 0.9238795325112871826, 1.000000000000000000, 0.9238795325112871826, 1.000000000000000000, 0.9238795325112871826, 1.000000000000000000, 0.9238795325112871826, 1.000000000000000000, 0.9238795325112871826, 1.000000000000000000),
 ( 0.9869235175248151082, 0.9927762286518960755, 1.000000000000000000, 0.9238795325112871826, 1.000000000000000000, 0.9238795325112871826, 1.000000000000000000, 0.9238795325112871826, 1.000000000000000000, 0.9238795325112871826, 1.000000000000000000, 0.9238795325112871826, 1.000000000000000000, 0.9238795325112871826, 1.000000000000000000) ) ) 
 REPRESENTATION_ITEM ( '' )  SURFACE ( )  );
#1180 = CARTESIAN_POINT ( 'NONE',  ( -0.3602964679999999809, -0.09727853400000004147, -0.04029408199999999496 ) ) ;
#1181 = ORIENTED_EDGE ( 'NONE', *, *, #2358, .F. ) ;
#1182 = CARTESIAN_POINT ( 'NONE',  ( -0.4409943657387110361, 0.005294484775435706440, -0.08232993642025168701 ) ) ;
#1183 = CARTESIAN_POINT ( 'NONE',  ( -0.2415736530724901798, 0.05960739973448790641, 0.05929388388741612531 ) ) ;
#1184 = AXIS2_PLACEMENT_3D ( 'NONE', #1784, #2567, #422 ) ;
#1185 = FILL_AREA_STYLE ('',( #1164 ) ) ;
#1186 = CARTESIAN_POINT ( 'NONE',  ( -0.3415464680000000475, 0.09727853000000004358, -0.04029409199999998276 ) ) ;
#1187 = DIMENSIONAL_EXPONENTS ( 1.000000000000000000, 0.000000000000000000, 0.000000000000000000, 0.000000000000000000, 0.000000000000000000, 0.000000000000000000, 0.000000000000000000 ) ;
#1188 =( LENGTH_UNIT ( ) NAMED_UNIT ( * ) SI_UNIT ( $, .METRE. ) );
#1189 = CARTESIAN_POINT ( 'NONE',  ( -0.2812763857700000814, -0.08254861223000005410, 0.03419275977000001132 ) ) ;
#1190 = CARTESIAN_POINT ( 'NONE',  ( -0.2646714680000000208, -0.06878630600000003315, 0.06878631300000001558 ) ) ;
#1191 = CIRCLE ( 'NONE', #350, 0.03000000000000000930 ) ;
#1192 = FACE_OUTER_BOUND ( 'NONE', #2074, .T. ) ;
#1193 = AXIS2_PLACEMENT_3D ( 'NONE', #1859, #2077, #2064 ) ;
#1194 = EDGE_LOOP ( 'NONE', ( #534, #1672 ) ) ;
#1195 = CARTESIAN_POINT ( 'NONE',  ( -0.2571714680000000697, 0.06878631300000001558, 0.06878630600000003315 ) ) ;
#1196 = CARTESIAN_POINT ( 'NONE',  ( -0.4408626600471258761, 0.002942792410327883280, -0.08244749828120750967 ) ) ;
#1197 = CYLINDRICAL_SURFACE ( 'NONE', #792, 0.08250000000000003164 ) ;
#1198 = CARTESIAN_POINT ( 'NONE',  ( -0.3055055450000001005, 4.000000000000001076E-09, 0.08269445400000002833 ) ) ;
#1199 = ORIENTED_EDGE ( 'NONE', *, *, #1669, .F. ) ;
#1200 = AXIS2_PLACEMENT_3D ( 'NONE', #2570, #1799, #805 ) ;
#1201 = CARTESIAN_POINT ( 'NONE',  ( -0.2811305449999999539, -0.08269445300000004273, 0.03425316900000002773 ) ) ;
#1202 = EDGE_CURVE ( 'NONE', #629, #733, #1342, .T. ) ;
#1203 = CARTESIAN_POINT ( 'NONE',  ( -0.4512000000000003785, -0.06595457811345470378, 0.06275503651843673814 ) ) ;
#1204 = CIRCLE ( 'NONE', #1281, 0.08250000000000003164 ) ;
#1205 = PRESENTATION_STYLE_ASSIGNMENT (( #768 ) ) ;
#1206 = CARTESIAN_POINT ( 'NONE',  ( -0.3225263857700002568, 0.03419275078000002382, -0.08254861522000001006 ) ) ;
#1207 = DIRECTION ( 'NONE',  ( -0.000000000000000000, -6.766571943681531936E-08, -0.9999999999999976685 ) ) ;
#1208 = DIRECTION ( 'NONE',  ( 0.000000000000000000, 0.000000000000000000, -1.000000000000000000 ) ) ;
#1209 = CARTESIAN_POINT ( 'NONE',  ( -0.4481591913438773833, 0.08249999999999887978, -0.0007437581801371341214 ) ) ;
#1210 = CARTESIAN_POINT ( 'NONE',  ( -0.4442555450000000850, 0.05847380600000001705, -0.05847381200000002083 ) ) ;
#1211 = CARTESIAN_POINT ( 'NONE',  ( -0.4168000000000001148, 0.000000000000000000, 0.000000000000000000 ) ) ;
#1212 = CARTESIAN_POINT ( 'NONE',  ( -0.3505055450000000850, -4.000000000000001076E-09, -0.08269445400000002833 ) ) ;
#1213 = ORIENTED_EDGE ( 'NONE', *, *, #597, .F. ) ;
#1214 = CARTESIAN_POINT ( 'NONE',  ( -0.2434250000000000302, 0.03417262300000002695, 0.08249999800000003269 ) ) ;
#1215 = CARTESIAN_POINT ( 'NONE',  ( -0.2773805450000000339, -0.03425316000000001165, 0.08269445599999999952 ) ) ;
#1216 = EDGE_CURVE ( 'NONE', #1312, #2530, #1940, .T. ) ;
#1217 = CARTESIAN_POINT ( 'NONE',  ( -0.3242555450000000339, 0.05847380600000001705, -0.05847381200000002083 ) ) ;
#1218 = CARTESIAN_POINT ( 'NONE',  ( -0.2515464680000000786, 0.09727853000000004358, -0.04029409199999998276 ) ) ;
#1219 = CARTESIAN_POINT ( 'NONE',  ( -0.5518000000000000682, -0.06416186600000002571, -0.06416133500000002765 ) ) ;
#1220 = DIRECTION ( 'NONE',  ( 1.000000000000000000, 0.000000000000000000, 0.000000000000000000 ) ) ;
#1221 = ORIENTED_EDGE ( 'NONE', *, *, #162, .T. ) ;
#1222 = CARTESIAN_POINT ( 'NONE',  ( -0.2496714680000000353, 0.06878630600000003315, -0.06878631300000001558 ) ) ;
#1223 = CARTESIAN_POINT ( 'NONE',  ( -0.4407215476375947460, 0.0003924202273157046577, -0.08249930002623959147 ) ) ;
#1224 = DIRECTION ( 'NONE',  ( -1.000000000000000000, 0.000000000000000000, 0.000000000000000000 ) ) ;
#1225 = VECTOR ( 'NONE', #2031, 39.37007874015748854 ) ;
#1226 = CARTESIAN_POINT ( 'NONE',  ( -0.3017555450000000694, 0.05847381200000002083, 0.05847380600000001705 ) ) ;
#1227 = ORIENTED_EDGE ( 'NONE', *, *, #311, .F. ) ;
#1228 = CARTESIAN_POINT ( 'NONE',  ( -0.2605055450000000605, -4.000000000000001076E-09, -0.08269445400000002833 ) ) ;
#1229 = CARTESIAN_POINT ( 'NONE',  ( -0.4512000000000000455, -0.03707938339878555367, 0.08116704002377286842 ) ) ;
#1230 = SURFACE_STYLE_FILL_AREA ( #403 ) ;
#1231 = VECTOR ( 'NONE', #1043, 39.37007874015748143 ) ;
#1232 = EDGE_CURVE ( 'NONE', #1811, #701, #1714, .T. ) ;
#1233 = LINE ( 'NONE', #895, #2312 ) ;
#1234 = LINE ( 'NONE', #1601, #865 ) ;
#1235 = EDGE_LOOP ( 'NONE', ( #1327, #1506, #441, #1470 ) ) ;
#1236 = CARTESIAN_POINT ( 'NONE',  ( -0.2927964679999999764, -0.04029408199999999496, 0.09727853400000004147 ) ) ;
#1237 = CARTESIAN_POINT ( 'NONE',  ( -0.4496034300000001371, 0.08269445600000002727, 0.02919070999999999819 ) ) ;
#1238 = DIRECTION ( 'NONE',  ( -8.278327253528066863E-16, -1.000000000000000000, 0.000000000000000000 ) ) ;
#1239 = CARTESIAN_POINT ( 'NONE',  ( -0.3261305450000000494, 0.08269445300000004273, -0.03425316900000002773 ) ) ;
#1240 = AXIS2_PLACEMENT_3D ( 'NONE', #1514, #1955, #2385 ) ;
#1241 = CARTESIAN_POINT ( 'NONE',  ( -0.2415500000000000425, 0.05833631200000002209, 0.05833630600000001831 ) ) ;
#1242 = CARTESIAN_POINT ( 'NONE',  ( 0.2042000000000000481, 0.04400000000000001826, 0.000000000000000000 ) ) ;
#1243 = FACE_OUTER_BOUND ( 'NONE', #746, .T. ) ;
#1244 = CIRCLE ( 'NONE', #224, 0.08250000000000003164 ) ;
#1245 = LINE ( 'NONE', #482, #220 ) ;
#1246 = CARTESIAN_POINT ( 'NONE',  ( -0.2852964680000000253, 0.09727853400000004147, 0.04029408199999999496 ) ) ;
#1247 = CARTESIAN_POINT ( 'NONE',  ( -0.3617555450000000672, 0.05847381200000002083, 0.05847380600000001705 ) ) ;
#1248 = EDGE_CURVE ( 'NONE', #424, #1969, #304, .T. ) ;
#1249 = ORIENTED_EDGE ( 'NONE', *, *, #813, .T. ) ;
#1250 = CARTESIAN_POINT ( 'NONE',  ( -0.2852964680000000808, 0.09727853400000004147, 0.04029408199999999496 ) ) ;
#1251 = CARTESIAN_POINT ( 'NONE',  ( -0.4429460176837919372, 0.03725277154129953000, -0.07361137777772235047 ) ) ;
#1252 = CARTESIAN_POINT ( 'NONE',  ( -0.2378000000000000669, -4.476642599349902588E-09, -0.08959529935965614145 ) ) ;
#1253 = CARTESIAN_POINT ( 'NONE',  ( -0.3430055450000000783, -0.08269445400000002833, 4.000000000000001076E-09 ) ) ;
#1254 = CARTESIAN_POINT ( 'NONE',  ( -0.2548805450000000139, -0.08269445599999999952, -0.03425316000000001165 ) ) ;
#1255 =( NAMED_UNIT ( * ) PLANE_ANGLE_UNIT ( ) SI_UNIT ( $, .RADIAN. ) );
#1256 = VERTEX_POINT ( 'NONE', #2342 ) ;
#1257 = CARTESIAN_POINT ( 'NONE',  ( -0.3373805450000001427, -0.03425316000000001165, 0.08269445599999999952 ) ) ;
#1258 = CARTESIAN_POINT ( 'NONE',  ( 0.2042000000000000481, 0.03400000000000000938, -0.01000000000000000194 ) ) ;
#1259 = CARTESIAN_POINT ( 'NONE',  ( -0.3936305449999999984, 0.03425316900000002773, 0.08269445300000004273 ) ) ;
#1260 = ORIENTED_EDGE ( 'NONE', *, *, #1095, .T. ) ;
#1261 = CARTESIAN_POINT ( 'NONE',  ( -0.3827964679999999453, -0.04029408199999999496, 0.09727853400000004147 ) ) ;
#1262 = CARTESIAN_POINT ( 'NONE',  ( -0.4255470000000000086, 0.08250000000000003164, 1.010333609296566778E-17 ) ) ;
#1263 = CARTESIAN_POINT ( 'NONE',  ( -0.2459214680000000597, -5.000000000000000932E-09, -0.09727853200000004252 ) ) ;
#1264 = CARTESIAN_POINT ( 'NONE',  ( -0.5518000000000000682, 0.03295641988458530153, 0.05416118907021021806 ) ) ;
#1265 = CARTESIAN_POINT ( 'NONE',  ( -0.2398805450000000283, 0.08269445599999998564, 0.03425316000000000471 ) ) ;
#1266 = CARTESIAN_POINT ( 'NONE',  ( -0.4442555450296718500, 0.05847380597901893212, -0.05847381197901892896 ) ) ;
#1267 = CIRCLE ( 'NONE', #687, 0.1550000000000000544 ) ;
#1268 = DIRECTION ( 'NONE',  ( 4.406206441393971565E-16, 1.000000000000000000, 0.000000000000000000 ) ) ;
#1269 = CARTESIAN_POINT ( 'NONE',  ( -0.3430055450000000783, -0.08269445400000002833, 4.000000000000001076E-09 ) ) ;
#1270 = ORIENTED_EDGE ( 'NONE', *, *, #1369, .F. ) ;
#1271 = CARTESIAN_POINT ( 'NONE',  ( -0.3434214680000001740, 0.09727853200000004252, -5.000000000000000932E-09 ) ) ;
#1272 = CARTESIAN_POINT ( 'NONE',  ( -0.4435914599605861319, 0.04669838463148092561, -0.06801563602586616075 ) ) ;
#1273 = APPLICATION_PROTOCOL_DEFINITION ( 'draft international standard', 'automotive_design', 1998, #44 ) ;
#1274 = CYLINDRICAL_SURFACE ( 'NONE', #1119, 0.03000000000000000930 ) ;
#1275 = CARTESIAN_POINT ( 'NONE',  ( -0.2534214680000000386, 0.09727853200000004252, -5.000000000000000932E-09 ) ) ;
#1276 = DIRECTION ( 'NONE',  ( 0.000000000000000000, 0.000000000000000000, -1.000000000000000000 ) ) ;
#1277 = EDGE_CURVE ( 'NONE', #733, #424, #2506, .T. ) ;
#1278 = LINE ( 'NONE', #2032, #647 ) ;
#1279 = UNCERTAINTY_MEASURE_WITH_UNIT (LENGTH_MEASURE( 1.000000000000000082E-05 ), #2187, 'distance_accuracy_value', 'NONE');
#1280 = CARTESIAN_POINT ( 'NONE',  ( -0.3115464680000000763, 0.09727853000000004358, -0.04029409199999998276 ) ) ;
#1281 = AXIS2_PLACEMENT_3D ( 'NONE', #1417, #2217, #427 ) ;
#1282 = CARTESIAN_POINT ( 'NONE',  ( -0.4217555450000000650, 0.05847381200000002083, 0.05847380600000001705 ) ) ;
#1283 = CARTESIAN_POINT ( 'NONE',  ( -0.4512000000000000455, 0.000000000000000000, -0.05900000000000001771 ) ) ;
#1284 = CARTESIAN_POINT ( 'NONE',  ( -0.3992555450000001005, -0.05847380600000001705, 0.05847381200000002083 ) ) ;
#1285 = VERTEX_POINT ( 'NONE', #95 ) ;
#1286 = CARTESIAN_POINT ( 'NONE',  ( -0.4418537778544006644, 0.02000824049347686012, -0.08003795503671165545 ) ) ;
#1287 = PLANE ( 'NONE',  #919 ) ;
#1288 = CARTESIAN_POINT ( 'NONE',  ( -0.4511999999999998789, 0.06564005935009091519, 0.05019967053716332256 ) ) ;
#1289 = CARTESIAN_POINT ( 'NONE',  ( -0.2571714680000000697, 0.06878631300000001558, 0.06878630600000003315 ) ) ;
#1290 = ORIENTED_EDGE ( 'NONE', *, *, #1743, .T. ) ;
#1291 = DIRECTION ( 'NONE',  ( 0.000000000000000000, 1.000000000000000000, 0.000000000000000000 ) ) ;
#1292 = CARTESIAN_POINT ( 'NONE',  ( -0.5518000000000060634, 0.07536595900000472859, -0.1200740279999754079 ) ) ;
#1293 = ORIENTED_EDGE ( 'NONE', *, *, #1232, .F. ) ;
#1294 = FACE_BOUND ( 'NONE', #170, .T. ) ;
#1295 = CARTESIAN_POINT ( 'NONE',  ( -0.3748805450000001760, -0.08269445599999999952, -0.03425316000000001165 ) ) ;
#1296 = CARTESIAN_POINT ( 'NONE',  ( -0.3996714680000000852, 0.06878630600000003315, -0.06878631300000001558 ) ) ;
#1297 = CARTESIAN_POINT ( 'NONE',  ( -0.4198805449999999939, 0.08269445599999999952, 0.03425316000000001165 ) ) ;
#1298 = ORIENTED_EDGE ( 'NONE', *, *, #1682, .F. ) ;
#1299 = CARTESIAN_POINT ( 'NONE',  ( -0.4433854142033310519, 0.04374505002267812387, -0.06995167215578544651 ) ) ;
#1300 = FACE_OUTER_BOUND ( 'NONE', #1948, .T. ) ;
#1301 = CARTESIAN_POINT ( 'NONE',  ( -0.2965464680000000630, -0.09727853000000004358, 0.04029409199999998969 ) ) ;
#1302 = ORIENTED_EDGE ( 'NONE', *, *, #248, .F. ) ;
#1303 = CARTESIAN_POINT ( 'NONE',  ( -0.4334214680000001430, 0.09727853200000004252, -5.000000000000000932E-09 ) ) ;
#1304 = DIRECTION ( 'NONE',  ( 0.000000000000000000, 1.000000000000000000, 0.000000000000000000 ) ) ;
#1305 =( NAMED_UNIT ( * ) PLANE_ANGLE_UNIT ( ) SI_UNIT ( $, .RADIAN. ) );
#1306 = AXIS2_PLACEMENT_3D ( 'NONE', #1067, #17, #2020 ) ;
#1307 = CARTESIAN_POINT ( 'NONE',  ( -0.4048805449999999806, -0.08269445599999999952, -0.03425316000000001165 ) ) ;
#1308 = ORIENTED_EDGE ( 'NONE', *, *, #2543, .T. ) ;
#1309 = CARTESIAN_POINT ( 'NONE',  ( -0.4448080194637322737, 0.06269993493378220317, -0.05361872955693264275 ) ) ;
#1310 = VECTOR ( 'NONE', #249, 39.37007874015748143 ) ;
#1311 = CARTESIAN_POINT ( 'NONE',  ( -0.3415464680000000475, 0.09727853000000004358, -0.04029409199999998969 ) ) ;
#1312 = VERTEX_POINT ( 'NONE', #894 ) ;
#1313 = CARTESIAN_POINT ( 'NONE',  ( -0.2942555450000000072, 0.05847380600000001705, -0.05847381200000002083 ) ) ;
#1314 = CARTESIAN_POINT ( 'NONE',  ( -0.4493538849947453784, 0.08005059095293783067, 0.02001543597603329394 ) ) ;
#1315 = CARTESIAN_POINT ( 'NONE',  ( -0.4512000000000001565, -0.09418030344048027025, -0.01535733707054627237 ) ) ;
#1316 = MANIFOLD_SOLID_BREP ( 'Cut-Extrude1', #1975 ) ;
#1317 = ORIENTED_EDGE ( 'NONE', *, *, #31, .F. ) ;
#1318 = DIRECTION ( 'NONE',  ( -1.000000000000000000, 0.000000000000000000, 0.000000000000000000 ) ) ;
#1319 = AXIS2_PLACEMENT_3D ( 'NONE', #2521, #1914, #1154 ) ;
#1320 = CARTESIAN_POINT ( 'NONE',  ( -0.3452964680000001896, 0.09727853400000004147, 0.04029408199999999496 ) ) ;
#1321 = CARTESIAN_POINT ( 'NONE',  ( -0.4273805450000001116, -0.03425316000000001165, 0.08269445599999999952 ) ) ;
#1322 = VERTEX_POINT ( 'NONE', #49 ) ;
#1323 = CARTESIAN_POINT ( 'NONE',  ( -0.4455780742344780387, 0.07053022348153935306, -0.04282759012672222171 ) ) ;
#1324 = AXIS2_PLACEMENT_3D ( 'NONE', #1352, #776, #2160 ) ;
#1325 = CARTESIAN_POINT ( 'NONE',  ( -0.3527964680000000852, -0.04029408199999999496, 0.09727853400000004147 ) ) ;
#1326 = EDGE_CURVE ( 'NONE', #897, #1551, #6, .T. ) ;
#1327 = ORIENTED_EDGE ( 'NONE', *, *, #118, .F. ) ;
#1328 = CARTESIAN_POINT ( 'NONE',  ( -0.4490330483630597391, 0.08119059465450634283, 0.01464026432984237742 ) ) ;
#1329 = CARTESIAN_POINT ( 'NONE',  ( -0.1178000000000000436, 0.000000000000000000, 0.000000000000000000 ) ) ;
#1330 = ORIENTED_EDGE ( 'NONE', *, *, #328, .F. ) ;
#1331 = CARTESIAN_POINT ( 'NONE',  ( -0.4048805450000000361, -0.08269445599999998564, -0.03425316000000000471 ) ) ;
#1332 = CARTESIAN_POINT ( 'NONE',  ( -0.4390464680000000230, 0.04029409199999998969, 0.09727853000000004358 ) ) ;
#1333 = CARTESIAN_POINT ( 'NONE',  ( -0.4067555450000000516, -0.05847381200000002083, -0.05847380600000001705 ) ) ;
#1334 = EDGE_LOOP ( 'NONE', ( #1260, #952 ) ) ;
#1335 = CARTESIAN_POINT ( 'NONE',  ( -0.2323805449999999662, 0.03425316000000001165, -0.08269445599999999952 ) ) ;
#1336 = CARTESIAN_POINT ( 'NONE',  ( -0.4071714680000000919, 0.06878631300000001558, 0.06878630600000003315 ) ) ;
#1337 = EDGE_LOOP ( 'NONE', ( #976, #617, #658, #2158 ) ) ;
#1338 = CARTESIAN_POINT ( 'NONE',  ( 0.2042000000000000481, -0.04400000000000001826, 0.000000000000000000 ) ) ;
#1339 = DIRECTION ( 'NONE',  ( 0.000000000000000000, -0.000000000000000000, 1.000000000000000000 ) ) ;
#1340 = CARTESIAN_POINT ( 'NONE',  ( -0.3471714680000000941, 0.06878631300000001558, 0.06878630600000003315 ) ) ;
#1341 = EDGE_CURVE ( 'NONE', #928, #1796, #192, .T. ) ;
#1342 = LINE ( 'NONE', #2328, #1664 ) ;
#1343 = CARTESIAN_POINT ( 'NONE',  ( -0.3506513857700001013, -3.990000000000001318E-09, -0.08254861322000003887 ) ) ;
#1344 =( NAMED_UNIT ( * ) SI_UNIT ( $, .STERADIAN. ) SOLID_ANGLE_UNIT ( ) );
#1345 = CARTESIAN_POINT ( 'NONE',  ( -0.3846714680000001274, -0.06878630600000003315, 0.06878631300000001558 ) ) ;
#1346 = CARTESIAN_POINT ( 'NONE',  ( -0.2831513857700000414, -0.08254861322000003887, 3.990000000000001318E-09 ) ) ;
#1347 = ORIENTED_EDGE ( 'NONE', *, *, #1129, .F. ) ;
#1348 = CARTESIAN_POINT ( 'NONE',  ( -0.4467403781637542814, 0.07862221217707740517, -0.02499595472036694743 ) ) ;
#1349 = CARTESIAN_POINT ( 'NONE',  ( -0.2398805450000000283, 0.08269445599999999952, 0.03425316000000001165 ) ) ;
#1350 = CARTESIAN_POINT ( 'NONE',  ( -0.4221714680000000497, -0.06878631300000001558, -0.06878630600000003315 ) ) ;
#1351 = CARTESIAN_POINT ( 'NONE',  ( -0.4482755384556430522, 0.08249229976845287582, 0.001373525214552146672 ) ) ;
#1352 = CARTESIAN_POINT ( 'NONE',  ( -0.4168000000000001704, -3.620526424330449258E-18, 0.000000000000000000 ) ) ;
#1353 = CARTESIAN_POINT ( 'NONE',  ( -0.2455112649556540072, 4.000000000000001076E-09, 0.08269986531264075791 ) ) ;
#1354 = CARTESIAN_POINT ( 'NONE',  ( -0.3977964680000001252, 0.04029408199999999496, -0.09727853400000004147 ) ) ;
#1355 = CARTESIAN_POINT ( 'NONE',  ( -0.2886305449999999606, -0.03425316900000002773, -0.08269445300000004273 ) ) ;
#1356 = ADVANCED_FACE ( 'NONE', ( #481, #1294 ), #744, .F. ) ;
#1357 = CARTESIAN_POINT ( 'NONE',  ( -0.4352964679999998809, 0.09727853400000004147, 0.04029408199999999496 ) ) ;
#1358 = CARTESIAN_POINT ( 'NONE',  ( -0.2496714680000000353, 0.06878630600000003315, -0.06878631300000001558 ) ) ;
#1359 = CIRCLE ( 'NONE', #1527, 0.03000000000000000930 ) ;
#1360 = CARTESIAN_POINT ( 'NONE',  ( -0.3471714680000000941, 0.06878631300000001558, 0.06878630600000003315 ) ) ;
#1361 = ORIENTED_EDGE ( 'NONE', *, *, #2211, .F. ) ;
#1362 = FACE_OUTER_BOUND ( 'NONE', #1730, .T. ) ;
#1363 = CARTESIAN_POINT ( 'NONE',  ( -0.4500972162614255700, 0.07607956993440223581, 0.03191809557576310435 ) ) ;
#1364 = AXIS2_PLACEMENT_3D ( 'NONE', #1888, #1478, #2087 ) ;
#1365 = DIRECTION ( 'NONE',  ( 0.000000000000000000, 0.000000000000000000, 1.000000000000000000 ) ) ;
#1366 = VERTEX_POINT ( 'NONE', #127 ) ;
#1367 = CARTESIAN_POINT ( 'NONE',  ( 0.2042000000000000481, -0.04400000000000001826, 0.03000000000000000930 ) ) ;
#1368 = CARTESIAN_POINT ( 'NONE',  ( -0.3340464679999998743, -0.04029409199999998276, -0.09727853000000004358 ) ) ;
#1369 = EDGE_CURVE ( 'NONE', #2439, #565, #2103, .T. ) ;
#1370 = CARTESIAN_POINT ( 'NONE',  ( -0.3825263857700001990, 0.03419275078000002382, -0.08254861522000001006 ) ) ;
#1371 = PLANE ( 'NONE',  #604 ) ;
#1372 = ADVANCED_FACE ( 'NONE', ( #1411, #561 ), #2566, .T. ) ;
#1373 = CARTESIAN_POINT ( 'NONE',  ( -0.4315464680000001829, 0.09727853000000004358, -0.04029409199999998969 ) ) ;
#1374 = ORIENTED_EDGE ( 'NONE', *, *, #1248, .F. ) ;
#1375 = CARTESIAN_POINT ( 'NONE',  ( 0.4495070866141730459, 0.05400000000000001327, 0.09000000000000001055 ) ) ;
#1376 = CARTESIAN_POINT ( 'NONE',  ( -0.4414874203506516936, 0.01386536029020238314, -0.08132745990702075489 ) ) ;
#1377 = CARTESIAN_POINT ( 'NONE',  ( -0.4482135064926706658, -4.645703137175266430E-09, -0.08998649300000004236 ) ) ;
#1378 = DIRECTION ( 'NONE',  ( -1.000000000000000000, 0.000000000000000000, 0.000000000000000000 ) ) ;
#1379 = CARTESIAN_POINT ( 'NONE',  ( -0.3359214680000001119, -5.000000000000000932E-09, -0.09727853200000004252 ) ) ;
#1380 = CARTESIAN_POINT ( 'NONE',  ( -0.2755055450000000739, 4.000000000000001076E-09, 0.08269445400000002833 ) ) ;
#1381 = CARTESIAN_POINT ( 'NONE',  ( -0.3112763857700000525, -0.08254861223000005410, 0.03419275977000001132 ) ) ;
#1382 = CARTESIAN_POINT ( 'NONE',  ( -0.2378000000000000669, 0.08255524177025021226, -0.001241035278736089473 ) ) ;
#1383 = ADVANCED_FACE ( 'NONE', ( #595 ), #1396, .T. ) ;
#1384 = ORIENTED_EDGE ( 'NONE', *, *, #1743, .F. ) ;
#1385 = CARTESIAN_POINT ( 'NONE',  ( -0.4474306145940227242, 0.08137835845964912218, -0.01355775698310237622 ) ) ;
#1386 = CARTESIAN_POINT ( 'NONE',  ( -0.4509515780570858001, 0.06934195025688359715, 0.04469836612866163322 ) ) ;
#1387 = LINE ( 'NONE', #2205, #2316 ) ;
#1388 = CARTESIAN_POINT ( 'NONE',  ( -0.3542555450000000605, 0.05847380600000001705, -0.05847381200000002083 ) ) ;
#1389 = AXIS2_PLACEMENT_3D ( 'NONE', #2190, #1042, #20 ) ;
#1390 = CARTESIAN_POINT ( 'NONE',  ( -0.4184214680000001296, -0.09727853200000004252, 5.000000000000000932E-09 ) ) ;
#1391 =( LENGTH_UNIT ( ) NAMED_UNIT ( * ) SI_UNIT ( $, .METRE. ) );
#1392 = CARTESIAN_POINT ( 'NONE',  ( -0.2736305449999999473, 0.03425316900000002773, 0.08269445300000004273 ) ) ;
#1393 = CARTESIAN_POINT ( 'NONE',  ( -0.4387763857699999992, -0.03419275977000001132, -0.08254861223000005410 ) ) ;
#1394 = AXIS2_PLACEMENT_3D ( 'NONE', #770, #1120, #1559 ) ;
#1395 = PLANE ( 'NONE',  #1939 ) ;
#1396 = CYLINDRICAL_SURFACE ( 'NONE', #1389, 0.1550000000000000544 ) ;
#1397 = FACE_OUTER_BOUND ( 'NONE', #1235, .T. ) ;
#1398 = PRODUCT ( 'MPC3BWD', 'MPC3BWD', '', ( #474 ) ) ;
#1399 = VERTEX_POINT ( 'NONE', #2409 ) ;
#1400 = CARTESIAN_POINT ( 'NONE',  ( -0.4472482992983583538, 0.08081797710346480534, -0.01664840752545113101 ) ) ;
#1401 = CARTESIAN_POINT ( 'NONE',  ( -0.4512627220000000050, 0.06436950300000000846, 0.05191281100000002396 ) ) ;
#1402 = DIMENSIONAL_EXPONENTS ( 1.000000000000000000, 0.000000000000000000, 0.000000000000000000, 0.000000000000000000, 0.000000000000000000, 0.000000000000000000, 0.000000000000000000 ) ;
#1403 = FACE_OUTER_BOUND ( 'NONE', #2133, .T. ) ;
#1404 = CARTESIAN_POINT ( 'NONE',  ( -0.3636305450000000827, 0.03425316900000002773, 0.08269445300000004273 ) ) ;
#1405 = CARTESIAN_POINT ( 'NONE',  ( -0.2717555450000000428, 0.05847381200000002083, 0.05847380600000001705 ) ) ;
#1406 = CYLINDRICAL_SURFACE ( 'NONE', #418, 0.09600000000000004363 ) ;
#1407 = EDGE_CURVE ( 'NONE', #480, #2016, #1267, .T. ) ;
#1408 = CARTESIAN_POINT ( 'NONE',  ( -0.2377999998362659850, 0.08261072639982663945, -0.003720299501886042103 ) ) ;
#1409 = CARTESIAN_POINT ( 'NONE',  ( -0.3769013857700000414, -0.05837068699000002442, -0.05837068100000002147 ) ) ;
#1410 = CARTESIAN_POINT ( 'NONE',  ( -0.5518000000000075067, -0.1412787979999790555, 0.01175164999997695484 ) ) ;
#1411 = FACE_OUTER_BOUND ( 'NONE', #2301, .T. ) ;
#1412 = DIRECTION ( 'NONE',  ( -0.000000000000000000, -1.000000000000000000, -0.000000000000000000 ) ) ;
#1413 = CYLINDRICAL_SURFACE ( 'NONE', #511, 0.1000000000000000194 ) ;
#1414 = EDGE_LOOP ( 'NONE', ( #1374, #2121, #1221, #1021 ) ) ;
#1415 = CARTESIAN_POINT ( 'NONE',  ( -0.2477964680000000197, 0.04029408199999999496, -0.09727853400000004147 ) ) ;
#1416 = CARTESIAN_POINT ( 'NONE',  ( 0.4888771653543305118, -0.03400000000000000938, 0.01000000000000000194 ) ) ;
#1417 = CARTESIAN_POINT ( 'NONE',  ( -0.4511999998171732362, 1.061819637606275385E-17, 0.000000000000000000 ) ) ;
#1418 = CARTESIAN_POINT ( 'NONE',  ( -0.3617555450000000672, 0.05847381200000002083, 0.05847380600000001705 ) ) ;
#1419 = ORIENTED_EDGE ( 'NONE', *, *, #1456, .F. ) ;
#1420 = CARTESIAN_POINT ( 'NONE',  ( -0.2602942800443460714, -4.000000000000001076E-09, -0.08249458868735930206 ) ) ;
#1421 = CARTESIAN_POINT ( 'NONE',  ( -0.2830055450000000250, -0.08269445400000002833, 4.000000000000001076E-09 ) ) ;
#1422 = CARTESIAN_POINT ( 'NONE',  ( -0.4512000000000001010, 0.01935014042118851293, 0.08392745216843210121 ) ) ;
#1423 = DIRECTION ( 'NONE',  ( 1.000000000000000000, -0.000000000000000000, 0.000000000000000000 ) ) ;
#1424 = ADVANCED_FACE ( 'NONE', ( #1057 ), #454, .F. ) ;
#1425 = CARTESIAN_POINT ( 'NONE',  ( -0.4125263857700000036, 0.03419275078000002382, -0.08254861522000001006 ) ) ;
#1426 = CARTESIAN_POINT ( 'NONE',  ( -0.2378000000000000669, 0.08257907090519550630, -0.001965301379547108613 ) ) ;
#1427 = ORIENTED_EDGE ( 'NONE', *, *, #2485, .F. ) ;
#1428 = CARTESIAN_POINT ( 'NONE',  ( -0.3321714680000001363, -0.06878631300000001558, -0.06878630600000003315 ) ) ;
#1429 = CARTESIAN_POINT ( 'NONE',  ( -0.4508685742256566265, 0.07011159850474169009, 0.04350438712807235681 ) ) ;
#1430 = CARTESIAN_POINT ( 'NONE',  ( -0.2377999999999999559, 0.04181733310031246487, -0.07745735110227468245 ) ) ;
#1431 = CARTESIAN_POINT ( 'NONE',  ( -0.3130055450000000516, -0.08269445400000002833, 4.000000000000001076E-09 ) ) ;
#1432 = CARTESIAN_POINT ( 'NONE',  ( -0.2584192800443460003, -0.03417038154655621662, -0.08249458665953102177 ) ) ;
#1433 = CARTESIAN_POINT ( 'NONE',  ( -0.4511999998539124035, 0.06505513335673018815, 0.05105097844927095757 ) ) ;
#1434 = AXIS2_PLACEMENT_3D ( 'NONE', #1219, #1589, #970 ) ;
#1435 = PLANE ( 'NONE',  #1661 ) ;
#1436 = EDGE_CURVE ( 'NONE', #868, #1256, #1745, .T. ) ;
#1437 = CARTESIAN_POINT ( 'NONE',  ( -0.2740464680000000430, -0.04029409199999998276, -0.09727853000000004358 ) ) ;
#1438 = CARTESIAN_POINT ( 'NONE',  ( -0.4678000000000001046, 0.000000000000000000, 0.000000000000000000 ) ) ;
#1439 = CARTESIAN_POINT ( 'NONE',  ( -0.2377999999999928782, 0.08258195700078374557, -0.002068783697748553200 ) ) ;
#1440 = ORIENTED_EDGE ( 'NONE', *, *, #1844, .T. ) ;
#1441 = CARTESIAN_POINT ( 'NONE',  ( -0.3340464679999999298, -0.04029409199999998969, -0.09727853000000004358 ) ) ;
#1442 = DIRECTION ( 'NONE',  ( 0.000000000000000000, 0.000000000000000000, -1.000000000000000000 ) ) ;
#1443 = CARTESIAN_POINT ( 'NONE',  ( -0.3711305449999999784, -0.08269445300000004273, 0.03425316900000002773 ) ) ;
#1444 = VECTOR ( 'NONE', #694, 39.37007874015748143 ) ;
#1445 = ORIENTED_EDGE ( 'NONE', *, *, #2497, .T. ) ;
#1446 = CARTESIAN_POINT ( 'NONE',  ( -0.2565500000000000003, -0.05833631200000002209, -0.05833630600000001831 ) ) ;
#1447 = LINE ( 'NONE', #2220, #2472 ) ;
#1448 = CIRCLE ( 'NONE', #318, 0.03000000000000000930 ) ;
#1449 = FILL_AREA_STYLE_COLOUR ( '', #2150 ) ;
#1450 = FACE_OUTER_BOUND ( 'NONE', #1134, .T. ) ;
#1451 = CARTESIAN_POINT ( 'NONE',  ( -0.3505055450000000850, -4.000000000000001076E-09, -0.08269445400000002833 ) ) ;
#1452 = CARTESIAN_POINT ( 'NONE',  ( -0.2777964680000000186, 0.04029408199999999496, -0.09727853400000004147 ) ) ;
#1453 = CARTESIAN_POINT ( 'NONE',  ( -0.4030055450000000761, -0.08269445400000002833, 4.000000000000001076E-09 ) ) ;
#1454 = ORIENTED_EDGE ( 'NONE', *, *, #912, .F. ) ;
#1455 = CARTESIAN_POINT ( 'NONE',  ( -0.2834214680000001207, 0.09727853200000004252, -5.000000000000000932E-09 ) ) ;
#1456 = EDGE_CURVE ( 'NONE', #472, #2050, #1725, .T. ) ;
#1457 = CARTESIAN_POINT ( 'NONE',  ( -0.4419692003035896599, 0.02190653293769239188, -0.07954225059084242544 ) ) ;
#1458 = CARTESIAN_POINT ( 'NONE',  ( -0.5518000000000001792, -0.03295183399999999929, -0.05416397900000001486 ) ) ;
#1459 = CARTESIAN_POINT ( 'NONE',  ( -0.3171714680000001230, 0.06878631300000001558, 0.06878630600000003315 ) ) ;
#1460 = CARTESIAN_POINT ( 'NONE',  ( -0.4978000000000002978, 0.1315402170000000703, 0.08198884800000000306 ) ) ;
#1461 = CARTESIAN_POINT ( 'NONE',  ( -0.2417555450000000439, 0.05847381200000002083, 0.05847380600000001705 ) ) ;
#1462 = ORIENTED_EDGE ( 'NONE', *, *, #1232, .T. ) ;
#1463 = FILL_AREA_STYLE_COLOUR ( '', #2359 ) ;
#1464 = CARTESIAN_POINT ( 'NONE',  ( -0.4575263857700001546, -0.03419275078000002382, 0.08254861522000001006 ) ) ;
#1465 = UNCERTAINTY_MEASURE_WITH_UNIT (LENGTH_MEASURE( 1.000000000000000082E-05 ), #673, 'distance_accuracy_value', 'NONE');
#1466 = CARTESIAN_POINT ( 'NONE',  ( -0.2946714680000001030, -0.06878630600000003315, 0.06878631300000001558 ) ) ;
#1467 = CARTESIAN_POINT ( 'NONE',  ( -0.4405055450090782365, -4.080427279403960971E-09, -0.08269445401572733667 ) ) ;
#1468 = CARTESIAN_POINT ( 'NONE',  ( -0.3561305450000000206, 0.08269445300000004273, -0.03425316900000002773 ) ) ;
#1469 = CARTESIAN_POINT ( 'NONE',  ( -0.2886305450000000161, -0.03425316900000002773, -0.08269445300000004273 ) ) ;
#1470 = ORIENTED_EDGE ( 'NONE', *, *, #1202, .F. ) ;
#1471 = CARTESIAN_POINT ( 'NONE',  ( -0.3565464680000001718, -0.09727853000000004358, 0.04029409199999998969 ) ) ;
#1472 = CARTESIAN_POINT ( 'NONE',  ( -0.4435229369663382659, 0.04572166956226529633, -0.06867265013671237928 ) ) ;
#1473 = CARTESIAN_POINT ( 'NONE',  ( -0.5518000000000002903, -0.03295336200000002075, -0.05416304900000002559 ) ) ;
#1474 = CARTESIAN_POINT ( 'NONE',  ( 0.2042000000000000481, -0.05400000000000001327, -0.01000000000000000194 ) ) ;
#1475 = CARTESIAN_POINT ( 'NONE',  ( -0.3021714680000001096, -0.06878631300000001558, -0.06878630600000003315 ) ) ;
#1476 = ADVANCED_FACE ( 'NONE', ( #947 ), #2458, .T. ) ;
#1477 = CARTESIAN_POINT ( 'NONE',  ( -0.4678000000000001046, -6.609309662090954852E-18, 0.000000000000000000 ) ) ;
#1478 = DIRECTION ( 'NONE',  ( -1.000000000000000000, 0.000000000000000000, 0.000000000000000000 ) ) ;
#1479 = CARTESIAN_POINT ( 'NONE',  ( -0.2377999998362659850, 0.08261072639982663945, -0.003720299501886042103 ) ) ;
#1480 = ORIENTED_EDGE ( 'NONE', *, *, #1111, .F. ) ;
#1481 = CARTESIAN_POINT ( 'NONE',  ( 0.000000000000000000, 0.04400000000000001826, 0.000000000000000000 ) ) ;
#1482 = CARTESIAN_POINT ( 'NONE',  ( -0.4678000000000001046, 1.224646799147353577E-17, 0.1000000000000000194 ) ) ;
#1483 = CARTESIAN_POINT ( 'NONE',  ( -0.3134214680000000919, 0.09727853200000004252, -5.000000000000000932E-09 ) ) ;
#1484 = CARTESIAN_POINT ( 'NONE',  ( -0.3973805449999999739, -0.03425316000000000471, 0.08269445599999998564 ) ) ;
#1485 = ORIENTED_EDGE ( 'NONE', *, *, #2260, .F. ) ;
#1486 = CARTESIAN_POINT ( 'NONE',  ( -0.4972599999999999798, -0.1325284074000000201, -0.08226336617000003237 ) ) ;
#1487 = CARTESIAN_POINT ( 'NONE',  ( -0.2834214680000001207, 0.09727853200000004252, -5.000000000000000932E-09 ) ) ;
#1488 = DIRECTION ( 'NONE',  ( -1.000000000000000000, 2.203103220696985783E-16, -0.000000000000000000 ) ) ;
#1489 = CARTESIAN_POINT ( 'NONE',  ( -0.5518000000000001792, 0.03295183399999999929, 0.05416397900000001486 ) ) ;
#1490 = VECTOR ( 'NONE', #197, 39.37007874015748143 ) ;
#1491 = AXIS2_PLACEMENT_3D ( 'NONE', #1481, #2101, #2250 ) ;
#1492 = CARTESIAN_POINT ( 'NONE',  ( -0.4480055450296718256, 0.08269445397032829104, -3.999999997965470950E-09 ) ) ;
#1493 = CARTESIAN_POINT ( 'NONE',  ( -0.4406513857700000703, -3.990000000000001318E-09, -0.08254861322000003887 ) ) ;
#1494 = CARTESIAN_POINT ( 'NONE',  ( -0.3692555450000000739, -0.05847380600000001705, 0.05847381200000002083 ) ) ;
#1495 = UNCERTAINTY_MEASURE_WITH_UNIT (LENGTH_MEASURE( 1.000000000000000082E-05 ), #620, 'distance_accuracy_value', 'NONE');
#1496 = CARTESIAN_POINT ( 'NONE',  ( -0.3827964679999999453, -0.04029408199999999496, 0.09727853400000004147 ) ) ;
#1497 = ORIENTED_EDGE ( 'NONE', *, *, #517, .T. ) ;
#1498 = CARTESIAN_POINT ( 'NONE',  ( -0.4972600000000001463, 0.1325307292500000345, 0.08225962534000003101 ) ) ;
#1499 = CARTESIAN_POINT ( 'NONE',  ( -0.2777964680000000741, 0.04029408199999999496, -0.09727853400000004147 ) ) ;
#1500 = LINE ( 'NONE', #2086, #1572 ) ;
#1501 = FACE_OUTER_BOUND ( 'NONE', #788, .T. ) ;
#1502 = ORIENTED_EDGE ( 'NONE', *, *, #1065, .T. ) ;
#1503 = CARTESIAN_POINT ( 'NONE',  ( -0.3469013857700000703, -0.05837068699000002442, -0.05837068100000002147 ) ) ;
#1504 = CARTESIAN_POINT ( 'NONE',  ( -0.3973805450000000294, -0.03425316000000001165, 0.08269445599999999952 ) ) ;
#1505 = CARTESIAN_POINT ( 'NONE',  ( -0.4511999999999973809, 0.06640233737754210053, 0.04905467025248454876 ) ) ;
#1506 = ORIENTED_EDGE ( 'NONE', *, *, #797, .F. ) ;
#1507 = CARTESIAN_POINT ( 'NONE',  ( -0.3302964680000001207, -0.09727853400000004147, -0.04029408199999999496 ) ) ;
#1508 = CARTESIAN_POINT ( 'NONE',  ( -0.2848805449999999850, -0.08269445599999999952, -0.03425316000000001165 ) ) ;
#1509 = CARTESIAN_POINT ( 'NONE',  ( -0.5518000000000000682, -0.03295641991419231975, -0.05416118905220235896 ) ) ;
#1510 = ORIENTED_EDGE ( 'NONE', *, *, #725, .T. ) ;
#1511 = CARTESIAN_POINT ( 'NONE',  ( -0.3059214680000001407, -5.000000000000000932E-09, -0.09727853200000004252 ) ) ;
#1512 = EDGE_CURVE ( 'NONE', #503, #1874, #1655, .T. ) ;
#1513 = CARTESIAN_POINT ( 'NONE',  ( -0.4123805449999999873, 0.03425316000000001165, -0.08269445599999999952 ) ) ;
#1514 = CARTESIAN_POINT ( 'NONE',  ( -0.2378000000000000669, -0.09614000000000004487, -0.09614000000000004487 ) ) ;
#1515 = CARTESIAN_POINT ( 'NONE',  ( -0.4445011546659972113, 0.05899403296884866282, -0.05767642626124226679 ) ) ;
#1516 = CARTESIAN_POINT ( 'NONE',  ( -0.4409214680000001496, 5.000000000000000932E-09, 0.09727853200000004252 ) ) ;
#1517 = VERTEX_POINT ( 'NONE', #2374 ) ;
#1518 = CARTESIAN_POINT ( 'NONE',  ( -0.4490785899024711814, 0.08105132885751434313, 0.01541259142845675251 ) ) ;
#1519 = LINE ( 'NONE', #1762, #1122 ) ;
#1520 = VECTOR ( 'NONE', #1542, 39.37007874015748143 ) ;
#1521 = ORIENTED_EDGE ( 'NONE', *, *, #1844, .F. ) ;
#1522 = VECTOR ( 'NONE', #1378, 39.37007874015748143 ) ;
#1523 = CARTESIAN_POINT ( 'NONE',  ( -0.4678000000000001046, 0.000000000000000000, -0.1000000000000000194 ) ) ;
#1524 = CARTESIAN_POINT ( 'NONE',  ( -0.4123805450000000428, 0.03425316000000000471, -0.08269445599999998564 ) ) ;
#1525 = CIRCLE ( 'NONE', #2113, 0.1000000000000000194 ) ;
#1526 = CARTESIAN_POINT ( 'NONE',  ( -0.4165464680000001141, -0.09727853000000004358, 0.04029409199999998969 ) ) ;
#1527 = AXIS2_PLACEMENT_3D ( 'NONE', #244, #1224, #2229 ) ;
#1528 = ORIENTED_EDGE ( 'NONE', *, *, #1927, .F. ) ;
#1529 = CARTESIAN_POINT ( 'NONE',  ( -0.4436370164060172150, 0.04734336572877735627, -0.06756827375531827828 ) ) ;
#1530 = CARTESIAN_POINT ( 'NONE',  ( -0.1178000000000000436, -0.09715200000000004388, 0.09715200000000004388 ) ) ;
#1531 = CARTESIAN_POINT ( 'NONE',  ( -0.4521714680000000763, -0.06878631300000001558, -0.06878630600000003315 ) ) ;
#1532 = EDGE_CURVE ( 'NONE', #1366, #701, #1234, .T. ) ;
#1533 = EDGE_LOOP ( 'NONE', ( #1887, #183, #1726, #232 ) ) ;
#1534 = CARTESIAN_POINT ( 'NONE',  ( -0.4504232716201924114, 0.07378312030476748273, 0.03690936409764077747 ) ) ;
#1535 = CARTESIAN_POINT ( 'NONE',  ( 0.2042000000000000481, 0.04400000000000001826, 0.03000000000000000930 ) ) ;
#1536 = FACE_OUTER_BOUND ( 'NONE', #1414, .T. ) ;
#1537 = CARTESIAN_POINT ( 'NONE',  ( -0.3640464680000001230, -0.04029409199999998276, -0.09727853000000004358 ) ) ;
#1538 = DIRECTION ( 'NONE',  ( 1.000000000000000000, 0.000000000000000000, 0.000000000000000000 ) ) ;
#1539 = CARTESIAN_POINT ( 'NONE',  ( -0.4142555450000000583, 0.05847380600000001705, -0.05847381200000002083 ) ) ;
#1540 = CARTESIAN_POINT ( 'NONE',  ( -0.4409214680000001496, 5.000000000000000932E-09, 0.09727853200000004252 ) ) ;
#1541 = LENGTH_MEASURE_WITH_UNIT ( LENGTH_MEASURE( 0.02539999999999999897 ), #889 );
#1542 = DIRECTION ( 'NONE',  ( 1.000000000000000000, 0.000000000000000000, -0.000000000000000000 ) ) ;
#1543 = CARTESIAN_POINT ( 'NONE',  ( -0.2380055450000000405, 0.08269445400000002833, -4.000000000000001076E-09 ) ) ;
#1544 = B_SPLINE_CURVE_WITH_KNOTS ( 'NONE', 3,
 ( #1549, #2367, #2504, #749, #581, #1151, #554, #1936, #1951, #1163, #133, #1751, #2531, #148, #1183, #2171, #378, #1023 ),
 .UNSPECIFIED., .F., .F.,
 ( 4, 2, 2, 2, 2, 2, 2, 2, 4 ),
 ( 1.589651224264814652E-12, 0.001237311841312112044, 0.002474623681034572933, 0.003711935520757034691, 0.004949247360479496448, 0.006186559200201957771, 0.007423871039924420830, 0.008661182879646883020, 0.009898494719369344344 ),
 .UNSPECIFIED. ) ;
#1545 = DIRECTION ( 'NONE',  ( 1.000000000000000000, 0.000000000000000000, 0.000000000000000000 ) ) ;
#1546 = CARTESIAN_POINT ( 'NONE',  ( -0.2377999999999999281, 0.08252070282956208702, -0.0004135750036143867950 ) ) ;
#1547 = CARTESIAN_POINT ( 'NONE',  ( -0.4521714680000000763, -0.06878631300000001558, -0.06878630600000003315 ) ) ;
#1548 = CARTESIAN_POINT ( 'NONE',  ( -0.4483189856355636604, 0.08247549533232162444, 0.002158406932545532415 ) ) ;
#1549 = CARTESIAN_POINT ( 'NONE',  ( -0.2602999998602868459, -3.945327916038261367E-09, -0.08249999999999992062 ) ) ;
#1550 = EDGE_CURVE ( 'NONE', #2530, #1517, #1691, .T. ) ;
#1551 = VERTEX_POINT ( 'NONE', #2201 ) ;
#1552 = CARTESIAN_POINT ( 'NONE',  ( 0.4888771653543305118, -0.05400000000000001327, 0.01000000000000000194 ) ) ;
#1553 = CARTESIAN_POINT ( 'NONE',  ( -0.3790464680000000808, 0.04029409199999998276, 0.09727853000000004358 ) ) ;
#1554 = LINE ( 'NONE', #514, #2438 ) ;
#1555 = CARTESIAN_POINT ( 'NONE',  ( -0.2642555450000000361, 0.05847380600000001705, -0.05847381200000002083 ) ) ;
#1556 = CARTESIAN_POINT ( 'NONE',  ( -0.4221714680000000497, -0.06878631300000001558, -0.06878630600000003315 ) ) ;
#1557 = CARTESIAN_POINT ( 'NONE',  ( -0.2944013857700000236, 0.05837068100000002147, -0.05837068699000002442 ) ) ;
#1558 =( GEOMETRIC_REPRESENTATION_CONTEXT ( 3 ) GLOBAL_UNCERTAINTY_ASSIGNED_CONTEXT ( ( #1495 ) ) GLOBAL_UNIT_ASSIGNED_CONTEXT ( ( #620, #630, #16 ) ) REPRESENTATION_CONTEXT ( 'NONE', 'WORKASPACE' ) );
#1559 = DIRECTION ( 'NONE',  ( 0.000000000000000000, 1.000000000000000000, 0.000000000000000000 ) ) ;
#1560 = CARTESIAN_POINT ( 'NONE',  ( -0.4442408377501930739, 0.05560533895494271239, -0.06094628999172434225 ) ) ;
#1561 = DIRECTION ( 'NONE',  ( 1.000000000000000000, 0.000000000000000000, 0.000000000000000000 ) ) ;
#1562 = CARTESIAN_POINT ( 'NONE',  ( -0.3640464680000001785, -0.04029409199999998969, -0.09727853000000004358 ) ) ;
#1563 = ORIENTED_EDGE ( 'NONE', *, *, #2497, .F. ) ;
#1564 = CARTESIAN_POINT ( 'NONE',  ( -0.4494925733803395440, 0.07943605525145991386, 0.02228853848724712122 ) ) ;
#1565 = AXIS2_PLACEMENT_3D ( 'NONE', #654, #667, #2511 ) ;
#1566 = DIRECTION ( 'NONE',  ( 0.000000000000000000, 0.000000000000000000, 1.000000000000000000 ) ) ;
#1567 = DIRECTION ( 'NONE',  ( 0.000000000000000000, 0.000000000000000000, -1.000000000000000000 ) ) ;
#1568 = CARTESIAN_POINT ( 'NONE',  ( -0.4071714680000000919, 0.06878631300000001558, 0.06878630600000003315 ) ) ;
#1569 = CARTESIAN_POINT ( 'NONE',  ( -0.3750263857700000258, -0.08254861522000001006, -0.03419275078000002382 ) ) ;
#1570 = FILL_AREA_STYLE ('',( #545 ) ) ;
#1571 = CIRCLE ( 'NONE', #432, 0.05900000000000001771 ) ;
#1572 = VECTOR ( 'NONE', #1114, 39.37007874015748143 ) ;
#1573 = DIRECTION ( 'NONE',  ( -1.000000000000000000, -0.000000000000000000, 0.000000000000000000 ) ) ;
#1574 = MECHANICAL_DESIGN_GEOMETRIC_PRESENTATION_REPRESENTATION (  '', ( #1704 ), #43 ) ;
#1575 = CARTESIAN_POINT ( 'NONE',  ( -0.3621714680000001074, -0.06878631300000001558, -0.06878630600000003315 ) ) ;
#1576 = ORIENTED_EDGE ( 'NONE', *, *, #1001, .T. ) ;
#1577 = CARTESIAN_POINT ( 'NONE',  ( -0.4479942452802082031, 0.08241958963315541842, -0.003716657744295345355 ) ) ;
#1578 = CARTESIAN_POINT ( 'NONE',  ( -0.4492617197303980792, 0.08041719828744882392, 0.01848754071616146369 ) ) ;
#1579 = AXIS2_PLACEMENT_3D ( 'NONE', #1924, #986, #354 ) ;
#1580 = CARTESIAN_POINT ( 'NONE',  ( -0.2378000000000000669, 0.000000000000000000, 0.000000000000000000 ) ) ;
#1581 = ORIENTED_EDGE ( 'NONE', *, *, #389, .T. ) ;
#1582 = CARTESIAN_POINT ( 'NONE',  ( 0.2042000000000000481, -0.03400000000031001141, -0.009999999999070002810 ) ) ;
#1583 = CARTESIAN_POINT ( 'NONE',  ( -0.3696714680000000586, 0.06878630600000003315, -0.06878631300000001558 ) ) ;
#1584 = CARTESIAN_POINT ( 'NONE',  ( -0.3223805450000000739, 0.03425316000000000471, -0.08269445599999998564 ) ) ;
#1585 = CARTESIAN_POINT ( 'NONE',  ( -0.4312763857700000480, -0.08254861223000005410, 0.03419275977000001132 ) ) ;
#1586 = CARTESIAN_POINT ( 'NONE',  ( -0.2925263857700000636, 0.03419275078000002382, -0.08254861522000001006 ) ) ;
#1587 = ADVANCED_FACE ( 'NONE', ( #1192 ), #1413, .T. ) ;
#1588 = DIRECTION ( 'NONE',  ( 0.000000000000000000, 0.000000000000000000, 1.000000000000000000 ) ) ;
#1589 = DIRECTION ( 'NONE',  ( -1.000000000000000000, 0.000000000000000000, 0.000000000000000000 ) ) ;
#1590 = CARTESIAN_POINT ( 'NONE',  ( -0.2377999999999932945, 0.08260529281462501705, -0.003206523460636101931 ) ) ;
#1591 = ORIENTED_EDGE ( 'NONE', *, *, #14, .F. ) ;
#1592 = CARTESIAN_POINT ( 'NONE',  ( -0.2459214680000000597, -5.000000000000000932E-09, -0.09727853200000004252 ) ) ;
#1593 = CARTESIAN_POINT ( 'NONE',  ( -0.4407000000000000917, -4.000000000000001076E-09, -0.08250000000000003164 ) ) ;
#1594 = LINE ( 'NONE', #214, #2522 ) ;
#1595 = CARTESIAN_POINT ( 'NONE',  ( -0.3880055450000001183, 0.08269445400000002833, -4.000000000000001076E-09 ) ) ;
#1596 = LINE ( 'NONE', #2147, #1702 ) ;
#1597 = CARTESIAN_POINT ( 'NONE',  ( -0.2661305450000000516, 0.08269445300000004273, -0.03425316900000002773 ) ) ;
#1598 = CARTESIAN_POINT ( 'NONE',  ( -0.4350263857700000236, -0.08254861522000001006, -0.03419275078000002382 ) ) ;
#1599 = DIRECTION ( 'NONE',  ( 1.000000000000000000, 0.000000000000000000, 0.000000000000000000 ) ) ;
#1600 = CYLINDRICAL_SURFACE ( 'NONE', #266, 0.03000000000000000930 ) ;
#1601 = CARTESIAN_POINT ( 'NONE',  ( 0.2042000000000000481, 0.03400000000124001054, -0.01000000000000000194 ) ) ;
#1602 = ORIENTED_EDGE ( 'NONE', *, *, #972, .F. ) ;
#1603 = DIRECTION ( 'NONE',  ( 0.000000000000000000, -1.000000000000000000, 0.000000000000000000 ) ) ;
#1604 = ADVANCED_FACE ( 'NONE', ( #2410 ), #1967, .T. ) ;
#1605 = CARTESIAN_POINT ( 'NONE',  ( -0.4408189854705175104, 0.002158402867048869137, -0.08247549543870559552 ) ) ;
#1606 = PLANE ( 'NONE',  #524 ) ;
#1607 = CARTESIAN_POINT ( 'NONE',  ( -0.3580055450000000916, 0.08269445400000002833, -4.000000000000001076E-09 ) ) ;
#1608 = AXIS2_PLACEMENT_3D ( 'NONE', #433, #1052, #877 ) ;
#1609 = CARTESIAN_POINT ( 'NONE',  ( -0.2376344120000000448, 0.08250000000000003164, -0.003017904000000001374 ) ) ;
#1610 = CARTESIAN_POINT ( 'NONE',  ( -0.4512000000000001565, -0.05282609123148526709, -0.07990904824101496828 ) ) ;
#1611 = DIMENSIONAL_EXPONENTS ( 1.000000000000000000, 0.000000000000000000, 0.000000000000000000, 0.000000000000000000, 0.000000000000000000, 0.000000000000000000, 0.000000000000000000 ) ;
#1612 = CARTESIAN_POINT ( 'NONE',  ( -0.3242555450000000339, 0.05847380600000001705, -0.05847381200000002083 ) ) ;
#1613 = CARTESIAN_POINT ( 'NONE',  ( -0.3937763857699999037, 0.03419275977000001132, 0.08254861223000005410 ) ) ;
#1614 = CARTESIAN_POINT ( 'NONE',  ( -0.3617555450000000672, 0.05847381200000002083, 0.05847380600000001705 ) ) ;
#1615 = CARTESIAN_POINT ( 'NONE',  ( 0.2042000000000000481, -0.03400000000000000938, -0.01000000000000000194 ) ) ;
#1616 = FACE_OUTER_BOUND ( 'NONE', #174, .T. ) ;
#1617 = CARTESIAN_POINT ( 'NONE',  ( -0.2377999999999932945, 0.08260220483692647109, -0.003000264201478781458 ) ) ;
#1618 = VECTOR ( 'NONE', #766, 39.37007874015748143 ) ;
#1619 = EDGE_LOOP ( 'NONE', ( #414, #1010, #2568, #303 ) ) ;
#1620 = CARTESIAN_POINT ( 'NONE',  ( -0.4416699564466414207, 0.01694891325824197242, -0.08074022751618052662 ) ) ;
#1621 = DIRECTION ( 'NONE',  ( 1.000000000000000000, -4.139163626764034911E-16, -0.000000000000000000 ) ) ;
#1622 = CARTESIAN_POINT ( 'NONE',  ( -0.4180055450000000894, 0.08269445400000002833, -4.000000000000001076E-09 ) ) ;
#1623 = AXIS2_PLACEMENT_3D ( 'NONE', #412, #1645, #1442 ) ;
#1624 = CARTESIAN_POINT ( 'NONE',  ( -0.2490442800443460614, -0.05833247961695776224, 0.05833248561695776602 ) ) ;
#1625 = CARTESIAN_POINT ( 'NONE',  ( -0.4512000000000001010, 0.03527781493348708386, 0.07749785875127485069 ) ) ;
#1626 = LENGTH_MEASURE_WITH_UNIT ( LENGTH_MEASURE( 0.02539999999999999897 ), #235 );
#1627 = CARTESIAN_POINT ( 'NONE',  ( -0.3317555450000000961, 0.05847381200000002083, 0.05847380600000001705 ) ) ;
#1628 = CARTESIAN_POINT ( 'NONE',  ( -0.3002964679999999831, -0.09727853400000004147, -0.04029408199999999496 ) ) ;
#1629 = CARTESIAN_POINT ( 'NONE',  ( -0.2459214680000000597, -5.000000000000000932E-09, -0.09727853200000004252 ) ) ;
#1630 = DIRECTION ( 'NONE',  ( -1.000000000000000000, -0.000000000000000000, -0.000000000000000000 ) ) ;
#1631 = VERTEX_POINT ( 'NONE', #209 ) ;
#1632 = CARTESIAN_POINT ( 'NONE',  ( -0.4461305449999999895, 0.08269445300000004273, -0.03425316900000002773 ) ) ;
#1633 = CARTESIAN_POINT ( 'NONE',  ( -0.2377999999999997061, 0.08011979418100582950, -0.02541762079164675003 ) ) ;
#1634 = CARTESIAN_POINT ( 'NONE',  ( -0.3167555450000000827, -0.05847381200000002083, -0.05847380600000001705 ) ) ;
#1635 = EDGE_LOOP ( 'NONE', ( #1172, #2142, #624, #111, #447 ) ) ;
#1636 = CARTESIAN_POINT ( 'NONE',  ( -0.2565442800443460403, -0.05833248561695776602, -0.05833247961695776224 ) ) ;
#1637 = ADVANCED_FACE ( 'NONE', ( #1397 ), #169, .F. ) ;
#1638 = CARTESIAN_POINT ( 'NONE',  ( -0.4512000000000000455, -0.08146731045447792863, -0.05316192319099717623 ) ) ;
#1639 = CARTESIAN_POINT ( 'NONE',  ( -0.2473805450000000072, -0.03425316000000000471, 0.08269445599999998564 ) ) ;
#1640 = CARTESIAN_POINT ( 'NONE',  ( -0.4678000000000001046, 0.1550000000000000544, 0.000000000000000000 ) ) ;
#1641 = CARTESIAN_POINT ( 'NONE',  ( -0.2378000000000000669, 0.08256292250216222539, -0.001447938229699499181 ) ) ;
#1642 = ORIENTED_EDGE ( 'NONE', *, *, #462, .F. ) ;
#1643 = CARTESIAN_POINT ( 'NONE',  ( -0.2702964680000000119, -0.09727853400000004147, -0.04029408199999999496 ) ) ;
#1644 = CARTESIAN_POINT ( 'NONE',  ( -0.4412615193900691346, 0.009982809356137895690, -0.08189379413215037984 ) ) ;
#1645 = DIRECTION ( 'NONE',  ( -1.000000000000000000, -0.000000000000000000, -0.000000000000000000 ) ) ;
#1646 = CARTESIAN_POINT ( 'NONE',  ( -0.4511999998171732362, -0.08250000000000000389, 0.000000000000000000 ) ) ;
#1647 = CARTESIAN_POINT ( 'NONE',  ( -0.3973805450000000294, -0.03425316000000001165, 0.08269445599999999952 ) ) ;
#1648 = CARTESIAN_POINT ( 'NONE',  ( -0.2396750000000000269, 0.08250000199999998896, 0.03417261500000002422 ) ) ;
#1649 = DIRECTION ( 'NONE',  ( 0.000000000000000000, 0.000000000000000000, 1.000000000000000000 ) ) ;
#1650 =( NAMED_UNIT ( * ) SI_UNIT ( $, .STERADIAN. ) SOLID_ANGLE_UNIT ( ) );
#1651 = AXIS2_PLACEMENT_3D ( 'NONE', #2143, #550, #2321 ) ;
#1652 = ADVANCED_FACE ( 'NONE', ( #395 ), #1020, .T. ) ;
#1653 = DIRECTION ( 'NONE',  ( -1.000000000000000000, 0.000000000000000000, 0.000000000000000000 ) ) ;
#1654 = CARTESIAN_POINT ( 'NONE',  ( -0.3280055450000001205, 0.08269445400000002833, -4.000000000000001076E-09 ) ) ;
#1655 = B_SPLINE_CURVE_WITH_KNOTS ( 'NONE', 3,
 ( #2308, #373, #1546, #2144, #2386, #825, #1382, #1641, #2423, #384, #1426, #1439, #2397, #2023, #8, #814, #839, #1617, #994, #1590, #2224, #2587, #801, #636, #1032 ),
 .UNSPECIFIED., .F., .F.,
 ( 4, 3, 3, 3, 3, 3, 3, 3, 4 ),
 ( 2.418140068294104205E-12, 1.577686444837785577E-05, 3.155372891381006941E-05, 4.733059338583387311E-05, 5.521894510291011605E-05, 7.099580958492071603E-05, 7.888416130268355710E-05, 8.671444602858053511E-05, 9.454483577113652402E-05 ),
 .UNSPECIFIED. ) ;
#1656 = CARTESIAN_POINT ( 'NONE',  ( -0.4512000000000002120, 0.06688181783662799917, 0.04831167103503062471 ) ) ;
#1657 = CARTESIAN_POINT ( 'NONE',  ( -0.3955055450000001249, 4.000000000000001076E-09, 0.08269445400000002833 ) ) ;
#1658 = ORIENTED_EDGE ( 'NONE', *, *, #741, .T. ) ;
#1659 = CARTESIAN_POINT ( 'NONE',  ( -0.3771714680000001207, 0.06878631300000001558, 0.06878630600000003315 ) ) ;
#1660 = CARTESIAN_POINT ( 'NONE',  ( -0.4423638809729613652, 0.02825781463623592421, -0.07750965044421334604 ) ) ;
#1661 = AXIS2_PLACEMENT_3D ( 'NONE', #1041, #1834, #2236 ) ;
#1662 = DIRECTION ( 'NONE',  ( -1.000000000000000000, 0.000000000000000000, -0.000000000000000000 ) ) ;
#1663 = CARTESIAN_POINT ( 'NONE',  ( -0.2871714680000000963, 0.06878631300000001558, 0.06878630600000003315 ) ) ;
#1664 = VECTOR ( 'NONE', #106, 39.37007874015748143 ) ;
#1665 = CARTESIAN_POINT ( 'NONE',  ( -0.4512000000000003785, -0.01495736375842751133, 0.08725272174464993036 ) ) ;
#1666 = VECTOR ( 'NONE', #1013, 39.37007874015748143 ) ;
#1667 = CARTESIAN_POINT ( 'NONE',  ( -0.2452942800443460858, 4.000000000000001076E-09, 0.08249458868735930206 ) ) ;
#1668 = CARTESIAN_POINT ( 'NONE',  ( -0.2684214680000000519, -0.09727853200000004252, 5.000000000000000932E-09 ) ) ;
#1669 = EDGE_CURVE ( 'NONE', #1848, #135, #557, .T. ) ;
#1670 = CARTESIAN_POINT ( 'NONE',  ( -0.4978000000000000758, 0.1550000000000000544, 0.000000000000000000 ) ) ;
#1671 = CARTESIAN_POINT ( 'NONE',  ( -0.3880055450000001183, 0.08269445400000002833, -4.000000000000001076E-09 ) ) ;
#1672 = ORIENTED_EDGE ( 'NONE', *, *, #2281, .T. ) ;
#1673 = CARTESIAN_POINT ( 'NONE',  ( -0.3790464680000001363, 0.04029409199999998969, 0.09727853000000004358 ) ) ;
#1674 = CARTESIAN_POINT ( 'NONE',  ( -0.4435000637218255992, 0.04539454539379936260, -0.06888932566046564177 ) ) ;
#1675 = CARTESIAN_POINT ( 'NONE',  ( -0.4273805450000001116, -0.03425316000000001165, 0.08269445599999999952 ) ) ;
#1676 = CARTESIAN_POINT ( 'NONE',  ( -0.4512000000000003230, -0.09071790527104661717, 0.02451438104807097951 ) ) ;
#1677 = CARTESIAN_POINT ( 'NONE',  ( -0.5245300000000000518, 0.08274357446350924516, 0.06821040736587782871 ) ) ;
#1678 = SURFACE_STYLE_FILL_AREA ( #72 ) ;
#1679 = CARTESIAN_POINT ( 'NONE',  ( -0.4425263857700001413, 0.03419275078000002382, -0.08254861522000001006 ) ) ;
#1680 = CARTESIAN_POINT ( 'NONE',  ( -0.2642555450000000361, 0.05847380600000001705, -0.05847381200000002083 ) ) ;
#1681 = CARTESIAN_POINT ( 'NONE',  ( -0.3842555450000000872, 0.05847380600000001705, -0.05847381200000002083 ) ) ;
#1682 = EDGE_CURVE ( 'NONE', #375, #707, #1994, .T. ) ;
#1683 = ORIENTED_EDGE ( 'NONE', *, *, #420, .F. ) ;
#1684 = CARTESIAN_POINT ( 'NONE',  ( -0.2684214680000000519, -0.09727853200000004252, 5.000000000000000932E-09 ) ) ;
#1685 = CARTESIAN_POINT ( 'NONE',  ( -0.4424104459596004402, 0.02899406468256907413, -0.07723825565579131580 ) ) ;
#1686 = CARTESIAN_POINT ( 'NONE',  ( -0.3077964680000001008, 0.04029408199999999496, -0.09727853400000004147 ) ) ;
#1687 = CARTESIAN_POINT ( 'NONE',  ( 1.004199999999999982, 0.03400000000000000938, 0.01000000000000000194 ) ) ;
#1688 = CIRCLE ( 'NONE', #292, 0.03000000000000000930 ) ;
#1689 = CARTESIAN_POINT ( 'NONE',  ( -0.3786305449999998740, -0.03425316900000002773, -0.08269445300000004273 ) ) ;
#1690 = CARTESIAN_POINT ( 'NONE',  ( -0.3527964680000000852, -0.04029408199999999496, 0.09727853400000004147 ) ) ;
#1691 = CIRCLE ( 'NONE', #210, 0.09500000000000004274 ) ;
#1692 = CARTESIAN_POINT ( 'NONE',  ( -0.4611305450000001138, -0.08269445300000004273, 0.03425316900000002773 ) ) ;
#1693 = CARTESIAN_POINT ( 'NONE',  ( 0.2042000000000000481, 0.04400000000000001826, -0.03000000000000000930 ) ) ;
#1694 = CARTESIAN_POINT ( 'NONE',  ( -0.4011305449999998940, -0.08269445300000004273, 0.03425316900000002773 ) ) ;
#1695 = ORIENTED_EDGE ( 'NONE', *, *, #2361, .T. ) ;
#1696 = CARTESIAN_POINT ( 'NONE',  ( -0.4430852822381329825, 0.03933925564338140723, -0.07252095407209893652 ) ) ;
#1697 = CARTESIAN_POINT ( 'NONE',  ( -0.4972600000000000908, -0.2970499799300000965, 0.1828018331700000665 ) ) ;
#1698 = DIRECTION ( 'NONE',  ( 0.000000000000000000, 0.000000000000000000, 1.000000000000000000 ) ) ;
#1699 = CARTESIAN_POINT ( 'NONE',  ( -0.2721714680000000830, -0.06878631300000001558, -0.06878630600000003315 ) ) ;
#1700 = CARTESIAN_POINT ( 'NONE',  ( -0.2604349999999999721, 0.000000000000000000, 0.000000000000000000 ) ) ;
#1701 = DIRECTION ( 'NONE',  ( 4.406206441393971565E-16, 1.000000000000000000, 0.000000000000000000 ) ) ;
#1702 = VECTOR ( 'NONE', #1339, 39.37007874015748143 ) ;
#1703 = EDGE_LOOP ( 'NONE', ( #1827, #2355, #1576, #67, #1480 ) ) ;
#1704 = STYLED_ITEM ( 'NONE', ( #1092 ), #1356 ) ;
#1705 = VECTOR ( 'NONE', #1721, 39.37007874015748143 ) ;
#1706 = CARTESIAN_POINT ( 'NONE',  ( -0.4511999999999998789, 0.06661630593927360400, 0.04872500497655994633 ) ) ;
#1707 = ORIENTED_EDGE ( 'NONE', *, *, #1957, .T. ) ;
#1708 = CARTESIAN_POINT ( 'NONE',  ( -0.4436824184005299099, 0.04798177499468739282, -0.06711184149134337418 ) ) ;
#1709 = CARTESIAN_POINT ( 'NONE',  ( -0.2552964679999999431, 0.09727853400000004147, 0.04029408199999999496 ) ) ;
#1710 = ORIENTED_EDGE ( 'NONE', *, *, #2123, .T. ) ;
#1711 = CARTESIAN_POINT ( 'NONE',  ( -0.5518000000000060634, 0.1412787979999831356, -0.01175164999998146338 ) ) ;
#1712 = ORIENTED_EDGE ( 'NONE', *, *, #2561, .F. ) ;
#1713 = EDGE_CURVE ( 'NONE', #135, #1848, #423, .T. ) ;
#1714 = LINE ( 'NONE', #1754, #520 ) ;
#1715 = CARTESIAN_POINT ( 'NONE',  ( -0.4592555450000000428, -0.05847380600000001705, 0.05847381200000002083 ) ) ;
#1716 = CARTESIAN_POINT ( 'NONE',  ( -0.4511999999999973809, 0.06629445841098727255, 0.04921891757345370211 ) ) ;
#1717 = ORIENTED_EDGE ( 'NONE', *, *, #438, .F. ) ;
#1718 = CARTESIAN_POINT ( 'NONE',  ( -0.4437730771532460983, 0.04925215126376695368, -0.06618981433338361198 ) ) ;
#1719 = CARTESIAN_POINT ( 'NONE',  ( -0.3752964679999999387, 0.09727853400000004147, 0.04029408199999999496 ) ) ;
#1720 = CARTESIAN_POINT ( 'NONE',  ( -0.3017555450000000694, 0.05847381200000002083, 0.05847380600000001705 ) ) ;
#1721 = DIRECTION ( 'NONE',  ( -0.000000000000000000, -1.000000000000000000, -0.000000000000000000 ) ) ;
#1722 = DIRECTION ( 'NONE',  ( -0.000000000000000000, -0.000000000000000000, -1.000000000000000000 ) ) ;
#1723 = CARTESIAN_POINT ( 'NONE',  ( -0.3359214680000001119, -5.000000000000000932E-09, -0.09727853200000004252 ) ) ;
#1724 = EDGE_CURVE ( 'NONE', #707, #2242, #853, .T. ) ;
#1725 = CIRCLE ( 'NONE', #1651, 0.05649778756730220591 ) ;
#1726 = ORIENTED_EDGE ( 'NONE', *, *, #1216, .T. ) ;
#1727 = CARTESIAN_POINT ( 'NONE',  ( -0.4464145253745499531, 0.07678765584849019110, -0.03017485206464134290 ) ) ;
#1728 = FACE_OUTER_BOUND ( 'NONE', #1533, .T. ) ;
#1729 = CARTESIAN_POINT ( 'NONE',  ( -0.4015464679999999342, 0.09727853000000004358, -0.04029409199999998969 ) ) ;
#1730 = EDGE_LOOP ( 'NONE', ( #2578, #104, #1658, #1771 ) ) ;
#1731 = CARTESIAN_POINT ( 'NONE',  ( -0.4484943658209317174, 0.08232993615897148121, 0.005294488838376545242 ) ) ;
#1732 = CARTESIAN_POINT ( 'NONE',  ( -0.4972600000000001463, -0.1325307292500000345, -0.08225962534000003101 ) ) ;
#1733 = ORIENTED_EDGE ( 'NONE', *, *, #1870, .T. ) ;
#1734 = CARTESIAN_POINT ( 'NONE',  ( -0.3565464680000001163, -0.09727853000000004358, 0.04029409199999998276 ) ) ;
#1735 = COLOUR_RGB ( '',0.000000000000000000, 0.000000000000000000, 1.000000000000000000 ) ;
#1736 = CARTESIAN_POINT ( 'NONE',  ( 0.2042000000000000481, -0.04400000000000001826, -0.03000000000000000930 ) ) ;
#1737 = CARTESIAN_POINT ( 'NONE',  ( -0.3392555450000001027, -0.05847380600000001705, 0.05847381200000002083 ) ) ;
#1738 = AXIS2_PLACEMENT_3D ( 'NONE', #1474, #1698, #2083 ) ;
#1739 = CARTESIAN_POINT ( 'NONE',  ( -0.4109214680000000675, 5.000000000000000932E-09, 0.09727853200000004252 ) ) ;
#1740 = CARTESIAN_POINT ( 'NONE',  ( -0.4511999999999998789, 0.06650962130253552929, 0.04889003055686357013 ) ) ;
#1741 = AXIS2_PLACEMENT_3D ( 'NONE', #1211, #1998, #2401 ) ;
#1742 = ORIENTED_EDGE ( 'NONE', *, *, #1903, .F. ) ;
#1743 = EDGE_CURVE ( 'NONE', #1551, #897, #2266, .T. ) ;
#1744 = CARTESIAN_POINT ( 'NONE',  ( -0.4443282614375897444, 0.05675673782542395990, -0.05987936841144209099 ) ) ;
#1745 = LINE ( 'NONE', #1146, #300 ) ;
#1746 = CARTESIAN_POINT ( 'NONE',  ( -0.4678000000000001046, 0.000000000000000000, 0.000000000000000000 ) ) ;
#1747 = CARTESIAN_POINT ( 'NONE',  ( -0.4502964680000000608, -0.09727853400000004147, -0.04029408199999999496 ) ) ;
#1748 = EDGE_LOOP ( 'NONE', ( #289, #522, #269, #845, #1683 ) ) ;
#1749 = CARTESIAN_POINT ( 'NONE',  ( -0.2736305450000000028, 0.03425316900000002773, 0.08269445300000004273 ) ) ;
#1750 = CARTESIAN_POINT ( 'NONE',  ( -0.4495852545218261831, 0.07899408849754950557, 0.02379462087198120496 ) ) ;
#1751 = CARTESIAN_POINT ( 'NONE',  ( -0.2452736805069930526, -0.0001731672848634148703, 0.08407612685743616476 ) ) ;
#1752 = SURFACE_STYLE_FILL_AREA ( #1185 ) ;
#1753 = CARTESIAN_POINT ( 'NONE',  ( -0.3902964680000000630, -0.09727853400000004147, -0.04029408199999999496 ) ) ;
#1754 = CARTESIAN_POINT ( 'NONE',  ( 0.4495070866141730459, 0.03400000000062000649, 0.09000000000000001055 ) ) ;
#1755 = CARTESIAN_POINT ( 'NONE',  ( -0.3581513857700000525, 0.08254861322000003887, -3.990000000000001318E-09 ) ) ;
#1756 = CARTESIAN_POINT ( 'NONE',  ( -0.2605055449921759858, -3.945682546674065527E-09, -0.08269445403001954298 ) ) ;
#1757 = CARTESIAN_POINT ( 'NONE',  ( -0.4052964680000001318, 0.09727853400000004147, 0.04029408199999999496 ) ) ;
#1758 = DIRECTION ( 'NONE',  ( 0.000000000000000000, 0.000000000000000000, 1.000000000000000000 ) ) ;
#1759 = CARTESIAN_POINT ( 'NONE',  ( -0.4438856540507210569, 0.05080983350344585314, -0.06499700623376526709 ) ) ;
#1760 = CARTESIAN_POINT ( 'NONE',  ( -0.3865464679999999764, -0.09727853000000004358, 0.04029409199999998969 ) ) ;
#1761 = ORIENTED_EDGE ( 'NONE', *, *, #2094, .T. ) ;
#1762 = CARTESIAN_POINT ( 'NONE',  ( -0.4255470000000001751, -0.08250000000000003164, 0.000000000000000000 ) ) ;
#1763 = EDGE_CURVE ( 'NONE', #928, #375, #2079, .T. ) ;
#1764 =( NAMED_UNIT ( * ) SI_UNIT ( $, .STERADIAN. ) SOLID_ANGLE_UNIT ( ) );
#1765 = CARTESIAN_POINT ( 'NONE',  ( -0.3621714680000001074, -0.06878631300000001558, -0.06878630600000003315 ) ) ;
#1766 = CARTESIAN_POINT ( 'NONE',  ( -0.2773805450000000339, -0.03425316000000000471, 0.08269445599999998564 ) ) ;
#1767 = VECTOR ( 'NONE', #1803, 39.37007874015748143 ) ;
#1768 = FACE_BOUND ( 'NONE', #613, .T. ) ;
#1769 = DIRECTION ( 'NONE',  ( 0.000000000000000000, 0.000000000000000000, -1.000000000000000000 ) ) ;
#1770 = CARTESIAN_POINT ( 'NONE',  ( -0.4127964679999999720, -0.04029408199999999496, 0.09727853400000004147 ) ) ;
#1771 = ORIENTED_EDGE ( 'NONE', *, *, #1436, .F. ) ;
#1772 = CARTESIAN_POINT ( 'NONE',  ( -0.4484063347461767490, 0.08241950094045701058, 0.003727186002781237868 ) ) ;
#1773 = CARTESIAN_POINT ( 'NONE',  ( -0.2378000000000000669, -3.999999999999994459E-09, -0.08249999999999990674 ) ) ;
#1774 = ORIENTED_EDGE ( 'NONE', *, *, #586, .T. ) ;
#1775 = DIRECTION ( 'NONE',  ( -0.2730986045016665642, 0.9619860457507908302, 0.000000000000000000 ) ) ;
#1776 = CARTESIAN_POINT ( 'NONE',  ( -0.3865464679999999764, -0.09727853000000004358, 0.04029409199999998276 ) ) ;
#1777 = ADVANCED_FACE ( 'NONE', ( #165 ), #2535, .F. ) ;
#1778 = CARTESIAN_POINT ( 'NONE',  ( -0.2680055450000000117, 0.08269445400000002833, -4.000000000000001076E-09 ) ) ;
#1779 = CARTESIAN_POINT ( 'NONE',  ( -0.4031513857700000369, -0.08254861322000003887, 3.990000000000001318E-09 ) ) ;
#1780 = CARTESIAN_POINT ( 'NONE',  ( -0.2700263857700000436, 0.08254861522000001006, 0.03419275078000002382 ) ) ;
#1781 = VECTOR ( 'NONE', #902, 39.37007874015748143 ) ;
#1782 = CARTESIAN_POINT ( 'NONE',  ( -0.5518000000000075067, -0.07536595900000585269, 0.1200740279999693988 ) ) ;
#1783 = AXIS2_PLACEMENT_3D ( 'NONE', #342, #1937, #136 ) ;
#1784 = CARTESIAN_POINT ( 'NONE',  ( 0.4888771653543305118, -0.07616453940655830424, 0.09000000000000001055 ) ) ;
#1785 = VERTEX_POINT ( 'NONE', #2547 ) ;
#1786 = CARTESIAN_POINT ( 'NONE',  ( -0.4977999999719117108, 0.1315448450051556750, 0.08198142322862918274 ) ) ;
#1787 = CARTESIAN_POINT ( 'NONE',  ( -0.4514627437597866777, 0.06421380502696606707, 0.05178724373853626356 ) ) ;
#1788 = CIRCLE ( 'NONE', #656, 0.09600000000000004363 ) ;
#1789 = LINE ( 'NONE', #1047, #1666 ) ;
#1790 = CARTESIAN_POINT ( 'NONE',  ( -0.2530112649556540139, -0.08269986531264075791, 4.000000000000001076E-09 ) ) ;
#1791 = CARTESIAN_POINT ( 'NONE',  ( -0.2830055450000000250, -0.08269445400000002833, 4.000000000000001076E-09 ) ) ;
#1792 = ADVANCED_FACE ( 'NONE', ( #808 ), #358, .T. ) ;
#1793 = EDGE_CURVE ( 'NONE', #196, #831, #1447, .T. ) ;
#1794 = CARTESIAN_POINT ( 'NONE',  ( -0.4978000000000000758, -0.1550000000000000544, 1.898202538678398198E-17 ) ) ;
#1795 = CARTESIAN_POINT ( 'NONE',  ( 0.000000000000000000, 0.04400000000000001826, 0.000000000000000000 ) ) ;
#1796 = VERTEX_POINT ( 'NONE', #1433 ) ;
#1797 = CARTESIAN_POINT ( 'NONE',  ( 0.2042000000000000481, 0.05400000000000001327, 0.01000000000000000194 ) ) ;
#1798 = CARTESIAN_POINT ( 'NONE',  ( -0.4511999997236825211, 0.06693456022354231372, 0.04822877406363332980 ) ) ;
#1799 = DIRECTION ( 'NONE',  ( 1.000000000000000000, -0.000000000000000000, 0.000000000000000000 ) ) ;
#1800 = CARTESIAN_POINT ( 'NONE',  ( -0.3748805450000001760, -0.08269445599999999952, -0.03425316000000001165 ) ) ;
#1801 = CARTESIAN_POINT ( 'NONE',  ( -0.2603000000000000314, -4.000000000000001076E-09, -0.08250000000000003164 ) ) ;
#1802 = CARTESIAN_POINT ( 'NONE',  ( -0.2736305450000000028, 0.03425316900000002773, 0.08269445300000004273 ) ) ;
#1803 = DIRECTION ( 'NONE',  ( 0.000000000000000000, 9.639756515173980918E-08, 0.9999999999999953371 ) ) ;
#1804 = CARTESIAN_POINT ( 'NONE',  ( -0.4106513857700000436, -3.990000000000001318E-09, -0.08254861322000003887 ) ) ;
#1805 = CARTESIAN_POINT ( 'NONE',  ( -0.2625263857700000925, 0.03419275078000002382, -0.08254861522000001006 ) ) ;
#1806 = UNCERTAINTY_MEASURE_WITH_UNIT (LENGTH_MEASURE( 1.000000000000000082E-05 ), #34, 'distance_accuracy_value', 'NONE');
#1807 = DIMENSIONAL_EXPONENTS ( 1.000000000000000000, 0.000000000000000000, 0.000000000000000000, 0.000000000000000000, 0.000000000000000000, 0.000000000000000000, 0.000000000000000000 ) ;
#1808 = DIRECTION ( 'NONE',  ( -1.000000000000000000, 4.139163626764034911E-16, 0.000000000000000000 ) ) ;
#1809 = ADVANCED_FACE ( 'NONE', ( #1243, #835, #2433 ), #450, .T. ) ;
#1810 = DIRECTION ( 'NONE',  ( 1.000000000000000000, 0.000000000000000000, -0.000000000000000000 ) ) ;
#1811 = VERTEX_POINT ( 'NONE', #5 ) ;
#1812 = DIRECTION ( 'NONE',  ( -1.000000000000000000, 0.000000000000000000, 0.000000000000000000 ) ) ;
#1813 = CARTESIAN_POINT ( 'NONE',  ( -0.4514571760000002376, 0.06421813900000000741, 0.05179073900000000230 ) ) ;
#1814 = DIRECTION ( 'NONE',  ( 1.000000000000000000, -0.000000000000000000, 0.000000000000000000 ) ) ;
#1815 = CARTESIAN_POINT ( 'NONE',  ( -0.4123805449999999873, 0.03425316000000001165, -0.08269445599999999952 ) ) ;
#1816 = VERTEX_POINT ( 'NONE', #2406 ) ;
#1817 = MECHANICAL_DESIGN_GEOMETRIC_PRESENTATION_REPRESENTATION (  '', ( #343 ), #166 ) ;
#1818 = CARTESIAN_POINT ( 'NONE',  ( -0.2436305450000000317, 0.03425316900000002773, 0.08269445300000004273 ) ) ;
#1819 = CARTESIAN_POINT ( 'NONE',  ( 0.000000000000000000, -0.09715200000000004388, 0.09715200000000004388 ) ) ;
#1820 = CARTESIAN_POINT ( 'NONE',  ( -0.3167555450000000827, -0.05847381200000002083, -0.05847380600000001705 ) ) ;
#1821 = CARTESIAN_POINT ( 'NONE',  ( -0.4512000000000000455, -0.1012000000000000260, -0.1012000000000000260 ) ) ;
#1822 = AXIS2_PLACEMENT_3D ( 'NONE', #73, #1653, #18 ) ;
#1823 = CARTESIAN_POINT ( 'NONE',  ( 0.000000000000000000, 0.04400000000000001826, -0.03000000000000000930 ) ) ;
#1824 = DIRECTION ( 'NONE',  ( 0.000000000000000000, 0.000000000000000000, -1.000000000000000000 ) ) ;
#1825 = EDGE_CURVE ( 'NONE', #1811, #2505, #1040, .T. ) ;
#1826 = VECTOR ( 'NONE', #2451, 39.37007874015748143 ) ;
#1827 = ORIENTED_EDGE ( 'NONE', *, *, #438, .T. ) ;
#1828 = CARTESIAN_POINT ( 'NONE',  ( -0.4480356813480579348, 0.08244972974170272639, -0.002973953527709973042 ) ) ;
#1829 = CARTESIAN_POINT ( 'NONE',  ( -0.4510760819461872018, 0.06816152977609514496, 0.04647855267306094662 ) ) ;
#1830 = CARTESIAN_POINT ( 'NONE',  ( -0.2378000000000000669, 1.163414459189986206E-17, 0.09500000000000004274 ) ) ;
#1831 = CARTESIAN_POINT ( 'NONE',  ( -0.3467555450000001094, -0.05847381200000002083, -0.05847380600000001705 ) ) ;
#1832 = CARTESIAN_POINT ( 'NONE',  ( -0.2546749999999999292, -0.08250000199999998896, -0.03417261500000002422 ) ) ;
#1833 = CARTESIAN_POINT ( 'NONE',  ( -0.2530055450000000539, -0.08269445400000002833, 4.000000000000001076E-09 ) ) ;
#1834 = DIRECTION ( 'NONE',  ( 0.000000000000000000, 0.9999999999999977796, -6.766571943681533259E-08 ) ) ;
#1835 = CARTESIAN_POINT ( 'NONE',  ( -0.1178000000000000436, 0.000000000000000000, 0.000000000000000000 ) ) ;
#1836 = EDGE_LOOP ( 'NONE', ( #1497, #723 ) ) ;
#1837 = CARTESIAN_POINT ( 'NONE',  ( -0.3284214680000001607, -0.09727853200000004252, 5.000000000000000932E-09 ) ) ;
#1838 = CARTESIAN_POINT ( 'NONE',  ( -0.4410384860328687706, 0.006077730949967889880, -0.08227956731847914373 ) ) ;
#1839 = DIRECTION ( 'NONE',  ( 0.000000000000000000, -0.000000000000000000, 1.000000000000000000 ) ) ;
#1840 = ADVANCED_FACE ( 'NONE', ( #417 ), #646, .T. ) ;
#1841 = CARTESIAN_POINT ( 'NONE',  ( -0.3336305449999999451, 0.03425316900000002773, 0.08269445300000004273 ) ) ;
#1842 = ORIENTED_EDGE ( 'NONE', *, *, #2529, .F. ) ;
#1843 = CARTESIAN_POINT ( 'NONE',  ( -0.2378456779834822454, 0.08269986531264075791, -0.003025214942273306718 ) ) ;
#1844 = EDGE_CURVE ( 'NONE', #375, #1874, #575, .T. ) ;
#1845 = SURFACE_STYLE_USAGE ( .BOTH. , #203 ) ;
#1846 = CARTESIAN_POINT ( 'NONE',  ( -0.3186305450000000983, -0.03425316900000002773, -0.08269445300000004273 ) ) ;
#1847 = CARTESIAN_POINT ( 'NONE',  ( -0.4255055450000000961, 4.000000000000001076E-09, 0.08269445400000002833 ) ) ;
#1848 = VERTEX_POINT ( 'NONE', #631 ) ;
#1849 = CARTESIAN_POINT ( 'NONE',  ( -0.3677964679999999320, 0.04029408199999999496, -0.09727853400000004147 ) ) ;
#1850 = CARTESIAN_POINT ( 'NONE',  ( -0.4429692481434027163, 0.03760242717223248599, -0.07343338067801047364 ) ) ;
#1851 = CARTESIAN_POINT ( 'NONE',  ( -0.3073805450000000050, -0.03425316000000001165, 0.08269445599999999952 ) ) ;
#1852 = CARTESIAN_POINT ( 'NONE',  ( -0.4221714680000000497, -0.06878631300000001558, -0.06878630600000003315 ) ) ;
#1853 = CARTESIAN_POINT ( 'NONE',  ( -0.4511999999999984357, 0.01371663752084167735, 0.08535454575946548050 ) ) ;
#1854 = CARTESIAN_POINT ( 'NONE',  ( -0.2548805450000000139, -0.08269445599999998564, -0.03425316000000000471 ) ) ;
#1855 = ORIENTED_EDGE ( 'NONE', *, *, #2295, .T. ) ;
#1856 = CARTESIAN_POINT ( 'NONE',  ( -0.2998805450000000539, 0.08269445599999999952, 0.03425316000000001165 ) ) ;
#1857 = CARTESIAN_POINT ( 'NONE',  ( -0.4669013857700000103, -0.05837068699000002442, -0.05837068100000002147 ) ) ;
#1858 = CARTESIAN_POINT ( 'NONE',  ( -0.3542555450000000605, 0.05847380600000001705, -0.05847381200000002083 ) ) ;
#1859 = CARTESIAN_POINT ( 'NONE',  ( 0.2042000000000000481, 0.03400000000000000938, -0.01000000000000000194 ) ) ;
#1860 = CARTESIAN_POINT ( 'NONE',  ( -0.4311305449999999762, -0.08269445300000004273, 0.03425316900000002773 ) ) ;
#1861 = CARTESIAN_POINT ( 'NONE',  ( -0.2961305450000000783, 0.08269445300000004273, -0.03425316900000002773 ) ) ;
#1862 = ORIENTED_EDGE ( 'NONE', *, *, #31, .T. ) ;
#1863 = CARTESIAN_POINT ( 'NONE',  ( -0.3171714680000001230, 0.06878631300000001558, 0.06878630600000003315 ) ) ;
#1864 = VECTOR ( 'NONE', #1291, 39.37007874015748143 ) ;
#1865 = CARTESIAN_POINT ( 'NONE',  ( -0.2627964680000000053, -0.04029408199999999496, 0.09727853400000004147 ) ) ;
#1866 = CARTESIAN_POINT ( 'NONE',  ( -0.4352964679999998809, 0.09727853400000004147, 0.04029408199999999496 ) ) ;
#1867 = CARTESIAN_POINT ( 'NONE',  ( 0.2042000000000000481, 0.01364000000000000455, -0.009999999998760000786 ) ) ;
#1868 =( CONVERSION_BASED_UNIT ( 'INCH', #1626 ) LENGTH_UNIT ( ) NAMED_UNIT ( #1402 ) );
#1869 = CARTESIAN_POINT ( 'NONE',  ( -0.4444013857700000458, 0.05837068100000002147, -0.05837068699000002442 ) ) ;
#1870 = EDGE_CURVE ( 'NONE', #2145, #538, #678, .T. ) ;
#1871 = CARTESIAN_POINT ( 'NONE',  ( -0.2623805450000001316, 0.03425316000000001165, -0.08269445599999999952 ) ) ;
#1872 = CARTESIAN_POINT ( 'NONE',  ( -0.3190464679999999720, 0.04029409199999998276, 0.09727853000000004358 ) ) ;
#1873 = CARTESIAN_POINT ( 'NONE',  ( -0.3298805449999999695, 0.08269445599999998564, 0.03425316000000000471 ) ) ;
#1874 = VERTEX_POINT ( 'NONE', #1479 ) ;
#1875 = CARTESIAN_POINT ( 'NONE',  ( -0.3096714680000001163, 0.06878630600000003315, -0.06878631300000001558 ) ) ;
#1876 = CARTESIAN_POINT ( 'NONE',  ( -0.4420386487597321445, 0.02303833530502837068, -0.07921893104899463411 ) ) ;
#1877 = CARTESIAN_POINT ( 'NONE',  ( -0.3359214680000001119, -5.000000000000000932E-09, -0.09727853200000004252 ) ) ;
#1878 = CARTESIAN_POINT ( 'NONE',  ( -0.4296714680000001119, 0.06878630600000003315, -0.06878631300000001558 ) ) ;
#1879 = DIRECTION ( 'NONE',  ( 1.000000000000000000, -2.203103220696985783E-16, 0.000000000000000000 ) ) ;
#1880 = DIRECTION ( 'NONE',  ( 1.000000000000000000, 0.000000000000000000, -0.000000000000000000 ) ) ;
#1881 = DIRECTION ( 'NONE',  ( 0.000000000000000000, 9.639756515173980918E-08, 0.9999999999999953371 ) ) ;
#1882 = CARTESIAN_POINT ( 'NONE',  ( -0.4067555450000000516, -0.05847381200000002083, -0.05847380600000001705 ) ) ;
#1883 = ORIENTED_EDGE ( 'NONE', *, *, #2179, .T. ) ;
#1884 = EDGE_CURVE ( 'NONE', #1399, #2100, #2265, .T. ) ;
#1885 = CARTESIAN_POINT ( 'NONE',  ( -0.4972600000000000908, -0.1325237636900000460, -0.08227084682000002092 ) ) ;
#1886 = CARTESIAN_POINT ( 'NONE',  ( -0.3115464680000000763, 0.09727853000000004358, -0.04029409199999998969 ) ) ;
#1887 = ORIENTED_EDGE ( 'NONE', *, *, #1898, .F. ) ;
#1888 = CARTESIAN_POINT ( 'NONE',  ( 0.4495070866141730459, 0.03400000000062000649, 0.09000000000000001055 ) ) ;
#1889 = AXIS2_PLACEMENT_3D ( 'NONE', #275, #1879, #1701 ) ;
#1890 = LENGTH_MEASURE_WITH_UNIT ( LENGTH_MEASURE( 0.02539999999999999897 ), #276 );
#1891 = CARTESIAN_POINT ( 'NONE',  ( -0.3936305449999999428, 0.03425316900000002773, 0.08269445300000004273 ) ) ;
#1892 = MECHANICAL_DESIGN_GEOMETRIC_PRESENTATION_REPRESENTATION (  '', ( #2017 ), #989 ) ;
#1893 = CARTESIAN_POINT ( 'NONE',  ( -0.2605055450000000605, -4.000000000000001076E-09, -0.08269445400000002833 ) ) ;
#1894 = CARTESIAN_POINT ( 'NONE',  ( -0.4512000000000000455, 0.000000000000000000, 0.000000000000000000 ) ) ;
#1895 = CARTESIAN_POINT ( 'NONE',  ( -0.4418307376132335484, 0.01962736326786176586, -0.08013220668082077225 ) ) ;
#1896 = CARTESIAN_POINT ( 'NONE',  ( -0.5518000000000000682, -0.1412787980000000387, 0.01175165000000000411 ) ) ;
#1897 = CARTESIAN_POINT ( 'NONE',  ( -0.2927964679999999764, -0.04029408199999999496, 0.09727853400000004147 ) ) ;
#1898 = EDGE_CURVE ( 'NONE', #2398, #1517, #847, .T. ) ;
#1899 = ORIENTED_EDGE ( 'NONE', *, *, #1436, .T. ) ;
#1900 = CARTESIAN_POINT ( 'NONE',  ( -0.2698805450000000827, 0.08269445599999999952, 0.03425316000000001165 ) ) ;
#1901 = CARTESIAN_POINT ( 'NONE',  ( -0.4512000000000011002, -0.09465124207579642124, -0.009574935868671530237 ) ) ;
#1902 = VECTOR ( 'NONE', #1599, 39.37007874015748143 ) ;
#1903 = EDGE_CURVE ( 'NONE', #959, #1399, #2381, .T. ) ;
#1904 = ORIENTED_EDGE ( 'NONE', *, *, #2405, .T. ) ;
#1905 = DIRECTION ( 'NONE',  ( 0.000000000000000000, 1.000000000000000000, 0.000000000000000000 ) ) ;
#1906 = CIRCLE ( 'NONE', #2116, 0.09500000000000004274 ) ;
#1907 = ORIENTED_EDGE ( 'NONE', *, *, #1326, .F. ) ;
#1908 = CARTESIAN_POINT ( 'NONE',  ( -0.4464611113975047729, 0.07706769966042946451, -0.02944180138934858817 ) ) ;
#1909 = CARTESIAN_POINT ( 'NONE',  ( -0.2665464679999999809, -0.09727853000000004358, 0.04029409199999998969 ) ) ;
#1910 = CARTESIAN_POINT ( 'NONE',  ( -0.2998805450000000539, 0.08269445599999999952, 0.03425316000000001165 ) ) ;
#1911 = CARTESIAN_POINT ( 'NONE',  ( -0.4497245531424877152, 0.07828300065978582856, 0.02603885188905193451 ) ) ;
#1912 = ADVANCED_FACE ( 'NONE', ( #2584 ), #1406, .T. ) ;
#1913 = CARTESIAN_POINT ( 'NONE',  ( -0.5518000000000000682, 4.738048864011456858E-16, 0.05649778756730230306 ) ) ;
#1914 = DIRECTION ( 'NONE',  ( -1.000000000000000000, 2.203103220696985783E-16, -0.000000000000000000 ) ) ;
#1915 = CARTESIAN_POINT ( 'NONE',  ( -0.2984214680000001341, -0.09727853200000004252, 5.000000000000000932E-09 ) ) ;
#1916 = CARTESIAN_POINT ( 'NONE',  ( -0.3992555450000001005, -0.05847380600000001705, 0.05847381200000002083 ) ) ;
#1917 = ORIENTED_EDGE ( 'NONE', *, *, #912, .T. ) ;
#1918 = CARTESIAN_POINT ( 'NONE',  ( -0.4463213122835976709, 0.07619627791326140376, -0.03162874060352438566 ) ) ;
#1919 = CARTESIAN_POINT ( 'NONE',  ( -0.4678000000000001046, 1.224646799147353577E-17, 0.1000000000000000194 ) ) ;
#1920 = CARTESIAN_POINT ( 'NONE',  ( -0.3902964680000000630, -0.09727853400000004147, -0.04029408199999999496 ) ) ;
#1921 = ORIENTED_EDGE ( 'NONE', *, *, #2306, .F. ) ;
#1922 = CARTESIAN_POINT ( 'NONE',  ( -0.2661305450000000516, 0.08269445300000004273, -0.03425316900000002773 ) ) ;
#1923 = CARTESIAN_POINT ( 'NONE',  ( -0.4496316258648244135, 0.07876775573089504767, 0.02454600710734884672 ) ) ;
#1924 = CARTESIAN_POINT ( 'NONE',  ( -0.4512000000000000455, 0.000000000000000000, 0.000000000000000000 ) ) ;
#1925 = DIRECTION ( 'NONE',  ( 0.7071081485136829770, -6.816324020140524100E-08, -0.7071054138567647307 ) ) ;
#1926 = CARTESIAN_POINT ( 'NONE',  ( -0.3467555450000001094, -0.05847381200000002083, -0.05847380600000001705 ) ) ;
#1927 = EDGE_CURVE ( 'NONE', #2180, #913, #1688, .T. ) ;
#1928 = CARTESIAN_POINT ( 'NONE',  ( -0.4277964679999999853, 0.04029408199999999496, -0.09727853400000004147 ) ) ;
#1929 = CARTESIAN_POINT ( 'NONE',  ( -0.4573805449999999717, -0.03425316000000001165, 0.08269445599999999952 ) ) ;
#1930 = AXIS2_PLACEMENT_3D ( 'NONE', #587, #225, #2191 ) ;
#1931 = ORIENTED_EDGE ( 'NONE', *, *, #1793, .T. ) ;
#1932 = CARTESIAN_POINT ( 'NONE',  ( -0.4334214680000001430, 0.09727853200000004252, -5.000000000000000932E-09 ) ) ;
#1933 = ORIENTED_EDGE ( 'NONE', *, *, #374, .F. ) ;
#1934 = CARTESIAN_POINT ( 'NONE',  ( -0.4522796910000002057, -0.06714177100000007226, -0.07043084800000003198 ) ) ;
#1935 = CARTESIAN_POINT ( 'NONE',  ( -0.4485384860946786678, 0.08227956701847245757, 0.006077735011568588877 ) ) ;
#1936 = CARTESIAN_POINT ( 'NONE',  ( -0.2509379111104385052, -0.07775954214201805104, 0.03197375734025097865 ) ) ;
#1937 = DIRECTION ( 'NONE',  ( 0.000000000000000000, -1.000000000000000000, 0.000000000000000000 ) ) ;
#1938 = CARTESIAN_POINT ( 'NONE',  ( -0.3715464680000001296, 0.09727853000000004358, -0.04029409199999998276 ) ) ;
#1939 = AXIS2_PLACEMENT_3D ( 'NONE', #2576, #982, #2362 ) ;
#1940 = LINE ( 'NONE', #137, #568 ) ;
#1941 = CARTESIAN_POINT ( 'NONE',  ( -0.3073805450000000605, -0.03425316000000000471, 0.08269445599999998564 ) ) ;
#1942 = CARTESIAN_POINT ( 'NONE',  ( -0.4015464679999999342, 0.09727853000000004358, -0.04029409199999998969 ) ) ;
#1943 = CARTESIAN_POINT ( 'NONE',  ( -0.2662763857700000125, 0.08254861223000005410, -0.03419275977000001132 ) ) ;
#1944 = PLANE ( 'NONE',  #736 ) ;
#1945 = CARTESIAN_POINT ( 'NONE',  ( -0.4442627366371084685, 0.05589461148449600264, -0.06068110411005513127 ) ) ;
#1946 = EDGE_CURVE ( 'NONE', #480, #2035, #834, .T. ) ;
#1947 = CARTESIAN_POINT ( 'NONE',  ( -0.4465464679999999742, -0.09727853000000004358, 0.04029409199999998969 ) ) ;
#1948 = EDGE_LOOP ( 'NONE', ( #9, #2488, #1112, #996 ) ) ;
#1949 = CARTESIAN_POINT ( 'NONE',  ( -0.4501438156120326495, 0.07576911736166669353, 0.03263879370065603941 ) ) ;
#1950 = DIMENSIONAL_EXPONENTS ( 1.000000000000000000, 0.000000000000000000, 0.000000000000000000, 0.000000000000000000, 0.000000000000000000, 0.000000000000000000, 0.000000000000000000 ) ;
#1951 = CARTESIAN_POINT ( 'NONE',  ( -0.2499393153558159275, -0.06979763043643143205, 0.04687657218373855739 ) ) ;
#1952 = CARTESIAN_POINT ( 'NONE',  ( -0.4052964680000000208, 0.09727853400000004147, 0.04029408199999999496 ) ) ;
#1953 = CARTESIAN_POINT ( 'NONE',  ( -0.3731513857700001213, -0.08254861322000003887, 3.990000000000001318E-09 ) ) ;
#1954 = CARTESIAN_POINT ( 'NONE',  ( -0.3036305449999999739, 0.03425316900000002773, 0.08269445300000004273 ) ) ;
#1955 = DIRECTION ( 'NONE',  ( -1.000000000000000000, 0.000000000000000000, 0.000000000000000000 ) ) ;
#1956 = CARTESIAN_POINT ( 'NONE',  ( -0.3959214680000001652, -5.000000000000000932E-09, -0.09727853200000004252 ) ) ;
#1957 = EDGE_CURVE ( 'NONE', #1796, #959, #120, .T. ) ;
#1958 = ORIENTED_EDGE ( 'NONE', *, *, #1713, .F. ) ;
#1959 = CARTESIAN_POINT ( 'NONE',  ( -0.5518000000000000682, 4.807238698714660048E-16, -0.05649778756730211571 ) ) ;
#1960 = CARTESIAN_POINT ( 'NONE',  ( -0.4978000000000001313, 0.03241800100000000878, -0.3450711130000001514 ) ) ;
#1961 = ORIENTED_EDGE ( 'NONE', *, *, #328, .T. ) ;
#1962 = CARTESIAN_POINT ( 'NONE',  ( -0.2511362649556539428, -0.08269986434046897039, 0.03425541045344381030 ) ) ;
#1963 = CARTESIAN_POINT ( 'NONE',  ( -0.3584214680000000763, -0.09727853200000004252, 5.000000000000000932E-09 ) ) ;
#1964 = CARTESIAN_POINT ( 'NONE',  ( -0.2698805450000000272, 0.08269445599999998564, 0.03425316000000000471 ) ) ;
#1965 = CARTESIAN_POINT ( 'NONE',  ( -0.2644013857699999970, 0.05837068100000002147, -0.05837068699000002442 ) ) ;
#1966 = DIRECTION ( 'NONE',  ( 0.000000000000000000, -1.000000000000000000, 0.000000000000000000 ) ) ;
#1967 = CYLINDRICAL_SURFACE ( 'NONE', #822, 0.1000000000000000194 ) ;
#1968 = AXIS2_PLACEMENT_3D ( 'NONE', #1835, #22, #1208 ) ;
#1969 = VERTEX_POINT ( 'NONE', #316 ) ;
#1970 = CARTESIAN_POINT ( 'NONE',  ( -0.4977999999785938656, -0.1315448450627321741, -0.08198142310919674658 ) ) ;
#1971 = CARTESIAN_POINT ( 'NONE',  ( -0.4418077238976655385, 0.01924584128139254779, -0.08022373460124788969 ) ) ;
#1972 = DIRECTION ( 'NONE',  ( 0.000000000000000000, 0.000000000000000000, -1.000000000000000000 ) ) ;
#1973 = ADVANCED_FACE ( 'NONE', ( #1128 ), #900, .T. ) ;
#1974 = CARTESIAN_POINT ( 'NONE',  ( -0.3434214680000001740, 0.09727853200000004252, -5.000000000000000932E-09 ) ) ;
#1975 = CLOSED_SHELL ( 'NONE', ( #1587, #1424, #1139, #1840, #1383, #1912, #1018, #619, #1476, #669, #540, #909, #226, #653, #105, #344, #421, #1604, #2455, #1652, #1108, #47, #123, #1356, #1973, #1792, #2153, #2591, #1809, #1372, #317, #881, #760, #2512, #2470, #929, #1005, #477, #926, #779, #1777, #1990, #2575, #2060, #1637 ) ) ;
#1976 = CIRCLE ( 'NONE', #697, 0.1550000000000000544 ) ;
#1977 = CARTESIAN_POINT ( 'NONE',  ( -0.4511999999999998234, 0.06613219422406294012, 0.04946499347140693309 ) ) ;
#1978 = STYLED_ITEM ( 'NONE', ( #648 ), #1316 ) ;
#1979 = UNCERTAINTY_MEASURE_WITH_UNIT (LENGTH_MEASURE( 1.000000000000000082E-05 ), #1868, 'distance_accuracy_value', 'NONE');
#1980 = CARTESIAN_POINT ( 'NONE',  ( -0.2605055450000000605, -3.999999999999992805E-09, -0.08249999999999990674 ) ) ;
#1981 = ORIENTED_EDGE ( 'NONE', *, *, #162, .F. ) ;
#1982 = CARTESIAN_POINT ( 'NONE',  ( -0.2590464680000000852, 0.04029409199999998969, 0.09727853000000004358 ) ) ;
#1983 = CARTESIAN_POINT ( 'NONE',  ( -0.4509931804275694178, 0.06895619467189242902, 0.04529680063315286165 ) ) ;
#1984 = AXIS2_PLACEMENT_3D ( 'NONE', #2414, #12, #388 ) ;
#1985 = CARTESIAN_POINT ( 'NONE',  ( -0.4255470000000000641, 0.000000000000000000, 0.000000000000000000 ) ) ;
#1986 = CARTESIAN_POINT ( 'NONE',  ( -0.3223805450000001294, 0.03425316000000001165, -0.08269445599999999952 ) ) ;
#1987 = CARTESIAN_POINT ( 'NONE',  ( -0.2436362649556539917, 0.03425541045344381030, 0.08269986434046897039 ) ) ;
#1988 = CARTESIAN_POINT ( 'NONE',  ( -0.4512000000000003785, -0.05954028063772029422, -0.07552188984164417973 ) ) ;
#1989 =( BOUNDED_SURFACE ( )  B_SPLINE_SURFACE ( 1, 2, ( 
 ( #1592, #1415, #1222, #212, #588, #386, #1195, #1982, #184, #1011, #2051, #2454, #1684, #1643, #1086, #228, #107, #2425, #2067, #2025, #1455, #1250, #57, #257, #625, #1236, #638, #1074, #1915, #1061, #726, #2440, #1511, #942, #1875, #1045, #68, #2467, #1863, #457, #515, #898, #2243, #672, #1837, #2303, #1428, #1441, #1723, #2115, #270, #473, #1271, #1320, #425, #2227, #2215, #320, #1132, #1471, #25, #855, #2257, #242, #442, #1849, #2036, #41, #887, #869, #1659, #1673, #659, #1261, #1345, #359, #966, #140, #333, #1142, #737, #345, #2126, #1942, #1156, #1757, #2151, #559, #1739, #546, #2536, #1526, #2139, #769, #1556, #954, #2331, #1928, #121, #2524, #2345, #1357, #754, #1332, #1540, #2315, #532, #2352, #1113, #2134, #1547, #1934, #747 ),
 ( #925, #131, #523, #1922, #2495, #1900, #2325, #1749, #2336, #352, #146, #974, #720, #1508, #774, #2299, #510, #1126, #1313, #2109, #314, #1910, #1720, #406, #36, #19, #2033, #206, #2252, #850, #1820, #1846, #836, #2221, #1217, #263, #1654, #2450, #1627, #435, #237, #1257, #1055, #864, #2435, #650, #823, #2408, #1451, #2237, #1858, #1029, #453, #2005, #1614, #2046, #252, #2394, #1494, #74, #2089, #1295, #680, #1689, #2475, #290, #2268, #695, #483, #2293, #2284, #1891, #712, #1504, #1916, #738, #933, #1307, #1333, #943, #2294, #1513, #77, #2508, #2271, #1297, #1282, #334, #321, #1321, #2117, #1133, #2076, #917, #1096, #2317, #533, #2304, #2127, #903, #516, #2489, #698, #715, #1143, #1929, #1715, #1692, #506, #2498, #306, #1118, #727 ),
 ( #122, #1805, #1965, #1943, #799, #1780, #2175, #393, #2384, #1167, #2164, #1189, #1346, #783, #371, #2563, #2152, #1586, #1557, #967, #2537, #2372, #2574, #361, #2141, #2346, #153, #1381, #1017, #756, #179, #1007, #811, #1206, #1992, #752, #915, #767, #504, #115, #86, #530, #96, #2329, #544, #2088, #1503, #2102, #1343, #2343, #724, #964, #1755, #1106, #2292, #305, #1117, #932, #2302, #2558, #1953, #1569, #1409, #1006, #191, #1370, #405, #980, #991, #152, #2407, #1613, #2585, #2393, #609, #2548, #1779, #2360, #205, #1028, #1804, #1425, #2163, #2210, #2573, #2562, #810, #419, #370, #392, #798, #1585, #1991, #1598, #2383, #1393, #1493, #1679, #1869, #434, #1054, #494, #665, #634, #262, #1464, #2463, #2474, #277, #2434, #1857, #679, #221 ) ),
 .UNSPECIFIED., .F., .F., .F. ) 
 B_SPLINE_SURFACE_WITH_KNOTS ( ( 2, 1, 2 ),
 ( 3, 2, 2, 2, 2, 2, 2, 2, 2, 2, 2, 2, 2, 2, 2, 2, 2, 2, 2, 2, 2, 2, 2, 2, 2, 2, 2, 2, 2, 2, 2, 2, 2, 2, 2, 2, 2, 2, 2, 2, 2, 2, 2, 2, 2, 2, 2, 2, 2, 2, 2, 2, 2, 2, 2, 2, 3 ),
 ( 0.000000000000000000, 1.000000000000000000, 1.010000000000000009 ),
 ( 0.000000000000000000, 0.01785714285714290125, 0.03571428571428570536, 0.05357142857142861009, 0.07142857142857142461, 0.08928571428571434321, 0.1071428571428569981, 0.1250000000000000000, 0.1428571428571430435, 0.1607142857142860592, 0.1785714285714290472, 0.1964285714285710083, 0.2142857142857139963, 0.2321428571428570120, 0.2500000000000000000, 0.2678571428571430157, 0.2857142857142860870, 0.3035714285714289917, 0.3214285714285711193, 0.3392857142857140795, 0.3571428571428570953, 0.3750000000000000555, 0.3928571428571430713, 0.4107142857142860870, 0.4285714285714289917, 0.4464285714285711193, 0.4642857142857140240, 0.4821428571428570953, 0.5000000000000000000, 0.5178571428571429047, 0.5357142857142859205, 0.5535714285714280480, 0.5714285714285711748, 0.5892857142857140795, 0.6071428571428570953, 0.6250000000000001110, 0.6428571428571430157, 0.6607142857142860315, 0.6785714285714281591, 0.6964285714285712858, 0.7142857142857140795, 0.7321428571428570953, 0.7500000000000001110, 0.7678571428571430157, 0.7857142857142859205, 0.8035714285714280480, 0.8214285714285711748, 0.8392857142857140795, 0.8571428571428570953, 0.8750000000000001110, 0.8928571428571430157, 0.9107142857142859205, 0.9285714285714280480, 0.9464285714285711748, 0.9642857142857140795, 0.9821428571428569843, 0.9832531944651859979 ),
 .UNSPECIFIED. ) 
 GEOMETRIC_REPRESENTATION_ITEM ( )  RATIONAL_B_SPLINE_SURFACE ( (
 ( 1.000000000000000000, 0.9238795325112871826, 1.000000000000000000, 0.9238795325112871826, 1.000000000000000000, 0.9238795325112871826, 1.000000000000000000, 0.9238795325112871826, 1.000000000000000000, 0.9238795325112871826, 1.000000000000000000, 0.9238795325112871826, 1.000000000000000000, 0.9238795325112871826, 1.000000000000000000, 0.9238795325112871826, 1.000000000000000000, 0.9238795325112871826, 1.000000000000000000, 0.9238795325112871826, 1.000000000000000000, 0.9238795325112871826, 1.000000000000000000, 0.9238795325112871826, 1.000000000000000000, 0.9238795325112871826, 1.000000000000000000, 0.9238795325112871826, 1.000000000000000000, 0.9238795325112871826, 1.000000000000000000, 0.9238795325112871826, 1.000000000000000000, 0.9238795325112871826, 1.000000000000000000, 0.9238795325112871826, 1.000000000000000000, 0.9238795325112871826, 1.000000000000000000, 0.9238795325112871826, 1.000000000000000000, 0.9238795325112871826, 1.000000000000000000, 0.9238795325112871826, 1.000000000000000000, 0.9238795325112871826, 1.000000000000000000, 0.9238795325112871826, 1.000000000000000000, 0.9238795325112871826, 1.000000000000000000, 0.9238795325112871826, 1.000000000000000000, 0.9238795325112871826, 1.000000000000000000, 0.9238795325112871826, 1.000000000000000000, 0.9238795325112871826, 1.000000000000000000, 0.9238795325112871826, 1.000000000000000000, 0.9238795325112871826, 1.000000000000000000, 0.9238795325112871826, 1.000000000000000000, 0.9238795325112871826, 1.000000000000000000, 0.9238795325112871826, 1.000000000000000000, 0.9238795325112871826, 1.000000000000000000, 0.9238795325112871826, 1.000000000000000000, 0.9238795325112871826, 1.000000000000000000, 0.9238795325112871826, 1.000000000000000000, 0.9238795325112871826, 1.000000000000000000, 0.9238795325112871826, 1.000000000000000000, 0.9238795325112871826, 1.000000000000000000, 0.9238795325112871826, 1.000000000000000000, 0.9238795325112871826, 1.000000000000000000, 0.9238795325112871826, 1.000000000000000000, 0.9238795325112871826, 1.000000000000000000, 0.9238795325112871826, 1.000000000000000000, 0.9238795325112871826, 1.000000000000000000, 0.9238795325112871826, 1.000000000000000000, 0.9238795325112871826, 1.000000000000000000, 0.9238795325112871826, 1.000000000000000000, 0.9238795325112871826, 1.000000000000000000, 0.9238795325112871826, 1.000000000000000000, 0.9238795325112871826, 1.000000000000000000, 0.9238795325112871826, 1.000000000000000000, 0.9238795325112871826, 1.000000000000000000, 0.9952669138214328415, 0.9911224237330579223),
 ( 1.000000000000000000, 0.9238795325112871826, 1.000000000000000000, 0.9238795325112871826, 1.000000000000000000, 0.9238795325112871826, 1.000000000000000000, 0.9238795325112871826, 1.000000000000000000, 0.9238795325112871826, 1.000000000000000000, 0.9238795325112871826, 1.000000000000000000, 0.9238795325112871826, 1.000000000000000000, 0.9238795325112871826, 1.000000000000000000, 0.9238795325112871826, 1.000000000000000000, 0.9238795325112871826, 1.000000000000000000, 0.9238795325112871826, 1.000000000000000000, 0.9238795325112871826, 1.000000000000000000, 0.9238795325112871826, 1.000000000000000000, 0.9238795325112871826, 1.000000000000000000, 0.9238795325112871826, 1.000000000000000000, 0.9238795325112871826, 1.000000000000000000, 0.9238795325112871826, 1.000000000000000000, 0.9238795325112871826, 1.000000000000000000, 0.9238795325112871826, 1.000000000000000000, 0.9238795325112871826, 1.000000000000000000, 0.9238795325112871826, 1.000000000000000000, 0.9238795325112871826, 1.000000000000000000, 0.9238795325112871826, 1.000000000000000000, 0.9238795325112871826, 1.000000000000000000, 0.9238795325112871826, 1.000000000000000000, 0.9238795325112871826, 1.000000000000000000, 0.9238795325112871826, 1.000000000000000000, 0.9238795325112871826, 1.000000000000000000, 0.9238795325112871826, 1.000000000000000000, 0.9238795325112871826, 1.000000000000000000, 0.9238795325112871826, 1.000000000000000000, 0.9238795325112871826, 1.000000000000000000, 0.9238795325112871826, 1.000000000000000000, 0.9238795325112871826, 1.000000000000000000, 0.9238795325112871826, 1.000000000000000000, 0.9238795325112871826, 1.000000000000000000, 0.9238795325112871826, 1.000000000000000000, 0.9238795325112871826, 1.000000000000000000, 0.9238795325112871826, 1.000000000000000000, 0.9238795325112871826, 1.000000000000000000, 0.9238795325112871826, 1.000000000000000000, 0.9238795325112871826, 1.000000000000000000, 0.9238795325112871826, 1.000000000000000000, 0.9238795325112871826, 1.000000000000000000, 0.9238795325112871826, 1.000000000000000000, 0.9238795325112871826, 1.000000000000000000, 0.9238795325112871826, 1.000000000000000000, 0.9238795325112871826, 1.000000000000000000, 0.9238795325112871826, 1.000000000000000000, 0.9238795325112871826, 1.000000000000000000, 0.9238795325112871826, 1.000000000000000000, 0.9238795325112871826, 1.000000000000000000, 0.9238795325112871826, 1.000000000000000000, 0.9238795325112871826, 1.000000000000000000, 0.9238795325112871826, 1.000000000000000000, 0.9952669138214328415, 0.9911224237330579223),
 ( 1.000000000000000000, 0.9238795325112871826, 1.000000000000000000, 0.9238795325112871826, 1.000000000000000000, 0.9238795325112871826, 1.000000000000000000, 0.9238795325112871826, 1.000000000000000000, 0.9238795325112871826, 1.000000000000000000, 0.9238795325112871826, 1.000000000000000000, 0.9238795325112871826, 1.000000000000000000, 0.9238795325112871826, 1.000000000000000000, 0.9238795325112871826, 1.000000000000000000, 0.9238795325112871826, 1.000000000000000000, 0.9238795325112871826, 1.000000000000000000, 0.9238795325112871826, 1.000000000000000000, 0.9238795325112871826, 1.000000000000000000, 0.9238795325112871826, 1.000000000000000000, 0.9238795325112871826, 1.000000000000000000, 0.9238795325112871826, 1.000000000000000000, 0.9238795325112871826, 1.000000000000000000, 0.9238795325112871826, 1.000000000000000000, 0.9238795325112871826, 1.000000000000000000, 0.9238795325112871826, 1.000000000000000000, 0.9238795325112871826, 1.000000000000000000, 0.9238795325112871826, 1.000000000000000000, 0.9238795325112871826, 1.000000000000000000, 0.9238795325112871826, 1.000000000000000000, 0.9238795325112871826, 1.000000000000000000, 0.9238795325112871826, 1.000000000000000000, 0.9238795325112871826, 1.000000000000000000, 0.9238795325112871826, 1.000000000000000000, 0.9238795325112871826, 1.000000000000000000, 0.9238795325112871826, 1.000000000000000000, 0.9238795325112871826, 1.000000000000000000, 0.9238795325112871826, 1.000000000000000000, 0.9238795325112871826, 1.000000000000000000, 0.9238795325112871826, 1.000000000000000000, 0.9238795325112871826, 1.000000000000000000, 0.9238795325112871826, 1.000000000000000000, 0.9238795325112871826, 1.000000000000000000, 0.9238795325112871826, 1.000000000000000000, 0.9238795325112871826, 1.000000000000000000, 0.9238795325112871826, 1.000000000000000000, 0.9238795325112871826, 1.000000000000000000, 0.9238795325112871826, 1.000000000000000000, 0.9238795325112871826, 1.000000000000000000, 0.9238795325112871826, 1.000000000000000000, 0.9238795325112871826, 1.000000000000000000, 0.9238795325112871826, 1.000000000000000000, 0.9238795325112871826, 1.000000000000000000, 0.9238795325112871826, 1.000000000000000000, 0.9238795325112871826, 1.000000000000000000, 0.9238795325112871826, 1.000000000000000000, 0.9238795325112871826, 1.000000000000000000, 0.9238795325112871826, 1.000000000000000000, 0.9238795325112871826, 1.000000000000000000, 0.9238795325112871826, 1.000000000000000000, 0.9238795325112871826, 1.000000000000000000, 0.9952669138214328415, 0.9911224237330579223) ) ) 
 REPRESENTATION_ITEM ( '' )  SURFACE ( )  );
#1990 = ADVANCED_FACE ( 'NONE', ( #2058 ), #927, .F. ) ;
#1991 = CARTESIAN_POINT ( 'NONE',  ( -0.4331513857700000636, -0.08254861322000003887, 3.990000000000001318E-09 ) ) ;
#1992 = CARTESIAN_POINT ( 'NONE',  ( -0.3244013857700000503, 0.05837068100000002147, -0.05837068699000002442 ) ) ;
#1993 = CARTESIAN_POINT ( 'NONE',  ( -0.1178000000000000436, 1.175660927181459711E-17, 0.09600000000000004363 ) ) ;
#1994 = LINE ( 'NONE', #2177, #1231 ) ;
#1995 = ORIENTED_EDGE ( 'NONE', *, *, #1512, .T. ) ;
#1996 = LINE ( 'NONE', #1375, #1490 ) ;
#1997 = CARTESIAN_POINT ( 'NONE',  ( -0.4480055450000001160, 0.08269445400000002833, -4.000000000000001076E-09 ) ) ;
#1998 = DIRECTION ( 'NONE',  ( -1.000000000000000000, -0.000000000000000000, -0.000000000000000000 ) ) ;
#1999 = CARTESIAN_POINT ( 'NONE',  ( -0.3898805450000001338, 0.08269445599999999952, 0.03425316000000001165 ) ) ;
#2000 = ORIENTED_EDGE ( 'NONE', *, *, #1898, .T. ) ;
#2001 = CARTESIAN_POINT ( 'NONE',  ( -0.2380055450000000405, 0.08269445400000002833, -4.000000000000001076E-09 ) ) ;
#2002 = CARTESIAN_POINT ( 'NONE',  ( -0.2792555449999999939, -0.05847380600000001705, 0.05847381200000002083 ) ) ;
#2003 = LENGTH_MEASURE_WITH_UNIT ( LENGTH_MEASURE( 0.02539999999999999897 ), #1391 );
#2004 = DIRECTION ( 'NONE',  ( 1.000000000000000000, -2.203103220696986029E-16, 0.000000000000000000 ) ) ;
#2005 = CARTESIAN_POINT ( 'NONE',  ( -0.3598805450000000516, 0.08269445599999999952, 0.03425316000000001165 ) ) ;
#2006 = EDGE_CURVE ( 'NONE', #2035, #2145, #117, .T. ) ;
#2007 = CARTESIAN_POINT ( 'NONE',  ( -0.2534214680000000386, 0.09727853200000004252, -5.000000000000000932E-09 ) ) ;
#2008 = COLOUR_RGB ( '',0.000000000000000000, 0.000000000000000000, 0.000000000000000000 ) ;
#2009 = DIRECTION ( 'NONE',  ( 0.000000000000000000, 0.000000000000000000, 1.000000000000000000 ) ) ;
#2010 = DIRECTION ( 'NONE',  ( 1.000000000000000000, 0.000000000000000000, 0.000000000000000000 ) ) ;
#2011 = ORIENTED_EDGE ( 'NONE', *, *, #2222, .F. ) ;
#2012 = CARTESIAN_POINT ( 'NONE',  ( 0.000000000000000000, -0.04400000000000001826, 0.000000000000000000 ) ) ;
#2013 = CARTESIAN_POINT ( 'NONE',  ( -0.4413064647419981945, 0.01076147145720554241, -0.08179605546841710317 ) ) ;
#2014 = CARTESIAN_POINT ( 'NONE',  ( -0.4678000000000001046, 0.000000000000000000, -0.1000000000000000194 ) ) ;
#2015 = CARTESIAN_POINT ( 'NONE',  ( -0.3355055450000001271, 4.000000000000001076E-09, 0.08269445400000002833 ) ) ;
#2016 = VERTEX_POINT ( 'NONE', #911 ) ;
#2017 = STYLED_ITEM ( 'NONE', ( #466 ), #1809 ) ;
#2018 = CARTESIAN_POINT ( 'NONE',  ( -0.2473805449999999795, -0.03425316000000001165, 0.08269445599999999952 ) ) ;
#2019 = CARTESIAN_POINT ( 'NONE',  ( -0.4512000000000001565, -0.06161456223975633056, 0.06663612650666363157 ) ) ;
#2020 = DIRECTION ( 'NONE',  ( 0.000000000000000000, 0.000000000000000000, -1.000000000000000000 ) ) ;
#2021 = CARTESIAN_POINT ( 'NONE',  ( 0.2042000000000000481, 0.04400000000000001826, -0.03000000000000000930 ) ) ;
#2022 = EDGE_CURVE ( 'NONE', #924, #56, #1104, .T. ) ;
#2023 = CARTESIAN_POINT ( 'NONE',  ( -0.2377999999999928782, 0.08259004262702392130, -0.002379246095207692216 ) ) ;
#2024 = ORIENTED_EDGE ( 'NONE', *, *, #741, .F. ) ;
#2025 = CARTESIAN_POINT ( 'NONE',  ( -0.2815464680000001052, 0.09727853000000004358, -0.04029409199999998969 ) ) ;
#2026 = CARTESIAN_POINT ( 'NONE',  ( -0.4482000000000000983, 0.08250000000000003164, -4.000000000000001076E-09 ) ) ;
#2027 = FACE_BOUND ( 'NONE', #2324, .T. ) ;
#2028 = CARTESIAN_POINT ( 'NONE',  ( -0.3673805450000001693, -0.03425316000000001165, 0.08269445599999999952 ) ) ;
#2029 = CIRCLE ( 'NONE', #922, 0.03000000000000000930 ) ;
#2030 = CARTESIAN_POINT ( 'NONE',  ( -0.2417555450000000439, 0.05847381200000002083, 0.05847380600000001705 ) ) ;
#2031 = DIRECTION ( 'NONE',  ( -0.4663211919902767177, 0.8513679973213191809, 0.2402437908414149503 ) ) ;
#2032 = CARTESIAN_POINT ( 'NONE',  ( -0.1178000000000000436, 0.000000000000000000, -0.09600000000000004363 ) ) ;
#2033 = CARTESIAN_POINT ( 'NONE',  ( -0.3092555450000000761, -0.05847380600000001705, 0.05847381200000002083 ) ) ;
#2034 = DIRECTION ( 'NONE',  ( 0.000000000000000000, 0.000000000000000000, 1.000000000000000000 ) ) ;
#2035 = VERTEX_POINT ( 'NONE', #1509 ) ;
#2036 = CARTESIAN_POINT ( 'NONE',  ( -0.3696714680000000586, 0.06878630600000003315, -0.06878631300000001558 ) ) ;
#2037 = CARTESIAN_POINT ( 'NONE',  ( -0.4423871596028088882, 0.02862641450050871020, -0.07737526941449809903 ) ) ;
#2038 = CARTESIAN_POINT ( 'NONE',  ( -0.2377999998362659850, 0.08261072639982663945, -0.003720299501886042103 ) ) ;
#2039 = CARTESIAN_POINT ( 'NONE',  ( -0.4511999999999978250, 0.06534895487649643175, 0.05062624527100537120 ) ) ;
#2040 = CARTESIAN_POINT ( 'NONE',  ( -0.3411305450000001183, -0.08269445300000004273, 0.03425316900000002773 ) ) ;
#2041 = DIRECTION ( 'NONE',  ( 1.000000000000000000, 0.000000000000000000, 0.000000000000000000 ) ) ;
#2042 = CARTESIAN_POINT ( 'NONE',  ( -0.2605055449921759858, -3.945682546674065527E-09, -0.08269445403001954298 ) ) ;
#2043 = EDGE_LOOP ( 'NONE', ( #326, #684, #274, #1862 ) ) ;
#2044 = SURFACE_SIDE_STYLE ('',( #1678 ) ) ;
#2045 = CARTESIAN_POINT ( 'NONE',  ( -0.2377942800443460791, 0.08249458868735930206, -4.000000000000001076E-09 ) ) ;
#2046 = CARTESIAN_POINT ( 'NONE',  ( -0.3636305450000000827, 0.03425316900000002773, 0.08269445300000004273 ) ) ;
#2047 = CARTESIAN_POINT ( 'NONE',  ( -0.2890464680000000564, 0.04029409199999998276, 0.09727853000000004358 ) ) ;
#2048 = DIRECTION ( 'NONE',  ( 0.000000000000000000, -0.000000000000000000, 1.000000000000000000 ) ) ;
#2049 = CARTESIAN_POINT ( 'NONE',  ( -0.4161305450000000739, 0.08269445300000004273, -0.03425316900000002773 ) ) ;
#2050 = VERTEX_POINT ( 'NONE', #1913 ) ;
#2051 = CARTESIAN_POINT ( 'NONE',  ( -0.2646714680000000208, -0.06878630600000003315, 0.06878631300000001558 ) ) ;
#2052 = CARTESIAN_POINT ( 'NONE',  ( -0.4426667463001724423, 0.03299450934071723740, -0.07561896680893541445 ) ) ;
#2053 = CARTESIAN_POINT ( 'NONE',  ( -0.5518000000000000682, -0.07536595900000001014, 0.1200740280000000271 ) ) ;
#2054 = DIRECTION ( 'NONE',  ( -1.000000000000000000, 4.139163626764034911E-16, 0.000000000000000000 ) ) ;
#2055 = CARTESIAN_POINT ( 'NONE',  ( -0.2702964680000000119, -0.09727853400000004147, -0.04029408199999999496 ) ) ;
#2056 = ORIENTED_EDGE ( 'NONE', *, *, #1825, .F. ) ;
#2057 = CARTESIAN_POINT ( 'NONE',  ( -0.4259214680000001363, -5.000000000000000932E-09, -0.09727853200000004252 ) ) ;
#2058 = FACE_OUTER_BOUND ( 'NONE', #260, .T. ) ;
#2059 = CARTESIAN_POINT ( 'NONE',  ( -0.2455055450000000472, 4.000000000000001076E-09, 0.08269445400000002833 ) ) ;
#2060 = ADVANCED_FACE ( 'NONE', ( #1501 ), #71, .F. ) ;
#2061 = SURFACE_SIDE_STYLE ('',( #1053 ) ) ;
#2062 = CARTESIAN_POINT ( 'NONE',  ( -0.3096714680000001163, 0.06878630600000003315, -0.06878631300000001558 ) ) ;
#2063 = CARTESIAN_POINT ( 'NONE',  ( -0.4977999999881635995, -2.607720744873564338E-27, 0.000000000000000000 ) ) ;
#2064 = DIRECTION ( 'NONE',  ( 1.000000000000000000, 0.000000000000000000, -0.000000000000000000 ) ) ;
#2065 = CARTESIAN_POINT ( 'NONE',  ( -0.3373805450000001427, -0.03425316000000000471, 0.08269445599999998564 ) ) ;
#2066 = ORIENTED_EDGE ( 'NONE', *, *, #64, .F. ) ;
#2067 = CARTESIAN_POINT ( 'NONE',  ( -0.2796714680000000341, 0.06878630600000003315, -0.06878631300000001558 ) ) ;
#2068 = STYLED_ITEM ( 'NONE', ( #582 ), #760 ) ;
#2069 = SHAPE_DEFINITION_REPRESENTATION ( #465, #884 ) ;
#2070 = DIRECTION ( 'NONE',  ( 0.000000000000000000, 0.000000000000000000, 1.000000000000000000 ) ) ;
#2071 = CARTESIAN_POINT ( 'NONE',  ( -0.2815464680000001052, 0.09727853000000004358, -0.04029409199999998969 ) ) ;
#2072 = AXIS2_PLACEMENT_3D ( 'NONE', #2313, #1538, #319 ) ;
#2073 = CARTESIAN_POINT ( 'NONE',  ( -0.4512000000000012667, -0.09456364670357715607, 0.001838712510776015826 ) ) ;
#2074 = EDGE_LOOP ( 'NONE', ( #227, #569, #1883, #1347 ) ) ;
#2075 = FACE_OUTER_BOUND ( 'NONE', #2589, .T. ) ;
#2076 = CARTESIAN_POINT ( 'NONE',  ( -0.4330055450000001027, -0.08269445400000002833, 4.000000000000001076E-09 ) ) ;
#2077 = DIRECTION ( 'NONE',  ( 0.000000000000000000, 0.000000000000000000, 1.000000000000000000 ) ) ;
#2078 = CARTESIAN_POINT ( 'NONE',  ( -0.3692555450000000739, -0.05847380600000001705, 0.05847381200000002083 ) ) ;
#2079 =( BOUNDED_CURVE ( )  B_SPLINE_CURVE ( 2, ( #904, #39, #2314, #254, #2253, #1860, #455, #867, #1847, #531, #1084, #753, #332, #2049, #1539, #1524, #1097, #2452, #1882, #1331, #1453, #1694, #1284, #1484, #1657, #1259, #2272, #896, #1671, #2125, #1681, #78, #2507, #2241, #1071, #2330, #2465, #2437, #2078, #657, #1141, #885, #1247, #281, #668, #1468, #486, #470, #953, #2523, #1926, #735, #1269, #119, #1737, #2065, #240, #1059, #268, #1873, #66, #683, #1612, #1584, #2572, #381, #990, #139, #584, #1166, #2357, #1941, #573, #1954, #2344, #2370, #558, #1177, #965, #1016, #2174, #1355, #151, #2559, #1791, #782, #979, #1766, #1380, #1392, #2149, #1964, #1778, #1597, #1555, #1004, #1756 ),
 .UNSPECIFIED., .F., .T. ) 
 B_SPLINE_CURVE_WITH_KNOTS ( ( 3, 2, 2, 2, 2, 2, 2, 2, 2, 2, 2, 2, 2, 2, 2, 2, 2, 2, 2, 2, 2, 2, 2, 2, 2, 2, 2, 2, 2, 2, 2, 2, 2, 2, 2, 2, 2, 2, 2, 2, 2, 2, 2, 2, 2, 2, 2, 2, 3 ),
 ( 0.000000000000000000, 0.01785714285714301575, 0.03571428571428592047, 0.05357142857142882519, 0.07142857142857195196, 0.08928571428571407953, 0.1071428571428569704, 0.1249999999999998890, 0.1428571428571429047, 0.1607142857142859205, 0.1785714285714288252, 0.1964285714285719520, 0.2142857142857140795, 0.2321428571428569843, 0.2499999999999998890, 0.2678571428571429047, 0.2857142857142859205, 0.3035714285714287142, 0.3214285714285718409, 0.3392857142857139685, 0.3571428571428569843, 0.3749999999999999445, 0.3928571428571429047, 0.4107142857142859205, 0.4285714285714288252, 0.4464285714285719520, 0.4642857142857140240, 0.4821428571428570953, 0.5000000000000000000, 0.5178571428571429047, 0.5357142857142860315, 0.5535714285714288252, 0.5714285714285709528, 0.5892857142857139685, 0.6071428571428569843, 0.6250000000000000000, 0.6428571428571429047, 0.6607142857142859205, 0.6785714285714288252, 0.6964285714285709528, 0.7142857142857139685, 0.7321428571428569843, 0.7500000000000000000, 0.7678571428571430157, 0.7857142857142860315, 0.8035714285714289362, 0.8214285714285709528, 0.8392857142857139685, 0.8571428570962992266 ),
 .UNSPECIFIED. ) 
 CURVE ( )  GEOMETRIC_REPRESENTATION_ITEM ( )  RATIONAL_B_SPLINE_CURVE ( ( 1.000000000000000000, 0.9238795325112871826, 1.000000000000000000, 0.9238795325112871826, 1.000000000000000000, 0.9238795325112871826, 1.000000000000000000, 0.9238795325112871826, 1.000000000000000000, 0.9238795325112871826, 1.000000000000000000, 0.9238795325112871826, 1.000000000000000000, 0.9238795325112871826, 1.000000000000000000, 0.9238795325112871826, 1.000000000000000000, 0.9238795325112871826, 1.000000000000000000, 0.9238795325112871826, 1.000000000000000000, 0.9238795325112871826, 1.000000000000000000, 0.9238795325112871826, 1.000000000000000000, 0.9238795325112871826, 1.000000000000000000, 0.9238795325112871826, 1.000000000000000000, 0.9238795325112871826, 1.000000000000000000, 0.9238795325112871826, 1.000000000000000000, 0.9238795325112871826, 1.000000000000000000, 0.9238795325112871826, 1.000000000000000000, 0.9238795325112871826, 1.000000000000000000, 0.9238795325112871826, 1.000000000000000000, 0.9238795325112871826, 1.000000000000000000, 0.9238795325112871826, 1.000000000000000000, 0.9238795325112871826, 1.000000000000000000, 0.9238795325112871826, 1.000000000000000000, 0.9238795325112871826, 1.000000000000000000, 0.9238795325112871826, 1.000000000000000000, 0.9238795325112871826, 1.000000000000000000, 0.9238795325112871826, 1.000000000000000000, 0.9238795325112871826, 1.000000000000000000, 0.9238795325112871826, 1.000000000000000000, 0.9238795325112871826, 1.000000000000000000, 0.9238795325112871826, 1.000000000000000000, 0.9238795325112871826, 1.000000000000000000, 0.9238795325112871826, 1.000000000000000000, 0.9238795325112871826, 1.000000000000000000, 0.9238795325112871826, 1.000000000000000000, 0.9238795325112871826, 1.000000000000000000, 0.9238795325112871826, 1.000000000000000000, 0.9238795325112871826, 1.000000000000000000, 0.9238795325112871826, 1.000000000000000000, 0.9238795325112871826, 1.000000000000000000, 0.9238795325112871826, 1.000000000000000000, 0.9238795325112871826, 1.000000000000000000, 0.9238795325112871826, 1.000000000000000000, 0.9238795325112871826, 1.000000000000000000, 0.9238795325112871826, 1.000000000000000000, 0.9238795325112871826, 1.000000000000000000, 0.9238795325112871826, 1.000000000000000000 ) ) 
 REPRESENTATION_ITEM ( '' )  );
#2080 = ORIENTED_EDGE ( 'NONE', *, *, #2094, .F. ) ;
#2081 = CARTESIAN_POINT ( 'NONE',  ( -0.4431778888394913851, 0.04071164835643319851, -0.07175951158008998798 ) ) ;
#2082 = CARTESIAN_POINT ( 'NONE',  ( -0.4978000000000001868, -0.1315379029999999838, -0.08199256099999999159 ) ) ;
#2083 = DIRECTION ( 'NONE',  ( 1.000000000000000000, 0.000000000000000000, -0.000000000000000000 ) ) ;
#2084 = CARTESIAN_POINT ( 'NONE',  ( -0.2684214680000000519, -0.09727853200000004252, 5.000000000000000932E-09 ) ) ;
#2085 = EDGE_LOOP ( 'NONE', ( #2011, #2000, #527, #1033 ) ) ;
#2086 = CARTESIAN_POINT ( 'NONE',  ( 0.2041999999999999649, 0.03400000000000000938, 0.01000000000000000194 ) ) ;
#2087 = DIRECTION ( 'NONE',  ( 0.000000000000000000, 0.000000000000000000, 1.000000000000000000 ) ) ;
#2088 = CARTESIAN_POINT ( 'NONE',  ( -0.3450263857700001657, -0.08254861522000001006, -0.03419275078000002382 ) ) ;
#2089 = CARTESIAN_POINT ( 'NONE',  ( -0.3730055450000001049, -0.08269445400000002833, 4.000000000000001076E-09 ) ) ;
#2090 = CARTESIAN_POINT ( 'NONE',  ( -0.2586305449999999340, -0.03425316900000002773, -0.08269445300000004273 ) ) ;
#2091 = CARTESIAN_POINT ( 'NONE',  ( -0.4090464679999999964, 0.04029409199999998276, 0.09727853000000004358 ) ) ;
#2092 = EDGE_CURVE ( 'NONE', #130, #1816, #1244, .T. ) ;
#2093 = DIRECTION ( 'NONE',  ( -1.000000000000000000, 0.000000000000000000, 0.000000000000000000 ) ) ;
#2094 = EDGE_CURVE ( 'NONE', #1256, #1366, #2496, .T. ) ;
#2095 =( NAMED_UNIT ( * ) SI_UNIT ( $, .STERADIAN. ) SOLID_ANGLE_UNIT ( ) );
#2096 = CARTESIAN_POINT ( 'NONE',  ( -0.3040464680000000142, -0.04029409199999998969, -0.09727853000000004358 ) ) ;
#2097 = VERTEX_POINT ( 'NONE', #722 ) ;
#2098 = CARTESIAN_POINT ( 'NONE',  ( -0.4427964679999999986, -0.04029408199999999496, 0.09727853400000004147 ) ) ;
#2099 = CARTESIAN_POINT ( 'NONE',  ( -0.4512000000000001565, -0.07722728140740624247, 0.04986087428262726134 ) ) ;
#2100 = VERTEX_POINT ( 'NONE', #85 ) ;
#2101 = DIRECTION ( 'NONE',  ( -1.000000000000000000, 0.000000000000000000, 0.000000000000000000 ) ) ;
#2102 = CARTESIAN_POINT ( 'NONE',  ( -0.3487763857699999748, -0.03419275977000001132, -0.08254861223000005410 ) ) ;
#2103 = CIRCLE ( 'NONE', #780, 0.1000000000000000194 ) ;
#2104 = AXIS2_PLACEMENT_3D ( 'NONE', #1687, #1276, #2461 ) ;
#2105 = DIRECTION ( 'NONE',  ( -1.000000000000000000, -0.000000000000000000, -0.000000000000000000 ) ) ;
#2106 = CARTESIAN_POINT ( 'NONE',  ( -0.4448966893682997359, 0.06372043533353813349, -0.05242539078905573274 ) ) ;
#2107 = CARTESIAN_POINT ( 'NONE',  ( -0.3227964680000000031, -0.04029408199999999496, 0.09727853400000004147 ) ) ;
#2108 = ORIENTED_EDGE ( 'NONE', *, *, #1946, .F. ) ;
#2109 = CARTESIAN_POINT ( 'NONE',  ( -0.2961305450000000783, 0.08269445300000004273, -0.03425316900000002773 ) ) ;
#2110 = CARTESIAN_POINT ( 'NONE',  ( -0.4486273549167785202, 0.08214531603352387412, 0.007641796500332362525 ) ) ;
#2111 = CARTESIAN_POINT ( 'NONE',  ( -0.4978000000000001868, 0.1315379029999999838, 0.08199256099999999159 ) ) ;
#2112 = VECTOR ( 'NONE', #1966, 39.37007874015748143 ) ;
#2113 = AXIS2_PLACEMENT_3D ( 'NONE', #1438, #1058, #38 ) ;
#2114 = CARTESIAN_POINT ( 'NONE',  ( -0.4406999999613805952, -4.092154735402216860E-09, -0.08249999999999992062 ) ) ;
#2115 = CARTESIAN_POINT ( 'NONE',  ( -0.3377964680000001274, 0.04029408199999999496, -0.09727853400000004147 ) ) ;
#2116 = AXIS2_PLACEMENT_3D ( 'NONE', #1580, #763, #2122 ) ;
#2117 = CARTESIAN_POINT ( 'NONE',  ( -0.4292555450000000716, -0.05847380600000001705, 0.05847381200000002083 ) ) ;
#2118 = VERTEX_POINT ( 'NONE', #1091 ) ;
#2119 = CARTESIAN_POINT ( 'NONE',  ( -0.4438632001599012722, 0.05050070008476292838, -0.06523866378760920237 ) ) ;
#2120 = CARTESIAN_POINT ( 'NONE',  ( -0.4240464680000001207, -0.04029409199999998969, -0.09727853000000004358 ) ) ;
#2121 = ORIENTED_EDGE ( 'NONE', *, *, #797, .T. ) ;
#2122 = DIRECTION ( 'NONE',  ( 0.000000000000000000, 0.000000000000000000, -1.000000000000000000 ) ) ;
#2123 = EDGE_CURVE ( 'NONE', #538, #196, #572, .T. ) ;
#2124 = CYLINDRICAL_SURFACE ( 'NONE', #2395, 0.05900000000000001771 ) ;
#2125 = CARTESIAN_POINT ( 'NONE',  ( -0.3861305449999999917, 0.08269445300000004273, -0.03425316900000002773 ) ) ;
#2126 = CARTESIAN_POINT ( 'NONE',  ( -0.3996714680000000852, 0.06878630600000003315, -0.06878631300000001558 ) ) ;
#2127 = CARTESIAN_POINT ( 'NONE',  ( -0.4442555450000000850, 0.05847380600000001705, -0.05847381200000002083 ) ) ;
#2128 = CARTESIAN_POINT ( 'NONE',  ( -0.4512000000000000455, 0.000000000000000000, 0.000000000000000000 ) ) ;
#2129 = CARTESIAN_POINT ( 'NONE',  ( -0.4438181611086427503, 0.04987729075491944414, -0.06571533966243522928 ) ) ;
#2130 = CARTESIAN_POINT ( 'NONE',  ( -0.2342555450000000372, 0.05847380600000001705, -0.05847381200000002083 ) ) ;
#2131 = DIRECTION ( 'NONE',  ( 1.000000000000000000, -0.000000000000000000, 0.000000000000000000 ) ) ;
#2132 = CARTESIAN_POINT ( 'NONE',  ( -0.4352964679999998809, 0.09727853400000004147, 0.04029408199999999496 ) ) ;
#2133 = EDGE_LOOP ( 'NONE', ( #1528, #1563 ) ) ;
#2134 = CARTESIAN_POINT ( 'NONE',  ( -0.4502964680000000608, -0.09727853400000004147, -0.04029408199999999496 ) ) ;
#2135 = DIRECTION ( 'NONE',  ( 0.000000000000000000, 0.000000000000000000, -1.000000000000000000 ) ) ;
#2136 = ORIENTED_EDGE ( 'NONE', *, *, #2260, .T. ) ;
#2137 = SURFACE_STYLE_USAGE ( .BOTH. , #2368 ) ;
#2138 = CARTESIAN_POINT ( 'NONE',  ( -0.3771714680000001207, 0.06878631300000001558, 0.06878630600000003315 ) ) ;
#2139 = CARTESIAN_POINT ( 'NONE',  ( -0.4184214680000001296, -0.09727853200000004252, 5.000000000000000932E-09 ) ) ;
#2140 = CARTESIAN_POINT ( 'NONE',  ( -0.4978000000000001313, -0.1315448450000000491, -0.08198142300000002547 ) ) ;
#2141 = CARTESIAN_POINT ( 'NONE',  ( -0.3056513857700000614, 3.990000000000001318E-09, 0.08254861322000003887 ) ) ;
#2142 = ORIENTED_EDGE ( 'NONE', *, *, #64, .T. ) ;
#2143 = CARTESIAN_POINT ( 'NONE',  ( -0.5518000000000000682, 4.738048864011456858E-16, 9.817578727230945633E-17 ) ) ;
#2144 = CARTESIAN_POINT ( 'NONE',  ( -0.2377999999999999281, 0.08252990989489181195, -0.0006204156538951980000 ) ) ;
#2145 = VERTEX_POINT ( 'NONE', #93 ) ;
#2146 = CARTESIAN_POINT ( 'NONE',  ( -0.5518000000000001792, 0.07536595900000002402, -0.1200740280000000271 ) ) ;
#2147 = CARTESIAN_POINT ( 'NONE',  ( 0.2042000000000000481, -0.05400000000000001327, -0.01000000000000000194 ) ) ;
#2148 = CARTESIAN_POINT ( 'NONE',  ( -0.3659214680000001385, -5.000000000000000932E-09, -0.09727853200000004252 ) ) ;
#2149 = CARTESIAN_POINT ( 'NONE',  ( -0.2717555450000000428, 0.05847381200000002083, 0.05847380600000001705 ) ) ;
#2150 = COLOUR_RGB ( '',0.000000000000000000, 0.000000000000000000, 0.000000000000000000 ) ;
#2151 = CARTESIAN_POINT ( 'NONE',  ( -0.4071714680000000919, 0.06878631300000001558, 0.06878630600000003315 ) ) ;
#2152 = CARTESIAN_POINT ( 'NONE',  ( -0.2906513857700000480, -3.990000000000001318E-09, -0.08254861322000003887 ) ) ;
#2153 = ADVANCED_FACE ( 'NONE', ( #2300 ), #860, .T. ) ;
#2154 = CARTESIAN_POINT ( 'NONE',  ( -0.2552964679999999431, 0.09727853400000004147, 0.04029408199999999496 ) ) ;
#2155 = CARTESIAN_POINT ( 'NONE',  ( -0.4454402913277935583, 0.06926996077009327235, -0.04481671992184665249 ) ) ;
#2156 = PLANE ( 'NONE',  #2188 ) ;
#2157 = CARTESIAN_POINT ( 'NONE',  ( -0.3546714680000001008, -0.06878630600000003315, 0.06878631300000001558 ) ) ;
#2158 = ORIENTED_EDGE ( 'NONE', *, *, #2306, .T. ) ;
#2159 = CARTESIAN_POINT ( 'NONE',  ( -0.4484502455463507675, 0.08238030530042256272, 0.004511242650379674972 ) ) ;
#2160 = DIRECTION ( 'NONE',  ( -8.278327253528066863E-16, -1.000000000000000000, 0.000000000000000000 ) ) ;
#2161 = LINE ( 'NONE', #1367, #1522 ) ;
#2162 = CARTESIAN_POINT ( 'NONE',  ( -0.3940464680000000386, -0.04029409199999998276, -0.09727853000000004358 ) ) ;
#2163 = CARTESIAN_POINT ( 'NONE',  ( -0.4144013857700000192, 0.05837068100000002147, -0.05837068699000002442 ) ) ;
#2164 = CARTESIAN_POINT ( 'NONE',  ( -0.2794013857700000103, -0.05837068100000002147, 0.05837068699000002442 ) ) ;
#2165 = FACE_BOUND ( 'NONE', #2214, .T. ) ;
#2166 = EDGE_CURVE ( 'NONE', #1102, #409, #2029, .T. ) ;
#2167 = CARTESIAN_POINT ( 'NONE',  ( -0.4390464680000000230, 0.04029409199999998969, 0.09727853000000004358 ) ) ;
#2168 = ORIENTED_EDGE ( 'NONE', *, *, #1946, .T. ) ;
#2169 = CARTESIAN_POINT ( 'NONE',  ( 0.2042000000000000481, 0.05400000000000001327, 0.01000000000000000194 ) ) ;
#2170 = CARTESIAN_POINT ( 'NONE',  ( -0.4415101546056620641, 0.01425200474884801526, -0.08126059505218335977 ) ) ;
#2171 = CARTESIAN_POINT ( 'NONE',  ( -0.2396859100349814919, 0.07760579167165891634, 0.03234420919695651236 ) ) ;
#2172 = DIRECTION ( 'NONE',  ( -1.000000000000000000, -0.000000000000000000, 0.000000000000000000 ) ) ;
#2173 = CARTESIAN_POINT ( 'NONE',  ( -0.3265464680000000341, -0.09727853000000004358, 0.04029409199999998276 ) ) ;
#2174 = CARTESIAN_POINT ( 'NONE',  ( -0.2905055450000000872, -4.000000000000001076E-09, -0.08269445400000002833 ) ) ;
#2175 = CARTESIAN_POINT ( 'NONE',  ( -0.2719013857700000036, 0.05837068699000002442, 0.05837068100000002147 ) ) ;
#2176 = CARTESIAN_POINT ( 'NONE',  ( -0.2609214680000001008, 5.000000000000000932E-09, 0.09727853200000004252 ) ) ;
#2177 = CARTESIAN_POINT ( 'NONE',  ( -0.2604027725000000459, -4.000000000000001076E-09, -0.08259722700000002304 ) ) ;
#2178 = AXIS2_PLACEMENT_3D ( 'NONE', #195, #623, #1009 ) ;
#2179 = EDGE_CURVE ( 'NONE', #108, #886, #94, .T. ) ;
#2180 = VERTEX_POINT ( 'NONE', #1535 ) ;
#2181 = CARTESIAN_POINT ( 'NONE',  ( -0.4407755382695686674, 0.001373521149392254153, -0.08249229983612800521 ) ) ;
#2182 = CARTESIAN_POINT ( 'NONE',  ( -0.2377999999999993175, 0.06245487399188609512, -0.05927721861234499373 ) ) ;
#2183 = CARTESIAN_POINT ( 'NONE',  ( -0.3205055450000001138, -4.000000000000001076E-09, -0.08269445400000002833 ) ) ;
#2184 = CARTESIAN_POINT ( 'NONE',  ( 0.000000000000000000, 1.175660927181459711E-17, 0.09600000000000004363 ) ) ;
#2185 = CARTESIAN_POINT ( 'NONE',  ( -0.4512000000000000455, -0.04745519146307682762, 0.07630550117738969795 ) ) ;
#2186 = CIRCLE ( 'NONE', #1394, 0.1550000000000000544 ) ;
#2187 =( CONVERSION_BASED_UNIT ( 'INCH', #178 ) LENGTH_UNIT ( ) NAMED_UNIT ( #150 ) );
#2188 = AXIS2_PLACEMENT_3D ( 'NONE', #785, #65, #1881 ) ;
#2189 = CARTESIAN_POINT ( 'NONE',  ( -0.4512000000000000455, 1.224646799147353577E-17, 0.1000000000000000194 ) ) ;
#2190 = CARTESIAN_POINT ( 'NONE',  ( -0.4978000000000001313, 0.000000000000000000, 0.000000000000000000 ) ) ;
#2191 = DIRECTION ( 'NONE',  ( 0.000000000000000000, 0.000000000000000000, -1.000000000000000000 ) ) ;
#2192 = EDGE_LOOP ( 'NONE', ( #716, #2466 ) ) ;
#2193 = CARTESIAN_POINT ( 'NONE',  ( -0.4416241517337911038, 0.01618088527543595431, -0.08090145123403384708 ) ) ;
#2194 = DIRECTION ( 'NONE',  ( 1.000000000000000000, 0.000000000000000000, 0.000000000000000000 ) ) ;
#2195 = CARTESIAN_POINT ( 'NONE',  ( -0.3730055450000001049, -0.08269445400000002833, 4.000000000000001076E-09 ) ) ;
#2196 = EDGE_LOOP ( 'NONE', ( #101, #2231, #815, #2273 ) ) ;
#2197 = EDGE_CURVE ( 'NONE', #130, #1064, #1519, .T. ) ;
#2198 = CARTESIAN_POINT ( 'NONE',  ( -0.4512000000000009337, 0.05798725726534190161, 0.06011406564029544292 ) ) ;
#2199 = CARTESIAN_POINT ( 'NONE',  ( -0.4511999999999998234, 0.06602372023086404418, 0.04962884842750052428 ) ) ;
#2200 = CARTESIAN_POINT ( 'NONE',  ( -0.2477964679999999920, 0.04029408199999999496, -0.09727853400000004147 ) ) ;
#2201 = CARTESIAN_POINT ( 'NONE',  ( 0.000000000000000000, 0.04400000000000001826, 0.03000000000000000930 ) ) ;
#2202 = VERTEX_POINT ( 'NONE', #2542 ) ;
#2203 = CARTESIAN_POINT ( 'NONE',  ( -0.4476117316714335881, 0.08185025884025372289, -0.01045229442242849929 ) ) ;
#2204 = CARTESIAN_POINT ( 'NONE',  ( -0.4507851540525254497, 0.07085063153644922951, 0.04229013885176127058 ) ) ;
#2205 = CARTESIAN_POINT ( 'NONE',  ( 0.2042000000000000481, 0.03400000000000000938, -0.01000000000000000194 ) ) ;
#2206 = CARTESIAN_POINT ( 'NONE',  ( -0.4198805449999999939, 0.08269445599999999952, 0.03425316000000001165 ) ) ;
#2207 = CARTESIAN_POINT ( 'NONE',  ( -0.2492555450000000783, -0.05847380600000001705, 0.05847381200000002083 ) ) ;
#2208 = CARTESIAN_POINT ( 'NONE',  ( -0.4512000000000003230, -0.03158990571015272281, 0.08311365735565014179 ) ) ;
#2209 = CARTESIAN_POINT ( 'NONE',  ( 0.4495070866141730459, 0.03400000000000000938, 0.01000000000000000194 ) ) ;
#2210 = CARTESIAN_POINT ( 'NONE',  ( -0.4162763857700000902, 0.08254861223000005410, -0.03419275977000001132 ) ) ;
#2211 = EDGE_CURVE ( 'NONE', #1517, #2530, #439, .T. ) ;
#2212 = DIRECTION ( 'NONE',  ( 1.000000000000000000, -2.203103220696985783E-16, 0.000000000000000000 ) ) ;
#2213 = CARTESIAN_POINT ( 'NONE',  ( -0.4678000000000001046, 0.000000000000000000, 0.000000000000000000 ) ) ;
#2214 = EDGE_LOOP ( 'NONE', ( #1742, #764, #2553, #757, #1302, #307 ) ) ;
#2215 = CARTESIAN_POINT ( 'NONE',  ( -0.3509214680000001252, 5.000000000000000932E-09, 0.09727853200000004252 ) ) ;
#2216 = CARTESIAN_POINT ( 'NONE',  ( -0.4425805677884193101, 0.03417030877224428581, -0.08249443424021338234 ) ) ;
#2217 = DIRECTION ( 'NONE',  ( -1.000000000000000000, 4.139163626764034911E-16, 0.000000000000000000 ) ) ;
#2218 = CARTESIAN_POINT ( 'NONE',  ( -0.3186305450000000983, -0.03425316900000002773, -0.08269445300000004273 ) ) ;
#2219 = FILL_AREA_STYLE_COLOUR ( '', #2008 ) ;
#2220 = CARTESIAN_POINT ( 'NONE',  ( -0.4978000000000002423, -0.1550000000000000544, 1.898202538678398198E-17 ) ) ;
#2221 = CARTESIAN_POINT ( 'NONE',  ( -0.3223805450000001294, 0.03425316000000001165, -0.08269445599999999952 ) ) ;
#2222 = EDGE_CURVE ( 'NONE', #2398, #1312, #1906, .T. ) ;
#2223 = AXIS2_PLACEMENT_3D ( 'NONE', #1797, #1603, #2388 ) ;
#2224 = CARTESIAN_POINT ( 'NONE',  ( -0.2377999999999935721, 0.08260664296339464974, -0.003309275104178718147 ) ) ;
#2225 = VECTOR ( 'NONE', #1318, 39.37007874015748143 ) ;
#2226 = ORIENTED_EDGE ( 'NONE', *, *, #589, .F. ) ;
#2227 = CARTESIAN_POINT ( 'NONE',  ( -0.3490464679999999986, 0.04029409199999998969, 0.09727853000000004358 ) ) ;
#2228 = CARTESIAN_POINT ( 'NONE',  ( -0.4428297507156886414, 0.03549309699798802037, -0.07447889537018448358 ) ) ;
#2229 = DIRECTION ( 'NONE',  ( 0.000000000000000000, 0.000000000000000000, 1.000000000000000000 ) ) ;
#2230 = CARTESIAN_POINT ( 'NONE',  ( -0.3242555450000000339, 0.05847380600000001705, -0.05847381200000002083 ) ) ;
#2231 = ORIENTED_EDGE ( 'NONE', *, *, #142, .T. ) ;
#2232 = AXIS2_PLACEMENT_3D ( 'NONE', #539, #999, #1566 ) ;
#2233 = CARTESIAN_POINT ( 'NONE',  ( -0.2471750000000000058, -0.03417261500000002422, 0.08250000199999998896 ) ) ;
#2234 = CARTESIAN_POINT ( 'NONE',  ( -0.2378000000000000669, 1.163414459189986206E-17, 0.09500000000000004274 ) ) ;
#2235 =( LENGTH_UNIT ( ) NAMED_UNIT ( * ) SI_UNIT ( $, .METRE. ) );
#2236 = DIRECTION ( 'NONE',  ( 0.000000000000000000, 6.766571943681531936E-08, 0.9999999999999976685 ) ) ;
#2237 = CARTESIAN_POINT ( 'NONE',  ( -0.3523805449999999895, 0.03425316000000001165, -0.08269445599999999952 ) ) ;
#2238 = PRODUCT_DEFINITION_CONTEXT ( 'detailed design', #44, 'design' ) ;
#2239 = CARTESIAN_POINT ( 'NONE',  ( -0.2834214680000001207, 0.09727853200000004252, -5.000000000000000932E-09 ) ) ;
#2240 = CARTESIAN_POINT ( 'NONE',  ( -0.4511999999999998234, 0.06677588291066242909, 0.04847717801246557989 ) ) ;
#2241 = CARTESIAN_POINT ( 'NONE',  ( -0.3786305449999999295, -0.03425316900000002773, -0.08269445300000004273 ) ) ;
#2242 = VERTEX_POINT ( 'NONE', #1773 ) ;
#2243 = CARTESIAN_POINT ( 'NONE',  ( -0.3246714680000000741, -0.06878630600000003315, 0.06878631300000001558 ) ) ;
#2244 = CARTESIAN_POINT ( 'NONE',  ( -0.4432702555169521497, 0.04206754733766701615, -0.07096880625312186608 ) ) ;
#2245 = CARTESIAN_POINT ( 'NONE',  ( -0.4978000000000001313, -0.2955076910000000168, 0.1811082670000000450 ) ) ;
#2246 = DIRECTION ( 'NONE',  ( -1.000000000000000000, 0.000000000000000000, 0.000000000000000000 ) ) ;
#2247 = CARTESIAN_POINT ( 'NONE',  ( -0.3059214680000001407, -5.000000000000000932E-09, -0.09727853200000004252 ) ) ;
#2248 = CARTESIAN_POINT ( 'NONE',  ( -0.4512000000000000455, -0.08146731045447792863, -0.05316192319099717623 ) ) ;
#2249 = CARTESIAN_POINT ( 'NONE',  ( -0.4972599999999999798, 0.1325284074000000201, 0.08226336617000003237 ) ) ;
#2250 = DIRECTION ( 'NONE',  ( 0.000000000000000000, 0.000000000000000000, 1.000000000000000000 ) ) ;
#2251 = CARTESIAN_POINT ( 'NONE',  ( 0.2042000000000000481, -0.03400000000000000938, 0.01000000000000000194 ) ) ;
#2252 = CARTESIAN_POINT ( 'NONE',  ( -0.3130055450000000516, -0.08269445400000002833, 4.000000000000001076E-09 ) ) ;
#2253 = CARTESIAN_POINT ( 'NONE',  ( -0.4330055450000001027, -0.08269445400000002833, 4.000000000000001076E-09 ) ) ;
#2254 =( BOUNDED_SURFACE ( )  B_SPLINE_SURFACE ( 1, 2, ( 
 ( #398, #842, #1210, #1632, #1997, #1237, #1401 ),
 ( #1593, #1034, #1012, #11, #2026, #998, #1813 ),
 ( #626, #2216, #411, #2377, #172, #2400, #1787 ) ),
 .UNSPECIFIED., .F., .F., .F. ) 
 B_SPLINE_SURFACE_WITH_KNOTS ( ( 2, 1, 2 ),
 ( 3, 2, 2, 3 ),
 ( 0.000000000000000000, 1.000000000000000000, 1.028632786091373541 ),
 ( 0.000000000000000000, 0.1250000000000000000, 0.2500000000000000000, 0.3577376841119569995 ),
 .UNSPECIFIED. ) 
 GEOMETRIC_REPRESENTATION_ITEM ( )  RATIONAL_B_SPLINE_SURFACE ( (
 ( 1.000000000000000000, 0.9238795325112871826, 1.000000000000000000, 0.9238795325112871826, 1.000000000000000000, 0.9343916569539721939, 0.9818791689191740391),
 ( 1.000000000000000000, 0.9238795325112871826, 1.000000000000000000, 0.9238795325112871826, 1.000000000000000000, 0.9343916569539721939, 0.9818791689191740391),
 ( 1.000000000000000000, 0.9238795325112871826, 1.000000000000000000, 0.9238795325112871826, 1.000000000000000000, 0.9343916569539721939, 0.9818791689191740391) ) ) 
 REPRESENTATION_ITEM ( '' )  SURFACE ( )  );
#2255 = CARTESIAN_POINT ( 'NONE',  ( -0.2867555450000000561, -0.05847381200000002083, -0.05847380600000001705 ) ) ;
#2256 = EDGE_LOOP ( 'NONE', ( #1199, #1958 ) ) ;
#2257 = CARTESIAN_POINT ( 'NONE',  ( -0.3621714680000001074, -0.06878631300000001558, -0.06878630600000003315 ) ) ;
#2258 = CARTESIAN_POINT ( 'NONE',  ( -0.4435457768053479022, 0.04604722473077516032, -0.06845365654655341525 ) ) ;
#2259 = APPLICATION_PROTOCOL_DEFINITION ( 'draft international standard', 'automotive_design', 1998, #2318 ) ;
#2260 = EDGE_CURVE ( 'NONE', #1285, #2202, #2555, .T. ) ;
#2261 = CARTESIAN_POINT ( 'NONE',  ( -0.4348805450000001738, -0.08269445599999999952, -0.03425316000000001165 ) ) ;
#2262 = LINE ( 'NONE', #476, #1864 ) ;
#2263 = DIRECTION ( 'NONE',  ( -8.278327253528066863E-16, -1.000000000000000000, 0.000000000000000000 ) ) ;
#2264 = EDGE_CURVE ( 'NONE', #955, #934, #795, .T. ) ;
#2265 = LINE ( 'NONE', #479, #1767 ) ;
#2266 = CIRCLE ( 'NONE', #1027, 0.03000000000000000930 ) ;
#2267 = CARTESIAN_POINT ( 'NONE',  ( -0.4423805450296719455, 0.03425315998770957215, -0.08269445597032824835 ) ) ;
#2268 = CARTESIAN_POINT ( 'NONE',  ( -0.3842555450000000872, 0.05847380600000001705, -0.05847381200000002083 ) ) ;
#2269 = CARTESIAN_POINT ( 'NONE',  ( -0.2455055450000000472, 4.000000000000001076E-09, 0.08269445400000002833 ) ) ;
#2270 = CARTESIAN_POINT ( 'NONE',  ( -0.3209214680000001541, 5.000000000000000932E-09, 0.09727853200000004252 ) ) ;
#2271 = CARTESIAN_POINT ( 'NONE',  ( -0.4180055450000000894, 0.08269445400000002833, -4.000000000000001076E-09 ) ) ;
#2272 = CARTESIAN_POINT ( 'NONE',  ( -0.3917555450000000938, 0.05847381200000002083, 0.05847380600000001705 ) ) ;
#2273 = ORIENTED_EDGE ( 'NONE', *, *, #1512, .F. ) ;
#2274 = CARTESIAN_POINT ( 'NONE',  ( -0.4418768411151638986, 0.02038841502480296525, -0.07994099406922826334 ) ) ;
#2275 = MECHANICAL_DESIGN_GEOMETRIC_PRESENTATION_REPRESENTATION (  '', ( #2068 ), #312 ) ;
#2276 = CARTESIAN_POINT ( 'NONE',  ( -0.5518000000000000682, -0.03295642000000001404, -0.05416118900000002623 ) ) ;
#2277 = CARTESIAN_POINT ( 'NONE',  ( -0.3434214680000001740, 0.09727853200000004252, -5.000000000000000932E-09 ) ) ;
#2278 = DIRECTION ( 'NONE',  ( 0.000000000000000000, 1.000000000000000000, 0.000000000000000000 ) ) ;
#2279 = CARTESIAN_POINT ( 'NONE',  ( -0.4978000000000001313, 0.1315448450000000491, 0.08198142300000002547 ) ) ;
#2280 = AXIS2_PLACEMENT_3D ( 'NONE', #2525, #871, #2442 ) ;
#2281 = EDGE_CURVE ( 'NONE', #1816, #130, #2564, .T. ) ;
#2282 = CARTESIAN_POINT ( 'NONE',  ( -0.4511999998539124035, 0.06505513335673018815, 0.05105097844927095063 ) ) ;
#2283 = CYLINDRICAL_SURFACE ( 'NONE', #1822, 0.03000000000000000930 ) ;
#2284 = CARTESIAN_POINT ( 'NONE',  ( -0.3917555450000000938, 0.05847381200000002083, 0.05847380600000001705 ) ) ;
#2285 = CARTESIAN_POINT ( 'NONE',  ( -0.3809214680000001518, 5.000000000000000932E-09, 0.09727853200000004252 ) ) ;
#2286 = CARTESIAN_POINT ( 'NONE',  ( -0.4511999999999998789, 0.06666964799447901158, 0.04864249259348387561 ) ) ;
#2287 = EDGE_LOOP ( 'NONE', ( #141, #1933 ) ) ;
#2288 = CARTESIAN_POINT ( 'NONE',  ( -0.4425735335166842699, 0.03154856412659785836, -0.07622950938809683330 ) ) ;
#2289 = CARTESIAN_POINT ( 'NONE',  ( -0.2590464680000000852, 0.04029409199999998969, 0.09727853000000004358 ) ) ;
#2290 = DIRECTION ( 'NONE',  ( 1.000000000000000000, -2.203103220696985783E-16, 0.000000000000000000 ) ) ;
#2291 =( CONVERSION_BASED_UNIT ( 'INCH', #1890 ) LENGTH_UNIT ( ) NAMED_UNIT ( #781 ) );
#2292 = CARTESIAN_POINT ( 'NONE',  ( -0.3619013857700000836, 0.05837068699000002442, 0.05837068100000002147 ) ) ;
#2293 = CARTESIAN_POINT ( 'NONE',  ( -0.3898805450000001338, 0.08269445599999999952, 0.03425316000000001165 ) ) ;
#2294 = CARTESIAN_POINT ( 'NONE',  ( -0.4105055450000000827, -4.000000000000001076E-09, -0.08269445400000002833 ) ) ;
#2295 = EDGE_CURVE ( 'NONE', #409, #1102, #1448, .T. ) ;
#2296 = VERTEX_POINT ( 'NONE', #1174 ) ;
#2297 = CARTESIAN_POINT ( 'NONE',  ( -0.4437278203956414591, 0.04862018426901787427, -0.06665540922134824409 ) ) ;
#2298 = CARTESIAN_POINT ( 'NONE',  ( -0.3377964680000001274, 0.04029408199999999496, -0.09727853400000004147 ) ) ;
#2299 = CARTESIAN_POINT ( 'NONE',  ( -0.2886305450000000161, -0.03425316900000002773, -0.08269445300000004273 ) ) ;
#2300 = FACE_OUTER_BOUND ( 'NONE', #513, .T. ) ;
#2301 = EDGE_LOOP ( 'NONE', ( #1125, #1227 ) ) ;
#2302 = CARTESIAN_POINT ( 'NONE',  ( -0.3694013857700000347, -0.05837068100000002147, 0.05837068699000002442 ) ) ;
#2303 = CARTESIAN_POINT ( 'NONE',  ( -0.3302964680000001207, -0.09727853400000004147, -0.04029408199999999496 ) ) ;
#2304 = CARTESIAN_POINT ( 'NONE',  ( -0.4423805450000002359, 0.03425316000000001165, -0.08269445599999999952 ) ) ;
#2305 = ORIENTED_EDGE ( 'NONE', *, *, #404, .T. ) ;
#2306 = EDGE_CURVE ( 'NONE', #1631, #676, #1788, .T. ) ;
#2307 = CARTESIAN_POINT ( 'NONE',  ( -0.4446314659114881107, 0.06062439302896697330, -0.05597676984945444689 ) ) ;
#2308 = CARTESIAN_POINT ( 'NONE',  ( -0.2378000000000000669, 0.08249999989150845481, 9.008257533073364783E-11 ) ) ;
#2309 = ORIENTED_EDGE ( 'NONE', *, *, #2166, .T. ) ;
#2310 = CARTESIAN_POINT ( 'NONE',  ( -0.4491242770421172148, 0.08090102799057852234, 0.01618300127040848621 ) ) ;
#2311 = CARTESIAN_POINT ( 'NONE',  ( -0.5518000000000000682, 0.03295642000000001404, 0.05416118900000002623 ) ) ;
#2312 = VECTOR ( 'NONE', #883, 39.37007874015748143 ) ;
#2313 = CARTESIAN_POINT ( 'NONE',  ( -0.2378000000000000669, 0.000000000000000000, 0.000000000000000000 ) ) ;
#2314 = CARTESIAN_POINT ( 'NONE',  ( -0.4367555450000000783, -0.05847381200000002083, -0.05847380600000001705 ) ) ;
#2315 = CARTESIAN_POINT ( 'NONE',  ( -0.4427964679999999986, -0.04029408199999999496, 0.09727853400000004147 ) ) ;
#2316 = VECTOR ( 'NONE', #1839, 39.37007874015748143 ) ;
#2317 = CARTESIAN_POINT ( 'NONE',  ( -0.4386305449999999828, -0.03425316900000002773, -0.08269445300000004273 ) ) ;
#2318 = APPLICATION_CONTEXT ( 'automotive_design' ) ;
#2319 = ORIENTED_EDGE ( 'NONE', *, *, #1669, .T. ) ;
#2320 = CARTESIAN_POINT ( 'NONE',  ( -0.4442188838050217248, 0.05531419889323611894, -0.06120938980907686400 ) ) ;
#2321 = DIRECTION ( 'NONE',  ( 0.000000000000000000, 0.000000000000000000, 1.000000000000000000 ) ) ;
#2322 = CARTESIAN_POINT ( 'NONE',  ( -0.3884214680000001030, -0.09727853200000004252, 5.000000000000000932E-09 ) ) ;
#2323 = EDGE_CURVE ( 'NONE', #1399, #928, #961, .T. ) ;
#2324 = EDGE_LOOP ( 'NONE', ( #1774, #791, #1510, #1581 ) ) ;
#2325 = CARTESIAN_POINT ( 'NONE',  ( -0.2717555450000000428, 0.05847381200000002083, 0.05847380600000001705 ) ) ;
#2326 = DIRECTION ( 'NONE',  ( -1.000000000000000000, -0.000000000000000000, -0.000000000000000000 ) ) ;
#2327 = ORIENTED_EDGE ( 'NONE', *, *, #2166, .F. ) ;
#2328 = CARTESIAN_POINT ( 'NONE',  ( 0.4888771653543305118, -0.05400000000000001327, -0.01000000000000000194 ) ) ;
#2329 = CARTESIAN_POINT ( 'NONE',  ( -0.3412763857699999681, -0.08254861223000005410, 0.03419275977000001132 ) ) ;
#2330 = CARTESIAN_POINT ( 'NONE',  ( -0.3748805450000001205, -0.08269445599999998564, -0.03425316000000000471 ) ) ;
#2331 = CARTESIAN_POINT ( 'NONE',  ( -0.4259214680000001363, -5.000000000000000932E-09, -0.09727853200000004252 ) ) ;
#2332 = FACE_OUTER_BOUND ( 'NONE', #2287, .T. ) ;
#2333 = CARTESIAN_POINT ( 'NONE',  ( -0.4460417230336800043, 0.07426722679484352996, -0.03592532566593203969 ) ) ;
#2334 = CARTESIAN_POINT ( 'NONE',  ( -0.4052964680000001318, 0.09727853400000004147, 0.04029408199999999496 ) ) ;
#2335 = ORIENTED_EDGE ( 'NONE', *, *, #2485, .T. ) ;
#2336 = CARTESIAN_POINT ( 'NONE',  ( -0.2755055450000000739, 4.000000000000001076E-09, 0.08269445400000002833 ) ) ;
#2337 = CARTESIAN_POINT ( 'NONE',  ( -0.4488968604723148625, 0.08157529280078992806, 0.01231753240163791820 ) ) ;
#2338 = DIRECTION ( 'NONE',  ( -1.000000000000000000, 4.139163626764034911E-16, 0.000000000000000000 ) ) ;
#2339 =( BOUNDED_SURFACE ( )  B_SPLINE_SURFACE ( 3, 1, ( 
 ( #1885, #2082, #1458 ),
 ( #284, #686, #1473 ),
 ( #1486, #2480, #906 ),
 ( #59, #2140, #2276 ),
 ( #1697, #2245, #1896 ),
 ( #547, #703, #2053 ),
 ( #1498, #459, #755 ) ),
 .UNSPECIFIED., .F., .F., .T. ) 
 B_SPLINE_SURFACE_WITH_KNOTS ( ( 4, 3, 4 ),
 ( 2, 1, 2 ),
 ( 0.4999788332910001243, 0.5000000000000000000, 1.000000000000000000 ),
 ( -0.01000000000000000021, 0.000000000000000000, 1.000000000000000000 ),
 .UNSPECIFIED. ) 
 GEOMETRIC_REPRESENTATION_ITEM ( )  RATIONAL_B_SPLINE_SURFACE ( (
 ( 0.9999153367482359611, 0.9999153367482359611, 0.9999153367482359611),
 ( 0.9999435566374120787, 0.9999435566374120787, 0.9999435566374120787),
 ( 0.9999717777213329439, 0.9999717777213329439, 0.9999717777213329439),
 ( 1.000000000000000000, 1.000000000000000000, 1.000000000000000000),
 ( 0.3333333333333330373, 0.3333333333333330373, 0.3333333333333340365),
 ( 0.3333333333333330373, 0.3333333333333330373, 0.3333333333333340365),
 ( 1.000000000000000000, 1.000000000000000000, 1.000000000000000000) ) ) 
 REPRESENTATION_ITEM ( '' )  SURFACE ( )  );
#2340 = CARTESIAN_POINT ( 'NONE',  ( 0.4888771653543305118, -0.03400000000000000938, 0.01000000000000000194 ) ) ;
#2341 = CARTESIAN_POINT ( 'NONE',  ( -0.3490464679999999986, 0.04029409199999998276, 0.09727853000000004358 ) ) ;
#2342 = CARTESIAN_POINT ( 'NONE',  ( 0.2042000000000000481, 0.05399999999969001124, -0.009999999999070002810 ) ) ;
#2343 = CARTESIAN_POINT ( 'NONE',  ( -0.3525263857700000614, 0.03419275078000002382, -0.08254861522000001006 ) ) ;
#2344 = CARTESIAN_POINT ( 'NONE',  ( -0.3017555450000000694, 0.05847381200000002083, 0.05847380600000001705 ) ) ;
#2345 = CARTESIAN_POINT ( 'NONE',  ( -0.4334214680000001430, 0.09727853200000004252, -5.000000000000000932E-09 ) ) ;
#2346 = CARTESIAN_POINT ( 'NONE',  ( -0.3075263857700001324, -0.03419275078000002382, 0.08254861522000001006 ) ) ;
#2347 = AXIS2_PLACEMENT_3D ( 'NONE', #1530, #2131, #296 ) ;
#2348 = LINE ( 'NONE', #1615, #564 ) ;
#2349 = CARTESIAN_POINT ( 'NONE',  ( -0.4449862175765440520, 0.06470722385322601189, -0.05120244517328519096 ) ) ;
#2350 = CARTESIAN_POINT ( 'NONE',  ( -0.3696714680000000586, 0.06878630600000003315, -0.06878631300000001558 ) ) ;
#2351 = ORIENTED_EDGE ( 'NONE', *, *, #2561, .T. ) ;
#2352 = CARTESIAN_POINT ( 'NONE',  ( -0.4465464679999999742, -0.09727853000000004358, 0.04029409199999998969 ) ) ;
#2353 = CARTESIAN_POINT ( 'NONE',  ( -0.4499107773130172072, 0.07724923447311787816, 0.02900466206016555359 ) ) ;
#2354 = CARTESIAN_POINT ( 'NONE',  ( -0.4978000000000001313, 0.2955076910000000168, -0.1811082670000000450 ) ) ;
#2355 = ORIENTED_EDGE ( 'NONE', *, *, #420, .T. ) ;
#2356 = CARTESIAN_POINT ( 'NONE',  ( -0.4109214680000000675, 5.000000000000000932E-09, 0.09727853200000004252 ) ) ;
#2357 = CARTESIAN_POINT ( 'NONE',  ( -0.3092555450000000761, -0.05847380600000001705, 0.05847381200000002083 ) ) ;
#2358 = EDGE_CURVE ( 'NONE', #707, #503, #1544, .T. ) ;
#2359 = COLOUR_RGB ( '',0.7921568627450980005, 0.8196078431372548767, 0.9333333333333333481 ) ;
#2360 = CARTESIAN_POINT ( 'NONE',  ( -0.4050263857700001080, -0.08254861522000001006, -0.03419275078000002382 ) ) ;
#2361 = EDGE_CURVE ( 'NONE', #1322, #840, #1789, .T. ) ;
#2362 = DIRECTION ( 'NONE',  ( 0.000000000000000000, 0.000000000000000000, 1.000000000000000000 ) ) ;
#2363 = CARTESIAN_POINT ( 'NONE',  ( -0.4259214680000001363, -5.000000000000000932E-09, -0.09727853200000004252 ) ) ;
#2364 = EDGE_LOOP ( 'NONE', ( #2453, #1440, #1904, #1695, #1961, #984, #351 ) ) ;
#2365 = CARTESIAN_POINT ( 'NONE',  ( -0.4469259944607975044, 0.07953099237175796643, -0.02198945365554528034 ) ) ;
#2366 = CARTESIAN_POINT ( 'NONE',  ( -0.4482107660699892193, 0.08250000000000035083, 0.0001962119580556049105 ) ) ;
#2367 = CARTESIAN_POINT ( 'NONE',  ( -0.2594103945873520445, -0.01621341919139574969, -0.08249999923538396673 ) ) ;
#2368 = SURFACE_SIDE_STYLE ('',( #1752 ) ) ;
#2369 = CARTESIAN_POINT ( 'NONE',  ( -0.4146714680000000985, -0.06878630600000003315, 0.06878631300000001558 ) ) ;
#2370 = CARTESIAN_POINT ( 'NONE',  ( -0.2998805450000001094, 0.08269445599999998564, 0.03425316000000000471 ) ) ;
#2371 = EDGE_CURVE ( 'NONE', #1312, #2398, #526, .T. ) ;
#2372 = CARTESIAN_POINT ( 'NONE',  ( -0.3000263857700001813, 0.08254861522000001006, 0.03419275078000002382 ) ) ;
#2373 = CARTESIAN_POINT ( 'NONE',  ( -0.2459214680000000597, -5.000000000000000932E-09, -0.09727853200000004252 ) ) ;
#2374 = CARTESIAN_POINT ( 'NONE',  ( -0.1178000000000000436, 1.163414459189986206E-17, 0.09500000000000004274 ) ) ;
#2375 = ORIENTED_EDGE ( 'NONE', *, *, #1202, .T. ) ;
#2376 = DIRECTION ( 'NONE',  ( -1.000000000000000000, -0.000000000000000000, -0.000000000000000000 ) ) ;
#2377 = CARTESIAN_POINT ( 'NONE',  ( -0.4463305677884195077, 0.08249443021158059386, -0.03417031674361150489 ) ) ;
#2378 = CARTESIAN_POINT ( 'NONE',  ( -0.2378000000000001501, 0.06594804135617655938, -0.05493238603940032300 ) ) ;
#2379 = CARTESIAN_POINT ( 'NONE',  ( -0.3448805450000000383, -0.08269445599999999952, -0.03425316000000001165 ) ) ;
#2380 =( LENGTH_UNIT ( ) NAMED_UNIT ( * ) SI_UNIT ( $, .METRE. ) );
#2381 = B_SPLINE_CURVE_WITH_KNOTS ( 'NONE', 3,
 ( #1638, #645, #202, #1988, #1610, #821, #416, #218, #2446, #2417 ),
 .UNSPECIFIED., .F., .F.,
 ( 4, 2, 2, 2, 4 ),
 ( 3.584249905518862555E-13, 0.0005964902601979575570, 0.001192980520037490236, 0.001789470779877022806, 0.002385961039716555376 ),
 .UNSPECIFIED. ) ;
#2382 = DIRECTION ( 'NONE',  ( 0.000000000000000000, 1.000000000000000000, 0.000000000000000000 ) ) ;
#2383 = CARTESIAN_POINT ( 'NONE',  ( -0.4369013857700000947, -0.05837068699000002442, -0.05837068100000002147 ) ) ;
#2384 = CARTESIAN_POINT ( 'NONE',  ( -0.2756513857700000347, 3.990000000000001318E-09, 0.08254861322000003887 ) ) ;
#2385 = DIRECTION ( 'NONE',  ( 0.000000000000000000, 0.000000000000000000, 1.000000000000000000 ) ) ;
#2386 = CARTESIAN_POINT ( 'NONE',  ( -0.2377999999999999281, 0.08253911696022993294, -0.0008272563043640929117 ) ) ;
#2387 = ORIENTED_EDGE ( 'NONE', *, *, #1825, .T. ) ;
#2388 = DIRECTION ( 'NONE',  ( 0.000000000000000000, -0.000000000000000000, -1.000000000000000000 ) ) ;
#2389 = CARTESIAN_POINT ( 'NONE',  ( -0.4414193284952486751, 0.01270401903220059331, -0.08151977550155502239 ) ) ;
#2390 = CARTESIAN_POINT ( 'NONE',  ( 0.2042000000000000481, 0.03400000000062000649, 0.009999999999070002810 ) ) ;
#2391 = CARTESIAN_POINT ( 'NONE',  ( -0.4161305450000001294, 0.08269445300000004273, -0.03425316900000002773 ) ) ;
#2392 = CARTESIAN_POINT ( 'NONE',  ( -0.2379036699295009327, 0.08269445394566667107, -0.001861093919568959035 ) ) ;
#2393 = CARTESIAN_POINT ( 'NONE',  ( -0.3975263857700001013, -0.03419275078000002382, 0.08254861522000001006 ) ) ;
#2394 = CARTESIAN_POINT ( 'NONE',  ( -0.3673805450000001693, -0.03425316000000001165, 0.08269445599999999952 ) ) ;
#2395 = AXIS2_PLACEMENT_3D ( 'NONE', #1131, #331, #1140 ) ;
#2396 = CARTESIAN_POINT ( 'NONE',  ( 0.4495070866141730459, 0.03400000000062000649, -0.01000000000000000194 ) ) ;
#2397 = CARTESIAN_POINT ( 'NONE',  ( -0.2377999999999928782, 0.08258465220035965393, -0.002172270811438040041 ) ) ;
#2398 = VERTEX_POINT ( 'NONE', #1830 ) ;
#2399 = PLANE ( 'NONE',  #2223 ) ;
#2400 = CARTESIAN_POINT ( 'NONE',  ( -0.4498034517597867543, 0.08249443321158062004, 0.02912010258829711776 ) ) ;
#2401 = DIRECTION ( 'NONE',  ( 0.000000000000000000, 0.000000000000000000, -1.000000000000000000 ) ) ;
#2402 = CARTESIAN_POINT ( 'NONE',  ( -0.3786305449999998740, -0.03425316900000002773, -0.08269445300000004273 ) ) ;
#2403 = CARTESIAN_POINT ( 'NONE',  ( -0.2698805450000000827, 0.08269445599999999952, 0.03425316000000001165 ) ) ;
#2404 = CARTESIAN_POINT ( 'NONE',  ( -0.4512000000000001565, 0.03014044546813959141, 0.07998731715626970773 ) ) ;
#2405 = EDGE_CURVE ( 'NONE', #1874, #1322, #158, .T. ) ;
#2406 = CARTESIAN_POINT ( 'NONE',  ( -0.4168000000000001704, 0.08250000000000003164, 1.010333609296566778E-17 ) ) ;
#2407 = CARTESIAN_POINT ( 'NONE',  ( -0.3919013857700000547, 0.05837068699000002442, 0.05837068100000002147 ) ) ;
#2408 = CARTESIAN_POINT ( 'NONE',  ( -0.3486305450000001249, -0.03425316900000002773, -0.08269445300000004273 ) ) ;
#2409 = CARTESIAN_POINT ( 'NONE',  ( -0.4512000000000000455, -4.919020731432184217E-09, -0.09281183497249478886 ) ) ;
#2410 = FACE_OUTER_BOUND ( 'NONE', #2043, .T. ) ;
#2411 = ORIENTED_EDGE ( 'NONE', *, *, #374, .T. ) ;
#2412 = CARTESIAN_POINT ( 'NONE',  ( -0.4470644325374083516, 0.08011520806807410910, -0.01970835522653340693 ) ) ;
#2413 = FACE_OUTER_BOUND ( 'NONE', #1703, .T. ) ;
#2414 = CARTESIAN_POINT ( 'NONE',  ( -0.2378000000000000669, 0.000000000000000000, 0.000000000000000000 ) ) ;
#2415 = CARTESIAN_POINT ( 'NONE',  ( -0.3805055450000001116, -4.000000000000001076E-09, -0.08269445400000002833 ) ) ;
#2416 = CARTESIAN_POINT ( 'NONE',  ( -0.2376755209556540294, 0.08247883284195581255, -0.006042340383638291484 ) ) ;
#2417 = CARTESIAN_POINT ( 'NONE',  ( -0.4512000000000000455, -4.919020731432184217E-09, -0.09281183497249478886 ) ) ;
#2418 = CARTESIAN_POINT ( 'NONE',  ( -0.2380055450000000405, 0.08269445400000002833, -4.000000000000001076E-09 ) ) ;
#2419 = EDGE_CURVE ( 'NONE', #1366, #2539, #1387, .T. ) ;
#2420 = CARTESIAN_POINT ( 'NONE',  ( -0.2374585360443461635, 0.08227410515804427227, -0.006027341616361718037 ) ) ;
#2421 = CARTESIAN_POINT ( 'NONE',  ( -0.2702964680000000119, -0.09727853400000004147, -0.04029408199999999496 ) ) ;
#2422 = DIRECTION ( 'NONE',  ( -1.000000000000000000, -0.000000000000000000, -0.000000000000000000 ) ) ;
#2423 = CARTESIAN_POINT ( 'NONE',  ( -0.2378000000000000669, 0.08256983999240193051, -0.001654870923905026828 ) ) ;
#2424 = ORIENTED_EDGE ( 'NONE', *, *, #2543, .F. ) ;
#2425 = CARTESIAN_POINT ( 'NONE',  ( -0.2777964680000000741, 0.04029408199999999496, -0.09727853400000004147 ) ) ;
#2426 = CARTESIAN_POINT ( 'NONE',  ( -0.4427366226547552186, 0.03406881321419413799, -0.07513800562780649506 ) ) ;
#2427 = CARTESIAN_POINT ( 'NONE',  ( -0.2377999999999992342, 0.05100814155803890665, -0.07102559198933311446 ) ) ;
#2428 = PRESENTATION_LAYER_ASSIGNMENT (  '', '', ( #343 ) ) ;
#2429 = CARTESIAN_POINT ( 'NONE',  ( -0.4011305449999998940, -0.08269445300000004273, 0.03425316900000002773 ) ) ;
#2430 = ORIENTED_EDGE ( 'NONE', *, *, #826, .F. ) ;
#2431 = CARTESIAN_POINT ( 'NONE',  ( -0.2567555450000000294, -0.05847381200000002083, -0.05847380600000001705 ) ) ;
#2432 = CARTESIAN_POINT ( 'NONE',  ( -0.4512000000000007671, 0.04966579570852092118, 0.06794192749169984669 ) ) ;
#2433 = FACE_BOUND ( 'NONE', #1836, .T. ) ;
#2434 = CARTESIAN_POINT ( 'NONE',  ( -0.4650263857699999948, -0.08254861522000001006, -0.03419275078000002382 ) ) ;
#2435 = CARTESIAN_POINT ( 'NONE',  ( -0.3430055450000000783, -0.08269445400000002833, 4.000000000000001076E-09 ) ) ;
#2436 = EDGE_CURVE ( 'NONE', #1064, #2097, #1204, .T. ) ;
#2437 = CARTESIAN_POINT ( 'NONE',  ( -0.3711305449999999229, -0.08269445300000004273, 0.03425316900000002773 ) ) ;
#2438 = VECTOR ( 'NONE', #1925, 39.37007874015748854 ) ;
#2439 = VERTEX_POINT ( 'NONE', #2014 ) ;
#2440 = CARTESIAN_POINT ( 'NONE',  ( -0.3040464680000000142, -0.04029409199999998969, -0.09727853000000004358 ) ) ;
#2441 = CARTESIAN_POINT ( 'NONE',  ( -0.4427599095055316236, 0.03442576206211085676, -0.07497513474837104452 ) ) ;
#2442 = DIRECTION ( 'NONE',  ( 1.000000000000000000, 0.000000000000000000, 0.000000000000000000 ) ) ;
#2443 = CIRCLE ( 'NONE', #223, 0.05900000000000001771 ) ;
#2444 = CARTESIAN_POINT ( 'NONE',  ( -0.3152964679999999964, 0.09727853400000004147, 0.04029408199999999496 ) ) ;
#2445 = VECTOR ( 'NONE', #2517, 39.37007874015748143 ) ;
#2446 = CARTESIAN_POINT ( 'NONE',  ( -0.4512000000000000455, -0.007936829879062854906, -0.09317804430947487782 ) ) ;
#2447 = CARTESIAN_POINT ( 'NONE',  ( -0.2492555450000000783, -0.05847380600000001705, 0.05847381200000002083 ) ) ;
#2448 = CARTESIAN_POINT ( 'NONE',  ( -0.4495696099910030941, 0.08269445563866421878, 0.02857288859088623692 ) ) ;
#2449 = LINE ( 'NONE', #2251, #1444 ) ;
#2450 = CARTESIAN_POINT ( 'NONE',  ( -0.3298805449999999695, 0.08269445599999999952, 0.03425316000000001165 ) ) ;
#2451 = DIRECTION ( 'NONE',  ( 1.000000000000000000, -2.203103220696986029E-16, 0.000000000000000000 ) ) ;
#2452 = CARTESIAN_POINT ( 'NONE',  ( -0.4086305450000000672, -0.03425316900000002773, -0.08269445300000004273 ) ) ;
#2453 = ORIENTED_EDGE ( 'NONE', *, *, #1763, .T. ) ;
#2454 = CARTESIAN_POINT ( 'NONE',  ( -0.2665464679999999809, -0.09727853000000004358, 0.04029409199999998969 ) ) ;
#2455 = ADVANCED_FACE ( 'NONE', ( #857 ), #1197, .F. ) ;
#2456 = CARTESIAN_POINT ( 'NONE',  ( -0.4421778135682993272, 0.02529013298318190384, -0.07853199966225342388 ) ) ;
#2457 = DIRECTION ( 'NONE',  ( 0.000000000000000000, 0.000000000000000000, -1.000000000000000000 ) ) ;
#2458 =( BOUNDED_SURFACE ( )  B_SPLINE_SURFACE ( 1, 2, ( 
 ( #536, #1335, #2130, #337, #1543, #1349, #348, #324, #2269, #63, #75, #278, #2476, #696, #495, #2090, #1893, #1871, #1680, #2464, #833, #2403, #1405, #1802, #402, #1215, #2002, #1201, #1421, #670, #2255, #1469, #471, #1072, #255, #1861, #55, #1856, #1226, #592, #1198, #1851, #413, #844, #1431, #1, #1634, #2218, #2183, #1986, #2230, #1239, #390, #602, #1063, #1841, #2015, #1036, #215, #2040, #1253, #2379, #1831, #13, #1212, #187, #1388, #428, #1607, #1014, #1418, #1404, #859, #2028, #45, #1443, #2195, #1800, #616, #2402, #2415, #400, #628, #231, #1595, #1999, #200, #29, #1048, #1647, #2582, #2429, #642, #446, #245, #1024, #830, #1815, #819, #2391, #1622, #2206, #688, #310, #2493, #1675, #1124, #1110, #83, #2261, #908, #2459, #1076 ),
 ( #1263, #890, #1101, #489, #1275, #1709, #1289, #2289, #706, #1865, #675, #1909, #2084, #2055, #1699, #259, #718, #1499, #70, #2071, #1487, #500, #1663, #899, #286, #1897, #60, #1301, #461, #873, #1475, #2096, #2247, #1686, #475, #1886, #2481, #2444, #1459, #273, #297, #2107, #1088, #923, #2469, #1507, #662, #90, #1877, #2298, #509, #1311, #2277, #2552, #1360, #958, #144, #1325, #2157, #935, #110, #1180, #1575, #1562, #2541, #772, #2350, #2502, #948, #1719, #563, #363, #971, #156, #729, #1760, #2322, #1920, #537, #1171, #1956, #349, #521, #1729, #1161, #2334, #1336, #983, #551, #1770, #786, #1136, #2514, #100, #1350, #2120, #2363, #325, #577, #1373, #1932, #2132, #2528, #2167, #1516, #128, #759, #1947, #745, #1747, #1531, #338, #1148 ) ),
 .UNSPECIFIED., .F., .F., .F. ) 
 B_SPLINE_SURFACE_WITH_KNOTS ( ( 2, 2 ),
 ( 3, 2, 2, 2, 2, 2, 2, 2, 2, 2, 2, 2, 2, 2, 2, 2, 2, 2, 2, 2, 2, 2, 2, 2, 2, 2, 2, 2, 2, 2, 2, 2, 2, 2, 2, 2, 2, 2, 2, 2, 2, 2, 2, 2, 2, 2, 2, 2, 2, 2, 2, 2, 2, 2, 2, 2, 3 ),
 ( 0.000000000000000000, 1.000000000000000000 ),
 ( 0.000000000000000000, 0.01785714285714290125, 0.03571428571428570536, 0.05357142857142861009, 0.07142857142857142461, 0.08928571428571434321, 0.1071428571428569981, 0.1250000000000000000, 0.1428571428571430435, 0.1607142857142860592, 0.1785714285714290472, 0.1964285714285710083, 0.2142857142857139963, 0.2321428571428570120, 0.2500000000000000000, 0.2678571428571430157, 0.2857142857142860870, 0.3035714285714289917, 0.3214285714285711193, 0.3392857142857140795, 0.3571428571428570953, 0.3750000000000000555, 0.3928571428571430713, 0.4107142857142860870, 0.4285714285714289917, 0.4464285714285711193, 0.4642857142857140240, 0.4821428571428570953, 0.5000000000000000000, 0.5178571428571429047, 0.5357142857142859205, 0.5535714285714280480, 0.5714285714285711748, 0.5892857142857140795, 0.6071428571428570953, 0.6250000000000001110, 0.6428571428571430157, 0.6607142857142860315, 0.6785714285714281591, 0.6964285714285712858, 0.7142857142857140795, 0.7321428571428570953, 0.7500000000000001110, 0.7678571428571430157, 0.7857142857142859205, 0.8035714285714280480, 0.8214285714285711748, 0.8392857142857140795, 0.8571428571428570953, 0.8750000000000001110, 0.8928571428571430157, 0.9107142857142859205, 0.9285714285714280480, 0.9464285714285711748, 0.9642857142857140795, 0.9821428571428569843, 1.000000000000000000 ),
 .UNSPECIFIED. ) 
 GEOMETRIC_REPRESENTATION_ITEM ( )  RATIONAL_B_SPLINE_SURFACE ( (
 ( 1.000000000000000000, 0.9238795325112871826, 1.000000000000000000, 0.9238795325112871826, 1.000000000000000000, 0.9238795325112871826, 1.000000000000000000, 0.9238795325112871826, 1.000000000000000000, 0.9238795325112871826, 1.000000000000000000, 0.9238795325112871826, 1.000000000000000000, 0.9238795325112871826, 1.000000000000000000, 0.9238795325112871826, 1.000000000000000000, 0.9238795325112871826, 1.000000000000000000, 0.9238795325112871826, 1.000000000000000000, 0.9238795325112871826, 1.000000000000000000, 0.9238795325112871826, 1.000000000000000000, 0.9238795325112871826, 1.000000000000000000, 0.9238795325112871826, 1.000000000000000000, 0.9238795325112871826, 1.000000000000000000, 0.9238795325112871826, 1.000000000000000000, 0.9238795325112871826, 1.000000000000000000, 0.9238795325112871826, 1.000000000000000000, 0.9238795325112871826, 1.000000000000000000, 0.9238795325112871826, 1.000000000000000000, 0.9238795325112871826, 1.000000000000000000, 0.9238795325112871826, 1.000000000000000000, 0.9238795325112871826, 1.000000000000000000, 0.9238795325112871826, 1.000000000000000000, 0.9238795325112871826, 1.000000000000000000, 0.9238795325112871826, 1.000000000000000000, 0.9238795325112871826, 1.000000000000000000, 0.9238795325112871826, 1.000000000000000000, 0.9238795325112871826, 1.000000000000000000, 0.9238795325112871826, 1.000000000000000000, 0.9238795325112871826, 1.000000000000000000, 0.9238795325112871826, 1.000000000000000000, 0.9238795325112871826, 1.000000000000000000, 0.9238795325112871826, 1.000000000000000000, 0.9238795325112871826, 1.000000000000000000, 0.9238795325112871826, 1.000000000000000000, 0.9238795325112871826, 1.000000000000000000, 0.9238795325112871826, 1.000000000000000000, 0.9238795325112871826, 1.000000000000000000, 0.9238795325112871826, 1.000000000000000000, 0.9238795325112871826, 1.000000000000000000, 0.9238795325112871826, 1.000000000000000000, 0.9238795325112871826, 1.000000000000000000, 0.9238795325112871826, 1.000000000000000000, 0.9238795325112871826, 1.000000000000000000, 0.9238795325112871826, 1.000000000000000000, 0.9238795325112871826, 1.000000000000000000, 0.9238795325112871826, 1.000000000000000000, 0.9238795325112871826, 1.000000000000000000, 0.9238795325112871826, 1.000000000000000000, 0.9238795325112871826, 1.000000000000000000, 0.9238795325112871826, 1.000000000000000000, 0.9238795325112871826, 1.000000000000000000, 0.9238795325112871826, 1.000000000000000000, 0.9238795325112871826, 1.000000000000000000, 0.9238795325112871826, 1.000000000000000000),
 ( 1.000000000000000000, 0.9238795325112871826, 1.000000000000000000, 0.9238795325112871826, 1.000000000000000000, 0.9238795325112871826, 1.000000000000000000, 0.9238795325112871826, 1.000000000000000000, 0.9238795325112871826, 1.000000000000000000, 0.9238795325112871826, 1.000000000000000000, 0.9238795325112871826, 1.000000000000000000, 0.9238795325112871826, 1.000000000000000000, 0.9238795325112871826, 1.000000000000000000, 0.9238795325112871826, 1.000000000000000000, 0.9238795325112871826, 1.000000000000000000, 0.9238795325112871826, 1.000000000000000000, 0.9238795325112871826, 1.000000000000000000, 0.9238795325112871826, 1.000000000000000000, 0.9238795325112871826, 1.000000000000000000, 0.9238795325112871826, 1.000000000000000000, 0.9238795325112871826, 1.000000000000000000, 0.9238795325112871826, 1.000000000000000000, 0.9238795325112871826, 1.000000000000000000, 0.9238795325112871826, 1.000000000000000000, 0.9238795325112871826, 1.000000000000000000, 0.9238795325112871826, 1.000000000000000000, 0.9238795325112871826, 1.000000000000000000, 0.9238795325112871826, 1.000000000000000000, 0.9238795325112871826, 1.000000000000000000, 0.9238795325112871826, 1.000000000000000000, 0.9238795325112871826, 1.000000000000000000, 0.9238795325112871826, 1.000000000000000000, 0.9238795325112871826, 1.000000000000000000, 0.9238795325112871826, 1.000000000000000000, 0.9238795325112871826, 1.000000000000000000, 0.9238795325112871826, 1.000000000000000000, 0.9238795325112871826, 1.000000000000000000, 0.9238795325112871826, 1.000000000000000000, 0.9238795325112871826, 1.000000000000000000, 0.9238795325112871826, 1.000000000000000000, 0.9238795325112871826, 1.000000000000000000, 0.9238795325112871826, 1.000000000000000000, 0.9238795325112871826, 1.000000000000000000, 0.9238795325112871826, 1.000000000000000000, 0.9238795325112871826, 1.000000000000000000, 0.9238795325112871826, 1.000000000000000000, 0.9238795325112871826, 1.000000000000000000, 0.9238795325112871826, 1.000000000000000000, 0.9238795325112871826, 1.000000000000000000, 0.9238795325112871826, 1.000000000000000000, 0.9238795325112871826, 1.000000000000000000, 0.9238795325112871826, 1.000000000000000000, 0.9238795325112871826, 1.000000000000000000, 0.9238795325112871826, 1.000000000000000000, 0.9238795325112871826, 1.000000000000000000, 0.9238795325112871826, 1.000000000000000000, 0.9238795325112871826, 1.000000000000000000, 0.9238795325112871826, 1.000000000000000000, 0.9238795325112871826, 1.000000000000000000, 0.9238795325112871826, 1.000000000000000000) ) ) 
 REPRESENTATION_ITEM ( '' )  SURFACE ( )  );
#2459 = CARTESIAN_POINT ( 'NONE',  ( -0.4386305449999999828, -0.03425316900000002773, -0.08269445300000004273 ) ) ;
#2460 = CARTESIAN_POINT ( 'NONE',  ( -0.4409214680000001496, 5.000000000000000932E-09, 0.09727853200000004252 ) ) ;
#2461 = DIRECTION ( 'NONE',  ( -1.000000000000000000, 0.000000000000000000, -0.000000000000000000 ) ) ;
#2462 = DIRECTION ( 'NONE',  ( 0.4663211919900948632, 0.8513679968838384626, 0.2402437923920977825 ) ) ;
#2463 = CARTESIAN_POINT ( 'NONE',  ( -0.4594013857700000591, -0.05837068100000002147, 0.05837068699000002442 ) ) ;
#2464 = CARTESIAN_POINT ( 'NONE',  ( -0.2661305450000000516, 0.08269445300000004273, -0.03425316900000002773 ) ) ;
#2465 = CARTESIAN_POINT ( 'NONE',  ( -0.3730055450000001049, -0.08269445400000002833, 4.000000000000001076E-09 ) ) ;
#2466 = ORIENTED_EDGE ( 'NONE', *, *, #2222, .T. ) ;
#2467 = CARTESIAN_POINT ( 'NONE',  ( -0.3152964679999999964, 0.09727853400000004147, 0.04029408199999999496 ) ) ;
#2468 = CARTESIAN_POINT ( 'NONE',  ( -0.4420850003639273385, 0.02379049377061273965, -0.07899533154655692668 ) ) ;
#2469 = CARTESIAN_POINT ( 'NONE',  ( -0.3284214680000001607, -0.09727853200000004252, 5.000000000000000932E-09 ) ) ;
#2470 = ADVANCED_FACE ( 'NONE', ( #186, #2027 ), #1606, .T. ) ;
#2471 = CARTESIAN_POINT ( 'NONE',  ( -0.4972600000000002574, 0.1325260855500000889, 0.08226710599000004731 ) ) ;
#2472 = VECTOR ( 'NONE', #2004, 39.37007874015748143 ) ;
#2473 = SURFACE_STYLE_USAGE ( .BOTH. , #2044 ) ;
#2474 = CARTESIAN_POINT ( 'NONE',  ( -0.4612763857699999637, -0.08254861223000005410, 0.03419275977000001132 ) ) ;
#2475 = CARTESIAN_POINT ( 'NONE',  ( -0.3805055450000001116, -4.000000000000001076E-09, -0.08269445400000002833 ) ) ;
#2476 = CARTESIAN_POINT ( 'NONE',  ( -0.2530055450000000539, -0.08269445400000002833, 4.000000000000001076E-09 ) ) ;
#2477 = CARTESIAN_POINT ( 'NONE',  ( -0.3546714680000001008, -0.06878630600000003315, 0.06878631300000001558 ) ) ;
#2478 = EDGE_LOOP ( 'NONE', ( #1249, #2375, #740, #451 ) ) ;
#2479 = CARTESIAN_POINT ( 'NONE',  ( -0.4432241215451716010, 0.04139248498454971975, -0.07136895695305546516 ) ) ;
#2480 = CARTESIAN_POINT ( 'NONE',  ( -0.4978000000000000203, -0.1315425310000000181, -0.08198513599999998624 ) ) ;
#2481 = CARTESIAN_POINT ( 'NONE',  ( -0.3134214680000000919, 0.09727853200000004252, -5.000000000000000932E-09 ) ) ;
#2482 = PRESENTATION_LAYER_ASSIGNMENT (  '', '', ( #1978 ) ) ;
#2483 = CARTESIAN_POINT ( 'NONE',  ( -0.4497677676529719393, -0.09727853343605301351, -0.02893221651728866695 ) ) ;
#2484 = PRODUCT_DEFINITION_FORMATION_WITH_SPECIFIED_SOURCE ( 'ANY', '', #1398, .NOT_KNOWN. ) ;
#2485 = EDGE_CURVE ( 'NONE', #676, #1631, #138, .T. ) ;
#2486 = DIRECTION ( 'NONE',  ( -1.000000000000000000, 4.139163626764034911E-16, 0.000000000000000000 ) ) ;
#2487 = B_SPLINE_CURVE_WITH_KNOTS ( 'NONE', 3,
 ( #866, #1656, #655, #2240, #1070, #2286, #1706, #1740, #1505, #1716, #944, #739, #1977, #2199, #2538, #981, #574, #445, #1288, #28, #872, #2039, #674, #82, #499 ),
 .UNSPECIFIED., .F., .F.,
 ( 4, 3, 3, 3, 3, 3, 3, 3, 4 ),
 ( 1.084786793415915647E-13, 7.486884884304984442E-06, 1.497376976818599840E-05, 2.994768728488915975E-05, 3.743457216798783544E-05, 5.240848967352510016E-05, 5.989537455581712267E-05, 7.301293481382691779E-05, 8.613102480462041331E-05 ),
 .UNSPECIFIED. ) ;
#2488 = ORIENTED_EDGE ( 'NONE', *, *, #1277, .T. ) ;
#2489 = CARTESIAN_POINT ( 'NONE',  ( -0.4498805450000000206, 0.08269445599999999952, 0.03425316000000001165 ) ) ;
#2490 = DIRECTION ( 'NONE',  ( 1.000000000000000000, 0.000000000000000000, 0.000000000000000000 ) ) ;
#2491 = CARTESIAN_POINT ( 'NONE',  ( -0.4451665541175384710, 0.06660858024635318841, -0.04870330838315888727 ) ) ;
#2492 = LINE ( 'NONE', #1919, #1000 ) ;
#2493 = CARTESIAN_POINT ( 'NONE',  ( -0.4255055450000000961, 4.000000000000001076E-09, 0.08269445400000002833 ) ) ;
#2494 = ORIENTED_EDGE ( 'NONE', *, *, #1341, .T. ) ;
#2495 = CARTESIAN_POINT ( 'NONE',  ( -0.2680055450000000117, 0.08269445400000002833, -4.000000000000001076E-09 ) ) ;
#2496 = LINE ( 'NONE', #1867, #1705 ) ;
#2497 = EDGE_CURVE ( 'NONE', #913, #2180, #1359, .T. ) ;
#2498 = CARTESIAN_POINT ( 'NONE',  ( -0.4648805449999999784, -0.08269445599999999952, -0.03425316000000001165 ) ) ;
#2499 = CARTESIAN_POINT ( 'NONE',  ( -0.4168000000000001148, 0.000000000000000000, -0.05900000000000001771 ) ) ;
#2500 = CARTESIAN_POINT ( 'NONE',  ( -0.4447193495460438073, 0.06167943438301733833, -0.05481206850139432041 ) ) ;
#2501 = DIRECTION ( 'NONE',  ( 1.000000000000000000, -0.000000000000000000, -0.000000000000000000 ) ) ;
#2502 = CARTESIAN_POINT ( 'NONE',  ( -0.3715464680000001296, 0.09727853000000004358, -0.04029409199999998969 ) ) ;
#2503 = EDGE_LOOP ( 'NONE', ( #1270, #761 ) ) ;
#2504 = CARTESIAN_POINT ( 'NONE',  ( -0.2584132648510585883, -0.03235692503691910832, -0.07760015561710753573 ) ) ;
#2505 = VERTEX_POINT ( 'NONE', #444 ) ;
#2506 = LINE ( 'NONE', #734, #484 ) ;
#2507 = CARTESIAN_POINT ( 'NONE',  ( -0.3805055450000001116, -4.000000000000001076E-09, -0.08269445400000002833 ) ) ;
#2508 = CARTESIAN_POINT ( 'NONE',  ( -0.4161305450000001294, 0.08269445300000004273, -0.03425316900000002773 ) ) ;
#2509 = ORIENTED_EDGE ( 'NONE', *, *, #711, .F. ) ;
#2510 = CARTESIAN_POINT ( 'NONE',  ( -0.4442845771278964850, 0.05618197233517994993, -0.06041387245102804171 ) ) ;
#2511 = DIRECTION ( 'NONE',  ( -8.278327253528066863E-16, -1.000000000000000000, 0.000000000000000000 ) ) ;
#2512 = ADVANCED_FACE ( 'NONE', ( #1403, #2593 ), #829, .T. ) ;
#2513 = CYLINDRICAL_SURFACE ( 'NONE', #2072, 0.09500000000000004274 ) ;
#2514 = CARTESIAN_POINT ( 'NONE',  ( -0.4184214680000001296, -0.09727853200000004252, 5.000000000000000932E-09 ) ) ;
#2515 = VECTOR ( 'NONE', #1207, 39.37007874015748854 ) ;
#2516 = EDGE_LOOP ( 'NONE', ( #2024, #671, #163, #2080 ) ) ;
#2517 = DIRECTION ( 'NONE',  ( 0.7264343489180449254, 4.823508824747216646E-08, 0.6872358668696023631 ) ) ;
#2518 = ORIENTED_EDGE ( 'NONE', *, *, #2264, .F. ) ;
#2519 = SPHERICAL_SURFACE ( 'NONE', #743, 0.05900000000000000383 ) ;
#2520 = CARTESIAN_POINT ( 'NONE',  ( -0.3734214680000001452, 0.09727853200000004252, -5.000000000000000932E-09 ) ) ;
#2521 = CARTESIAN_POINT ( 'NONE',  ( -0.4678000000000001046, -6.609309662090954852E-18, 0.000000000000000000 ) ) ;
#2522 = VECTOR ( 'NONE', #1621, 39.37007874015748143 ) ;
#2523 = CARTESIAN_POINT ( 'NONE',  ( -0.3486305450000001249, -0.03425316900000002773, -0.08269445300000004273 ) ) ;
#2524 = CARTESIAN_POINT ( 'NONE',  ( -0.4315464680000001829, 0.09727853000000004358, -0.04029409199999998969 ) ) ;
#2525 = CARTESIAN_POINT ( 'NONE',  ( 0.000000000000000000, 0.000000000000000000, 0.000000000000000000 ) ) ;
#2526 = EDGE_LOOP ( 'NONE', ( #1485, #1308, #1089, #2351 ) ) ;
#2527 = CARTESIAN_POINT ( 'NONE',  ( -0.4444149225511417889, 0.05788323796352054518, -0.05878588914746855215 ) ) ;
#2528 = CARTESIAN_POINT ( 'NONE',  ( -0.4371714680000001185, 0.06878631300000001558, 0.06878630600000003315 ) ) ;
#2529 = EDGE_CURVE ( 'NONE', #2100, #1109, #1594, .T. ) ;
#2530 = VERTEX_POINT ( 'NONE', #2581 ) ;
#2531 = CARTESIAN_POINT ( 'NONE',  ( -0.2443843643799273324, 0.01664951648231007345, 0.08240750336521129871 ) ) ;
#2532 = ORIENTED_EDGE ( 'NONE', *, *, #972, .T. ) ;
#2533 = LINE ( 'NONE', #2340, #651 ) ;
#2534 = CARTESIAN_POINT ( 'NONE',  ( 0.2042000000000000481, -0.03400000000000000938, 0.01000000000000000194 ) ) ;
#2535 = PLANE ( 'NONE',  #2588 ) ;
#2536 = CARTESIAN_POINT ( 'NONE',  ( -0.4146714680000000985, -0.06878630600000003315, 0.06878631300000001558 ) ) ;
#2537 = CARTESIAN_POINT ( 'NONE',  ( -0.2981513857700000547, 0.08254861322000003887, -3.990000000000001318E-09 ) ) ;
#2538 = CARTESIAN_POINT ( 'NONE',  ( -0.4511999999999968813, 0.06591465120239912989, 0.04979231101303068646 ) ) ;
#2539 = VERTEX_POINT ( 'NONE', #2390 ) ;
#2540 = CARTESIAN_POINT ( 'NONE',  ( -0.4439753036419442078, 0.05203963353916871842, -0.06402142231811944195 ) ) ;
#2541 = CARTESIAN_POINT ( 'NONE',  ( -0.3659214680000001385, -5.000000000000000932E-09, -0.09727853200000004252 ) ) ;
#2542 = CARTESIAN_POINT ( 'NONE',  ( -0.4168000000000001148, 7.225416114969386412E-18, 0.05900000000000001771 ) ) ;
#2543 = EDGE_CURVE ( 'NONE', #1285, #924, #2443, .T. ) ;
#2544 = DIRECTION ( 'NONE',  ( -0.9619860457507906082, -0.2730986045016665087, 0.000000000000000000 ) ) ;
#2545 = CARTESIAN_POINT ( 'NONE',  ( -0.3752964679999999942, 0.09727853400000004147, 0.04029408199999999496 ) ) ;
#2546 = VECTOR ( 'NONE', #2462, 39.37007874015748143 ) ;
#2547 = CARTESIAN_POINT ( 'NONE',  ( 0.4495070866141730459, 0.05400000000000001327, -0.01000000000000000194 ) ) ;
#2548 = CARTESIAN_POINT ( 'NONE',  ( -0.4012763857699998549, -0.08254861223000005410, 0.03419275977000001132 ) ) ;
#2549 = STYLED_ITEM ( 'NONE', ( #234 ), #1912 ) ;
#2550 = DIRECTION ( 'NONE',  ( -8.278327253528066863E-16, -1.000000000000000000, 0.000000000000000000 ) ) ;
#2551 = LINE ( 'NONE', #194, #53 ) ;
#2552 = CARTESIAN_POINT ( 'NONE',  ( -0.3452964680000001896, 0.09727853400000004147, 0.04029408199999999496 ) ) ;
#2553 = ORIENTED_EDGE ( 'NONE', *, *, #1001, .F. ) ;
#2554 = CARTESIAN_POINT ( 'NONE',  ( -0.4471564104853029131, 0.08047201001592060865, -0.01817981309028161158 ) ) ;
#2555 = LINE ( 'NONE', #525, #1003 ) ;
#2556 = CARTESIAN_POINT ( 'NONE',  ( -0.2605112649556540205, -4.000000000000001076E-09, -0.08269986531264075791 ) ) ;
#2557 = CIRCLE ( 'NONE', #1037, 0.1550000000000000544 ) ;
#2558 = CARTESIAN_POINT ( 'NONE',  ( -0.3712763857699999948, -0.08254861223000005410, 0.03419275977000001132 ) ) ;
#2559 = CARTESIAN_POINT ( 'NONE',  ( -0.2848805450000000405, -0.08269445599999998564, -0.03425316000000000471 ) ) ;
#2560 = AXIS2_PLACEMENT_3D ( 'NONE', #1083, #2422, #635 ) ;
#2561 = EDGE_CURVE ( 'NONE', #56, #2202, #570, .T. ) ;
#2562 = CARTESIAN_POINT ( 'NONE',  ( -0.4200263857699999548, 0.08254861522000001006, 0.03419275078000002382 ) ) ;
#2563 = CARTESIAN_POINT ( 'NONE',  ( -0.2887763857699999770, -0.03419275977000001132, -0.08254861223000005410 ) ) ;
#2564 = CIRCLE ( 'NONE', #1324, 0.08250000000000003164 ) ;
#2565 = FACE_OUTER_BOUND ( 'NONE', #88, .T. ) ;
#2566 = PLANE ( 'NONE',  #1434 ) ;
#2567 = DIRECTION ( 'NONE',  ( -1.000000000000000000, 0.000000000000000000, 0.000000000000000000 ) ) ;
#2568 = ORIENTED_EDGE ( 'NONE', *, *, #2529, .T. ) ;
#2569 = CARTESIAN_POINT ( 'NONE',  ( -0.4409502454437192465, 0.004511238586098680753, -0.08238030552297630205 ) ) ;
#2570 = CARTESIAN_POINT ( 'NONE',  ( 0.2042000000000000481, 0.01364000000000000455, 0.03036000000000001198 ) ) ;
#2571 = CARTESIAN_POINT ( 'NONE',  ( -0.2586362649556538940, -0.03425541045344381030, -0.08269986434046897039 ) ) ;
#2572 = CARTESIAN_POINT ( 'NONE',  ( -0.3205055450000001138, -4.000000000000001076E-09, -0.08269445400000002833 ) ) ;
#2573 = CARTESIAN_POINT ( 'NONE',  ( -0.4181513857700001058, 0.08254861322000003887, -3.990000000000001318E-09 ) ) ;
#2574 = CARTESIAN_POINT ( 'NONE',  ( -0.3019013857700000303, 0.05837068699000002442, 0.05837068100000002147 ) ) ;
#2575 = ADVANCED_FACE ( 'NONE', ( #1300 ), #1287, .F. ) ;
#2576 = CARTESIAN_POINT ( 'NONE',  ( -0.4168000000000001148, -0.08349000000000003641, -0.08349000000000003641 ) ) ;
#2577 = DIRECTION ( 'NONE',  ( -1.000000000000000000, 0.000000000000000000, 0.000000000000000000 ) ) ;
#2578 = ORIENTED_EDGE ( 'NONE', *, *, #505, .F. ) ;
#2579 = CARTESIAN_POINT ( 'NONE',  ( -0.4471104800807597646, 0.08029907919048992482, -0.01894528251766306598 ) ) ;
#2580 = CARTESIAN_POINT ( 'NONE',  ( -0.4413290014831153241, 0.01115024620422762520, -0.08174302422583294703 ) ) ;
#2581 = CARTESIAN_POINT ( 'NONE',  ( -0.1178000000000000436, 0.000000000000000000, -0.09500000000000004274 ) ) ;
#2582 = CARTESIAN_POINT ( 'NONE',  ( -0.3992555450000001005, -0.05847380600000001705, 0.05847381200000002083 ) ) ;
#2583 = CARTESIAN_POINT ( 'NONE',  ( -0.2398862649556539051, 0.08269986731264072910, 0.03425540142561556839 ) ) ;
#2584 = FACE_OUTER_BOUND ( 'NONE', #552, .T. ) ;
#2585 = CARTESIAN_POINT ( 'NONE',  ( -0.3956513857700001413, 3.990000000000001318E-09, 0.08254861322000003887 ) ) ;
#2586 = DIRECTION ( 'NONE',  ( -1.000000000000000000, 0.000000000000000000, 0.000000000000000000 ) ) ;
#2587 = CARTESIAN_POINT ( 'NONE',  ( -0.2377999999999935721, 0.08260780496066591483, -0.003412028703171979087 ) ) ;
#2588 = AXIS2_PLACEMENT_3D ( 'NONE', #1155, #2382, #369 ) ;
#2589 = EDGE_LOOP ( 'NONE', ( #1855, #145, #211, #2509 ) ) ;
#2590 = CARTESIAN_POINT ( 'NONE',  ( -0.4475214542548726082, 0.08163637654612442007, -0.01200904296230754544 ) ) ;
#2591 = ADVANCED_FACE ( 'NONE', ( #1100 ), #2339, .T. ) ;
#2592 = CARTESIAN_POINT ( 'NONE',  ( -0.4510346886582877191, 0.06856265558223621770, 0.04589029535851913560 ) ) ;
#2593 = FACE_BOUND ( 'NONE', #1149, .T. ) ;
ENDSEC;
END-ISO-10303-21;
