ISO-10303-21;
HEADER;
/****************************************************************
 * Generated by software with PDE/Lib inside                    *
 * PDElib Version v51a, created Fri 12/12/2008                  *
 * International Technegroup Inc. (www.iti-oh.com)              *
 ****************************************************************/
FILE_DESCRIPTION((''),'2;1');
FILE_NAME('E:\\Dutton\\Manufacturing\\drawings\\Updated 2009\\Plastic & Vinyl\\STEP''s\\Assembly-1427J.stp','2009-10-15T08:11:52',('tfoster'),(''),'Autodesk Inventor 2010','Autodesk Inventor 2010','');
FILE_SCHEMA(('AUTOMOTIVE_DESIGN { 1 0 10303 214 1 1 1 1 }'));
ENDSEC;
DATA;
#5=APPLICATION_CONTEXT('automotive design');
#6=APPLICATION_PROTOCOL_DEFINITION('International Standard','automotive_design',2001,#5);
#7=PRODUCT_CONTEXT('',#5,'mechanical');
#8=PRODUCT('Assembly-1427J','Assembly-1427J',$,(#7));
#9=PRODUCT_RELATED_PRODUCT_CATEGORY('part',$,(#8));
#10=PRODUCT_DEFINITION_FORMATION('',$,#8);
#11=PRODUCT_DEFINITION_CONTEXT('part definition',#5,'design');
#12=PRODUCT_DEFINITION('',$,#10,#11);
#18=(NAMED_UNIT(*)PLANE_ANGLE_UNIT()SI_UNIT($,.RADIAN.));
#19=DIMENSIONAL_EXPONENTS(0.0,0.0,0.0,0.0,0.0,0.0,0.0);
#20=PLANE_ANGLE_MEASURE_WITH_UNIT(PLANE_ANGLE_MEASURE(0.017453292500000),#18);
#24=(CONVERSION_BASED_UNIT('DEGREE',#20)NAMED_UNIT(#19)PLANE_ANGLE_UNIT());
#28=(NAMED_UNIT(*)SI_UNIT($,.STERADIAN.)SOLID_ANGLE_UNIT());
#32=(LENGTH_UNIT()NAMED_UNIT(*)SI_UNIT(.MILLI.,.METRE.));
#34=UNCERTAINTY_MEASURE_WITH_UNIT(LENGTH_MEASURE(0.010000000000000),#32,'DISTANCE_ACCURACY_VALUE','');
#36=(GEOMETRIC_REPRESENTATION_CONTEXT(3)GLOBAL_UNCERTAINTY_ASSIGNED_CONTEXT((#34))GLOBAL_UNIT_ASSIGNED_CONTEXT((#24,#28,#32))REPRESENTATION_CONTEXT('None','None'));
#37=AXIS2_PLACEMENT_3D('',#38,#39,#40);
#38=CARTESIAN_POINT('',(0.0,0.0,0.0));
#39=DIRECTION('',(0.0,0.0,1.0));
#40=DIRECTION('',(1.0,0.0,0.0));
#41=SHAPE_REPRESENTATION('',(#37,#548,#3693,#7606,#7618,#7778,#7790,#8627,#8639,#9527,#9539,#10085,#10097),#36);
#42=PRODUCT_DEFINITION_SHAPE('','',#12);
#43=SHAPE_DEFINITION_REPRESENTATION(#42,#41);
#44=APPLICATION_CONTEXT('automotive design');
#45=APPLICATION_PROTOCOL_DEFINITION('International Standard','automotive_design',2001,#44);
#46=PRODUCT_CONTEXT('',#44,'mechanical');
#47=PRODUCT('1427J - core','1427J - core',$,(#46));
#48=PRODUCT_RELATED_PRODUCT_CATEGORY('part',$,(#47));
#49=PRODUCT_DEFINITION_FORMATION('',$,#47);
#50=PRODUCT_DEFINITION_CONTEXT('part definition',#44,'design');
#51=PRODUCT_DEFINITION('',$,#49,#50);
#57=(NAMED_UNIT(*)PLANE_ANGLE_UNIT()SI_UNIT($,.RADIAN.));
#58=DIMENSIONAL_EXPONENTS(0.0,0.0,0.0,0.0,0.0,0.0,0.0);
#59=PLANE_ANGLE_MEASURE_WITH_UNIT(PLANE_ANGLE_MEASURE(0.017453292500000),#57);
#63=(CONVERSION_BASED_UNIT('DEGREE',#59)NAMED_UNIT(#58)PLANE_ANGLE_UNIT());
#67=(NAMED_UNIT(*)SI_UNIT($,.STERADIAN.)SOLID_ANGLE_UNIT());
#71=(LENGTH_UNIT()NAMED_UNIT(*)SI_UNIT(.MILLI.,.METRE.));
#73=UNCERTAINTY_MEASURE_WITH_UNIT(LENGTH_MEASURE(0.010000000000000),#71,'DISTANCE_ACCURACY_VALUE','');
#75=(GEOMETRIC_REPRESENTATION_CONTEXT(3)GLOBAL_UNCERTAINTY_ASSIGNED_CONTEXT((#73))GLOBAL_UNIT_ASSIGNED_CONTEXT((#63,#67,#71))REPRESENTATION_CONTEXT('None','None'));
#76=AXIS2_PLACEMENT_3D('',#77,#78,#79);
#77=CARTESIAN_POINT('',(0.0,0.0,0.0));
#78=DIRECTION('',(0.0,0.0,1.0));
#79=DIRECTION('',(1.0,0.0,0.0));
#80=SHAPE_REPRESENTATION('',(#76),#75);
#81=PRODUCT_DEFINITION_SHAPE('','',#51);
#82=SHAPE_DEFINITION_REPRESENTATION(#81,#80);
#88=(NAMED_UNIT(*)PLANE_ANGLE_UNIT()SI_UNIT($,.RADIAN.));
#89=DIMENSIONAL_EXPONENTS(0.0,0.0,0.0,0.0,0.0,0.0,0.0);
#90=PLANE_ANGLE_MEASURE_WITH_UNIT(PLANE_ANGLE_MEASURE(0.017453292500000),#88);
#94=(CONVERSION_BASED_UNIT('DEGREE',#90)NAMED_UNIT(#89)PLANE_ANGLE_UNIT());
#98=(NAMED_UNIT(*)SI_UNIT($,.STERADIAN.)SOLID_ANGLE_UNIT());
#102=(LENGTH_UNIT()NAMED_UNIT(*)SI_UNIT(.MILLI.,.METRE.));
#104=UNCERTAINTY_MEASURE_WITH_UNIT(LENGTH_MEASURE(0.000001000000000),#102,'DISTANCE_ACCURACY_VALUE','');
#106=(GEOMETRIC_REPRESENTATION_CONTEXT(3)GLOBAL_UNCERTAINTY_ASSIGNED_CONTEXT((#104))GLOBAL_UNIT_ASSIGNED_CONTEXT((#94,#98,#102))REPRESENTATION_CONTEXT('','3D'));
#107=CARTESIAN_POINT('',(90.750000000000014,3.250000000000001,0.0));
#108=DIRECTION('',(0.0,1.0,0.0));
#109=DIRECTION('',(0.0,0.0,1.0));
#110=AXIS2_PLACEMENT_3D('',#107,#108,#109);
#111=PLANE('',#110);
#112=CARTESIAN_POINT('',(90.750000000000014,3.250000000000001,0.400000000000000));
#113=VERTEX_POINT('',#112);
#114=CARTESIAN_POINT('',(99.750000000000014,3.250000000000000,0.400000000000000));
#115=VERTEX_POINT('',#114);
#116=CARTESIAN_POINT('',(90.750000000000014,3.250000000000001,0.400000000000000));
#117=DIRECTION('',(1.0,0.0,0.0));
#118=VECTOR('',#117,9.0);
#119=LINE('',#116,#118);
#120=EDGE_CURVE('',#113,#115,#119,.T.);
#121=ORIENTED_EDGE('',*,*,#120,.F.);
#122=CARTESIAN_POINT('',(90.750000000000014,3.250000000000001,0.0));
#123=VERTEX_POINT('',#122);
#124=CARTESIAN_POINT('',(90.750000000000014,3.250000000000001,0.0));
#125=DIRECTION('',(0.0,0.0,1.0));
#126=VECTOR('',#125,0.400000000000000);
#127=LINE('',#124,#126);
#128=EDGE_CURVE('',#123,#113,#127,.T.);
#129=ORIENTED_EDGE('',*,*,#128,.F.);
#130=CARTESIAN_POINT('',(99.750000000000014,3.250000000000000,0.0));
#131=VERTEX_POINT('',#130);
#132=CARTESIAN_POINT('',(99.750000000000014,3.250000000000000,0.0));
#133=DIRECTION('',(-1.0,0.0,0.0));
#134=VECTOR('',#133,9.0);
#135=LINE('',#132,#134);
#136=EDGE_CURVE('',#131,#123,#135,.T.);
#137=ORIENTED_EDGE('',*,*,#136,.F.);
#138=CARTESIAN_POINT('',(99.750000000000014,3.250000000000000,0.0));
#139=DIRECTION('',(0.0,0.0,1.0));
#140=VECTOR('',#139,0.400000000000000);
#141=LINE('',#138,#140);
#142=EDGE_CURVE('',#131,#115,#141,.T.);
#143=ORIENTED_EDGE('',*,*,#142,.T.);
#144=EDGE_LOOP('',(#121,#129,#137,#143));
#145=FACE_OUTER_BOUND('',#144,.T.);
#146=ADVANCED_FACE('',(#145),#111,.F.);
#147=CARTESIAN_POINT('',(99.750000000000014,0.0,0.0));
#148=DIRECTION('',(0.0,0.0,1.0));
#149=DIRECTION('',(0.0,1.0,0.0));
#150=AXIS2_PLACEMENT_3D('',#147,#148,#149);
#151=CYLINDRICAL_SURFACE('',#150,3.250000000000000);
#152=CARTESIAN_POINT('',(99.750000000000014,-3.250000000000000,0.400000000000000));
#153=VERTEX_POINT('',#152);
#154=CARTESIAN_POINT('',(99.750000000000014,0.0,0.400000000000000));
#155=DIRECTION('',(0.0,0.0,-1.0));
#156=DIRECTION('',(0.0,1.0,0.0));
#157=AXIS2_PLACEMENT_3D('',#154,#155,#156);
#158=CIRCLE('',#157,3.250000000000000);
#159=EDGE_CURVE('',#115,#153,#158,.T.);
#160=ORIENTED_EDGE('',*,*,#159,.F.);
#161=ORIENTED_EDGE('',*,*,#142,.F.);
#162=CARTESIAN_POINT('',(99.750000000000014,-3.250000000000000,0.0));
#163=VERTEX_POINT('',#162);
#164=CARTESIAN_POINT('',(99.750000000000014,0.0,0.0));
#165=DIRECTION('',(0.0,0.0,1.0));
#166=DIRECTION('',(0.0,1.0,0.0));
#167=AXIS2_PLACEMENT_3D('',#164,#165,#166);
#168=CIRCLE('',#167,3.250000000000000);
#169=EDGE_CURVE('',#163,#131,#168,.T.);
#170=ORIENTED_EDGE('',*,*,#169,.F.);
#171=CARTESIAN_POINT('',(99.750000000000014,-3.250000000000000,0.0));
#172=DIRECTION('',(0.0,0.0,1.0));
#173=VECTOR('',#172,0.400000000000000);
#174=LINE('',#171,#173);
#175=EDGE_CURVE('',#163,#153,#174,.T.);
#176=ORIENTED_EDGE('',*,*,#175,.T.);
#177=EDGE_LOOP('',(#160,#161,#170,#176));
#178=FACE_OUTER_BOUND('',#177,.T.);
#179=ADVANCED_FACE('',(#178),#151,.F.);
#180=CARTESIAN_POINT('',(99.750000000000014,-3.250000000000000,0.0));
#181=DIRECTION('',(0.0,-1.0,0.0));
#182=DIRECTION('',(0.0,0.0,-1.0));
#183=AXIS2_PLACEMENT_3D('',#180,#181,#182);
#184=PLANE('',#183);
#185=CARTESIAN_POINT('',(90.750000000000014,-3.250000000000001,0.400000000000000));
#186=VERTEX_POINT('',#185);
#187=CARTESIAN_POINT('',(99.750000000000014,-3.250000000000000,0.400000000000000));
#188=DIRECTION('',(-1.0,0.0,0.0));
#189=VECTOR('',#188,9.000000000000014);
#190=LINE('',#187,#189);
#191=EDGE_CURVE('',#153,#186,#190,.T.);
#192=ORIENTED_EDGE('',*,*,#191,.F.);
#193=ORIENTED_EDGE('',*,*,#175,.F.);
#194=CARTESIAN_POINT('',(90.750000000000014,-3.250000000000001,0.0));
#195=VERTEX_POINT('',#194);
#196=CARTESIAN_POINT('',(90.750000000000000,-3.250000000000001,0.0));
#197=DIRECTION('',(1.0,0.0,0.0));
#198=VECTOR('',#197,9.000000000000014);
#199=LINE('',#196,#198);
#200=EDGE_CURVE('',#195,#163,#199,.T.);
#201=ORIENTED_EDGE('',*,*,#200,.F.);
#202=CARTESIAN_POINT('',(90.750000000000014,-3.250000000000001,0.0));
#203=DIRECTION('',(0.0,0.0,1.0));
#204=VECTOR('',#203,0.400000000000000);
#205=LINE('',#202,#204);
#206=EDGE_CURVE('',#195,#186,#205,.T.);
#207=ORIENTED_EDGE('',*,*,#206,.T.);
#208=EDGE_LOOP('',(#192,#193,#201,#207));
#209=FACE_OUTER_BOUND('',#208,.T.);
#210=ADVANCED_FACE('',(#209),#184,.F.);
#211=CARTESIAN_POINT('',(90.750000000000014,0.0,0.0));
#212=DIRECTION('',(0.0,0.0,1.0));
#213=DIRECTION('',(0.0,-1.0,0.0));
#214=AXIS2_PLACEMENT_3D('',#211,#212,#213);
#215=CYLINDRICAL_SURFACE('',#214,3.250000000000000);
#216=CARTESIAN_POINT('',(90.750000000000014,0.0,0.400000000000000));
#217=DIRECTION('',(0.0,0.0,-1.0));
#218=DIRECTION('',(0.0,-1.0,0.0));
#219=AXIS2_PLACEMENT_3D('',#216,#217,#218);
#220=CIRCLE('',#219,3.250000000000000);
#221=EDGE_CURVE('',#186,#113,#220,.T.);
#222=ORIENTED_EDGE('',*,*,#221,.F.);
#223=ORIENTED_EDGE('',*,*,#206,.F.);
#224=CARTESIAN_POINT('',(90.750000000000014,0.0,0.0));
#225=DIRECTION('',(0.0,0.0,1.0));
#226=DIRECTION('',(0.0,-1.0,0.0));
#227=AXIS2_PLACEMENT_3D('',#224,#225,#226);
#228=CIRCLE('',#227,3.250000000000000);
#229=EDGE_CURVE('',#123,#195,#228,.T.);
#230=ORIENTED_EDGE('',*,*,#229,.F.);
#231=ORIENTED_EDGE('',*,*,#128,.T.);
#232=EDGE_LOOP('',(#222,#223,#230,#231));
#233=FACE_OUTER_BOUND('',#232,.T.);
#234=ADVANCED_FACE('',(#233),#215,.F.);
#235=CARTESIAN_POINT('',(-99.750000000000014,3.250000000000000,0.0));
#236=DIRECTION('',(0.0,1.0,0.0));
#237=DIRECTION('',(0.0,0.0,1.0));
#238=AXIS2_PLACEMENT_3D('',#235,#236,#237);
#239=PLANE('',#238);
#240=CARTESIAN_POINT('',(-99.750000000000014,3.250000000000000,0.400000000000000));
#241=VERTEX_POINT('',#240);
#242=CARTESIAN_POINT('',(-90.750000000000014,3.250000000000000,0.400000000000000));
#243=VERTEX_POINT('',#242);
#244=CARTESIAN_POINT('',(-99.750000000000014,3.250000000000000,0.400000000000000));
#245=DIRECTION('',(1.0,0.0,0.0));
#246=VECTOR('',#245,9.000000000000014);
#247=LINE('',#244,#246);
#248=EDGE_CURVE('',#241,#243,#247,.T.);
#249=ORIENTED_EDGE('',*,*,#248,.F.);
#250=CARTESIAN_POINT('',(-99.750000000000014,3.250000000000000,0.0));
#251=VERTEX_POINT('',#250);
#252=CARTESIAN_POINT('',(-99.750000000000014,3.250000000000000,0.0));
#253=DIRECTION('',(0.0,0.0,1.0));
#254=VECTOR('',#253,0.400000000000000);
#255=LINE('',#252,#254);
#256=EDGE_CURVE('',#251,#241,#255,.T.);
#257=ORIENTED_EDGE('',*,*,#256,.F.);
#258=CARTESIAN_POINT('',(-90.750000000000014,3.250000000000000,0.0));
#259=VERTEX_POINT('',#258);
#260=CARTESIAN_POINT('',(-90.750000000000000,3.250000000000000,0.0));
#261=DIRECTION('',(-1.0,0.0,0.0));
#262=VECTOR('',#261,9.000000000000014);
#263=LINE('',#260,#262);
#264=EDGE_CURVE('',#259,#251,#263,.T.);
#265=ORIENTED_EDGE('',*,*,#264,.F.);
#266=CARTESIAN_POINT('',(-90.750000000000014,3.250000000000000,0.0));
#267=DIRECTION('',(0.0,0.0,1.0));
#268=VECTOR('',#267,0.400000000000000);
#269=LINE('',#266,#268);
#270=EDGE_CURVE('',#259,#243,#269,.T.);
#271=ORIENTED_EDGE('',*,*,#270,.T.);
#272=EDGE_LOOP('',(#249,#257,#265,#271));
#273=FACE_OUTER_BOUND('',#272,.T.);
#274=ADVANCED_FACE('',(#273),#239,.F.);
#275=CARTESIAN_POINT('',(-90.750000000000014,0.0,0.0));
#276=DIRECTION('',(0.0,0.0,1.0));
#277=DIRECTION('',(0.0,-1.0,0.0));
#278=AXIS2_PLACEMENT_3D('',#275,#276,#277);
#279=CYLINDRICAL_SURFACE('',#278,3.250000000000000);
#280=CARTESIAN_POINT('',(-90.750000000000014,-3.249999999999998,0.400000000000000));
#281=VERTEX_POINT('',#280);
#282=CARTESIAN_POINT('',(-90.750000000000014,0.0,0.400000000000000));
#283=DIRECTION('',(0.0,0.0,-1.0));
#284=DIRECTION('',(0.0,-1.0,0.0));
#285=AXIS2_PLACEMENT_3D('',#282,#283,#284);
#286=CIRCLE('',#285,3.250000000000000);
#287=EDGE_CURVE('',#243,#281,#286,.T.);
#288=ORIENTED_EDGE('',*,*,#287,.F.);
#289=ORIENTED_EDGE('',*,*,#270,.F.);
#290=CARTESIAN_POINT('',(-90.750000000000014,-3.249999999999998,0.0));
#291=VERTEX_POINT('',#290);
#292=CARTESIAN_POINT('',(-90.750000000000014,0.0,0.0));
#293=DIRECTION('',(0.0,0.0,1.0));
#294=DIRECTION('',(0.0,-1.0,0.0));
#295=AXIS2_PLACEMENT_3D('',#292,#293,#294);
#296=CIRCLE('',#295,3.250000000000000);
#297=EDGE_CURVE('',#291,#259,#296,.T.);
#298=ORIENTED_EDGE('',*,*,#297,.F.);
#299=CARTESIAN_POINT('',(-90.750000000000014,-3.249999999999998,0.0));
#300=DIRECTION('',(0.0,0.0,1.0));
#301=VECTOR('',#300,0.400000000000000);
#302=LINE('',#299,#301);
#303=EDGE_CURVE('',#291,#281,#302,.T.);
#304=ORIENTED_EDGE('',*,*,#303,.T.);
#305=EDGE_LOOP('',(#288,#289,#298,#304));
#306=FACE_OUTER_BOUND('',#305,.T.);
#307=ADVANCED_FACE('',(#306),#279,.F.);
#308=CARTESIAN_POINT('',(-90.750000000000014,-3.249999999999998,0.0));
#309=DIRECTION('',(0.0,-1.0,0.0));
#310=DIRECTION('',(0.0,0.0,-1.0));
#311=AXIS2_PLACEMENT_3D('',#308,#309,#310);
#312=PLANE('',#311);
#313=CARTESIAN_POINT('',(-99.750000000000014,-3.250000000000000,0.400000000000000));
#314=VERTEX_POINT('',#313);
#315=CARTESIAN_POINT('',(-90.750000000000014,-3.249999999999999,0.400000000000000));
#316=DIRECTION('',(-1.0,0.0,0.0));
#317=VECTOR('',#316,9.0);
#318=LINE('',#315,#317);
#319=EDGE_CURVE('',#281,#314,#318,.T.);
#320=ORIENTED_EDGE('',*,*,#319,.F.);
#321=ORIENTED_EDGE('',*,*,#303,.F.);
#322=CARTESIAN_POINT('',(-99.750000000000014,-3.250000000000000,0.0));
#323=VERTEX_POINT('',#322);
#324=CARTESIAN_POINT('',(-99.750000000000014,-3.250000000000000,0.0));
#325=DIRECTION('',(1.0,0.0,0.0));
#326=VECTOR('',#325,9.0);
#327=LINE('',#324,#326);
#328=EDGE_CURVE('',#323,#291,#327,.T.);
#329=ORIENTED_EDGE('',*,*,#328,.F.);
#330=CARTESIAN_POINT('',(-99.750000000000014,-3.250000000000000,0.0));
#331=DIRECTION('',(0.0,0.0,1.0));
#332=VECTOR('',#331,0.400000000000000);
#333=LINE('',#330,#332);
#334=EDGE_CURVE('',#323,#314,#333,.T.);
#335=ORIENTED_EDGE('',*,*,#334,.T.);
#336=EDGE_LOOP('',(#320,#321,#329,#335));
#337=FACE_OUTER_BOUND('',#336,.T.);
#338=ADVANCED_FACE('',(#337),#312,.F.);
#339=CARTESIAN_POINT('',(-99.750000000000014,0.0,0.0));
#340=DIRECTION('',(0.0,0.0,1.0));
#341=DIRECTION('',(0.0,1.0,0.0));
#342=AXIS2_PLACEMENT_3D('',#339,#340,#341);
#343=CYLINDRICAL_SURFACE('',#342,3.250000000000000);
#344=CARTESIAN_POINT('',(-99.750000000000014,0.0,0.400000000000000));
#345=DIRECTION('',(0.0,0.0,-1.0));
#346=DIRECTION('',(0.0,1.0,0.0));
#347=AXIS2_PLACEMENT_3D('',#344,#345,#346);
#348=CIRCLE('',#347,3.250000000000000);
#349=EDGE_CURVE('',#314,#241,#348,.T.);
#350=ORIENTED_EDGE('',*,*,#349,.F.);
#351=ORIENTED_EDGE('',*,*,#334,.F.);
#352=CARTESIAN_POINT('',(-99.750000000000014,0.0,0.0));
#353=DIRECTION('',(0.0,0.0,1.0));
#354=DIRECTION('',(0.0,1.0,0.0));
#355=AXIS2_PLACEMENT_3D('',#352,#353,#354);
#356=CIRCLE('',#355,3.250000000000000);
#357=EDGE_CURVE('',#251,#323,#356,.T.);
#358=ORIENTED_EDGE('',*,*,#357,.F.);
#359=ORIENTED_EDGE('',*,*,#256,.T.);
#360=EDGE_LOOP('',(#350,#351,#358,#359));
#361=FACE_OUTER_BOUND('',#360,.T.);
#362=ADVANCED_FACE('',(#361),#343,.F.);
#363=CARTESIAN_POINT('',(108.0,7.499999999999991,0.0));
#364=DIRECTION('',(1.0,0.0,0.0));
#365=DIRECTION('',(0.0,0.0,-1.0));
#366=AXIS2_PLACEMENT_3D('',#363,#364,#365);
#367=PLANE('',#366);
#368=CARTESIAN_POINT('',(108.0,7.499999999999991,0.400000000000000));
#369=VERTEX_POINT('',#368);
#370=CARTESIAN_POINT('',(108.0,-7.499999999999987,0.400000000000000));
#371=VERTEX_POINT('',#370);
#372=CARTESIAN_POINT('',(108.0,7.499999999999991,0.400000000000000));
#373=DIRECTION('',(0.0,-1.0,0.0));
#374=VECTOR('',#373,14.999999999999979);
#375=LINE('',#372,#374);
#376=EDGE_CURVE('',#369,#371,#375,.T.);
#377=ORIENTED_EDGE('',*,*,#376,.T.);
#378=CARTESIAN_POINT('',(108.0,-7.499999999999987,0.0));
#379=VERTEX_POINT('',#378);
#380=CARTESIAN_POINT('',(108.0,-7.499999999999987,0.0));
#381=DIRECTION('',(0.0,0.0,1.0));
#382=VECTOR('',#381,0.400000000000000);
#383=LINE('',#380,#382);
#384=EDGE_CURVE('',#379,#371,#383,.T.);
#385=ORIENTED_EDGE('',*,*,#384,.F.);
#386=CARTESIAN_POINT('',(108.0,7.499999999999991,0.0));
#387=VERTEX_POINT('',#386);
#388=CARTESIAN_POINT('',(108.0,7.499999999999991,0.0));
#389=DIRECTION('',(0.0,-1.0,0.0));
#390=VECTOR('',#389,14.999999999999979);
#391=LINE('',#388,#390);
#392=EDGE_CURVE('',#387,#379,#391,.T.);
#393=ORIENTED_EDGE('',*,*,#392,.F.);
#394=CARTESIAN_POINT('',(108.0,7.499999999999991,0.0));
#395=DIRECTION('',(0.0,0.0,1.0));
#396=VECTOR('',#395,0.400000000000000);
#397=LINE('',#394,#396);
#398=EDGE_CURVE('',#387,#369,#397,.T.);
#399=ORIENTED_EDGE('',*,*,#398,.T.);
#400=EDGE_LOOP('',(#377,#385,#393,#399));
#401=FACE_OUTER_BOUND('',#400,.T.);
#402=ADVANCED_FACE('',(#401),#367,.T.);
#403=CARTESIAN_POINT('',(108.0,-7.499999999999987,0.0));
#404=DIRECTION('',(0.0,-1.0,0.0));
#405=DIRECTION('',(0.0,0.0,-1.0));
#406=AXIS2_PLACEMENT_3D('',#403,#404,#405);
#407=PLANE('',#406);
#408=CARTESIAN_POINT('',(-108.0,-7.500000000000013,0.400000000000000));
#409=VERTEX_POINT('',#408);
#410=CARTESIAN_POINT('',(108.0,-7.499999999999987,0.400000000000000));
#411=DIRECTION('',(-1.0,0.0,0.0));
#412=VECTOR('',#411,216.0);
#413=LINE('',#410,#412);
#414=EDGE_CURVE('',#371,#409,#413,.T.);
#415=ORIENTED_EDGE('',*,*,#414,.T.);
#416=CARTESIAN_POINT('',(-108.0,-7.500000000000013,0.0));
#417=VERTEX_POINT('',#416);
#418=CARTESIAN_POINT('',(-108.0,-7.500000000000013,0.0));
#419=DIRECTION('',(0.0,0.0,1.0));
#420=VECTOR('',#419,0.400000000000000);
#421=LINE('',#418,#420);
#422=EDGE_CURVE('',#417,#409,#421,.T.);
#423=ORIENTED_EDGE('',*,*,#422,.F.);
#424=CARTESIAN_POINT('',(108.0,-7.499999999999987,0.0));
#425=DIRECTION('',(-1.0,0.0,0.0));
#426=VECTOR('',#425,216.0);
#427=LINE('',#424,#426);
#428=EDGE_CURVE('',#379,#417,#427,.T.);
#429=ORIENTED_EDGE('',*,*,#428,.F.);
#430=ORIENTED_EDGE('',*,*,#384,.T.);
#431=EDGE_LOOP('',(#415,#423,#429,#430));
#432=FACE_OUTER_BOUND('',#431,.T.);
#433=ADVANCED_FACE('',(#432),#407,.T.);
#434=CARTESIAN_POINT('',(-108.0,-7.500000000000013,0.0));
#435=DIRECTION('',(-1.0,0.0,0.0));
#436=DIRECTION('',(0.0,0.0,1.0));
#437=AXIS2_PLACEMENT_3D('',#434,#435,#436);
#438=PLANE('',#437);
#439=CARTESIAN_POINT('',(-108.0,7.499999999999991,0.400000000000000));
#440=VERTEX_POINT('',#439);
#441=CARTESIAN_POINT('',(-108.0,-7.500000000000013,0.400000000000000));
#442=DIRECTION('',(0.0,1.0,0.0));
#443=VECTOR('',#442,15.000000000000004);
#444=LINE('',#441,#443);
#445=EDGE_CURVE('',#409,#440,#444,.T.);
#446=ORIENTED_EDGE('',*,*,#445,.T.);
#447=CARTESIAN_POINT('',(-108.0,7.499999999999991,0.0));
#448=VERTEX_POINT('',#447);
#449=CARTESIAN_POINT('',(-108.0,7.499999999999991,0.0));
#450=DIRECTION('',(0.0,0.0,1.0));
#451=VECTOR('',#450,0.400000000000000);
#452=LINE('',#449,#451);
#453=EDGE_CURVE('',#448,#440,#452,.T.);
#454=ORIENTED_EDGE('',*,*,#453,.F.);
#455=CARTESIAN_POINT('',(-108.0,-7.500000000000013,0.0));
#456=DIRECTION('',(0.0,1.0,0.0));
#457=VECTOR('',#456,15.000000000000004);
#458=LINE('',#455,#457);
#459=EDGE_CURVE('',#417,#448,#458,.T.);
#460=ORIENTED_EDGE('',*,*,#459,.F.);
#461=ORIENTED_EDGE('',*,*,#422,.T.);
#462=EDGE_LOOP('',(#446,#454,#460,#461));
#463=FACE_OUTER_BOUND('',#462,.T.);
#464=ADVANCED_FACE('',(#463),#438,.T.);
#465=CARTESIAN_POINT('',(-108.0,7.499999999999991,0.0));
#466=DIRECTION('',(0.0,1.0,0.0));
#467=DIRECTION('',(0.0,0.0,1.0));
#468=AXIS2_PLACEMENT_3D('',#465,#466,#467);
#469=PLANE('',#468);
#470=CARTESIAN_POINT('',(-108.0,7.499999999999991,0.400000000000000));
#471=DIRECTION('',(1.0,0.0,0.0));
#472=VECTOR('',#471,216.0);
#473=LINE('',#470,#472);
#474=EDGE_CURVE('',#440,#369,#473,.T.);
#475=ORIENTED_EDGE('',*,*,#474,.T.);
#476=ORIENTED_EDGE('',*,*,#398,.F.);
#477=CARTESIAN_POINT('',(-108.0,7.499999999999991,0.0));
#478=DIRECTION('',(1.0,0.0,0.0));
#479=VECTOR('',#478,216.0);
#480=LINE('',#477,#479);
#481=EDGE_CURVE('',#448,#387,#480,.T.);
#482=ORIENTED_EDGE('',*,*,#481,.F.);
#483=ORIENTED_EDGE('',*,*,#453,.T.);
#484=EDGE_LOOP('',(#475,#476,#482,#483));
#485=FACE_OUTER_BOUND('',#484,.T.);
#486=ADVANCED_FACE('',(#485),#469,.T.);
#487=CARTESIAN_POINT('',(-6.661338E-015,-5.465915E-015,0.400000000000000));
#488=DIRECTION('',(0.0,0.0,1.0));
#489=DIRECTION('',(1.0,0.0,0.0));
#490=AXIS2_PLACEMENT_3D('',#487,#488,#489);
#491=PLANE('',#490);
#492=ORIENTED_EDGE('',*,*,#376,.F.);
#493=ORIENTED_EDGE('',*,*,#474,.F.);
#494=ORIENTED_EDGE('',*,*,#445,.F.);
#495=ORIENTED_EDGE('',*,*,#414,.F.);
#496=EDGE_LOOP('',(#492,#493,#494,#495));
#497=FACE_OUTER_BOUND('',#496,.T.);
#498=ORIENTED_EDGE('',*,*,#120,.T.);
#499=ORIENTED_EDGE('',*,*,#159,.T.);
#500=ORIENTED_EDGE('',*,*,#191,.T.);
#501=ORIENTED_EDGE('',*,*,#221,.T.);
#502=EDGE_LOOP('',(#498,#499,#500,#501));
#503=FACE_BOUND('',#502,.T.);
#504=ORIENTED_EDGE('',*,*,#248,.T.);
#505=ORIENTED_EDGE('',*,*,#287,.T.);
#506=ORIENTED_EDGE('',*,*,#319,.T.);
#507=ORIENTED_EDGE('',*,*,#349,.T.);
#508=EDGE_LOOP('',(#504,#505,#506,#507));
#509=FACE_BOUND('',#508,.T.);
#510=ADVANCED_FACE('',(#497,#503,#509),#491,.T.);
#511=CARTESIAN_POINT('',(-6.661338E-015,-5.343358E-015,0.0));
#512=DIRECTION('',(0.0,0.0,1.0));
#513=DIRECTION('',(1.0,0.0,0.0));
#514=AXIS2_PLACEMENT_3D('',#511,#512,#513);
#515=PLANE('',#514);
#516=ORIENTED_EDGE('',*,*,#481,.T.);
#517=ORIENTED_EDGE('',*,*,#392,.T.);
#518=ORIENTED_EDGE('',*,*,#428,.T.);
#519=ORIENTED_EDGE('',*,*,#459,.T.);
#520=EDGE_LOOP('',(#516,#517,#518,#519));
#521=FACE_OUTER_BOUND('',#520,.T.);
#522=ORIENTED_EDGE('',*,*,#136,.T.);
#523=ORIENTED_EDGE('',*,*,#229,.T.);
#524=ORIENTED_EDGE('',*,*,#200,.T.);
#525=ORIENTED_EDGE('',*,*,#169,.T.);
#526=EDGE_LOOP('',(#522,#523,#524,#525));
#527=FACE_BOUND('',#526,.T.);
#528=ORIENTED_EDGE('',*,*,#264,.T.);
#529=ORIENTED_EDGE('',*,*,#357,.T.);
#530=ORIENTED_EDGE('',*,*,#328,.T.);
#531=ORIENTED_EDGE('',*,*,#297,.T.);
#532=EDGE_LOOP('',(#528,#529,#530,#531));
#533=FACE_BOUND('',#532,.T.);
#534=ADVANCED_FACE('',(#521,#527,#533),#515,.F.);
#535=CLOSED_SHELL('',(#146,#179,#210,#234,#274,#307,#338,#362,#402,#433,#464,#486,#510,#534));
#536=MANIFOLD_SOLID_BREP('Solid1',#535);
#537=COLOUR_RGB('Default',0.752941012382507,0.752941012382507,0.752941012382507);
#538=FILL_AREA_STYLE_COLOUR('Default',#537);
#539=FILL_AREA_STYLE('Default',(#538));
#540=SURFACE_STYLE_FILL_AREA(#539);
#541=SURFACE_SIDE_STYLE('Default',(#540));
#542=SURFACE_STYLE_USAGE(.BOTH.,#541);
#543=PRESENTATION_STYLE_ASSIGNMENT((#542));
#544=STYLED_ITEM('',(#543),#536);
#545=MECHANICAL_DESIGN_GEOMETRIC_PRESENTATION_REPRESENTATION('',(#544,#3690,#7603,#7775,#8624,#9524,#10082),#36);
#546=ADVANCED_BREP_SHAPE_REPRESENTATION('ABSR',(#536),#75);
#547=SHAPE_REPRESENTATION_RELATIONSHIP('SRR','None',#546,#80);
#548=AXIS2_PLACEMENT_3D('',#549,#550,#551);
#549=CARTESIAN_POINT('',(0.0,0.0,0.0));
#550=DIRECTION('',(0.0,0.0,1.0));
#551=DIRECTION('',(1.0,0.0,0.0));
#552=NEXT_ASSEMBLY_USAGE_OCCURRENCE('1427J - core:1','1427J - core:1','1427J - core:1',#12,#51,'1427J - core:1');
#553=PRODUCT_DEFINITION_SHAPE('1427J - core:1','1427J - core:1',#552);
#554=ITEM_DEFINED_TRANSFORMATION('1427J - core:1','1427J - core:1',#76,#548);
#558=(REPRESENTATION_RELATIONSHIP('1427J - core:1','1427J - core:1',#80,#41)REPRESENTATION_RELATIONSHIP_WITH_TRANSFORMATION(#554)SHAPE_REPRESENTATION_RELATIONSHIP());
#559=CONTEXT_DEPENDENT_SHAPE_REPRESENTATION(#558,#553);
#560=APPLICATION_CONTEXT('automotive design');
#561=APPLICATION_PROTOCOL_DEFINITION('International Standard','automotive_design',2001,#560);
#562=PRODUCT_CONTEXT('',#560,'mechanical');
#563=PRODUCT('1427J - vinyl','1427J - vinyl',$,(#562));
#564=PRODUCT_RELATED_PRODUCT_CATEGORY('part',$,(#563));
#565=PRODUCT_DEFINITION_FORMATION('',$,#563);
#566=PRODUCT_DEFINITION_CONTEXT('part definition',#560,'design');
#567=PRODUCT_DEFINITION('',$,#565,#566);
#573=(NAMED_UNIT(*)PLANE_ANGLE_UNIT()SI_UNIT($,.RADIAN.));
#574=DIMENSIONAL_EXPONENTS(0.0,0.0,0.0,0.0,0.0,0.0,0.0);
#575=PLANE_ANGLE_MEASURE_WITH_UNIT(PLANE_ANGLE_MEASURE(0.017453292500000),#573);
#579=(CONVERSION_BASED_UNIT('DEGREE',#575)NAMED_UNIT(#574)PLANE_ANGLE_UNIT());
#583=(NAMED_UNIT(*)SI_UNIT($,.STERADIAN.)SOLID_ANGLE_UNIT());
#587=(LENGTH_UNIT()NAMED_UNIT(*)SI_UNIT(.MILLI.,.METRE.));
#589=UNCERTAINTY_MEASURE_WITH_UNIT(LENGTH_MEASURE(0.010000000000000),#587,'DISTANCE_ACCURACY_VALUE','');
#591=(GEOMETRIC_REPRESENTATION_CONTEXT(3)GLOBAL_UNCERTAINTY_ASSIGNED_CONTEXT((#589))GLOBAL_UNIT_ASSIGNED_CONTEXT((#579,#583,#587))REPRESENTATION_CONTEXT('None','None'));
#592=AXIS2_PLACEMENT_3D('',#593,#594,#595);
#593=CARTESIAN_POINT('',(0.0,0.0,0.0));
#594=DIRECTION('',(0.0,0.0,1.0));
#595=DIRECTION('',(1.0,0.0,0.0));
#596=SHAPE_REPRESENTATION('',(#592),#591);
#597=PRODUCT_DEFINITION_SHAPE('','',#567);
#598=SHAPE_DEFINITION_REPRESENTATION(#597,#596);
#604=(NAMED_UNIT(*)PLANE_ANGLE_UNIT()SI_UNIT($,.RADIAN.));
#605=DIMENSIONAL_EXPONENTS(0.0,0.0,0.0,0.0,0.0,0.0,0.0);
#606=PLANE_ANGLE_MEASURE_WITH_UNIT(PLANE_ANGLE_MEASURE(0.017453292500000),#604);
#610=(CONVERSION_BASED_UNIT('DEGREE',#606)NAMED_UNIT(#605)PLANE_ANGLE_UNIT());
#614=(NAMED_UNIT(*)SI_UNIT($,.STERADIAN.)SOLID_ANGLE_UNIT());
#618=(LENGTH_UNIT()NAMED_UNIT(*)SI_UNIT(.MILLI.,.METRE.));
#620=UNCERTAINTY_MEASURE_WITH_UNIT(LENGTH_MEASURE(0.000001000000000),#618,'DISTANCE_ACCURACY_VALUE','');
#622=(GEOMETRIC_REPRESENTATION_CONTEXT(3)GLOBAL_UNCERTAINTY_ASSIGNED_CONTEXT((#620))GLOBAL_UNIT_ASSIGNED_CONTEXT((#610,#614,#618))REPRESENTATION_CONTEXT('','3D'));
#623=CARTESIAN_POINT('',(-8.326673E-015,-8.711332908787737,2.500000000000000));
#624=DIRECTION('',(0.0,0.0,1.0));
#625=DIRECTION('',(1.0,0.0,0.0));
#626=AXIS2_PLACEMENT_3D('',#623,#624,#625);
#627=PLANE('',#626);
#628=CARTESIAN_POINT('',(93.0,-7.499999999999990,2.500000000000000));
#629=VERTEX_POINT('',#628);
#630=CARTESIAN_POINT('',(-93.0,-7.500000000000011,2.500000000000000));
#631=VERTEX_POINT('',#630);
#632=CARTESIAN_POINT('',(93.0,-7.499999999999978,2.500000000000000));
#633=DIRECTION('',(-1.0,0.0,0.0));
#634=VECTOR('',#633,186.0);
#635=LINE('',#632,#634);
#636=EDGE_CURVE('',#629,#631,#635,.T.);
#637=ORIENTED_EDGE('',*,*,#636,.F.);
#638=CARTESIAN_POINT('',(108.0,-7.499999999999987,2.500000000000000));
#639=VERTEX_POINT('',#638);
#640=CARTESIAN_POINT('',(108.0,-7.499999999999987,2.500000000000000));
#641=DIRECTION('',(-1.0,0.0,0.0));
#642=VECTOR('',#641,15.0);
#643=LINE('',#640,#642);
#644=EDGE_CURVE('',#639,#629,#643,.T.);
#645=ORIENTED_EDGE('',*,*,#644,.F.);
#646=CARTESIAN_POINT('',(108.0,7.500000000000001,2.500000000000000));
#647=VERTEX_POINT('',#646);
#648=CARTESIAN_POINT('',(108.0,7.500000000000000,2.500000000000000));
#649=DIRECTION('',(0.0,-1.0,0.0));
#650=VECTOR('',#649,14.999999999999986);
#651=LINE('',#648,#650);
#652=EDGE_CURVE('',#647,#639,#651,.T.);
#653=ORIENTED_EDGE('',*,*,#652,.F.);
#654=CARTESIAN_POINT('',(93.0,7.500000000000000,2.500000000000000));
#655=VERTEX_POINT('',#654);
#656=CARTESIAN_POINT('',(93.0,7.500000000000001,2.500000000000000));
#657=DIRECTION('',(1.0,0.0,0.0));
#658=VECTOR('',#657,15.0);
#659=LINE('',#656,#658);
#660=EDGE_CURVE('',#655,#647,#659,.T.);
#661=ORIENTED_EDGE('',*,*,#660,.F.);
#662=CARTESIAN_POINT('',(-93.0,7.500000000000000,2.500000000000000));
#663=VERTEX_POINT('',#662);
#664=CARTESIAN_POINT('',(-93.0,7.499999999999975,2.500000000000000));
#665=DIRECTION('',(1.0,0.0,0.0));
#666=VECTOR('',#665,186.0);
#667=LINE('',#664,#666);
#668=EDGE_CURVE('',#663,#655,#667,.T.);
#669=ORIENTED_EDGE('',*,*,#668,.F.);
#670=CARTESIAN_POINT('',(-108.0,7.500000000000001,2.500000000000000));
#671=VERTEX_POINT('',#670);
#672=CARTESIAN_POINT('',(-108.0,7.500000000000001,2.500000000000000));
#673=DIRECTION('',(1.0,0.0,0.0));
#674=VECTOR('',#673,15.0);
#675=LINE('',#672,#674);
#676=EDGE_CURVE('',#671,#663,#675,.T.);
#677=ORIENTED_EDGE('',*,*,#676,.F.);
#678=CARTESIAN_POINT('',(-108.0,-7.500000000000013,2.500000000000000));
#679=VERTEX_POINT('',#678);
#680=CARTESIAN_POINT('',(-108.0,-7.500000000000014,2.500000000000000));
#681=DIRECTION('',(0.0,1.0,0.0));
#682=VECTOR('',#681,15.000000000000014);
#683=LINE('',#680,#682);
#684=EDGE_CURVE('',#679,#671,#683,.T.);
#685=ORIENTED_EDGE('',*,*,#684,.F.);
#686=CARTESIAN_POINT('',(-93.0,-7.500000000000012,2.500000000000000));
#687=DIRECTION('',(-1.0,0.0,0.0));
#688=VECTOR('',#687,15.0);
#689=LINE('',#686,#688);
#690=EDGE_CURVE('',#631,#679,#689,.T.);
#691=ORIENTED_EDGE('',*,*,#690,.F.);
#692=EDGE_LOOP('',(#637,#645,#653,#661,#669,#677,#685,#691));
#693=FACE_OUTER_BOUND('',#692,.T.);
#694=CARTESIAN_POINT('',(90.750000000000014,3.250000000000000,2.500000000000000));
#695=VERTEX_POINT('',#694);
#696=CARTESIAN_POINT('',(99.750000000000014,3.250000000000000,2.500000000000000));
#697=VERTEX_POINT('',#696);
#698=CARTESIAN_POINT('',(90.750000000000014,3.250000000000001,2.500000000000000));
#699=DIRECTION('',(1.0,0.0,0.0));
#700=VECTOR('',#699,9.0);
#701=LINE('',#698,#700);
#702=EDGE_CURVE('',#695,#697,#701,.T.);
#703=ORIENTED_EDGE('',*,*,#702,.T.);
#704=CARTESIAN_POINT('',(99.750000000000014,-3.250000000000000,2.500000000000000));
#705=VERTEX_POINT('',#704);
#706=CARTESIAN_POINT('',(99.750000000000014,0.0,2.500000000000000));
#707=DIRECTION('',(0.0,0.0,-1.0));
#708=DIRECTION('',(0.0,-1.0,0.0));
#709=AXIS2_PLACEMENT_3D('',#706,#707,#708);
#710=CIRCLE('',#709,3.250000000000000);
#711=EDGE_CURVE('',#697,#705,#710,.T.);
#712=ORIENTED_EDGE('',*,*,#711,.T.);
#713=CARTESIAN_POINT('',(90.750000000000014,-3.250000000000001,2.500000000000000));
#714=VERTEX_POINT('',#713);
#715=CARTESIAN_POINT('',(99.750000000000014,-3.250000000000000,2.500000000000000));
#716=DIRECTION('',(-1.0,0.0,0.0));
#717=VECTOR('',#716,9.000000000000014);
#718=LINE('',#715,#717);
#719=EDGE_CURVE('',#705,#714,#718,.T.);
#720=ORIENTED_EDGE('',*,*,#719,.T.);
#721=CARTESIAN_POINT('',(90.750000000000014,0.0,2.500000000000000));
#722=DIRECTION('',(0.0,0.0,-1.0));
#723=DIRECTION('',(0.0,1.0,0.0));
#724=AXIS2_PLACEMENT_3D('',#721,#722,#723);
#725=CIRCLE('',#724,3.250000000000000);
#726=EDGE_CURVE('',#714,#695,#725,.T.);
#727=ORIENTED_EDGE('',*,*,#726,.T.);
#728=EDGE_LOOP('',(#703,#712,#720,#727));
#729=FACE_BOUND('',#728,.T.);
#730=CARTESIAN_POINT('',(-90.750000000000014,-3.249999999999999,2.500000000000000));
#731=VERTEX_POINT('',#730);
#732=CARTESIAN_POINT('',(-99.750000000000014,-3.250000000000000,2.500000000000000));
#733=VERTEX_POINT('',#732);
#734=CARTESIAN_POINT('',(-90.750000000000014,-3.249999999999999,2.500000000000000));
#735=DIRECTION('',(-1.0,0.0,0.0));
#736=VECTOR('',#735,9.0);
#737=LINE('',#734,#736);
#738=EDGE_CURVE('',#731,#733,#737,.T.);
#739=ORIENTED_EDGE('',*,*,#738,.T.);
#740=CARTESIAN_POINT('',(-99.750000000000014,3.250000000000000,2.500000000000000));
#741=VERTEX_POINT('',#740);
#742=CARTESIAN_POINT('',(-99.750000000000014,0.0,2.500000000000000));
#743=DIRECTION('',(0.0,0.0,-1.0));
#744=DIRECTION('',(0.0,1.0,0.0));
#745=AXIS2_PLACEMENT_3D('',#742,#743,#744);
#746=CIRCLE('',#745,3.250000000000000);
#747=EDGE_CURVE('',#733,#741,#746,.T.);
#748=ORIENTED_EDGE('',*,*,#747,.T.);
#749=CARTESIAN_POINT('',(-90.750000000000014,3.250000000000000,2.500000000000000));
#750=VERTEX_POINT('',#749);
#751=CARTESIAN_POINT('',(-99.750000000000014,3.250000000000001,2.500000000000000));
#752=DIRECTION('',(1.0,0.0,0.0));
#753=VECTOR('',#752,9.000000000000014);
#754=LINE('',#751,#753);
#755=EDGE_CURVE('',#741,#750,#754,.T.);
#756=ORIENTED_EDGE('',*,*,#755,.T.);
#757=CARTESIAN_POINT('',(-90.750000000000014,0.0,2.500000000000000));
#758=DIRECTION('',(0.0,0.0,-1.0));
#759=DIRECTION('',(0.0,-1.0,0.0));
#760=AXIS2_PLACEMENT_3D('',#757,#758,#759);
#761=CIRCLE('',#760,3.250000000000000);
#762=EDGE_CURVE('',#750,#731,#761,.T.);
#763=ORIENTED_EDGE('',*,*,#762,.T.);
#764=EDGE_LOOP('',(#739,#748,#756,#763));
#765=FACE_BOUND('',#764,.T.);
#766=ADVANCED_FACE('',(#693,#729,#765),#627,.T.);
#767=CARTESIAN_POINT('',(93.0,-12.499999999999989,0.0));
#768=DIRECTION('',(0.0,0.0,1.0));
#769=DIRECTION('',(0.0,-1.0,0.0));
#770=AXIS2_PLACEMENT_3D('',#767,#768,#769);
#771=CYLINDRICAL_SURFACE('',#770,5.0);
#772=CARTESIAN_POINT('',(88.669872981077816,-9.999999999999979,0.0));
#773=VERTEX_POINT('',#772);
#774=CARTESIAN_POINT('',(88.669872981077816,-9.999999999999979,0.0));
#775=CARTESIAN_POINT('',(88.669872981077816,-9.999999999999979,0.287062460433267));
#776=CARTESIAN_POINT('',(88.699196619329186,-9.946966884196685,0.592045154715415));
#777=CARTESIAN_POINT('',(88.828851509789146,-9.740215454939913,1.148736772956757));
#778=CARTESIAN_POINT('',(88.930904001952371,-9.586954219472263,1.400213122783025));
#779=CARTESIAN_POINT('',(89.148722191675375,-9.307998631780848,1.735916217890938));
#780=CARTESIAN_POINT('',(89.262758803563202,-9.172973808054179,1.865822961439745));
#781=CARTESIAN_POINT('',(89.525932336718483,-8.899037701066963,2.079141586921714));
#782=CARTESIAN_POINT('',(89.675211876388161,-8.760718676847075,2.163137242406099));
#783=CARTESIAN_POINT('',(90.230950136500638,-8.303327629309319,2.397337871353720));
#784=CARTESIAN_POINT('',(90.741143000106504,-8.000664240305564,2.457689769837375));
#785=CARTESIAN_POINT('',(91.847754013323240,-7.599102974543227,2.506207820577282));
#786=CARTESIAN_POINT('',(92.443843887057426,-7.499999999999989,2.499999999999999));
#787=CARTESIAN_POINT('',(93.0,-7.499999999999989,2.499999999999999));
#788=B_SPLINE_CURVE_WITH_KNOTS('',3,(#774,#775,#776,#777,#778,#779,#780,#781,#782,#783,#784,#785,#786,#787),.UNSPECIFIED.,.F.,.U.,(4,2,2,2,2,2,4),(-0.626379025492339,-0.540260287362359,-0.454141549232379,-0.393917608498965,-0.333693667765551,-0.166846833882775,0.0),.UNSPECIFIED.);
#789=EDGE_CURVE('',#773,#629,#788,.T.);
#790=ORIENTED_EDGE('',*,*,#789,.F.);
#791=CARTESIAN_POINT('',(93.0,-7.499999999999990,-2.500000000000000));
#792=VERTEX_POINT('',#791);
#793=CARTESIAN_POINT('',(92.999999999999986,-7.499999999999989,-2.500000000000000));
#794=CARTESIAN_POINT('',(92.443843887057412,-7.499999999999989,-2.500000000000000));
#795=CARTESIAN_POINT('',(91.847754013323240,-7.599102974543227,-2.506207820577282));
#796=CARTESIAN_POINT('',(90.741143000106504,-8.000664240305564,-2.457689769837375));
#797=CARTESIAN_POINT('',(90.230950136500638,-8.303327629309319,-2.397337871353720));
#798=CARTESIAN_POINT('',(89.675211876388175,-8.760718676847075,-2.163137242406099));
#799=CARTESIAN_POINT('',(89.525932336718483,-8.899037701066952,-2.079141586921720));
#800=CARTESIAN_POINT('',(89.262758803563173,-9.172973808054174,-1.865822961439748));
#801=CARTESIAN_POINT('',(89.148722191675375,-9.307998631780844,-1.735916217890938));
#802=CARTESIAN_POINT('',(88.930904001952371,-9.586954219472263,-1.400213122783024));
#803=CARTESIAN_POINT('',(88.828851509789146,-9.740215454939913,-1.148736772956758));
#804=CARTESIAN_POINT('',(88.699196619329186,-9.946966884196685,-0.592045154715414));
#805=CARTESIAN_POINT('',(88.669872981077816,-9.999999999999977,-0.287062460433267));
#806=CARTESIAN_POINT('',(88.669872981077816,-9.999999999999975,-3.816392E-016));
#807=B_SPLINE_CURVE_WITH_KNOTS('',3,(#793,#794,#795,#796,#797,#798,#799,#800,#801,#802,#803,#804,#805,#806),.UNSPECIFIED.,.F.,.U.,(4,2,2,2,2,2,4),(0.0,0.166846833882775,0.333693667765551,0.393917608498965,0.454141549232379,0.540260287362359,0.626379025492339),.UNSPECIFIED.);
#808=EDGE_CURVE('',#792,#773,#807,.T.);
#809=ORIENTED_EDGE('',*,*,#808,.F.);
#810=CARTESIAN_POINT('',(93.0,-7.500000000000000,-2.300000000000000));
#811=VERTEX_POINT('',#810);
#812=CARTESIAN_POINT('',(93.0,-7.499999999999990,-2.500000000000000));
#813=DIRECTION('',(0.0,0.0,1.0));
#814=VECTOR('',#813,0.200000000000000);
#815=LINE('',#812,#814);
#816=EDGE_CURVE('',#792,#811,#815,.T.);
#817=ORIENTED_EDGE('',*,*,#816,.T.);
#818=CARTESIAN_POINT('',(93.0,-7.499999999999990,-1.099999999999999));
#819=VERTEX_POINT('',#818);
#820=CARTESIAN_POINT('',(93.0,-7.499999999999990,-2.300000000000000));
#821=DIRECTION('',(0.0,0.0,1.0));
#822=VECTOR('',#821,1.200000000000001);
#823=LINE('',#820,#822);
#824=EDGE_CURVE('',#811,#819,#823,.T.);
#825=ORIENTED_EDGE('',*,*,#824,.T.);
#826=CARTESIAN_POINT('',(89.871102430567589,-8.600000000000000,-1.099999999999999));
#827=VERTEX_POINT('',#826);
#828=CARTESIAN_POINT('',(93.0,-12.499999999999989,-1.100000000000002));
#829=DIRECTION('',(0.0,0.0,1.0));
#830=DIRECTION('',(0.0,-1.0,0.0));
#831=AXIS2_PLACEMENT_3D('',#828,#829,#830);
#832=CIRCLE('',#831,5.0);
#833=EDGE_CURVE('',#819,#827,#832,.T.);
#834=ORIENTED_EDGE('',*,*,#833,.T.);
#835=CARTESIAN_POINT('',(89.871102430567589,-8.600000000000000,1.100000000000000));
#836=VERTEX_POINT('',#835);
#837=CARTESIAN_POINT('',(89.871102430567589,-8.600000000000000,-1.099999999999999));
#838=DIRECTION('',(0.0,0.0,1.0));
#839=VECTOR('',#838,2.199999999999998);
#840=LINE('',#837,#839);
#841=EDGE_CURVE('',#827,#836,#840,.T.);
#842=ORIENTED_EDGE('',*,*,#841,.T.);
#843=CARTESIAN_POINT('',(93.0,-7.499999999999990,1.100000000000000));
#844=VERTEX_POINT('',#843);
#845=CARTESIAN_POINT('',(93.0,-12.499999999999989,1.100000000000000));
#846=DIRECTION('',(0.0,0.0,-1.0));
#847=DIRECTION('',(0.0,-1.0,0.0));
#848=AXIS2_PLACEMENT_3D('',#845,#846,#847);
#849=CIRCLE('',#848,5.0);
#850=EDGE_CURVE('',#836,#844,#849,.T.);
#851=ORIENTED_EDGE('',*,*,#850,.T.);
#852=CARTESIAN_POINT('',(93.0,-7.499999999999990,1.100000000000000));
#853=DIRECTION('',(0.0,0.0,1.0));
#854=VECTOR('',#853,1.400000000000000);
#855=LINE('',#852,#854);
#856=EDGE_CURVE('',#844,#629,#855,.T.);
#857=ORIENTED_EDGE('',*,*,#856,.T.);
#858=EDGE_LOOP('',(#790,#809,#817,#825,#834,#842,#851,#857));
#859=FACE_OUTER_BOUND('',#858,.T.);
#860=ADVANCED_FACE('',(#859),#771,.F.);
#861=CARTESIAN_POINT('',(44.334936490538908,-7.499999999999989,0.0));
#862=DIRECTION('',(1.0,2.629381E-016,0.0));
#863=DIRECTION('',(0.0,-0.707106781186547,-0.707106781186547));
#864=AXIS2_PLACEMENT_3D('',#861,#862,#863);
#865=CYLINDRICAL_SURFACE('',#864,2.500000000000000);
#866=ORIENTED_EDGE('',*,*,#808,.T.);
#867=ORIENTED_EDGE('',*,*,#789,.T.);
#868=ORIENTED_EDGE('',*,*,#636,.T.);
#869=CARTESIAN_POINT('',(-88.669872981077802,-10.000000000000025,0.0));
#870=VERTEX_POINT('',#869);
#871=CARTESIAN_POINT('',(-93.0,-7.500000000000012,2.500000000000000));
#872=CARTESIAN_POINT('',(-92.254518516502173,-7.500000000000012,2.500000000000000));
#873=CARTESIAN_POINT('',(-91.477323008606618,-7.679118690713200,2.516010628265355));
#874=CARTESIAN_POINT('',(-90.469270729593944,-8.171576520080244,2.413938612010198));
#875=CARTESIAN_POINT('',(-90.158497985900851,-8.371108522869326,2.355743394341575));
#876=CARTESIAN_POINT('',(-89.612289901444626,-8.806045674255723,2.145367535411338));
#877=CARTESIAN_POINT('',(-89.376771279399662,-9.041672296459552,1.993861609473207));
#878=CARTESIAN_POINT('',(-89.014825904428321,-9.468853070985636,1.566680834947125));
#879=CARTESIAN_POINT('',(-88.879482063918047,-9.663396836841917,1.297238738583645));
#880=CARTESIAN_POINT('',(-88.708548114633288,-9.929315143886676,0.679373682242561));
#881=CARTESIAN_POINT('',(-88.669872981077816,-10.000000000000025,0.331511544518259));
#882=CARTESIAN_POINT('',(-88.669872981077816,-10.000000000000027,1.734723E-016));
#883=B_SPLINE_CURVE_WITH_KNOTS('',3,(#871,#872,#873,#874,#875,#876,#877,#878,#879,#880,#881,#882),.UNSPECIFIED.,.F.,.U.,(4,2,2,2,2,4),(0.0,0.223644445049354,0.335466667574030,0.447288890098707,0.546742353454185,0.646195816809662),.UNSPECIFIED.);
#884=EDGE_CURVE('',#631,#870,#883,.T.);
#885=ORIENTED_EDGE('',*,*,#884,.T.);
#886=CARTESIAN_POINT('',(-93.0,-7.500000000000011,-2.500000000000000));
#887=VERTEX_POINT('',#886);
#888=CARTESIAN_POINT('',(-88.669872981077816,-10.000000000000027,-2.081668E-016));
#889=CARTESIAN_POINT('',(-88.669872981077816,-10.000000000000025,-0.331511544518259));
#890=CARTESIAN_POINT('',(-88.708548114633260,-9.929315143886671,-0.679373682242574));
#891=CARTESIAN_POINT('',(-88.879482063918033,-9.663396836841912,-1.297238738583657));
#892=CARTESIAN_POINT('',(-89.014825904428321,-9.468853070985636,-1.566680834947125));
#893=CARTESIAN_POINT('',(-89.376771279399662,-9.041672296459552,-1.993861609473208));
#894=CARTESIAN_POINT('',(-89.612289901444626,-8.806045674255721,-2.145367535411338));
#895=CARTESIAN_POINT('',(-90.158497985900851,-8.371108522869324,-2.355743394341574));
#896=CARTESIAN_POINT('',(-90.469270729593944,-8.171576520080244,-2.413938612010198));
#897=CARTESIAN_POINT('',(-91.477323008606618,-7.679118690713200,-2.516010628265355));
#898=CARTESIAN_POINT('',(-92.254518516502173,-7.500000000000013,-2.500000000000000));
#899=CARTESIAN_POINT('',(-93.0,-7.500000000000013,-2.500000000000000));
#900=B_SPLINE_CURVE_WITH_KNOTS('',3,(#888,#889,#890,#891,#892,#893,#894,#895,#896,#897,#898,#899),.UNSPECIFIED.,.F.,.U.,(4,2,2,2,2,4),(-0.646195816809662,-0.546742353454185,-0.447288890098707,-0.335466667574030,-0.223644445049354,0.0),.UNSPECIFIED.);
#901=EDGE_CURVE('',#870,#887,#900,.T.);
#902=ORIENTED_EDGE('',*,*,#901,.T.);
#903=CARTESIAN_POINT('',(-93.0,-7.500000000000000,-2.500000000000000));
#904=DIRECTION('',(1.0,0.0,0.0));
#905=VECTOR('',#904,186.0);
#906=LINE('',#903,#905);
#907=EDGE_CURVE('',#887,#792,#906,.T.);
#908=ORIENTED_EDGE('',*,*,#907,.T.);
#909=EDGE_LOOP('',(#866,#867,#868,#885,#902,#908));
#910=FACE_OUTER_BOUND('',#909,.T.);
#911=ADVANCED_FACE('',(#910),#865,.T.);
#912=CARTESIAN_POINT('',(-93.0,12.500000000000000,0.0));
#913=DIRECTION('',(0.0,0.0,1.0));
#914=DIRECTION('',(0.0,1.0,0.0));
#915=AXIS2_PLACEMENT_3D('',#912,#913,#914);
#916=CYLINDRICAL_SURFACE('',#915,5.0);
#917=CARTESIAN_POINT('',(-93.0,7.500000000000000,-2.500000000000000));
#918=VERTEX_POINT('',#917);
#919=CARTESIAN_POINT('',(-88.669872981077816,9.999999999999977,0.0));
#920=VERTEX_POINT('',#919);
#921=CARTESIAN_POINT('',(-92.999999999999986,7.500000000000000,-2.500000000000000));
#922=CARTESIAN_POINT('',(-92.443843887057412,7.500000000000000,-2.500000000000000));
#923=CARTESIAN_POINT('',(-91.847754013323240,7.599102974543238,-2.506207820577282));
#924=CARTESIAN_POINT('',(-90.741143000106504,8.000664240305575,-2.457689769837373));
#925=CARTESIAN_POINT('',(-90.230950136500638,8.303327629309328,-2.397337871353717));
#926=CARTESIAN_POINT('',(-89.675211876388175,8.760718676847084,-2.163137242406095));
#927=CARTESIAN_POINT('',(-89.525932336718483,8.899037701066959,-2.079141586921714));
#928=CARTESIAN_POINT('',(-89.262758803563173,9.172973808054183,-1.865822961439742));
#929=CARTESIAN_POINT('',(-89.148722191675375,9.307998631780849,-1.735916217890934));
#930=CARTESIAN_POINT('',(-88.930904001952371,9.586954219472265,-1.400213122783021));
#931=CARTESIAN_POINT('',(-88.828851509789104,9.740215454939914,-1.148736772956760));
#932=CARTESIAN_POINT('',(-88.699196619329143,9.946966884196684,-0.592045154715418));
#933=CARTESIAN_POINT('',(-88.669872981077816,9.999999999999979,-0.287062460433267));
#934=CARTESIAN_POINT('',(-88.669872981077816,9.999999999999979,-2.775558E-016));
#935=B_SPLINE_CURVE_WITH_KNOTS('',3,(#921,#922,#923,#924,#925,#926,#927,#928,#929,#930,#931,#932,#933,#934),.UNSPECIFIED.,.F.,.U.,(4,2,2,2,2,2,4),(0.0,0.166846833882775,0.333693667765551,0.393917608498965,0.454141549232379,0.540260287362359,0.626379025492338),.UNSPECIFIED.);
#936=EDGE_CURVE('',#918,#920,#935,.T.);
#937=ORIENTED_EDGE('',*,*,#936,.F.);
#938=CARTESIAN_POINT('',(-93.0,7.500000000000000,-2.300000000000000));
#939=VERTEX_POINT('',#938);
#940=CARTESIAN_POINT('',(-93.0,7.500000000000000,-2.300000000000000));
#941=DIRECTION('',(0.0,0.0,-1.0));
#942=VECTOR('',#941,0.200000000000000);
#943=LINE('',#940,#942);
#944=EDGE_CURVE('',#939,#918,#943,.T.);
#945=ORIENTED_EDGE('',*,*,#944,.F.);
#946=CARTESIAN_POINT('',(-93.0,7.500000000000000,-1.100000000000002));
#947=VERTEX_POINT('',#946);
#948=CARTESIAN_POINT('',(-93.0,7.500000000000000,-1.100000000000002));
#949=DIRECTION('',(0.0,0.0,-1.0));
#950=VECTOR('',#949,1.199999999999998);
#951=LINE('',#948,#950);
#952=EDGE_CURVE('',#947,#939,#951,.T.);
#953=ORIENTED_EDGE('',*,*,#952,.F.);
#954=CARTESIAN_POINT('',(-89.871102430567603,8.599999999999998,-1.100000000000002));
#955=VERTEX_POINT('',#954);
#956=CARTESIAN_POINT('',(-93.0,12.500000000000000,-1.100000000000002));
#957=DIRECTION('',(0.0,0.0,1.0));
#958=DIRECTION('',(0.0,1.0,0.0));
#959=AXIS2_PLACEMENT_3D('',#956,#957,#958);
#960=CIRCLE('',#959,5.0);
#961=EDGE_CURVE('',#947,#955,#960,.T.);
#962=ORIENTED_EDGE('',*,*,#961,.T.);
#963=CARTESIAN_POINT('',(-89.871102430567603,8.599999999999998,1.099999999999999));
#964=VERTEX_POINT('',#963);
#965=CARTESIAN_POINT('',(-89.871102430567603,8.599999999999998,-1.100000000000002));
#966=DIRECTION('',(0.0,0.0,1.0));
#967=VECTOR('',#966,2.200000000000001);
#968=LINE('',#965,#967);
#969=EDGE_CURVE('',#955,#964,#968,.T.);
#970=ORIENTED_EDGE('',*,*,#969,.T.);
#971=CARTESIAN_POINT('',(-93.0,7.500000000000000,1.099999999999999));
#972=VERTEX_POINT('',#971);
#973=CARTESIAN_POINT('',(-93.0,12.500000000000000,1.100000000000000));
#974=DIRECTION('',(0.0,0.0,-1.0));
#975=DIRECTION('',(0.0,1.0,0.0));
#976=AXIS2_PLACEMENT_3D('',#973,#974,#975);
#977=CIRCLE('',#976,5.0);
#978=EDGE_CURVE('',#964,#972,#977,.T.);
#979=ORIENTED_EDGE('',*,*,#978,.T.);
#980=CARTESIAN_POINT('',(-93.0,7.500000000000000,2.500000000000000));
#981=DIRECTION('',(0.0,0.0,-1.0));
#982=VECTOR('',#981,1.400000000000001);
#983=LINE('',#980,#982);
#984=EDGE_CURVE('',#663,#972,#983,.T.);
#985=ORIENTED_EDGE('',*,*,#984,.F.);
#986=CARTESIAN_POINT('',(-88.669872981077816,9.999999999999975,-1.249001E-015));
#987=CARTESIAN_POINT('',(-88.669872981077816,9.999999999999977,0.287062460433265));
#988=CARTESIAN_POINT('',(-88.699196619329172,9.946966884196684,0.592045154715418));
#989=CARTESIAN_POINT('',(-88.828851509789132,9.740215454939911,1.148736772956763));
#990=CARTESIAN_POINT('',(-88.930904001952413,9.586954219472263,1.400213122783021));
#991=CARTESIAN_POINT('',(-89.148722191675375,9.307998631780848,1.735916217890934));
#992=CARTESIAN_POINT('',(-89.262758803563216,9.172973808054172,1.865822961439749));
#993=CARTESIAN_POINT('',(-89.525932336718512,8.899037701066950,2.079141586921721));
#994=CARTESIAN_POINT('',(-89.675211876388204,8.760718676847080,2.163137242406097));
#995=CARTESIAN_POINT('',(-90.230950136500638,8.303327629309326,2.397337871353718));
#996=CARTESIAN_POINT('',(-90.741143000106504,8.000664240305575,2.457689769837373));
#997=CARTESIAN_POINT('',(-91.847754013323240,7.599102974543239,2.506207820577282));
#998=CARTESIAN_POINT('',(-92.443843887057426,7.500000000000000,2.500000000000000));
#999=CARTESIAN_POINT('',(-93.0,7.500000000000000,2.500000000000000));
#1000=B_SPLINE_CURVE_WITH_KNOTS('',3,(#986,#987,#988,#989,#990,#991,#992,#993,#994,#995,#996,#997,#998,#999),.UNSPECIFIED.,.F.,.U.,(4,2,2,2,2,2,4),(-0.626379025492338,-0.540260287362358,-0.454141549232378,-0.393917608498964,-0.333693667765551,-0.166846833882775,0.0),.UNSPECIFIED.);
#1001=EDGE_CURVE('',#920,#663,#1000,.T.);
#1002=ORIENTED_EDGE('',*,*,#1001,.F.);
#1003=EDGE_LOOP('',(#937,#945,#953,#962,#970,#979,#985,#1002));
#1004=FACE_OUTER_BOUND('',#1003,.T.);
#1005=ADVANCED_FACE('',(#1004),#916,.F.);
#1006=CARTESIAN_POINT('',(-44.334936490538908,7.499999999999988,0.0));
#1007=DIRECTION('',(1.0,2.566776E-016,0.0));
#1008=DIRECTION('',(0.0,0.707106781186548,0.707106781186547));
#1009=AXIS2_PLACEMENT_3D('',#1006,#1007,#1008);
#1010=CYLINDRICAL_SURFACE('',#1009,2.500000000000000);
#1011=CARTESIAN_POINT('',(88.669872981077802,10.000000000000021,0.0));
#1012=VERTEX_POINT('',#1011);
#1013=CARTESIAN_POINT('',(93.0,7.500000000000000,2.500000000000000));
#1014=CARTESIAN_POINT('',(92.254518516502173,7.500000000000000,2.500000000000000));
#1015=CARTESIAN_POINT('',(91.477323008606618,7.679118690713185,2.516010628265357));
#1016=CARTESIAN_POINT('',(90.469270729593944,8.171576520080230,2.413938612010202));
#1017=CARTESIAN_POINT('',(90.158497985900851,8.371108522869308,2.355743394341580));
#1018=CARTESIAN_POINT('',(89.612289901444626,8.806045674255707,2.145367535411346));
#1019=CARTESIAN_POINT('',(89.376771279399662,9.041672296459547,1.993861609473211));
#1020=CARTESIAN_POINT('',(89.014825904428321,9.468853070985633,1.566680834947130));
#1021=CARTESIAN_POINT('',(88.879482063918047,9.663396836841914,1.297238738583650));
#1022=CARTESIAN_POINT('',(88.708548114633288,9.929315143886672,0.679373682242565));
#1023=CARTESIAN_POINT('',(88.669872981077802,10.000000000000021,0.331511544518260));
#1024=CARTESIAN_POINT('',(88.669872981077802,10.000000000000025,7.979728E-016));
#1025=B_SPLINE_CURVE_WITH_KNOTS('',3,(#1013,#1014,#1015,#1016,#1017,#1018,#1019,#1020,#1021,#1022,#1023,#1024),.UNSPECIFIED.,.F.,.U.,(4,2,2,2,2,4),(0.0,0.223644445049354,0.335466667574031,0.447288890098707,0.546742353454185,0.646195816809663),.UNSPECIFIED.);
#1026=EDGE_CURVE('',#655,#1012,#1025,.T.);
#1027=ORIENTED_EDGE('',*,*,#1026,.T.);
#1028=CARTESIAN_POINT('',(93.0,7.500000000000000,-2.500000000000000));
#1029=VERTEX_POINT('',#1028);
#1030=CARTESIAN_POINT('',(88.669872981077802,10.000000000000025,-4.510281E-016));
#1031=CARTESIAN_POINT('',(88.669872981077802,10.000000000000021,-0.331511544518260));
#1032=CARTESIAN_POINT('',(88.708548114633288,9.929315143886671,-0.679373682242573));
#1033=CARTESIAN_POINT('',(88.879482063918047,9.663396836841910,-1.297238738583657));
#1034=CARTESIAN_POINT('',(89.014825904428321,9.468853070985633,-1.566680834947130));
#1035=CARTESIAN_POINT('',(89.376771279399662,9.041672296459547,-1.993861609473211));
#1036=CARTESIAN_POINT('',(89.612289901444626,8.806045674255708,-2.145367535411345));
#1037=CARTESIAN_POINT('',(90.158497985900851,8.371108522869310,-2.355743394341579));
#1038=CARTESIAN_POINT('',(90.469270729593944,8.171576520080230,-2.413938612010202));
#1039=CARTESIAN_POINT('',(91.477323008606618,7.679118690713185,-2.516010628265356));
#1040=CARTESIAN_POINT('',(92.254518516502173,7.499999999999999,-2.500000000000000));
#1041=CARTESIAN_POINT('',(93.0,7.499999999999999,-2.500000000000000));
#1042=B_SPLINE_CURVE_WITH_KNOTS('',3,(#1030,#1031,#1032,#1033,#1034,#1035,#1036,#1037,#1038,#1039,#1040,#1041),.UNSPECIFIED.,.F.,.U.,(4,2,2,2,2,4),(-0.646195816809663,-0.546742353454186,-0.447288890098708,-0.335466667574031,-0.223644445049354,0.0),.UNSPECIFIED.);
#1043=EDGE_CURVE('',#1012,#1029,#1042,.T.);
#1044=ORIENTED_EDGE('',*,*,#1043,.T.);
#1045=CARTESIAN_POINT('',(93.0,7.500000000000000,-2.500000000000000));
#1046=DIRECTION('',(-1.0,0.0,0.0));
#1047=VECTOR('',#1046,186.0);
#1048=LINE('',#1045,#1047);
#1049=EDGE_CURVE('',#1029,#918,#1048,.T.);
#1050=ORIENTED_EDGE('',*,*,#1049,.T.);
#1051=ORIENTED_EDGE('',*,*,#936,.T.);
#1052=ORIENTED_EDGE('',*,*,#1001,.T.);
#1053=ORIENTED_EDGE('',*,*,#668,.T.);
#1054=EDGE_LOOP('',(#1027,#1044,#1050,#1051,#1052,#1053));
#1055=FACE_OUTER_BOUND('',#1054,.T.);
#1056=ADVANCED_FACE('',(#1055),#1010,.T.);
#1057=CARTESIAN_POINT('',(-108.0,5.291666666667001,-2.300000000000000));
#1058=DIRECTION('',(0.0,1.0,0.0));
#1059=DIRECTION('',(0.0,0.0,1.0));
#1060=AXIS2_PLACEMENT_3D('',#1057,#1058,#1059);
#1061=PLANE('',#1060);
#1062=CARTESIAN_POINT('',(108.0,5.291666666667001,-2.300000000000000));
#1063=VERTEX_POINT('',#1062);
#1064=CARTESIAN_POINT('',(108.0,5.291666666667001,-2.500000000000000));
#1065=VERTEX_POINT('',#1064);
#1066=CARTESIAN_POINT('',(108.0,5.291666666667001,-2.300000000000000));
#1067=DIRECTION('',(0.0,0.0,-1.0));
#1068=VECTOR('',#1067,0.200000000000000);
#1069=LINE('',#1066,#1068);
#1070=EDGE_CURVE('',#1063,#1065,#1069,.T.);
#1071=ORIENTED_EDGE('',*,*,#1070,.F.);
#1072=CARTESIAN_POINT('',(-108.0,5.291666666667001,-2.300000000000000));
#1073=VERTEX_POINT('',#1072);
#1074=CARTESIAN_POINT('',(-108.0,5.291666666667001,-2.300000000000000));
#1075=DIRECTION('',(1.0,0.0,0.0));
#1076=VECTOR('',#1075,216.0);
#1077=LINE('',#1074,#1076);
#1078=EDGE_CURVE('',#1073,#1063,#1077,.T.);
#1079=ORIENTED_EDGE('',*,*,#1078,.F.);
#1080=CARTESIAN_POINT('',(-108.0,5.291666666667001,-2.500000000000000));
#1081=VERTEX_POINT('',#1080);
#1082=CARTESIAN_POINT('',(-108.0,5.291666666667001,-2.500000000000000));
#1083=DIRECTION('',(0.0,0.0,1.0));
#1084=VECTOR('',#1083,0.200000000000000);
#1085=LINE('',#1082,#1084);
#1086=EDGE_CURVE('',#1081,#1073,#1085,.T.);
#1087=ORIENTED_EDGE('',*,*,#1086,.F.);
#1088=CARTESIAN_POINT('',(108.000000000000030,5.291666666667001,-2.500000000000000));
#1089=DIRECTION('',(-1.0,0.0,0.0));
#1090=VECTOR('',#1089,216.000000000000030);
#1091=LINE('',#1088,#1090);
#1092=EDGE_CURVE('',#1065,#1081,#1091,.T.);
#1093=ORIENTED_EDGE('',*,*,#1092,.F.);
#1094=EDGE_LOOP('',(#1071,#1079,#1087,#1093));
#1095=FACE_OUTER_BOUND('',#1094,.T.);
#1096=ADVANCED_FACE('',(#1095),#1061,.F.);
#1097=CARTESIAN_POINT('',(-108.0,3.541666666667001,-2.500000000000000));
#1098=DIRECTION('',(0.0,-1.0,0.0));
#1099=DIRECTION('',(0.0,0.0,-1.0));
#1100=AXIS2_PLACEMENT_3D('',#1097,#1098,#1099);
#1101=PLANE('',#1100);
#1102=CARTESIAN_POINT('',(108.0,3.541666666667001,-2.500000000000000));
#1103=VERTEX_POINT('',#1102);
#1104=CARTESIAN_POINT('',(108.0,3.541666666667001,-2.300000000000000));
#1105=VERTEX_POINT('',#1104);
#1106=CARTESIAN_POINT('',(108.0,3.541666666667001,-2.500000000000000));
#1107=DIRECTION('',(0.0,0.0,1.0));
#1108=VECTOR('',#1107,0.200000000000000);
#1109=LINE('',#1106,#1108);
#1110=EDGE_CURVE('',#1103,#1105,#1109,.T.);
#1111=ORIENTED_EDGE('',*,*,#1110,.F.);
#1112=CARTESIAN_POINT('',(-108.0,3.541666666667001,-2.500000000000000));
#1113=VERTEX_POINT('',#1112);
#1114=CARTESIAN_POINT('',(-108.0,3.541666666667001,-2.500000000000000));
#1115=DIRECTION('',(1.0,0.0,0.0));
#1116=VECTOR('',#1115,216.000000000000030);
#1117=LINE('',#1114,#1116);
#1118=EDGE_CURVE('',#1113,#1103,#1117,.T.);
#1119=ORIENTED_EDGE('',*,*,#1118,.F.);
#1120=CARTESIAN_POINT('',(-108.0,3.541666666667001,-2.300000000000000));
#1121=VERTEX_POINT('',#1120);
#1122=CARTESIAN_POINT('',(-108.0,3.541666666667001,-2.300000000000000));
#1123=DIRECTION('',(0.0,0.0,-1.0));
#1124=VECTOR('',#1123,0.200000000000000);
#1125=LINE('',#1122,#1124);
#1126=EDGE_CURVE('',#1121,#1113,#1125,.T.);
#1127=ORIENTED_EDGE('',*,*,#1126,.F.);
#1128=CARTESIAN_POINT('',(-108.0,3.541666666667001,-2.300000000000000));
#1129=DIRECTION('',(1.0,0.0,0.0));
#1130=VECTOR('',#1129,216.0);
#1131=LINE('',#1128,#1130);
#1132=EDGE_CURVE('',#1121,#1105,#1131,.T.);
#1133=ORIENTED_EDGE('',*,*,#1132,.T.);
#1134=EDGE_LOOP('',(#1111,#1119,#1127,#1133));
#1135=FACE_OUTER_BOUND('',#1134,.T.);
#1136=ADVANCED_FACE('',(#1135),#1101,.F.);
#1137=CARTESIAN_POINT('',(-108.0,3.541666666667001,-2.300000000000000));
#1138=DIRECTION('',(0.0,0.0,1.0));
#1139=DIRECTION('',(1.0,0.0,0.0));
#1140=AXIS2_PLACEMENT_3D('',#1137,#1138,#1139);
#1141=PLANE('',#1140);
#1142=CARTESIAN_POINT('',(108.0,3.541666666667000,-2.300000000000000));
#1143=DIRECTION('',(0.0,1.0,0.0));
#1144=VECTOR('',#1143,1.750000000000000);
#1145=LINE('',#1142,#1144);
#1146=EDGE_CURVE('',#1105,#1063,#1145,.T.);
#1147=ORIENTED_EDGE('',*,*,#1146,.F.);
#1148=ORIENTED_EDGE('',*,*,#1132,.F.);
#1149=CARTESIAN_POINT('',(-108.0,5.291666666667001,-2.300000000000000));
#1150=DIRECTION('',(0.0,-1.0,0.0));
#1151=VECTOR('',#1150,1.750000000000000);
#1152=LINE('',#1149,#1151);
#1153=EDGE_CURVE('',#1073,#1121,#1152,.T.);
#1154=ORIENTED_EDGE('',*,*,#1153,.F.);
#1155=ORIENTED_EDGE('',*,*,#1078,.T.);
#1156=EDGE_LOOP('',(#1147,#1148,#1154,#1155));
#1157=FACE_OUTER_BOUND('',#1156,.T.);
#1158=ADVANCED_FACE('',(#1157),#1141,.F.);
#1159=CARTESIAN_POINT('',(-108.0,5.750000000000000,-2.500000000000000));
#1160=DIRECTION('',(0.0,-1.0,0.0));
#1161=DIRECTION('',(0.0,0.0,-1.0));
#1162=AXIS2_PLACEMENT_3D('',#1159,#1160,#1161);
#1163=PLANE('',#1162);
#1164=CARTESIAN_POINT('',(108.0,5.750000000000000,-2.500000000000000));
#1165=VERTEX_POINT('',#1164);
#1166=CARTESIAN_POINT('',(108.0,5.750000000000000,-2.300000000000000));
#1167=VERTEX_POINT('',#1166);
#1168=CARTESIAN_POINT('',(108.0,5.750000000000000,-2.500000000000000));
#1169=DIRECTION('',(0.0,0.0,1.0));
#1170=VECTOR('',#1169,0.200000000000000);
#1171=LINE('',#1168,#1170);
#1172=EDGE_CURVE('',#1165,#1167,#1171,.T.);
#1173=ORIENTED_EDGE('',*,*,#1172,.F.);
#1174=CARTESIAN_POINT('',(-108.0,5.750000000000000,-2.500000000000000));
#1175=VERTEX_POINT('',#1174);
#1176=CARTESIAN_POINT('',(-108.0,5.750000000000000,-2.500000000000000));
#1177=DIRECTION('',(1.0,0.0,0.0));
#1178=VECTOR('',#1177,216.000000000000030);
#1179=LINE('',#1176,#1178);
#1180=EDGE_CURVE('',#1175,#1165,#1179,.T.);
#1181=ORIENTED_EDGE('',*,*,#1180,.F.);
#1182=CARTESIAN_POINT('',(-108.0,5.750000000000000,-2.300000000000000));
#1183=VERTEX_POINT('',#1182);
#1184=CARTESIAN_POINT('',(-108.0,5.750000000000000,-2.300000000000000));
#1185=DIRECTION('',(0.0,0.0,-1.0));
#1186=VECTOR('',#1185,0.200000000000000);
#1187=LINE('',#1184,#1186);
#1188=EDGE_CURVE('',#1183,#1175,#1187,.T.);
#1189=ORIENTED_EDGE('',*,*,#1188,.F.);
#1190=CARTESIAN_POINT('',(-108.0,5.750000000000000,-2.300000000000000));
#1191=DIRECTION('',(1.0,0.0,0.0));
#1192=VECTOR('',#1191,216.0);
#1193=LINE('',#1190,#1192);
#1194=EDGE_CURVE('',#1183,#1167,#1193,.T.);
#1195=ORIENTED_EDGE('',*,*,#1194,.T.);
#1196=EDGE_LOOP('',(#1173,#1181,#1189,#1195));
#1197=FACE_OUTER_BOUND('',#1196,.T.);
#1198=ADVANCED_FACE('',(#1197),#1163,.F.);
#1199=CARTESIAN_POINT('',(-108.0,5.750000000000000,-2.300000000000000));
#1200=DIRECTION('',(0.0,0.0,1.0));
#1201=DIRECTION('',(1.0,0.0,0.0));
#1202=AXIS2_PLACEMENT_3D('',#1199,#1200,#1201);
#1203=PLANE('',#1202);
#1204=CARTESIAN_POINT('',(108.0,7.500000000000001,-2.300000000000000));
#1205=VERTEX_POINT('',#1204);
#1206=CARTESIAN_POINT('',(108.0,5.750000000000000,-2.300000000000000));
#1207=DIRECTION('',(0.0,1.0,0.0));
#1208=VECTOR('',#1207,1.750000000000001);
#1209=LINE('',#1206,#1208);
#1210=EDGE_CURVE('',#1167,#1205,#1209,.T.);
#1211=ORIENTED_EDGE('',*,*,#1210,.F.);
#1212=ORIENTED_EDGE('',*,*,#1194,.F.);
#1213=CARTESIAN_POINT('',(-108.0,7.500000000000000,-2.300000000000000));
#1214=VERTEX_POINT('',#1213);
#1215=CARTESIAN_POINT('',(-108.0,7.500000000000000,-2.300000000000000));
#1216=DIRECTION('',(0.0,-1.0,0.0));
#1217=VECTOR('',#1216,1.750000000000001);
#1218=LINE('',#1215,#1217);
#1219=EDGE_CURVE('',#1214,#1183,#1218,.T.);
#1220=ORIENTED_EDGE('',*,*,#1219,.F.);
#1221=CARTESIAN_POINT('',(-93.0,7.500000000000000,-2.300000000000000));
#1222=DIRECTION('',(-1.0,0.0,0.0));
#1223=VECTOR('',#1222,15.0);
#1224=LINE('',#1221,#1223);
#1225=EDGE_CURVE('',#939,#1214,#1224,.T.);
#1226=ORIENTED_EDGE('',*,*,#1225,.F.);
#1227=CARTESIAN_POINT('',(93.0,7.500000000000000,-2.300000000000000));
#1228=VERTEX_POINT('',#1227);
#1229=CARTESIAN_POINT('',(-93.0,7.500000000000000,-2.300000000000000));
#1230=DIRECTION('',(1.0,0.0,0.0));
#1231=VECTOR('',#1230,186.0);
#1232=LINE('',#1229,#1231);
#1233=EDGE_CURVE('',#939,#1228,#1232,.T.);
#1234=ORIENTED_EDGE('',*,*,#1233,.T.);
#1235=CARTESIAN_POINT('',(108.0,7.500000000000000,-2.300000000000000));
#1236=DIRECTION('',(-1.0,0.0,0.0));
#1237=VECTOR('',#1236,15.0);
#1238=LINE('',#1235,#1237);
#1239=EDGE_CURVE('',#1205,#1228,#1238,.T.);
#1240=ORIENTED_EDGE('',*,*,#1239,.F.);
#1241=EDGE_LOOP('',(#1211,#1212,#1220,#1226,#1234,#1240));
#1242=FACE_OUTER_BOUND('',#1241,.T.);
#1243=ADVANCED_FACE('',(#1242),#1203,.F.);
#1244=CARTESIAN_POINT('',(-108.0,7.500000000000000,-2.300000000000000));
#1245=DIRECTION('',(0.0,1.0,0.0));
#1246=DIRECTION('',(0.0,0.0,1.0));
#1247=AXIS2_PLACEMENT_3D('',#1244,#1245,#1246);
#1248=PLANE('',#1247);
#1249=ORIENTED_EDGE('',*,*,#944,.T.);
#1250=ORIENTED_EDGE('',*,*,#1049,.F.);
#1251=CARTESIAN_POINT('',(93.0,7.500000000000000,-2.500000000000000));
#1252=DIRECTION('',(0.0,0.0,1.0));
#1253=VECTOR('',#1252,0.200000000000000);
#1254=LINE('',#1251,#1253);
#1255=EDGE_CURVE('',#1029,#1228,#1254,.T.);
#1256=ORIENTED_EDGE('',*,*,#1255,.T.);
#1257=ORIENTED_EDGE('',*,*,#1233,.F.);
#1258=EDGE_LOOP('',(#1249,#1250,#1256,#1257));
#1259=FACE_OUTER_BOUND('',#1258,.T.);
#1260=ADVANCED_FACE('',(#1259),#1248,.F.);
#1261=CARTESIAN_POINT('',(-108.0,-3.541666666665001,-2.300000000000000));
#1262=DIRECTION('',(0.0,1.0,0.0));
#1263=DIRECTION('',(0.0,0.0,1.0));
#1264=AXIS2_PLACEMENT_3D('',#1261,#1262,#1263);
#1265=PLANE('',#1264);
#1266=CARTESIAN_POINT('',(108.0,-3.541666666665001,-2.300000000000000));
#1267=VERTEX_POINT('',#1266);
#1268=CARTESIAN_POINT('',(108.0,-3.541666666665000,-2.500000000000000));
#1269=VERTEX_POINT('',#1268);
#1270=CARTESIAN_POINT('',(108.0,-3.541666666665002,-2.300000000000000));
#1271=DIRECTION('',(0.0,0.0,-1.0));
#1272=VECTOR('',#1271,0.200000000000000);
#1273=LINE('',#1270,#1272);
#1274=EDGE_CURVE('',#1267,#1269,#1273,.T.);
#1275=ORIENTED_EDGE('',*,*,#1274,.F.);
#1276=CARTESIAN_POINT('',(-108.0,-3.541666666665001,-2.300000000000000));
#1277=VERTEX_POINT('',#1276);
#1278=CARTESIAN_POINT('',(-108.0,-3.541666666665001,-2.300000000000000));
#1279=DIRECTION('',(1.0,0.0,0.0));
#1280=VECTOR('',#1279,216.0);
#1281=LINE('',#1278,#1280);
#1282=EDGE_CURVE('',#1277,#1267,#1281,.T.);
#1283=ORIENTED_EDGE('',*,*,#1282,.F.);
#1284=CARTESIAN_POINT('',(-108.0,-3.541666666665000,-2.500000000000000));
#1285=VERTEX_POINT('',#1284);
#1286=CARTESIAN_POINT('',(-108.0,-3.541666666664999,-2.500000000000000));
#1287=DIRECTION('',(0.0,0.0,1.0));
#1288=VECTOR('',#1287,0.200000000000000);
#1289=LINE('',#1286,#1288);
#1290=EDGE_CURVE('',#1285,#1277,#1289,.T.);
#1291=ORIENTED_EDGE('',*,*,#1290,.F.);
#1292=CARTESIAN_POINT('',(108.000000000000030,-3.541666666664999,-2.500000000000000));
#1293=DIRECTION('',(-1.0,0.0,0.0));
#1294=VECTOR('',#1293,216.000000000000030);
#1295=LINE('',#1292,#1294);
#1296=EDGE_CURVE('',#1269,#1285,#1295,.T.);
#1297=ORIENTED_EDGE('',*,*,#1296,.F.);
#1298=EDGE_LOOP('',(#1275,#1283,#1291,#1297));
#1299=FACE_OUTER_BOUND('',#1298,.T.);
#1300=ADVANCED_FACE('',(#1299),#1265,.F.);
#1301=CARTESIAN_POINT('',(-108.0,-5.291666666664998,-2.500000000000000));
#1302=DIRECTION('',(0.0,-1.0,0.0));
#1303=DIRECTION('',(0.0,0.0,-1.0));
#1304=AXIS2_PLACEMENT_3D('',#1301,#1302,#1303);
#1305=PLANE('',#1304);
#1306=CARTESIAN_POINT('',(108.0,-5.291666666664998,-2.500000000000000));
#1307=VERTEX_POINT('',#1306);
#1308=CARTESIAN_POINT('',(108.0,-5.291666666665002,-2.300000000000000));
#1309=VERTEX_POINT('',#1308);
#1310=CARTESIAN_POINT('',(108.0,-5.291666666664998,-2.500000000000000));
#1311=DIRECTION('',(0.0,0.0,1.0));
#1312=VECTOR('',#1311,0.200000000000000);
#1313=LINE('',#1310,#1312);
#1314=EDGE_CURVE('',#1307,#1309,#1313,.T.);
#1315=ORIENTED_EDGE('',*,*,#1314,.F.);
#1316=CARTESIAN_POINT('',(-108.0,-5.291666666664998,-2.500000000000000));
#1317=VERTEX_POINT('',#1316);
#1318=CARTESIAN_POINT('',(-108.0,-5.291666666664998,-2.500000000000000));
#1319=DIRECTION('',(1.0,0.0,0.0));
#1320=VECTOR('',#1319,216.000000000000030);
#1321=LINE('',#1318,#1320);
#1322=EDGE_CURVE('',#1317,#1307,#1321,.T.);
#1323=ORIENTED_EDGE('',*,*,#1322,.F.);
#1324=CARTESIAN_POINT('',(-108.0,-5.291666666665002,-2.300000000000000));
#1325=VERTEX_POINT('',#1324);
#1326=CARTESIAN_POINT('',(-108.0,-5.291666666665001,-2.300000000000000));
#1327=DIRECTION('',(0.0,0.0,-1.0));
#1328=VECTOR('',#1327,0.200000000000000);
#1329=LINE('',#1326,#1328);
#1330=EDGE_CURVE('',#1325,#1317,#1329,.T.);
#1331=ORIENTED_EDGE('',*,*,#1330,.F.);
#1332=CARTESIAN_POINT('',(-108.0,-5.291666666665002,-2.300000000000000));
#1333=DIRECTION('',(1.0,0.0,0.0));
#1334=VECTOR('',#1333,216.0);
#1335=LINE('',#1332,#1334);
#1336=EDGE_CURVE('',#1325,#1309,#1335,.T.);
#1337=ORIENTED_EDGE('',*,*,#1336,.T.);
#1338=EDGE_LOOP('',(#1315,#1323,#1331,#1337));
#1339=FACE_OUTER_BOUND('',#1338,.T.);
#1340=ADVANCED_FACE('',(#1339),#1305,.F.);
#1341=CARTESIAN_POINT('',(-108.0,-5.291666666665002,-2.300000000000000));
#1342=DIRECTION('',(0.0,0.0,1.0));
#1343=DIRECTION('',(1.0,0.0,0.0));
#1344=AXIS2_PLACEMENT_3D('',#1341,#1342,#1343);
#1345=PLANE('',#1344);
#1346=CARTESIAN_POINT('',(108.0,-5.291666666665001,-2.300000000000000));
#1347=DIRECTION('',(0.0,1.0,0.0));
#1348=VECTOR('',#1347,1.750000000000000);
#1349=LINE('',#1346,#1348);
#1350=EDGE_CURVE('',#1309,#1267,#1349,.T.);
#1351=ORIENTED_EDGE('',*,*,#1350,.F.);
#1352=ORIENTED_EDGE('',*,*,#1336,.F.);
#1353=CARTESIAN_POINT('',(-108.0,-3.541666666665001,-2.300000000000000));
#1354=DIRECTION('',(0.0,-1.0,0.0));
#1355=VECTOR('',#1354,1.750000000000001);
#1356=LINE('',#1353,#1355);
#1357=EDGE_CURVE('',#1277,#1325,#1356,.T.);
#1358=ORIENTED_EDGE('',*,*,#1357,.F.);
#1359=ORIENTED_EDGE('',*,*,#1282,.T.);
#1360=EDGE_LOOP('',(#1351,#1352,#1358,#1359));
#1361=FACE_OUTER_BOUND('',#1360,.T.);
#1362=ADVANCED_FACE('',(#1361),#1345,.F.);
#1363=CARTESIAN_POINT('',(-108.0,1.333333333333999,-2.300000000000000));
#1364=DIRECTION('',(0.0,0.0,1.0));
#1365=DIRECTION('',(1.0,0.0,0.0));
#1366=AXIS2_PLACEMENT_3D('',#1363,#1364,#1365);
#1367=PLANE('',#1366);
#1368=CARTESIAN_POINT('',(-102.713903207296170,1.333333333333999,-2.300000000000000));
#1369=VERTEX_POINT('',#1368);
#1370=CARTESIAN_POINT('',(-100.777402333826190,3.083333333334000,-2.300000000000000));
#1371=VERTEX_POINT('',#1370);
#1372=CARTESIAN_POINT('',(-99.750000000000014,0.0,-2.300000000000000));
#1373=DIRECTION('',(0.0,0.0,-1.0));
#1374=DIRECTION('',(0.0,1.0,0.0));
#1375=AXIS2_PLACEMENT_3D('',#1372,#1373,#1374);
#1376=CIRCLE('',#1375,3.250000000000000);
#1377=EDGE_CURVE('',#1369,#1371,#1376,.T.);
#1378=ORIENTED_EDGE('',*,*,#1377,.F.);
#1379=CARTESIAN_POINT('',(-108.0,1.333333333333999,-2.300000000000000));
#1380=VERTEX_POINT('',#1379);
#1381=CARTESIAN_POINT('',(-108.0,1.333333333333999,-2.300000000000000));
#1382=DIRECTION('',(1.0,0.0,0.0));
#1383=VECTOR('',#1382,5.286096792703830);
#1384=LINE('',#1381,#1383);
#1385=EDGE_CURVE('',#1380,#1369,#1384,.T.);
#1386=ORIENTED_EDGE('',*,*,#1385,.F.);
#1387=CARTESIAN_POINT('',(-108.0,3.083333333334000,-2.300000000000000));
#1388=VERTEX_POINT('',#1387);
#1389=CARTESIAN_POINT('',(-108.0,3.083333333334000,-2.300000000000000));
#1390=DIRECTION('',(0.0,-1.0,0.0));
#1391=VECTOR('',#1390,1.750000000000001);
#1392=LINE('',#1389,#1391);
#1393=EDGE_CURVE('',#1388,#1380,#1392,.T.);
#1394=ORIENTED_EDGE('',*,*,#1393,.F.);
#1395=CARTESIAN_POINT('',(-108.0,3.083333333334000,-2.300000000000000));
#1396=DIRECTION('',(1.0,0.0,0.0));
#1397=VECTOR('',#1396,7.222597666173826);
#1398=LINE('',#1395,#1397);
#1399=EDGE_CURVE('',#1388,#1371,#1398,.T.);
#1400=ORIENTED_EDGE('',*,*,#1399,.T.);
#1401=EDGE_LOOP('',(#1378,#1386,#1394,#1400));
#1402=FACE_OUTER_BOUND('',#1401,.T.);
#1403=ADVANCED_FACE('',(#1402),#1367,.F.);
#1404=CARTESIAN_POINT('',(-108.0,1.333333333333999,-2.300000000000000));
#1405=DIRECTION('',(0.0,0.0,1.0));
#1406=DIRECTION('',(1.0,0.0,0.0));
#1407=AXIS2_PLACEMENT_3D('',#1404,#1405,#1406);
#1408=PLANE('',#1407);
#1409=CARTESIAN_POINT('',(100.777402333826190,3.083333333334000,-2.300000000000000));
#1410=VERTEX_POINT('',#1409);
#1411=CARTESIAN_POINT('',(102.713903207296170,1.333333333333999,-2.300000000000000));
#1412=VERTEX_POINT('',#1411);
#1413=CARTESIAN_POINT('',(99.750000000000014,0.0,-2.300000000000000));
#1414=DIRECTION('',(0.0,0.0,-1.0));
#1415=DIRECTION('',(0.0,-1.0,0.0));
#1416=AXIS2_PLACEMENT_3D('',#1413,#1414,#1415);
#1417=CIRCLE('',#1416,3.250000000000000);
#1418=EDGE_CURVE('',#1410,#1412,#1417,.T.);
#1419=ORIENTED_EDGE('',*,*,#1418,.F.);
#1420=CARTESIAN_POINT('',(108.0,3.083333333334000,-2.300000000000000));
#1421=VERTEX_POINT('',#1420);
#1422=CARTESIAN_POINT('',(100.777402333826160,3.083333333334000,-2.300000000000000));
#1423=DIRECTION('',(1.0,0.0,0.0));
#1424=VECTOR('',#1423,7.222597666173840);
#1425=LINE('',#1422,#1424);
#1426=EDGE_CURVE('',#1410,#1421,#1425,.T.);
#1427=ORIENTED_EDGE('',*,*,#1426,.T.);
#1428=CARTESIAN_POINT('',(108.0,1.333333333333999,-2.300000000000000));
#1429=VERTEX_POINT('',#1428);
#1430=CARTESIAN_POINT('',(108.0,1.333333333333999,-2.300000000000000));
#1431=DIRECTION('',(0.0,1.0,0.0));
#1432=VECTOR('',#1431,1.750000000000000);
#1433=LINE('',#1430,#1432);
#1434=EDGE_CURVE('',#1429,#1421,#1433,.T.);
#1435=ORIENTED_EDGE('',*,*,#1434,.F.);
#1436=CARTESIAN_POINT('',(102.713903207296200,1.333333333333999,-2.300000000000000));
#1437=DIRECTION('',(1.0,0.0,0.0));
#1438=VECTOR('',#1437,5.286096792703802);
#1439=LINE('',#1436,#1438);
#1440=EDGE_CURVE('',#1412,#1429,#1439,.T.);
#1441=ORIENTED_EDGE('',*,*,#1440,.F.);
#1442=EDGE_LOOP('',(#1419,#1427,#1435,#1441));
#1443=FACE_OUTER_BOUND('',#1442,.T.);
#1444=ADVANCED_FACE('',(#1443),#1408,.F.);
#1445=CARTESIAN_POINT('',(-108.0,3.083333333334000,-2.300000000000000));
#1446=DIRECTION('',(0.0,1.0,0.0));
#1447=DIRECTION('',(0.0,0.0,1.0));
#1448=AXIS2_PLACEMENT_3D('',#1445,#1446,#1447);
#1449=PLANE('',#1448);
#1450=CARTESIAN_POINT('',(-100.777402333826190,3.083333333334000,-2.500000000000000));
#1451=VERTEX_POINT('',#1450);
#1452=CARTESIAN_POINT('',(-100.777402333826190,3.083333333334000,-2.300000000000000));
#1453=DIRECTION('',(0.0,0.0,-1.0));
#1454=VECTOR('',#1453,0.200000000000000);
#1455=LINE('',#1452,#1454);
#1456=EDGE_CURVE('',#1371,#1451,#1455,.T.);
#1457=ORIENTED_EDGE('',*,*,#1456,.F.);
#1458=ORIENTED_EDGE('',*,*,#1399,.F.);
#1459=CARTESIAN_POINT('',(-108.0,3.083333333334000,-2.500000000000000));
#1460=VERTEX_POINT('',#1459);
#1461=CARTESIAN_POINT('',(-108.0,3.083333333334000,-2.500000000000000));
#1462=DIRECTION('',(0.0,0.0,1.0));
#1463=VECTOR('',#1462,0.200000000000000);
#1464=LINE('',#1461,#1463);
#1465=EDGE_CURVE('',#1460,#1388,#1464,.T.);
#1466=ORIENTED_EDGE('',*,*,#1465,.F.);
#1467=CARTESIAN_POINT('',(-100.777402333826190,3.083333333334000,-2.500000000000000));
#1468=DIRECTION('',(-1.0,0.0,0.0));
#1469=VECTOR('',#1468,7.222597666173812);
#1470=LINE('',#1467,#1469);
#1471=EDGE_CURVE('',#1451,#1460,#1470,.T.);
#1472=ORIENTED_EDGE('',*,*,#1471,.F.);
#1473=EDGE_LOOP('',(#1457,#1458,#1466,#1472));
#1474=FACE_OUTER_BOUND('',#1473,.T.);
#1475=ADVANCED_FACE('',(#1474),#1449,.F.);
#1476=CARTESIAN_POINT('',(-108.0,3.083333333334000,-2.300000000000000));
#1477=DIRECTION('',(0.0,1.0,0.0));
#1478=DIRECTION('',(0.0,0.0,1.0));
#1479=AXIS2_PLACEMENT_3D('',#1476,#1477,#1478);
#1480=PLANE('',#1479);
#1481=CARTESIAN_POINT('',(100.777402333826190,3.083333333334000,-2.500000000000000));
#1482=VERTEX_POINT('',#1481);
#1483=CARTESIAN_POINT('',(100.777402333826190,3.083333333334000,-2.500000000000000));
#1484=DIRECTION('',(0.0,0.0,1.0));
#1485=VECTOR('',#1484,0.200000000000000);
#1486=LINE('',#1483,#1485);
#1487=EDGE_CURVE('',#1482,#1410,#1486,.T.);
#1488=ORIENTED_EDGE('',*,*,#1487,.F.);
#1489=CARTESIAN_POINT('',(108.0,3.083333333334000,-2.500000000000000));
#1490=VERTEX_POINT('',#1489);
#1491=CARTESIAN_POINT('',(108.000000000000030,3.083333333334000,-2.500000000000000));
#1492=DIRECTION('',(-1.0,0.0,0.0));
#1493=VECTOR('',#1492,7.222597666173840);
#1494=LINE('',#1491,#1493);
#1495=EDGE_CURVE('',#1490,#1482,#1494,.T.);
#1496=ORIENTED_EDGE('',*,*,#1495,.F.);
#1497=CARTESIAN_POINT('',(108.0,3.083333333334000,-2.300000000000000));
#1498=DIRECTION('',(0.0,0.0,-1.0));
#1499=VECTOR('',#1498,0.200000000000000);
#1500=LINE('',#1497,#1499);
#1501=EDGE_CURVE('',#1421,#1490,#1500,.T.);
#1502=ORIENTED_EDGE('',*,*,#1501,.F.);
#1503=ORIENTED_EDGE('',*,*,#1426,.F.);
#1504=EDGE_LOOP('',(#1488,#1496,#1502,#1503));
#1505=FACE_OUTER_BOUND('',#1504,.T.);
#1506=ADVANCED_FACE('',(#1505),#1480,.F.);
#1507=CARTESIAN_POINT('',(-108.0,3.083333333334000,-2.300000000000000));
#1508=DIRECTION('',(0.0,1.0,0.0));
#1509=DIRECTION('',(0.0,0.0,1.0));
#1510=AXIS2_PLACEMENT_3D('',#1507,#1508,#1509);
#1511=PLANE('',#1510);
#1512=CARTESIAN_POINT('',(89.722597666173840,3.083333333334000,-2.300000000000000));
#1513=VERTEX_POINT('',#1512);
#1514=CARTESIAN_POINT('',(89.722597666173840,3.083333333334000,-2.500000000000000));
#1515=VERTEX_POINT('',#1514);
#1516=CARTESIAN_POINT('',(89.722597666173840,3.083333333334000,-2.300000000000000));
#1517=DIRECTION('',(0.0,0.0,-1.0));
#1518=VECTOR('',#1517,0.200000000000000);
#1519=LINE('',#1516,#1518);
#1520=EDGE_CURVE('',#1513,#1515,#1519,.T.);
#1521=ORIENTED_EDGE('',*,*,#1520,.F.);
#1522=CARTESIAN_POINT('',(-89.722597666173840,3.083333333334000,-2.300000000000000));
#1523=VERTEX_POINT('',#1522);
#1524=CARTESIAN_POINT('',(-89.722597666173840,3.083333333334000,-2.300000000000000));
#1525=DIRECTION('',(1.0,0.0,0.0));
#1526=VECTOR('',#1525,179.445195332347680);
#1527=LINE('',#1524,#1526);
#1528=EDGE_CURVE('',#1523,#1513,#1527,.T.);
#1529=ORIENTED_EDGE('',*,*,#1528,.F.);
#1530=CARTESIAN_POINT('',(-89.722597666173840,3.083333333334000,-2.500000000000000));
#1531=VERTEX_POINT('',#1530);
#1532=CARTESIAN_POINT('',(-89.722597666173840,3.083333333334000,-2.500000000000000));
#1533=DIRECTION('',(0.0,0.0,1.0));
#1534=VECTOR('',#1533,0.200000000000000);
#1535=LINE('',#1532,#1534);
#1536=EDGE_CURVE('',#1531,#1523,#1535,.T.);
#1537=ORIENTED_EDGE('',*,*,#1536,.F.);
#1538=CARTESIAN_POINT('',(89.722597666173840,3.083333333334000,-2.500000000000000));
#1539=DIRECTION('',(-1.0,0.0,0.0));
#1540=VECTOR('',#1539,179.445195332347680);
#1541=LINE('',#1538,#1540);
#1542=EDGE_CURVE('',#1515,#1531,#1541,.T.);
#1543=ORIENTED_EDGE('',*,*,#1542,.F.);
#1544=EDGE_LOOP('',(#1521,#1529,#1537,#1543));
#1545=FACE_OUTER_BOUND('',#1544,.T.);
#1546=ADVANCED_FACE('',(#1545),#1511,.F.);
#1547=CARTESIAN_POINT('',(-108.0,1.333333333333998,-2.500000000000000));
#1548=DIRECTION('',(0.0,-1.0,0.0));
#1549=DIRECTION('',(0.0,0.0,-1.0));
#1550=AXIS2_PLACEMENT_3D('',#1547,#1548,#1549);
#1551=PLANE('',#1550);
#1552=CARTESIAN_POINT('',(-102.713903207296170,1.333333333333998,-2.500000000000000));
#1553=VERTEX_POINT('',#1552);
#1554=CARTESIAN_POINT('',(-102.713903207296170,1.333333333334012,-2.500000000000000));
#1555=DIRECTION('',(0.0,0.0,1.0));
#1556=VECTOR('',#1555,0.200000000000000);
#1557=LINE('',#1554,#1556);
#1558=EDGE_CURVE('',#1553,#1369,#1557,.T.);
#1559=ORIENTED_EDGE('',*,*,#1558,.F.);
#1560=CARTESIAN_POINT('',(-108.0,1.333333333333998,-2.500000000000000));
#1561=VERTEX_POINT('',#1560);
#1562=CARTESIAN_POINT('',(-108.0,1.333333333333999,-2.500000000000000));
#1563=DIRECTION('',(1.0,0.0,0.0));
#1564=VECTOR('',#1563,5.286096792703830);
#1565=LINE('',#1562,#1564);
#1566=EDGE_CURVE('',#1561,#1553,#1565,.T.);
#1567=ORIENTED_EDGE('',*,*,#1566,.F.);
#1568=CARTESIAN_POINT('',(-108.0,1.333333333334000,-2.300000000000000));
#1569=DIRECTION('',(0.0,0.0,-1.0));
#1570=VECTOR('',#1569,0.200000000000000);
#1571=LINE('',#1568,#1570);
#1572=EDGE_CURVE('',#1380,#1561,#1571,.T.);
#1573=ORIENTED_EDGE('',*,*,#1572,.F.);
#1574=ORIENTED_EDGE('',*,*,#1385,.T.);
#1575=EDGE_LOOP('',(#1559,#1567,#1573,#1574));
#1576=FACE_OUTER_BOUND('',#1575,.T.);
#1577=ADVANCED_FACE('',(#1576),#1551,.F.);
#1578=CARTESIAN_POINT('',(-108.0,1.333333333333998,-2.500000000000000));
#1579=DIRECTION('',(0.0,-1.0,0.0));
#1580=DIRECTION('',(0.0,0.0,-1.0));
#1581=AXIS2_PLACEMENT_3D('',#1578,#1579,#1580);
#1582=PLANE('',#1581);
#1583=CARTESIAN_POINT('',(102.713903207296170,1.333333333333998,-2.500000000000000));
#1584=VERTEX_POINT('',#1583);
#1585=CARTESIAN_POINT('',(102.713903207296170,1.333333333334012,-2.300000000000000));
#1586=DIRECTION('',(0.0,0.0,-1.0));
#1587=VECTOR('',#1586,0.200000000000000);
#1588=LINE('',#1585,#1587);
#1589=EDGE_CURVE('',#1412,#1584,#1588,.T.);
#1590=ORIENTED_EDGE('',*,*,#1589,.F.);
#1591=ORIENTED_EDGE('',*,*,#1440,.T.);
#1592=CARTESIAN_POINT('',(108.0,1.333333333333998,-2.500000000000000));
#1593=VERTEX_POINT('',#1592);
#1594=CARTESIAN_POINT('',(108.0,1.333333333333999,-2.500000000000000));
#1595=DIRECTION('',(0.0,0.0,1.0));
#1596=VECTOR('',#1595,0.200000000000000);
#1597=LINE('',#1594,#1596);
#1598=EDGE_CURVE('',#1593,#1429,#1597,.T.);
#1599=ORIENTED_EDGE('',*,*,#1598,.F.);
#1600=CARTESIAN_POINT('',(102.713903207296170,1.333333333333999,-2.500000000000000));
#1601=DIRECTION('',(1.0,0.0,0.0));
#1602=VECTOR('',#1601,5.286096792703859);
#1603=LINE('',#1600,#1602);
#1604=EDGE_CURVE('',#1584,#1593,#1603,.T.);
#1605=ORIENTED_EDGE('',*,*,#1604,.F.);
#1606=EDGE_LOOP('',(#1590,#1591,#1599,#1605));
#1607=FACE_OUTER_BOUND('',#1606,.T.);
#1608=ADVANCED_FACE('',(#1607),#1582,.F.);
#1609=CARTESIAN_POINT('',(-108.0,1.333333333333998,-2.500000000000000));
#1610=DIRECTION('',(0.0,-1.0,0.0));
#1611=DIRECTION('',(0.0,0.0,-1.0));
#1612=AXIS2_PLACEMENT_3D('',#1609,#1610,#1611);
#1613=PLANE('',#1612);
#1614=CARTESIAN_POINT('',(87.786096792703859,1.333333333333998,-2.500000000000000));
#1615=VERTEX_POINT('',#1614);
#1616=CARTESIAN_POINT('',(87.786096792703859,1.333333333333999,-2.300000000000000));
#1617=VERTEX_POINT('',#1616);
#1618=CARTESIAN_POINT('',(87.786096792703859,1.333333333334012,-2.500000000000000));
#1619=DIRECTION('',(0.0,0.0,1.0));
#1620=VECTOR('',#1619,0.200000000000000);
#1621=LINE('',#1618,#1620);
#1622=EDGE_CURVE('',#1615,#1617,#1621,.T.);
#1623=ORIENTED_EDGE('',*,*,#1622,.F.);
#1624=CARTESIAN_POINT('',(-87.786096792703859,1.333333333333998,-2.500000000000000));
#1625=VERTEX_POINT('',#1624);
#1626=CARTESIAN_POINT('',(-87.786096792703844,1.333333333333999,-2.500000000000000));
#1627=DIRECTION('',(1.0,0.0,0.0));
#1628=VECTOR('',#1627,175.572193585407720);
#1629=LINE('',#1626,#1628);
#1630=EDGE_CURVE('',#1625,#1615,#1629,.T.);
#1631=ORIENTED_EDGE('',*,*,#1630,.F.);
#1632=CARTESIAN_POINT('',(-87.786096792703859,1.333333333333999,-2.300000000000000));
#1633=VERTEX_POINT('',#1632);
#1634=CARTESIAN_POINT('',(-87.786096792703859,1.333333333334012,-2.300000000000000));
#1635=DIRECTION('',(0.0,0.0,-1.0));
#1636=VECTOR('',#1635,0.200000000000000);
#1637=LINE('',#1634,#1636);
#1638=EDGE_CURVE('',#1633,#1625,#1637,.T.);
#1639=ORIENTED_EDGE('',*,*,#1638,.F.);
#1640=CARTESIAN_POINT('',(-87.786096792703844,1.333333333333999,-2.300000000000000));
#1641=DIRECTION('',(1.0,0.0,0.0));
#1642=VECTOR('',#1641,175.572193585407720);
#1643=LINE('',#1640,#1642);
#1644=EDGE_CURVE('',#1633,#1617,#1643,.T.);
#1645=ORIENTED_EDGE('',*,*,#1644,.T.);
#1646=EDGE_LOOP('',(#1623,#1631,#1639,#1645));
#1647=FACE_OUTER_BOUND('',#1646,.T.);
#1648=ADVANCED_FACE('',(#1647),#1613,.F.);
#1649=CARTESIAN_POINT('',(-108.0,1.333333333333999,-2.300000000000000));
#1650=DIRECTION('',(0.0,0.0,1.0));
#1651=DIRECTION('',(1.0,0.0,0.0));
#1652=AXIS2_PLACEMENT_3D('',#1649,#1650,#1651);
#1653=PLANE('',#1652);
#1654=CARTESIAN_POINT('',(90.750000000000014,0.0,-2.300000000000000));
#1655=DIRECTION('',(0.0,0.0,-1.0));
#1656=DIRECTION('',(0.0,1.0,0.0));
#1657=AXIS2_PLACEMENT_3D('',#1654,#1655,#1656);
#1658=CIRCLE('',#1657,3.250000000000000);
#1659=EDGE_CURVE('',#1617,#1513,#1658,.T.);
#1660=ORIENTED_EDGE('',*,*,#1659,.F.);
#1661=ORIENTED_EDGE('',*,*,#1644,.F.);
#1662=CARTESIAN_POINT('',(-90.750000000000014,0.0,-2.300000000000000));
#1663=DIRECTION('',(0.0,0.0,-1.0));
#1664=DIRECTION('',(0.0,-1.0,0.0));
#1665=AXIS2_PLACEMENT_3D('',#1662,#1663,#1664);
#1666=CIRCLE('',#1665,3.250000000000000);
#1667=EDGE_CURVE('',#1523,#1633,#1666,.T.);
#1668=ORIENTED_EDGE('',*,*,#1667,.F.);
#1669=ORIENTED_EDGE('',*,*,#1528,.T.);
#1670=EDGE_LOOP('',(#1660,#1661,#1668,#1669));
#1671=FACE_OUTER_BOUND('',#1670,.T.);
#1672=ADVANCED_FACE('',(#1671),#1653,.F.);
#1673=CARTESIAN_POINT('',(-108.0,-3.083333333332001,-2.300000000000000));
#1674=DIRECTION('',(0.0,0.0,1.0));
#1675=DIRECTION('',(1.0,0.0,0.0));
#1676=AXIS2_PLACEMENT_3D('',#1673,#1674,#1675);
#1677=PLANE('',#1676);
#1678=CARTESIAN_POINT('',(-100.777402333832170,-3.083333333332001,-2.300000000000000));
#1679=VERTEX_POINT('',#1678);
#1680=CARTESIAN_POINT('',(-102.713903207297080,-1.333333333332001,-2.300000000000000));
#1681=VERTEX_POINT('',#1680);
#1682=CARTESIAN_POINT('',(-99.750000000000014,0.0,-2.300000000000000));
#1683=DIRECTION('',(0.0,0.0,-1.0));
#1684=DIRECTION('',(0.0,1.0,0.0));
#1685=AXIS2_PLACEMENT_3D('',#1682,#1683,#1684);
#1686=CIRCLE('',#1685,3.250000000000000);
#1687=EDGE_CURVE('',#1679,#1681,#1686,.T.);
#1688=ORIENTED_EDGE('',*,*,#1687,.F.);
#1689=CARTESIAN_POINT('',(-108.0,-3.083333333332001,-2.300000000000000));
#1690=VERTEX_POINT('',#1689);
#1691=CARTESIAN_POINT('',(-108.0,-3.083333333332001,-2.300000000000000));
#1692=DIRECTION('',(1.0,0.0,0.0));
#1693=VECTOR('',#1692,7.222597666167843);
#1694=LINE('',#1691,#1693);
#1695=EDGE_CURVE('',#1690,#1679,#1694,.T.);
#1696=ORIENTED_EDGE('',*,*,#1695,.F.);
#1697=CARTESIAN_POINT('',(-108.0,-1.333333333332001,-2.300000000000000));
#1698=VERTEX_POINT('',#1697);
#1699=CARTESIAN_POINT('',(-108.0,-1.333333333332001,-2.300000000000000));
#1700=DIRECTION('',(0.0,-1.0,0.0));
#1701=VECTOR('',#1700,1.750000000000000);
#1702=LINE('',#1699,#1701);
#1703=EDGE_CURVE('',#1698,#1690,#1702,.T.);
#1704=ORIENTED_EDGE('',*,*,#1703,.F.);
#1705=CARTESIAN_POINT('',(-108.0,-1.333333333332001,-2.300000000000000));
#1706=DIRECTION('',(1.0,0.0,0.0));
#1707=VECTOR('',#1706,5.286096792702921);
#1708=LINE('',#1705,#1707);
#1709=EDGE_CURVE('',#1698,#1681,#1708,.T.);
#1710=ORIENTED_EDGE('',*,*,#1709,.T.);
#1711=EDGE_LOOP('',(#1688,#1696,#1704,#1710));
#1712=FACE_OUTER_BOUND('',#1711,.T.);
#1713=ADVANCED_FACE('',(#1712),#1677,.F.);
#1714=CARTESIAN_POINT('',(-108.0,-3.083333333332001,-2.300000000000000));
#1715=DIRECTION('',(0.0,0.0,1.0));
#1716=DIRECTION('',(1.0,0.0,0.0));
#1717=AXIS2_PLACEMENT_3D('',#1714,#1715,#1716);
#1718=PLANE('',#1717);
#1719=CARTESIAN_POINT('',(102.713903207297080,-1.333333333332001,-2.300000000000000));
#1720=VERTEX_POINT('',#1719);
#1721=CARTESIAN_POINT('',(100.777402333832170,-3.083333333332001,-2.300000000000000));
#1722=VERTEX_POINT('',#1721);
#1723=CARTESIAN_POINT('',(99.750000000000014,0.0,-2.300000000000000));
#1724=DIRECTION('',(0.0,0.0,-1.0));
#1725=DIRECTION('',(0.0,-1.0,0.0));
#1726=AXIS2_PLACEMENT_3D('',#1723,#1724,#1725);
#1727=CIRCLE('',#1726,3.250000000000000);
#1728=EDGE_CURVE('',#1720,#1722,#1727,.T.);
#1729=ORIENTED_EDGE('',*,*,#1728,.F.);
#1730=CARTESIAN_POINT('',(108.0,-1.333333333332001,-2.300000000000000));
#1731=VERTEX_POINT('',#1730);
#1732=CARTESIAN_POINT('',(102.713903207297080,-1.333333333332001,-2.300000000000000));
#1733=DIRECTION('',(1.0,0.0,0.0));
#1734=VECTOR('',#1733,5.286096792702921);
#1735=LINE('',#1732,#1734);
#1736=EDGE_CURVE('',#1720,#1731,#1735,.T.);
#1737=ORIENTED_EDGE('',*,*,#1736,.T.);
#1738=CARTESIAN_POINT('',(108.0,-3.083333333332001,-2.300000000000000));
#1739=VERTEX_POINT('',#1738);
#1740=CARTESIAN_POINT('',(108.0,-3.083333333332002,-2.300000000000000));
#1741=DIRECTION('',(0.0,1.0,0.0));
#1742=VECTOR('',#1741,1.750000000000001);
#1743=LINE('',#1740,#1742);
#1744=EDGE_CURVE('',#1739,#1731,#1743,.T.);
#1745=ORIENTED_EDGE('',*,*,#1744,.F.);
#1746=CARTESIAN_POINT('',(100.777402333832190,-3.083333333332001,-2.300000000000000));
#1747=DIRECTION('',(1.0,0.0,0.0));
#1748=VECTOR('',#1747,7.222597666167815);
#1749=LINE('',#1746,#1748);
#1750=EDGE_CURVE('',#1722,#1739,#1749,.T.);
#1751=ORIENTED_EDGE('',*,*,#1750,.F.);
#1752=EDGE_LOOP('',(#1729,#1737,#1745,#1751));
#1753=FACE_OUTER_BOUND('',#1752,.T.);
#1754=ADVANCED_FACE('',(#1753),#1718,.F.);
#1755=CARTESIAN_POINT('',(-108.0,-1.333333333332001,-2.300000000000000));
#1756=DIRECTION('',(0.0,1.0,0.0));
#1757=DIRECTION('',(0.0,0.0,1.0));
#1758=AXIS2_PLACEMENT_3D('',#1755,#1756,#1757);
#1759=PLANE('',#1758);
#1760=CARTESIAN_POINT('',(-102.713903207297080,-1.333333333332001,-2.500000000000000));
#1761=VERTEX_POINT('',#1760);
#1762=CARTESIAN_POINT('',(-102.713903207297080,-1.333333333332001,-2.300000000000000));
#1763=DIRECTION('',(0.0,0.0,-1.0));
#1764=VECTOR('',#1763,0.200000000000000);
#1765=LINE('',#1762,#1764);
#1766=EDGE_CURVE('',#1681,#1761,#1765,.T.);
#1767=ORIENTED_EDGE('',*,*,#1766,.F.);
#1768=ORIENTED_EDGE('',*,*,#1709,.F.);
#1769=CARTESIAN_POINT('',(-108.0,-1.333333333332001,-2.500000000000000));
#1770=VERTEX_POINT('',#1769);
#1771=CARTESIAN_POINT('',(-108.0,-1.333333333332001,-2.500000000000000));
#1772=DIRECTION('',(0.0,0.0,1.0));
#1773=VECTOR('',#1772,0.200000000000000);
#1774=LINE('',#1771,#1773);
#1775=EDGE_CURVE('',#1770,#1698,#1774,.T.);
#1776=ORIENTED_EDGE('',*,*,#1775,.F.);
#1777=CARTESIAN_POINT('',(-102.713903207297080,-1.333333333332001,-2.500000000000000));
#1778=DIRECTION('',(-1.0,0.0,0.0));
#1779=VECTOR('',#1778,5.286096792702921);
#1780=LINE('',#1777,#1779);
#1781=EDGE_CURVE('',#1761,#1770,#1780,.T.);
#1782=ORIENTED_EDGE('',*,*,#1781,.F.);
#1783=EDGE_LOOP('',(#1767,#1768,#1776,#1782));
#1784=FACE_OUTER_BOUND('',#1783,.T.);
#1785=ADVANCED_FACE('',(#1784),#1759,.F.);
#1786=CARTESIAN_POINT('',(-108.0,-1.333333333332001,-2.300000000000000));
#1787=DIRECTION('',(0.0,1.0,0.0));
#1788=DIRECTION('',(0.0,0.0,1.0));
#1789=AXIS2_PLACEMENT_3D('',#1786,#1787,#1788);
#1790=PLANE('',#1789);
#1791=CARTESIAN_POINT('',(102.713903207297080,-1.333333333332001,-2.500000000000000));
#1792=VERTEX_POINT('',#1791);
#1793=CARTESIAN_POINT('',(102.713903207297080,-1.333333333332001,-2.500000000000000));
#1794=DIRECTION('',(0.0,0.0,1.0));
#1795=VECTOR('',#1794,0.200000000000000);
#1796=LINE('',#1793,#1795);
#1797=EDGE_CURVE('',#1792,#1720,#1796,.T.);
#1798=ORIENTED_EDGE('',*,*,#1797,.F.);
#1799=CARTESIAN_POINT('',(108.0,-1.333333333332001,-2.500000000000000));
#1800=VERTEX_POINT('',#1799);
#1801=CARTESIAN_POINT('',(108.000000000000030,-1.333333333332001,-2.500000000000000));
#1802=DIRECTION('',(-1.0,0.0,0.0));
#1803=VECTOR('',#1802,5.286096792702949);
#1804=LINE('',#1801,#1803);
#1805=EDGE_CURVE('',#1800,#1792,#1804,.T.);
#1806=ORIENTED_EDGE('',*,*,#1805,.F.);
#1807=CARTESIAN_POINT('',(108.0,-1.333333333332001,-2.300000000000000));
#1808=DIRECTION('',(0.0,0.0,-1.0));
#1809=VECTOR('',#1808,0.200000000000000);
#1810=LINE('',#1807,#1809);
#1811=EDGE_CURVE('',#1731,#1800,#1810,.T.);
#1812=ORIENTED_EDGE('',*,*,#1811,.F.);
#1813=ORIENTED_EDGE('',*,*,#1736,.F.);
#1814=EDGE_LOOP('',(#1798,#1806,#1812,#1813));
#1815=FACE_OUTER_BOUND('',#1814,.T.);
#1816=ADVANCED_FACE('',(#1815),#1790,.F.);
#1817=CARTESIAN_POINT('',(-108.0,-1.333333333332001,-2.300000000000000));
#1818=DIRECTION('',(0.0,1.0,0.0));
#1819=DIRECTION('',(0.0,0.0,1.0));
#1820=AXIS2_PLACEMENT_3D('',#1817,#1818,#1819);
#1821=PLANE('',#1820);
#1822=CARTESIAN_POINT('',(87.786096792702963,-1.333333333332001,-2.300000000000000));
#1823=VERTEX_POINT('',#1822);
#1824=CARTESIAN_POINT('',(87.786096792702963,-1.333333333332001,-2.500000000000000));
#1825=VERTEX_POINT('',#1824);
#1826=CARTESIAN_POINT('',(87.786096792702963,-1.333333333332001,-2.300000000000000));
#1827=DIRECTION('',(0.0,0.0,-1.0));
#1828=VECTOR('',#1827,0.200000000000000);
#1829=LINE('',#1826,#1828);
#1830=EDGE_CURVE('',#1823,#1825,#1829,.T.);
#1831=ORIENTED_EDGE('',*,*,#1830,.F.);
#1832=CARTESIAN_POINT('',(-87.786096792702963,-1.333333333332001,-2.300000000000000));
#1833=VERTEX_POINT('',#1832);
#1834=CARTESIAN_POINT('',(-87.786096792702949,-1.333333333332001,-2.300000000000000));
#1835=DIRECTION('',(1.0,0.0,0.0));
#1836=VECTOR('',#1835,175.572193585405930);
#1837=LINE('',#1834,#1836);
#1838=EDGE_CURVE('',#1833,#1823,#1837,.T.);
#1839=ORIENTED_EDGE('',*,*,#1838,.F.);
#1840=CARTESIAN_POINT('',(-87.786096792702963,-1.333333333332001,-2.500000000000000));
#1841=VERTEX_POINT('',#1840);
#1842=CARTESIAN_POINT('',(-87.786096792702963,-1.333333333332001,-2.500000000000000));
#1843=DIRECTION('',(0.0,0.0,1.0));
#1844=VECTOR('',#1843,0.200000000000000);
#1845=LINE('',#1842,#1844);
#1846=EDGE_CURVE('',#1841,#1833,#1845,.T.);
#1847=ORIENTED_EDGE('',*,*,#1846,.F.);
#1848=CARTESIAN_POINT('',(87.786096792702978,-1.333333333332001,-2.500000000000000));
#1849=DIRECTION('',(-1.0,0.0,0.0));
#1850=VECTOR('',#1849,175.572193585405960);
#1851=LINE('',#1848,#1850);
#1852=EDGE_CURVE('',#1825,#1841,#1851,.T.);
#1853=ORIENTED_EDGE('',*,*,#1852,.F.);
#1854=EDGE_LOOP('',(#1831,#1839,#1847,#1853));
#1855=FACE_OUTER_BOUND('',#1854,.T.);
#1856=ADVANCED_FACE('',(#1855),#1821,.F.);
#1857=CARTESIAN_POINT('',(-108.0,-3.083333333332002,-2.500000000000000));
#1858=DIRECTION('',(0.0,-1.0,0.0));
#1859=DIRECTION('',(0.0,0.0,-1.0));
#1860=AXIS2_PLACEMENT_3D('',#1857,#1858,#1859);
#1861=PLANE('',#1860);
#1862=CARTESIAN_POINT('',(-100.777402333832170,-3.083333333332002,-2.500000000000000));
#1863=VERTEX_POINT('',#1862);
#1864=CARTESIAN_POINT('',(-100.777402333832190,-3.083333333331995,-2.500000000000000));
#1865=DIRECTION('',(0.0,0.0,1.0));
#1866=VECTOR('',#1865,0.200000000000000);
#1867=LINE('',#1864,#1866);
#1868=EDGE_CURVE('',#1863,#1679,#1867,.T.);
#1869=ORIENTED_EDGE('',*,*,#1868,.F.);
#1870=CARTESIAN_POINT('',(-108.0,-3.083333333332002,-2.500000000000000));
#1871=VERTEX_POINT('',#1870);
#1872=CARTESIAN_POINT('',(-108.0,-3.083333333332001,-2.500000000000000));
#1873=DIRECTION('',(1.0,0.0,0.0));
#1874=VECTOR('',#1873,7.222597666167829);
#1875=LINE('',#1872,#1874);
#1876=EDGE_CURVE('',#1871,#1863,#1875,.T.);
#1877=ORIENTED_EDGE('',*,*,#1876,.F.);
#1878=CARTESIAN_POINT('',(-108.0,-3.083333333332001,-2.300000000000000));
#1879=DIRECTION('',(0.0,0.0,-1.0));
#1880=VECTOR('',#1879,0.200000000000000);
#1881=LINE('',#1878,#1880);
#1882=EDGE_CURVE('',#1690,#1871,#1881,.T.);
#1883=ORIENTED_EDGE('',*,*,#1882,.F.);
#1884=ORIENTED_EDGE('',*,*,#1695,.T.);
#1885=EDGE_LOOP('',(#1869,#1877,#1883,#1884));
#1886=FACE_OUTER_BOUND('',#1885,.T.);
#1887=ADVANCED_FACE('',(#1886),#1861,.F.);
#1888=CARTESIAN_POINT('',(-108.0,-3.083333333332002,-2.500000000000000));
#1889=DIRECTION('',(0.0,-1.0,0.0));
#1890=DIRECTION('',(0.0,0.0,-1.0));
#1891=AXIS2_PLACEMENT_3D('',#1888,#1889,#1890);
#1892=PLANE('',#1891);
#1893=CARTESIAN_POINT('',(100.777402333832170,-3.083333333332002,-2.500000000000000));
#1894=VERTEX_POINT('',#1893);
#1895=CARTESIAN_POINT('',(100.777402333832190,-3.083333333331995,-2.300000000000000));
#1896=DIRECTION('',(0.0,0.0,-1.0));
#1897=VECTOR('',#1896,0.200000000000000);
#1898=LINE('',#1895,#1897);
#1899=EDGE_CURVE('',#1722,#1894,#1898,.T.);
#1900=ORIENTED_EDGE('',*,*,#1899,.F.);
#1901=ORIENTED_EDGE('',*,*,#1750,.T.);
#1902=CARTESIAN_POINT('',(108.0,-3.083333333332002,-2.500000000000000));
#1903=VERTEX_POINT('',#1902);
#1904=CARTESIAN_POINT('',(108.0,-3.083333333332003,-2.500000000000000));
#1905=DIRECTION('',(0.0,0.0,1.0));
#1906=VECTOR('',#1905,0.200000000000000);
#1907=LINE('',#1904,#1906);
#1908=EDGE_CURVE('',#1903,#1739,#1907,.T.);
#1909=ORIENTED_EDGE('',*,*,#1908,.F.);
#1910=CARTESIAN_POINT('',(100.777402333832190,-3.083333333332001,-2.500000000000000));
#1911=DIRECTION('',(1.0,0.0,0.0));
#1912=VECTOR('',#1911,7.222597666167843);
#1913=LINE('',#1910,#1912);
#1914=EDGE_CURVE('',#1894,#1903,#1913,.T.);
#1915=ORIENTED_EDGE('',*,*,#1914,.F.);
#1916=EDGE_LOOP('',(#1900,#1901,#1909,#1915));
#1917=FACE_OUTER_BOUND('',#1916,.T.);
#1918=ADVANCED_FACE('',(#1917),#1892,.F.);
#1919=CARTESIAN_POINT('',(-108.0,-3.083333333332002,-2.500000000000000));
#1920=DIRECTION('',(0.0,-1.0,0.0));
#1921=DIRECTION('',(0.0,0.0,-1.0));
#1922=AXIS2_PLACEMENT_3D('',#1919,#1920,#1921);
#1923=PLANE('',#1922);
#1924=CARTESIAN_POINT('',(89.722597666167857,-3.083333333332002,-2.500000000000000));
#1925=VERTEX_POINT('',#1924);
#1926=CARTESIAN_POINT('',(89.722597666167857,-3.083333333332001,-2.300000000000000));
#1927=VERTEX_POINT('',#1926);
#1928=CARTESIAN_POINT('',(89.722597666167843,-3.083333333331995,-2.500000000000000));
#1929=DIRECTION('',(0.0,0.0,1.0));
#1930=VECTOR('',#1929,0.200000000000000);
#1931=LINE('',#1928,#1930);
#1932=EDGE_CURVE('',#1925,#1927,#1931,.T.);
#1933=ORIENTED_EDGE('',*,*,#1932,.F.);
#1934=CARTESIAN_POINT('',(-89.722597666167857,-3.083333333332002,-2.500000000000000));
#1935=VERTEX_POINT('',#1934);
#1936=CARTESIAN_POINT('',(-89.722597666167843,-3.083333333332001,-2.500000000000000));
#1937=DIRECTION('',(1.0,0.0,0.0));
#1938=VECTOR('',#1937,179.445195332335710);
#1939=LINE('',#1936,#1938);
#1940=EDGE_CURVE('',#1935,#1925,#1939,.T.);
#1941=ORIENTED_EDGE('',*,*,#1940,.F.);
#1942=CARTESIAN_POINT('',(-89.722597666167857,-3.083333333332001,-2.300000000000000));
#1943=VERTEX_POINT('',#1942);
#1944=CARTESIAN_POINT('',(-89.722597666167843,-3.083333333331995,-2.300000000000000));
#1945=DIRECTION('',(0.0,0.0,-1.0));
#1946=VECTOR('',#1945,0.200000000000000);
#1947=LINE('',#1944,#1946);
#1948=EDGE_CURVE('',#1943,#1935,#1947,.T.);
#1949=ORIENTED_EDGE('',*,*,#1948,.F.);
#1950=CARTESIAN_POINT('',(-89.722597666167843,-3.083333333332001,-2.300000000000000));
#1951=DIRECTION('',(1.0,0.0,0.0));
#1952=VECTOR('',#1951,179.445195332335690);
#1953=LINE('',#1950,#1952);
#1954=EDGE_CURVE('',#1943,#1927,#1953,.T.);
#1955=ORIENTED_EDGE('',*,*,#1954,.T.);
#1956=EDGE_LOOP('',(#1933,#1941,#1949,#1955));
#1957=FACE_OUTER_BOUND('',#1956,.T.);
#1958=ADVANCED_FACE('',(#1957),#1923,.F.);
#1959=CARTESIAN_POINT('',(-108.0,-3.083333333332001,-2.300000000000000));
#1960=DIRECTION('',(0.0,0.0,1.0));
#1961=DIRECTION('',(1.0,0.0,0.0));
#1962=AXIS2_PLACEMENT_3D('',#1959,#1960,#1961);
#1963=PLANE('',#1962);
#1964=CARTESIAN_POINT('',(90.750000000000014,0.0,-2.300000000000000));
#1965=DIRECTION('',(0.0,0.0,-1.0));
#1966=DIRECTION('',(0.0,1.0,0.0));
#1967=AXIS2_PLACEMENT_3D('',#1964,#1965,#1966);
#1968=CIRCLE('',#1967,3.250000000000000);
#1969=EDGE_CURVE('',#1927,#1823,#1968,.T.);
#1970=ORIENTED_EDGE('',*,*,#1969,.F.);
#1971=ORIENTED_EDGE('',*,*,#1954,.F.);
#1972=CARTESIAN_POINT('',(-90.750000000000014,0.0,-2.300000000000000));
#1973=DIRECTION('',(0.0,0.0,-1.0));
#1974=DIRECTION('',(0.0,-1.0,0.0));
#1975=AXIS2_PLACEMENT_3D('',#1972,#1973,#1974);
#1976=CIRCLE('',#1975,3.250000000000000);
#1977=EDGE_CURVE('',#1833,#1943,#1976,.T.);
#1978=ORIENTED_EDGE('',*,*,#1977,.F.);
#1979=ORIENTED_EDGE('',*,*,#1838,.T.);
#1980=EDGE_LOOP('',(#1970,#1971,#1978,#1979));
#1981=FACE_OUTER_BOUND('',#1980,.T.);
#1982=ADVANCED_FACE('',(#1981),#1963,.F.);
#1983=CARTESIAN_POINT('',(-108.0,-7.500000000000000,-2.300000000000000));
#1984=DIRECTION('',(0.0,0.0,1.0));
#1985=DIRECTION('',(1.0,0.0,0.0));
#1986=AXIS2_PLACEMENT_3D('',#1983,#1984,#1985);
#1987=PLANE('',#1986);
#1988=CARTESIAN_POINT('',(108.0,-7.500000000000000,-2.300000000000000));
#1989=VERTEX_POINT('',#1988);
#1990=CARTESIAN_POINT('',(108.0,-5.750000000000000,-2.300000000000000));
#1991=VERTEX_POINT('',#1990);
#1992=CARTESIAN_POINT('',(108.0,-7.499999999999999,-2.300000000000000));
#1993=DIRECTION('',(0.0,1.0,0.0));
#1994=VECTOR('',#1993,1.750000000000000);
#1995=LINE('',#1992,#1994);
#1996=EDGE_CURVE('',#1989,#1991,#1995,.T.);
#1997=ORIENTED_EDGE('',*,*,#1996,.F.);
#1998=CARTESIAN_POINT('',(93.0,-7.499999999999989,-2.300000000000000));
#1999=DIRECTION('',(1.0,0.0,0.0));
#2000=VECTOR('',#1999,15.0);
#2001=LINE('',#1998,#2000);
#2002=EDGE_CURVE('',#811,#1989,#2001,.T.);
#2003=ORIENTED_EDGE('',*,*,#2002,.F.);
#2004=CARTESIAN_POINT('',(-93.0,-7.500000000000000,-2.300000000000000));
#2005=VERTEX_POINT('',#2004);
#2006=CARTESIAN_POINT('',(-93.0,-7.500000000000000,-2.300000000000000));
#2007=DIRECTION('',(1.0,0.0,0.0));
#2008=VECTOR('',#2007,186.0);
#2009=LINE('',#2006,#2008);
#2010=EDGE_CURVE('',#2005,#811,#2009,.T.);
#2011=ORIENTED_EDGE('',*,*,#2010,.F.);
#2012=CARTESIAN_POINT('',(-108.0,-7.500000000000000,-2.300000000000000));
#2013=VERTEX_POINT('',#2012);
#2014=CARTESIAN_POINT('',(-108.0,-7.500000000000013,-2.300000000000000));
#2015=DIRECTION('',(1.0,0.0,0.0));
#2016=VECTOR('',#2015,15.0);
#2017=LINE('',#2014,#2016);
#2018=EDGE_CURVE('',#2013,#2005,#2017,.T.);
#2019=ORIENTED_EDGE('',*,*,#2018,.F.);
#2020=CARTESIAN_POINT('',(-108.0,-5.750000000000000,-2.300000000000000));
#2021=VERTEX_POINT('',#2020);
#2022=CARTESIAN_POINT('',(-108.0,-5.750000000000000,-2.300000000000000));
#2023=DIRECTION('',(0.0,-1.0,0.0));
#2024=VECTOR('',#2023,1.750000000000000);
#2025=LINE('',#2022,#2024);
#2026=EDGE_CURVE('',#2021,#2013,#2025,.T.);
#2027=ORIENTED_EDGE('',*,*,#2026,.F.);
#2028=CARTESIAN_POINT('',(-108.0,-5.750000000000000,-2.300000000000000));
#2029=DIRECTION('',(1.0,0.0,0.0));
#2030=VECTOR('',#2029,216.0);
#2031=LINE('',#2028,#2030);
#2032=EDGE_CURVE('',#2021,#1991,#2031,.T.);
#2033=ORIENTED_EDGE('',*,*,#2032,.T.);
#2034=EDGE_LOOP('',(#1997,#2003,#2011,#2019,#2027,#2033));
#2035=FACE_OUTER_BOUND('',#2034,.T.);
#2036=ADVANCED_FACE('',(#2035),#1987,.F.);
#2037=CARTESIAN_POINT('',(-108.0,-5.750000000000000,-2.300000000000000));
#2038=DIRECTION('',(0.0,1.0,0.0));
#2039=DIRECTION('',(0.0,0.0,1.0));
#2040=AXIS2_PLACEMENT_3D('',#2037,#2038,#2039);
#2041=PLANE('',#2040);
#2042=CARTESIAN_POINT('',(108.0,-5.750000000000000,-2.500000000000000));
#2043=VERTEX_POINT('',#2042);
#2044=CARTESIAN_POINT('',(108.0,-5.750000000000000,-2.300000000000000));
#2045=DIRECTION('',(0.0,0.0,-1.0));
#2046=VECTOR('',#2045,0.200000000000000);
#2047=LINE('',#2044,#2046);
#2048=EDGE_CURVE('',#1991,#2043,#2047,.T.);
#2049=ORIENTED_EDGE('',*,*,#2048,.F.);
#2050=ORIENTED_EDGE('',*,*,#2032,.F.);
#2051=CARTESIAN_POINT('',(-108.0,-5.750000000000000,-2.500000000000000));
#2052=VERTEX_POINT('',#2051);
#2053=CARTESIAN_POINT('',(-108.0,-5.749999999999999,-2.500000000000000));
#2054=DIRECTION('',(0.0,0.0,1.0));
#2055=VECTOR('',#2054,0.200000000000000);
#2056=LINE('',#2053,#2055);
#2057=EDGE_CURVE('',#2052,#2021,#2056,.T.);
#2058=ORIENTED_EDGE('',*,*,#2057,.F.);
#2059=CARTESIAN_POINT('',(108.000000000000030,-5.750000000000000,-2.500000000000000));
#2060=DIRECTION('',(-1.0,0.0,0.0));
#2061=VECTOR('',#2060,216.000000000000030);
#2062=LINE('',#2059,#2061);
#2063=EDGE_CURVE('',#2043,#2052,#2062,.T.);
#2064=ORIENTED_EDGE('',*,*,#2063,.F.);
#2065=EDGE_LOOP('',(#2049,#2050,#2058,#2064));
#2066=FACE_OUTER_BOUND('',#2065,.T.);
#2067=ADVANCED_FACE('',(#2066),#2041,.F.);
#2068=CARTESIAN_POINT('',(-108.0,-7.500000000000000,-2.500000000000000));
#2069=DIRECTION('',(0.0,-1.0,0.0));
#2070=DIRECTION('',(0.0,0.0,-1.0));
#2071=AXIS2_PLACEMENT_3D('',#2068,#2069,#2070);
#2072=PLANE('',#2071);
#2073=ORIENTED_EDGE('',*,*,#816,.F.);
#2074=ORIENTED_EDGE('',*,*,#907,.F.);
#2075=CARTESIAN_POINT('',(-93.0,-7.500000000000011,-2.500000000000000));
#2076=DIRECTION('',(0.0,0.0,1.0));
#2077=VECTOR('',#2076,0.200000000000000);
#2078=LINE('',#2075,#2077);
#2079=EDGE_CURVE('',#887,#2005,#2078,.T.);
#2080=ORIENTED_EDGE('',*,*,#2079,.T.);
#2081=ORIENTED_EDGE('',*,*,#2010,.T.);
#2082=EDGE_LOOP('',(#2073,#2074,#2080,#2081));
#2083=FACE_OUTER_BOUND('',#2082,.T.);
#2084=ADVANCED_FACE('',(#2083),#2072,.F.);
#2085=CARTESIAN_POINT('',(-108.0,-0.874999999999001,-2.300000000000000));
#2086=DIRECTION('',(0.0,0.0,1.0));
#2087=DIRECTION('',(1.0,0.0,0.0));
#2088=AXIS2_PLACEMENT_3D('',#2085,#2086,#2087);
#2089=PLANE('',#2088);
#2090=CARTESIAN_POINT('',(-102.879996006387530,-0.874999999999001,-2.300000000000000));
#2091=VERTEX_POINT('',#2090);
#2092=CARTESIAN_POINT('',(-102.879996006386970,0.875000000000999,-2.300000000000000));
#2093=VERTEX_POINT('',#2092);
#2094=CARTESIAN_POINT('',(-99.750000000000014,0.0,-2.300000000000000));
#2095=DIRECTION('',(0.0,0.0,-1.0));
#2096=DIRECTION('',(0.0,1.0,0.0));
#2097=AXIS2_PLACEMENT_3D('',#2094,#2095,#2096);
#2098=CIRCLE('',#2097,3.250000000000000);
#2099=EDGE_CURVE('',#2091,#2093,#2098,.T.);
#2100=ORIENTED_EDGE('',*,*,#2099,.F.);
#2101=CARTESIAN_POINT('',(-108.0,-0.874999999999001,-2.300000000000000));
#2102=VERTEX_POINT('',#2101);
#2103=CARTESIAN_POINT('',(-108.0,-0.874999999999001,-2.300000000000000));
#2104=DIRECTION('',(1.0,0.0,0.0));
#2105=VECTOR('',#2104,5.120003993612485);
#2106=LINE('',#2103,#2105);
#2107=EDGE_CURVE('',#2102,#2091,#2106,.T.);
#2108=ORIENTED_EDGE('',*,*,#2107,.F.);
#2109=CARTESIAN_POINT('',(-108.0,0.875000000000999,-2.300000000000000));
#2110=VERTEX_POINT('',#2109);
#2111=CARTESIAN_POINT('',(-108.0,0.875000000001000,-2.300000000000000));
#2112=DIRECTION('',(0.0,-1.0,0.0));
#2113=VECTOR('',#2112,1.750000000000001);
#2114=LINE('',#2111,#2113);
#2115=EDGE_CURVE('',#2110,#2102,#2114,.T.);
#2116=ORIENTED_EDGE('',*,*,#2115,.F.);
#2117=CARTESIAN_POINT('',(-108.0,0.875000000000999,-2.300000000000000));
#2118=DIRECTION('',(1.0,0.0,0.0));
#2119=VECTOR('',#2118,5.120003993613040);
#2120=LINE('',#2117,#2119);
#2121=EDGE_CURVE('',#2110,#2093,#2120,.T.);
#2122=ORIENTED_EDGE('',*,*,#2121,.T.);
#2123=EDGE_LOOP('',(#2100,#2108,#2116,#2122));
#2124=FACE_OUTER_BOUND('',#2123,.T.);
#2125=ADVANCED_FACE('',(#2124),#2089,.F.);
#2126=CARTESIAN_POINT('',(-108.0,-0.874999999999001,-2.300000000000000));
#2127=DIRECTION('',(0.0,0.0,1.0));
#2128=DIRECTION('',(1.0,0.0,0.0));
#2129=AXIS2_PLACEMENT_3D('',#2126,#2127,#2128);
#2130=PLANE('',#2129);
#2131=CARTESIAN_POINT('',(102.879996006386970,0.875000000000999,-2.300000000000000));
#2132=VERTEX_POINT('',#2131);
#2133=CARTESIAN_POINT('',(102.879996006387530,-0.874999999999001,-2.300000000000000));
#2134=VERTEX_POINT('',#2133);
#2135=CARTESIAN_POINT('',(99.750000000000014,0.0,-2.300000000000000));
#2136=DIRECTION('',(0.0,0.0,-1.0));
#2137=DIRECTION('',(0.0,-1.0,0.0));
#2138=AXIS2_PLACEMENT_3D('',#2135,#2136,#2137);
#2139=CIRCLE('',#2138,3.250000000000000);
#2140=EDGE_CURVE('',#2132,#2134,#2139,.T.);
#2141=ORIENTED_EDGE('',*,*,#2140,.F.);
#2142=CARTESIAN_POINT('',(108.0,0.875000000000999,-2.300000000000000));
#2143=VERTEX_POINT('',#2142);
#2144=CARTESIAN_POINT('',(102.879996006386960,0.875000000000999,-2.300000000000000));
#2145=DIRECTION('',(1.0,0.0,0.0));
#2146=VECTOR('',#2145,5.120003993613040);
#2147=LINE('',#2144,#2146);
#2148=EDGE_CURVE('',#2132,#2143,#2147,.T.);
#2149=ORIENTED_EDGE('',*,*,#2148,.T.);
#2150=CARTESIAN_POINT('',(108.0,-0.874999999999001,-2.300000000000000));
#2151=VERTEX_POINT('',#2150);
#2152=CARTESIAN_POINT('',(108.0,-0.874999999999001,-2.300000000000000));
#2153=DIRECTION('',(0.0,1.0,0.0));
#2154=VECTOR('',#2153,1.750000000000000);
#2155=LINE('',#2152,#2154);
#2156=EDGE_CURVE('',#2151,#2143,#2155,.T.);
#2157=ORIENTED_EDGE('',*,*,#2156,.F.);
#2158=CARTESIAN_POINT('',(102.879996006387530,-0.874999999999001,-2.300000000000000));
#2159=DIRECTION('',(1.0,0.0,0.0));
#2160=VECTOR('',#2159,5.120003993612471);
#2161=LINE('',#2158,#2160);
#2162=EDGE_CURVE('',#2134,#2151,#2161,.T.);
#2163=ORIENTED_EDGE('',*,*,#2162,.F.);
#2164=EDGE_LOOP('',(#2141,#2149,#2157,#2163));
#2165=FACE_OUTER_BOUND('',#2164,.T.);
#2166=ADVANCED_FACE('',(#2165),#2130,.F.);
#2167=CARTESIAN_POINT('',(-108.0,0.875000000000999,-2.300000000000000));
#2168=DIRECTION('',(0.0,1.0,0.0));
#2169=DIRECTION('',(0.0,0.0,1.0));
#2170=AXIS2_PLACEMENT_3D('',#2167,#2168,#2169);
#2171=PLANE('',#2170);
#2172=CARTESIAN_POINT('',(-102.879996006386970,0.875000000000998,-2.500000000000000));
#2173=VERTEX_POINT('',#2172);
#2174=CARTESIAN_POINT('',(-102.879996006386960,0.875000000001012,-2.300000000000000));
#2175=DIRECTION('',(0.0,0.0,-1.0));
#2176=VECTOR('',#2175,0.200000000000000);
#2177=LINE('',#2174,#2176);
#2178=EDGE_CURVE('',#2093,#2173,#2177,.T.);
#2179=ORIENTED_EDGE('',*,*,#2178,.F.);
#2180=ORIENTED_EDGE('',*,*,#2121,.F.);
#2181=CARTESIAN_POINT('',(-108.0,0.875000000000998,-2.500000000000000));
#2182=VERTEX_POINT('',#2181);
#2183=CARTESIAN_POINT('',(-108.0,0.875000000000998,-2.500000000000000));
#2184=DIRECTION('',(0.0,0.0,1.0));
#2185=VECTOR('',#2184,0.200000000000000);
#2186=LINE('',#2183,#2185);
#2187=EDGE_CURVE('',#2182,#2110,#2186,.T.);
#2188=ORIENTED_EDGE('',*,*,#2187,.F.);
#2189=CARTESIAN_POINT('',(-102.879996006386960,0.875000000000998,-2.500000000000000));
#2190=DIRECTION('',(-1.0,0.0,0.0));
#2191=VECTOR('',#2190,5.120003993613040);
#2192=LINE('',#2189,#2191);
#2193=EDGE_CURVE('',#2173,#2182,#2192,.T.);
#2194=ORIENTED_EDGE('',*,*,#2193,.F.);
#2195=EDGE_LOOP('',(#2179,#2180,#2188,#2194));
#2196=FACE_OUTER_BOUND('',#2195,.T.);
#2197=ADVANCED_FACE('',(#2196),#2171,.F.);
#2198=CARTESIAN_POINT('',(-108.0,0.875000000000999,-2.300000000000000));
#2199=DIRECTION('',(0.0,1.0,0.0));
#2200=DIRECTION('',(0.0,0.0,1.0));
#2201=AXIS2_PLACEMENT_3D('',#2198,#2199,#2200);
#2202=PLANE('',#2201);
#2203=CARTESIAN_POINT('',(102.879996006386970,0.875000000000998,-2.500000000000000));
#2204=VERTEX_POINT('',#2203);
#2205=CARTESIAN_POINT('',(102.879996006386960,0.875000000001012,-2.500000000000000));
#2206=DIRECTION('',(0.0,0.0,1.0));
#2207=VECTOR('',#2206,0.200000000000000);
#2208=LINE('',#2205,#2207);
#2209=EDGE_CURVE('',#2204,#2132,#2208,.T.);
#2210=ORIENTED_EDGE('',*,*,#2209,.F.);
#2211=CARTESIAN_POINT('',(108.0,0.875000000000998,-2.500000000000000));
#2212=VERTEX_POINT('',#2211);
#2213=CARTESIAN_POINT('',(108.000000000000030,0.875000000000998,-2.500000000000000));
#2214=DIRECTION('',(-1.0,0.0,0.0));
#2215=VECTOR('',#2214,5.120003993613040);
#2216=LINE('',#2213,#2215);
#2217=EDGE_CURVE('',#2212,#2204,#2216,.T.);
#2218=ORIENTED_EDGE('',*,*,#2217,.F.);
#2219=CARTESIAN_POINT('',(108.0,0.875000000000999,-2.300000000000000));
#2220=DIRECTION('',(0.0,0.0,-1.0));
#2221=VECTOR('',#2220,0.200000000000000);
#2222=LINE('',#2219,#2221);
#2223=EDGE_CURVE('',#2143,#2212,#2222,.T.);
#2224=ORIENTED_EDGE('',*,*,#2223,.F.);
#2225=ORIENTED_EDGE('',*,*,#2148,.F.);
#2226=EDGE_LOOP('',(#2210,#2218,#2224,#2225));
#2227=FACE_OUTER_BOUND('',#2226,.T.);
#2228=ADVANCED_FACE('',(#2227),#2202,.F.);
#2229=CARTESIAN_POINT('',(-108.0,0.875000000000999,-2.300000000000000));
#2230=DIRECTION('',(0.0,1.0,0.0));
#2231=DIRECTION('',(0.0,0.0,1.0));
#2232=AXIS2_PLACEMENT_3D('',#2229,#2230,#2231);
#2233=PLANE('',#2232);
#2234=CARTESIAN_POINT('',(87.620003993613054,0.875000000000999,-2.300000000000000));
#2235=VERTEX_POINT('',#2234);
#2236=CARTESIAN_POINT('',(87.620003993613054,0.875000000000998,-2.500000000000000));
#2237=VERTEX_POINT('',#2236);
#2238=CARTESIAN_POINT('',(87.620003993613068,0.875000000001012,-2.300000000000000));
#2239=DIRECTION('',(0.0,0.0,-1.0));
#2240=VECTOR('',#2239,0.200000000000000);
#2241=LINE('',#2238,#2240);
#2242=EDGE_CURVE('',#2235,#2237,#2241,.T.);
#2243=ORIENTED_EDGE('',*,*,#2242,.F.);
#2244=CARTESIAN_POINT('',(-87.620003993613054,0.875000000000999,-2.300000000000000));
#2245=VERTEX_POINT('',#2244);
#2246=CARTESIAN_POINT('',(-87.620003993613039,0.875000000000999,-2.300000000000000));
#2247=DIRECTION('',(1.0,0.0,0.0));
#2248=VECTOR('',#2247,175.240007987226110);
#2249=LINE('',#2246,#2248);
#2250=EDGE_CURVE('',#2245,#2235,#2249,.T.);
#2251=ORIENTED_EDGE('',*,*,#2250,.F.);
#2252=CARTESIAN_POINT('',(-87.620003993613054,0.875000000000998,-2.500000000000000));
#2253=VERTEX_POINT('',#2252);
#2254=CARTESIAN_POINT('',(-87.620003993613068,0.875000000001012,-2.500000000000000));
#2255=DIRECTION('',(0.0,0.0,1.0));
#2256=VECTOR('',#2255,0.200000000000000);
#2257=LINE('',#2254,#2256);
#2258=EDGE_CURVE('',#2253,#2245,#2257,.T.);
#2259=ORIENTED_EDGE('',*,*,#2258,.F.);
#2260=CARTESIAN_POINT('',(87.620003993613068,0.875000000000998,-2.500000000000000));
#2261=DIRECTION('',(-1.0,0.0,0.0));
#2262=VECTOR('',#2261,175.240007987226140);
#2263=LINE('',#2260,#2262);
#2264=EDGE_CURVE('',#2237,#2253,#2263,.T.);
#2265=ORIENTED_EDGE('',*,*,#2264,.F.);
#2266=EDGE_LOOP('',(#2243,#2251,#2259,#2265));
#2267=FACE_OUTER_BOUND('',#2266,.T.);
#2268=ADVANCED_FACE('',(#2267),#2233,.F.);
#2269=CARTESIAN_POINT('',(-108.0,-0.874999999999003,-2.500000000000000));
#2270=DIRECTION('',(0.0,-1.0,0.0));
#2271=DIRECTION('',(0.0,0.0,-1.0));
#2272=AXIS2_PLACEMENT_3D('',#2269,#2270,#2271);
#2273=PLANE('',#2272);
#2274=CARTESIAN_POINT('',(-102.879996006387530,-0.874999999999003,-2.500000000000000));
#2275=VERTEX_POINT('',#2274);
#2276=CARTESIAN_POINT('',(-102.879996006387530,-0.874999999998975,-2.500000000000000));
#2277=DIRECTION('',(0.0,0.0,1.0));
#2278=VECTOR('',#2277,0.200000000000000);
#2279=LINE('',#2276,#2278);
#2280=EDGE_CURVE('',#2275,#2091,#2279,.T.);
#2281=ORIENTED_EDGE('',*,*,#2280,.F.);
#2282=CARTESIAN_POINT('',(-108.0,-0.874999999999003,-2.500000000000000));
#2283=VERTEX_POINT('',#2282);
#2284=CARTESIAN_POINT('',(-108.0,-0.874999999999003,-2.500000000000000));
#2285=DIRECTION('',(1.0,0.0,0.0));
#2286=VECTOR('',#2285,5.120003993612485);
#2287=LINE('',#2284,#2286);
#2288=EDGE_CURVE('',#2283,#2275,#2287,.T.);
#2289=ORIENTED_EDGE('',*,*,#2288,.F.);
#2290=CARTESIAN_POINT('',(-108.0,-0.874999999999001,-2.300000000000000));
#2291=DIRECTION('',(0.0,0.0,-1.0));
#2292=VECTOR('',#2291,0.200000000000000);
#2293=LINE('',#2290,#2292);
#2294=EDGE_CURVE('',#2102,#2283,#2293,.T.);
#2295=ORIENTED_EDGE('',*,*,#2294,.F.);
#2296=ORIENTED_EDGE('',*,*,#2107,.T.);
#2297=EDGE_LOOP('',(#2281,#2289,#2295,#2296));
#2298=FACE_OUTER_BOUND('',#2297,.T.);
#2299=ADVANCED_FACE('',(#2298),#2273,.F.);
#2300=CARTESIAN_POINT('',(-108.0,-0.874999999999003,-2.500000000000000));
#2301=DIRECTION('',(0.0,-1.0,0.0));
#2302=DIRECTION('',(0.0,0.0,-1.0));
#2303=AXIS2_PLACEMENT_3D('',#2300,#2301,#2302);
#2304=PLANE('',#2303);
#2305=CARTESIAN_POINT('',(102.879996006387530,-0.874999999999003,-2.500000000000000));
#2306=VERTEX_POINT('',#2305);
#2307=CARTESIAN_POINT('',(102.879996006387530,-0.874999999998975,-2.300000000000000));
#2308=DIRECTION('',(0.0,0.0,-1.0));
#2309=VECTOR('',#2308,0.200000000000000);
#2310=LINE('',#2307,#2309);
#2311=EDGE_CURVE('',#2134,#2306,#2310,.T.);
#2312=ORIENTED_EDGE('',*,*,#2311,.F.);
#2313=ORIENTED_EDGE('',*,*,#2162,.T.);
#2314=CARTESIAN_POINT('',(108.0,-0.874999999999003,-2.500000000000000));
#2315=VERTEX_POINT('',#2314);
#2316=CARTESIAN_POINT('',(108.0,-0.874999999999003,-2.500000000000000));
#2317=DIRECTION('',(0.0,0.0,1.0));
#2318=VECTOR('',#2317,0.200000000000000);
#2319=LINE('',#2316,#2318);
#2320=EDGE_CURVE('',#2315,#2151,#2319,.T.);
#2321=ORIENTED_EDGE('',*,*,#2320,.F.);
#2322=CARTESIAN_POINT('',(102.879996006387530,-0.874999999999003,-2.500000000000000));
#2323=DIRECTION('',(1.0,0.0,0.0));
#2324=VECTOR('',#2323,5.120003993612500);
#2325=LINE('',#2322,#2324);
#2326=EDGE_CURVE('',#2306,#2315,#2325,.T.);
#2327=ORIENTED_EDGE('',*,*,#2326,.F.);
#2328=EDGE_LOOP('',(#2312,#2313,#2321,#2327));
#2329=FACE_OUTER_BOUND('',#2328,.T.);
#2330=ADVANCED_FACE('',(#2329),#2304,.F.);
#2331=CARTESIAN_POINT('',(-108.0,-0.874999999999003,-2.500000000000000));
#2332=DIRECTION('',(0.0,-1.0,0.0));
#2333=DIRECTION('',(0.0,0.0,-1.0));
#2334=AXIS2_PLACEMENT_3D('',#2331,#2332,#2333);
#2335=PLANE('',#2334);
#2336=CARTESIAN_POINT('',(87.620003993612499,-0.874999999999003,-2.500000000000000));
#2337=VERTEX_POINT('',#2336);
#2338=CARTESIAN_POINT('',(87.620003993612499,-0.874999999999001,-2.300000000000000));
#2339=VERTEX_POINT('',#2338);
#2340=CARTESIAN_POINT('',(87.620003993612499,-0.874999999998975,-2.500000000000000));
#2341=DIRECTION('',(0.0,0.0,1.0));
#2342=VECTOR('',#2341,0.200000000000000);
#2343=LINE('',#2340,#2342);
#2344=EDGE_CURVE('',#2337,#2339,#2343,.T.);
#2345=ORIENTED_EDGE('',*,*,#2344,.F.);
#2346=CARTESIAN_POINT('',(-87.620003993612499,-0.874999999999003,-2.500000000000000));
#2347=VERTEX_POINT('',#2346);
#2348=CARTESIAN_POINT('',(-87.620003993612499,-0.874999999999003,-2.500000000000000));
#2349=DIRECTION('',(1.0,0.0,0.0));
#2350=VECTOR('',#2349,175.240007987225000);
#2351=LINE('',#2348,#2350);
#2352=EDGE_CURVE('',#2347,#2337,#2351,.T.);
#2353=ORIENTED_EDGE('',*,*,#2352,.F.);
#2354=CARTESIAN_POINT('',(-87.620003993612499,-0.874999999999001,-2.300000000000000));
#2355=VERTEX_POINT('',#2354);
#2356=CARTESIAN_POINT('',(-87.620003993612499,-0.874999999998975,-2.300000000000000));
#2357=DIRECTION('',(0.0,0.0,-1.0));
#2358=VECTOR('',#2357,0.200000000000000);
#2359=LINE('',#2356,#2358);
#2360=EDGE_CURVE('',#2355,#2347,#2359,.T.);
#2361=ORIENTED_EDGE('',*,*,#2360,.F.);
#2362=CARTESIAN_POINT('',(-87.620003993612499,-0.874999999999001,-2.300000000000000));
#2363=DIRECTION('',(1.0,0.0,0.0));
#2364=VECTOR('',#2363,175.240007987225030);
#2365=LINE('',#2362,#2364);
#2366=EDGE_CURVE('',#2355,#2339,#2365,.T.);
#2367=ORIENTED_EDGE('',*,*,#2366,.T.);
#2368=EDGE_LOOP('',(#2345,#2353,#2361,#2367));
#2369=FACE_OUTER_BOUND('',#2368,.T.);
#2370=ADVANCED_FACE('',(#2369),#2335,.F.);
#2371=CARTESIAN_POINT('',(-108.0,-0.874999999999001,-2.300000000000000));
#2372=DIRECTION('',(0.0,0.0,1.0));
#2373=DIRECTION('',(1.0,0.0,0.0));
#2374=AXIS2_PLACEMENT_3D('',#2371,#2372,#2373);
#2375=PLANE('',#2374);
#2376=CARTESIAN_POINT('',(90.750000000000014,0.0,-2.300000000000000));
#2377=DIRECTION('',(0.0,0.0,-1.0));
#2378=DIRECTION('',(0.0,1.0,0.0));
#2379=AXIS2_PLACEMENT_3D('',#2376,#2377,#2378);
#2380=CIRCLE('',#2379,3.250000000000000);
#2381=EDGE_CURVE('',#2339,#2235,#2380,.T.);
#2382=ORIENTED_EDGE('',*,*,#2381,.F.);
#2383=ORIENTED_EDGE('',*,*,#2366,.F.);
#2384=CARTESIAN_POINT('',(-90.750000000000014,0.0,-2.300000000000000));
#2385=DIRECTION('',(0.0,0.0,-1.0));
#2386=DIRECTION('',(0.0,-1.0,0.0));
#2387=AXIS2_PLACEMENT_3D('',#2384,#2385,#2386);
#2388=CIRCLE('',#2387,3.250000000000000);
#2389=EDGE_CURVE('',#2245,#2355,#2388,.T.);
#2390=ORIENTED_EDGE('',*,*,#2389,.F.);
#2391=ORIENTED_EDGE('',*,*,#2250,.T.);
#2392=EDGE_LOOP('',(#2382,#2383,#2390,#2391));
#2393=FACE_OUTER_BOUND('',#2392,.T.);
#2394=ADVANCED_FACE('',(#2393),#2375,.F.);
#2395=CARTESIAN_POINT('',(-108.0,-8.600000000000000,-1.099999999999999));
#2396=DIRECTION('',(0.0,-1.0,0.0));
#2397=DIRECTION('',(0.0,0.0,-1.0));
#2398=AXIS2_PLACEMENT_3D('',#2395,#2396,#2397);
#2399=PLANE('',#2398);
#2400=ORIENTED_EDGE('',*,*,#841,.F.);
#2401=CARTESIAN_POINT('',(-89.871102430567618,-8.600000000000000,-1.099999999999999));
#2402=VERTEX_POINT('',#2401);
#2403=CARTESIAN_POINT('',(-89.871102430567618,-8.600000000000000,-1.099999999999999));
#2404=DIRECTION('',(1.0,0.0,0.0));
#2405=VECTOR('',#2404,179.742204861135210);
#2406=LINE('',#2403,#2405);
#2407=EDGE_CURVE('',#2402,#827,#2406,.T.);
#2408=ORIENTED_EDGE('',*,*,#2407,.F.);
#2409=CARTESIAN_POINT('',(-89.871102430567618,-8.600000000000000,1.100000000000000));
#2410=VERTEX_POINT('',#2409);
#2411=CARTESIAN_POINT('',(-89.871102430567618,-8.600000000000000,1.100000000000000));
#2412=DIRECTION('',(0.0,0.0,-1.0));
#2413=VECTOR('',#2412,2.199999999999998);
#2414=LINE('',#2411,#2413);
#2415=EDGE_CURVE('',#2410,#2402,#2414,.T.);
#2416=ORIENTED_EDGE('',*,*,#2415,.F.);
#2417=CARTESIAN_POINT('',(-89.871102430567618,-8.600000000000000,1.100000000000000));
#2418=DIRECTION('',(1.0,0.0,0.0));
#2419=VECTOR('',#2418,179.742204861135210);
#2420=LINE('',#2417,#2419);
#2421=EDGE_CURVE('',#2410,#836,#2420,.T.);
#2422=ORIENTED_EDGE('',*,*,#2421,.T.);
#2423=EDGE_LOOP('',(#2400,#2408,#2416,#2422));
#2424=FACE_OUTER_BOUND('',#2423,.T.);
#2425=ADVANCED_FACE('',(#2424),#2399,.F.);
#2426=CARTESIAN_POINT('',(-108.0,-8.600000000000000,1.100000000000000));
#2427=DIRECTION('',(0.0,0.0,1.0));
#2428=DIRECTION('',(1.0,0.0,0.0));
#2429=AXIS2_PLACEMENT_3D('',#2426,#2427,#2428);
#2430=PLANE('',#2429);
#2431=ORIENTED_EDGE('',*,*,#850,.F.);
#2432=ORIENTED_EDGE('',*,*,#2421,.F.);
#2433=CARTESIAN_POINT('',(-93.0,-7.500000000000011,1.100000000000000));
#2434=VERTEX_POINT('',#2433);
#2435=CARTESIAN_POINT('',(-93.0,-12.500000000000014,1.100000000000000));
#2436=DIRECTION('',(0.0,0.0,-1.000000000000000));
#2437=DIRECTION('',(-0.866025403784440,-0.499999999999997,0.0));
#2438=AXIS2_PLACEMENT_3D('',#2435,#2436,#2437);
#2439=CIRCLE('',#2438,5.000000000000001);
#2440=EDGE_CURVE('',#2434,#2410,#2439,.T.);
#2441=ORIENTED_EDGE('',*,*,#2440,.F.);
#2442=CARTESIAN_POINT('',(-108.0,-7.500000000000013,1.100000000000000));
#2443=VERTEX_POINT('',#2442);
#2444=CARTESIAN_POINT('',(-108.0,-7.500000000000013,1.100000000000000));
#2445=DIRECTION('',(1.0,0.0,0.0));
#2446=VECTOR('',#2445,15.0);
#2447=LINE('',#2444,#2446);
#2448=EDGE_CURVE('',#2443,#2434,#2447,.T.);
#2449=ORIENTED_EDGE('',*,*,#2448,.F.);
#2450=CARTESIAN_POINT('',(-108.0,7.500000000000000,1.099999999999999));
#2451=VERTEX_POINT('',#2450);
#2452=CARTESIAN_POINT('',(-108.0,7.500000000000000,1.099999999999999));
#2453=DIRECTION('',(0.0,-1.0,0.0));
#2454=VECTOR('',#2453,15.000000000000014);
#2455=LINE('',#2452,#2454);
#2456=EDGE_CURVE('',#2451,#2443,#2455,.T.);
#2457=ORIENTED_EDGE('',*,*,#2456,.F.);
#2458=CARTESIAN_POINT('',(-93.0,7.500000000000000,1.099999999999999));
#2459=DIRECTION('',(-1.0,0.0,0.0));
#2460=VECTOR('',#2459,15.0);
#2461=LINE('',#2458,#2460);
#2462=EDGE_CURVE('',#972,#2451,#2461,.T.);
#2463=ORIENTED_EDGE('',*,*,#2462,.F.);
#2464=ORIENTED_EDGE('',*,*,#978,.F.);
#2465=CARTESIAN_POINT('',(89.871102430567603,8.599999999999998,1.099999999999999));
#2466=VERTEX_POINT('',#2465);
#2467=CARTESIAN_POINT('',(-89.871102430567589,8.599999999999998,1.099999999999999));
#2468=DIRECTION('',(1.0,0.0,0.0));
#2469=VECTOR('',#2468,179.742204861135180);
#2470=LINE('',#2467,#2469);
#2471=EDGE_CURVE('',#964,#2466,#2470,.T.);
#2472=ORIENTED_EDGE('',*,*,#2471,.T.);
#2473=CARTESIAN_POINT('',(93.0,7.500000000000000,1.099999999999999));
#2474=VERTEX_POINT('',#2473);
#2475=CARTESIAN_POINT('',(93.0,12.500000000000000,1.100000000000000));
#2476=DIRECTION('',(0.0,0.0,-1.000000000000000));
#2477=DIRECTION('',(0.866025403784441,0.499999999999996,0.0));
#2478=AXIS2_PLACEMENT_3D('',#2475,#2476,#2477);
#2479=CIRCLE('',#2478,5.0);
#2480=EDGE_CURVE('',#2474,#2466,#2479,.T.);
#2481=ORIENTED_EDGE('',*,*,#2480,.F.);
#2482=CARTESIAN_POINT('',(108.0,7.500000000000001,1.099999999999999));
#2483=VERTEX_POINT('',#2482);
#2484=CARTESIAN_POINT('',(108.0,7.500000000000000,1.099999999999999));
#2485=DIRECTION('',(-1.0,0.0,0.0));
#2486=VECTOR('',#2485,15.0);
#2487=LINE('',#2484,#2486);
#2488=EDGE_CURVE('',#2483,#2474,#2487,.T.);
#2489=ORIENTED_EDGE('',*,*,#2488,.F.);
#2490=CARTESIAN_POINT('',(108.0,-7.499999999999987,1.100000000000000));
#2491=VERTEX_POINT('',#2490);
#2492=CARTESIAN_POINT('',(108.0,-7.499999999999986,1.100000000000000));
#2493=DIRECTION('',(0.0,1.0,0.0));
#2494=VECTOR('',#2493,14.999999999999988);
#2495=LINE('',#2492,#2494);
#2496=EDGE_CURVE('',#2491,#2483,#2495,.T.);
#2497=ORIENTED_EDGE('',*,*,#2496,.F.);
#2498=CARTESIAN_POINT('',(93.0,-7.499999999999989,1.100000000000000));
#2499=DIRECTION('',(1.0,0.0,0.0));
#2500=VECTOR('',#2499,15.0);
#2501=LINE('',#2498,#2500);
#2502=EDGE_CURVE('',#844,#2491,#2501,.T.);
#2503=ORIENTED_EDGE('',*,*,#2502,.F.);
#2504=EDGE_LOOP('',(#2431,#2432,#2441,#2449,#2457,#2463,#2464,#2472,#2481,#2489,#2497,#2503));
#2505=FACE_OUTER_BOUND('',#2504,.T.);
#2506=CARTESIAN_POINT('',(-90.750000000000014,-3.249999999999999,1.100000000000000));
#2507=VERTEX_POINT('',#2506);
#2508=CARTESIAN_POINT('',(-99.750000000000014,-3.250000000000000,1.100000000000000));
#2509=VERTEX_POINT('',#2508);
#2510=CARTESIAN_POINT('',(-90.750000000000014,-3.249999999999999,1.100000000000000));
#2511=DIRECTION('',(-1.0,0.0,0.0));
#2512=VECTOR('',#2511,9.0);
#2513=LINE('',#2510,#2512);
#2514=EDGE_CURVE('',#2507,#2509,#2513,.T.);
#2515=ORIENTED_EDGE('',*,*,#2514,.F.);
#2516=CARTESIAN_POINT('',(-90.750000000000014,3.250000000000000,1.099999999999999));
#2517=VERTEX_POINT('',#2516);
#2518=CARTESIAN_POINT('',(-90.750000000000014,0.0,1.100000000000000));
#2519=DIRECTION('',(0.0,0.0,-1.0));
#2520=DIRECTION('',(0.0,-1.0,0.0));
#2521=AXIS2_PLACEMENT_3D('',#2518,#2519,#2520);
#2522=CIRCLE('',#2521,3.250000000000000);
#2523=EDGE_CURVE('',#2517,#2507,#2522,.T.);
#2524=ORIENTED_EDGE('',*,*,#2523,.F.);
#2525=CARTESIAN_POINT('',(-99.750000000000014,3.250000000000000,1.099999999999999));
#2526=VERTEX_POINT('',#2525);
#2527=CARTESIAN_POINT('',(-99.750000000000014,3.250000000000001,1.099999999999999));
#2528=DIRECTION('',(1.0,0.0,0.0));
#2529=VECTOR('',#2528,9.0);
#2530=LINE('',#2527,#2529);
#2531=EDGE_CURVE('',#2526,#2517,#2530,.T.);
#2532=ORIENTED_EDGE('',*,*,#2531,.F.);
#2533=CARTESIAN_POINT('',(-99.750000000000014,0.0,1.100000000000000));
#2534=DIRECTION('',(0.0,0.0,-1.0));
#2535=DIRECTION('',(0.0,1.0,0.0));
#2536=AXIS2_PLACEMENT_3D('',#2533,#2534,#2535);
#2537=CIRCLE('',#2536,3.250000000000000);
#2538=EDGE_CURVE('',#2509,#2526,#2537,.T.);
#2539=ORIENTED_EDGE('',*,*,#2538,.F.);
#2540=EDGE_LOOP('',(#2515,#2524,#2532,#2539));
#2541=FACE_BOUND('',#2540,.T.);
#2542=CARTESIAN_POINT('',(90.750000000000014,3.250000000000000,1.099999999999999));
#2543=VERTEX_POINT('',#2542);
#2544=CARTESIAN_POINT('',(99.750000000000014,3.250000000000000,1.099999999999999));
#2545=VERTEX_POINT('',#2544);
#2546=CARTESIAN_POINT('',(90.750000000000000,3.250000000000001,1.099999999999999));
#2547=DIRECTION('',(1.0,0.0,0.0));
#2548=VECTOR('',#2547,9.000000000000028);
#2549=LINE('',#2546,#2548);
#2550=EDGE_CURVE('',#2543,#2545,#2549,.T.);
#2551=ORIENTED_EDGE('',*,*,#2550,.F.);
#2552=CARTESIAN_POINT('',(90.750000000000014,-3.250000000000001,1.100000000000000));
#2553=VERTEX_POINT('',#2552);
#2554=CARTESIAN_POINT('',(90.750000000000014,0.0,1.100000000000000));
#2555=DIRECTION('',(0.0,0.0,-1.0));
#2556=DIRECTION('',(0.0,1.0,0.0));
#2557=AXIS2_PLACEMENT_3D('',#2554,#2555,#2556);
#2558=CIRCLE('',#2557,3.250000000000000);
#2559=EDGE_CURVE('',#2553,#2543,#2558,.T.);
#2560=ORIENTED_EDGE('',*,*,#2559,.F.);
#2561=CARTESIAN_POINT('',(99.750000000000014,-3.250000000000000,1.100000000000000));
#2562=VERTEX_POINT('',#2561);
#2563=CARTESIAN_POINT('',(99.750000000000014,-3.250000000000000,1.100000000000000));
#2564=DIRECTION('',(-1.0,0.0,0.0));
#2565=VECTOR('',#2564,9.000000000000014);
#2566=LINE('',#2563,#2565);
#2567=EDGE_CURVE('',#2562,#2553,#2566,.T.);
#2568=ORIENTED_EDGE('',*,*,#2567,.F.);
#2569=CARTESIAN_POINT('',(99.750000000000014,0.0,1.100000000000000));
#2570=DIRECTION('',(0.0,0.0,-1.0));
#2571=DIRECTION('',(0.0,-1.0,0.0));
#2572=AXIS2_PLACEMENT_3D('',#2569,#2570,#2571);
#2573=CIRCLE('',#2572,3.250000000000000);
#2574=EDGE_CURVE('',#2545,#2562,#2573,.T.);
#2575=ORIENTED_EDGE('',*,*,#2574,.F.);
#2576=EDGE_LOOP('',(#2551,#2560,#2568,#2575));
#2577=FACE_BOUND('',#2576,.T.);
#2578=ADVANCED_FACE('',(#2505,#2541,#2577),#2430,.F.);
#2579=CARTESIAN_POINT('',(-108.0,8.599999999999998,-1.100000000000002));
#2580=DIRECTION('',(0.0,0.0,-1.0));
#2581=DIRECTION('',(-1.0,0.0,0.0));
#2582=AXIS2_PLACEMENT_3D('',#2579,#2580,#2581);
#2583=PLANE('',#2582);
#2584=ORIENTED_EDGE('',*,*,#833,.F.);
#2585=CARTESIAN_POINT('',(108.0,-7.499999999999987,-1.099999999999999));
#2586=VERTEX_POINT('',#2585);
#2587=CARTESIAN_POINT('',(108.0,-7.499999999999987,-1.099999999999999));
#2588=DIRECTION('',(-1.0,0.0,0.0));
#2589=VECTOR('',#2588,15.0);
#2590=LINE('',#2587,#2589);
#2591=EDGE_CURVE('',#2586,#819,#2590,.T.);
#2592=ORIENTED_EDGE('',*,*,#2591,.F.);
#2593=CARTESIAN_POINT('',(108.0,7.500000000000001,-1.100000000000002));
#2594=VERTEX_POINT('',#2593);
#2595=CARTESIAN_POINT('',(108.0,7.500000000000001,-1.100000000000002));
#2596=DIRECTION('',(0.0,-1.0,0.0));
#2597=VECTOR('',#2596,14.999999999999989);
#2598=LINE('',#2595,#2597);
#2599=EDGE_CURVE('',#2594,#2586,#2598,.T.);
#2600=ORIENTED_EDGE('',*,*,#2599,.F.);
#2601=CARTESIAN_POINT('',(93.0,7.500000000000000,-1.100000000000002));
#2602=VERTEX_POINT('',#2601);
#2603=CARTESIAN_POINT('',(93.0,7.500000000000000,-1.100000000000002));
#2604=DIRECTION('',(1.0,0.0,0.0));
#2605=VECTOR('',#2604,15.0);
#2606=LINE('',#2603,#2605);
#2607=EDGE_CURVE('',#2602,#2594,#2606,.T.);
#2608=ORIENTED_EDGE('',*,*,#2607,.F.);
#2609=CARTESIAN_POINT('',(89.871102430567603,8.599999999999998,-1.100000000000002));
#2610=VERTEX_POINT('',#2609);
#2611=CARTESIAN_POINT('',(93.0,12.500000000000000,-1.100000000000002));
#2612=DIRECTION('',(0.0,0.0,1.000000000000000));
#2613=DIRECTION('',(0.866025403784441,0.499999999999996,0.0));
#2614=AXIS2_PLACEMENT_3D('',#2611,#2612,#2613);
#2615=CIRCLE('',#2614,5.0);
#2616=EDGE_CURVE('',#2610,#2602,#2615,.T.);
#2617=ORIENTED_EDGE('',*,*,#2616,.F.);
#2618=CARTESIAN_POINT('',(-89.871102430567589,8.599999999999998,-1.100000000000002));
#2619=DIRECTION('',(1.0,0.0,0.0));
#2620=VECTOR('',#2619,179.742204861135180);
#2621=LINE('',#2618,#2620);
#2622=EDGE_CURVE('',#955,#2610,#2621,.T.);
#2623=ORIENTED_EDGE('',*,*,#2622,.F.);
#2624=ORIENTED_EDGE('',*,*,#961,.F.);
#2625=CARTESIAN_POINT('',(-108.0,7.499999999999999,-1.100000000000002));
#2626=VERTEX_POINT('',#2625);
#2627=CARTESIAN_POINT('',(-108.0,7.500000000000000,-1.100000000000002));
#2628=DIRECTION('',(1.0,0.0,0.0));
#2629=VECTOR('',#2628,15.0);
#2630=LINE('',#2627,#2629);
#2631=EDGE_CURVE('',#2626,#947,#2630,.T.);
#2632=ORIENTED_EDGE('',*,*,#2631,.F.);
#2633=CARTESIAN_POINT('',(-108.0,-7.500000000000013,-1.099999999999999));
#2634=VERTEX_POINT('',#2633);
#2635=CARTESIAN_POINT('',(-108.0,-7.500000000000013,-1.099999999999999));
#2636=DIRECTION('',(0.0,1.0,0.0));
#2637=VECTOR('',#2636,15.000000000000012);
#2638=LINE('',#2635,#2637);
#2639=EDGE_CURVE('',#2634,#2626,#2638,.T.);
#2640=ORIENTED_EDGE('',*,*,#2639,.F.);
#2641=CARTESIAN_POINT('',(-93.0,-7.500000000000011,-1.099999999999999));
#2642=VERTEX_POINT('',#2641);
#2643=CARTESIAN_POINT('',(-93.0,-7.500000000000012,-1.099999999999999));
#2644=DIRECTION('',(-1.0,0.0,0.0));
#2645=VECTOR('',#2644,15.0);
#2646=LINE('',#2643,#2645);
#2647=EDGE_CURVE('',#2642,#2634,#2646,.T.);
#2648=ORIENTED_EDGE('',*,*,#2647,.F.);
#2649=CARTESIAN_POINT('',(-93.0,-12.500000000000014,-1.100000000000002));
#2650=DIRECTION('',(0.0,0.0,1.000000000000000));
#2651=DIRECTION('',(-0.866025403784440,-0.499999999999997,0.0));
#2652=AXIS2_PLACEMENT_3D('',#2649,#2650,#2651);
#2653=CIRCLE('',#2652,5.000000000000001);
#2654=EDGE_CURVE('',#2402,#2642,#2653,.T.);
#2655=ORIENTED_EDGE('',*,*,#2654,.F.);
#2656=ORIENTED_EDGE('',*,*,#2407,.T.);
#2657=EDGE_LOOP('',(#2584,#2592,#2600,#2608,#2617,#2623,#2624,#2632,#2640,#2648,#2655,#2656));
#2658=FACE_OUTER_BOUND('',#2657,.T.);
#2659=CARTESIAN_POINT('',(99.750000000000014,3.250000000000000,-1.100000000000001));
#2660=VERTEX_POINT('',#2659);
#2661=CARTESIAN_POINT('',(90.750000000000014,3.250000000000000,-1.100000000000001));
#2662=VERTEX_POINT('',#2661);
#2663=CARTESIAN_POINT('',(99.750000000000028,3.250000000000000,-1.100000000000001));
#2664=DIRECTION('',(-1.0,0.0,0.0));
#2665=VECTOR('',#2664,9.000000000000028);
#2666=LINE('',#2663,#2665);
#2667=EDGE_CURVE('',#2660,#2662,#2666,.T.);
#2668=ORIENTED_EDGE('',*,*,#2667,.F.);
#2669=CARTESIAN_POINT('',(99.750000000000014,-3.250000000000000,-1.100000000000000));
#2670=VERTEX_POINT('',#2669);
#2671=CARTESIAN_POINT('',(99.750000000000014,0.0,-1.100000000000002));
#2672=DIRECTION('',(0.0,0.0,1.0));
#2673=DIRECTION('',(0.0,-1.0,0.0));
#2674=AXIS2_PLACEMENT_3D('',#2671,#2672,#2673);
#2675=CIRCLE('',#2674,3.250000000000000);
#2676=EDGE_CURVE('',#2670,#2660,#2675,.T.);
#2677=ORIENTED_EDGE('',*,*,#2676,.F.);
#2678=CARTESIAN_POINT('',(90.750000000000014,-3.250000000000001,-1.100000000000000));
#2679=VERTEX_POINT('',#2678);
#2680=CARTESIAN_POINT('',(90.750000000000000,-3.250000000000003,-1.100000000000000));
#2681=DIRECTION('',(1.0,0.0,0.0));
#2682=VECTOR('',#2681,9.000000000000014);
#2683=LINE('',#2680,#2682);
#2684=EDGE_CURVE('',#2679,#2670,#2683,.T.);
#2685=ORIENTED_EDGE('',*,*,#2684,.F.);
#2686=CARTESIAN_POINT('',(90.750000000000014,0.0,-1.100000000000002));
#2687=DIRECTION('',(0.0,0.0,1.0));
#2688=DIRECTION('',(0.0,1.0,0.0));
#2689=AXIS2_PLACEMENT_3D('',#2686,#2687,#2688);
#2690=CIRCLE('',#2689,3.250000000000000);
#2691=EDGE_CURVE('',#2662,#2679,#2690,.T.);
#2692=ORIENTED_EDGE('',*,*,#2691,.F.);
#2693=EDGE_LOOP('',(#2668,#2677,#2685,#2692));
#2694=FACE_BOUND('',#2693,.T.);
#2695=CARTESIAN_POINT('',(-99.750000000000014,-3.250000000000000,-1.100000000000000));
#2696=VERTEX_POINT('',#2695);
#2697=CARTESIAN_POINT('',(-90.750000000000014,-3.249999999999999,-1.100000000000000));
#2698=VERTEX_POINT('',#2697);
#2699=CARTESIAN_POINT('',(-99.750000000000014,-3.250000000000000,-1.100000000000000));
#2700=DIRECTION('',(1.0,0.0,0.0));
#2701=VECTOR('',#2700,9.0);
#2702=LINE('',#2699,#2701);
#2703=EDGE_CURVE('',#2696,#2698,#2702,.T.);
#2704=ORIENTED_EDGE('',*,*,#2703,.F.);
#2705=CARTESIAN_POINT('',(-99.750000000000014,3.250000000000000,-1.100000000000001));
#2706=VERTEX_POINT('',#2705);
#2707=CARTESIAN_POINT('',(-99.750000000000014,0.0,-1.100000000000002));
#2708=DIRECTION('',(0.0,0.0,1.0));
#2709=DIRECTION('',(0.0,1.0,0.0));
#2710=AXIS2_PLACEMENT_3D('',#2707,#2708,#2709);
#2711=CIRCLE('',#2710,3.250000000000000);
#2712=EDGE_CURVE('',#2706,#2696,#2711,.T.);
#2713=ORIENTED_EDGE('',*,*,#2712,.F.);
#2714=CARTESIAN_POINT('',(-90.750000000000014,3.250000000000000,-1.100000000000001));
#2715=VERTEX_POINT('',#2714);
#2716=CARTESIAN_POINT('',(-90.750000000000014,3.250000000000000,-1.100000000000001));
#2717=DIRECTION('',(-1.0,0.0,0.0));
#2718=VECTOR('',#2717,9.0);
#2719=LINE('',#2716,#2718);
#2720=EDGE_CURVE('',#2715,#2706,#2719,.T.);
#2721=ORIENTED_EDGE('',*,*,#2720,.F.);
#2722=CARTESIAN_POINT('',(-90.750000000000014,0.0,-1.100000000000002));
#2723=DIRECTION('',(0.0,0.0,1.0));
#2724=DIRECTION('',(0.0,-1.0,0.0));
#2725=AXIS2_PLACEMENT_3D('',#2722,#2723,#2724);
#2726=CIRCLE('',#2725,3.250000000000000);
#2727=EDGE_CURVE('',#2698,#2715,#2726,.T.);
#2728=ORIENTED_EDGE('',*,*,#2727,.F.);
#2729=EDGE_LOOP('',(#2704,#2713,#2721,#2728));
#2730=FACE_BOUND('',#2729,.T.);
#2731=ADVANCED_FACE('',(#2658,#2694,#2730),#2583,.F.);
#2732=CARTESIAN_POINT('',(-108.0,8.599999999999998,1.099999999999999));
#2733=DIRECTION('',(0.0,1.0,0.0));
#2734=DIRECTION('',(0.0,0.0,1.0));
#2735=AXIS2_PLACEMENT_3D('',#2732,#2733,#2734);
#2736=PLANE('',#2735);
#2737=CARTESIAN_POINT('',(89.871102430567603,8.599999999999998,1.099999999999999));
#2738=DIRECTION('',(0.0,0.0,-1.0));
#2739=VECTOR('',#2738,2.200000000000001);
#2740=LINE('',#2737,#2739);
#2741=EDGE_CURVE('',#2466,#2610,#2740,.T.);
#2742=ORIENTED_EDGE('',*,*,#2741,.F.);
#2743=ORIENTED_EDGE('',*,*,#2471,.F.);
#2744=ORIENTED_EDGE('',*,*,#969,.F.);
#2745=ORIENTED_EDGE('',*,*,#2622,.T.);
#2746=EDGE_LOOP('',(#2742,#2743,#2744,#2745));
#2747=FACE_OUTER_BOUND('',#2746,.T.);
#2748=ADVANCED_FACE('',(#2747),#2736,.F.);
#2749=CARTESIAN_POINT('',(-8.326673E-015,-8.711332908787739,-2.500000000000000));
#2750=DIRECTION('',(0.0,0.0,1.0));
#2751=DIRECTION('',(1.0,0.0,0.0));
#2752=AXIS2_PLACEMENT_3D('',#2749,#2750,#2751);
#2753=PLANE('',#2752);
#2754=ORIENTED_EDGE('',*,*,#1781,.T.);
#2755=CARTESIAN_POINT('',(-108.0,-0.874999999999003,-2.500000000000000));
#2756=DIRECTION('',(0.0,-1.0,0.0));
#2757=VECTOR('',#2756,0.458333333332996);
#2758=LINE('',#2755,#2757);
#2759=EDGE_CURVE('',#2283,#1770,#2758,.T.);
#2760=ORIENTED_EDGE('',*,*,#2759,.F.);
#2761=ORIENTED_EDGE('',*,*,#2288,.T.);
#2762=CARTESIAN_POINT('',(-99.750000000000014,0.0,-2.500000000000000));
#2763=DIRECTION('',(0.0,0.0,1.0));
#2764=DIRECTION('',(0.0,1.0,0.0));
#2765=AXIS2_PLACEMENT_3D('',#2762,#2763,#2764);
#2766=CIRCLE('',#2765,3.250000000000000);
#2767=EDGE_CURVE('',#2275,#1761,#2766,.T.);
#2768=ORIENTED_EDGE('',*,*,#2767,.T.);
#2769=EDGE_LOOP('',(#2754,#2760,#2761,#2768));
#2770=FACE_OUTER_BOUND('',#2769,.T.);
#2771=ADVANCED_FACE('',(#2770),#2753,.F.);
#2772=CARTESIAN_POINT('',(-8.326673E-015,-8.711332908787739,-2.500000000000000));
#2773=DIRECTION('',(0.0,0.0,1.0));
#2774=DIRECTION('',(1.0,0.0,0.0));
#2775=AXIS2_PLACEMENT_3D('',#2772,#2773,#2774);
#2776=PLANE('',#2775);
#2777=ORIENTED_EDGE('',*,*,#1805,.T.);
#2778=CARTESIAN_POINT('',(99.750000000000014,0.0,-2.500000000000000));
#2779=DIRECTION('',(0.0,0.0,1.0));
#2780=DIRECTION('',(0.0,-1.0,0.0));
#2781=AXIS2_PLACEMENT_3D('',#2778,#2779,#2780);
#2782=CIRCLE('',#2781,3.250000000000000);
#2783=EDGE_CURVE('',#1792,#2306,#2782,.T.);
#2784=ORIENTED_EDGE('',*,*,#2783,.T.);
#2785=ORIENTED_EDGE('',*,*,#2326,.T.);
#2786=CARTESIAN_POINT('',(108.0,-1.333333333332001,-2.500000000000000));
#2787=DIRECTION('',(0.0,1.0,0.0));
#2788=VECTOR('',#2787,0.458333333332997);
#2789=LINE('',#2786,#2788);
#2790=EDGE_CURVE('',#1800,#2315,#2789,.T.);
#2791=ORIENTED_EDGE('',*,*,#2790,.F.);
#2792=EDGE_LOOP('',(#2777,#2784,#2785,#2791));
#2793=FACE_OUTER_BOUND('',#2792,.T.);
#2794=ADVANCED_FACE('',(#2793),#2776,.F.);
#2795=CARTESIAN_POINT('',(-8.326673E-015,-8.711332908787739,-2.500000000000000));
#2796=DIRECTION('',(0.0,0.0,1.0));
#2797=DIRECTION('',(1.0,0.0,0.0));
#2798=AXIS2_PLACEMENT_3D('',#2795,#2796,#2797);
#2799=PLANE('',#2798);
#2800=ORIENTED_EDGE('',*,*,#1852,.T.);
#2801=CARTESIAN_POINT('',(-90.750000000000014,0.0,-2.500000000000000));
#2802=DIRECTION('',(0.0,0.0,1.0));
#2803=DIRECTION('',(0.0,-1.0,0.0));
#2804=AXIS2_PLACEMENT_3D('',#2801,#2802,#2803);
#2805=CIRCLE('',#2804,3.250000000000000);
#2806=EDGE_CURVE('',#1841,#2347,#2805,.T.);
#2807=ORIENTED_EDGE('',*,*,#2806,.T.);
#2808=ORIENTED_EDGE('',*,*,#2352,.T.);
#2809=CARTESIAN_POINT('',(90.750000000000014,0.0,-2.500000000000000));
#2810=DIRECTION('',(0.0,0.0,1.0));
#2811=DIRECTION('',(0.0,1.0,0.0));
#2812=AXIS2_PLACEMENT_3D('',#2809,#2810,#2811);
#2813=CIRCLE('',#2812,3.250000000000000);
#2814=EDGE_CURVE('',#2337,#1825,#2813,.T.);
#2815=ORIENTED_EDGE('',*,*,#2814,.T.);
#2816=EDGE_LOOP('',(#2800,#2807,#2808,#2815));
#2817=FACE_OUTER_BOUND('',#2816,.T.);
#2818=ADVANCED_FACE('',(#2817),#2799,.F.);
#2819=CARTESIAN_POINT('',(-8.326673E-015,-8.711332908787739,-2.500000000000000));
#2820=DIRECTION('',(0.0,0.0,1.0));
#2821=DIRECTION('',(1.0,0.0,0.0));
#2822=AXIS2_PLACEMENT_3D('',#2819,#2820,#2821);
#2823=PLANE('',#2822);
#2824=ORIENTED_EDGE('',*,*,#1566,.T.);
#2825=CARTESIAN_POINT('',(-99.750000000000014,0.0,-2.500000000000000));
#2826=DIRECTION('',(0.0,0.0,1.0));
#2827=DIRECTION('',(0.0,1.0,0.0));
#2828=AXIS2_PLACEMENT_3D('',#2825,#2826,#2827);
#2829=CIRCLE('',#2828,3.250000000000000);
#2830=EDGE_CURVE('',#1553,#2173,#2829,.T.);
#2831=ORIENTED_EDGE('',*,*,#2830,.T.);
#2832=ORIENTED_EDGE('',*,*,#2193,.T.);
#2833=CARTESIAN_POINT('',(-108.0,1.333333333333998,-2.500000000000000));
#2834=DIRECTION('',(0.0,-1.0,0.0));
#2835=VECTOR('',#2834,0.458333333333000);
#2836=LINE('',#2833,#2835);
#2837=EDGE_CURVE('',#1561,#2182,#2836,.T.);
#2838=ORIENTED_EDGE('',*,*,#2837,.F.);
#2839=EDGE_LOOP('',(#2824,#2831,#2832,#2838));
#2840=FACE_OUTER_BOUND('',#2839,.T.);
#2841=ADVANCED_FACE('',(#2840),#2823,.F.);
#2842=CARTESIAN_POINT('',(-8.326673E-015,-8.711332908787739,-2.500000000000000));
#2843=DIRECTION('',(0.0,0.0,1.0));
#2844=DIRECTION('',(1.0,0.0,0.0));
#2845=AXIS2_PLACEMENT_3D('',#2842,#2843,#2844);
#2846=PLANE('',#2845);
#2847=ORIENTED_EDGE('',*,*,#1604,.T.);
#2848=CARTESIAN_POINT('',(108.0,0.875000000000998,-2.500000000000000));
#2849=DIRECTION('',(0.0,1.0,0.0));
#2850=VECTOR('',#2849,0.458333333333000);
#2851=LINE('',#2848,#2850);
#2852=EDGE_CURVE('',#2212,#1593,#2851,.T.);
#2853=ORIENTED_EDGE('',*,*,#2852,.F.);
#2854=ORIENTED_EDGE('',*,*,#2217,.T.);
#2855=CARTESIAN_POINT('',(99.750000000000014,0.0,-2.500000000000000));
#2856=DIRECTION('',(0.0,0.0,1.0));
#2857=DIRECTION('',(0.0,-1.0,0.0));
#2858=AXIS2_PLACEMENT_3D('',#2855,#2856,#2857);
#2859=CIRCLE('',#2858,3.250000000000000);
#2860=EDGE_CURVE('',#2204,#1584,#2859,.T.);
#2861=ORIENTED_EDGE('',*,*,#2860,.T.);
#2862=EDGE_LOOP('',(#2847,#2853,#2854,#2861));
#2863=FACE_OUTER_BOUND('',#2862,.T.);
#2864=ADVANCED_FACE('',(#2863),#2846,.F.);
#2865=CARTESIAN_POINT('',(-8.326673E-015,-8.711332908787739,-2.500000000000000));
#2866=DIRECTION('',(0.0,0.0,1.0));
#2867=DIRECTION('',(1.0,0.0,0.0));
#2868=AXIS2_PLACEMENT_3D('',#2865,#2866,#2867);
#2869=PLANE('',#2868);
#2870=ORIENTED_EDGE('',*,*,#1630,.T.);
#2871=CARTESIAN_POINT('',(90.750000000000014,0.0,-2.500000000000000));
#2872=DIRECTION('',(0.0,0.0,1.0));
#2873=DIRECTION('',(0.0,1.0,0.0));
#2874=AXIS2_PLACEMENT_3D('',#2871,#2872,#2873);
#2875=CIRCLE('',#2874,3.250000000000000);
#2876=EDGE_CURVE('',#1615,#2237,#2875,.T.);
#2877=ORIENTED_EDGE('',*,*,#2876,.T.);
#2878=ORIENTED_EDGE('',*,*,#2264,.T.);
#2879=CARTESIAN_POINT('',(-90.750000000000014,0.0,-2.500000000000000));
#2880=DIRECTION('',(0.0,0.0,1.0));
#2881=DIRECTION('',(0.0,-1.0,0.0));
#2882=AXIS2_PLACEMENT_3D('',#2879,#2880,#2881);
#2883=CIRCLE('',#2882,3.250000000000000);
#2884=EDGE_CURVE('',#2253,#1625,#2883,.T.);
#2885=ORIENTED_EDGE('',*,*,#2884,.T.);
#2886=EDGE_LOOP('',(#2870,#2877,#2878,#2885));
#2887=FACE_OUTER_BOUND('',#2886,.T.);
#2888=ADVANCED_FACE('',(#2887),#2869,.F.);
#2889=CARTESIAN_POINT('',(-8.326673E-015,-8.711332908787739,-2.500000000000000));
#2890=DIRECTION('',(0.0,0.0,1.0));
#2891=DIRECTION('',(1.0,0.0,0.0));
#2892=AXIS2_PLACEMENT_3D('',#2889,#2890,#2891);
#2893=PLANE('',#2892);
#2894=ORIENTED_EDGE('',*,*,#1322,.T.);
#2895=CARTESIAN_POINT('',(108.0,-5.750000000000000,-2.500000000000000));
#2896=DIRECTION('',(0.0,1.0,0.0));
#2897=VECTOR('',#2896,0.458333333335002);
#2898=LINE('',#2895,#2897);
#2899=EDGE_CURVE('',#2043,#1307,#2898,.T.);
#2900=ORIENTED_EDGE('',*,*,#2899,.F.);
#2901=ORIENTED_EDGE('',*,*,#2063,.T.);
#2902=CARTESIAN_POINT('',(-108.0,-5.291666666664998,-2.500000000000000));
#2903=DIRECTION('',(0.0,-1.0,0.0));
#2904=VECTOR('',#2903,0.458333333335002);
#2905=LINE('',#2902,#2904);
#2906=EDGE_CURVE('',#1317,#2052,#2905,.T.);
#2907=ORIENTED_EDGE('',*,*,#2906,.F.);
#2908=EDGE_LOOP('',(#2894,#2900,#2901,#2907));
#2909=FACE_OUTER_BOUND('',#2908,.T.);
#2910=ADVANCED_FACE('',(#2909),#2893,.F.);
#2911=CARTESIAN_POINT('',(-8.326673E-015,-8.711332908787739,-2.500000000000000));
#2912=DIRECTION('',(0.0,0.0,1.0));
#2913=DIRECTION('',(1.0,0.0,0.0));
#2914=AXIS2_PLACEMENT_3D('',#2911,#2912,#2913);
#2915=PLANE('',#2914);
#2916=ORIENTED_EDGE('',*,*,#1296,.T.);
#2917=CARTESIAN_POINT('',(-108.0,-3.083333333332002,-2.500000000000000));
#2918=DIRECTION('',(0.0,-1.0,0.0));
#2919=VECTOR('',#2918,0.458333333332998);
#2920=LINE('',#2917,#2919);
#2921=EDGE_CURVE('',#1871,#1285,#2920,.T.);
#2922=ORIENTED_EDGE('',*,*,#2921,.F.);
#2923=ORIENTED_EDGE('',*,*,#1876,.T.);
#2924=CARTESIAN_POINT('',(-99.750000000000014,-3.250000000000000,-2.500000000000000));
#2925=VERTEX_POINT('',#2924);
#2926=CARTESIAN_POINT('',(-99.750000000000014,0.0,-2.500000000000000));
#2927=DIRECTION('',(0.0,0.0,1.0));
#2928=DIRECTION('',(0.0,1.0,0.0));
#2929=AXIS2_PLACEMENT_3D('',#2926,#2927,#2928);
#2930=CIRCLE('',#2929,3.250000000000000);
#2931=EDGE_CURVE('',#1863,#2925,#2930,.T.);
#2932=ORIENTED_EDGE('',*,*,#2931,.T.);
#2933=CARTESIAN_POINT('',(-90.750000000000014,-3.249999999999999,-2.500000000000000));
#2934=VERTEX_POINT('',#2933);
#2935=CARTESIAN_POINT('',(-99.750000000000014,-3.250000000000000,-2.500000000000000));
#2936=DIRECTION('',(1.0,0.0,0.0));
#2937=VECTOR('',#2936,9.0);
#2938=LINE('',#2935,#2937);
#2939=EDGE_CURVE('',#2925,#2934,#2938,.T.);
#2940=ORIENTED_EDGE('',*,*,#2939,.T.);
#2941=CARTESIAN_POINT('',(-90.750000000000014,0.0,-2.500000000000000));
#2942=DIRECTION('',(0.0,0.0,1.0));
#2943=DIRECTION('',(0.0,-1.0,0.0));
#2944=AXIS2_PLACEMENT_3D('',#2941,#2942,#2943);
#2945=CIRCLE('',#2944,3.250000000000000);
#2946=EDGE_CURVE('',#2934,#1935,#2945,.T.);
#2947=ORIENTED_EDGE('',*,*,#2946,.T.);
#2948=ORIENTED_EDGE('',*,*,#1940,.T.);
#2949=CARTESIAN_POINT('',(90.750000000000014,-3.250000000000001,-2.500000000000000));
#2950=VERTEX_POINT('',#2949);
#2951=CARTESIAN_POINT('',(90.750000000000014,0.0,-2.500000000000000));
#2952=DIRECTION('',(0.0,0.0,1.0));
#2953=DIRECTION('',(0.0,1.0,0.0));
#2954=AXIS2_PLACEMENT_3D('',#2951,#2952,#2953);
#2955=CIRCLE('',#2954,3.250000000000000);
#2956=EDGE_CURVE('',#1925,#2950,#2955,.T.);
#2957=ORIENTED_EDGE('',*,*,#2956,.T.);
#2958=CARTESIAN_POINT('',(99.750000000000014,-3.250000000000000,-2.500000000000000));
#2959=VERTEX_POINT('',#2958);
#2960=CARTESIAN_POINT('',(90.750000000000000,-3.250000000000001,-2.500000000000000));
#2961=DIRECTION('',(1.0,0.0,0.0));
#2962=VECTOR('',#2961,9.000000000000014);
#2963=LINE('',#2960,#2962);
#2964=EDGE_CURVE('',#2950,#2959,#2963,.T.);
#2965=ORIENTED_EDGE('',*,*,#2964,.T.);
#2966=CARTESIAN_POINT('',(99.750000000000014,0.0,-2.500000000000000));
#2967=DIRECTION('',(0.0,0.0,1.0));
#2968=DIRECTION('',(0.0,-1.0,0.0));
#2969=AXIS2_PLACEMENT_3D('',#2966,#2967,#2968);
#2970=CIRCLE('',#2969,3.250000000000000);
#2971=EDGE_CURVE('',#2959,#1894,#2970,.T.);
#2972=ORIENTED_EDGE('',*,*,#2971,.T.);
#2973=ORIENTED_EDGE('',*,*,#1914,.T.);
#2974=CARTESIAN_POINT('',(108.0,-3.541666666665000,-2.500000000000000));
#2975=DIRECTION('',(0.0,1.0,0.0));
#2976=VECTOR('',#2975,0.458333333332998);
#2977=LINE('',#2974,#2976);
#2978=EDGE_CURVE('',#1269,#1903,#2977,.T.);
#2979=ORIENTED_EDGE('',*,*,#2978,.F.);
#2980=EDGE_LOOP('',(#2916,#2922,#2923,#2932,#2940,#2947,#2948,#2957,#2965,#2972,#2973,#2979));
#2981=FACE_OUTER_BOUND('',#2980,.T.);
#2982=ADVANCED_FACE('',(#2981),#2915,.F.);
#2983=CARTESIAN_POINT('',(-8.326673E-015,-8.711332908787739,-2.500000000000000));
#2984=DIRECTION('',(0.0,0.0,1.0));
#2985=DIRECTION('',(1.0,0.0,0.0));
#2986=AXIS2_PLACEMENT_3D('',#2983,#2984,#2985);
#2987=PLANE('',#2986);
#2988=ORIENTED_EDGE('',*,*,#1118,.T.);
#2989=CARTESIAN_POINT('',(108.0,3.083333333333998,-2.500000000000000));
#2990=DIRECTION('',(0.0,1.0,0.0));
#2991=VECTOR('',#2990,0.458333333333000);
#2992=LINE('',#2989,#2991);
#2993=EDGE_CURVE('',#1490,#1103,#2992,.T.);
#2994=ORIENTED_EDGE('',*,*,#2993,.F.);
#2995=ORIENTED_EDGE('',*,*,#1495,.T.);
#2996=CARTESIAN_POINT('',(99.750000000000014,3.250000000000000,-2.500000000000000));
#2997=VERTEX_POINT('',#2996);
#2998=CARTESIAN_POINT('',(99.750000000000014,0.0,-2.500000000000000));
#2999=DIRECTION('',(0.0,0.0,1.0));
#3000=DIRECTION('',(0.0,-1.0,0.0));
#3001=AXIS2_PLACEMENT_3D('',#2998,#2999,#3000);
#3002=CIRCLE('',#3001,3.250000000000000);
#3003=EDGE_CURVE('',#1482,#2997,#3002,.T.);
#3004=ORIENTED_EDGE('',*,*,#3003,.T.);
#3005=CARTESIAN_POINT('',(90.750000000000014,3.250000000000000,-2.500000000000000));
#3006=VERTEX_POINT('',#3005);
#3007=CARTESIAN_POINT('',(99.750000000000014,3.250000000000000,-2.500000000000000));
#3008=DIRECTION('',(-1.0,0.0,0.0));
#3009=VECTOR('',#3008,9.0);
#3010=LINE('',#3007,#3009);
#3011=EDGE_CURVE('',#2997,#3006,#3010,.T.);
#3012=ORIENTED_EDGE('',*,*,#3011,.T.);
#3013=CARTESIAN_POINT('',(90.750000000000014,0.0,-2.500000000000000));
#3014=DIRECTION('',(0.0,0.0,1.0));
#3015=DIRECTION('',(0.0,1.0,0.0));
#3016=AXIS2_PLACEMENT_3D('',#3013,#3014,#3015);
#3017=CIRCLE('',#3016,3.250000000000000);
#3018=EDGE_CURVE('',#3006,#1515,#3017,.T.);
#3019=ORIENTED_EDGE('',*,*,#3018,.T.);
#3020=ORIENTED_EDGE('',*,*,#1542,.T.);
#3021=CARTESIAN_POINT('',(-90.750000000000014,3.250000000000000,-2.500000000000000));
#3022=VERTEX_POINT('',#3021);
#3023=CARTESIAN_POINT('',(-90.750000000000014,0.0,-2.500000000000000));
#3024=DIRECTION('',(0.0,0.0,1.0));
#3025=DIRECTION('',(0.0,-1.0,0.0));
#3026=AXIS2_PLACEMENT_3D('',#3023,#3024,#3025);
#3027=CIRCLE('',#3026,3.250000000000000);
#3028=EDGE_CURVE('',#1531,#3022,#3027,.T.);
#3029=ORIENTED_EDGE('',*,*,#3028,.T.);
#3030=CARTESIAN_POINT('',(-99.750000000000014,3.250000000000000,-2.500000000000000));
#3031=VERTEX_POINT('',#3030);
#3032=CARTESIAN_POINT('',(-90.750000000000000,3.250000000000000,-2.500000000000000));
#3033=DIRECTION('',(-1.0,0.0,0.0));
#3034=VECTOR('',#3033,9.000000000000014);
#3035=LINE('',#3032,#3034);
#3036=EDGE_CURVE('',#3022,#3031,#3035,.T.);
#3037=ORIENTED_EDGE('',*,*,#3036,.T.);
#3038=CARTESIAN_POINT('',(-99.750000000000014,0.0,-2.500000000000000));
#3039=DIRECTION('',(0.0,0.0,1.0));
#3040=DIRECTION('',(0.0,1.0,0.0));
#3041=AXIS2_PLACEMENT_3D('',#3038,#3039,#3040);
#3042=CIRCLE('',#3041,3.250000000000000);
#3043=EDGE_CURVE('',#3031,#1451,#3042,.T.);
#3044=ORIENTED_EDGE('',*,*,#3043,.T.);
#3045=ORIENTED_EDGE('',*,*,#1471,.T.);
#3046=CARTESIAN_POINT('',(-108.0,3.541666666667001,-2.500000000000000));
#3047=DIRECTION('',(0.0,-1.0,0.0));
#3048=VECTOR('',#3047,0.458333333333000);
#3049=LINE('',#3046,#3048);
#3050=EDGE_CURVE('',#1113,#1460,#3049,.T.);
#3051=ORIENTED_EDGE('',*,*,#3050,.F.);
#3052=EDGE_LOOP('',(#2988,#2994,#2995,#3004,#3012,#3019,#3020,#3029,#3037,#3044,#3045,#3051));
#3053=FACE_OUTER_BOUND('',#3052,.T.);
#3054=ADVANCED_FACE('',(#3053),#2987,.F.);
#3055=CARTESIAN_POINT('',(-8.326673E-015,-8.711332908787739,-2.500000000000000));
#3056=DIRECTION('',(0.0,0.0,1.0));
#3057=DIRECTION('',(1.0,0.0,0.0));
#3058=AXIS2_PLACEMENT_3D('',#3055,#3056,#3057);
#3059=PLANE('',#3058);
#3060=ORIENTED_EDGE('',*,*,#1092,.T.);
#3061=CARTESIAN_POINT('',(-108.0,5.750000000000000,-2.500000000000000));
#3062=DIRECTION('',(0.0,-1.0,0.0));
#3063=VECTOR('',#3062,0.458333333332999);
#3064=LINE('',#3061,#3063);
#3065=EDGE_CURVE('',#1175,#1081,#3064,.T.);
#3066=ORIENTED_EDGE('',*,*,#3065,.F.);
#3067=ORIENTED_EDGE('',*,*,#1180,.T.);
#3068=CARTESIAN_POINT('',(108.0,5.291666666667002,-2.500000000000000));
#3069=DIRECTION('',(0.0,1.0,0.0));
#3070=VECTOR('',#3069,0.458333333332996);
#3071=LINE('',#3068,#3070);
#3072=EDGE_CURVE('',#1065,#1165,#3071,.T.);
#3073=ORIENTED_EDGE('',*,*,#3072,.F.);
#3074=EDGE_LOOP('',(#3060,#3066,#3067,#3073));
#3075=FACE_OUTER_BOUND('',#3074,.T.);
#3076=ADVANCED_FACE('',(#3075),#3059,.F.);
#3077=CARTESIAN_POINT('',(99.750000000000014,-3.250000000000000,0.0));
#3078=DIRECTION('',(0.0,-1.0,0.0));
#3079=DIRECTION('',(0.0,0.0,-1.0));
#3080=AXIS2_PLACEMENT_3D('',#3077,#3078,#3079);
#3081=PLANE('',#3080);
#3082=ORIENTED_EDGE('',*,*,#2567,.T.);
#3083=CARTESIAN_POINT('',(90.750000000000014,-3.250000000000001,1.100000000000000));
#3084=DIRECTION('',(0.0,0.0,1.0));
#3085=VECTOR('',#3084,1.400000000000000);
#3086=LINE('',#3083,#3085);
#3087=EDGE_CURVE('',#2553,#714,#3086,.T.);
#3088=ORIENTED_EDGE('',*,*,#3087,.T.);
#3089=ORIENTED_EDGE('',*,*,#719,.F.);
#3090=CARTESIAN_POINT('',(99.750000000000014,-3.250000000000000,1.100000000000000));
#3091=DIRECTION('',(0.0,0.0,1.0));
#3092=VECTOR('',#3091,1.400000000000000);
#3093=LINE('',#3090,#3092);
#3094=EDGE_CURVE('',#2562,#705,#3093,.T.);
#3095=ORIENTED_EDGE('',*,*,#3094,.F.);
#3096=EDGE_LOOP('',(#3082,#3088,#3089,#3095));
#3097=FACE_OUTER_BOUND('',#3096,.T.);
#3098=ADVANCED_FACE('',(#3097),#3081,.F.);
#3099=CARTESIAN_POINT('',(99.750000000000014,-3.250000000000000,0.0));
#3100=DIRECTION('',(0.0,-1.0,0.0));
#3101=DIRECTION('',(0.0,0.0,-1.0));
#3102=AXIS2_PLACEMENT_3D('',#3099,#3100,#3101);
#3103=PLANE('',#3102);
#3104=ORIENTED_EDGE('',*,*,#2684,.T.);
#3105=CARTESIAN_POINT('',(99.750000000000014,-3.250000000000000,-2.500000000000000));
#3106=DIRECTION('',(0.0,0.0,1.0));
#3107=VECTOR('',#3106,1.400000000000000);
#3108=LINE('',#3105,#3107);
#3109=EDGE_CURVE('',#2959,#2670,#3108,.T.);
#3110=ORIENTED_EDGE('',*,*,#3109,.F.);
#3111=ORIENTED_EDGE('',*,*,#2964,.F.);
#3112=CARTESIAN_POINT('',(90.750000000000014,-3.250000000000001,-2.500000000000000));
#3113=DIRECTION('',(0.0,0.0,1.0));
#3114=VECTOR('',#3113,1.400000000000000);
#3115=LINE('',#3112,#3114);
#3116=EDGE_CURVE('',#2950,#2679,#3115,.T.);
#3117=ORIENTED_EDGE('',*,*,#3116,.T.);
#3118=EDGE_LOOP('',(#3104,#3110,#3111,#3117));
#3119=FACE_OUTER_BOUND('',#3118,.T.);
#3120=ADVANCED_FACE('',(#3119),#3103,.F.);
#3121=CARTESIAN_POINT('',(99.750000000000014,0.0,0.0));
#3122=DIRECTION('',(0.0,0.0,1.0));
#3123=DIRECTION('',(0.0,-1.0,0.0));
#3124=AXIS2_PLACEMENT_3D('',#3121,#3122,#3123);
#3125=CYLINDRICAL_SURFACE('',#3124,3.250000000000000);
#3126=ORIENTED_EDGE('',*,*,#2574,.T.);
#3127=ORIENTED_EDGE('',*,*,#3094,.T.);
#3128=ORIENTED_EDGE('',*,*,#711,.F.);
#3129=CARTESIAN_POINT('',(99.750000000000014,3.250000000000000,1.099999999999999));
#3130=DIRECTION('',(0.0,0.0,1.0));
#3131=VECTOR('',#3130,1.400000000000001);
#3132=LINE('',#3129,#3131);
#3133=EDGE_CURVE('',#2545,#697,#3132,.T.);
#3134=ORIENTED_EDGE('',*,*,#3133,.F.);
#3135=EDGE_LOOP('',(#3126,#3127,#3128,#3134));
#3136=FACE_OUTER_BOUND('',#3135,.T.);
#3137=ADVANCED_FACE('',(#3136),#3125,.F.);
#3138=CARTESIAN_POINT('',(99.750000000000014,0.0,0.0));
#3139=DIRECTION('',(0.0,0.0,1.0));
#3140=DIRECTION('',(0.0,-1.0,0.0));
#3141=AXIS2_PLACEMENT_3D('',#3138,#3139,#3140);
#3142=CYLINDRICAL_SURFACE('',#3141,3.250000000000000);
#3143=ORIENTED_EDGE('',*,*,#1487,.T.);
#3144=ORIENTED_EDGE('',*,*,#1418,.T.);
#3145=ORIENTED_EDGE('',*,*,#1589,.T.);
#3146=ORIENTED_EDGE('',*,*,#2860,.F.);
#3147=ORIENTED_EDGE('',*,*,#2209,.T.);
#3148=ORIENTED_EDGE('',*,*,#2140,.T.);
#3149=ORIENTED_EDGE('',*,*,#2311,.T.);
#3150=ORIENTED_EDGE('',*,*,#2783,.F.);
#3151=ORIENTED_EDGE('',*,*,#1797,.T.);
#3152=ORIENTED_EDGE('',*,*,#1728,.T.);
#3153=ORIENTED_EDGE('',*,*,#1899,.T.);
#3154=ORIENTED_EDGE('',*,*,#2971,.F.);
#3155=ORIENTED_EDGE('',*,*,#3109,.T.);
#3156=ORIENTED_EDGE('',*,*,#2676,.T.);
#3157=CARTESIAN_POINT('',(99.750000000000014,3.250000000000000,-2.500000000000000));
#3158=DIRECTION('',(0.0,0.0,1.0));
#3159=VECTOR('',#3158,1.399999999999999);
#3160=LINE('',#3157,#3159);
#3161=EDGE_CURVE('',#2997,#2660,#3160,.T.);
#3162=ORIENTED_EDGE('',*,*,#3161,.F.);
#3163=ORIENTED_EDGE('',*,*,#3003,.F.);
#3164=EDGE_LOOP('',(#3143,#3144,#3145,#3146,#3147,#3148,#3149,#3150,#3151,#3152,#3153,#3154,#3155,#3156,#3162,#3163));
#3165=FACE_OUTER_BOUND('',#3164,.T.);
#3166=ADVANCED_FACE('',(#3165),#3142,.F.);
#3167=CARTESIAN_POINT('',(90.750000000000014,0.0,0.0));
#3168=DIRECTION('',(0.0,0.0,1.0));
#3169=DIRECTION('',(0.0,1.0,0.0));
#3170=AXIS2_PLACEMENT_3D('',#3167,#3168,#3169);
#3171=CYLINDRICAL_SURFACE('',#3170,3.250000000000000);
#3172=ORIENTED_EDGE('',*,*,#2559,.T.);
#3173=CARTESIAN_POINT('',(90.750000000000014,3.250000000000000,2.500000000000000));
#3174=DIRECTION('',(0.0,0.0,-1.0));
#3175=VECTOR('',#3174,1.400000000000001);
#3176=LINE('',#3173,#3175);
#3177=EDGE_CURVE('',#695,#2543,#3176,.T.);
#3178=ORIENTED_EDGE('',*,*,#3177,.F.);
#3179=ORIENTED_EDGE('',*,*,#726,.F.);
#3180=ORIENTED_EDGE('',*,*,#3087,.F.);
#3181=EDGE_LOOP('',(#3172,#3178,#3179,#3180));
#3182=FACE_OUTER_BOUND('',#3181,.T.);
#3183=ADVANCED_FACE('',(#3182),#3171,.F.);
#3184=CARTESIAN_POINT('',(90.750000000000014,3.250000000000000,0.0));
#3185=DIRECTION('',(0.0,1.0,0.0));
#3186=DIRECTION('',(0.0,0.0,1.0));
#3187=AXIS2_PLACEMENT_3D('',#3184,#3185,#3186);
#3188=PLANE('',#3187);
#3189=ORIENTED_EDGE('',*,*,#2550,.T.);
#3190=ORIENTED_EDGE('',*,*,#3133,.T.);
#3191=ORIENTED_EDGE('',*,*,#702,.F.);
#3192=ORIENTED_EDGE('',*,*,#3177,.T.);
#3193=EDGE_LOOP('',(#3189,#3190,#3191,#3192));
#3194=FACE_OUTER_BOUND('',#3193,.T.);
#3195=ADVANCED_FACE('',(#3194),#3188,.F.);
#3196=CARTESIAN_POINT('',(-99.750000000000014,3.250000000000000,0.0));
#3197=DIRECTION('',(0.0,1.0,0.0));
#3198=DIRECTION('',(0.0,0.0,1.0));
#3199=AXIS2_PLACEMENT_3D('',#3196,#3197,#3198);
#3200=PLANE('',#3199);
#3201=ORIENTED_EDGE('',*,*,#2531,.T.);
#3202=CARTESIAN_POINT('',(-90.750000000000014,3.250000000000000,1.099999999999999));
#3203=DIRECTION('',(0.0,0.0,1.0));
#3204=VECTOR('',#3203,1.400000000000001);
#3205=LINE('',#3202,#3204);
#3206=EDGE_CURVE('',#2517,#750,#3205,.T.);
#3207=ORIENTED_EDGE('',*,*,#3206,.T.);
#3208=ORIENTED_EDGE('',*,*,#755,.F.);
#3209=CARTESIAN_POINT('',(-99.750000000000014,3.250000000000000,1.099999999999999));
#3210=DIRECTION('',(0.0,0.0,1.0));
#3211=VECTOR('',#3210,1.400000000000001);
#3212=LINE('',#3209,#3211);
#3213=EDGE_CURVE('',#2526,#741,#3212,.T.);
#3214=ORIENTED_EDGE('',*,*,#3213,.F.);
#3215=EDGE_LOOP('',(#3201,#3207,#3208,#3214));
#3216=FACE_OUTER_BOUND('',#3215,.T.);
#3217=ADVANCED_FACE('',(#3216),#3200,.F.);
#3218=CARTESIAN_POINT('',(-99.750000000000014,3.250000000000000,0.0));
#3219=DIRECTION('',(0.0,1.0,0.0));
#3220=DIRECTION('',(0.0,0.0,1.0));
#3221=AXIS2_PLACEMENT_3D('',#3218,#3219,#3220);
#3222=PLANE('',#3221);
#3223=ORIENTED_EDGE('',*,*,#2720,.T.);
#3224=CARTESIAN_POINT('',(-99.750000000000014,3.250000000000000,-2.500000000000000));
#3225=DIRECTION('',(0.0,0.0,1.0));
#3226=VECTOR('',#3225,1.399999999999999);
#3227=LINE('',#3224,#3226);
#3228=EDGE_CURVE('',#3031,#2706,#3227,.T.);
#3229=ORIENTED_EDGE('',*,*,#3228,.F.);
#3230=ORIENTED_EDGE('',*,*,#3036,.F.);
#3231=CARTESIAN_POINT('',(-90.750000000000014,3.250000000000000,-2.500000000000000));
#3232=DIRECTION('',(0.0,0.0,1.0));
#3233=VECTOR('',#3232,1.399999999999999);
#3234=LINE('',#3231,#3233);
#3235=EDGE_CURVE('',#3022,#2715,#3234,.T.);
#3236=ORIENTED_EDGE('',*,*,#3235,.T.);
#3237=EDGE_LOOP('',(#3223,#3229,#3230,#3236));
#3238=FACE_OUTER_BOUND('',#3237,.T.);
#3239=ADVANCED_FACE('',(#3238),#3222,.F.);
#3240=CARTESIAN_POINT('',(-99.750000000000014,0.0,0.0));
#3241=DIRECTION('',(0.0,0.0,1.0));
#3242=DIRECTION('',(0.0,1.0,0.0));
#3243=AXIS2_PLACEMENT_3D('',#3240,#3241,#3242);
#3244=CYLINDRICAL_SURFACE('',#3243,3.250000000000000);
#3245=ORIENTED_EDGE('',*,*,#2538,.T.);
#3246=ORIENTED_EDGE('',*,*,#3213,.T.);
#3247=ORIENTED_EDGE('',*,*,#747,.F.);
#3248=CARTESIAN_POINT('',(-99.750000000000014,-3.250000000000000,1.100000000000000));
#3249=DIRECTION('',(0.0,0.0,1.0));
#3250=VECTOR('',#3249,1.400000000000000);
#3251=LINE('',#3248,#3250);
#3252=EDGE_CURVE('',#2509,#733,#3251,.T.);
#3253=ORIENTED_EDGE('',*,*,#3252,.F.);
#3254=EDGE_LOOP('',(#3245,#3246,#3247,#3253));
#3255=FACE_OUTER_BOUND('',#3254,.T.);
#3256=ADVANCED_FACE('',(#3255),#3244,.F.);
#3257=CARTESIAN_POINT('',(-90.750000000000014,0.0,0.0));
#3258=DIRECTION('',(0.0,0.0,1.0));
#3259=DIRECTION('',(0.0,-1.0,0.0));
#3260=AXIS2_PLACEMENT_3D('',#3257,#3258,#3259);
#3261=CYLINDRICAL_SURFACE('',#3260,3.250000000000000);
#3262=ORIENTED_EDGE('',*,*,#2523,.T.);
#3263=CARTESIAN_POINT('',(-90.750000000000014,-3.249999999999999,2.500000000000000));
#3264=DIRECTION('',(0.0,0.0,-1.0));
#3265=VECTOR('',#3264,1.400000000000000);
#3266=LINE('',#3263,#3265);
#3267=EDGE_CURVE('',#731,#2507,#3266,.T.);
#3268=ORIENTED_EDGE('',*,*,#3267,.F.);
#3269=ORIENTED_EDGE('',*,*,#762,.F.);
#3270=ORIENTED_EDGE('',*,*,#3206,.F.);
#3271=EDGE_LOOP('',(#3262,#3268,#3269,#3270));
#3272=FACE_OUTER_BOUND('',#3271,.T.);
#3273=ADVANCED_FACE('',(#3272),#3261,.F.);
#3274=CARTESIAN_POINT('',(-90.750000000000014,0.0,0.0));
#3275=DIRECTION('',(0.0,0.0,1.0));
#3276=DIRECTION('',(0.0,-1.0,0.0));
#3277=AXIS2_PLACEMENT_3D('',#3274,#3275,#3276);
#3278=CYLINDRICAL_SURFACE('',#3277,3.250000000000000);
#3279=ORIENTED_EDGE('',*,*,#1536,.T.);
#3280=ORIENTED_EDGE('',*,*,#1667,.T.);
#3281=ORIENTED_EDGE('',*,*,#1638,.T.);
#3282=ORIENTED_EDGE('',*,*,#2884,.F.);
#3283=ORIENTED_EDGE('',*,*,#2258,.T.);
#3284=ORIENTED_EDGE('',*,*,#2389,.T.);
#3285=ORIENTED_EDGE('',*,*,#2360,.T.);
#3286=ORIENTED_EDGE('',*,*,#2806,.F.);
#3287=ORIENTED_EDGE('',*,*,#1846,.T.);
#3288=ORIENTED_EDGE('',*,*,#1977,.T.);
#3289=ORIENTED_EDGE('',*,*,#1948,.T.);
#3290=ORIENTED_EDGE('',*,*,#2946,.F.);
#3291=CARTESIAN_POINT('',(-90.750000000000014,-3.249999999999999,-1.100000000000000));
#3292=DIRECTION('',(0.0,0.0,-1.0));
#3293=VECTOR('',#3292,1.400000000000000);
#3294=LINE('',#3291,#3293);
#3295=EDGE_CURVE('',#2698,#2934,#3294,.T.);
#3296=ORIENTED_EDGE('',*,*,#3295,.F.);
#3297=ORIENTED_EDGE('',*,*,#2727,.T.);
#3298=ORIENTED_EDGE('',*,*,#3235,.F.);
#3299=ORIENTED_EDGE('',*,*,#3028,.F.);
#3300=EDGE_LOOP('',(#3279,#3280,#3281,#3282,#3283,#3284,#3285,#3286,#3287,#3288,#3289,#3290,#3296,#3297,#3298,#3299));
#3301=FACE_OUTER_BOUND('',#3300,.T.);
#3302=ADVANCED_FACE('',(#3301),#3278,.F.);
#3303=CARTESIAN_POINT('',(-90.750000000000014,-3.249999999999999,0.0));
#3304=DIRECTION('',(0.0,-1.0,0.0));
#3305=DIRECTION('',(0.0,0.0,-1.0));
#3306=AXIS2_PLACEMENT_3D('',#3303,#3304,#3305);
#3307=PLANE('',#3306);
#3308=ORIENTED_EDGE('',*,*,#2514,.T.);
#3309=ORIENTED_EDGE('',*,*,#3252,.T.);
#3310=ORIENTED_EDGE('',*,*,#738,.F.);
#3311=ORIENTED_EDGE('',*,*,#3267,.T.);
#3312=EDGE_LOOP('',(#3308,#3309,#3310,#3311));
#3313=FACE_OUTER_BOUND('',#3312,.T.);
#3314=ADVANCED_FACE('',(#3313),#3307,.F.);
#3315=CARTESIAN_POINT('',(-93.0,-7.500000000000011,0.0));
#3316=DIRECTION('',(0.0,-1.0,0.0));
#3317=DIRECTION('',(0.0,0.0,-1.0));
#3318=AXIS2_PLACEMENT_3D('',#3315,#3316,#3317);
#3319=PLANE('',#3318);
#3320=ORIENTED_EDGE('',*,*,#2502,.T.);
#3321=CARTESIAN_POINT('',(108.0,-7.499999999999987,1.100000000000000));
#3322=DIRECTION('',(0.0,0.0,1.0));
#3323=VECTOR('',#3322,1.400000000000000);
#3324=LINE('',#3321,#3323);
#3325=EDGE_CURVE('',#2491,#639,#3324,.T.);
#3326=ORIENTED_EDGE('',*,*,#3325,.T.);
#3327=ORIENTED_EDGE('',*,*,#644,.T.);
#3328=ORIENTED_EDGE('',*,*,#856,.F.);
#3329=EDGE_LOOP('',(#3320,#3326,#3327,#3328));
#3330=FACE_OUTER_BOUND('',#3329,.T.);
#3331=ADVANCED_FACE('',(#3330),#3319,.T.);
#3332=CARTESIAN_POINT('',(108.0,7.500000000000001,0.0));
#3333=DIRECTION('',(1.0,0.0,0.0));
#3334=DIRECTION('',(0.0,0.0,-1.0));
#3335=AXIS2_PLACEMENT_3D('',#3332,#3333,#3334);
#3336=PLANE('',#3335);
#3337=ORIENTED_EDGE('',*,*,#2496,.T.);
#3338=CARTESIAN_POINT('',(108.0,7.500000000000001,1.099999999999999));
#3339=DIRECTION('',(0.0,0.0,1.0));
#3340=VECTOR('',#3339,1.400000000000001);
#3341=LINE('',#3338,#3340);
#3342=EDGE_CURVE('',#2483,#647,#3341,.T.);
#3343=ORIENTED_EDGE('',*,*,#3342,.T.);
#3344=ORIENTED_EDGE('',*,*,#652,.T.);
#3345=ORIENTED_EDGE('',*,*,#3325,.F.);
#3346=EDGE_LOOP('',(#3337,#3343,#3344,#3345));
#3347=FACE_OUTER_BOUND('',#3346,.T.);
#3348=ADVANCED_FACE('',(#3347),#3336,.T.);
#3349=CARTESIAN_POINT('',(93.0,7.500000000000000,0.0));
#3350=DIRECTION('',(0.0,1.0,0.0));
#3351=DIRECTION('',(0.0,0.0,1.0));
#3352=AXIS2_PLACEMENT_3D('',#3349,#3350,#3351);
#3353=PLANE('',#3352);
#3354=ORIENTED_EDGE('',*,*,#2488,.T.);
#3355=CARTESIAN_POINT('',(93.0,7.500000000000000,1.099999999999999));
#3356=DIRECTION('',(0.0,0.0,1.0));
#3357=VECTOR('',#3356,1.400000000000001);
#3358=LINE('',#3355,#3357);
#3359=EDGE_CURVE('',#2474,#655,#3358,.T.);
#3360=ORIENTED_EDGE('',*,*,#3359,.T.);
#3361=ORIENTED_EDGE('',*,*,#660,.T.);
#3362=ORIENTED_EDGE('',*,*,#3342,.F.);
#3363=EDGE_LOOP('',(#3354,#3360,#3361,#3362));
#3364=FACE_OUTER_BOUND('',#3363,.T.);
#3365=ADVANCED_FACE('',(#3364),#3353,.T.);
#3366=CARTESIAN_POINT('',(93.0,7.500000000000000,0.0));
#3367=DIRECTION('',(0.0,1.0,0.0));
#3368=DIRECTION('',(0.0,0.0,1.0));
#3369=AXIS2_PLACEMENT_3D('',#3366,#3367,#3368);
#3370=PLANE('',#3369);
#3371=ORIENTED_EDGE('',*,*,#2462,.T.);
#3372=CARTESIAN_POINT('',(-108.0,7.500000000000001,2.500000000000000));
#3373=DIRECTION('',(0.0,0.0,-1.0));
#3374=VECTOR('',#3373,1.400000000000001);
#3375=LINE('',#3372,#3374);
#3376=EDGE_CURVE('',#671,#2451,#3375,.T.);
#3377=ORIENTED_EDGE('',*,*,#3376,.F.);
#3378=ORIENTED_EDGE('',*,*,#676,.T.);
#3379=ORIENTED_EDGE('',*,*,#984,.T.);
#3380=EDGE_LOOP('',(#3371,#3377,#3378,#3379));
#3381=FACE_OUTER_BOUND('',#3380,.T.);
#3382=ADVANCED_FACE('',(#3381),#3370,.T.);
#3383=CARTESIAN_POINT('',(-108.0,-7.500000000000013,0.0));
#3384=DIRECTION('',(-1.0,0.0,0.0));
#3385=DIRECTION('',(0.0,0.0,1.0));
#3386=AXIS2_PLACEMENT_3D('',#3383,#3384,#3385);
#3387=PLANE('',#3386);
#3388=ORIENTED_EDGE('',*,*,#2456,.T.);
#3389=CARTESIAN_POINT('',(-108.0,-7.500000000000013,1.100000000000000));
#3390=DIRECTION('',(0.0,0.0,1.0));
#3391=VECTOR('',#3390,1.400000000000000);
#3392=LINE('',#3389,#3391);
#3393=EDGE_CURVE('',#2443,#679,#3392,.T.);
#3394=ORIENTED_EDGE('',*,*,#3393,.T.);
#3395=ORIENTED_EDGE('',*,*,#684,.T.);
#3396=ORIENTED_EDGE('',*,*,#3376,.T.);
#3397=EDGE_LOOP('',(#3388,#3394,#3395,#3396));
#3398=FACE_OUTER_BOUND('',#3397,.T.);
#3399=ADVANCED_FACE('',(#3398),#3387,.T.);
#3400=CARTESIAN_POINT('',(-108.0,-7.500000000000013,0.0));
#3401=DIRECTION('',(-1.0,0.0,0.0));
#3402=DIRECTION('',(0.0,0.0,1.0));
#3403=AXIS2_PLACEMENT_3D('',#3400,#3401,#3402);
#3404=PLANE('',#3403);
#3405=ORIENTED_EDGE('',*,*,#1086,.T.);
#3406=ORIENTED_EDGE('',*,*,#1153,.T.);
#3407=ORIENTED_EDGE('',*,*,#1126,.T.);
#3408=ORIENTED_EDGE('',*,*,#3050,.T.);
#3409=ORIENTED_EDGE('',*,*,#1465,.T.);
#3410=ORIENTED_EDGE('',*,*,#1393,.T.);
#3411=ORIENTED_EDGE('',*,*,#1572,.T.);
#3412=ORIENTED_EDGE('',*,*,#2837,.T.);
#3413=ORIENTED_EDGE('',*,*,#2187,.T.);
#3414=ORIENTED_EDGE('',*,*,#2115,.T.);
#3415=ORIENTED_EDGE('',*,*,#2294,.T.);
#3416=ORIENTED_EDGE('',*,*,#2759,.T.);
#3417=ORIENTED_EDGE('',*,*,#1775,.T.);
#3418=ORIENTED_EDGE('',*,*,#1703,.T.);
#3419=ORIENTED_EDGE('',*,*,#1882,.T.);
#3420=ORIENTED_EDGE('',*,*,#2921,.T.);
#3421=ORIENTED_EDGE('',*,*,#1290,.T.);
#3422=ORIENTED_EDGE('',*,*,#1357,.T.);
#3423=ORIENTED_EDGE('',*,*,#1330,.T.);
#3424=ORIENTED_EDGE('',*,*,#2906,.T.);
#3425=ORIENTED_EDGE('',*,*,#2057,.T.);
#3426=ORIENTED_EDGE('',*,*,#2026,.T.);
#3427=CARTESIAN_POINT('',(-108.0,-7.500000000000013,-2.300000000000000));
#3428=DIRECTION('',(0.0,0.0,1.0));
#3429=VECTOR('',#3428,1.200000000000001);
#3430=LINE('',#3427,#3429);
#3431=EDGE_CURVE('',#2013,#2634,#3430,.T.);
#3432=ORIENTED_EDGE('',*,*,#3431,.T.);
#3433=ORIENTED_EDGE('',*,*,#2639,.T.);
#3434=CARTESIAN_POINT('',(-108.0,7.500000000000001,-1.100000000000002));
#3435=DIRECTION('',(0.0,0.0,-1.0));
#3436=VECTOR('',#3435,1.199999999999998);
#3437=LINE('',#3434,#3436);
#3438=EDGE_CURVE('',#2626,#1214,#3437,.T.);
#3439=ORIENTED_EDGE('',*,*,#3438,.T.);
#3440=ORIENTED_EDGE('',*,*,#1219,.T.);
#3441=ORIENTED_EDGE('',*,*,#1188,.T.);
#3442=ORIENTED_EDGE('',*,*,#3065,.T.);
#3443=EDGE_LOOP('',(#3405,#3406,#3407,#3408,#3409,#3410,#3411,#3412,#3413,#3414,#3415,#3416,#3417,#3418,#3419,#3420,#3421,#3422,#3423,#3424,#3425,#3426,#3432,#3433,#3439,#3440,#3441,#3442));
#3444=FACE_OUTER_BOUND('',#3443,.T.);
#3445=ADVANCED_FACE('',(#3444),#3404,.T.);
#3446=CARTESIAN_POINT('',(-93.0,-7.500000000000011,0.0));
#3447=DIRECTION('',(0.0,-1.0,0.0));
#3448=DIRECTION('',(0.0,0.0,-1.0));
#3449=AXIS2_PLACEMENT_3D('',#3446,#3447,#3448);
#3450=PLANE('',#3449);
#3451=ORIENTED_EDGE('',*,*,#2448,.T.);
#3452=CARTESIAN_POINT('',(-93.0,-7.500000000000011,1.100000000000000));
#3453=DIRECTION('',(0.0,0.0,1.0));
#3454=VECTOR('',#3453,1.400000000000000);
#3455=LINE('',#3452,#3454);
#3456=EDGE_CURVE('',#2434,#631,#3455,.T.);
#3457=ORIENTED_EDGE('',*,*,#3456,.T.);
#3458=ORIENTED_EDGE('',*,*,#690,.T.);
#3459=ORIENTED_EDGE('',*,*,#3393,.F.);
#3460=EDGE_LOOP('',(#3451,#3457,#3458,#3459));
#3461=FACE_OUTER_BOUND('',#3460,.T.);
#3462=ADVANCED_FACE('',(#3461),#3450,.T.);
#3463=CARTESIAN_POINT('',(90.750000000000014,3.250000000000000,0.0));
#3464=DIRECTION('',(0.0,1.0,0.0));
#3465=DIRECTION('',(0.0,0.0,1.0));
#3466=AXIS2_PLACEMENT_3D('',#3463,#3464,#3465);
#3467=PLANE('',#3466);
#3468=ORIENTED_EDGE('',*,*,#2667,.T.);
#3469=CARTESIAN_POINT('',(90.750000000000014,3.250000000000000,-1.100000000000001));
#3470=DIRECTION('',(0.0,0.0,-1.0));
#3471=VECTOR('',#3470,1.399999999999999);
#3472=LINE('',#3469,#3471);
#3473=EDGE_CURVE('',#2662,#3006,#3472,.T.);
#3474=ORIENTED_EDGE('',*,*,#3473,.T.);
#3475=ORIENTED_EDGE('',*,*,#3011,.F.);
#3476=ORIENTED_EDGE('',*,*,#3161,.T.);
#3477=EDGE_LOOP('',(#3468,#3474,#3475,#3476));
#3478=FACE_OUTER_BOUND('',#3477,.T.);
#3479=ADVANCED_FACE('',(#3478),#3467,.F.);
#3480=CARTESIAN_POINT('',(90.750000000000014,0.0,0.0));
#3481=DIRECTION('',(0.0,0.0,1.0));
#3482=DIRECTION('',(0.0,1.0,0.0));
#3483=AXIS2_PLACEMENT_3D('',#3480,#3481,#3482);
#3484=CYLINDRICAL_SURFACE('',#3483,3.250000000000000);
#3485=ORIENTED_EDGE('',*,*,#1520,.T.);
#3486=ORIENTED_EDGE('',*,*,#3018,.F.);
#3487=ORIENTED_EDGE('',*,*,#3473,.F.);
#3488=ORIENTED_EDGE('',*,*,#2691,.T.);
#3489=ORIENTED_EDGE('',*,*,#3116,.F.);
#3490=ORIENTED_EDGE('',*,*,#2956,.F.);
#3491=ORIENTED_EDGE('',*,*,#1932,.T.);
#3492=ORIENTED_EDGE('',*,*,#1969,.T.);
#3493=ORIENTED_EDGE('',*,*,#1830,.T.);
#3494=ORIENTED_EDGE('',*,*,#2814,.F.);
#3495=ORIENTED_EDGE('',*,*,#2344,.T.);
#3496=ORIENTED_EDGE('',*,*,#2381,.T.);
#3497=ORIENTED_EDGE('',*,*,#2242,.T.);
#3498=ORIENTED_EDGE('',*,*,#2876,.F.);
#3499=ORIENTED_EDGE('',*,*,#1622,.T.);
#3500=ORIENTED_EDGE('',*,*,#1659,.T.);
#3501=EDGE_LOOP('',(#3485,#3486,#3487,#3488,#3489,#3490,#3491,#3492,#3493,#3494,#3495,#3496,#3497,#3498,#3499,#3500));
#3502=FACE_OUTER_BOUND('',#3501,.T.);
#3503=ADVANCED_FACE('',(#3502),#3484,.F.);
#3504=CARTESIAN_POINT('',(-90.750000000000014,-3.249999999999999,0.0));
#3505=DIRECTION('',(0.0,-1.0,0.0));
#3506=DIRECTION('',(0.0,0.0,-1.0));
#3507=AXIS2_PLACEMENT_3D('',#3504,#3505,#3506);
#3508=PLANE('',#3507);
#3509=ORIENTED_EDGE('',*,*,#2703,.T.);
#3510=ORIENTED_EDGE('',*,*,#3295,.T.);
#3511=ORIENTED_EDGE('',*,*,#2939,.F.);
#3512=CARTESIAN_POINT('',(-99.750000000000014,-3.250000000000000,-2.500000000000000));
#3513=DIRECTION('',(0.0,0.0,1.0));
#3514=VECTOR('',#3513,1.400000000000000);
#3515=LINE('',#3512,#3514);
#3516=EDGE_CURVE('',#2925,#2696,#3515,.T.);
#3517=ORIENTED_EDGE('',*,*,#3516,.T.);
#3518=EDGE_LOOP('',(#3509,#3510,#3511,#3517));
#3519=FACE_OUTER_BOUND('',#3518,.T.);
#3520=ADVANCED_FACE('',(#3519),#3508,.F.);
#3521=CARTESIAN_POINT('',(-99.750000000000014,0.0,0.0));
#3522=DIRECTION('',(0.0,0.0,1.0));
#3523=DIRECTION('',(0.0,1.0,0.0));
#3524=AXIS2_PLACEMENT_3D('',#3521,#3522,#3523);
#3525=CYLINDRICAL_SURFACE('',#3524,3.250000000000000);
#3526=ORIENTED_EDGE('',*,*,#1456,.T.);
#3527=ORIENTED_EDGE('',*,*,#3043,.F.);
#3528=ORIENTED_EDGE('',*,*,#3228,.T.);
#3529=ORIENTED_EDGE('',*,*,#2712,.T.);
#3530=ORIENTED_EDGE('',*,*,#3516,.F.);
#3531=ORIENTED_EDGE('',*,*,#2931,.F.);
#3532=ORIENTED_EDGE('',*,*,#1868,.T.);
#3533=ORIENTED_EDGE('',*,*,#1687,.T.);
#3534=ORIENTED_EDGE('',*,*,#1766,.T.);
#3535=ORIENTED_EDGE('',*,*,#2767,.F.);
#3536=ORIENTED_EDGE('',*,*,#2280,.T.);
#3537=ORIENTED_EDGE('',*,*,#2099,.T.);
#3538=ORIENTED_EDGE('',*,*,#2178,.T.);
#3539=ORIENTED_EDGE('',*,*,#2830,.F.);
#3540=ORIENTED_EDGE('',*,*,#1558,.T.);
#3541=ORIENTED_EDGE('',*,*,#1377,.T.);
#3542=EDGE_LOOP('',(#3526,#3527,#3528,#3529,#3530,#3531,#3532,#3533,#3534,#3535,#3536,#3537,#3538,#3539,#3540,#3541));
#3543=FACE_OUTER_BOUND('',#3542,.T.);
#3544=ADVANCED_FACE('',(#3543),#3525,.F.);
#3545=CARTESIAN_POINT('',(-93.0,-7.500000000000011,0.0));
#3546=DIRECTION('',(0.0,-1.0,0.0));
#3547=DIRECTION('',(0.0,0.0,-1.0));
#3548=AXIS2_PLACEMENT_3D('',#3545,#3546,#3547);
#3549=PLANE('',#3548);
#3550=ORIENTED_EDGE('',*,*,#2002,.T.);
#3551=CARTESIAN_POINT('',(108.0,-7.499999999999987,-2.300000000000000));
#3552=DIRECTION('',(0.0,0.0,1.0));
#3553=VECTOR('',#3552,1.200000000000001);
#3554=LINE('',#3551,#3553);
#3555=EDGE_CURVE('',#1989,#2586,#3554,.T.);
#3556=ORIENTED_EDGE('',*,*,#3555,.T.);
#3557=ORIENTED_EDGE('',*,*,#2591,.T.);
#3558=ORIENTED_EDGE('',*,*,#824,.F.);
#3559=EDGE_LOOP('',(#3550,#3556,#3557,#3558));
#3560=FACE_OUTER_BOUND('',#3559,.T.);
#3561=ADVANCED_FACE('',(#3560),#3549,.T.);
#3562=CARTESIAN_POINT('',(93.0,7.500000000000000,0.0));
#3563=DIRECTION('',(0.0,1.0,0.0));
#3564=DIRECTION('',(0.0,0.0,1.0));
#3565=AXIS2_PLACEMENT_3D('',#3562,#3563,#3564);
#3566=PLANE('',#3565);
#3567=ORIENTED_EDGE('',*,*,#1225,.T.);
#3568=ORIENTED_EDGE('',*,*,#3438,.F.);
#3569=ORIENTED_EDGE('',*,*,#2631,.T.);
#3570=ORIENTED_EDGE('',*,*,#952,.T.);
#3571=EDGE_LOOP('',(#3567,#3568,#3569,#3570));
#3572=FACE_OUTER_BOUND('',#3571,.T.);
#3573=ADVANCED_FACE('',(#3572),#3566,.T.);
#3574=CARTESIAN_POINT('',(93.0,7.500000000000000,0.0));
#3575=DIRECTION('',(0.0,1.0,0.0));
#3576=DIRECTION('',(0.0,0.0,1.0));
#3577=AXIS2_PLACEMENT_3D('',#3574,#3575,#3576);
#3578=PLANE('',#3577);
#3579=ORIENTED_EDGE('',*,*,#1239,.T.);
#3580=CARTESIAN_POINT('',(93.0,7.500000000000000,-2.300000000000000));
#3581=DIRECTION('',(0.0,0.0,1.0));
#3582=VECTOR('',#3581,1.199999999999998);
#3583=LINE('',#3580,#3582);
#3584=EDGE_CURVE('',#1228,#2602,#3583,.T.);
#3585=ORIENTED_EDGE('',*,*,#3584,.T.);
#3586=ORIENTED_EDGE('',*,*,#2607,.T.);
#3587=CARTESIAN_POINT('',(108.0,7.500000000000001,-2.300000000000000));
#3588=DIRECTION('',(0.0,0.0,1.0));
#3589=VECTOR('',#3588,1.199999999999998);
#3590=LINE('',#3587,#3589);
#3591=EDGE_CURVE('',#1205,#2594,#3590,.T.);
#3592=ORIENTED_EDGE('',*,*,#3591,.F.);
#3593=EDGE_LOOP('',(#3579,#3585,#3586,#3592));
#3594=FACE_OUTER_BOUND('',#3593,.T.);
#3595=ADVANCED_FACE('',(#3594),#3578,.T.);
#3596=CARTESIAN_POINT('',(108.0,7.500000000000001,0.0));
#3597=DIRECTION('',(1.0,0.0,0.0));
#3598=DIRECTION('',(0.0,0.0,-1.0));
#3599=AXIS2_PLACEMENT_3D('',#3596,#3597,#3598);
#3600=PLANE('',#3599);
#3601=ORIENTED_EDGE('',*,*,#1070,.T.);
#3602=ORIENTED_EDGE('',*,*,#3072,.T.);
#3603=ORIENTED_EDGE('',*,*,#1172,.T.);
#3604=ORIENTED_EDGE('',*,*,#1210,.T.);
#3605=ORIENTED_EDGE('',*,*,#3591,.T.);
#3606=ORIENTED_EDGE('',*,*,#2599,.T.);
#3607=ORIENTED_EDGE('',*,*,#3555,.F.);
#3608=ORIENTED_EDGE('',*,*,#1996,.T.);
#3609=ORIENTED_EDGE('',*,*,#2048,.T.);
#3610=ORIENTED_EDGE('',*,*,#2899,.T.);
#3611=ORIENTED_EDGE('',*,*,#1314,.T.);
#3612=ORIENTED_EDGE('',*,*,#1350,.T.);
#3613=ORIENTED_EDGE('',*,*,#1274,.T.);
#3614=ORIENTED_EDGE('',*,*,#2978,.T.);
#3615=ORIENTED_EDGE('',*,*,#1908,.T.);
#3616=ORIENTED_EDGE('',*,*,#1744,.T.);
#3617=ORIENTED_EDGE('',*,*,#1811,.T.);
#3618=ORIENTED_EDGE('',*,*,#2790,.T.);
#3619=ORIENTED_EDGE('',*,*,#2320,.T.);
#3620=ORIENTED_EDGE('',*,*,#2156,.T.);
#3621=ORIENTED_EDGE('',*,*,#2223,.T.);
#3622=ORIENTED_EDGE('',*,*,#2852,.T.);
#3623=ORIENTED_EDGE('',*,*,#1598,.T.);
#3624=ORIENTED_EDGE('',*,*,#1434,.T.);
#3625=ORIENTED_EDGE('',*,*,#1501,.T.);
#3626=ORIENTED_EDGE('',*,*,#2993,.T.);
#3627=ORIENTED_EDGE('',*,*,#1110,.T.);
#3628=ORIENTED_EDGE('',*,*,#1146,.T.);
#3629=EDGE_LOOP('',(#3601,#3602,#3603,#3604,#3605,#3606,#3607,#3608,#3609,#3610,#3611,#3612,#3613,#3614,#3615,#3616,#3617,#3618,#3619,#3620,#3621,#3622,#3623,#3624,#3625,#3626,#3627,#3628));
#3630=FACE_OUTER_BOUND('',#3629,.T.);
#3631=ADVANCED_FACE('',(#3630),#3600,.T.);
#3632=CARTESIAN_POINT('',(-93.0,-7.500000000000011,0.0));
#3633=DIRECTION('',(0.0,-1.0,0.0));
#3634=DIRECTION('',(0.0,0.0,-1.0));
#3635=AXIS2_PLACEMENT_3D('',#3632,#3633,#3634);
#3636=PLANE('',#3635);
#3637=ORIENTED_EDGE('',*,*,#2018,.T.);
#3638=CARTESIAN_POINT('',(-93.0,-7.500000000000011,-2.300000000000000));
#3639=DIRECTION('',(0.0,0.0,1.0));
#3640=VECTOR('',#3639,1.200000000000001);
#3641=LINE('',#3638,#3640);
#3642=EDGE_CURVE('',#2005,#2642,#3641,.T.);
#3643=ORIENTED_EDGE('',*,*,#3642,.T.);
#3644=ORIENTED_EDGE('',*,*,#2647,.T.);
#3645=ORIENTED_EDGE('',*,*,#3431,.F.);
#3646=EDGE_LOOP('',(#3637,#3643,#3644,#3645));
#3647=FACE_OUTER_BOUND('',#3646,.T.);
#3648=ADVANCED_FACE('',(#3647),#3636,.T.);
#3649=CARTESIAN_POINT('',(93.0,12.500000000000000,0.0));
#3650=DIRECTION('',(0.0,0.0,1.0));
#3651=DIRECTION('',(0.866025403784441,0.499999999999996,0.0));
#3652=AXIS2_PLACEMENT_3D('',#3649,#3650,#3651);
#3653=CYLINDRICAL_SURFACE('',#3652,5.0);
#3654=ORIENTED_EDGE('',*,*,#1043,.F.);
#3655=ORIENTED_EDGE('',*,*,#1026,.F.);
#3656=ORIENTED_EDGE('',*,*,#3359,.F.);
#3657=ORIENTED_EDGE('',*,*,#2480,.T.);
#3658=ORIENTED_EDGE('',*,*,#2741,.T.);
#3659=ORIENTED_EDGE('',*,*,#2616,.T.);
#3660=ORIENTED_EDGE('',*,*,#3584,.F.);
#3661=ORIENTED_EDGE('',*,*,#1255,.F.);
#3662=EDGE_LOOP('',(#3654,#3655,#3656,#3657,#3658,#3659,#3660,#3661));
#3663=FACE_OUTER_BOUND('',#3662,.T.);
#3664=ADVANCED_FACE('',(#3663),#3653,.F.);
#3665=CARTESIAN_POINT('',(-93.0,-12.500000000000014,0.0));
#3666=DIRECTION('',(0.0,0.0,1.0));
#3667=DIRECTION('',(-0.866025403784440,-0.499999999999997,0.0));
#3668=AXIS2_PLACEMENT_3D('',#3665,#3666,#3667);
#3669=CYLINDRICAL_SURFACE('',#3668,5.0);
#3670=ORIENTED_EDGE('',*,*,#884,.F.);
#3671=ORIENTED_EDGE('',*,*,#3456,.F.);
#3672=ORIENTED_EDGE('',*,*,#2440,.T.);
#3673=ORIENTED_EDGE('',*,*,#2415,.T.);
#3674=ORIENTED_EDGE('',*,*,#2654,.T.);
#3675=ORIENTED_EDGE('',*,*,#3642,.F.);
#3676=ORIENTED_EDGE('',*,*,#2079,.F.);
#3677=ORIENTED_EDGE('',*,*,#901,.F.);
#3678=EDGE_LOOP('',(#3670,#3671,#3672,#3673,#3674,#3675,#3676,#3677));
#3679=FACE_OUTER_BOUND('',#3678,.T.);
#3680=ADVANCED_FACE('',(#3679),#3669,.F.);
#3681=CLOSED_SHELL('',(#766,#860,#911,#1005,#1056,#1096,#1136,#1158,#1198,#1243,#1260,#1300,#1340,#1362,#1403,#1444,#1475,#1506,#1546,#1577,#1608,#1648,#1672,#1713,#1754,#1785,#1816,#1856,#1887,#1918,#1958,#1982,#2036,#2067,#2084,#2125,#2166,#2197,#2228,#2268,#2299,#2330,#2370,#2394,#2425,#2578,#2731,#2748,#2771,#2794,#2818,#2841,#2864,#2888,#2910,#2982,#3054,#3076,#3098,#3120,#3137,#3166,#3183,#3195,#3217,#3239,#3256,#3273,#3302,#3314,#3331,#3348,#3365,#3382,#3399,#3445,#3462,#3479,#3503,#3520,#3544,#3561,#3573,#3595,#3631,#3648,#3664,#3680));
#3682=MANIFOLD_SOLID_BREP('Solid1',#3681);
#3683=DRAUGHTING_PRE_DEFINED_COLOUR('black');
#3684=FILL_AREA_STYLE_COLOUR('Black',#3683);
#3685=FILL_AREA_STYLE('Black',(#3684));
#3686=SURFACE_STYLE_FILL_AREA(#3685);
#3687=SURFACE_SIDE_STYLE('Black',(#3686));
#3688=SURFACE_STYLE_USAGE(.BOTH.,#3687);
#3689=PRESENTATION_STYLE_ASSIGNMENT((#3688));
#3690=STYLED_ITEM('',(#3689),#3682);
#3691=ADVANCED_BREP_SHAPE_REPRESENTATION('ABSR',(#3682),#591);
#3692=SHAPE_REPRESENTATION_RELATIONSHIP('SRR','None',#3691,#596);
#3693=AXIS2_PLACEMENT_3D('',#3694,#3695,#3696);
#3694=CARTESIAN_POINT('',(-1.102590E-013,-2.861798E-033,0.100000000000000));
#3695=DIRECTION('',(1.412341E-016,-1.972008E-016,1.000000000000000));
#3696=DIRECTION('',(0.999999999999999,-4.995303E-032,1.122904E-016));
#3697=NEXT_ASSEMBLY_USAGE_OCCURRENCE('1427J - vinyl:1','1427J - vinyl:1','1427J - vinyl:1',#12,#567,'1427J - vinyl:1');
#3698=PRODUCT_DEFINITION_SHAPE('1427J - vinyl:1','1427J - vinyl:1',#3697);
#3699=ITEM_DEFINED_TRANSFORMATION('1427J - vinyl:1','1427J - vinyl:1',#592,#3693);
#3703=(REPRESENTATION_RELATIONSHIP('1427J - vinyl:1','1427J - vinyl:1',#596,#41)REPRESENTATION_RELATIONSHIP_WITH_TRANSFORMATION(#3699)SHAPE_REPRESENTATION_RELATIONSHIP());
#3704=CONTEXT_DEPENDENT_SHAPE_REPRESENTATION(#3703,#3698);
#3705=APPLICATION_CONTEXT('automotive design');
#3706=APPLICATION_PROTOCOL_DEFINITION('International Standard','automotive_design',2001,#3705);
#3707=PRODUCT_CONTEXT('',#3705,'mechanical');
#3708=PRODUCT('1427J - insert','1427J - insert',$,(#3707));
#3709=PRODUCT_RELATED_PRODUCT_CATEGORY('part',$,(#3708));
#3710=PRODUCT_DEFINITION_FORMATION('',$,#3708);
#3711=PRODUCT_DEFINITION_CONTEXT('part definition',#3705,'design');
#3712=PRODUCT_DEFINITION('',$,#3710,#3711);
#3718=(NAMED_UNIT(*)PLANE_ANGLE_UNIT()SI_UNIT($,.RADIAN.));
#3719=DIMENSIONAL_EXPONENTS(0.0,0.0,0.0,0.0,0.0,0.0,0.0);
#3720=PLANE_ANGLE_MEASURE_WITH_UNIT(PLANE_ANGLE_MEASURE(0.017453292500000),#3718);
#3724=(CONVERSION_BASED_UNIT('DEGREE',#3720)NAMED_UNIT(#3719)PLANE_ANGLE_UNIT());
#3728=(NAMED_UNIT(*)SI_UNIT($,.STERADIAN.)SOLID_ANGLE_UNIT());
#3732=(LENGTH_UNIT()NAMED_UNIT(*)SI_UNIT(.MILLI.,.METRE.));
#3734=UNCERTAINTY_MEASURE_WITH_UNIT(LENGTH_MEASURE(0.010000000000000),#3732,'DISTANCE_ACCURACY_VALUE','');
#3736=(GEOMETRIC_REPRESENTATION_CONTEXT(3)GLOBAL_UNCERTAINTY_ASSIGNED_CONTEXT((#3734))GLOBAL_UNIT_ASSIGNED_CONTEXT((#3724,#3728,#3732))REPRESENTATION_CONTEXT('None','None'));
#3737=AXIS2_PLACEMENT_3D('',#3738,#3739,#3740);
#3738=CARTESIAN_POINT('',(0.0,0.0,0.0));
#3739=DIRECTION('',(0.0,0.0,1.0));
#3740=DIRECTION('',(1.0,0.0,0.0));
#3741=SHAPE_REPRESENTATION('',(#3737),#3736);
#3742=PRODUCT_DEFINITION_SHAPE('','',#3712);
#3743=SHAPE_DEFINITION_REPRESENTATION(#3742,#3741);
#3749=(NAMED_UNIT(*)PLANE_ANGLE_UNIT()SI_UNIT($,.RADIAN.));
#3750=DIMENSIONAL_EXPONENTS(0.0,0.0,0.0,0.0,0.0,0.0,0.0);
#3751=PLANE_ANGLE_MEASURE_WITH_UNIT(PLANE_ANGLE_MEASURE(0.017453292500000),#3749);
#3755=(CONVERSION_BASED_UNIT('DEGREE',#3751)NAMED_UNIT(#3750)PLANE_ANGLE_UNIT());
#3759=(NAMED_UNIT(*)SI_UNIT($,.STERADIAN.)SOLID_ANGLE_UNIT());
#3763=(LENGTH_UNIT()NAMED_UNIT(*)SI_UNIT(.MILLI.,.METRE.));
#3765=UNCERTAINTY_MEASURE_WITH_UNIT(LENGTH_MEASURE(0.000001000000000),#3763,'DISTANCE_ACCURACY_VALUE','');
#3767=(GEOMETRIC_REPRESENTATION_CONTEXT(3)GLOBAL_UNCERTAINTY_ASSIGNED_CONTEXT((#3765))GLOBAL_UNIT_ASSIGNED_CONTEXT((#3755,#3759,#3763))REPRESENTATION_CONTEXT('','3D'));
#3768=CARTESIAN_POINT('',(15.0,11.750000000000000,0.0));
#3769=DIRECTION('',(0.0,0.0,1.0));
#3770=DIRECTION('',(1.0,0.0,0.0));
#3771=AXIS2_PLACEMENT_3D('',#3768,#3769,#3770);
#3772=PLANE('',#3771);
#3773=CARTESIAN_POINT('',(-13.800000000000004,-9.000000000000002,0.0));
#3774=VERTEX_POINT('',#3773);
#3775=CARTESIAN_POINT('',(-15.499999999999998,-9.0,0.0));
#3776=VERTEX_POINT('',#3775);
#3777=CARTESIAN_POINT('',(-13.800000000000004,-9.000000000000002,0.0));
#3778=DIRECTION('',(-1.0,0.0,0.0));
#3779=VECTOR('',#3778,1.699999999999996);
#3780=LINE('',#3777,#3779);
#3781=EDGE_CURVE('',#3774,#3776,#3780,.T.);
#3782=ORIENTED_EDGE('',*,*,#3781,.T.);
#3783=CARTESIAN_POINT('',(-15.499999999999998,-7.250000000000004,-1.387779E-016));
#3784=VERTEX_POINT('',#3783);
#3785=CARTESIAN_POINT('',(-15.499999999999998,-9.0,0.0));
#3786=DIRECTION('',(0.0,1.0,0.0));
#3787=VECTOR('',#3786,1.749999999999996);
#3788=LINE('',#3785,#3787);
#3789=EDGE_CURVE('',#3776,#3784,#3788,.T.);
#3790=ORIENTED_EDGE('',*,*,#3789,.T.);
#3791=CARTESIAN_POINT('',(-15.999999999999998,-7.250000000000004,0.0));
#3792=VERTEX_POINT('',#3791);
#3793=CARTESIAN_POINT('',(-15.499999999999998,-7.250000000000004,0.0));
#3794=DIRECTION('',(-1.0,0.0,0.0));
#3795=VECTOR('',#3794,0.500000000000000);
#3796=LINE('',#3793,#3795);
#3797=EDGE_CURVE('',#3784,#3792,#3796,.T.);
#3798=ORIENTED_EDGE('',*,*,#3797,.T.);
#3799=CARTESIAN_POINT('',(-16.000000000000004,7.249999999999997,0.0));
#3800=VERTEX_POINT('',#3799);
#3801=CARTESIAN_POINT('',(-15.999999999999996,-7.250000000000004,0.0));
#3802=DIRECTION('',(0.0,1.0,0.0));
#3803=VECTOR('',#3802,14.500000000000002);
#3804=LINE('',#3801,#3803);
#3805=EDGE_CURVE('',#3792,#3800,#3804,.T.);
#3806=ORIENTED_EDGE('',*,*,#3805,.T.);
#3807=CARTESIAN_POINT('',(-15.500000000000004,7.249999999999997,-1.387779E-016));
#3808=VERTEX_POINT('',#3807);
#3809=CARTESIAN_POINT('',(-16.000000000000004,7.249999999999998,0.0));
#3810=DIRECTION('',(1.0,0.0,0.0));
#3811=VECTOR('',#3810,0.500000000000002);
#3812=LINE('',#3809,#3811);
#3813=EDGE_CURVE('',#3800,#3808,#3812,.T.);
#3814=ORIENTED_EDGE('',*,*,#3813,.T.);
#3815=CARTESIAN_POINT('',(-15.500000000000004,9.0,0.0));
#3816=VERTEX_POINT('',#3815);
#3817=CARTESIAN_POINT('',(-15.500000000000004,7.249999999999998,0.0));
#3818=DIRECTION('',(0.0,1.0,0.0));
#3819=VECTOR('',#3818,1.750000000000002);
#3820=LINE('',#3817,#3819);
#3821=EDGE_CURVE('',#3808,#3816,#3820,.T.);
#3822=ORIENTED_EDGE('',*,*,#3821,.T.);
#3823=CARTESIAN_POINT('',(-13.800000000000004,9.000000000000002,0.0));
#3824=VERTEX_POINT('',#3823);
#3825=CARTESIAN_POINT('',(-15.500000000000002,9.0,0.0));
#3826=DIRECTION('',(1.0,0.0,0.0));
#3827=VECTOR('',#3826,1.699999999999999);
#3828=LINE('',#3825,#3827);
#3829=EDGE_CURVE('',#3816,#3824,#3828,.T.);
#3830=ORIENTED_EDGE('',*,*,#3829,.T.);
#3831=CARTESIAN_POINT('',(-13.800000000000004,9.500000000000000,0.0));
#3832=VERTEX_POINT('',#3831);
#3833=CARTESIAN_POINT('',(-13.800000000000004,9.0,0.0));
#3834=DIRECTION('',(0.0,1.0,0.0));
#3835=VECTOR('',#3834,0.499999999999998);
#3836=LINE('',#3833,#3835);
#3837=EDGE_CURVE('',#3824,#3832,#3836,.T.);
#3838=ORIENTED_EDGE('',*,*,#3837,.T.);
#3839=CARTESIAN_POINT('',(-7.300000000000003,9.500000000000000,0.0));
#3840=VERTEX_POINT('',#3839);
#3841=CARTESIAN_POINT('',(-13.800000000000002,9.500000000000000,0.0));
#3842=DIRECTION('',(1.0,0.0,0.0));
#3843=VECTOR('',#3842,6.500000000000000);
#3844=LINE('',#3841,#3843);
#3845=EDGE_CURVE('',#3832,#3840,#3844,.T.);
#3846=ORIENTED_EDGE('',*,*,#3845,.T.);
#3847=CARTESIAN_POINT('',(-7.300000000000003,9.000000000000002,0.0));
#3848=VERTEX_POINT('',#3847);
#3849=CARTESIAN_POINT('',(-7.300000000000003,9.500000000000000,0.0));
#3850=DIRECTION('',(0.0,-1.0,0.0));
#3851=VECTOR('',#3850,0.499999999999998);
#3852=LINE('',#3849,#3851);
#3853=EDGE_CURVE('',#3840,#3848,#3852,.T.);
#3854=ORIENTED_EDGE('',*,*,#3853,.T.);
#3855=CARTESIAN_POINT('',(-6.300000000000003,9.000000000000002,0.0));
#3856=VERTEX_POINT('',#3855);
#3857=CARTESIAN_POINT('',(-7.300000000000003,9.000000000000002,0.0));
#3858=DIRECTION('',(1.0,0.0,0.0));
#3859=VECTOR('',#3858,1.0);
#3860=LINE('',#3857,#3859);
#3861=EDGE_CURVE('',#3848,#3856,#3860,.T.);
#3862=ORIENTED_EDGE('',*,*,#3861,.T.);
#3863=CARTESIAN_POINT('',(-6.300000000000003,9.500000000000000,0.0));
#3864=VERTEX_POINT('',#3863);
#3865=CARTESIAN_POINT('',(-6.300000000000003,9.0,0.0));
#3866=DIRECTION('',(0.0,1.0,0.0));
#3867=VECTOR('',#3866,0.499999999999998);
#3868=LINE('',#3865,#3867);
#3869=EDGE_CURVE('',#3856,#3864,#3868,.T.);
#3870=ORIENTED_EDGE('',*,*,#3869,.T.);
#3871=CARTESIAN_POINT('',(-3.800000000000003,9.500000000000000,0.0));
#3872=VERTEX_POINT('',#3871);
#3873=CARTESIAN_POINT('',(-6.300000000000003,9.500000000000000,0.0));
#3874=DIRECTION('',(1.0,0.0,0.0));
#3875=VECTOR('',#3874,2.500000000000000);
#3876=LINE('',#3873,#3875);
#3877=EDGE_CURVE('',#3864,#3872,#3876,.T.);
#3878=ORIENTED_EDGE('',*,*,#3877,.T.);
#3879=CARTESIAN_POINT('',(-3.800000000000003,9.000000000000002,-2.775558E-016));
#3880=VERTEX_POINT('',#3879);
#3881=CARTESIAN_POINT('',(-3.800000000000003,9.500000000000000,0.0));
#3882=DIRECTION('',(0.0,-1.0,0.0));
#3883=VECTOR('',#3882,0.499999999999998);
#3884=LINE('',#3881,#3883);
#3885=EDGE_CURVE('',#3872,#3880,#3884,.T.);
#3886=ORIENTED_EDGE('',*,*,#3885,.T.);
#3887=CARTESIAN_POINT('',(-2.800000000000002,9.000000000000002,-2.775558E-016));
#3888=VERTEX_POINT('',#3887);
#3889=CARTESIAN_POINT('',(-3.800000000000003,9.000000000000002,0.0));
#3890=DIRECTION('',(1.0,0.0,0.0));
#3891=VECTOR('',#3890,1.0);
#3892=LINE('',#3889,#3891);
#3893=EDGE_CURVE('',#3880,#3888,#3892,.T.);
#3894=ORIENTED_EDGE('',*,*,#3893,.T.);
#3895=CARTESIAN_POINT('',(-2.800000000000002,9.500000000000000,0.0));
#3896=VERTEX_POINT('',#3895);
#3897=CARTESIAN_POINT('',(-2.800000000000003,9.0,0.0));
#3898=DIRECTION('',(0.0,1.0,0.0));
#3899=VECTOR('',#3898,0.499999999999998);
#3900=LINE('',#3897,#3899);
#3901=EDGE_CURVE('',#3888,#3896,#3900,.T.);
#3902=ORIENTED_EDGE('',*,*,#3901,.T.);
#3903=CARTESIAN_POINT('',(10.0,9.500000000000000,0.0));
#3904=VERTEX_POINT('',#3903);
#3905=CARTESIAN_POINT('',(-2.800000000000003,9.500000000000000,0.0));
#3906=DIRECTION('',(1.0,0.0,0.0));
#3907=VECTOR('',#3906,12.800000000000002);
#3908=LINE('',#3905,#3907);
#3909=EDGE_CURVE('',#3896,#3904,#3908,.T.);
#3910=ORIENTED_EDGE('',*,*,#3909,.T.);
#3911=CARTESIAN_POINT('',(10.0,9.000000000000002,0.0));
#3912=VERTEX_POINT('',#3911);
#3913=CARTESIAN_POINT('',(10.0,9.500000000000000,0.0));
#3914=DIRECTION('',(0.0,-1.0,0.0));
#3915=VECTOR('',#3914,0.499999999999998);
#3916=LINE('',#3913,#3915);
#3917=EDGE_CURVE('',#3904,#3912,#3916,.T.);
#3918=ORIENTED_EDGE('',*,*,#3917,.T.);
#3919=CARTESIAN_POINT('',(11.0,9.000000000000002,0.0));
#3920=VERTEX_POINT('',#3919);
#3921=CARTESIAN_POINT('',(10.0,9.000000000000002,0.0));
#3922=DIRECTION('',(1.0,0.0,0.0));
#3923=VECTOR('',#3922,1.0);
#3924=LINE('',#3921,#3923);
#3925=EDGE_CURVE('',#3912,#3920,#3924,.T.);
#3926=ORIENTED_EDGE('',*,*,#3925,.T.);
#3927=CARTESIAN_POINT('',(11.0,9.500000000000000,0.0));
#3928=VERTEX_POINT('',#3927);
#3929=CARTESIAN_POINT('',(11.0,9.0,0.0));
#3930=DIRECTION('',(0.0,1.0,0.0));
#3931=VECTOR('',#3930,0.500000000000000);
#3932=LINE('',#3929,#3931);
#3933=EDGE_CURVE('',#3920,#3928,#3932,.T.);
#3934=ORIENTED_EDGE('',*,*,#3933,.T.);
#3935=CARTESIAN_POINT('',(13.0,9.500000000000000,0.0));
#3936=VERTEX_POINT('',#3935);
#3937=CARTESIAN_POINT('',(11.0,9.500000000000000,0.0));
#3938=DIRECTION('',(1.0,0.0,0.0));
#3939=VECTOR('',#3938,2.0);
#3940=LINE('',#3937,#3939);
#3941=EDGE_CURVE('',#3928,#3936,#3940,.T.);
#3942=ORIENTED_EDGE('',*,*,#3941,.T.);
#3943=CARTESIAN_POINT('',(13.0,9.000000000000002,0.0));
#3944=VERTEX_POINT('',#3943);
#3945=CARTESIAN_POINT('',(12.999999999999998,9.500000000000000,0.0));
#3946=DIRECTION('',(0.0,-1.0,0.0));
#3947=VECTOR('',#3946,0.499999999999998);
#3948=LINE('',#3945,#3947);
#3949=EDGE_CURVE('',#3936,#3944,#3948,.T.);
#3950=ORIENTED_EDGE('',*,*,#3949,.T.);
#3951=CARTESIAN_POINT('',(14.000000000000002,9.000000000000002,0.0));
#3952=VERTEX_POINT('',#3951);
#3953=CARTESIAN_POINT('',(13.000000000000002,9.000000000000002,0.0));
#3954=DIRECTION('',(1.0,0.0,0.0));
#3955=VECTOR('',#3954,1.0);
#3956=LINE('',#3953,#3955);
#3957=EDGE_CURVE('',#3944,#3952,#3956,.T.);
#3958=ORIENTED_EDGE('',*,*,#3957,.T.);
#3959=CARTESIAN_POINT('',(14.000000000000002,9.500000000000000,0.0));
#3960=VERTEX_POINT('',#3959);
#3961=CARTESIAN_POINT('',(14.000000000000004,9.0,0.0));
#3962=DIRECTION('',(0.0,1.0,0.0));
#3963=VECTOR('',#3962,0.500000000000000);
#3964=LINE('',#3961,#3963);
#3965=EDGE_CURVE('',#3952,#3960,#3964,.T.);
#3966=ORIENTED_EDGE('',*,*,#3965,.T.);
#3967=CARTESIAN_POINT('',(16.0,9.500000000000004,0.0));
#3968=VERTEX_POINT('',#3967);
#3969=CARTESIAN_POINT('',(14.000000000000002,9.500000000000000,0.0));
#3970=DIRECTION('',(1.0,0.0,0.0));
#3971=VECTOR('',#3970,1.999999999999998);
#3972=LINE('',#3969,#3971);
#3973=EDGE_CURVE('',#3960,#3968,#3972,.T.);
#3974=ORIENTED_EDGE('',*,*,#3973,.T.);
#3975=CARTESIAN_POINT('',(16.0,-9.500000000000002,0.0));
#3976=VERTEX_POINT('',#3975);
#3977=CARTESIAN_POINT('',(16.0,-9.500000000000002,0.0));
#3978=DIRECTION('',(0.0,1.0,0.0));
#3979=VECTOR('',#3978,19.000000000000007);
#3980=LINE('',#3977,#3979);
#3981=EDGE_CURVE('',#3976,#3968,#3980,.T.);
#3982=ORIENTED_EDGE('',*,*,#3981,.F.);
#3983=CARTESIAN_POINT('',(14.000000000000002,-9.500000000000000,0.0));
#3984=VERTEX_POINT('',#3983);
#3985=CARTESIAN_POINT('',(14.000000000000004,-9.499999999999998,0.0));
#3986=DIRECTION('',(1.0,0.0,0.0));
#3987=VECTOR('',#3986,1.999999999999996);
#3988=LINE('',#3985,#3987);
#3989=EDGE_CURVE('',#3984,#3976,#3988,.T.);
#3990=ORIENTED_EDGE('',*,*,#3989,.F.);
#3991=CARTESIAN_POINT('',(14.000000000000002,-9.000000000000002,-1.387779E-016));
#3992=VERTEX_POINT('',#3991);
#3993=CARTESIAN_POINT('',(14.000000000000002,-9.500000000000000,0.0));
#3994=DIRECTION('',(0.0,1.0,0.0));
#3995=VECTOR('',#3994,0.499999999999998);
#3996=LINE('',#3993,#3995);
#3997=EDGE_CURVE('',#3984,#3992,#3996,.T.);
#3998=ORIENTED_EDGE('',*,*,#3997,.T.);
#3999=CARTESIAN_POINT('',(13.0,-9.000000000000002,-1.387779E-016));
#4000=VERTEX_POINT('',#3999);
#4001=CARTESIAN_POINT('',(14.0,-9.000000000000002,0.0));
#4002=DIRECTION('',(-1.0,0.0,0.0));
#4003=VECTOR('',#4002,1.0);
#4004=LINE('',#4001,#4003);
#4005=EDGE_CURVE('',#3992,#4000,#4004,.T.);
#4006=ORIENTED_EDGE('',*,*,#4005,.T.);
#4007=CARTESIAN_POINT('',(13.0,-9.500000000000000,0.0));
#4008=VERTEX_POINT('',#4007);
#4009=CARTESIAN_POINT('',(12.999999999999998,-9.000000000000002,0.0));
#4010=DIRECTION('',(0.0,-1.0,0.0));
#4011=VECTOR('',#4010,0.499999999999996);
#4012=LINE('',#4009,#4011);
#4013=EDGE_CURVE('',#4000,#4008,#4012,.T.);
#4014=ORIENTED_EDGE('',*,*,#4013,.T.);
#4015=CARTESIAN_POINT('',(11.0,-9.500000000000000,0.0));
#4016=VERTEX_POINT('',#4015);
#4017=CARTESIAN_POINT('',(11.0,-9.499999999999998,0.0));
#4018=DIRECTION('',(1.0,0.0,0.0));
#4019=VECTOR('',#4018,2.000000000000004);
#4020=LINE('',#4017,#4019);
#4021=EDGE_CURVE('',#4016,#4008,#4020,.T.);
#4022=ORIENTED_EDGE('',*,*,#4021,.F.);
#4023=CARTESIAN_POINT('',(11.0,-9.0,0.0));
#4024=VERTEX_POINT('',#4023);
#4025=CARTESIAN_POINT('',(11.0,-9.500000000000000,0.0));
#4026=DIRECTION('',(0.0,1.0,0.0));
#4027=VECTOR('',#4026,0.500000000000000);
#4028=LINE('',#4025,#4027);
#4029=EDGE_CURVE('',#4016,#4024,#4028,.T.);
#4030=ORIENTED_EDGE('',*,*,#4029,.T.);
#4031=CARTESIAN_POINT('',(10.0,-9.0,0.0));
#4032=VERTEX_POINT('',#4031);
#4033=CARTESIAN_POINT('',(11.0,-9.0,0.0));
#4034=DIRECTION('',(-1.0,0.0,0.0));
#4035=VECTOR('',#4034,1.0);
#4036=LINE('',#4033,#4035);
#4037=EDGE_CURVE('',#4024,#4032,#4036,.T.);
#4038=ORIENTED_EDGE('',*,*,#4037,.T.);
#4039=CARTESIAN_POINT('',(10.0,-9.500000000000000,0.0));
#4040=VERTEX_POINT('',#4039);
#4041=CARTESIAN_POINT('',(10.0,-9.0,0.0));
#4042=DIRECTION('',(0.0,-1.0,0.0));
#4043=VECTOR('',#4042,0.500000000000000);
#4044=LINE('',#4041,#4043);
#4045=EDGE_CURVE('',#4032,#4040,#4044,.T.);
#4046=ORIENTED_EDGE('',*,*,#4045,.T.);
#4047=CARTESIAN_POINT('',(-2.800000000000003,-9.500000000000002,0.0));
#4048=VERTEX_POINT('',#4047);
#4049=CARTESIAN_POINT('',(-2.800000000000001,-9.500000000000002,0.0));
#4050=DIRECTION('',(1.0,0.0,0.0));
#4051=VECTOR('',#4050,12.800000000000001);
#4052=LINE('',#4049,#4051);
#4053=EDGE_CURVE('',#4048,#4040,#4052,.T.);
#4054=ORIENTED_EDGE('',*,*,#4053,.F.);
#4055=CARTESIAN_POINT('',(-2.800000000000003,-9.000000000000002,0.0));
#4056=VERTEX_POINT('',#4055);
#4057=CARTESIAN_POINT('',(-2.800000000000003,-9.500000000000004,0.0));
#4058=DIRECTION('',(0.0,1.0,0.0));
#4059=VECTOR('',#4058,0.500000000000004);
#4060=LINE('',#4057,#4059);
#4061=EDGE_CURVE('',#4048,#4056,#4060,.T.);
#4062=ORIENTED_EDGE('',*,*,#4061,.T.);
#4063=CARTESIAN_POINT('',(-3.800000000000003,-9.000000000000002,0.0));
#4064=VERTEX_POINT('',#4063);
#4065=CARTESIAN_POINT('',(-2.800000000000003,-9.000000000000002,0.0));
#4066=DIRECTION('',(-1.0,0.0,0.0));
#4067=VECTOR('',#4066,0.999999999999998);
#4068=LINE('',#4065,#4067);
#4069=EDGE_CURVE('',#4056,#4064,#4068,.T.);
#4070=ORIENTED_EDGE('',*,*,#4069,.T.);
#4071=CARTESIAN_POINT('',(-3.800000000000003,-9.500000000000002,0.0));
#4072=VERTEX_POINT('',#4071);
#4073=CARTESIAN_POINT('',(-3.800000000000003,-9.0,0.0));
#4074=DIRECTION('',(0.0,-1.0,0.0));
#4075=VECTOR('',#4074,0.500000000000002);
#4076=LINE('',#4073,#4075);
#4077=EDGE_CURVE('',#4064,#4072,#4076,.T.);
#4078=ORIENTED_EDGE('',*,*,#4077,.T.);
#4079=CARTESIAN_POINT('',(-6.300000000000000,-9.500000000000002,0.0));
#4080=VERTEX_POINT('',#4079);
#4081=CARTESIAN_POINT('',(-6.299999999999999,-9.500000000000002,0.0));
#4082=DIRECTION('',(1.0,0.0,0.0));
#4083=VECTOR('',#4082,2.499999999999996);
#4084=LINE('',#4081,#4083);
#4085=EDGE_CURVE('',#4080,#4072,#4084,.T.);
#4086=ORIENTED_EDGE('',*,*,#4085,.F.);
#4087=CARTESIAN_POINT('',(-6.300000000000000,-9.000000000000004,0.0));
#4088=VERTEX_POINT('',#4087);
#4089=CARTESIAN_POINT('',(-6.299999999999999,-9.500000000000002,0.0));
#4090=DIRECTION('',(0.0,1.0,0.0));
#4091=VECTOR('',#4090,0.499999999999998);
#4092=LINE('',#4089,#4091);
#4093=EDGE_CURVE('',#4080,#4088,#4092,.T.);
#4094=ORIENTED_EDGE('',*,*,#4093,.T.);
#4095=CARTESIAN_POINT('',(-7.300000000000000,-9.000000000000004,0.0));
#4096=VERTEX_POINT('',#4095);
#4097=CARTESIAN_POINT('',(-6.299999999999999,-9.000000000000002,0.0));
#4098=DIRECTION('',(-1.0,0.0,0.0));
#4099=VECTOR('',#4098,1.000000000000002);
#4100=LINE('',#4097,#4099);
#4101=EDGE_CURVE('',#4088,#4096,#4100,.T.);
#4102=ORIENTED_EDGE('',*,*,#4101,.T.);
#4103=CARTESIAN_POINT('',(-7.300000000000000,-9.500000000000004,0.0));
#4104=VERTEX_POINT('',#4103);
#4105=CARTESIAN_POINT('',(-7.299999999999999,-9.000000000000004,0.0));
#4106=DIRECTION('',(0.0,-1.0,0.0));
#4107=VECTOR('',#4106,0.500000000000000);
#4108=LINE('',#4105,#4107);
#4109=EDGE_CURVE('',#4096,#4104,#4108,.T.);
#4110=ORIENTED_EDGE('',*,*,#4109,.T.);
#4111=CARTESIAN_POINT('',(-13.800000000000004,-9.500000000000004,0.0));
#4112=VERTEX_POINT('',#4111);
#4113=CARTESIAN_POINT('',(-13.800000000000002,-9.500000000000004,0.0));
#4114=DIRECTION('',(1.0,0.0,0.0));
#4115=VECTOR('',#4114,6.500000000000004);
#4116=LINE('',#4113,#4115);
#4117=EDGE_CURVE('',#4112,#4104,#4116,.T.);
#4118=ORIENTED_EDGE('',*,*,#4117,.F.);
#4119=CARTESIAN_POINT('',(-13.800000000000004,-9.500000000000004,0.0));
#4120=DIRECTION('',(0.0,1.0,0.0));
#4121=VECTOR('',#4120,0.500000000000004);
#4122=LINE('',#4119,#4121);
#4123=EDGE_CURVE('',#4112,#3774,#4122,.T.);
#4124=ORIENTED_EDGE('',*,*,#4123,.T.);
#4125=EDGE_LOOP('',(#3782,#3790,#3798,#3806,#3814,#3822,#3830,#3838,#3846,#3854,#3862,#3870,#3878,#3886,#3894,#3902,#3910,#3918,#3926,#3934,#3942,#3950,#3958,#3966,#3974,#3982,#3990,#3998,#4006,#4014,#4022,#4030,#4038,#4046,#4054,#4062,#4070,#4078,#4086,#4094,#4102,#4110,#4118,#4124));
#4126=FACE_OUTER_BOUND('',#4125,.T.);
#4127=CARTESIAN_POINT('',(14.500000000000002,6.600000000000002,0.0));
#4128=VERTEX_POINT('',#4127);
#4129=CARTESIAN_POINT('',(14.500000000000000,8.0,0.0));
#4130=VERTEX_POINT('',#4129);
#4131=CARTESIAN_POINT('',(14.500000000000002,6.600000000000002,0.0));
#4132=DIRECTION('',(0.0,1.0,0.0));
#4133=VECTOR('',#4132,1.399999999999998);
#4134=LINE('',#4131,#4133);
#4135=EDGE_CURVE('',#4128,#4130,#4134,.T.);
#4136=ORIENTED_EDGE('',*,*,#4135,.T.);
#4137=CARTESIAN_POINT('',(10.0,8.0,0.0));
#4138=VERTEX_POINT('',#4137);
#4139=CARTESIAN_POINT('',(14.500000000000000,8.0,0.0));
#4140=DIRECTION('',(-1.0,0.0,0.0));
#4141=VECTOR('',#4140,4.500000000000000);
#4142=LINE('',#4139,#4141);
#4143=EDGE_CURVE('',#4130,#4138,#4142,.T.);
#4144=ORIENTED_EDGE('',*,*,#4143,.T.);
#4145=CARTESIAN_POINT('',(10.0,6.600000000000002,0.0));
#4146=VERTEX_POINT('',#4145);
#4147=CARTESIAN_POINT('',(10.0,8.0,0.0));
#4148=DIRECTION('',(0.0,-1.0,0.0));
#4149=VECTOR('',#4148,1.399999999999997);
#4150=LINE('',#4147,#4149);
#4151=EDGE_CURVE('',#4138,#4146,#4150,.T.);
#4152=ORIENTED_EDGE('',*,*,#4151,.T.);
#4153=CARTESIAN_POINT('',(10.0,6.600000000000003,0.0));
#4154=DIRECTION('',(1.0,0.0,0.0));
#4155=VECTOR('',#4154,4.500000000000000);
#4156=LINE('',#4153,#4155);
#4157=EDGE_CURVE('',#4146,#4128,#4156,.T.);
#4158=ORIENTED_EDGE('',*,*,#4157,.T.);
#4159=EDGE_LOOP('',(#4136,#4144,#4152,#4158));
#4160=FACE_BOUND('',#4159,.T.);
#4161=CARTESIAN_POINT('',(10.0,-6.600000000000002,0.0));
#4162=VERTEX_POINT('',#4161);
#4163=CARTESIAN_POINT('',(10.0,-8.0,0.0));
#4164=VERTEX_POINT('',#4163);
#4165=CARTESIAN_POINT('',(10.0,-6.600000000000003,0.0));
#4166=DIRECTION('',(0.0,-1.0,0.0));
#4167=VECTOR('',#4166,1.399999999999997);
#4168=LINE('',#4165,#4167);
#4169=EDGE_CURVE('',#4162,#4164,#4168,.T.);
#4170=ORIENTED_EDGE('',*,*,#4169,.T.);
#4171=CARTESIAN_POINT('',(14.500000000000000,-8.0,0.0));
#4172=VERTEX_POINT('',#4171);
#4173=CARTESIAN_POINT('',(10.0,-8.0,0.0));
#4174=DIRECTION('',(1.0,0.0,0.0));
#4175=VECTOR('',#4174,4.499999999999998);
#4176=LINE('',#4173,#4175);
#4177=EDGE_CURVE('',#4164,#4172,#4176,.T.);
#4178=ORIENTED_EDGE('',*,*,#4177,.T.);
#4179=CARTESIAN_POINT('',(14.500000000000002,-6.600000000000002,0.0));
#4180=VERTEX_POINT('',#4179);
#4181=CARTESIAN_POINT('',(14.500000000000002,-8.000000000000002,0.0));
#4182=DIRECTION('',(0.0,1.0,0.0));
#4183=VECTOR('',#4182,1.399999999999999);
#4184=LINE('',#4181,#4183);
#4185=EDGE_CURVE('',#4172,#4180,#4184,.T.);
#4186=ORIENTED_EDGE('',*,*,#4185,.T.);
#4187=CARTESIAN_POINT('',(14.500000000000002,-6.600000000000003,0.0));
#4188=DIRECTION('',(-1.0,0.0,0.0));
#4189=VECTOR('',#4188,4.500000000000002);
#4190=LINE('',#4187,#4189);
#4191=EDGE_CURVE('',#4180,#4162,#4190,.T.);
#4192=ORIENTED_EDGE('',*,*,#4191,.T.);
#4193=EDGE_LOOP('',(#4170,#4178,#4186,#4192));
#4194=FACE_BOUND('',#4193,.T.);
#4195=CARTESIAN_POINT('',(-2.800000000000002,6.600000000000001,0.0));
#4196=VERTEX_POINT('',#4195);
#4197=CARTESIAN_POINT('',(-2.800000000000002,8.0,0.0));
#4198=VERTEX_POINT('',#4197);
#4199=CARTESIAN_POINT('',(-2.800000000000003,6.600000000000000,0.0));
#4200=DIRECTION('',(0.0,1.0,0.0));
#4201=VECTOR('',#4200,1.400000000000000);
#4202=LINE('',#4199,#4201);
#4203=EDGE_CURVE('',#4196,#4198,#4202,.T.);
#4204=ORIENTED_EDGE('',*,*,#4203,.T.);
#4205=CARTESIAN_POINT('',(-7.300000000000003,8.0,0.0));
#4206=VERTEX_POINT('',#4205);
#4207=CARTESIAN_POINT('',(-2.800000000000002,8.0,0.0));
#4208=DIRECTION('',(-1.0,0.0,0.0));
#4209=VECTOR('',#4208,4.500000000000002);
#4210=LINE('',#4207,#4209);
#4211=EDGE_CURVE('',#4198,#4206,#4210,.T.);
#4212=ORIENTED_EDGE('',*,*,#4211,.T.);
#4213=CARTESIAN_POINT('',(-7.300000000000003,6.600000000000001,0.0));
#4214=VERTEX_POINT('',#4213);
#4215=CARTESIAN_POINT('',(-7.300000000000003,8.000000000000002,0.0));
#4216=DIRECTION('',(0.0,-1.0,0.0));
#4217=VECTOR('',#4216,1.400000000000000);
#4218=LINE('',#4215,#4217);
#4219=EDGE_CURVE('',#4206,#4214,#4218,.T.);
#4220=ORIENTED_EDGE('',*,*,#4219,.T.);
#4221=CARTESIAN_POINT('',(-7.300000000000002,6.600000000000000,0.0));
#4222=DIRECTION('',(1.0,0.0,0.0));
#4223=VECTOR('',#4222,4.499999999999998);
#4224=LINE('',#4221,#4223);
#4225=EDGE_CURVE('',#4214,#4196,#4224,.T.);
#4226=ORIENTED_EDGE('',*,*,#4225,.T.);
#4227=EDGE_LOOP('',(#4204,#4212,#4220,#4226));
#4228=FACE_BOUND('',#4227,.T.);
#4229=CARTESIAN_POINT('',(-7.300000000000003,-6.600000000000001,0.0));
#4230=VERTEX_POINT('',#4229);
#4231=CARTESIAN_POINT('',(-7.300000000000003,-8.0,0.0));
#4232=VERTEX_POINT('',#4231);
#4233=CARTESIAN_POINT('',(-7.300000000000003,-6.600000000000000,0.0));
#4234=DIRECTION('',(0.0,-1.0,0.0));
#4235=VECTOR('',#4234,1.400000000000000);
#4236=LINE('',#4233,#4235);
#4237=EDGE_CURVE('',#4230,#4232,#4236,.T.);
#4238=ORIENTED_EDGE('',*,*,#4237,.T.);
#4239=CARTESIAN_POINT('',(-2.800000000000002,-8.0,0.0));
#4240=VERTEX_POINT('',#4239);
#4241=CARTESIAN_POINT('',(-7.300000000000002,-8.0,0.0));
#4242=DIRECTION('',(1.0,0.0,0.0));
#4243=VECTOR('',#4242,4.499999999999998);
#4244=LINE('',#4241,#4243);
#4245=EDGE_CURVE('',#4232,#4240,#4244,.T.);
#4246=ORIENTED_EDGE('',*,*,#4245,.T.);
#4247=CARTESIAN_POINT('',(-2.800000000000002,-6.600000000000001,0.0));
#4248=VERTEX_POINT('',#4247);
#4249=CARTESIAN_POINT('',(-2.800000000000003,-8.0,0.0));
#4250=DIRECTION('',(0.0,1.0,0.0));
#4251=VECTOR('',#4250,1.400000000000000);
#4252=LINE('',#4249,#4251);
#4253=EDGE_CURVE('',#4240,#4248,#4252,.T.);
#4254=ORIENTED_EDGE('',*,*,#4253,.T.);
#4255=CARTESIAN_POINT('',(-2.800000000000002,-6.600000000000000,0.0));
#4256=DIRECTION('',(-1.0,0.0,0.0));
#4257=VECTOR('',#4256,4.500000000000002);
#4258=LINE('',#4255,#4257);
#4259=EDGE_CURVE('',#4248,#4230,#4258,.T.);
#4260=ORIENTED_EDGE('',*,*,#4259,.T.);
#4261=EDGE_LOOP('',(#4238,#4246,#4254,#4260));
#4262=FACE_BOUND('',#4261,.T.);
#4263=CARTESIAN_POINT('',(-4.0,4.898587E-016,0.0));
#4264=VERTEX_POINT('',#4263);
#4265=CARTESIAN_POINT('',(0.0,0.0,0.0));
#4266=DIRECTION('',(0.0,0.0,1.0));
#4267=DIRECTION('',(1.0,0.0,0.0));
#4268=AXIS2_PLACEMENT_3D('',#4265,#4266,#4267);
#4269=CIRCLE('',#4268,4.0);
#4270=EDGE_CURVE('',#4264,#4264,#4269,.T.);
#4271=ORIENTED_EDGE('',*,*,#4270,.T.);
#4272=EDGE_LOOP('',(#4271));
#4273=FACE_BOUND('',#4272,.T.);
#4274=ADVANCED_FACE('',(#4126,#4160,#4194,#4228,#4262,#4273),#3772,.F.);
#4275=CARTESIAN_POINT('',(0.0,0.0,0.0));
#4276=DIRECTION('',(0.0,0.0,1.0));
#4277=DIRECTION('',(-1.0,0.0,0.0));
#4278=AXIS2_PLACEMENT_3D('',#4275,#4276,#4277);
#4279=CYLINDRICAL_SURFACE('',#4278,2.250000000000000);
#4280=CARTESIAN_POINT('',(2.250000000000000,2.755455E-016,18.700000000000003));
#4281=VERTEX_POINT('',#4280);
#4282=CARTESIAN_POINT('',(0.0,0.0,18.700000000000003));
#4283=DIRECTION('',(0.0,0.0,-1.0));
#4284=DIRECTION('',(-1.0,0.0,0.0));
#4285=AXIS2_PLACEMENT_3D('',#4282,#4283,#4284);
#4286=CIRCLE('',#4285,2.250000000000000);
#4287=EDGE_CURVE('',#4281,#4281,#4286,.T.);
#4288=ORIENTED_EDGE('',*,*,#4287,.T.);
#4289=EDGE_LOOP('',(#4288));
#4290=FACE_OUTER_BOUND('',#4289,.T.);
#4291=CARTESIAN_POINT('',(2.250000000000000,2.755455E-016,0.0));
#4292=VERTEX_POINT('',#4291);
#4293=CARTESIAN_POINT('',(0.0,0.0,0.0));
#4294=DIRECTION('',(0.0,0.0,-1.0));
#4295=DIRECTION('',(-1.0,0.0,0.0));
#4296=AXIS2_PLACEMENT_3D('',#4293,#4294,#4295);
#4297=CIRCLE('',#4296,2.250000000000000);
#4298=EDGE_CURVE('',#4292,#4292,#4297,.T.);
#4299=ORIENTED_EDGE('',*,*,#4298,.F.);
#4300=EDGE_LOOP('',(#4299));
#4301=FACE_BOUND('',#4300,.T.);
#4302=ADVANCED_FACE('',(#4290,#4301),#4279,.T.);
#4303=CARTESIAN_POINT('',(0.0,0.0,18.700000000000003));
#4304=DIRECTION('',(0.0,0.0,-1.0));
#4305=DIRECTION('',(-1.0,0.0,0.0));
#4306=AXIS2_PLACEMENT_3D('',#4303,#4304,#4305);
#4307=PLANE('',#4306);
#4308=ORIENTED_EDGE('',*,*,#4287,.F.);
#4309=EDGE_LOOP('',(#4308));
#4310=FACE_OUTER_BOUND('',#4309,.T.);
#4311=ADVANCED_FACE('',(#4310),#4307,.F.);
#4312=CARTESIAN_POINT('',(0.0,0.0,0.0));
#4313=DIRECTION('',(0.0,0.0,1.0));
#4314=DIRECTION('',(1.0,0.0,0.0));
#4315=AXIS2_PLACEMENT_3D('',#4312,#4313,#4314);
#4316=PLANE('',#4315);
#4317=CARTESIAN_POINT('',(2.500000000000000,3.061617E-016,0.0));
#4318=VERTEX_POINT('',#4317);
#4319=CARTESIAN_POINT('',(0.0,0.0,0.0));
#4320=DIRECTION('',(0.0,0.0,1.0));
#4321=DIRECTION('',(-1.0,0.0,0.0));
#4322=AXIS2_PLACEMENT_3D('',#4319,#4320,#4321);
#4323=CIRCLE('',#4322,2.500000000000000);
#4324=EDGE_CURVE('',#4318,#4318,#4323,.T.);
#4325=ORIENTED_EDGE('',*,*,#4324,.T.);
#4326=EDGE_LOOP('',(#4325));
#4327=FACE_OUTER_BOUND('',#4326,.T.);
#4328=ORIENTED_EDGE('',*,*,#4298,.T.);
#4329=EDGE_LOOP('',(#4328));
#4330=FACE_BOUND('',#4329,.T.);
#4331=ADVANCED_FACE('',(#4327,#4330),#4316,.T.);
#4332=CARTESIAN_POINT('',(0.0,0.0,0.0));
#4333=DIRECTION('',(0.0,0.0,-1.0));
#4334=DIRECTION('',(1.0,0.0,0.0));
#4335=AXIS2_PLACEMENT_3D('',#4332,#4333,#4334);
#4336=CYLINDRICAL_SURFACE('',#4335,4.0);
#4337=CARTESIAN_POINT('',(-4.0,4.898587E-016,-0.500000000000000));
#4338=VERTEX_POINT('',#4337);
#4339=CARTESIAN_POINT('',(0.0,0.0,-0.500000000000000));
#4340=DIRECTION('',(0.0,0.0,1.0));
#4341=DIRECTION('',(1.0,0.0,0.0));
#4342=AXIS2_PLACEMENT_3D('',#4339,#4340,#4341);
#4343=CIRCLE('',#4342,4.0);
#4344=EDGE_CURVE('',#4338,#4338,#4343,.T.);
#4345=ORIENTED_EDGE('',*,*,#4344,.T.);
#4346=EDGE_LOOP('',(#4345));
#4347=FACE_OUTER_BOUND('',#4346,.T.);
#4348=ORIENTED_EDGE('',*,*,#4270,.F.);
#4349=EDGE_LOOP('',(#4348));
#4350=FACE_BOUND('',#4349,.T.);
#4351=ADVANCED_FACE('',(#4347,#4350),#4336,.T.);
#4352=CARTESIAN_POINT('',(0.0,0.0,-0.500000000000000));
#4353=DIRECTION('',(0.0,0.0,1.0));
#4354=DIRECTION('',(1.0,0.0,0.0));
#4355=AXIS2_PLACEMENT_3D('',#4352,#4353,#4354);
#4356=PLANE('',#4355);
#4357=ORIENTED_EDGE('',*,*,#4344,.F.);
#4358=EDGE_LOOP('',(#4357));
#4359=FACE_OUTER_BOUND('',#4358,.T.);
#4360=ADVANCED_FACE('',(#4359),#4356,.F.);
#4361=CARTESIAN_POINT('',(16.000000000000004,-9.500000000000027,2.000000000000001));
#4362=DIRECTION('',(1.0,0.0,-3.426079E-015));
#4363=DIRECTION('',(-5.949324E-016,-0.984807753012208,-0.173648177666932));
#4364=AXIS2_PLACEMENT_3D('',#4361,#4362,#4363);
#4365=CYLINDRICAL_SURFACE('',#4364,2.000000000000000);
#4366=CARTESIAN_POINT('',(18.000000000000004,-9.895833333333354,0.039562300856700));
#4367=VERTEX_POINT('',#4366);
#4368=CARTESIAN_POINT('',(18.0,-11.469615506024425,1.652703644666132));
#4369=VERTEX_POINT('',#4368);
#4370=CARTESIAN_POINT('',(18.000000000000004,-9.500000000000027,1.999999999999994));
#4371=DIRECTION('',(-1.000000000000000,6.615521E-016,1.166495E-016));
#4372=DIRECTION('',(-6.717576E-016,-0.984807753012208,-0.173648177666932));
#4373=AXIS2_PLACEMENT_3D('',#4370,#4371,#4372);
#4374=CIRCLE('',#4373,2.0);
#4375=EDGE_CURVE('',#4367,#4369,#4374,.T.);
#4376=ORIENTED_EDGE('',*,*,#4375,.T.);
#4377=CARTESIAN_POINT('',(16.0,-11.469615506024418,1.652703644666139));
#4378=VERTEX_POINT('',#4377);
#4379=CARTESIAN_POINT('',(16.0,-11.469615506024425,1.652703644666139));
#4380=DIRECTION('',(1.0,0.0,0.0));
#4381=VECTOR('',#4380,2.0);
#4382=LINE('',#4379,#4381);
#4383=EDGE_CURVE('',#4378,#4369,#4382,.T.);
#4384=ORIENTED_EDGE('',*,*,#4383,.F.);
#4385=CARTESIAN_POINT('',(16.0,-9.895833333333354,0.039562300856700));
#4386=VERTEX_POINT('',#4385);
#4387=CARTESIAN_POINT('',(16.000000000000007,-9.500000000000025,2.0));
#4388=DIRECTION('',(-1.0,0.0,0.0));
#4389=DIRECTION('',(0.0,0.0,-1.0));
#4390=AXIS2_PLACEMENT_3D('',#4387,#4388,#4389);
#4391=CIRCLE('',#4390,2.0);
#4392=EDGE_CURVE('',#4386,#4378,#4391,.T.);
#4393=ORIENTED_EDGE('',*,*,#4392,.F.);
#4394=CARTESIAN_POINT('',(16.0,-9.895833333333354,0.039562300856700));
#4395=DIRECTION('',(1.0,0.0,0.0));
#4396=VECTOR('',#4395,2.0);
#4397=LINE('',#4394,#4396);
#4398=EDGE_CURVE('',#4386,#4367,#4397,.T.);
#4399=ORIENTED_EDGE('',*,*,#4398,.T.);
#4400=EDGE_LOOP('',(#4376,#4384,#4393,#4399));
#4401=FACE_OUTER_BOUND('',#4400,.T.);
#4402=ADVANCED_FACE('',(#4401),#4365,.T.);
#4403=CARTESIAN_POINT('',(16.000000000000004,-9.500000000000027,2.000000000000001));
#4404=DIRECTION('',(1.0,0.0,-3.426079E-015));
#4405=DIRECTION('',(5.949324E-016,0.984807753012207,0.173648177666935));
#4406=AXIS2_PLACEMENT_3D('',#4403,#4404,#4405);
#4407=CYLINDRICAL_SURFACE('',#4406,1.0);
#4408=CARTESIAN_POINT('',(18.0,-10.484807753012211,1.826351822333062));
#4409=VERTEX_POINT('',#4408);
#4410=CARTESIAN_POINT('',(18.000000000000004,-9.661016949152561,1.013048358790765));
#4411=VERTEX_POINT('',#4410);
#4412=CARTESIAN_POINT('',(18.000000000000004,-9.500000000000027,1.999999999999994));
#4413=DIRECTION('',(1.000000000000000,-6.615521E-016,-1.166495E-016));
#4414=DIRECTION('',(6.717576E-016,0.984807753012207,0.173648177666935));
#4415=AXIS2_PLACEMENT_3D('',#4412,#4413,#4414);
#4416=CIRCLE('',#4415,1.0);
#4417=EDGE_CURVE('',#4409,#4411,#4416,.T.);
#4418=ORIENTED_EDGE('',*,*,#4417,.T.);
#4419=CARTESIAN_POINT('',(16.0,-9.661016949152561,1.013048358790765));
#4420=VERTEX_POINT('',#4419);
#4421=CARTESIAN_POINT('',(16.0,-9.661016949152561,1.013048358790765));
#4422=DIRECTION('',(1.0,0.0,0.0));
#4423=VECTOR('',#4422,2.0);
#4424=LINE('',#4421,#4423);
#4425=EDGE_CURVE('',#4420,#4411,#4424,.T.);
#4426=ORIENTED_EDGE('',*,*,#4425,.F.);
#4427=CARTESIAN_POINT('',(16.0,-10.484807753012211,1.826351822333069));
#4428=VERTEX_POINT('',#4427);
#4429=CARTESIAN_POINT('',(16.000000000000007,-9.500000000000025,2.0));
#4430=DIRECTION('',(1.0,0.0,0.0));
#4431=DIRECTION('',(0.0,0.0,-1.0));
#4432=AXIS2_PLACEMENT_3D('',#4429,#4430,#4431);
#4433=CIRCLE('',#4432,1.0);
#4434=EDGE_CURVE('',#4428,#4420,#4433,.T.);
#4435=ORIENTED_EDGE('',*,*,#4434,.F.);
#4436=CARTESIAN_POINT('',(16.0,-10.484807753012211,1.826351822333069));
#4437=DIRECTION('',(1.0,0.0,0.0));
#4438=VECTOR('',#4437,2.0);
#4439=LINE('',#4436,#4438);
#4440=EDGE_CURVE('',#4428,#4409,#4439,.T.);
#4441=ORIENTED_EDGE('',*,*,#4440,.T.);
#4442=EDGE_LOOP('',(#4418,#4426,#4435,#4441));
#4443=FACE_OUTER_BOUND('',#4442,.T.);
#4444=ADVANCED_FACE('',(#4443),#4407,.F.);
#4445=CARTESIAN_POINT('',(16.000000000000004,9.500000000000002,2.0));
#4446=DIRECTION('',(1.0,0.0,-3.400058E-015));
#4447=DIRECTION('',(3.355693E-015,-0.161016949152546,0.986951641209237));
#4448=AXIS2_PLACEMENT_3D('',#4445,#4446,#4447);
#4449=CYLINDRICAL_SURFACE('',#4448,1.0);
#4450=CARTESIAN_POINT('',(18.000000000000004,9.661016949152547,1.013048358790765));
#4451=VERTEX_POINT('',#4450);
#4452=CARTESIAN_POINT('',(18.0,10.484807753012211,1.826351822333064));
#4453=VERTEX_POINT('',#4452);
#4454=CARTESIAN_POINT('',(18.000000000000004,9.500000000000002,1.999999999999993));
#4455=DIRECTION('',(1.000000000000000,5.422355E-016,-3.323626E-015));
#4456=DIRECTION('',(3.367568E-015,-0.161016949152546,0.986951641209237));
#4457=AXIS2_PLACEMENT_3D('',#4454,#4455,#4456);
#4458=CIRCLE('',#4457,1.0);
#4459=EDGE_CURVE('',#4451,#4453,#4458,.T.);
#4460=ORIENTED_EDGE('',*,*,#4459,.T.);
#4461=CARTESIAN_POINT('',(16.0,10.484807753012211,1.826351822333071));
#4462=VERTEX_POINT('',#4461);
#4463=CARTESIAN_POINT('',(16.000000000000004,10.484807753012211,1.826351822333071));
#4464=DIRECTION('',(1.0,0.0,0.0));
#4465=VECTOR('',#4464,1.999999999999996);
#4466=LINE('',#4463,#4465);
#4467=EDGE_CURVE('',#4462,#4453,#4466,.T.);
#4468=ORIENTED_EDGE('',*,*,#4467,.F.);
#4469=CARTESIAN_POINT('',(16.0,9.661016949152547,1.013048358790765));
#4470=VERTEX_POINT('',#4469);
#4471=CARTESIAN_POINT('',(16.000000000000007,9.500000000000002,2.0));
#4472=DIRECTION('',(1.0,0.0,0.0));
#4473=DIRECTION('',(0.0,0.0,-1.0));
#4474=AXIS2_PLACEMENT_3D('',#4471,#4472,#4473);
#4475=CIRCLE('',#4474,1.0);
#4476=EDGE_CURVE('',#4470,#4462,#4475,.T.);
#4477=ORIENTED_EDGE('',*,*,#4476,.F.);
#4478=CARTESIAN_POINT('',(16.0,9.661016949152547,1.013048358790765));
#4479=DIRECTION('',(1.0,0.0,0.0));
#4480=VECTOR('',#4479,2.0);
#4481=LINE('',#4478,#4480);
#4482=EDGE_CURVE('',#4470,#4451,#4481,.T.);
#4483=ORIENTED_EDGE('',*,*,#4482,.T.);
#4484=EDGE_LOOP('',(#4460,#4468,#4477,#4483));
#4485=FACE_OUTER_BOUND('',#4484,.T.);
#4486=ADVANCED_FACE('',(#4485),#4449,.F.);
#4487=CARTESIAN_POINT('',(16.000000000000004,9.500000000000002,2.0));
#4488=DIRECTION('',(1.0,0.0,-3.400058E-015));
#4489=DIRECTION('',(-3.332801E-015,0.197916666666668,-0.980218849571643));
#4490=AXIS2_PLACEMENT_3D('',#4487,#4488,#4489);
#4491=CYLINDRICAL_SURFACE('',#4490,2.0);
#4492=CARTESIAN_POINT('',(18.0,11.469615506024418,1.652703644666135));
#4493=VERTEX_POINT('',#4492);
#4494=CARTESIAN_POINT('',(18.000000000000004,9.895833333333341,0.039562300856700));
#4495=VERTEX_POINT('',#4494);
#4496=CARTESIAN_POINT('',(18.000000000000004,9.500000000000002,1.999999999999993));
#4497=DIRECTION('',(-1.000000000000000,-6.613628E-016,3.275521E-015));
#4498=DIRECTION('',(-3.341622E-015,0.197916666666668,-0.980218849571643));
#4499=AXIS2_PLACEMENT_3D('',#4496,#4497,#4498);
#4500=CIRCLE('',#4499,2.0);
#4501=EDGE_CURVE('',#4493,#4495,#4500,.T.);
#4502=ORIENTED_EDGE('',*,*,#4501,.T.);
#4503=CARTESIAN_POINT('',(16.0,9.895833333333341,0.039562300856700));
#4504=VERTEX_POINT('',#4503);
#4505=CARTESIAN_POINT('',(16.0,9.895833333333341,0.039562300856700));
#4506=DIRECTION('',(1.0,0.0,0.0));
#4507=VECTOR('',#4506,2.0);
#4508=LINE('',#4505,#4507);
#4509=EDGE_CURVE('',#4504,#4495,#4508,.T.);
#4510=ORIENTED_EDGE('',*,*,#4509,.F.);
#4511=CARTESIAN_POINT('',(16.0,11.469615506024420,1.652703644666141));
#4512=VERTEX_POINT('',#4511);
#4513=CARTESIAN_POINT('',(16.000000000000007,9.500000000000002,2.0));
#4514=DIRECTION('',(-1.0,0.0,0.0));
#4515=DIRECTION('',(0.0,0.0,-1.0));
#4516=AXIS2_PLACEMENT_3D('',#4513,#4514,#4515);
#4517=CIRCLE('',#4516,2.0);
#4518=EDGE_CURVE('',#4512,#4504,#4517,.T.);
#4519=ORIENTED_EDGE('',*,*,#4518,.F.);
#4520=CARTESIAN_POINT('',(16.000000000000004,11.469615506024418,1.652703644666142));
#4521=DIRECTION('',(1.0,0.0,0.0));
#4522=VECTOR('',#4521,1.999999999999996);
#4523=LINE('',#4520,#4522);
#4524=EDGE_CURVE('',#4512,#4493,#4523,.T.);
#4525=ORIENTED_EDGE('',*,*,#4524,.T.);
#4526=EDGE_LOOP('',(#4502,#4510,#4519,#4525));
#4527=FACE_OUTER_BOUND('',#4526,.T.);
#4528=ADVANCED_FACE('',(#4527),#4491,.T.);
#4529=CARTESIAN_POINT('',(16.0,-6.661338E-015,60.230146831345010));
#4530=DIRECTION('',(1.0,0.0,0.0));
#4531=DIRECTION('',(0.0,0.161016949152543,0.986951641209238));
#4532=AXIS2_PLACEMENT_3D('',#4529,#4530,#4531);
#4533=CYLINDRICAL_SURFACE('',#4532,59.999999999999986);
#4534=CARTESIAN_POINT('',(18.0,-6.661338E-015,60.230146831345010));
#4535=DIRECTION('',(1.000000000000000,0.0,0.0));
#4536=DIRECTION('',(0.0,0.161016949152543,0.986951641209238));
#4537=AXIS2_PLACEMENT_3D('',#4534,#4535,#4536);
#4538=CIRCLE('',#4537,59.999999999999986);
#4539=EDGE_CURVE('',#4411,#4451,#4538,.T.);
#4540=ORIENTED_EDGE('',*,*,#4539,.T.);
#4541=ORIENTED_EDGE('',*,*,#4482,.F.);
#4542=CARTESIAN_POINT('',(16.0,9.500000000000000,0.987003768202257));
#4543=VERTEX_POINT('',#4542);
#4544=CARTESIAN_POINT('',(16.000000000000004,-6.661338E-015,60.230146831345010));
#4545=DIRECTION('',(1.000000000000000,0.0,0.0));
#4546=DIRECTION('',(0.0,0.161016949152543,0.986951641209238));
#4547=AXIS2_PLACEMENT_3D('',#4544,#4545,#4546);
#4548=CIRCLE('',#4547,59.999999999999986);
#4549=EDGE_CURVE('',#4543,#4470,#4548,.T.);
#4550=ORIENTED_EDGE('',*,*,#4549,.F.);
#4551=CARTESIAN_POINT('',(16.0,-9.500000000000004,0.987003768202248));
#4552=VERTEX_POINT('',#4551);
#4553=CARTESIAN_POINT('',(16.0,-6.661338E-015,60.230146831345010));
#4554=DIRECTION('',(1.000000000000000,0.0,0.0));
#4555=DIRECTION('',(0.0,0.161016949152543,0.986951641209238));
#4556=AXIS2_PLACEMENT_3D('',#4553,#4554,#4555);
#4557=CIRCLE('',#4556,59.999999999999986);
#4558=EDGE_CURVE('',#4552,#4543,#4557,.T.);
#4559=ORIENTED_EDGE('',*,*,#4558,.F.);
#4560=CARTESIAN_POINT('',(16.000000000000004,-6.661338E-015,60.230146831345010));
#4561=DIRECTION('',(1.000000000000000,0.0,0.0));
#4562=DIRECTION('',(0.0,0.161016949152543,0.986951641209238));
#4563=AXIS2_PLACEMENT_3D('',#4560,#4561,#4562);
#4564=CIRCLE('',#4563,59.999999999999986);
#4565=EDGE_CURVE('',#4420,#4552,#4564,.T.);
#4566=ORIENTED_EDGE('',*,*,#4565,.F.);
#4567=ORIENTED_EDGE('',*,*,#4425,.T.);
#4568=EDGE_LOOP('',(#4540,#4541,#4550,#4559,#4566,#4567));
#4569=FACE_OUTER_BOUND('',#4568,.T.);
#4570=ADVANCED_FACE('',(#4569),#4533,.F.);
#4571=CARTESIAN_POINT('',(16.0,-6.661338E-015,49.050504779438853));
#4572=DIRECTION('',(1.0,0.0,0.0));
#4573=DIRECTION('',(0.0,-0.197916666666667,-0.980218849571643));
#4574=AXIS2_PLACEMENT_3D('',#4571,#4572,#4573);
#4575=CYLINDRICAL_SURFACE('',#4574,49.999999999999993);
#4576=CARTESIAN_POINT('',(18.0,-6.661338E-015,49.050504779438853));
#4577=DIRECTION('',(-1.000000000000000,0.0,0.0));
#4578=DIRECTION('',(0.0,-0.197916666666667,-0.980218849571643));
#4579=AXIS2_PLACEMENT_3D('',#4576,#4577,#4578);
#4580=CIRCLE('',#4579,49.999999999999993);
#4581=EDGE_CURVE('',#4495,#4367,#4580,.T.);
#4582=ORIENTED_EDGE('',*,*,#4581,.T.);
#4583=ORIENTED_EDGE('',*,*,#4398,.F.);
#4584=CARTESIAN_POINT('',(16.0,-6.661338E-015,49.050504779438853));
#4585=DIRECTION('',(1.000000000000000,0.0,0.0));
#4586=DIRECTION('',(0.0,-0.197916666666667,-0.980218849571643));
#4587=AXIS2_PLACEMENT_3D('',#4584,#4585,#4586);
#4588=CIRCLE('',#4587,49.999999999999993);
#4589=EDGE_CURVE('',#4386,#4504,#4588,.T.);
#4590=ORIENTED_EDGE('',*,*,#4589,.T.);
#4591=ORIENTED_EDGE('',*,*,#4509,.T.);
#4592=EDGE_LOOP('',(#4582,#4583,#4590,#4591));
#4593=FACE_OUTER_BOUND('',#4592,.T.);
#4594=ADVANCED_FACE('',(#4593),#4575,.T.);
#4595=CARTESIAN_POINT('',(16.000000000000004,-3.747003E-015,0.013892715015423));
#4596=DIRECTION('',(1.0,0.0,0.0));
#4597=DIRECTION('',(0.0,0.0,-1.0));
#4598=AXIS2_PLACEMENT_3D('',#4595,#4596,#4597);
#4599=PLANE('',#4598);
#4600=CARTESIAN_POINT('',(16.000000000000007,9.500000000000002,2.0));
#4601=DIRECTION('',(-1.0,0.0,0.0));
#4602=DIRECTION('',(0.0,0.0,-1.0));
#4603=AXIS2_PLACEMENT_3D('',#4600,#4601,#4602);
#4604=CIRCLE('',#4603,2.0);
#4605=EDGE_CURVE('',#4504,#3968,#4604,.T.);
#4606=ORIENTED_EDGE('',*,*,#4605,.F.);
#4607=ORIENTED_EDGE('',*,*,#4589,.F.);
#4608=CARTESIAN_POINT('',(16.000000000000007,-9.500000000000025,2.0));
#4609=DIRECTION('',(-1.0,0.0,0.0));
#4610=DIRECTION('',(0.0,0.0,-1.0));
#4611=AXIS2_PLACEMENT_3D('',#4608,#4609,#4610);
#4612=CIRCLE('',#4611,2.0);
#4613=EDGE_CURVE('',#3976,#4386,#4612,.T.);
#4614=ORIENTED_EDGE('',*,*,#4613,.F.);
#4615=ORIENTED_EDGE('',*,*,#3981,.T.);
#4616=EDGE_LOOP('',(#4606,#4607,#4614,#4615));
#4617=FACE_OUTER_BOUND('',#4616,.T.);
#4618=ADVANCED_FACE('',(#4617),#4599,.F.);
#4619=CARTESIAN_POINT('',(18.000000000000004,-3.747003E-015,0.013892715015423));
#4620=DIRECTION('',(1.0,0.0,0.0));
#4621=DIRECTION('',(0.0,0.0,-1.0));
#4622=AXIS2_PLACEMENT_3D('',#4619,#4620,#4621);
#4623=PLANE('',#4622);
#4624=ORIENTED_EDGE('',*,*,#4581,.F.);
#4625=ORIENTED_EDGE('',*,*,#4501,.F.);
#4626=CARTESIAN_POINT('',(18.000000000000014,11.901891928394285,4.104265059901756));
#4627=VERTEX_POINT('',#4626);
#4628=CARTESIAN_POINT('',(18.000000000000011,11.901891928394287,4.104265059901757));
#4629=DIRECTION('',(-2.854295E-015,-0.173648177666930,-0.984807753012208));
#4630=VECTOR('',#4629,2.489380701702530);
#4631=LINE('',#4628,#4630);
#4632=EDGE_CURVE('',#4627,#4493,#4631,.T.);
#4633=ORIENTED_EDGE('',*,*,#4632,.F.);
#4634=CARTESIAN_POINT('',(18.000000000000014,10.917084175382080,4.277913237568686));
#4635=VERTEX_POINT('',#4634);
#4636=CARTESIAN_POINT('',(18.000000000000011,10.917084175382078,4.277913237568686));
#4637=DIRECTION('',(0.0,0.984807753012208,-0.173648177666929));
#4638=VECTOR('',#4637,0.999999999999999);
#4639=LINE('',#4636,#4638);
#4640=EDGE_CURVE('',#4635,#4627,#4639,.T.);
#4641=ORIENTED_EDGE('',*,*,#4640,.F.);
#4642=CARTESIAN_POINT('',(18.000000000000004,10.484807753012211,1.826351822333063));
#4643=DIRECTION('',(2.854295E-015,0.173648177666930,0.984807753012208));
#4644=VECTOR('',#4643,2.489380701702530);
#4645=LINE('',#4642,#4644);
#4646=EDGE_CURVE('',#4453,#4635,#4645,.T.);
#4647=ORIENTED_EDGE('',*,*,#4646,.F.);
#4648=ORIENTED_EDGE('',*,*,#4459,.F.);
#4649=ORIENTED_EDGE('',*,*,#4539,.F.);
#4650=ORIENTED_EDGE('',*,*,#4417,.F.);
#4651=CARTESIAN_POINT('',(18.000000000000014,-10.917084175382081,4.277913237568686));
#4652=VERTEX_POINT('',#4651);
#4653=CARTESIAN_POINT('',(18.000000000000007,-10.917084175382081,4.277913237568686));
#4654=DIRECTION('',(-2.854295E-015,0.173648177666931,-0.984807753012208));
#4655=VECTOR('',#4654,2.489380701702532);
#4656=LINE('',#4653,#4655);
#4657=EDGE_CURVE('',#4652,#4409,#4656,.T.);
#4658=ORIENTED_EDGE('',*,*,#4657,.F.);
#4659=CARTESIAN_POINT('',(18.000000000000014,-11.901891928394296,4.104265059901755));
#4660=VERTEX_POINT('',#4659);
#4661=CARTESIAN_POINT('',(18.000000000000011,-11.901891928394296,4.104265059901755));
#4662=DIRECTION('',(0.0,0.984807753012208,0.173648177666930));
#4663=VECTOR('',#4662,0.999999999999999);
#4664=LINE('',#4661,#4663);
#4665=EDGE_CURVE('',#4660,#4652,#4664,.T.);
#4666=ORIENTED_EDGE('',*,*,#4665,.F.);
#4667=CARTESIAN_POINT('',(18.000000000000004,-11.469615506024425,1.652703644666133));
#4668=DIRECTION('',(2.854295E-015,-0.173648177666931,0.984807753012208));
#4669=VECTOR('',#4668,2.489380701702530);
#4670=LINE('',#4667,#4669);
#4671=EDGE_CURVE('',#4369,#4660,#4670,.T.);
#4672=ORIENTED_EDGE('',*,*,#4671,.F.);
#4673=ORIENTED_EDGE('',*,*,#4375,.F.);
#4674=EDGE_LOOP('',(#4624,#4625,#4633,#4641,#4647,#4648,#4649,#4650,#4658,#4666,#4672,#4673));
#4675=FACE_OUTER_BOUND('',#4674,.T.);
#4676=ADVANCED_FACE('',(#4675),#4623,.T.);
#4677=CARTESIAN_POINT('',(-10.549999999999997,-9.500000000000014,2.0));
#4678=DIRECTION('',(-1.0,3.416071E-016,0.0));
#4679=DIRECTION('',(0.0,0.0,-1.0));
#4680=AXIS2_PLACEMENT_3D('',#4677,#4678,#4679);
#4681=CYLINDRICAL_SURFACE('',#4680,1.0);
#4682=ORIENTED_EDGE('',*,*,#4434,.T.);
#4683=CARTESIAN_POINT('',(16.0,-9.500000000000002,1.0));
#4684=VERTEX_POINT('',#4683);
#4685=CARTESIAN_POINT('',(16.000000000000007,-9.500000000000025,2.0));
#4686=DIRECTION('',(1.0,0.0,0.0));
#4687=DIRECTION('',(0.0,0.0,-1.0));
#4688=AXIS2_PLACEMENT_3D('',#4685,#4686,#4687);
#4689=CIRCLE('',#4688,1.0);
#4690=EDGE_CURVE('',#4420,#4684,#4689,.T.);
#4691=ORIENTED_EDGE('',*,*,#4690,.T.);
#4692=CARTESIAN_POINT('',(14.000000000000004,-9.499999999999998,1.0));
#4693=VERTEX_POINT('',#4692);
#4694=CARTESIAN_POINT('',(16.0,-9.499999999999998,1.0));
#4695=DIRECTION('',(-1.0,0.0,0.0));
#4696=VECTOR('',#4695,1.999999999999996);
#4697=LINE('',#4694,#4696);
#4698=EDGE_CURVE('',#4684,#4693,#4697,.T.);
#4699=ORIENTED_EDGE('',*,*,#4698,.T.);
#4700=CARTESIAN_POINT('',(14.000000000000002,-10.484807753012209,1.826351822333069));
#4701=VERTEX_POINT('',#4700);
#4702=CARTESIAN_POINT('',(14.000000000000007,-9.500000000000025,2.0));
#4703=DIRECTION('',(-1.0,0.0,0.0));
#4704=DIRECTION('',(0.0,0.0,-1.0));
#4705=AXIS2_PLACEMENT_3D('',#4702,#4703,#4704);
#4706=CIRCLE('',#4705,1.0);
#4707=EDGE_CURVE('',#4693,#4701,#4706,.T.);
#4708=ORIENTED_EDGE('',*,*,#4707,.T.);
#4709=CARTESIAN_POINT('',(16.0,-10.484807753012211,1.826351822333069));
#4710=DIRECTION('',(-1.0,0.0,0.0));
#4711=VECTOR('',#4710,2.0);
#4712=LINE('',#4709,#4711);
#4713=EDGE_CURVE('',#4428,#4701,#4712,.T.);
#4714=ORIENTED_EDGE('',*,*,#4713,.F.);
#4715=EDGE_LOOP('',(#4682,#4691,#4699,#4708,#4714));
#4716=FACE_OUTER_BOUND('',#4715,.T.);
#4717=ADVANCED_FACE('',(#4716),#4681,.F.);
#4718=CARTESIAN_POINT('',(-10.549999999999997,-9.500000000000014,2.0));
#4719=DIRECTION('',(-1.0,3.416071E-016,0.0));
#4720=DIRECTION('',(0.0,0.0,-1.0));
#4721=AXIS2_PLACEMENT_3D('',#4718,#4719,#4720);
#4722=CYLINDRICAL_SURFACE('',#4721,2.0);
#4723=ORIENTED_EDGE('',*,*,#4613,.T.);
#4724=ORIENTED_EDGE('',*,*,#4392,.T.);
#4725=CARTESIAN_POINT('',(14.000000000000002,-11.469615506024418,1.652703644666139));
#4726=VERTEX_POINT('',#4725);
#4727=CARTESIAN_POINT('',(14.0,-11.469615506024418,1.652703644666139));
#4728=DIRECTION('',(1.0,0.0,0.0));
#4729=VECTOR('',#4728,2.0);
#4730=LINE('',#4727,#4729);
#4731=EDGE_CURVE('',#4726,#4378,#4730,.T.);
#4732=ORIENTED_EDGE('',*,*,#4731,.F.);
#4733=CARTESIAN_POINT('',(14.000000000000007,-9.500000000000025,2.0));
#4734=DIRECTION('',(1.0,0.0,0.0));
#4735=DIRECTION('',(0.0,0.0,-1.0));
#4736=AXIS2_PLACEMENT_3D('',#4733,#4734,#4735);
#4737=CIRCLE('',#4736,2.0);
#4738=EDGE_CURVE('',#4726,#3984,#4737,.T.);
#4739=ORIENTED_EDGE('',*,*,#4738,.T.);
#4740=ORIENTED_EDGE('',*,*,#3989,.T.);
#4741=EDGE_LOOP('',(#4723,#4724,#4732,#4739,#4740));
#4742=FACE_OUTER_BOUND('',#4741,.T.);
#4743=ADVANCED_FACE('',(#4742),#4722,.T.);
#4744=CARTESIAN_POINT('',(16.000000000000004,-9.500000000000004,-1.750000000000000));
#4745=DIRECTION('',(-1.0,0.0,0.0));
#4746=DIRECTION('',(0.0,0.0,1.0));
#4747=AXIS2_PLACEMENT_3D('',#4744,#4745,#4746);
#4748=PLANE('',#4747);
#4749=ORIENTED_EDGE('',*,*,#4565,.T.);
#4750=CARTESIAN_POINT('',(16.0,-9.500000000000004,1.0));
#4751=DIRECTION('',(0.0,0.0,-1.0));
#4752=VECTOR('',#4751,0.012996231797752);
#4753=LINE('',#4750,#4752);
#4754=EDGE_CURVE('',#4684,#4552,#4753,.T.);
#4755=ORIENTED_EDGE('',*,*,#4754,.F.);
#4756=ORIENTED_EDGE('',*,*,#4690,.F.);
#4757=EDGE_LOOP('',(#4749,#4755,#4756));
#4758=FACE_OUTER_BOUND('',#4757,.T.);
#4759=ADVANCED_FACE('',(#4758),#4748,.F.);
#4760=CARTESIAN_POINT('',(14.000000000000007,-13.193029073795785,1.348819333749010));
#4761=DIRECTION('',(1.0,0.0,0.0));
#4762=DIRECTION('',(0.0,0.0,-1.0));
#4763=AXIS2_PLACEMENT_3D('',#4760,#4761,#4762);
#4764=PLANE('',#4763);
#4765=ORIENTED_EDGE('',*,*,#4738,.F.);
#4766=CARTESIAN_POINT('',(14.000000000000002,-10.484807753012209,1.826351822333070));
#4767=DIRECTION('',(0.0,-0.984807753012208,-0.173648177666930));
#4768=VECTOR('',#4767,1.000000000000001);
#4769=LINE('',#4766,#4768);
#4770=EDGE_CURVE('',#4701,#4726,#4769,.T.);
#4771=ORIENTED_EDGE('',*,*,#4770,.F.);
#4772=ORIENTED_EDGE('',*,*,#4707,.F.);
#4773=CARTESIAN_POINT('',(14.000000000000004,-9.500000000000000,1.0));
#4774=DIRECTION('',(0.0,0.0,-1.0));
#4775=VECTOR('',#4774,1.0);
#4776=LINE('',#4773,#4775);
#4777=EDGE_CURVE('',#4693,#3984,#4776,.T.);
#4778=ORIENTED_EDGE('',*,*,#4777,.T.);
#4779=EDGE_LOOP('',(#4765,#4771,#4772,#4778));
#4780=FACE_OUTER_BOUND('',#4779,.T.);
#4781=ADVANCED_FACE('',(#4780),#4764,.F.);
#4782=CARTESIAN_POINT('',(16.000000000000004,-11.901891928394289,4.104265059901763));
#4783=DIRECTION('',(2.822876E-016,-0.173648177666931,0.984807753012208));
#4784=DIRECTION('',(-3.364173E-016,-0.984807753012208,-0.173648177666931));
#4785=AXIS2_PLACEMENT_3D('',#4782,#4783,#4784);
#4786=PLANE('',#4785);
#4787=CARTESIAN_POINT('',(14.000000000000004,-10.917084175382080,4.277913237568693));
#4788=VERTEX_POINT('',#4787);
#4789=CARTESIAN_POINT('',(18.000000000000007,-10.917084175382081,4.277913237568691));
#4790=DIRECTION('',(-1.0,0.0,0.0));
#4791=VECTOR('',#4790,4.000000000000004);
#4792=LINE('',#4789,#4791);
#4793=EDGE_CURVE('',#4652,#4788,#4792,.T.);
#4794=ORIENTED_EDGE('',*,*,#4793,.T.);
#4795=CARTESIAN_POINT('',(14.000000000000004,-11.901891928394289,4.104265059901763));
#4796=VERTEX_POINT('',#4795);
#4797=CARTESIAN_POINT('',(14.000000000000004,-11.901891928394289,4.104265059901763));
#4798=DIRECTION('',(0.0,0.984807753012208,0.173648177666931));
#4799=VECTOR('',#4798,0.999999999999999);
#4800=LINE('',#4797,#4799);
#4801=EDGE_CURVE('',#4796,#4788,#4800,.T.);
#4802=ORIENTED_EDGE('',*,*,#4801,.F.);
#4803=CARTESIAN_POINT('',(14.000000000000004,-11.901891928394289,4.104265059901763));
#4804=DIRECTION('',(1.0,0.0,0.0));
#4805=VECTOR('',#4804,4.000000000000004);
#4806=LINE('',#4803,#4805);
#4807=EDGE_CURVE('',#4796,#4660,#4806,.T.);
#4808=ORIENTED_EDGE('',*,*,#4807,.T.);
#4809=ORIENTED_EDGE('',*,*,#4665,.T.);
#4810=EDGE_LOOP('',(#4794,#4802,#4808,#4809));
#4811=FACE_OUTER_BOUND('',#4810,.T.);
#4812=ADVANCED_FACE('',(#4811),#4786,.T.);
#4813=CARTESIAN_POINT('',(14.999999999999996,-7.430451353470826,-21.254534580162595));
#4814=DIRECTION('',(3.364173E-016,0.984807753012208,0.173648177666931));
#4815=DIRECTION('',(1.0,0.0,0.0));
#4816=AXIS2_PLACEMENT_3D('',#4813,#4814,#4815);
#4817=PLANE('',#4816);
#4818=ORIENTED_EDGE('',*,*,#4731,.T.);
#4819=ORIENTED_EDGE('',*,*,#4383,.T.);
#4820=ORIENTED_EDGE('',*,*,#4671,.T.);
#4821=ORIENTED_EDGE('',*,*,#4807,.F.);
#4822=CARTESIAN_POINT('',(14.000000000000002,-11.469615506024418,1.652703644666138));
#4823=DIRECTION('',(7.135738E-016,-0.173648177666930,0.984807753012208));
#4824=VECTOR('',#4823,2.489380701702532);
#4825=LINE('',#4822,#4824);
#4826=EDGE_CURVE('',#4726,#4796,#4825,.T.);
#4827=ORIENTED_EDGE('',*,*,#4826,.F.);
#4828=EDGE_LOOP('',(#4818,#4819,#4820,#4821,#4827));
#4829=FACE_OUTER_BOUND('',#4828,.T.);
#4830=ADVANCED_FACE('',(#4829),#4817,.F.);
#4831=CARTESIAN_POINT('',(14.000000000000004,-11.901891928394289,4.104265059901763));
#4832=DIRECTION('',(-1.0,0.0,0.0));
#4833=DIRECTION('',(0.0,0.984807753012208,0.173648177666931));
#4834=AXIS2_PLACEMENT_3D('',#4831,#4832,#4833);
#4835=PLANE('',#4834);
#4836=ORIENTED_EDGE('',*,*,#4826,.T.);
#4837=ORIENTED_EDGE('',*,*,#4801,.T.);
#4838=CARTESIAN_POINT('',(14.000000000000004,-10.917084175382080,4.277913237568694));
#4839=DIRECTION('',(-7.135738E-016,0.173648177666930,-0.984807753012208));
#4840=VECTOR('',#4839,2.489380701702532);
#4841=LINE('',#4838,#4840);
#4842=EDGE_CURVE('',#4788,#4701,#4841,.T.);
#4843=ORIENTED_EDGE('',*,*,#4842,.T.);
#4844=ORIENTED_EDGE('',*,*,#4770,.T.);
#4845=EDGE_LOOP('',(#4836,#4837,#4843,#4844));
#4846=FACE_OUTER_BOUND('',#4845,.T.);
#4847=ADVANCED_FACE('',(#4846),#4835,.T.);
#4848=CARTESIAN_POINT('',(14.999999999999996,-6.445643600458617,-21.080886402495665));
#4849=DIRECTION('',(3.364173E-016,0.984807753012208,0.173648177666931));
#4850=DIRECTION('',(1.0,0.0,0.0));
#4851=AXIS2_PLACEMENT_3D('',#4848,#4849,#4850);
#4852=PLANE('',#4851);
#4853=ORIENTED_EDGE('',*,*,#4713,.T.);
#4854=ORIENTED_EDGE('',*,*,#4842,.F.);
#4855=ORIENTED_EDGE('',*,*,#4793,.F.);
#4856=ORIENTED_EDGE('',*,*,#4657,.T.);
#4857=ORIENTED_EDGE('',*,*,#4440,.F.);
#4858=EDGE_LOOP('',(#4853,#4854,#4855,#4856,#4857));
#4859=FACE_OUTER_BOUND('',#4858,.T.);
#4860=ADVANCED_FACE('',(#4859),#4852,.T.);
#4861=CARTESIAN_POINT('',(-2.800000000000002,-13.193029073795781,1.348819333748989));
#4862=DIRECTION('',(1.0,0.0,0.0));
#4863=DIRECTION('',(0.0,0.0,-1.0));
#4864=AXIS2_PLACEMENT_3D('',#4861,#4862,#4863);
#4865=PLANE('',#4864);
#4866=CARTESIAN_POINT('',(-2.800000000000001,-11.469615506024411,1.652703644666137));
#4867=VERTEX_POINT('',#4866);
#4868=CARTESIAN_POINT('',(-2.800000000000000,-9.500000000000005,2.0));
#4869=DIRECTION('',(1.0,0.0,0.0));
#4870=DIRECTION('',(0.0,0.0,-1.0));
#4871=AXIS2_PLACEMENT_3D('',#4868,#4869,#4870);
#4872=CIRCLE('',#4871,2.0);
#4873=EDGE_CURVE('',#4867,#4048,#4872,.T.);
#4874=ORIENTED_EDGE('',*,*,#4873,.F.);
#4875=CARTESIAN_POINT('',(-2.800000000000000,-10.484807753012204,1.826351822333067));
#4876=VERTEX_POINT('',#4875);
#4877=CARTESIAN_POINT('',(-2.800000000000001,-10.484807753012204,1.826351822333068));
#4878=DIRECTION('',(0.0,-0.984807753012208,-0.173648177666930));
#4879=VECTOR('',#4878,1.000000000000001);
#4880=LINE('',#4877,#4879);
#4881=EDGE_CURVE('',#4876,#4867,#4880,.T.);
#4882=ORIENTED_EDGE('',*,*,#4881,.F.);
#4883=CARTESIAN_POINT('',(-2.800000000000003,-9.500000000000002,1.0));
#4884=VERTEX_POINT('',#4883);
#4885=CARTESIAN_POINT('',(-2.800000000000000,-9.500000000000005,2.0));
#4886=DIRECTION('',(-1.0,0.0,0.0));
#4887=DIRECTION('',(0.0,0.0,-1.0));
#4888=AXIS2_PLACEMENT_3D('',#4885,#4886,#4887);
#4889=CIRCLE('',#4888,1.0);
#4890=EDGE_CURVE('',#4884,#4876,#4889,.T.);
#4891=ORIENTED_EDGE('',*,*,#4890,.F.);
#4892=CARTESIAN_POINT('',(-2.800000000000003,-9.500000000000002,1.0));
#4893=DIRECTION('',(0.0,0.0,-1.0));
#4894=VECTOR('',#4893,1.0);
#4895=LINE('',#4892,#4894);
#4896=EDGE_CURVE('',#4884,#4048,#4895,.T.);
#4897=ORIENTED_EDGE('',*,*,#4896,.T.);
#4898=EDGE_LOOP('',(#4874,#4882,#4891,#4897));
#4899=FACE_OUTER_BOUND('',#4898,.T.);
#4900=ADVANCED_FACE('',(#4899),#4865,.F.);
#4901=CARTESIAN_POINT('',(9.999999999999998,-9.499999999999996,-1.749999999999999));
#4902=DIRECTION('',(-1.0,0.0,0.0));
#4903=DIRECTION('',(0.0,0.0,1.0));
#4904=AXIS2_PLACEMENT_3D('',#4901,#4902,#4903);
#4905=PLANE('',#4904);
#4906=CARTESIAN_POINT('',(10.0,-11.469615506024414,1.652703644666137));
#4907=VERTEX_POINT('',#4906);
#4908=CARTESIAN_POINT('',(10.0,-9.500000000000009,2.0));
#4909=DIRECTION('',(-1.0,0.0,0.0));
#4910=DIRECTION('',(0.0,0.0,-1.0));
#4911=AXIS2_PLACEMENT_3D('',#4908,#4909,#4910);
#4912=CIRCLE('',#4911,2.0);
#4913=EDGE_CURVE('',#4040,#4907,#4912,.T.);
#4914=ORIENTED_EDGE('',*,*,#4913,.F.);
#4915=CARTESIAN_POINT('',(10.0,-9.500000000000000,1.0));
#4916=VERTEX_POINT('',#4915);
#4917=CARTESIAN_POINT('',(10.0,-9.500000000000000,0.0));
#4918=DIRECTION('',(0.0,0.0,1.0));
#4919=VECTOR('',#4918,1.0);
#4920=LINE('',#4917,#4919);
#4921=EDGE_CURVE('',#4040,#4916,#4920,.T.);
#4922=ORIENTED_EDGE('',*,*,#4921,.T.);
#4923=CARTESIAN_POINT('',(10.0,-10.484807753012209,1.826351822333067));
#4924=VERTEX_POINT('',#4923);
#4925=CARTESIAN_POINT('',(10.0,-9.500000000000009,2.0));
#4926=DIRECTION('',(1.0,0.0,0.0));
#4927=DIRECTION('',(0.0,0.0,-1.0));
#4928=AXIS2_PLACEMENT_3D('',#4925,#4926,#4927);
#4929=CIRCLE('',#4928,1.0);
#4930=EDGE_CURVE('',#4924,#4916,#4929,.T.);
#4931=ORIENTED_EDGE('',*,*,#4930,.F.);
#4932=CARTESIAN_POINT('',(10.0,-11.469615506024418,1.652703644666138));
#4933=DIRECTION('',(0.0,0.984807753012208,0.173648177666930));
#4934=VECTOR('',#4933,1.000000000000001);
#4935=LINE('',#4932,#4934);
#4936=EDGE_CURVE('',#4907,#4924,#4935,.T.);
#4937=ORIENTED_EDGE('',*,*,#4936,.F.);
#4938=EDGE_LOOP('',(#4914,#4922,#4931,#4937));
#4939=FACE_OUTER_BOUND('',#4938,.T.);
#4940=ADVANCED_FACE('',(#4939),#4905,.F.);
#4941=CARTESIAN_POINT('',(-10.549999999999997,-9.500000000000004,2.0));
#4942=DIRECTION('',(-1.0,3.416071E-016,0.0));
#4943=DIRECTION('',(0.0,0.0,-1.0));
#4944=AXIS2_PLACEMENT_3D('',#4941,#4942,#4943);
#4945=CYLINDRICAL_SURFACE('',#4944,2.0);
#4946=ORIENTED_EDGE('',*,*,#4913,.T.);
#4947=CARTESIAN_POINT('',(-2.800000000000002,-11.469615506024411,1.652703644666137));
#4948=DIRECTION('',(1.0,0.0,0.0));
#4949=VECTOR('',#4948,12.800000000000001);
#4950=LINE('',#4947,#4949);
#4951=EDGE_CURVE('',#4867,#4907,#4950,.T.);
#4952=ORIENTED_EDGE('',*,*,#4951,.F.);
#4953=ORIENTED_EDGE('',*,*,#4873,.T.);
#4954=ORIENTED_EDGE('',*,*,#4053,.T.);
#4955=EDGE_LOOP('',(#4946,#4952,#4953,#4954));
#4956=FACE_OUTER_BOUND('',#4955,.T.);
#4957=ADVANCED_FACE('',(#4956),#4945,.T.);
#4958=CARTESIAN_POINT('',(-10.549999999999997,-9.500000000000004,2.0));
#4959=DIRECTION('',(-1.0,3.416071E-016,0.0));
#4960=DIRECTION('',(0.0,0.0,-1.0));
#4961=AXIS2_PLACEMENT_3D('',#4958,#4959,#4960);
#4962=CYLINDRICAL_SURFACE('',#4961,1.0);
#4963=ORIENTED_EDGE('',*,*,#4930,.T.);
#4964=CARTESIAN_POINT('',(10.0,-9.499999999999998,1.0));
#4965=DIRECTION('',(-1.0,0.0,0.0));
#4966=VECTOR('',#4965,12.800000000000001);
#4967=LINE('',#4964,#4966);
#4968=EDGE_CURVE('',#4916,#4884,#4967,.T.);
#4969=ORIENTED_EDGE('',*,*,#4968,.T.);
#4970=ORIENTED_EDGE('',*,*,#4890,.T.);
#4971=CARTESIAN_POINT('',(10.0,-10.484807753012207,1.826351822333067));
#4972=DIRECTION('',(-1.0,0.0,0.0));
#4973=VECTOR('',#4972,12.800000000000001);
#4974=LINE('',#4971,#4973);
#4975=EDGE_CURVE('',#4924,#4876,#4974,.T.);
#4976=ORIENTED_EDGE('',*,*,#4975,.F.);
#4977=EDGE_LOOP('',(#4963,#4969,#4970,#4976));
#4978=FACE_OUTER_BOUND('',#4977,.T.);
#4979=ADVANCED_FACE('',(#4978),#4962,.F.);
#4980=CARTESIAN_POINT('',(-13.800000000000010,-13.193029073795785,1.348819333749010));
#4981=DIRECTION('',(1.0,0.0,0.0));
#4982=DIRECTION('',(0.0,0.0,-1.0));
#4983=AXIS2_PLACEMENT_3D('',#4980,#4981,#4982);
#4984=PLANE('',#4983);
#4985=CARTESIAN_POINT('',(-13.800000000000004,-11.469615506024411,1.652703644666148));
#4986=VERTEX_POINT('',#4985);
#4987=CARTESIAN_POINT('',(-13.800000000000008,-9.500000000000002,2.0));
#4988=DIRECTION('',(1.0,0.0,0.0));
#4989=DIRECTION('',(0.0,0.0,-1.0));
#4990=AXIS2_PLACEMENT_3D('',#4987,#4988,#4989);
#4991=CIRCLE('',#4990,2.0);
#4992=EDGE_CURVE('',#4986,#4112,#4991,.T.);
#4993=ORIENTED_EDGE('',*,*,#4992,.F.);
#4994=CARTESIAN_POINT('',(-13.800000000000004,-10.484807753012202,1.826351822333078));
#4995=VERTEX_POINT('',#4994);
#4996=CARTESIAN_POINT('',(-13.800000000000004,-10.484807753012202,1.826351822333079));
#4997=DIRECTION('',(0.0,-0.984807753012208,-0.173648177666930));
#4998=VECTOR('',#4997,1.000000000000001);
#4999=LINE('',#4996,#4998);
#5000=EDGE_CURVE('',#4995,#4986,#4999,.T.);
#5001=ORIENTED_EDGE('',*,*,#5000,.F.);
#5002=CARTESIAN_POINT('',(-13.800000000000004,-9.500000000000004,1.0));
#5003=VERTEX_POINT('',#5002);
#5004=CARTESIAN_POINT('',(-13.800000000000008,-9.500000000000002,2.0));
#5005=DIRECTION('',(-1.0,0.0,0.0));
#5006=DIRECTION('',(0.0,0.0,-1.0));
#5007=AXIS2_PLACEMENT_3D('',#5004,#5005,#5006);
#5008=CIRCLE('',#5007,1.0);
#5009=EDGE_CURVE('',#5003,#4995,#5008,.T.);
#5010=ORIENTED_EDGE('',*,*,#5009,.F.);
#5011=CARTESIAN_POINT('',(-13.800000000000004,-9.500000000000004,1.0));
#5012=DIRECTION('',(0.0,0.0,-1.0));
#5013=VECTOR('',#5012,1.0);
#5014=LINE('',#5011,#5013);
#5015=EDGE_CURVE('',#5003,#4112,#5014,.T.);
#5016=ORIENTED_EDGE('',*,*,#5015,.T.);
#5017=EDGE_LOOP('',(#4993,#5001,#5010,#5016));
#5018=FACE_OUTER_BOUND('',#5017,.T.);
#5019=ADVANCED_FACE('',(#5018),#4984,.F.);
#5020=CARTESIAN_POINT('',(-7.299999999999999,-9.500000000000002,-1.749999999999999));
#5021=DIRECTION('',(-1.0,0.0,0.0));
#5022=DIRECTION('',(0.0,0.0,1.0));
#5023=AXIS2_PLACEMENT_3D('',#5020,#5021,#5022);
#5024=PLANE('',#5023);
#5025=CARTESIAN_POINT('',(-7.299999999999999,-11.469615506024413,1.652703644666148));
#5026=VERTEX_POINT('',#5025);
#5027=CARTESIAN_POINT('',(-7.299999999999999,-9.500000000000004,2.0));
#5028=DIRECTION('',(-1.0,0.0,0.0));
#5029=DIRECTION('',(0.0,0.0,-1.0));
#5030=AXIS2_PLACEMENT_3D('',#5027,#5028,#5029);
#5031=CIRCLE('',#5030,2.0);
#5032=EDGE_CURVE('',#4104,#5026,#5031,.T.);
#5033=ORIENTED_EDGE('',*,*,#5032,.F.);
#5034=CARTESIAN_POINT('',(-7.300000000000000,-9.500000000000004,1.0));
#5035=VERTEX_POINT('',#5034);
#5036=CARTESIAN_POINT('',(-7.300000000000000,-9.500000000000004,0.0));
#5037=DIRECTION('',(0.0,0.0,1.0));
#5038=VECTOR('',#5037,1.0);
#5039=LINE('',#5036,#5038);
#5040=EDGE_CURVE('',#4104,#5035,#5039,.T.);
#5041=ORIENTED_EDGE('',*,*,#5040,.T.);
#5042=CARTESIAN_POINT('',(-7.299999999999999,-10.484807753012204,1.826351822333078));
#5043=VERTEX_POINT('',#5042);
#5044=CARTESIAN_POINT('',(-7.299999999999999,-9.500000000000004,2.0));
#5045=DIRECTION('',(1.0,0.0,0.0));
#5046=DIRECTION('',(0.0,0.0,-1.0));
#5047=AXIS2_PLACEMENT_3D('',#5044,#5045,#5046);
#5048=CIRCLE('',#5047,1.0);
#5049=EDGE_CURVE('',#5043,#5035,#5048,.T.);
#5050=ORIENTED_EDGE('',*,*,#5049,.F.);
#5051=CARTESIAN_POINT('',(-7.299999999999999,-11.469615506024413,1.652703644666147));
#5052=DIRECTION('',(0.0,0.984807753012208,0.173648177666930));
#5053=VECTOR('',#5052,1.000000000000001);
#5054=LINE('',#5051,#5053);
#5055=EDGE_CURVE('',#5026,#5043,#5054,.T.);
#5056=ORIENTED_EDGE('',*,*,#5055,.F.);
#5057=EDGE_LOOP('',(#5033,#5041,#5050,#5056));
#5058=FACE_OUTER_BOUND('',#5057,.T.);
#5059=ADVANCED_FACE('',(#5058),#5024,.F.);
#5060=CARTESIAN_POINT('',(-10.549999999999997,-9.500000000000004,2.0));
#5061=DIRECTION('',(-1.0,3.416071E-016,0.0));
#5062=DIRECTION('',(0.0,0.0,-1.0));
#5063=AXIS2_PLACEMENT_3D('',#5060,#5061,#5062);
#5064=CYLINDRICAL_SURFACE('',#5063,2.0);
#5065=ORIENTED_EDGE('',*,*,#5032,.T.);
#5066=CARTESIAN_POINT('',(-13.800000000000001,-11.469615506024409,1.652703644666148));
#5067=DIRECTION('',(1.0,0.0,0.0));
#5068=VECTOR('',#5067,6.500000000000003);
#5069=LINE('',#5066,#5068);
#5070=EDGE_CURVE('',#4986,#5026,#5069,.T.);
#5071=ORIENTED_EDGE('',*,*,#5070,.F.);
#5072=ORIENTED_EDGE('',*,*,#4992,.T.);
#5073=ORIENTED_EDGE('',*,*,#4117,.T.);
#5074=EDGE_LOOP('',(#5065,#5071,#5072,#5073));
#5075=FACE_OUTER_BOUND('',#5074,.T.);
#5076=ADVANCED_FACE('',(#5075),#5064,.T.);
#5077=CARTESIAN_POINT('',(-10.549999999999997,-9.500000000000004,2.0));
#5078=DIRECTION('',(-1.0,3.416071E-016,0.0));
#5079=DIRECTION('',(0.0,0.0,-1.0));
#5080=AXIS2_PLACEMENT_3D('',#5077,#5078,#5079);
#5081=CYLINDRICAL_SURFACE('',#5080,1.0);
#5082=ORIENTED_EDGE('',*,*,#5049,.T.);
#5083=CARTESIAN_POINT('',(-7.299999999999999,-9.500000000000002,1.0));
#5084=DIRECTION('',(-1.0,0.0,0.0));
#5085=VECTOR('',#5084,6.500000000000004);
#5086=LINE('',#5083,#5085);
#5087=EDGE_CURVE('',#5035,#5003,#5086,.T.);
#5088=ORIENTED_EDGE('',*,*,#5087,.T.);
#5089=ORIENTED_EDGE('',*,*,#5009,.T.);
#5090=CARTESIAN_POINT('',(-7.299999999999997,-10.484807753012202,1.826351822333078));
#5091=DIRECTION('',(-1.0,0.0,0.0));
#5092=VECTOR('',#5091,6.500000000000004);
#5093=LINE('',#5090,#5092);
#5094=EDGE_CURVE('',#5043,#4995,#5093,.T.);
#5095=ORIENTED_EDGE('',*,*,#5094,.F.);
#5096=EDGE_LOOP('',(#5082,#5088,#5089,#5095));
#5097=FACE_OUTER_BOUND('',#5096,.T.);
#5098=ADVANCED_FACE('',(#5097),#5081,.F.);
#5099=CARTESIAN_POINT('',(-7.299999999999999,-11.901891928394281,4.104265059901774));
#5100=DIRECTION('',(6.238947E-016,-0.173648177666931,0.984807753012208));
#5101=DIRECTION('',(-3.364173E-016,-0.984807753012208,-0.173648177666931));
#5102=AXIS2_PLACEMENT_3D('',#5099,#5100,#5101);
#5103=PLANE('',#5102);
#5104=CARTESIAN_POINT('',(-7.299999999999999,-10.917084175382074,4.277913237568703));
#5105=VERTEX_POINT('',#5104);
#5106=CARTESIAN_POINT('',(-13.800000000000001,-10.917084175382072,4.277913237568708));
#5107=VERTEX_POINT('',#5106);
#5108=CARTESIAN_POINT('',(-7.299999999999998,-10.917084175382074,4.277913237568703));
#5109=DIRECTION('',(-1.0,0.0,0.0));
#5110=VECTOR('',#5109,6.500000000000003);
#5111=LINE('',#5108,#5110);
#5112=EDGE_CURVE('',#5105,#5107,#5111,.T.);
#5113=ORIENTED_EDGE('',*,*,#5112,.T.);
#5114=CARTESIAN_POINT('',(-13.800000000000001,-11.901891928394281,4.104265059901779));
#5115=VERTEX_POINT('',#5114);
#5116=CARTESIAN_POINT('',(-13.800000000000001,-11.901891928394281,4.104265059901779));
#5117=DIRECTION('',(0.0,0.984807753012208,0.173648177666931));
#5118=VECTOR('',#5117,0.999999999999999);
#5119=LINE('',#5116,#5118);
#5120=EDGE_CURVE('',#5115,#5107,#5119,.T.);
#5121=ORIENTED_EDGE('',*,*,#5120,.F.);
#5122=CARTESIAN_POINT('',(-7.299999999999999,-11.901891928394281,4.104265059901774));
#5123=VERTEX_POINT('',#5122);
#5124=CARTESIAN_POINT('',(-13.800000000000001,-11.901891928394281,4.104265059901779));
#5125=DIRECTION('',(1.0,0.0,0.0));
#5126=VECTOR('',#5125,6.500000000000003);
#5127=LINE('',#5124,#5126);
#5128=EDGE_CURVE('',#5115,#5123,#5127,.T.);
#5129=ORIENTED_EDGE('',*,*,#5128,.T.);
#5130=CARTESIAN_POINT('',(-7.299999999999999,-11.901891928394281,4.104265059901774));
#5131=DIRECTION('',(0.0,0.984807753012208,0.173648177666931));
#5132=VECTOR('',#5131,0.999999999999999);
#5133=LINE('',#5130,#5132);
#5134=EDGE_CURVE('',#5123,#5105,#5133,.T.);
#5135=ORIENTED_EDGE('',*,*,#5134,.T.);
#5136=EDGE_LOOP('',(#5113,#5121,#5129,#5135));
#5137=FACE_OUTER_BOUND('',#5136,.T.);
#5138=ADVANCED_FACE('',(#5137),#5103,.T.);
#5139=CARTESIAN_POINT('',(-7.300000000000000,-11.120475128893094,-0.327369828653165));
#5140=DIRECTION('',(1.0,0.0,0.0));
#5141=DIRECTION('',(0.0,-0.984807753012208,-0.173648177666931));
#5142=AXIS2_PLACEMENT_3D('',#5139,#5140,#5141);
#5143=PLANE('',#5142);
#5144=CARTESIAN_POINT('',(-7.299999999999999,-10.484807753012204,1.826351822333077));
#5145=DIRECTION('',(0.0,-0.173648177666931,0.984807753012208));
#5146=VECTOR('',#5145,2.489380701702534);
#5147=LINE('',#5144,#5146);
#5148=EDGE_CURVE('',#5043,#5105,#5147,.T.);
#5149=ORIENTED_EDGE('',*,*,#5148,.T.);
#5150=ORIENTED_EDGE('',*,*,#5134,.F.);
#5151=CARTESIAN_POINT('',(-7.299999999999999,-11.901891928394281,4.104265059901774));
#5152=DIRECTION('',(0.0,0.173648177666931,-0.984807753012208));
#5153=VECTOR('',#5152,2.489380701702534);
#5154=LINE('',#5151,#5153);
#5155=EDGE_CURVE('',#5123,#5026,#5154,.T.);
#5156=ORIENTED_EDGE('',*,*,#5155,.T.);
#5157=ORIENTED_EDGE('',*,*,#5055,.T.);
#5158=EDGE_LOOP('',(#5149,#5150,#5156,#5157));
#5159=FACE_OUTER_BOUND('',#5158,.T.);
#5160=ADVANCED_FACE('',(#5159),#5143,.T.);
#5161=CARTESIAN_POINT('',(14.999999999999996,-7.430451353470826,-21.254534580162595));
#5162=DIRECTION('',(3.364173E-016,0.984807753012208,0.173648177666931));
#5163=DIRECTION('',(1.0,0.0,0.0));
#5164=AXIS2_PLACEMENT_3D('',#5161,#5162,#5163);
#5165=PLANE('',#5164);
#5166=ORIENTED_EDGE('',*,*,#5070,.T.);
#5167=ORIENTED_EDGE('',*,*,#5155,.F.);
#5168=ORIENTED_EDGE('',*,*,#5128,.F.);
#5169=CARTESIAN_POINT('',(-13.800000000000004,-11.469615506024411,1.652703644666147));
#5170=DIRECTION('',(7.135738E-016,-0.173648177666931,0.984807753012208));
#5171=VECTOR('',#5170,2.489380701702538);
#5172=LINE('',#5169,#5171);
#5173=EDGE_CURVE('',#4986,#5115,#5172,.T.);
#5174=ORIENTED_EDGE('',*,*,#5173,.F.);
#5175=EDGE_LOOP('',(#5166,#5167,#5168,#5174));
#5176=FACE_OUTER_BOUND('',#5175,.T.);
#5177=ADVANCED_FACE('',(#5176),#5165,.F.);
#5178=CARTESIAN_POINT('',(-13.800000000000001,-11.901891928394281,4.104265059901779));
#5179=DIRECTION('',(-1.0,0.0,0.0));
#5180=DIRECTION('',(0.0,0.984807753012208,0.173648177666931));
#5181=AXIS2_PLACEMENT_3D('',#5178,#5179,#5180);
#5182=PLANE('',#5181);
#5183=ORIENTED_EDGE('',*,*,#5173,.T.);
#5184=ORIENTED_EDGE('',*,*,#5120,.T.);
#5185=CARTESIAN_POINT('',(-13.800000000000002,-10.917084175382072,4.277913237568709));
#5186=DIRECTION('',(-7.135738E-016,0.173648177666931,-0.984807753012208));
#5187=VECTOR('',#5186,2.489380701702538);
#5188=LINE('',#5185,#5187);
#5189=EDGE_CURVE('',#5107,#4995,#5188,.T.);
#5190=ORIENTED_EDGE('',*,*,#5189,.T.);
#5191=ORIENTED_EDGE('',*,*,#5000,.T.);
#5192=EDGE_LOOP('',(#5183,#5184,#5190,#5191));
#5193=FACE_OUTER_BOUND('',#5192,.T.);
#5194=ADVANCED_FACE('',(#5193),#5182,.T.);
#5195=CARTESIAN_POINT('',(14.999999999999996,-6.445643600458617,-21.080886402495665));
#5196=DIRECTION('',(3.364173E-016,0.984807753012208,0.173648177666931));
#5197=DIRECTION('',(1.0,0.0,0.0));
#5198=AXIS2_PLACEMENT_3D('',#5195,#5196,#5197);
#5199=PLANE('',#5198);
#5200=ORIENTED_EDGE('',*,*,#5094,.T.);
#5201=ORIENTED_EDGE('',*,*,#5189,.F.);
#5202=ORIENTED_EDGE('',*,*,#5112,.F.);
#5203=ORIENTED_EDGE('',*,*,#5148,.F.);
#5204=EDGE_LOOP('',(#5200,#5201,#5202,#5203));
#5205=FACE_OUTER_BOUND('',#5204,.T.);
#5206=ADVANCED_FACE('',(#5205),#5199,.T.);
#5207=CARTESIAN_POINT('',(14.000000000000004,-12.010619298297469,1.0));
#5208=DIRECTION('',(1.0,0.0,0.0));
#5209=DIRECTION('',(0.0,0.0,-1.0));
#5210=AXIS2_PLACEMENT_3D('',#5207,#5208,#5209);
#5211=PLANE('',#5210);
#5212=ORIENTED_EDGE('',*,*,#4777,.F.);
#5213=CARTESIAN_POINT('',(14.000000000000002,-9.000000000000002,1.0));
#5214=VERTEX_POINT('',#5213);
#5215=CARTESIAN_POINT('',(14.000000000000002,-9.000000000000002,1.0));
#5216=DIRECTION('',(0.0,-1.0,0.0));
#5217=VECTOR('',#5216,0.499999999999996);
#5218=LINE('',#5215,#5217);
#5219=EDGE_CURVE('',#5214,#4693,#5218,.T.);
#5220=ORIENTED_EDGE('',*,*,#5219,.F.);
#5221=CARTESIAN_POINT('',(14.000000000000002,-9.000000000000002,1.0));
#5222=DIRECTION('',(0.0,0.0,-1.0));
#5223=VECTOR('',#5222,1.000000000000000);
#5224=LINE('',#5221,#5223);
#5225=EDGE_CURVE('',#5214,#3992,#5224,.T.);
#5226=ORIENTED_EDGE('',*,*,#5225,.T.);
#5227=ORIENTED_EDGE('',*,*,#3997,.F.);
#5228=EDGE_LOOP('',(#5212,#5220,#5226,#5227));
#5229=FACE_OUTER_BOUND('',#5228,.T.);
#5230=ADVANCED_FACE('',(#5229),#5211,.F.);
#5231=CARTESIAN_POINT('',(14.000000000000002,-9.000000000000002,1.0));
#5232=DIRECTION('',(0.0,1.0,0.0));
#5233=DIRECTION('',(0.0,0.0,1.0));
#5234=AXIS2_PLACEMENT_3D('',#5231,#5232,#5233);
#5235=PLANE('',#5234);
#5236=ORIENTED_EDGE('',*,*,#4005,.F.);
#5237=ORIENTED_EDGE('',*,*,#5225,.F.);
#5238=CARTESIAN_POINT('',(13.0,-9.000000000000002,1.0));
#5239=VERTEX_POINT('',#5238);
#5240=CARTESIAN_POINT('',(13.0,-9.000000000000002,1.0));
#5241=DIRECTION('',(1.0,0.0,0.0));
#5242=VECTOR('',#5241,1.0);
#5243=LINE('',#5240,#5242);
#5244=EDGE_CURVE('',#5239,#5214,#5243,.T.);
#5245=ORIENTED_EDGE('',*,*,#5244,.F.);
#5246=CARTESIAN_POINT('',(13.0,-9.000000000000002,1.0));
#5247=DIRECTION('',(0.0,0.0,-1.0));
#5248=VECTOR('',#5247,1.000000000000000);
#5249=LINE('',#5246,#5248);
#5250=EDGE_CURVE('',#5239,#4000,#5249,.T.);
#5251=ORIENTED_EDGE('',*,*,#5250,.T.);
#5252=EDGE_LOOP('',(#5236,#5237,#5245,#5251));
#5253=FACE_OUTER_BOUND('',#5252,.T.);
#5254=ADVANCED_FACE('',(#5253),#5235,.F.);
#5255=CARTESIAN_POINT('',(13.0,-9.000000000000002,1.0));
#5256=DIRECTION('',(-1.0,0.0,0.0));
#5257=DIRECTION('',(0.0,0.0,1.0));
#5258=AXIS2_PLACEMENT_3D('',#5255,#5256,#5257);
#5259=PLANE('',#5258);
#5260=CARTESIAN_POINT('',(13.000000000000004,-9.499999999999998,1.0));
#5261=VERTEX_POINT('',#5260);
#5262=CARTESIAN_POINT('',(13.000000000000004,-9.500000000000000,0.0));
#5263=DIRECTION('',(0.0,0.0,1.0));
#5264=VECTOR('',#5263,1.0);
#5265=LINE('',#5262,#5264);
#5266=EDGE_CURVE('',#4008,#5261,#5265,.T.);
#5267=ORIENTED_EDGE('',*,*,#5266,.F.);
#5268=ORIENTED_EDGE('',*,*,#4013,.F.);
#5269=ORIENTED_EDGE('',*,*,#5250,.F.);
#5270=CARTESIAN_POINT('',(13.0,-9.499999999999996,1.0));
#5271=DIRECTION('',(0.0,1.0,0.0));
#5272=VECTOR('',#5271,0.499999999999996);
#5273=LINE('',#5270,#5272);
#5274=EDGE_CURVE('',#5261,#5239,#5273,.T.);
#5275=ORIENTED_EDGE('',*,*,#5274,.F.);
#5276=EDGE_LOOP('',(#5267,#5268,#5269,#5275));
#5277=FACE_OUTER_BOUND('',#5276,.T.);
#5278=ADVANCED_FACE('',(#5277),#5259,.F.);
#5279=CARTESIAN_POINT('',(15.0,11.750000000000004,1.0));
#5280=DIRECTION('',(0.0,0.0,1.0));
#5281=DIRECTION('',(1.0,0.0,0.0));
#5282=AXIS2_PLACEMENT_3D('',#5279,#5280,#5281);
#5283=PLANE('',#5282);
#5284=CARTESIAN_POINT('',(-15.499999999999998,-9.0,1.0));
#5285=VERTEX_POINT('',#5284);
#5286=CARTESIAN_POINT('',(-13.800000000000004,-9.000000000000002,1.0));
#5287=VERTEX_POINT('',#5286);
#5288=CARTESIAN_POINT('',(-15.500000000000000,-9.0,1.0));
#5289=DIRECTION('',(1.0,0.0,0.0));
#5290=VECTOR('',#5289,1.699999999999996);
#5291=LINE('',#5288,#5290);
#5292=EDGE_CURVE('',#5285,#5287,#5291,.T.);
#5293=ORIENTED_EDGE('',*,*,#5292,.T.);
#5294=CARTESIAN_POINT('',(-13.800000000000004,-9.000000000000002,1.0));
#5295=DIRECTION('',(0.0,-1.0,0.0));
#5296=VECTOR('',#5295,0.500000000000002);
#5297=LINE('',#5294,#5296);
#5298=EDGE_CURVE('',#5287,#5003,#5297,.T.);
#5299=ORIENTED_EDGE('',*,*,#5298,.T.);
#5300=ORIENTED_EDGE('',*,*,#5087,.F.);
#5301=CARTESIAN_POINT('',(-7.300000000000000,-9.000000000000004,1.0));
#5302=VERTEX_POINT('',#5301);
#5303=CARTESIAN_POINT('',(-7.300000000000000,-9.500000000000002,1.0));
#5304=DIRECTION('',(0.0,1.0,0.0));
#5305=VECTOR('',#5304,0.499999999999998);
#5306=LINE('',#5303,#5305);
#5307=EDGE_CURVE('',#5035,#5302,#5306,.T.);
#5308=ORIENTED_EDGE('',*,*,#5307,.T.);
#5309=CARTESIAN_POINT('',(-6.300000000000000,-9.000000000000004,1.0));
#5310=VERTEX_POINT('',#5309);
#5311=CARTESIAN_POINT('',(-7.300000000000001,-9.000000000000004,1.0));
#5312=DIRECTION('',(1.0,0.0,0.0));
#5313=VECTOR('',#5312,1.000000000000002);
#5314=LINE('',#5311,#5313);
#5315=EDGE_CURVE('',#5302,#5310,#5314,.T.);
#5316=ORIENTED_EDGE('',*,*,#5315,.T.);
#5317=CARTESIAN_POINT('',(-6.300000000000000,-9.500000000000002,1.0));
#5318=VERTEX_POINT('',#5317);
#5319=CARTESIAN_POINT('',(-6.299999999999999,-9.000000000000004,1.0));
#5320=DIRECTION('',(0.0,-1.0,0.0));
#5321=VECTOR('',#5320,0.499999999999998);
#5322=LINE('',#5319,#5321);
#5323=EDGE_CURVE('',#5310,#5318,#5322,.T.);
#5324=ORIENTED_EDGE('',*,*,#5323,.T.);
#5325=CARTESIAN_POINT('',(-3.800000000000003,-9.500000000000002,1.0));
#5326=VERTEX_POINT('',#5325);
#5327=CARTESIAN_POINT('',(-3.800000000000003,-9.500000000000002,1.0));
#5328=DIRECTION('',(-1.0,0.0,0.0));
#5329=VECTOR('',#5328,2.499999999999996);
#5330=LINE('',#5327,#5329);
#5331=EDGE_CURVE('',#5326,#5318,#5330,.T.);
#5332=ORIENTED_EDGE('',*,*,#5331,.F.);
#5333=CARTESIAN_POINT('',(-3.800000000000003,-9.000000000000002,1.0));
#5334=VERTEX_POINT('',#5333);
#5335=CARTESIAN_POINT('',(-3.800000000000003,-9.500000000000004,1.0));
#5336=DIRECTION('',(0.0,1.0,0.0));
#5337=VECTOR('',#5336,0.500000000000004);
#5338=LINE('',#5335,#5337);
#5339=EDGE_CURVE('',#5326,#5334,#5338,.T.);
#5340=ORIENTED_EDGE('',*,*,#5339,.T.);
#5341=CARTESIAN_POINT('',(-2.800000000000003,-9.000000000000002,1.0));
#5342=VERTEX_POINT('',#5341);
#5343=CARTESIAN_POINT('',(-3.800000000000002,-9.0,1.0));
#5344=DIRECTION('',(1.0,0.0,0.0));
#5345=VECTOR('',#5344,0.999999999999998);
#5346=LINE('',#5343,#5345);
#5347=EDGE_CURVE('',#5334,#5342,#5346,.T.);
#5348=ORIENTED_EDGE('',*,*,#5347,.T.);
#5349=CARTESIAN_POINT('',(-2.800000000000003,-9.000000000000002,1.0));
#5350=DIRECTION('',(0.0,-1.0,0.0));
#5351=VECTOR('',#5350,0.500000000000000);
#5352=LINE('',#5349,#5351);
#5353=EDGE_CURVE('',#5342,#4884,#5352,.T.);
#5354=ORIENTED_EDGE('',*,*,#5353,.T.);
#5355=ORIENTED_EDGE('',*,*,#4968,.F.);
#5356=CARTESIAN_POINT('',(10.0,-9.0,1.0));
#5357=VERTEX_POINT('',#5356);
#5358=CARTESIAN_POINT('',(10.0,-9.500000000000000,1.0));
#5359=DIRECTION('',(0.0,1.0,0.0));
#5360=VECTOR('',#5359,0.500000000000002);
#5361=LINE('',#5358,#5360);
#5362=EDGE_CURVE('',#4916,#5357,#5361,.T.);
#5363=ORIENTED_EDGE('',*,*,#5362,.T.);
#5364=CARTESIAN_POINT('',(11.0,-9.0,1.0));
#5365=VERTEX_POINT('',#5364);
#5366=CARTESIAN_POINT('',(10.0,-9.0,1.0));
#5367=DIRECTION('',(1.0,0.0,0.0));
#5368=VECTOR('',#5367,1.0);
#5369=LINE('',#5366,#5368);
#5370=EDGE_CURVE('',#5357,#5365,#5369,.T.);
#5371=ORIENTED_EDGE('',*,*,#5370,.T.);
#5372=CARTESIAN_POINT('',(11.0,-9.500000000000000,1.0));
#5373=VERTEX_POINT('',#5372);
#5374=CARTESIAN_POINT('',(11.0,-8.999999999999998,1.0));
#5375=DIRECTION('',(0.0,-1.0,0.0));
#5376=VECTOR('',#5375,0.500000000000002);
#5377=LINE('',#5374,#5376);
#5378=EDGE_CURVE('',#5365,#5373,#5377,.T.);
#5379=ORIENTED_EDGE('',*,*,#5378,.T.);
#5380=CARTESIAN_POINT('',(13.000000000000004,-9.499999999999998,1.0));
#5381=DIRECTION('',(-1.0,0.0,0.0));
#5382=VECTOR('',#5381,2.000000000000004);
#5383=LINE('',#5380,#5382);
#5384=EDGE_CURVE('',#5261,#5373,#5383,.T.);
#5385=ORIENTED_EDGE('',*,*,#5384,.F.);
#5386=ORIENTED_EDGE('',*,*,#5274,.T.);
#5387=ORIENTED_EDGE('',*,*,#5244,.T.);
#5388=ORIENTED_EDGE('',*,*,#5219,.T.);
#5389=ORIENTED_EDGE('',*,*,#4698,.F.);
#5390=CARTESIAN_POINT('',(16.0,9.500000000000004,1.0));
#5391=VERTEX_POINT('',#5390);
#5392=CARTESIAN_POINT('',(16.0,9.500000000000005,1.0));
#5393=DIRECTION('',(0.0,-1.0,0.0));
#5394=VECTOR('',#5393,19.000000000000007);
#5395=LINE('',#5392,#5394);
#5396=EDGE_CURVE('',#5391,#4684,#5395,.T.);
#5397=ORIENTED_EDGE('',*,*,#5396,.F.);
#5398=CARTESIAN_POINT('',(14.000000000000002,9.500000000000002,1.0));
#5399=VERTEX_POINT('',#5398);
#5400=CARTESIAN_POINT('',(16.0,9.500000000000002,1.0));
#5401=DIRECTION('',(-1.0,0.0,0.0));
#5402=VECTOR('',#5401,1.999999999999998);
#5403=LINE('',#5400,#5402);
#5404=EDGE_CURVE('',#5391,#5399,#5403,.T.);
#5405=ORIENTED_EDGE('',*,*,#5404,.T.);
#5406=CARTESIAN_POINT('',(14.000000000000002,9.000000000000002,1.0));
#5407=VERTEX_POINT('',#5406);
#5408=CARTESIAN_POINT('',(14.000000000000004,9.500000000000000,1.0));
#5409=DIRECTION('',(0.0,-1.0,0.0));
#5410=VECTOR('',#5409,0.500000000000000);
#5411=LINE('',#5408,#5410);
#5412=EDGE_CURVE('',#5399,#5407,#5411,.T.);
#5413=ORIENTED_EDGE('',*,*,#5412,.T.);
#5414=CARTESIAN_POINT('',(13.0,9.000000000000002,1.0));
#5415=VERTEX_POINT('',#5414);
#5416=CARTESIAN_POINT('',(14.000000000000002,9.0,1.0));
#5417=DIRECTION('',(-1.0,0.0,0.0));
#5418=VECTOR('',#5417,1.0);
#5419=LINE('',#5416,#5418);
#5420=EDGE_CURVE('',#5407,#5415,#5419,.T.);
#5421=ORIENTED_EDGE('',*,*,#5420,.T.);
#5422=CARTESIAN_POINT('',(13.0,9.500000000000002,1.0));
#5423=VERTEX_POINT('',#5422);
#5424=CARTESIAN_POINT('',(12.999999999999998,9.000000000000002,1.0));
#5425=DIRECTION('',(0.0,1.0,0.0));
#5426=VECTOR('',#5425,0.500000000000000);
#5427=LINE('',#5424,#5426);
#5428=EDGE_CURVE('',#5415,#5423,#5427,.T.);
#5429=ORIENTED_EDGE('',*,*,#5428,.T.);
#5430=CARTESIAN_POINT('',(11.0,9.500000000000000,1.0));
#5431=VERTEX_POINT('',#5430);
#5432=CARTESIAN_POINT('',(13.0,9.500000000000002,1.0));
#5433=DIRECTION('',(-1.0,0.0,0.0));
#5434=VECTOR('',#5433,2.0);
#5435=LINE('',#5432,#5434);
#5436=EDGE_CURVE('',#5423,#5431,#5435,.T.);
#5437=ORIENTED_EDGE('',*,*,#5436,.T.);
#5438=CARTESIAN_POINT('',(11.0,9.000000000000002,1.0));
#5439=VERTEX_POINT('',#5438);
#5440=CARTESIAN_POINT('',(11.0,9.500000000000000,1.0));
#5441=DIRECTION('',(0.0,-1.0,0.0));
#5442=VECTOR('',#5441,0.500000000000000);
#5443=LINE('',#5440,#5442);
#5444=EDGE_CURVE('',#5431,#5439,#5443,.T.);
#5445=ORIENTED_EDGE('',*,*,#5444,.T.);
#5446=CARTESIAN_POINT('',(10.0,9.000000000000002,1.0));
#5447=VERTEX_POINT('',#5446);
#5448=CARTESIAN_POINT('',(11.0,9.0,1.0));
#5449=DIRECTION('',(-1.0,0.0,0.0));
#5450=VECTOR('',#5449,1.0);
#5451=LINE('',#5448,#5450);
#5452=EDGE_CURVE('',#5439,#5447,#5451,.T.);
#5453=ORIENTED_EDGE('',*,*,#5452,.T.);
#5454=CARTESIAN_POINT('',(10.0,9.500000000000000,1.0));
#5455=VERTEX_POINT('',#5454);
#5456=CARTESIAN_POINT('',(10.0,9.000000000000002,1.0));
#5457=DIRECTION('',(0.0,1.0,0.0));
#5458=VECTOR('',#5457,0.499999999999998);
#5459=LINE('',#5456,#5458);
#5460=EDGE_CURVE('',#5447,#5455,#5459,.T.);
#5461=ORIENTED_EDGE('',*,*,#5460,.T.);
#5462=CARTESIAN_POINT('',(-2.800000000000003,9.500000000000002,1.0));
#5463=VERTEX_POINT('',#5462);
#5464=CARTESIAN_POINT('',(10.0,9.500000000000002,1.0));
#5465=DIRECTION('',(-1.0,0.0,0.0));
#5466=VECTOR('',#5465,12.800000000000002);
#5467=LINE('',#5464,#5466);
#5468=EDGE_CURVE('',#5455,#5463,#5467,.T.);
#5469=ORIENTED_EDGE('',*,*,#5468,.T.);
#5470=CARTESIAN_POINT('',(-2.800000000000002,9.000000000000002,1.0));
#5471=VERTEX_POINT('',#5470);
#5472=CARTESIAN_POINT('',(-2.800000000000003,9.500000000000000,1.0));
#5473=DIRECTION('',(0.0,-1.0,0.0));
#5474=VECTOR('',#5473,0.500000000000000);
#5475=LINE('',#5472,#5474);
#5476=EDGE_CURVE('',#5463,#5471,#5475,.T.);
#5477=ORIENTED_EDGE('',*,*,#5476,.T.);
#5478=CARTESIAN_POINT('',(-3.800000000000003,9.000000000000002,1.0));
#5479=VERTEX_POINT('',#5478);
#5480=CARTESIAN_POINT('',(-2.800000000000003,9.0,1.0));
#5481=DIRECTION('',(-1.0,0.0,0.0));
#5482=VECTOR('',#5481,1.0);
#5483=LINE('',#5480,#5482);
#5484=EDGE_CURVE('',#5471,#5479,#5483,.T.);
#5485=ORIENTED_EDGE('',*,*,#5484,.T.);
#5486=CARTESIAN_POINT('',(-3.800000000000003,9.500000000000002,1.0));
#5487=VERTEX_POINT('',#5486);
#5488=CARTESIAN_POINT('',(-3.800000000000003,9.000000000000002,1.0));
#5489=DIRECTION('',(0.0,1.0,0.0));
#5490=VECTOR('',#5489,0.500000000000000);
#5491=LINE('',#5488,#5490);
#5492=EDGE_CURVE('',#5479,#5487,#5491,.T.);
#5493=ORIENTED_EDGE('',*,*,#5492,.T.);
#5494=CARTESIAN_POINT('',(-6.300000000000003,9.500000000000000,1.0));
#5495=VERTEX_POINT('',#5494);
#5496=CARTESIAN_POINT('',(-3.800000000000003,9.500000000000002,1.0));
#5497=DIRECTION('',(-1.0,0.0,0.0));
#5498=VECTOR('',#5497,2.500000000000000);
#5499=LINE('',#5496,#5498);
#5500=EDGE_CURVE('',#5487,#5495,#5499,.T.);
#5501=ORIENTED_EDGE('',*,*,#5500,.T.);
#5502=CARTESIAN_POINT('',(-6.300000000000003,9.000000000000002,1.0));
#5503=VERTEX_POINT('',#5502);
#5504=CARTESIAN_POINT('',(-6.300000000000003,9.499999999999998,1.0));
#5505=DIRECTION('',(0.0,-1.0,0.0));
#5506=VECTOR('',#5505,0.499999999999998);
#5507=LINE('',#5504,#5506);
#5508=EDGE_CURVE('',#5495,#5503,#5507,.T.);
#5509=ORIENTED_EDGE('',*,*,#5508,.T.);
#5510=CARTESIAN_POINT('',(-7.300000000000003,9.000000000000002,1.0));
#5511=VERTEX_POINT('',#5510);
#5512=CARTESIAN_POINT('',(-6.300000000000003,9.0,1.0));
#5513=DIRECTION('',(-1.0,0.0,0.0));
#5514=VECTOR('',#5513,1.0);
#5515=LINE('',#5512,#5514);
#5516=EDGE_CURVE('',#5503,#5511,#5515,.T.);
#5517=ORIENTED_EDGE('',*,*,#5516,.T.);
#5518=CARTESIAN_POINT('',(-7.300000000000003,9.500000000000000,1.0));
#5519=VERTEX_POINT('',#5518);
#5520=CARTESIAN_POINT('',(-7.300000000000003,9.000000000000002,1.0));
#5521=DIRECTION('',(0.0,1.0,0.0));
#5522=VECTOR('',#5521,0.499999999999998);
#5523=LINE('',#5520,#5522);
#5524=EDGE_CURVE('',#5511,#5519,#5523,.T.);
#5525=ORIENTED_EDGE('',*,*,#5524,.T.);
#5526=CARTESIAN_POINT('',(-13.800000000000004,9.500000000000002,1.0));
#5527=VERTEX_POINT('',#5526);
#5528=CARTESIAN_POINT('',(-7.300000000000003,9.500000000000002,1.0));
#5529=DIRECTION('',(-1.0,0.0,0.0));
#5530=VECTOR('',#5529,6.500000000000000);
#5531=LINE('',#5528,#5530);
#5532=EDGE_CURVE('',#5519,#5527,#5531,.T.);
#5533=ORIENTED_EDGE('',*,*,#5532,.T.);
#5534=CARTESIAN_POINT('',(-13.800000000000004,9.000000000000002,1.0));
#5535=VERTEX_POINT('',#5534);
#5536=CARTESIAN_POINT('',(-13.800000000000004,9.500000000000000,1.0));
#5537=DIRECTION('',(0.0,-1.0,0.0));
#5538=VECTOR('',#5537,0.500000000000000);
#5539=LINE('',#5536,#5538);
#5540=EDGE_CURVE('',#5527,#5535,#5539,.T.);
#5541=ORIENTED_EDGE('',*,*,#5540,.T.);
#5542=CARTESIAN_POINT('',(-15.500000000000004,9.0,1.0));
#5543=VERTEX_POINT('',#5542);
#5544=CARTESIAN_POINT('',(-13.800000000000002,9.000000000000005,1.0));
#5545=DIRECTION('',(-1.0,0.0,0.0));
#5546=VECTOR('',#5545,1.699999999999999);
#5547=LINE('',#5544,#5546);
#5548=EDGE_CURVE('',#5535,#5543,#5547,.T.);
#5549=ORIENTED_EDGE('',*,*,#5548,.T.);
#5550=CARTESIAN_POINT('',(-15.500000000000004,7.249999999999997,1.0));
#5551=VERTEX_POINT('',#5550);
#5552=CARTESIAN_POINT('',(-15.500000000000004,9.0,1.0));
#5553=DIRECTION('',(0.0,-1.0,0.0));
#5554=VECTOR('',#5553,1.750000000000002);
#5555=LINE('',#5552,#5554);
#5556=EDGE_CURVE('',#5543,#5551,#5555,.T.);
#5557=ORIENTED_EDGE('',*,*,#5556,.T.);
#5558=CARTESIAN_POINT('',(-16.0,7.249999999999997,1.0));
#5559=VERTEX_POINT('',#5558);
#5560=CARTESIAN_POINT('',(-15.500000000000002,7.249999999999996,1.0));
#5561=DIRECTION('',(-1.0,0.0,0.0));
#5562=VECTOR('',#5561,0.499999999999998);
#5563=LINE('',#5560,#5562);
#5564=EDGE_CURVE('',#5551,#5559,#5563,.T.);
#5565=ORIENTED_EDGE('',*,*,#5564,.T.);
#5566=CARTESIAN_POINT('',(-15.999999999999998,-7.250000000000004,1.0));
#5567=VERTEX_POINT('',#5566);
#5568=CARTESIAN_POINT('',(-15.999999999999998,-7.250000000000004,1.0));
#5569=DIRECTION('',(0.0,1.0,0.0));
#5570=VECTOR('',#5569,14.500000000000002);
#5571=LINE('',#5568,#5570);
#5572=EDGE_CURVE('',#5567,#5559,#5571,.T.);
#5573=ORIENTED_EDGE('',*,*,#5572,.F.);
#5574=CARTESIAN_POINT('',(-15.499999999999998,-7.250000000000004,1.0));
#5575=VERTEX_POINT('',#5574);
#5576=CARTESIAN_POINT('',(-15.999999999999998,-7.250000000000004,1.0));
#5577=DIRECTION('',(1.0,0.0,0.0));
#5578=VECTOR('',#5577,0.500000000000000);
#5579=LINE('',#5576,#5578);
#5580=EDGE_CURVE('',#5567,#5575,#5579,.T.);
#5581=ORIENTED_EDGE('',*,*,#5580,.T.);
#5582=CARTESIAN_POINT('',(-15.499999999999998,-7.250000000000004,1.0));
#5583=DIRECTION('',(0.0,-1.0,0.0));
#5584=VECTOR('',#5583,1.749999999999995);
#5585=LINE('',#5582,#5584);
#5586=EDGE_CURVE('',#5575,#5285,#5585,.T.);
#5587=ORIENTED_EDGE('',*,*,#5586,.T.);
#5588=EDGE_LOOP('',(#5293,#5299,#5300,#5308,#5316,#5324,#5332,#5340,#5348,#5354,#5355,#5363,#5371,#5379,#5385,#5386,#5387,#5388,#5389,#5397,#5405,#5413,#5421,#5429,#5437,#5445,#5453,#5461,#5469,#5477,#5485,#5493,#5501,#5509,#5517,#5525,#5533,#5541,#5549,#5557,#5565,#5573,#5581,#5587));
#5589=FACE_OUTER_BOUND('',#5588,.T.);
#5590=CARTESIAN_POINT('',(2.500000000000000,3.061617E-016,1.0));
#5591=VERTEX_POINT('',#5590);
#5592=CARTESIAN_POINT('',(0.0,0.0,1.0));
#5593=DIRECTION('',(0.0,0.0,-1.0));
#5594=DIRECTION('',(-1.0,0.0,0.0));
#5595=AXIS2_PLACEMENT_3D('',#5592,#5593,#5594);
#5596=CIRCLE('',#5595,2.500000000000000);
#5597=EDGE_CURVE('',#5591,#5591,#5596,.T.);
#5598=ORIENTED_EDGE('',*,*,#5597,.T.);
#5599=EDGE_LOOP('',(#5598));
#5600=FACE_BOUND('',#5599,.T.);
#5601=CARTESIAN_POINT('',(-7.300000000000003,-8.0,1.0));
#5602=VERTEX_POINT('',#5601);
#5603=CARTESIAN_POINT('',(-7.300000000000003,-6.600000000000001,1.0));
#5604=VERTEX_POINT('',#5603);
#5605=CARTESIAN_POINT('',(-7.300000000000003,-8.0,1.0));
#5606=DIRECTION('',(0.0,1.0,0.0));
#5607=VECTOR('',#5606,1.400000000000000);
#5608=LINE('',#5605,#5607);
#5609=EDGE_CURVE('',#5602,#5604,#5608,.T.);
#5610=ORIENTED_EDGE('',*,*,#5609,.T.);
#5611=CARTESIAN_POINT('',(-2.800000000000002,-6.600000000000001,1.0));
#5612=VERTEX_POINT('',#5611);
#5613=CARTESIAN_POINT('',(-7.300000000000003,-6.600000000000001,1.0));
#5614=DIRECTION('',(1.0,0.0,0.0));
#5615=VECTOR('',#5614,4.500000000000002);
#5616=LINE('',#5613,#5615);
#5617=EDGE_CURVE('',#5604,#5612,#5616,.T.);
#5618=ORIENTED_EDGE('',*,*,#5617,.T.);
#5619=CARTESIAN_POINT('',(-2.800000000000002,-8.0,1.0));
#5620=VERTEX_POINT('',#5619);
#5621=CARTESIAN_POINT('',(-2.800000000000003,-6.600000000000001,1.0));
#5622=DIRECTION('',(0.0,-1.0,0.0));
#5623=VECTOR('',#5622,1.399999999999999);
#5624=LINE('',#5621,#5623);
#5625=EDGE_CURVE('',#5612,#5620,#5624,.T.);
#5626=ORIENTED_EDGE('',*,*,#5625,.T.);
#5627=CARTESIAN_POINT('',(-2.800000000000003,-8.0,1.0));
#5628=DIRECTION('',(-1.0,0.0,0.0));
#5629=VECTOR('',#5628,4.499999999999998);
#5630=LINE('',#5627,#5629);
#5631=EDGE_CURVE('',#5620,#5602,#5630,.T.);
#5632=ORIENTED_EDGE('',*,*,#5631,.T.);
#5633=EDGE_LOOP('',(#5610,#5618,#5626,#5632));
#5634=FACE_BOUND('',#5633,.T.);
#5635=CARTESIAN_POINT('',(-2.800000000000002,8.0,1.0));
#5636=VERTEX_POINT('',#5635);
#5637=CARTESIAN_POINT('',(-2.800000000000002,6.600000000000001,1.0));
#5638=VERTEX_POINT('',#5637);
#5639=CARTESIAN_POINT('',(-2.800000000000003,8.0,1.0));
#5640=DIRECTION('',(0.0,-1.0,0.0));
#5641=VECTOR('',#5640,1.400000000000000);
#5642=LINE('',#5639,#5641);
#5643=EDGE_CURVE('',#5636,#5638,#5642,.T.);
#5644=ORIENTED_EDGE('',*,*,#5643,.T.);
#5645=CARTESIAN_POINT('',(-7.300000000000003,6.600000000000001,1.0));
#5646=VERTEX_POINT('',#5645);
#5647=CARTESIAN_POINT('',(-2.800000000000003,6.600000000000001,1.0));
#5648=DIRECTION('',(-1.0,0.0,0.0));
#5649=VECTOR('',#5648,4.499999999999998);
#5650=LINE('',#5647,#5649);
#5651=EDGE_CURVE('',#5638,#5646,#5650,.T.);
#5652=ORIENTED_EDGE('',*,*,#5651,.T.);
#5653=CARTESIAN_POINT('',(-7.300000000000003,8.0,1.0));
#5654=VERTEX_POINT('',#5653);
#5655=CARTESIAN_POINT('',(-7.300000000000003,6.600000000000001,1.0));
#5656=DIRECTION('',(0.0,1.0,0.0));
#5657=VECTOR('',#5656,1.400000000000000);
#5658=LINE('',#5655,#5657);
#5659=EDGE_CURVE('',#5646,#5654,#5658,.T.);
#5660=ORIENTED_EDGE('',*,*,#5659,.T.);
#5661=CARTESIAN_POINT('',(-7.300000000000003,8.0,1.0));
#5662=DIRECTION('',(1.0,0.0,0.0));
#5663=VECTOR('',#5662,4.500000000000002);
#5664=LINE('',#5661,#5663);
#5665=EDGE_CURVE('',#5654,#5636,#5664,.T.);
#5666=ORIENTED_EDGE('',*,*,#5665,.T.);
#5667=EDGE_LOOP('',(#5644,#5652,#5660,#5666));
#5668=FACE_BOUND('',#5667,.T.);
#5669=CARTESIAN_POINT('',(10.0,-8.0,1.0));
#5670=VERTEX_POINT('',#5669);
#5671=CARTESIAN_POINT('',(10.0,-6.600000000000002,1.0));
#5672=VERTEX_POINT('',#5671);
#5673=CARTESIAN_POINT('',(10.0,-8.0,1.0));
#5674=DIRECTION('',(0.0,1.0,0.0));
#5675=VECTOR('',#5674,1.399999999999998);
#5676=LINE('',#5673,#5675);
#5677=EDGE_CURVE('',#5670,#5672,#5676,.T.);
#5678=ORIENTED_EDGE('',*,*,#5677,.T.);
#5679=CARTESIAN_POINT('',(14.500000000000002,-6.600000000000002,1.0));
#5680=VERTEX_POINT('',#5679);
#5681=CARTESIAN_POINT('',(10.0,-6.600000000000001,1.0));
#5682=DIRECTION('',(1.0,0.0,0.0));
#5683=VECTOR('',#5682,4.500000000000002);
#5684=LINE('',#5681,#5683);
#5685=EDGE_CURVE('',#5672,#5680,#5684,.T.);
#5686=ORIENTED_EDGE('',*,*,#5685,.T.);
#5687=CARTESIAN_POINT('',(14.500000000000000,-8.0,1.0));
#5688=VERTEX_POINT('',#5687);
#5689=CARTESIAN_POINT('',(14.500000000000004,-6.600000000000001,1.0));
#5690=DIRECTION('',(0.0,-1.0,0.0));
#5691=VECTOR('',#5690,1.399999999999999);
#5692=LINE('',#5689,#5691);
#5693=EDGE_CURVE('',#5680,#5688,#5692,.T.);
#5694=ORIENTED_EDGE('',*,*,#5693,.T.);
#5695=CARTESIAN_POINT('',(14.499999999999998,-8.0,1.0));
#5696=DIRECTION('',(-1.0,0.0,0.0));
#5697=VECTOR('',#5696,4.499999999999998);
#5698=LINE('',#5695,#5697);
#5699=EDGE_CURVE('',#5688,#5670,#5698,.T.);
#5700=ORIENTED_EDGE('',*,*,#5699,.T.);
#5701=EDGE_LOOP('',(#5678,#5686,#5694,#5700));
#5702=FACE_BOUND('',#5701,.T.);
#5703=CARTESIAN_POINT('',(14.500000000000000,8.0,1.0));
#5704=VERTEX_POINT('',#5703);
#5705=CARTESIAN_POINT('',(14.500000000000002,6.600000000000002,1.0));
#5706=VERTEX_POINT('',#5705);
#5707=CARTESIAN_POINT('',(14.500000000000000,8.0,1.0));
#5708=DIRECTION('',(0.0,-1.0,0.0));
#5709=VECTOR('',#5708,1.399999999999997);
#5710=LINE('',#5707,#5709);
#5711=EDGE_CURVE('',#5704,#5706,#5710,.T.);
#5712=ORIENTED_EDGE('',*,*,#5711,.T.);
#5713=CARTESIAN_POINT('',(10.0,6.600000000000002,1.0));
#5714=VERTEX_POINT('',#5713);
#5715=CARTESIAN_POINT('',(14.500000000000000,6.600000000000001,1.0));
#5716=DIRECTION('',(-1.0,0.0,0.0));
#5717=VECTOR('',#5716,4.500000000000000);
#5718=LINE('',#5715,#5717);
#5719=EDGE_CURVE('',#5706,#5714,#5718,.T.);
#5720=ORIENTED_EDGE('',*,*,#5719,.T.);
#5721=CARTESIAN_POINT('',(10.0,8.0,1.0));
#5722=VERTEX_POINT('',#5721);
#5723=CARTESIAN_POINT('',(10.0,6.600000000000003,1.0));
#5724=DIRECTION('',(0.0,1.0,0.0));
#5725=VECTOR('',#5724,1.399999999999997);
#5726=LINE('',#5723,#5725);
#5727=EDGE_CURVE('',#5714,#5722,#5726,.T.);
#5728=ORIENTED_EDGE('',*,*,#5727,.T.);
#5729=CARTESIAN_POINT('',(10.0,8.0,1.0));
#5730=DIRECTION('',(1.0,0.0,0.0));
#5731=VECTOR('',#5730,4.500000000000000);
#5732=LINE('',#5729,#5731);
#5733=EDGE_CURVE('',#5722,#5704,#5732,.T.);
#5734=ORIENTED_EDGE('',*,*,#5733,.T.);
#5735=EDGE_LOOP('',(#5712,#5720,#5728,#5734));
#5736=FACE_BOUND('',#5735,.T.);
#5737=ADVANCED_FACE('',(#5589,#5600,#5634,#5668,#5702,#5736),#5283,.T.);
#5738=CARTESIAN_POINT('',(-2.800000000000003,-12.010619298297469,1.0));
#5739=DIRECTION('',(1.0,0.0,0.0));
#5740=DIRECTION('',(0.0,0.0,-1.0));
#5741=AXIS2_PLACEMENT_3D('',#5738,#5739,#5740);
#5742=PLANE('',#5741);
#5743=ORIENTED_EDGE('',*,*,#4896,.F.);
#5744=ORIENTED_EDGE('',*,*,#5353,.F.);
#5745=CARTESIAN_POINT('',(-2.800000000000003,-9.000000000000002,1.0));
#5746=DIRECTION('',(0.0,0.0,-1.0));
#5747=VECTOR('',#5746,1.0);
#5748=LINE('',#5745,#5747);
#5749=EDGE_CURVE('',#5342,#4056,#5748,.T.);
#5750=ORIENTED_EDGE('',*,*,#5749,.T.);
#5751=ORIENTED_EDGE('',*,*,#4061,.F.);
#5752=EDGE_LOOP('',(#5743,#5744,#5750,#5751));
#5753=FACE_OUTER_BOUND('',#5752,.T.);
#5754=ADVANCED_FACE('',(#5753),#5742,.F.);
#5755=CARTESIAN_POINT('',(-2.800000000000003,-9.000000000000002,1.0));
#5756=DIRECTION('',(0.0,1.0,0.0));
#5757=DIRECTION('',(0.0,0.0,1.0));
#5758=AXIS2_PLACEMENT_3D('',#5755,#5756,#5757);
#5759=PLANE('',#5758);
#5760=ORIENTED_EDGE('',*,*,#4069,.F.);
#5761=ORIENTED_EDGE('',*,*,#5749,.F.);
#5762=ORIENTED_EDGE('',*,*,#5347,.F.);
#5763=CARTESIAN_POINT('',(-3.800000000000003,-9.000000000000002,1.0));
#5764=DIRECTION('',(0.0,0.0,-1.0));
#5765=VECTOR('',#5764,1.0);
#5766=LINE('',#5763,#5765);
#5767=EDGE_CURVE('',#5334,#4064,#5766,.T.);
#5768=ORIENTED_EDGE('',*,*,#5767,.T.);
#5769=EDGE_LOOP('',(#5760,#5761,#5762,#5768));
#5770=FACE_OUTER_BOUND('',#5769,.T.);
#5771=ADVANCED_FACE('',(#5770),#5759,.F.);
#5772=CARTESIAN_POINT('',(-3.800000000000003,-9.000000000000002,1.0));
#5773=DIRECTION('',(-1.0,0.0,0.0));
#5774=DIRECTION('',(0.0,0.0,1.0));
#5775=AXIS2_PLACEMENT_3D('',#5772,#5773,#5774);
#5776=PLANE('',#5775);
#5777=CARTESIAN_POINT('',(-3.800000000000003,-9.500000000000002,0.0));
#5778=DIRECTION('',(0.0,0.0,1.0));
#5779=VECTOR('',#5778,1.0);
#5780=LINE('',#5777,#5779);
#5781=EDGE_CURVE('',#4072,#5326,#5780,.T.);
#5782=ORIENTED_EDGE('',*,*,#5781,.F.);
#5783=ORIENTED_EDGE('',*,*,#4077,.F.);
#5784=ORIENTED_EDGE('',*,*,#5767,.F.);
#5785=ORIENTED_EDGE('',*,*,#5339,.F.);
#5786=EDGE_LOOP('',(#5782,#5783,#5784,#5785));
#5787=FACE_OUTER_BOUND('',#5786,.T.);
#5788=ADVANCED_FACE('',(#5787),#5776,.F.);
#5789=CARTESIAN_POINT('',(10.0,-9.0,1.0));
#5790=DIRECTION('',(-1.0,0.0,0.0));
#5791=DIRECTION('',(0.0,0.0,1.0));
#5792=AXIS2_PLACEMENT_3D('',#5789,#5790,#5791);
#5793=PLANE('',#5792);
#5794=ORIENTED_EDGE('',*,*,#4921,.F.);
#5795=ORIENTED_EDGE('',*,*,#4045,.F.);
#5796=CARTESIAN_POINT('',(10.0,-9.0,1.0));
#5797=DIRECTION('',(0.0,0.0,-1.0));
#5798=VECTOR('',#5797,1.0);
#5799=LINE('',#5796,#5798);
#5800=EDGE_CURVE('',#5357,#4032,#5799,.T.);
#5801=ORIENTED_EDGE('',*,*,#5800,.F.);
#5802=ORIENTED_EDGE('',*,*,#5362,.F.);
#5803=EDGE_LOOP('',(#5794,#5795,#5801,#5802));
#5804=FACE_OUTER_BOUND('',#5803,.T.);
#5805=ADVANCED_FACE('',(#5804),#5793,.F.);
#5806=CARTESIAN_POINT('',(11.0,-12.010619298297467,1.0));
#5807=DIRECTION('',(1.0,0.0,0.0));
#5808=DIRECTION('',(0.0,0.0,-1.0));
#5809=AXIS2_PLACEMENT_3D('',#5806,#5807,#5808);
#5810=PLANE('',#5809);
#5811=CARTESIAN_POINT('',(11.0,-9.500000000000000,1.0));
#5812=DIRECTION('',(0.0,0.0,-1.0));
#5813=VECTOR('',#5812,1.0);
#5814=LINE('',#5811,#5813);
#5815=EDGE_CURVE('',#5373,#4016,#5814,.T.);
#5816=ORIENTED_EDGE('',*,*,#5815,.F.);
#5817=ORIENTED_EDGE('',*,*,#5378,.F.);
#5818=CARTESIAN_POINT('',(11.0,-9.0,1.0));
#5819=DIRECTION('',(0.0,0.0,-1.0));
#5820=VECTOR('',#5819,1.0);
#5821=LINE('',#5818,#5820);
#5822=EDGE_CURVE('',#5365,#4024,#5821,.T.);
#5823=ORIENTED_EDGE('',*,*,#5822,.T.);
#5824=ORIENTED_EDGE('',*,*,#4029,.F.);
#5825=EDGE_LOOP('',(#5816,#5817,#5823,#5824));
#5826=FACE_OUTER_BOUND('',#5825,.T.);
#5827=ADVANCED_FACE('',(#5826),#5810,.F.);
#5828=CARTESIAN_POINT('',(11.0,-9.0,1.0));
#5829=DIRECTION('',(0.0,1.0,0.0));
#5830=DIRECTION('',(0.0,0.0,1.0));
#5831=AXIS2_PLACEMENT_3D('',#5828,#5829,#5830);
#5832=PLANE('',#5831);
#5833=ORIENTED_EDGE('',*,*,#4037,.F.);
#5834=ORIENTED_EDGE('',*,*,#5822,.F.);
#5835=ORIENTED_EDGE('',*,*,#5370,.F.);
#5836=ORIENTED_EDGE('',*,*,#5800,.T.);
#5837=EDGE_LOOP('',(#5833,#5834,#5835,#5836));
#5838=FACE_OUTER_BOUND('',#5837,.T.);
#5839=ADVANCED_FACE('',(#5838),#5832,.F.);
#5840=CARTESIAN_POINT('',(-7.300000000000000,-9.500000000000004,0.0));
#5841=DIRECTION('',(0.0,-1.0,0.0));
#5842=DIRECTION('',(0.0,0.0,-1.0));
#5843=AXIS2_PLACEMENT_3D('',#5840,#5841,#5842);
#5844=PLANE('',#5843);
#5845=ORIENTED_EDGE('',*,*,#5266,.T.);
#5846=ORIENTED_EDGE('',*,*,#5384,.T.);
#5847=ORIENTED_EDGE('',*,*,#5815,.T.);
#5848=ORIENTED_EDGE('',*,*,#4021,.T.);
#5849=EDGE_LOOP('',(#5845,#5846,#5847,#5848));
#5850=FACE_OUTER_BOUND('',#5849,.T.);
#5851=ADVANCED_FACE('',(#5850),#5844,.T.);
#5852=CARTESIAN_POINT('',(-7.300000000000000,-9.500000000000004,0.0));
#5853=DIRECTION('',(0.0,-1.0,0.0));
#5854=DIRECTION('',(0.0,0.0,-1.0));
#5855=AXIS2_PLACEMENT_3D('',#5852,#5853,#5854);
#5856=PLANE('',#5855);
#5857=ORIENTED_EDGE('',*,*,#5781,.T.);
#5858=ORIENTED_EDGE('',*,*,#5331,.T.);
#5859=CARTESIAN_POINT('',(-6.300000000000001,-9.500000000000004,1.0));
#5860=DIRECTION('',(0.0,0.0,-1.0));
#5861=VECTOR('',#5860,1.0);
#5862=LINE('',#5859,#5861);
#5863=EDGE_CURVE('',#5318,#4080,#5862,.T.);
#5864=ORIENTED_EDGE('',*,*,#5863,.T.);
#5865=ORIENTED_EDGE('',*,*,#4085,.T.);
#5866=EDGE_LOOP('',(#5857,#5858,#5864,#5865));
#5867=FACE_OUTER_BOUND('',#5866,.T.);
#5868=ADVANCED_FACE('',(#5867),#5856,.T.);
#5869=CARTESIAN_POINT('',(-13.800000000000004,-12.010619298297469,1.0));
#5870=DIRECTION('',(1.0,0.0,0.0));
#5871=DIRECTION('',(0.0,0.0,-1.0));
#5872=AXIS2_PLACEMENT_3D('',#5869,#5870,#5871);
#5873=PLANE('',#5872);
#5874=ORIENTED_EDGE('',*,*,#5015,.F.);
#5875=ORIENTED_EDGE('',*,*,#5298,.F.);
#5876=CARTESIAN_POINT('',(-13.800000000000004,-9.000000000000002,1.0));
#5877=DIRECTION('',(0.0,0.0,-1.0));
#5878=VECTOR('',#5877,1.0);
#5879=LINE('',#5876,#5878);
#5880=EDGE_CURVE('',#5287,#3774,#5879,.T.);
#5881=ORIENTED_EDGE('',*,*,#5880,.T.);
#5882=ORIENTED_EDGE('',*,*,#4123,.F.);
#5883=EDGE_LOOP('',(#5874,#5875,#5881,#5882));
#5884=FACE_OUTER_BOUND('',#5883,.T.);
#5885=ADVANCED_FACE('',(#5884),#5873,.F.);
#5886=CARTESIAN_POINT('',(-13.800000000000004,-9.000000000000002,1.0));
#5887=DIRECTION('',(0.0,1.0,0.0));
#5888=DIRECTION('',(0.0,0.0,1.0));
#5889=AXIS2_PLACEMENT_3D('',#5886,#5887,#5888);
#5890=PLANE('',#5889);
#5891=ORIENTED_EDGE('',*,*,#3781,.F.);
#5892=ORIENTED_EDGE('',*,*,#5880,.F.);
#5893=ORIENTED_EDGE('',*,*,#5292,.F.);
#5894=CARTESIAN_POINT('',(-15.499999999999998,-9.0,1.0));
#5895=DIRECTION('',(0.0,0.0,-1.0));
#5896=VECTOR('',#5895,1.0);
#5897=LINE('',#5894,#5896);
#5898=EDGE_CURVE('',#5285,#3776,#5897,.T.);
#5899=ORIENTED_EDGE('',*,*,#5898,.T.);
#5900=EDGE_LOOP('',(#5891,#5892,#5893,#5899));
#5901=FACE_OUTER_BOUND('',#5900,.T.);
#5902=ADVANCED_FACE('',(#5901),#5890,.F.);
#5903=CARTESIAN_POINT('',(-7.300000000000000,-9.000000000000004,1.0));
#5904=DIRECTION('',(-1.0,0.0,0.0));
#5905=DIRECTION('',(0.0,0.0,1.0));
#5906=AXIS2_PLACEMENT_3D('',#5903,#5904,#5905);
#5907=PLANE('',#5906);
#5908=ORIENTED_EDGE('',*,*,#5040,.F.);
#5909=ORIENTED_EDGE('',*,*,#4109,.F.);
#5910=CARTESIAN_POINT('',(-7.300000000000000,-9.000000000000004,1.0));
#5911=DIRECTION('',(0.0,0.0,-1.0));
#5912=VECTOR('',#5911,1.0);
#5913=LINE('',#5910,#5912);
#5914=EDGE_CURVE('',#5302,#4096,#5913,.T.);
#5915=ORIENTED_EDGE('',*,*,#5914,.F.);
#5916=ORIENTED_EDGE('',*,*,#5307,.F.);
#5917=EDGE_LOOP('',(#5908,#5909,#5915,#5916));
#5918=FACE_OUTER_BOUND('',#5917,.T.);
#5919=ADVANCED_FACE('',(#5918),#5907,.F.);
#5920=CARTESIAN_POINT('',(-6.300000000000001,-12.010619298297470,1.0));
#5921=DIRECTION('',(1.0,0.0,0.0));
#5922=DIRECTION('',(0.0,0.0,-1.0));
#5923=AXIS2_PLACEMENT_3D('',#5920,#5921,#5922);
#5924=PLANE('',#5923);
#5925=ORIENTED_EDGE('',*,*,#5863,.F.);
#5926=ORIENTED_EDGE('',*,*,#5323,.F.);
#5927=CARTESIAN_POINT('',(-6.300000000000000,-9.000000000000004,1.0));
#5928=DIRECTION('',(0.0,0.0,-1.0));
#5929=VECTOR('',#5928,1.0);
#5930=LINE('',#5927,#5929);
#5931=EDGE_CURVE('',#5310,#4088,#5930,.T.);
#5932=ORIENTED_EDGE('',*,*,#5931,.T.);
#5933=ORIENTED_EDGE('',*,*,#4093,.F.);
#5934=EDGE_LOOP('',(#5925,#5926,#5932,#5933));
#5935=FACE_OUTER_BOUND('',#5934,.T.);
#5936=ADVANCED_FACE('',(#5935),#5924,.F.);
#5937=CARTESIAN_POINT('',(-6.300000000000000,-9.000000000000004,1.0));
#5938=DIRECTION('',(0.0,1.0,0.0));
#5939=DIRECTION('',(0.0,0.0,1.0));
#5940=AXIS2_PLACEMENT_3D('',#5937,#5938,#5939);
#5941=PLANE('',#5940);
#5942=ORIENTED_EDGE('',*,*,#4101,.F.);
#5943=ORIENTED_EDGE('',*,*,#5931,.F.);
#5944=ORIENTED_EDGE('',*,*,#5315,.F.);
#5945=ORIENTED_EDGE('',*,*,#5914,.T.);
#5946=EDGE_LOOP('',(#5942,#5943,#5944,#5945));
#5947=FACE_OUTER_BOUND('',#5946,.T.);
#5948=ADVANCED_FACE('',(#5947),#5941,.F.);
#5949=CARTESIAN_POINT('',(16.0,14.000000000000002,0.0));
#5950=DIRECTION('',(1.0,0.0,0.0));
#5951=DIRECTION('',(0.0,0.0,-1.0));
#5952=AXIS2_PLACEMENT_3D('',#5949,#5950,#5951);
#5953=PLANE('',#5952);
#5954=ORIENTED_EDGE('',*,*,#4558,.T.);
#5955=CARTESIAN_POINT('',(16.0,9.500000000000000,0.987003768202257));
#5956=DIRECTION('',(0.0,0.0,1.0));
#5957=VECTOR('',#5956,0.012996231797743);
#5958=LINE('',#5955,#5957);
#5959=EDGE_CURVE('',#4543,#5391,#5958,.T.);
#5960=ORIENTED_EDGE('',*,*,#5959,.T.);
#5961=ORIENTED_EDGE('',*,*,#5396,.T.);
#5962=ORIENTED_EDGE('',*,*,#4754,.T.);
#5963=EDGE_LOOP('',(#5954,#5960,#5961,#5962));
#5964=FACE_OUTER_BOUND('',#5963,.T.);
#5965=ADVANCED_FACE('',(#5964),#5953,.T.);
#5966=CARTESIAN_POINT('',(-19.750000000000011,7.249999999999997,2.000000000000005));
#5967=DIRECTION('',(0.0,-1.0,0.0));
#5968=DIRECTION('',(0.0,0.0,-1.0));
#5969=AXIS2_PLACEMENT_3D('',#5966,#5967,#5968);
#5970=PLANE('',#5969);
#5971=CARTESIAN_POINT('',(-18.000000000000004,7.249999999999996,2.000000000000002));
#5972=VERTEX_POINT('',#5971);
#5973=CARTESIAN_POINT('',(-16.000000000000004,7.249999999999998,2.0));
#5974=DIRECTION('',(0.0,-1.0,0.0));
#5975=DIRECTION('',(0.0,0.0,-1.0));
#5976=AXIS2_PLACEMENT_3D('',#5973,#5974,#5975);
#5977=CIRCLE('',#5976,2.0);
#5978=EDGE_CURVE('',#5972,#3800,#5977,.T.);
#5979=ORIENTED_EDGE('',*,*,#5978,.F.);
#5980=CARTESIAN_POINT('',(-17.000000000000004,7.249999999999996,2.000000000000002));
#5981=VERTEX_POINT('',#5980);
#5982=CARTESIAN_POINT('',(-17.000000000000004,7.249999999999996,2.000000000000000));
#5983=DIRECTION('',(-1.0,0.0,0.0));
#5984=VECTOR('',#5983,1.0);
#5985=LINE('',#5982,#5984);
#5986=EDGE_CURVE('',#5981,#5972,#5985,.T.);
#5987=ORIENTED_EDGE('',*,*,#5986,.F.);
#5988=CARTESIAN_POINT('',(-16.000000000000004,7.249999999999998,2.0));
#5989=DIRECTION('',(0.0,1.0,0.0));
#5990=DIRECTION('',(0.0,0.0,-1.0));
#5991=AXIS2_PLACEMENT_3D('',#5988,#5989,#5990);
#5992=CIRCLE('',#5991,1.0);
#5993=EDGE_CURVE('',#5559,#5981,#5992,.T.);
#5994=ORIENTED_EDGE('',*,*,#5993,.F.);
#5995=CARTESIAN_POINT('',(-16.000000000000004,7.249999999999997,1.0));
#5996=DIRECTION('',(0.0,0.0,-1.0));
#5997=VECTOR('',#5996,1.0);
#5998=LINE('',#5995,#5997);
#5999=EDGE_CURVE('',#5559,#3800,#5998,.T.);
#6000=ORIENTED_EDGE('',*,*,#5999,.T.);
#6001=EDGE_LOOP('',(#5979,#5987,#5994,#6000));
#6002=FACE_OUTER_BOUND('',#6001,.T.);
#6003=ADVANCED_FACE('',(#6002),#5970,.F.);
#6004=CARTESIAN_POINT('',(-16.0,-7.250000000000006,-1.750000000000000));
#6005=DIRECTION('',(0.0,1.0,0.0));
#6006=DIRECTION('',(0.0,0.0,1.0));
#6007=AXIS2_PLACEMENT_3D('',#6004,#6005,#6006);
#6008=PLANE('',#6007);
#6009=CARTESIAN_POINT('',(-18.0,-7.250000000000005,2.000000000000002));
#6010=VERTEX_POINT('',#6009);
#6011=CARTESIAN_POINT('',(-15.999999999999998,-7.250000000000006,2.0));
#6012=DIRECTION('',(0.0,1.0,0.0));
#6013=DIRECTION('',(0.0,0.0,-1.0));
#6014=AXIS2_PLACEMENT_3D('',#6011,#6012,#6013);
#6015=CIRCLE('',#6014,2.0);
#6016=EDGE_CURVE('',#3792,#6010,#6015,.T.);
#6017=ORIENTED_EDGE('',*,*,#6016,.F.);
#6018=CARTESIAN_POINT('',(-16.0,-7.250000000000004,0.0));
#6019=DIRECTION('',(0.0,0.0,1.0));
#6020=VECTOR('',#6019,1.0);
#6021=LINE('',#6018,#6020);
#6022=EDGE_CURVE('',#3792,#5567,#6021,.T.);
#6023=ORIENTED_EDGE('',*,*,#6022,.T.);
#6024=CARTESIAN_POINT('',(-17.0,-7.250000000000005,2.000000000000002));
#6025=VERTEX_POINT('',#6024);
#6026=CARTESIAN_POINT('',(-15.999999999999998,-7.250000000000006,2.0));
#6027=DIRECTION('',(0.0,-1.0,0.0));
#6028=DIRECTION('',(0.0,0.0,-1.0));
#6029=AXIS2_PLACEMENT_3D('',#6026,#6027,#6028);
#6030=CIRCLE('',#6029,1.0);
#6031=EDGE_CURVE('',#6025,#5567,#6030,.T.);
#6032=ORIENTED_EDGE('',*,*,#6031,.F.);
#6033=CARTESIAN_POINT('',(-18.0,-7.250000000000005,2.000000000000002));
#6034=DIRECTION('',(1.0,0.0,0.0));
#6035=VECTOR('',#6034,1.0);
#6036=LINE('',#6033,#6035);
#6037=EDGE_CURVE('',#6010,#6025,#6036,.T.);
#6038=ORIENTED_EDGE('',*,*,#6037,.F.);
#6039=EDGE_LOOP('',(#6017,#6023,#6032,#6038));
#6040=FACE_OUTER_BOUND('',#6039,.T.);
#6041=ADVANCED_FACE('',(#6040),#6008,.F.);
#6042=CARTESIAN_POINT('',(-16.0,0.0,2.0));
#6043=DIRECTION('',(-3.062684E-016,1.0,0.0));
#6044=DIRECTION('',(0.0,0.0,-1.0));
#6045=AXIS2_PLACEMENT_3D('',#6042,#6043,#6044);
#6046=CYLINDRICAL_SURFACE('',#6045,2.0);
#6047=ORIENTED_EDGE('',*,*,#6016,.T.);
#6048=CARTESIAN_POINT('',(-18.000000000000004,7.249999999999996,2.000000000000004));
#6049=DIRECTION('',(0.0,-1.0,0.0));
#6050=VECTOR('',#6049,14.500000000000004);
#6051=LINE('',#6048,#6050);
#6052=EDGE_CURVE('',#5972,#6010,#6051,.T.);
#6053=ORIENTED_EDGE('',*,*,#6052,.F.);
#6054=ORIENTED_EDGE('',*,*,#5978,.T.);
#6055=ORIENTED_EDGE('',*,*,#3805,.F.);
#6056=EDGE_LOOP('',(#6047,#6053,#6054,#6055));
#6057=FACE_OUTER_BOUND('',#6056,.T.);
#6058=ADVANCED_FACE('',(#6057),#6046,.T.);
#6059=CARTESIAN_POINT('',(-16.0,0.0,2.0));
#6060=DIRECTION('',(-3.062684E-016,1.0,0.0));
#6061=DIRECTION('',(0.0,0.0,-1.0));
#6062=AXIS2_PLACEMENT_3D('',#6059,#6060,#6061);
#6063=CYLINDRICAL_SURFACE('',#6062,1.0);
#6064=ORIENTED_EDGE('',*,*,#6031,.T.);
#6065=ORIENTED_EDGE('',*,*,#5572,.T.);
#6066=ORIENTED_EDGE('',*,*,#5993,.T.);
#6067=CARTESIAN_POINT('',(-17.000000000000004,-7.250000000000005,2.000000000000004));
#6068=DIRECTION('',(0.0,1.0,0.0));
#6069=VECTOR('',#6068,14.500000000000004);
#6070=LINE('',#6067,#6069);
#6071=EDGE_CURVE('',#6025,#5981,#6070,.T.);
#6072=ORIENTED_EDGE('',*,*,#6071,.F.);
#6073=EDGE_LOOP('',(#6064,#6065,#6066,#6072));
#6074=FACE_OUTER_BOUND('',#6073,.T.);
#6075=ADVANCED_FACE('',(#6074),#6063,.F.);
#6076=CARTESIAN_POINT('',(-18.761946710584656,7.249999999999997,1.0));
#6077=DIRECTION('',(0.0,-1.0,0.0));
#6078=DIRECTION('',(0.0,0.0,-1.0));
#6079=AXIS2_PLACEMENT_3D('',#6076,#6077,#6078);
#6080=PLANE('',#6079);
#6081=ORIENTED_EDGE('',*,*,#5999,.F.);
#6082=ORIENTED_EDGE('',*,*,#5564,.F.);
#6083=CARTESIAN_POINT('',(-15.500000000000004,7.249999999999997,1.0));
#6084=DIRECTION('',(0.0,0.0,-1.0));
#6085=VECTOR('',#6084,1.000000000000000);
#6086=LINE('',#6083,#6085);
#6087=EDGE_CURVE('',#5551,#3808,#6086,.T.);
#6088=ORIENTED_EDGE('',*,*,#6087,.T.);
#6089=ORIENTED_EDGE('',*,*,#3813,.F.);
#6090=EDGE_LOOP('',(#6081,#6082,#6088,#6089));
#6091=FACE_OUTER_BOUND('',#6090,.T.);
#6092=ADVANCED_FACE('',(#6091),#6080,.F.);
#6093=CARTESIAN_POINT('',(-15.500000000000004,7.249999999999997,1.0));
#6094=DIRECTION('',(1.0,0.0,0.0));
#6095=DIRECTION('',(0.0,0.0,-1.0));
#6096=AXIS2_PLACEMENT_3D('',#6093,#6094,#6095);
#6097=PLANE('',#6096);
#6098=ORIENTED_EDGE('',*,*,#3821,.F.);
#6099=ORIENTED_EDGE('',*,*,#6087,.F.);
#6100=ORIENTED_EDGE('',*,*,#5556,.F.);
#6101=CARTESIAN_POINT('',(-15.500000000000004,9.0,1.0));
#6102=DIRECTION('',(0.0,0.0,-1.0));
#6103=VECTOR('',#6102,1.0);
#6104=LINE('',#6101,#6103);
#6105=EDGE_CURVE('',#5543,#3816,#6104,.T.);
#6106=ORIENTED_EDGE('',*,*,#6105,.T.);
#6107=EDGE_LOOP('',(#6098,#6099,#6100,#6106));
#6108=FACE_OUTER_BOUND('',#6107,.T.);
#6109=ADVANCED_FACE('',(#6108),#6097,.F.);
#6110=CARTESIAN_POINT('',(-15.499999999999998,-7.250000000000004,1.0));
#6111=DIRECTION('',(0.0,1.0,0.0));
#6112=DIRECTION('',(0.0,0.0,1.0));
#6113=AXIS2_PLACEMENT_3D('',#6110,#6111,#6112);
#6114=PLANE('',#6113);
#6115=ORIENTED_EDGE('',*,*,#6022,.F.);
#6116=ORIENTED_EDGE('',*,*,#3797,.F.);
#6117=CARTESIAN_POINT('',(-15.499999999999998,-7.250000000000004,1.0));
#6118=DIRECTION('',(0.0,0.0,-1.0));
#6119=VECTOR('',#6118,1.000000000000000);
#6120=LINE('',#6117,#6119);
#6121=EDGE_CURVE('',#5575,#3784,#6120,.T.);
#6122=ORIENTED_EDGE('',*,*,#6121,.F.);
#6123=ORIENTED_EDGE('',*,*,#5580,.F.);
#6124=EDGE_LOOP('',(#6115,#6116,#6122,#6123));
#6125=FACE_OUTER_BOUND('',#6124,.T.);
#6126=ADVANCED_FACE('',(#6125),#6114,.F.);
#6127=CARTESIAN_POINT('',(-15.499999999999998,-8.250000000000004,1.0));
#6128=DIRECTION('',(1.0,0.0,0.0));
#6129=DIRECTION('',(0.0,0.0,-1.0));
#6130=AXIS2_PLACEMENT_3D('',#6127,#6128,#6129);
#6131=PLANE('',#6130);
#6132=ORIENTED_EDGE('',*,*,#3789,.F.);
#6133=ORIENTED_EDGE('',*,*,#5898,.F.);
#6134=ORIENTED_EDGE('',*,*,#5586,.F.);
#6135=ORIENTED_EDGE('',*,*,#6121,.T.);
#6136=EDGE_LOOP('',(#6132,#6133,#6134,#6135));
#6137=FACE_OUTER_BOUND('',#6136,.T.);
#6138=ADVANCED_FACE('',(#6137),#6131,.F.);
#6139=CARTESIAN_POINT('',(-10.549999999999997,9.500000000000002,2.0));
#6140=DIRECTION('',(1.0,0.0,0.0));
#6141=DIRECTION('',(0.0,0.0,-1.0));
#6142=AXIS2_PLACEMENT_3D('',#6139,#6140,#6141);
#6143=CYLINDRICAL_SURFACE('',#6142,1.0);
#6144=CARTESIAN_POINT('',(14.000000000000002,10.484807753012211,1.826351822333069));
#6145=VERTEX_POINT('',#6144);
#6146=CARTESIAN_POINT('',(14.000000000000004,9.500000000000002,2.0));
#6147=DIRECTION('',(-1.0,0.0,0.0));
#6148=DIRECTION('',(0.0,0.0,-1.0));
#6149=AXIS2_PLACEMENT_3D('',#6146,#6147,#6148);
#6150=CIRCLE('',#6149,1.0);
#6151=EDGE_CURVE('',#6145,#5399,#6150,.T.);
#6152=ORIENTED_EDGE('',*,*,#6151,.T.);
#6153=ORIENTED_EDGE('',*,*,#5404,.F.);
#6154=CARTESIAN_POINT('',(16.000000000000007,9.500000000000002,2.0));
#6155=DIRECTION('',(1.0,0.0,0.0));
#6156=DIRECTION('',(0.0,0.0,-1.0));
#6157=AXIS2_PLACEMENT_3D('',#6154,#6155,#6156);
#6158=CIRCLE('',#6157,1.0);
#6159=EDGE_CURVE('',#5391,#4470,#6158,.T.);
#6160=ORIENTED_EDGE('',*,*,#6159,.T.);
#6161=ORIENTED_EDGE('',*,*,#4476,.T.);
#6162=CARTESIAN_POINT('',(14.0,10.484807753012211,1.826351822333073));
#6163=DIRECTION('',(1.0,0.0,0.0));
#6164=VECTOR('',#6163,2.0);
#6165=LINE('',#6162,#6164);
#6166=EDGE_CURVE('',#6145,#4462,#6165,.T.);
#6167=ORIENTED_EDGE('',*,*,#6166,.F.);
#6168=EDGE_LOOP('',(#6152,#6153,#6160,#6161,#6167));
#6169=FACE_OUTER_BOUND('',#6168,.T.);
#6170=ADVANCED_FACE('',(#6169),#6143,.F.);
#6171=CARTESIAN_POINT('',(-10.549999999999997,9.500000000000002,2.0));
#6172=DIRECTION('',(1.0,0.0,0.0));
#6173=DIRECTION('',(0.0,0.0,-1.0));
#6174=AXIS2_PLACEMENT_3D('',#6171,#6172,#6173);
#6175=CYLINDRICAL_SURFACE('',#6174,2.0);
#6176=CARTESIAN_POINT('',(14.000000000000002,11.469615506024418,1.652703644666139));
#6177=VERTEX_POINT('',#6176);
#6178=CARTESIAN_POINT('',(14.000000000000004,9.500000000000002,2.0));
#6179=DIRECTION('',(1.0,0.0,0.0));
#6180=DIRECTION('',(0.0,0.0,-1.0));
#6181=AXIS2_PLACEMENT_3D('',#6178,#6179,#6180);
#6182=CIRCLE('',#6181,2.0);
#6183=EDGE_CURVE('',#3960,#6177,#6182,.T.);
#6184=ORIENTED_EDGE('',*,*,#6183,.T.);
#6185=CARTESIAN_POINT('',(16.0,11.469615506024420,1.652703644666141));
#6186=DIRECTION('',(-1.0,0.0,0.0));
#6187=VECTOR('',#6186,2.0);
#6188=LINE('',#6185,#6187);
#6189=EDGE_CURVE('',#4512,#6177,#6188,.T.);
#6190=ORIENTED_EDGE('',*,*,#6189,.F.);
#6191=ORIENTED_EDGE('',*,*,#4518,.T.);
#6192=ORIENTED_EDGE('',*,*,#4605,.T.);
#6193=ORIENTED_EDGE('',*,*,#3973,.F.);
#6194=EDGE_LOOP('',(#6184,#6190,#6191,#6192,#6193));
#6195=FACE_OUTER_BOUND('',#6194,.T.);
#6196=ADVANCED_FACE('',(#6195),#6175,.T.);
#6197=CARTESIAN_POINT('',(14.000000000000002,9.500000000000002,-1.750000000000000));
#6198=DIRECTION('',(1.0,0.0,0.0));
#6199=DIRECTION('',(0.0,0.0,-1.0));
#6200=AXIS2_PLACEMENT_3D('',#6197,#6198,#6199);
#6201=PLANE('',#6200);
#6202=ORIENTED_EDGE('',*,*,#6183,.F.);
#6203=CARTESIAN_POINT('',(14.000000000000002,9.500000000000000,0.0));
#6204=DIRECTION('',(0.0,0.0,1.0));
#6205=VECTOR('',#6204,1.0);
#6206=LINE('',#6203,#6205);
#6207=EDGE_CURVE('',#3960,#5399,#6206,.T.);
#6208=ORIENTED_EDGE('',*,*,#6207,.T.);
#6209=ORIENTED_EDGE('',*,*,#6151,.F.);
#6210=CARTESIAN_POINT('',(14.000000000000002,11.469615506024420,1.652703644666142));
#6211=DIRECTION('',(0.0,-0.984807753012208,0.173648177666930));
#6212=VECTOR('',#6211,1.000000000000001);
#6213=LINE('',#6210,#6212);
#6214=EDGE_CURVE('',#6177,#6145,#6213,.T.);
#6215=ORIENTED_EDGE('',*,*,#6214,.F.);
#6216=EDGE_LOOP('',(#6202,#6208,#6209,#6215));
#6217=FACE_OUTER_BOUND('',#6216,.T.);
#6218=ADVANCED_FACE('',(#6217),#6201,.F.);
#6219=CARTESIAN_POINT('',(16.000000000000004,13.193029073795783,1.348819333749012));
#6220=DIRECTION('',(-1.0,0.0,0.0));
#6221=DIRECTION('',(0.0,0.0,1.0));
#6222=AXIS2_PLACEMENT_3D('',#6219,#6220,#6221);
#6223=PLANE('',#6222);
#6224=ORIENTED_EDGE('',*,*,#4549,.T.);
#6225=ORIENTED_EDGE('',*,*,#6159,.F.);
#6226=ORIENTED_EDGE('',*,*,#5959,.F.);
#6227=EDGE_LOOP('',(#6224,#6225,#6226));
#6228=FACE_OUTER_BOUND('',#6227,.T.);
#6229=ADVANCED_FACE('',(#6228),#6223,.F.);
#6230=CARTESIAN_POINT('',(14.000000000000002,11.901891928394289,4.104265059901763));
#6231=DIRECTION('',(0.0,0.173648177666931,0.984807753012208));
#6232=DIRECTION('',(0.0,-0.984807753012208,0.173648177666931));
#6233=AXIS2_PLACEMENT_3D('',#6230,#6231,#6232);
#6234=PLANE('',#6233);
#6235=CARTESIAN_POINT('',(14.000000000000002,10.917084175382080,4.277913237568693));
#6236=VERTEX_POINT('',#6235);
#6237=CARTESIAN_POINT('',(14.000000000000011,10.917084175382080,4.277913237568700));
#6238=DIRECTION('',(1.0,0.0,0.0));
#6239=VECTOR('',#6238,4.000000000000004);
#6240=LINE('',#6237,#6239);
#6241=EDGE_CURVE('',#6236,#4635,#6240,.T.);
#6242=ORIENTED_EDGE('',*,*,#6241,.T.);
#6243=ORIENTED_EDGE('',*,*,#4640,.T.);
#6244=CARTESIAN_POINT('',(14.000000000000002,11.901891928394289,4.104265059901763));
#6245=VERTEX_POINT('',#6244);
#6246=CARTESIAN_POINT('',(14.000000000000011,11.901891928394285,4.104265059901771));
#6247=DIRECTION('',(1.0,0.0,0.0));
#6248=VECTOR('',#6247,4.000000000000004);
#6249=LINE('',#6246,#6248);
#6250=EDGE_CURVE('',#6245,#4627,#6249,.T.);
#6251=ORIENTED_EDGE('',*,*,#6250,.F.);
#6252=CARTESIAN_POINT('',(14.000000000000002,11.901891928394289,4.104265059901763));
#6253=DIRECTION('',(0.0,-0.984807753012208,0.173648177666931));
#6254=VECTOR('',#6253,0.999999999999999);
#6255=LINE('',#6252,#6254);
#6256=EDGE_CURVE('',#6245,#6236,#6255,.T.);
#6257=ORIENTED_EDGE('',*,*,#6256,.T.);
#6258=EDGE_LOOP('',(#6242,#6243,#6251,#6257));
#6259=FACE_OUTER_BOUND('',#6258,.T.);
#6260=ADVANCED_FACE('',(#6259),#6234,.T.);
#6261=CARTESIAN_POINT('',(14.000000000000002,11.120475128893101,-0.327369828653173));
#6262=DIRECTION('',(-1.0,0.0,0.0));
#6263=DIRECTION('',(0.0,-0.984807753012208,0.173648177666931));
#6264=AXIS2_PLACEMENT_3D('',#6261,#6262,#6263);
#6265=PLANE('',#6264);
#6266=CARTESIAN_POINT('',(14.000000000000002,10.484807753012209,1.826351822333068));
#6267=DIRECTION('',(0.0,0.173648177666931,0.984807753012208));
#6268=VECTOR('',#6267,2.489380701702532);
#6269=LINE('',#6266,#6268);
#6270=EDGE_CURVE('',#6145,#6236,#6269,.T.);
#6271=ORIENTED_EDGE('',*,*,#6270,.T.);
#6272=ORIENTED_EDGE('',*,*,#6256,.F.);
#6273=CARTESIAN_POINT('',(14.000000000000002,11.901891928394289,4.104265059901763));
#6274=DIRECTION('',(0.0,-0.173648177666931,-0.984807753012208));
#6275=VECTOR('',#6274,2.489380701702532);
#6276=LINE('',#6273,#6275);
#6277=EDGE_CURVE('',#6245,#6177,#6276,.T.);
#6278=ORIENTED_EDGE('',*,*,#6277,.T.);
#6279=ORIENTED_EDGE('',*,*,#6214,.T.);
#6280=EDGE_LOOP('',(#6271,#6272,#6278,#6279));
#6281=FACE_OUTER_BOUND('',#6280,.T.);
#6282=ADVANCED_FACE('',(#6281),#6265,.T.);
#6283=CARTESIAN_POINT('',(15.0,10.526375775631486,2.062095793291227));
#6284=DIRECTION('',(0.0,-0.984807753012208,0.173648177666931));
#6285=DIRECTION('',(1.0,0.0,0.0));
#6286=AXIS2_PLACEMENT_3D('',#6283,#6284,#6285);
#6287=PLANE('',#6286);
#6288=ORIENTED_EDGE('',*,*,#6166,.T.);
#6289=ORIENTED_EDGE('',*,*,#4467,.T.);
#6290=ORIENTED_EDGE('',*,*,#4646,.T.);
#6291=ORIENTED_EDGE('',*,*,#6241,.F.);
#6292=ORIENTED_EDGE('',*,*,#6270,.F.);
#6293=EDGE_LOOP('',(#6288,#6289,#6290,#6291,#6292));
#6294=FACE_OUTER_BOUND('',#6293,.T.);
#6295=ADVANCED_FACE('',(#6294),#6287,.T.);
#6296=CARTESIAN_POINT('',(15.0,11.511183528643693,1.888447615624295));
#6297=DIRECTION('',(0.0,-0.984807753012208,0.173648177666931));
#6298=DIRECTION('',(1.0,0.0,0.0));
#6299=AXIS2_PLACEMENT_3D('',#6296,#6297,#6298);
#6300=PLANE('',#6299);
#6301=ORIENTED_EDGE('',*,*,#6189,.T.);
#6302=ORIENTED_EDGE('',*,*,#6277,.F.);
#6303=ORIENTED_EDGE('',*,*,#6250,.T.);
#6304=ORIENTED_EDGE('',*,*,#4632,.T.);
#6305=ORIENTED_EDGE('',*,*,#4524,.F.);
#6306=EDGE_LOOP('',(#6301,#6302,#6303,#6304,#6305));
#6307=FACE_OUTER_BOUND('',#6306,.T.);
#6308=ADVANCED_FACE('',(#6307),#6300,.F.);
#6309=CARTESIAN_POINT('',(10.000000000000004,13.193029073795785,1.348819333749010));
#6310=DIRECTION('',(-1.0,0.0,0.0));
#6311=DIRECTION('',(0.0,0.0,1.0));
#6312=AXIS2_PLACEMENT_3D('',#6309,#6310,#6311);
#6313=PLANE('',#6312);
#6314=CARTESIAN_POINT('',(10.0,11.469615506024418,1.652703644666139));
#6315=VERTEX_POINT('',#6314);
#6316=CARTESIAN_POINT('',(10.000000000000004,9.500000000000002,2.0));
#6317=DIRECTION('',(-1.0,0.0,0.0));
#6318=DIRECTION('',(0.0,0.0,-1.0));
#6319=AXIS2_PLACEMENT_3D('',#6316,#6317,#6318);
#6320=CIRCLE('',#6319,2.0);
#6321=EDGE_CURVE('',#6315,#3904,#6320,.T.);
#6322=ORIENTED_EDGE('',*,*,#6321,.F.);
#6323=CARTESIAN_POINT('',(10.0,10.484807753012211,1.826351822333069));
#6324=VERTEX_POINT('',#6323);
#6325=CARTESIAN_POINT('',(10.0,10.484807753012211,1.826351822333070));
#6326=DIRECTION('',(0.0,0.984807753012208,-0.173648177666930));
#6327=VECTOR('',#6326,1.000000000000001);
#6328=LINE('',#6325,#6327);
#6329=EDGE_CURVE('',#6324,#6315,#6328,.T.);
#6330=ORIENTED_EDGE('',*,*,#6329,.F.);
#6331=CARTESIAN_POINT('',(10.000000000000004,9.500000000000002,2.0));
#6332=DIRECTION('',(1.0,0.0,0.0));
#6333=DIRECTION('',(0.0,0.0,-1.0));
#6334=AXIS2_PLACEMENT_3D('',#6331,#6332,#6333);
#6335=CIRCLE('',#6334,1.0);
#6336=EDGE_CURVE('',#5455,#6324,#6335,.T.);
#6337=ORIENTED_EDGE('',*,*,#6336,.F.);
#6338=CARTESIAN_POINT('',(10.0,9.500000000000000,1.0));
#6339=DIRECTION('',(0.0,0.0,-1.0));
#6340=VECTOR('',#6339,1.0);
#6341=LINE('',#6338,#6340);
#6342=EDGE_CURVE('',#5455,#3904,#6341,.T.);
#6343=ORIENTED_EDGE('',*,*,#6342,.T.);
#6344=EDGE_LOOP('',(#6322,#6330,#6337,#6343));
#6345=FACE_OUTER_BOUND('',#6344,.T.);
#6346=ADVANCED_FACE('',(#6345),#6313,.F.);
#6347=CARTESIAN_POINT('',(-2.800000000000002,9.500000000000002,-1.750000000000000));
#6348=DIRECTION('',(1.0,0.0,0.0));
#6349=DIRECTION('',(0.0,0.0,-1.0));
#6350=AXIS2_PLACEMENT_3D('',#6347,#6348,#6349);
#6351=PLANE('',#6350);
#6352=CARTESIAN_POINT('',(-2.800000000000003,11.469615506024418,1.652703644666139));
#6353=VERTEX_POINT('',#6352);
#6354=CARTESIAN_POINT('',(-2.800000000000003,9.500000000000002,2.0));
#6355=DIRECTION('',(1.0,0.0,0.0));
#6356=DIRECTION('',(0.0,0.0,-1.0));
#6357=AXIS2_PLACEMENT_3D('',#6354,#6355,#6356);
#6358=CIRCLE('',#6357,2.0);
#6359=EDGE_CURVE('',#3896,#6353,#6358,.T.);
#6360=ORIENTED_EDGE('',*,*,#6359,.F.);
#6361=CARTESIAN_POINT('',(-2.800000000000003,9.500000000000000,0.0));
#6362=DIRECTION('',(0.0,0.0,1.0));
#6363=VECTOR('',#6362,1.0);
#6364=LINE('',#6361,#6363);
#6365=EDGE_CURVE('',#3896,#5463,#6364,.T.);
#6366=ORIENTED_EDGE('',*,*,#6365,.T.);
#6367=CARTESIAN_POINT('',(-2.800000000000003,10.484807753012211,1.826351822333069));
#6368=VERTEX_POINT('',#6367);
#6369=CARTESIAN_POINT('',(-2.800000000000003,9.500000000000002,2.0));
#6370=DIRECTION('',(-1.0,0.0,0.0));
#6371=DIRECTION('',(0.0,0.0,-1.0));
#6372=AXIS2_PLACEMENT_3D('',#6369,#6370,#6371);
#6373=CIRCLE('',#6372,1.0);
#6374=EDGE_CURVE('',#6368,#5463,#6373,.T.);
#6375=ORIENTED_EDGE('',*,*,#6374,.F.);
#6376=CARTESIAN_POINT('',(-2.800000000000003,11.469615506024420,1.652703644666140));
#6377=DIRECTION('',(0.0,-0.984807753012208,0.173648177666930));
#6378=VECTOR('',#6377,1.000000000000001);
#6379=LINE('',#6376,#6378);
#6380=EDGE_CURVE('',#6353,#6368,#6379,.T.);
#6381=ORIENTED_EDGE('',*,*,#6380,.F.);
#6382=EDGE_LOOP('',(#6360,#6366,#6375,#6381));
#6383=FACE_OUTER_BOUND('',#6382,.T.);
#6384=ADVANCED_FACE('',(#6383),#6351,.F.);
#6385=CARTESIAN_POINT('',(-10.549999999999997,9.500000000000002,2.0));
#6386=DIRECTION('',(1.0,0.0,0.0));
#6387=DIRECTION('',(0.0,0.0,-1.0));
#6388=AXIS2_PLACEMENT_3D('',#6385,#6386,#6387);
#6389=CYLINDRICAL_SURFACE('',#6388,2.0);
#6390=ORIENTED_EDGE('',*,*,#6359,.T.);
#6391=CARTESIAN_POINT('',(10.0,11.469615506024418,1.652703644666139));
#6392=DIRECTION('',(-1.0,0.0,0.0));
#6393=VECTOR('',#6392,12.800000000000002);
#6394=LINE('',#6391,#6393);
#6395=EDGE_CURVE('',#6315,#6353,#6394,.T.);
#6396=ORIENTED_EDGE('',*,*,#6395,.F.);
#6397=ORIENTED_EDGE('',*,*,#6321,.T.);
#6398=ORIENTED_EDGE('',*,*,#3909,.F.);
#6399=EDGE_LOOP('',(#6390,#6396,#6397,#6398));
#6400=FACE_OUTER_BOUND('',#6399,.T.);
#6401=ADVANCED_FACE('',(#6400),#6389,.T.);
#6402=CARTESIAN_POINT('',(-10.549999999999997,9.500000000000002,2.0));
#6403=DIRECTION('',(1.0,0.0,0.0));
#6404=DIRECTION('',(0.0,0.0,-1.0));
#6405=AXIS2_PLACEMENT_3D('',#6402,#6403,#6404);
#6406=CYLINDRICAL_SURFACE('',#6405,1.0);
#6407=ORIENTED_EDGE('',*,*,#6374,.T.);
#6408=ORIENTED_EDGE('',*,*,#5468,.F.);
#6409=ORIENTED_EDGE('',*,*,#6336,.T.);
#6410=CARTESIAN_POINT('',(-2.800000000000003,10.484807753012211,1.826351822333069));
#6411=DIRECTION('',(1.0,0.0,0.0));
#6412=VECTOR('',#6411,12.800000000000002);
#6413=LINE('',#6410,#6412);
#6414=EDGE_CURVE('',#6368,#6324,#6413,.T.);
#6415=ORIENTED_EDGE('',*,*,#6414,.F.);
#6416=EDGE_LOOP('',(#6407,#6408,#6409,#6415));
#6417=FACE_OUTER_BOUND('',#6416,.T.);
#6418=ADVANCED_FACE('',(#6417),#6406,.F.);
#6419=CARTESIAN_POINT('',(-7.300000000000004,13.193029073795785,1.348819333749010));
#6420=DIRECTION('',(-1.0,0.0,0.0));
#6421=DIRECTION('',(0.0,0.0,1.0));
#6422=AXIS2_PLACEMENT_3D('',#6419,#6420,#6421);
#6423=PLANE('',#6422);
#6424=CARTESIAN_POINT('',(-7.300000000000003,11.469615506024418,1.652703644666139));
#6425=VERTEX_POINT('',#6424);
#6426=CARTESIAN_POINT('',(-7.300000000000004,9.500000000000002,2.0));
#6427=DIRECTION('',(-1.0,0.0,0.0));
#6428=DIRECTION('',(0.0,0.0,-1.0));
#6429=AXIS2_PLACEMENT_3D('',#6426,#6427,#6428);
#6430=CIRCLE('',#6429,2.0);
#6431=EDGE_CURVE('',#6425,#3840,#6430,.T.);
#6432=ORIENTED_EDGE('',*,*,#6431,.F.);
#6433=CARTESIAN_POINT('',(-7.300000000000003,10.484807753012211,1.826351822333069));
#6434=VERTEX_POINT('',#6433);
#6435=CARTESIAN_POINT('',(-7.300000000000003,10.484807753012211,1.826351822333070));
#6436=DIRECTION('',(0.0,0.984807753012208,-0.173648177666930));
#6437=VECTOR('',#6436,1.000000000000001);
#6438=LINE('',#6435,#6437);
#6439=EDGE_CURVE('',#6434,#6425,#6438,.T.);
#6440=ORIENTED_EDGE('',*,*,#6439,.F.);
#6441=CARTESIAN_POINT('',(-7.300000000000004,9.500000000000002,2.0));
#6442=DIRECTION('',(1.0,0.0,0.0));
#6443=DIRECTION('',(0.0,0.0,-1.0));
#6444=AXIS2_PLACEMENT_3D('',#6441,#6442,#6443);
#6445=CIRCLE('',#6444,1.0);
#6446=EDGE_CURVE('',#5519,#6434,#6445,.T.);
#6447=ORIENTED_EDGE('',*,*,#6446,.F.);
#6448=CARTESIAN_POINT('',(-7.300000000000003,9.500000000000000,1.0));
#6449=DIRECTION('',(0.0,0.0,-1.0));
#6450=VECTOR('',#6449,1.0);
#6451=LINE('',#6448,#6450);
#6452=EDGE_CURVE('',#5519,#3840,#6451,.T.);
#6453=ORIENTED_EDGE('',*,*,#6452,.T.);
#6454=EDGE_LOOP('',(#6432,#6440,#6447,#6453));
#6455=FACE_OUTER_BOUND('',#6454,.T.);
#6456=ADVANCED_FACE('',(#6455),#6423,.F.);
#6457=CARTESIAN_POINT('',(-13.800000000000004,9.500000000000002,-1.750000000000000));
#6458=DIRECTION('',(1.0,0.0,0.0));
#6459=DIRECTION('',(0.0,0.0,-1.0));
#6460=AXIS2_PLACEMENT_3D('',#6457,#6458,#6459);
#6461=PLANE('',#6460);
#6462=CARTESIAN_POINT('',(-13.800000000000004,11.469615506024418,1.652703644666139));
#6463=VERTEX_POINT('',#6462);
#6464=CARTESIAN_POINT('',(-13.800000000000004,9.500000000000002,2.0));
#6465=DIRECTION('',(1.0,0.0,0.0));
#6466=DIRECTION('',(0.0,0.0,-1.0));
#6467=AXIS2_PLACEMENT_3D('',#6464,#6465,#6466);
#6468=CIRCLE('',#6467,2.0);
#6469=EDGE_CURVE('',#3832,#6463,#6468,.T.);
#6470=ORIENTED_EDGE('',*,*,#6469,.F.);
#6471=CARTESIAN_POINT('',(-13.800000000000004,9.500000000000000,0.0));
#6472=DIRECTION('',(0.0,0.0,1.0));
#6473=VECTOR('',#6472,1.0);
#6474=LINE('',#6471,#6473);
#6475=EDGE_CURVE('',#3832,#5527,#6474,.T.);
#6476=ORIENTED_EDGE('',*,*,#6475,.T.);
#6477=CARTESIAN_POINT('',(-13.800000000000004,10.484807753012211,1.826351822333069));
#6478=VERTEX_POINT('',#6477);
#6479=CARTESIAN_POINT('',(-13.800000000000004,9.500000000000002,2.0));
#6480=DIRECTION('',(-1.0,0.0,0.0));
#6481=DIRECTION('',(0.0,0.0,-1.0));
#6482=AXIS2_PLACEMENT_3D('',#6479,#6480,#6481);
#6483=CIRCLE('',#6482,1.0);
#6484=EDGE_CURVE('',#6478,#5527,#6483,.T.);
#6485=ORIENTED_EDGE('',*,*,#6484,.F.);
#6486=CARTESIAN_POINT('',(-13.800000000000004,11.469615506024420,1.652703644666140));
#6487=DIRECTION('',(0.0,-0.984807753012208,0.173648177666930));
#6488=VECTOR('',#6487,1.000000000000001);
#6489=LINE('',#6486,#6488);
#6490=EDGE_CURVE('',#6463,#6478,#6489,.T.);
#6491=ORIENTED_EDGE('',*,*,#6490,.F.);
#6492=EDGE_LOOP('',(#6470,#6476,#6485,#6491));
#6493=FACE_OUTER_BOUND('',#6492,.T.);
#6494=ADVANCED_FACE('',(#6493),#6461,.F.);
#6495=CARTESIAN_POINT('',(-10.549999999999997,9.500000000000002,2.0));
#6496=DIRECTION('',(1.0,0.0,0.0));
#6497=DIRECTION('',(0.0,0.0,-1.0));
#6498=AXIS2_PLACEMENT_3D('',#6495,#6496,#6497);
#6499=CYLINDRICAL_SURFACE('',#6498,2.0);
#6500=ORIENTED_EDGE('',*,*,#6469,.T.);
#6501=CARTESIAN_POINT('',(-7.300000000000003,11.469615506024418,1.652703644666139));
#6502=DIRECTION('',(-1.0,0.0,0.0));
#6503=VECTOR('',#6502,6.500000000000001);
#6504=LINE('',#6501,#6503);
#6505=EDGE_CURVE('',#6425,#6463,#6504,.T.);
#6506=ORIENTED_EDGE('',*,*,#6505,.F.);
#6507=ORIENTED_EDGE('',*,*,#6431,.T.);
#6508=ORIENTED_EDGE('',*,*,#3845,.F.);
#6509=EDGE_LOOP('',(#6500,#6506,#6507,#6508));
#6510=FACE_OUTER_BOUND('',#6509,.T.);
#6511=ADVANCED_FACE('',(#6510),#6499,.T.);
#6512=CARTESIAN_POINT('',(-10.549999999999997,9.500000000000002,2.0));
#6513=DIRECTION('',(1.0,0.0,0.0));
#6514=DIRECTION('',(0.0,0.0,-1.0));
#6515=AXIS2_PLACEMENT_3D('',#6512,#6513,#6514);
#6516=CYLINDRICAL_SURFACE('',#6515,1.0);
#6517=ORIENTED_EDGE('',*,*,#6484,.T.);
#6518=ORIENTED_EDGE('',*,*,#5532,.F.);
#6519=ORIENTED_EDGE('',*,*,#6446,.T.);
#6520=CARTESIAN_POINT('',(-13.800000000000004,10.484807753012211,1.826351822333069));
#6521=DIRECTION('',(1.0,0.0,0.0));
#6522=VECTOR('',#6521,6.500000000000001);
#6523=LINE('',#6520,#6522);
#6524=EDGE_CURVE('',#6478,#6434,#6523,.T.);
#6525=ORIENTED_EDGE('',*,*,#6524,.F.);
#6526=EDGE_LOOP('',(#6517,#6518,#6519,#6525));
#6527=FACE_OUTER_BOUND('',#6526,.T.);
#6528=ADVANCED_FACE('',(#6527),#6516,.F.);
#6529=CARTESIAN_POINT('',(15.0,11.511183528643693,1.888447615624295));
#6530=DIRECTION('',(0.0,-0.984807753012208,0.173648177666931));
#6531=DIRECTION('',(1.0,0.0,0.0));
#6532=AXIS2_PLACEMENT_3D('',#6529,#6530,#6531);
#6533=PLANE('',#6532);
#6534=ORIENTED_EDGE('',*,*,#6505,.T.);
#6535=CARTESIAN_POINT('',(-13.800000000000004,11.901891928394285,4.104265059901758));
#6536=VERTEX_POINT('',#6535);
#6537=CARTESIAN_POINT('',(-13.800000000000004,11.901891928394285,4.104265059901758));
#6538=DIRECTION('',(0.0,-0.173648177666931,-0.984807753012208));
#6539=VECTOR('',#6538,2.489380701702528);
#6540=LINE('',#6537,#6539);
#6541=EDGE_CURVE('',#6536,#6463,#6540,.T.);
#6542=ORIENTED_EDGE('',*,*,#6541,.F.);
#6543=CARTESIAN_POINT('',(-7.300000000000003,11.901891928394285,4.104265059901758));
#6544=VERTEX_POINT('',#6543);
#6545=CARTESIAN_POINT('',(-7.300000000000003,11.901891928394285,4.104265059901758));
#6546=DIRECTION('',(-1.0,0.0,0.0));
#6547=VECTOR('',#6546,6.500000000000002);
#6548=LINE('',#6545,#6547);
#6549=EDGE_CURVE('',#6544,#6536,#6548,.T.);
#6550=ORIENTED_EDGE('',*,*,#6549,.F.);
#6551=CARTESIAN_POINT('',(-7.300000000000003,11.469615506024420,1.652703644666138));
#6552=DIRECTION('',(0.0,0.173648177666931,0.984807753012208));
#6553=VECTOR('',#6552,2.489380701702528);
#6554=LINE('',#6551,#6553);
#6555=EDGE_CURVE('',#6425,#6544,#6554,.T.);
#6556=ORIENTED_EDGE('',*,*,#6555,.F.);
#6557=EDGE_LOOP('',(#6534,#6542,#6550,#6556));
#6558=FACE_OUTER_BOUND('',#6557,.T.);
#6559=ADVANCED_FACE('',(#6558),#6533,.F.);
#6560=CARTESIAN_POINT('',(-13.800000000000004,11.901891928394285,4.104265059901758));
#6561=DIRECTION('',(0.0,0.173648177666931,0.984807753012208));
#6562=DIRECTION('',(0.0,-0.984807753012208,0.173648177666931));
#6563=AXIS2_PLACEMENT_3D('',#6560,#6561,#6562);
#6564=PLANE('',#6563);
#6565=CARTESIAN_POINT('',(-13.800000000000004,10.917084175382080,4.277913237568688));
#6566=VERTEX_POINT('',#6565);
#6567=CARTESIAN_POINT('',(-7.300000000000003,10.917084175382080,4.277913237568688));
#6568=VERTEX_POINT('',#6567);
#6569=CARTESIAN_POINT('',(-13.800000000000004,10.917084175382080,4.277913237568688));
#6570=DIRECTION('',(1.0,0.0,0.0));
#6571=VECTOR('',#6570,6.500000000000002);
#6572=LINE('',#6569,#6571);
#6573=EDGE_CURVE('',#6566,#6568,#6572,.T.);
#6574=ORIENTED_EDGE('',*,*,#6573,.T.);
#6575=CARTESIAN_POINT('',(-7.300000000000003,11.901891928394285,4.104265059901758));
#6576=DIRECTION('',(0.0,-0.984807753012208,0.173648177666931));
#6577=VECTOR('',#6576,0.999999999999999);
#6578=LINE('',#6575,#6577);
#6579=EDGE_CURVE('',#6544,#6568,#6578,.T.);
#6580=ORIENTED_EDGE('',*,*,#6579,.F.);
#6581=ORIENTED_EDGE('',*,*,#6549,.T.);
#6582=CARTESIAN_POINT('',(-13.800000000000004,11.901891928394285,4.104265059901758));
#6583=DIRECTION('',(0.0,-0.984807753012208,0.173648177666931));
#6584=VECTOR('',#6583,0.999999999999999);
#6585=LINE('',#6582,#6584);
#6586=EDGE_CURVE('',#6536,#6566,#6585,.T.);
#6587=ORIENTED_EDGE('',*,*,#6586,.T.);
#6588=EDGE_LOOP('',(#6574,#6580,#6581,#6587));
#6589=FACE_OUTER_BOUND('',#6588,.T.);
#6590=ADVANCED_FACE('',(#6589),#6564,.T.);
#6591=CARTESIAN_POINT('',(15.0,10.526375775631486,2.062095793291227));
#6592=DIRECTION('',(0.0,-0.984807753012208,0.173648177666931));
#6593=DIRECTION('',(1.0,0.0,0.0));
#6594=AXIS2_PLACEMENT_3D('',#6591,#6592,#6593);
#6595=PLANE('',#6594);
#6596=ORIENTED_EDGE('',*,*,#6524,.T.);
#6597=CARTESIAN_POINT('',(-7.300000000000003,10.917084175382080,4.277913237568689));
#6598=DIRECTION('',(0.0,-0.173648177666931,-0.984807753012208));
#6599=VECTOR('',#6598,2.489380701702528);
#6600=LINE('',#6597,#6599);
#6601=EDGE_CURVE('',#6568,#6434,#6600,.T.);
#6602=ORIENTED_EDGE('',*,*,#6601,.F.);
#6603=ORIENTED_EDGE('',*,*,#6573,.F.);
#6604=CARTESIAN_POINT('',(-13.800000000000004,10.484807753012211,1.826351822333068));
#6605=DIRECTION('',(0.0,0.173648177666931,0.984807753012208));
#6606=VECTOR('',#6605,2.489380701702528);
#6607=LINE('',#6604,#6606);
#6608=EDGE_CURVE('',#6478,#6566,#6607,.T.);
#6609=ORIENTED_EDGE('',*,*,#6608,.F.);
#6610=EDGE_LOOP('',(#6596,#6602,#6603,#6609));
#6611=FACE_OUTER_BOUND('',#6610,.T.);
#6612=ADVANCED_FACE('',(#6611),#6595,.T.);
#6613=CARTESIAN_POINT('',(-7.300000000000003,11.901891928394285,4.104265059901758));
#6614=DIRECTION('',(1.0,0.0,0.0));
#6615=DIRECTION('',(0.0,0.984807753012208,-0.173648177666931));
#6616=AXIS2_PLACEMENT_3D('',#6613,#6614,#6615);
#6617=PLANE('',#6616);
#6618=ORIENTED_EDGE('',*,*,#6555,.T.);
#6619=ORIENTED_EDGE('',*,*,#6579,.T.);
#6620=ORIENTED_EDGE('',*,*,#6601,.T.);
#6621=ORIENTED_EDGE('',*,*,#6439,.T.);
#6622=EDGE_LOOP('',(#6618,#6619,#6620,#6621));
#6623=FACE_OUTER_BOUND('',#6622,.T.);
#6624=ADVANCED_FACE('',(#6623),#6617,.T.);
#6625=CARTESIAN_POINT('',(-13.800000000000004,11.120475128893101,-0.327369828653173));
#6626=DIRECTION('',(-1.0,0.0,0.0));
#6627=DIRECTION('',(0.0,-0.984807753012208,0.173648177666931));
#6628=AXIS2_PLACEMENT_3D('',#6625,#6626,#6627);
#6629=PLANE('',#6628);
#6630=ORIENTED_EDGE('',*,*,#6608,.T.);
#6631=ORIENTED_EDGE('',*,*,#6586,.F.);
#6632=ORIENTED_EDGE('',*,*,#6541,.T.);
#6633=ORIENTED_EDGE('',*,*,#6490,.T.);
#6634=EDGE_LOOP('',(#6630,#6631,#6632,#6633));
#6635=FACE_OUTER_BOUND('',#6634,.T.);
#6636=ADVANCED_FACE('',(#6635),#6629,.T.);
#6637=CARTESIAN_POINT('',(14.000000000000002,9.000000000000002,1.0));
#6638=DIRECTION('',(1.0,0.0,0.0));
#6639=DIRECTION('',(0.0,0.0,-1.0));
#6640=AXIS2_PLACEMENT_3D('',#6637,#6638,#6639);
#6641=PLANE('',#6640);
#6642=ORIENTED_EDGE('',*,*,#6207,.F.);
#6643=ORIENTED_EDGE('',*,*,#3965,.F.);
#6644=CARTESIAN_POINT('',(14.000000000000002,9.000000000000002,1.0));
#6645=DIRECTION('',(0.0,0.0,-1.0));
#6646=VECTOR('',#6645,1.0);
#6647=LINE('',#6644,#6646);
#6648=EDGE_CURVE('',#5407,#3952,#6647,.T.);
#6649=ORIENTED_EDGE('',*,*,#6648,.F.);
#6650=ORIENTED_EDGE('',*,*,#5412,.F.);
#6651=EDGE_LOOP('',(#6642,#6643,#6649,#6650));
#6652=FACE_OUTER_BOUND('',#6651,.T.);
#6653=ADVANCED_FACE('',(#6652),#6641,.F.);
#6654=CARTESIAN_POINT('',(13.0,12.010619298297469,1.0));
#6655=DIRECTION('',(-1.0,0.0,0.0));
#6656=DIRECTION('',(0.0,0.0,1.0));
#6657=AXIS2_PLACEMENT_3D('',#6654,#6655,#6656);
#6658=PLANE('',#6657);
#6659=CARTESIAN_POINT('',(13.0,9.500000000000000,1.0));
#6660=DIRECTION('',(0.0,0.0,-1.0));
#6661=VECTOR('',#6660,1.0);
#6662=LINE('',#6659,#6661);
#6663=EDGE_CURVE('',#5423,#3936,#6662,.T.);
#6664=ORIENTED_EDGE('',*,*,#6663,.F.);
#6665=ORIENTED_EDGE('',*,*,#5428,.F.);
#6666=CARTESIAN_POINT('',(13.0,9.000000000000002,1.0));
#6667=DIRECTION('',(0.0,0.0,-1.0));
#6668=VECTOR('',#6667,1.0);
#6669=LINE('',#6666,#6668);
#6670=EDGE_CURVE('',#5415,#3944,#6669,.T.);
#6671=ORIENTED_EDGE('',*,*,#6670,.T.);
#6672=ORIENTED_EDGE('',*,*,#3949,.F.);
#6673=EDGE_LOOP('',(#6664,#6665,#6671,#6672));
#6674=FACE_OUTER_BOUND('',#6673,.T.);
#6675=ADVANCED_FACE('',(#6674),#6658,.F.);
#6676=CARTESIAN_POINT('',(13.0,9.000000000000002,1.0));
#6677=DIRECTION('',(0.0,-1.0,0.0));
#6678=DIRECTION('',(0.0,0.0,-1.0));
#6679=AXIS2_PLACEMENT_3D('',#6676,#6677,#6678);
#6680=PLANE('',#6679);
#6681=ORIENTED_EDGE('',*,*,#3957,.F.);
#6682=ORIENTED_EDGE('',*,*,#6670,.F.);
#6683=ORIENTED_EDGE('',*,*,#5420,.F.);
#6684=ORIENTED_EDGE('',*,*,#6648,.T.);
#6685=EDGE_LOOP('',(#6681,#6682,#6683,#6684));
#6686=FACE_OUTER_BOUND('',#6685,.T.);
#6687=ADVANCED_FACE('',(#6686),#6680,.F.);
#6688=CARTESIAN_POINT('',(14.000000000000002,9.500000000000000,0.0));
#6689=DIRECTION('',(0.0,1.0,0.0));
#6690=DIRECTION('',(0.0,0.0,1.0));
#6691=AXIS2_PLACEMENT_3D('',#6688,#6689,#6690);
#6692=PLANE('',#6691);
#6693=ORIENTED_EDGE('',*,*,#6663,.T.);
#6694=ORIENTED_EDGE('',*,*,#3941,.F.);
#6695=CARTESIAN_POINT('',(11.0,9.500000000000000,0.0));
#6696=DIRECTION('',(0.0,0.0,1.0));
#6697=VECTOR('',#6696,1.0);
#6698=LINE('',#6695,#6697);
#6699=EDGE_CURVE('',#3928,#5431,#6698,.T.);
#6700=ORIENTED_EDGE('',*,*,#6699,.T.);
#6701=ORIENTED_EDGE('',*,*,#5436,.F.);
#6702=EDGE_LOOP('',(#6693,#6694,#6700,#6701));
#6703=FACE_OUTER_BOUND('',#6702,.T.);
#6704=ADVANCED_FACE('',(#6703),#6692,.T.);
#6705=CARTESIAN_POINT('',(10.0,12.010619298297469,1.0));
#6706=DIRECTION('',(-1.0,0.0,0.0));
#6707=DIRECTION('',(0.0,0.0,1.0));
#6708=AXIS2_PLACEMENT_3D('',#6705,#6706,#6707);
#6709=PLANE('',#6708);
#6710=ORIENTED_EDGE('',*,*,#6342,.F.);
#6711=ORIENTED_EDGE('',*,*,#5460,.F.);
#6712=CARTESIAN_POINT('',(10.0,9.000000000000002,1.0));
#6713=DIRECTION('',(0.0,0.0,-1.0));
#6714=VECTOR('',#6713,1.0);
#6715=LINE('',#6712,#6714);
#6716=EDGE_CURVE('',#5447,#3912,#6715,.T.);
#6717=ORIENTED_EDGE('',*,*,#6716,.T.);
#6718=ORIENTED_EDGE('',*,*,#3917,.F.);
#6719=EDGE_LOOP('',(#6710,#6711,#6717,#6718));
#6720=FACE_OUTER_BOUND('',#6719,.T.);
#6721=ADVANCED_FACE('',(#6720),#6709,.F.);
#6722=CARTESIAN_POINT('',(10.0,9.000000000000002,1.0));
#6723=DIRECTION('',(0.0,-1.0,0.0));
#6724=DIRECTION('',(0.0,0.0,-1.0));
#6725=AXIS2_PLACEMENT_3D('',#6722,#6723,#6724);
#6726=PLANE('',#6725);
#6727=ORIENTED_EDGE('',*,*,#3925,.F.);
#6728=ORIENTED_EDGE('',*,*,#6716,.F.);
#6729=ORIENTED_EDGE('',*,*,#5452,.F.);
#6730=CARTESIAN_POINT('',(11.0,9.000000000000002,1.0));
#6731=DIRECTION('',(0.0,0.0,-1.0));
#6732=VECTOR('',#6731,1.0);
#6733=LINE('',#6730,#6732);
#6734=EDGE_CURVE('',#5439,#3920,#6733,.T.);
#6735=ORIENTED_EDGE('',*,*,#6734,.T.);
#6736=EDGE_LOOP('',(#6727,#6728,#6729,#6735));
#6737=FACE_OUTER_BOUND('',#6736,.T.);
#6738=ADVANCED_FACE('',(#6737),#6726,.F.);
#6739=CARTESIAN_POINT('',(11.0,9.000000000000002,1.0));
#6740=DIRECTION('',(1.0,0.0,0.0));
#6741=DIRECTION('',(0.0,0.0,-1.0));
#6742=AXIS2_PLACEMENT_3D('',#6739,#6740,#6741);
#6743=PLANE('',#6742);
#6744=ORIENTED_EDGE('',*,*,#6699,.F.);
#6745=ORIENTED_EDGE('',*,*,#3933,.F.);
#6746=ORIENTED_EDGE('',*,*,#6734,.F.);
#6747=ORIENTED_EDGE('',*,*,#5444,.F.);
#6748=EDGE_LOOP('',(#6744,#6745,#6746,#6747));
#6749=FACE_OUTER_BOUND('',#6748,.T.);
#6750=ADVANCED_FACE('',(#6749),#6743,.F.);
#6751=CARTESIAN_POINT('',(-2.800000000000002,9.000000000000002,1.0));
#6752=DIRECTION('',(1.0,0.0,0.0));
#6753=DIRECTION('',(0.0,0.0,-1.0));
#6754=AXIS2_PLACEMENT_3D('',#6751,#6752,#6753);
#6755=PLANE('',#6754);
#6756=ORIENTED_EDGE('',*,*,#6365,.F.);
#6757=ORIENTED_EDGE('',*,*,#3901,.F.);
#6758=CARTESIAN_POINT('',(-2.800000000000002,9.000000000000002,1.0));
#6759=DIRECTION('',(0.0,0.0,-1.0));
#6760=VECTOR('',#6759,1.000000000000000);
#6761=LINE('',#6758,#6760);
#6762=EDGE_CURVE('',#5471,#3888,#6761,.T.);
#6763=ORIENTED_EDGE('',*,*,#6762,.F.);
#6764=ORIENTED_EDGE('',*,*,#5476,.F.);
#6765=EDGE_LOOP('',(#6756,#6757,#6763,#6764));
#6766=FACE_OUTER_BOUND('',#6765,.T.);
#6767=ADVANCED_FACE('',(#6766),#6755,.F.);
#6768=CARTESIAN_POINT('',(-3.800000000000003,12.010619298297469,1.0));
#6769=DIRECTION('',(-1.0,0.0,0.0));
#6770=DIRECTION('',(0.0,0.0,1.0));
#6771=AXIS2_PLACEMENT_3D('',#6768,#6769,#6770);
#6772=PLANE('',#6771);
#6773=CARTESIAN_POINT('',(-3.800000000000001,9.500000000000000,1.0));
#6774=DIRECTION('',(0.0,0.0,-1.0));
#6775=VECTOR('',#6774,1.0);
#6776=LINE('',#6773,#6775);
#6777=EDGE_CURVE('',#5487,#3872,#6776,.T.);
#6778=ORIENTED_EDGE('',*,*,#6777,.F.);
#6779=ORIENTED_EDGE('',*,*,#5492,.F.);
#6780=CARTESIAN_POINT('',(-3.800000000000003,9.000000000000002,1.0));
#6781=DIRECTION('',(0.0,0.0,-1.0));
#6782=VECTOR('',#6781,1.000000000000000);
#6783=LINE('',#6780,#6782);
#6784=EDGE_CURVE('',#5479,#3880,#6783,.T.);
#6785=ORIENTED_EDGE('',*,*,#6784,.T.);
#6786=ORIENTED_EDGE('',*,*,#3885,.F.);
#6787=EDGE_LOOP('',(#6778,#6779,#6785,#6786));
#6788=FACE_OUTER_BOUND('',#6787,.T.);
#6789=ADVANCED_FACE('',(#6788),#6772,.F.);
#6790=CARTESIAN_POINT('',(-3.800000000000003,9.000000000000002,1.0));
#6791=DIRECTION('',(0.0,-1.0,0.0));
#6792=DIRECTION('',(0.0,0.0,-1.0));
#6793=AXIS2_PLACEMENT_3D('',#6790,#6791,#6792);
#6794=PLANE('',#6793);
#6795=ORIENTED_EDGE('',*,*,#3893,.F.);
#6796=ORIENTED_EDGE('',*,*,#6784,.F.);
#6797=ORIENTED_EDGE('',*,*,#5484,.F.);
#6798=ORIENTED_EDGE('',*,*,#6762,.T.);
#6799=EDGE_LOOP('',(#6795,#6796,#6797,#6798));
#6800=FACE_OUTER_BOUND('',#6799,.T.);
#6801=ADVANCED_FACE('',(#6800),#6794,.F.);
#6802=CARTESIAN_POINT('',(14.000000000000002,9.500000000000000,0.0));
#6803=DIRECTION('',(0.0,1.0,0.0));
#6804=DIRECTION('',(0.0,0.0,1.0));
#6805=AXIS2_PLACEMENT_3D('',#6802,#6803,#6804);
#6806=PLANE('',#6805);
#6807=ORIENTED_EDGE('',*,*,#6777,.T.);
#6808=ORIENTED_EDGE('',*,*,#3877,.F.);
#6809=CARTESIAN_POINT('',(-6.300000000000001,9.500000000000000,0.0));
#6810=DIRECTION('',(0.0,0.0,1.0));
#6811=VECTOR('',#6810,1.0);
#6812=LINE('',#6809,#6811);
#6813=EDGE_CURVE('',#3864,#5495,#6812,.T.);
#6814=ORIENTED_EDGE('',*,*,#6813,.T.);
#6815=ORIENTED_EDGE('',*,*,#5500,.F.);
#6816=EDGE_LOOP('',(#6807,#6808,#6814,#6815));
#6817=FACE_OUTER_BOUND('',#6816,.T.);
#6818=ADVANCED_FACE('',(#6817),#6806,.T.);
#6819=CARTESIAN_POINT('',(-7.300000000000003,12.010619298297469,1.0));
#6820=DIRECTION('',(-1.0,0.0,0.0));
#6821=DIRECTION('',(0.0,0.0,1.0));
#6822=AXIS2_PLACEMENT_3D('',#6819,#6820,#6821);
#6823=PLANE('',#6822);
#6824=ORIENTED_EDGE('',*,*,#6452,.F.);
#6825=ORIENTED_EDGE('',*,*,#5524,.F.);
#6826=CARTESIAN_POINT('',(-7.300000000000003,9.000000000000002,1.0));
#6827=DIRECTION('',(0.0,0.0,-1.0));
#6828=VECTOR('',#6827,1.0);
#6829=LINE('',#6826,#6828);
#6830=EDGE_CURVE('',#5511,#3848,#6829,.T.);
#6831=ORIENTED_EDGE('',*,*,#6830,.T.);
#6832=ORIENTED_EDGE('',*,*,#3853,.F.);
#6833=EDGE_LOOP('',(#6824,#6825,#6831,#6832));
#6834=FACE_OUTER_BOUND('',#6833,.T.);
#6835=ADVANCED_FACE('',(#6834),#6823,.F.);
#6836=CARTESIAN_POINT('',(-7.300000000000003,9.000000000000002,1.0));
#6837=DIRECTION('',(0.0,-1.0,0.0));
#6838=DIRECTION('',(0.0,0.0,-1.0));
#6839=AXIS2_PLACEMENT_3D('',#6836,#6837,#6838);
#6840=PLANE('',#6839);
#6841=ORIENTED_EDGE('',*,*,#3861,.F.);
#6842=ORIENTED_EDGE('',*,*,#6830,.F.);
#6843=ORIENTED_EDGE('',*,*,#5516,.F.);
#6844=CARTESIAN_POINT('',(-6.300000000000003,9.000000000000002,1.0));
#6845=DIRECTION('',(0.0,0.0,-1.0));
#6846=VECTOR('',#6845,1.0);
#6847=LINE('',#6844,#6846);
#6848=EDGE_CURVE('',#5503,#3856,#6847,.T.);
#6849=ORIENTED_EDGE('',*,*,#6848,.T.);
#6850=EDGE_LOOP('',(#6841,#6842,#6843,#6849));
#6851=FACE_OUTER_BOUND('',#6850,.T.);
#6852=ADVANCED_FACE('',(#6851),#6840,.F.);
#6853=CARTESIAN_POINT('',(-6.300000000000003,9.000000000000002,1.0));
#6854=DIRECTION('',(1.0,0.0,0.0));
#6855=DIRECTION('',(0.0,0.0,-1.0));
#6856=AXIS2_PLACEMENT_3D('',#6853,#6854,#6855);
#6857=PLANE('',#6856);
#6858=ORIENTED_EDGE('',*,*,#6813,.F.);
#6859=ORIENTED_EDGE('',*,*,#3869,.F.);
#6860=ORIENTED_EDGE('',*,*,#6848,.F.);
#6861=ORIENTED_EDGE('',*,*,#5508,.F.);
#6862=EDGE_LOOP('',(#6858,#6859,#6860,#6861));
#6863=FACE_OUTER_BOUND('',#6862,.T.);
#6864=ADVANCED_FACE('',(#6863),#6857,.F.);
#6865=CARTESIAN_POINT('',(-13.800000000000004,9.000000000000002,1.0));
#6866=DIRECTION('',(1.0,0.0,0.0));
#6867=DIRECTION('',(0.0,0.0,-1.0));
#6868=AXIS2_PLACEMENT_3D('',#6865,#6866,#6867);
#6869=PLANE('',#6868);
#6870=ORIENTED_EDGE('',*,*,#6475,.F.);
#6871=ORIENTED_EDGE('',*,*,#3837,.F.);
#6872=CARTESIAN_POINT('',(-13.800000000000004,9.000000000000002,1.0));
#6873=DIRECTION('',(0.0,0.0,-1.0));
#6874=VECTOR('',#6873,1.0);
#6875=LINE('',#6872,#6874);
#6876=EDGE_CURVE('',#5535,#3824,#6875,.T.);
#6877=ORIENTED_EDGE('',*,*,#6876,.F.);
#6878=ORIENTED_EDGE('',*,*,#5540,.F.);
#6879=EDGE_LOOP('',(#6870,#6871,#6877,#6878));
#6880=FACE_OUTER_BOUND('',#6879,.T.);
#6881=ADVANCED_FACE('',(#6880),#6869,.F.);
#6882=CARTESIAN_POINT('',(-14.800000000000004,9.000000000000002,1.0));
#6883=DIRECTION('',(0.0,-1.0,0.0));
#6884=DIRECTION('',(0.0,0.0,-1.0));
#6885=AXIS2_PLACEMENT_3D('',#6882,#6883,#6884);
#6886=PLANE('',#6885);
#6887=ORIENTED_EDGE('',*,*,#3829,.F.);
#6888=ORIENTED_EDGE('',*,*,#6105,.F.);
#6889=ORIENTED_EDGE('',*,*,#5548,.F.);
#6890=ORIENTED_EDGE('',*,*,#6876,.T.);
#6891=EDGE_LOOP('',(#6887,#6888,#6889,#6890));
#6892=FACE_OUTER_BOUND('',#6891,.T.);
#6893=ADVANCED_FACE('',(#6892),#6886,.F.);
#6894=CARTESIAN_POINT('',(0.0,0.0,0.0));
#6895=DIRECTION('',(0.0,0.0,1.0));
#6896=DIRECTION('',(-1.0,0.0,0.0));
#6897=AXIS2_PLACEMENT_3D('',#6894,#6895,#6896);
#6898=CYLINDRICAL_SURFACE('',#6897,2.500000000000000);
#6899=ORIENTED_EDGE('',*,*,#5597,.F.);
#6900=EDGE_LOOP('',(#6899));
#6901=FACE_OUTER_BOUND('',#6900,.T.);
#6902=ORIENTED_EDGE('',*,*,#4324,.F.);
#6903=EDGE_LOOP('',(#6902));
#6904=FACE_BOUND('',#6903,.T.);
#6905=ADVANCED_FACE('',(#6901,#6904),#6898,.F.);
#6906=CARTESIAN_POINT('',(-7.300000000000003,-8.0,0.0));
#6907=DIRECTION('',(-1.0,0.0,0.0));
#6908=DIRECTION('',(0.0,0.0,1.0));
#6909=AXIS2_PLACEMENT_3D('',#6906,#6907,#6908);
#6910=PLANE('',#6909);
#6911=ORIENTED_EDGE('',*,*,#5609,.F.);
#6912=CARTESIAN_POINT('',(-7.300000000000003,-8.0,0.0));
#6913=DIRECTION('',(0.0,0.0,1.0));
#6914=VECTOR('',#6913,1.0);
#6915=LINE('',#6912,#6914);
#6916=EDGE_CURVE('',#4232,#5602,#6915,.T.);
#6917=ORIENTED_EDGE('',*,*,#6916,.F.);
#6918=ORIENTED_EDGE('',*,*,#4237,.F.);
#6919=CARTESIAN_POINT('',(-7.300000000000003,-6.600000000000001,0.0));
#6920=DIRECTION('',(0.0,0.0,1.0));
#6921=VECTOR('',#6920,1.0);
#6922=LINE('',#6919,#6921);
#6923=EDGE_CURVE('',#4230,#5604,#6922,.T.);
#6924=ORIENTED_EDGE('',*,*,#6923,.T.);
#6925=EDGE_LOOP('',(#6911,#6917,#6918,#6924));
#6926=FACE_OUTER_BOUND('',#6925,.T.);
#6927=ADVANCED_FACE('',(#6926),#6910,.F.);
#6928=CARTESIAN_POINT('',(-7.300000000000003,-6.600000000000001,0.0));
#6929=DIRECTION('',(0.0,1.0,0.0));
#6930=DIRECTION('',(0.0,0.0,1.0));
#6931=AXIS2_PLACEMENT_3D('',#6928,#6929,#6930);
#6932=PLANE('',#6931);
#6933=ORIENTED_EDGE('',*,*,#5617,.F.);
#6934=ORIENTED_EDGE('',*,*,#6923,.F.);
#6935=ORIENTED_EDGE('',*,*,#4259,.F.);
#6936=CARTESIAN_POINT('',(-2.800000000000002,-6.600000000000001,0.0));
#6937=DIRECTION('',(0.0,0.0,1.0));
#6938=VECTOR('',#6937,1.0);
#6939=LINE('',#6936,#6938);
#6940=EDGE_CURVE('',#4248,#5612,#6939,.T.);
#6941=ORIENTED_EDGE('',*,*,#6940,.T.);
#6942=EDGE_LOOP('',(#6933,#6934,#6935,#6941));
#6943=FACE_OUTER_BOUND('',#6942,.T.);
#6944=ADVANCED_FACE('',(#6943),#6932,.F.);
#6945=CARTESIAN_POINT('',(-2.800000000000002,-6.600000000000001,0.0));
#6946=DIRECTION('',(1.0,0.0,0.0));
#6947=DIRECTION('',(0.0,0.0,-1.0));
#6948=AXIS2_PLACEMENT_3D('',#6945,#6946,#6947);
#6949=PLANE('',#6948);
#6950=ORIENTED_EDGE('',*,*,#5625,.F.);
#6951=ORIENTED_EDGE('',*,*,#6940,.F.);
#6952=ORIENTED_EDGE('',*,*,#4253,.F.);
#6953=CARTESIAN_POINT('',(-2.800000000000002,-8.0,0.0));
#6954=DIRECTION('',(0.0,0.0,1.0));
#6955=VECTOR('',#6954,1.0);
#6956=LINE('',#6953,#6955);
#6957=EDGE_CURVE('',#4240,#5620,#6956,.T.);
#6958=ORIENTED_EDGE('',*,*,#6957,.T.);
#6959=EDGE_LOOP('',(#6950,#6951,#6952,#6958));
#6960=FACE_OUTER_BOUND('',#6959,.T.);
#6961=ADVANCED_FACE('',(#6960),#6949,.F.);
#6962=CARTESIAN_POINT('',(-2.800000000000002,-8.0,0.0));
#6963=DIRECTION('',(0.0,-1.0,0.0));
#6964=DIRECTION('',(0.0,0.0,-1.0));
#6965=AXIS2_PLACEMENT_3D('',#6962,#6963,#6964);
#6966=PLANE('',#6965);
#6967=ORIENTED_EDGE('',*,*,#5631,.F.);
#6968=ORIENTED_EDGE('',*,*,#6957,.F.);
#6969=ORIENTED_EDGE('',*,*,#4245,.F.);
#6970=ORIENTED_EDGE('',*,*,#6916,.T.);
#6971=EDGE_LOOP('',(#6967,#6968,#6969,#6970));
#6972=FACE_OUTER_BOUND('',#6971,.T.);
#6973=ADVANCED_FACE('',(#6972),#6966,.F.);
#6974=CARTESIAN_POINT('',(-2.800000000000002,8.0,0.0));
#6975=DIRECTION('',(1.0,0.0,0.0));
#6976=DIRECTION('',(0.0,0.0,-1.0));
#6977=AXIS2_PLACEMENT_3D('',#6974,#6975,#6976);
#6978=PLANE('',#6977);
#6979=ORIENTED_EDGE('',*,*,#5643,.F.);
#6980=CARTESIAN_POINT('',(-2.800000000000002,8.0,0.0));
#6981=DIRECTION('',(0.0,0.0,1.0));
#6982=VECTOR('',#6981,1.0);
#6983=LINE('',#6980,#6982);
#6984=EDGE_CURVE('',#4198,#5636,#6983,.T.);
#6985=ORIENTED_EDGE('',*,*,#6984,.F.);
#6986=ORIENTED_EDGE('',*,*,#4203,.F.);
#6987=CARTESIAN_POINT('',(-2.800000000000002,6.600000000000001,0.0));
#6988=DIRECTION('',(0.0,0.0,1.0));
#6989=VECTOR('',#6988,1.0);
#6990=LINE('',#6987,#6989);
#6991=EDGE_CURVE('',#4196,#5638,#6990,.T.);
#6992=ORIENTED_EDGE('',*,*,#6991,.T.);
#6993=EDGE_LOOP('',(#6979,#6985,#6986,#6992));
#6994=FACE_OUTER_BOUND('',#6993,.T.);
#6995=ADVANCED_FACE('',(#6994),#6978,.F.);
#6996=CARTESIAN_POINT('',(-2.800000000000002,6.600000000000001,0.0));
#6997=DIRECTION('',(0.0,-1.0,0.0));
#6998=DIRECTION('',(0.0,0.0,-1.0));
#6999=AXIS2_PLACEMENT_3D('',#6996,#6997,#6998);
#7000=PLANE('',#6999);
#7001=ORIENTED_EDGE('',*,*,#5651,.F.);
#7002=ORIENTED_EDGE('',*,*,#6991,.F.);
#7003=ORIENTED_EDGE('',*,*,#4225,.F.);
#7004=CARTESIAN_POINT('',(-7.300000000000003,6.600000000000001,0.0));
#7005=DIRECTION('',(0.0,0.0,1.0));
#7006=VECTOR('',#7005,1.0);
#7007=LINE('',#7004,#7006);
#7008=EDGE_CURVE('',#4214,#5646,#7007,.T.);
#7009=ORIENTED_EDGE('',*,*,#7008,.T.);
#7010=EDGE_LOOP('',(#7001,#7002,#7003,#7009));
#7011=FACE_OUTER_BOUND('',#7010,.T.);
#7012=ADVANCED_FACE('',(#7011),#7000,.F.);
#7013=CARTESIAN_POINT('',(-7.300000000000003,6.600000000000001,0.0));
#7014=DIRECTION('',(-1.0,0.0,0.0));
#7015=DIRECTION('',(0.0,0.0,1.0));
#7016=AXIS2_PLACEMENT_3D('',#7013,#7014,#7015);
#7017=PLANE('',#7016);
#7018=ORIENTED_EDGE('',*,*,#5659,.F.);
#7019=ORIENTED_EDGE('',*,*,#7008,.F.);
#7020=ORIENTED_EDGE('',*,*,#4219,.F.);
#7021=CARTESIAN_POINT('',(-7.300000000000003,8.0,0.0));
#7022=DIRECTION('',(0.0,0.0,1.0));
#7023=VECTOR('',#7022,1.0);
#7024=LINE('',#7021,#7023);
#7025=EDGE_CURVE('',#4206,#5654,#7024,.T.);
#7026=ORIENTED_EDGE('',*,*,#7025,.T.);
#7027=EDGE_LOOP('',(#7018,#7019,#7020,#7026));
#7028=FACE_OUTER_BOUND('',#7027,.T.);
#7029=ADVANCED_FACE('',(#7028),#7017,.F.);
#7030=CARTESIAN_POINT('',(-7.300000000000003,8.0,0.0));
#7031=DIRECTION('',(0.0,1.0,0.0));
#7032=DIRECTION('',(0.0,0.0,1.0));
#7033=AXIS2_PLACEMENT_3D('',#7030,#7031,#7032);
#7034=PLANE('',#7033);
#7035=ORIENTED_EDGE('',*,*,#5665,.F.);
#7036=ORIENTED_EDGE('',*,*,#7025,.F.);
#7037=ORIENTED_EDGE('',*,*,#4211,.F.);
#7038=ORIENTED_EDGE('',*,*,#6984,.T.);
#7039=EDGE_LOOP('',(#7035,#7036,#7037,#7038));
#7040=FACE_OUTER_BOUND('',#7039,.T.);
#7041=ADVANCED_FACE('',(#7040),#7034,.F.);
#7042=CARTESIAN_POINT('',(10.0,-8.0,0.0));
#7043=DIRECTION('',(-1.0,0.0,0.0));
#7044=DIRECTION('',(0.0,0.0,1.0));
#7045=AXIS2_PLACEMENT_3D('',#7042,#7043,#7044);
#7046=PLANE('',#7045);
#7047=ORIENTED_EDGE('',*,*,#5677,.F.);
#7048=CARTESIAN_POINT('',(10.0,-8.0,0.0));
#7049=DIRECTION('',(0.0,0.0,1.0));
#7050=VECTOR('',#7049,1.0);
#7051=LINE('',#7048,#7050);
#7052=EDGE_CURVE('',#4164,#5670,#7051,.T.);
#7053=ORIENTED_EDGE('',*,*,#7052,.F.);
#7054=ORIENTED_EDGE('',*,*,#4169,.F.);
#7055=CARTESIAN_POINT('',(10.0,-6.600000000000002,0.0));
#7056=DIRECTION('',(0.0,0.0,1.0));
#7057=VECTOR('',#7056,1.0);
#7058=LINE('',#7055,#7057);
#7059=EDGE_CURVE('',#4162,#5672,#7058,.T.);
#7060=ORIENTED_EDGE('',*,*,#7059,.T.);
#7061=EDGE_LOOP('',(#7047,#7053,#7054,#7060));
#7062=FACE_OUTER_BOUND('',#7061,.T.);
#7063=ADVANCED_FACE('',(#7062),#7046,.F.);
#7064=CARTESIAN_POINT('',(10.0,-6.600000000000002,0.0));
#7065=DIRECTION('',(0.0,1.0,0.0));
#7066=DIRECTION('',(0.0,0.0,1.0));
#7067=AXIS2_PLACEMENT_3D('',#7064,#7065,#7066);
#7068=PLANE('',#7067);
#7069=ORIENTED_EDGE('',*,*,#5685,.F.);
#7070=ORIENTED_EDGE('',*,*,#7059,.F.);
#7071=ORIENTED_EDGE('',*,*,#4191,.F.);
#7072=CARTESIAN_POINT('',(14.500000000000002,-6.600000000000002,0.0));
#7073=DIRECTION('',(0.0,0.0,1.0));
#7074=VECTOR('',#7073,1.0);
#7075=LINE('',#7072,#7074);
#7076=EDGE_CURVE('',#4180,#5680,#7075,.T.);
#7077=ORIENTED_EDGE('',*,*,#7076,.T.);
#7078=EDGE_LOOP('',(#7069,#7070,#7071,#7077));
#7079=FACE_OUTER_BOUND('',#7078,.T.);
#7080=ADVANCED_FACE('',(#7079),#7068,.F.);
#7081=CARTESIAN_POINT('',(14.500000000000002,-6.600000000000002,0.0));
#7082=DIRECTION('',(1.0,0.0,0.0));
#7083=DIRECTION('',(0.0,0.0,-1.0));
#7084=AXIS2_PLACEMENT_3D('',#7081,#7082,#7083);
#7085=PLANE('',#7084);
#7086=ORIENTED_EDGE('',*,*,#5693,.F.);
#7087=ORIENTED_EDGE('',*,*,#7076,.F.);
#7088=ORIENTED_EDGE('',*,*,#4185,.F.);
#7089=CARTESIAN_POINT('',(14.500000000000000,-8.0,0.0));
#7090=DIRECTION('',(0.0,0.0,1.0));
#7091=VECTOR('',#7090,1.0);
#7092=LINE('',#7089,#7091);
#7093=EDGE_CURVE('',#4172,#5688,#7092,.T.);
#7094=ORIENTED_EDGE('',*,*,#7093,.T.);
#7095=EDGE_LOOP('',(#7086,#7087,#7088,#7094));
#7096=FACE_OUTER_BOUND('',#7095,.T.);
#7097=ADVANCED_FACE('',(#7096),#7085,.F.);
#7098=CARTESIAN_POINT('',(14.500000000000000,-8.0,0.0));
#7099=DIRECTION('',(0.0,-1.0,0.0));
#7100=DIRECTION('',(0.0,0.0,-1.0));
#7101=AXIS2_PLACEMENT_3D('',#7098,#7099,#7100);
#7102=PLANE('',#7101);
#7103=ORIENTED_EDGE('',*,*,#5699,.F.);
#7104=ORIENTED_EDGE('',*,*,#7093,.F.);
#7105=ORIENTED_EDGE('',*,*,#4177,.F.);
#7106=ORIENTED_EDGE('',*,*,#7052,.T.);
#7107=EDGE_LOOP('',(#7103,#7104,#7105,#7106));
#7108=FACE_OUTER_BOUND('',#7107,.T.);
#7109=ADVANCED_FACE('',(#7108),#7102,.F.);
#7110=CARTESIAN_POINT('',(14.500000000000000,8.0,0.0));
#7111=DIRECTION('',(1.0,0.0,0.0));
#7112=DIRECTION('',(0.0,0.0,-1.0));
#7113=AXIS2_PLACEMENT_3D('',#7110,#7111,#7112);
#7114=PLANE('',#7113);
#7115=ORIENTED_EDGE('',*,*,#5711,.F.);
#7116=CARTESIAN_POINT('',(14.500000000000000,8.0,0.0));
#7117=DIRECTION('',(0.0,0.0,1.0));
#7118=VECTOR('',#7117,1.0);
#7119=LINE('',#7116,#7118);
#7120=EDGE_CURVE('',#4130,#5704,#7119,.T.);
#7121=ORIENTED_EDGE('',*,*,#7120,.F.);
#7122=ORIENTED_EDGE('',*,*,#4135,.F.);
#7123=CARTESIAN_POINT('',(14.500000000000002,6.600000000000002,0.0));
#7124=DIRECTION('',(0.0,0.0,1.0));
#7125=VECTOR('',#7124,1.0);
#7126=LINE('',#7123,#7125);
#7127=EDGE_CURVE('',#4128,#5706,#7126,.T.);
#7128=ORIENTED_EDGE('',*,*,#7127,.T.);
#7129=EDGE_LOOP('',(#7115,#7121,#7122,#7128));
#7130=FACE_OUTER_BOUND('',#7129,.T.);
#7131=ADVANCED_FACE('',(#7130),#7114,.F.);
#7132=CARTESIAN_POINT('',(14.500000000000002,6.600000000000002,0.0));
#7133=DIRECTION('',(0.0,-1.0,0.0));
#7134=DIRECTION('',(0.0,0.0,-1.0));
#7135=AXIS2_PLACEMENT_3D('',#7132,#7133,#7134);
#7136=PLANE('',#7135);
#7137=ORIENTED_EDGE('',*,*,#5719,.F.);
#7138=ORIENTED_EDGE('',*,*,#7127,.F.);
#7139=ORIENTED_EDGE('',*,*,#4157,.F.);
#7140=CARTESIAN_POINT('',(10.0,6.600000000000002,0.0));
#7141=DIRECTION('',(0.0,0.0,1.0));
#7142=VECTOR('',#7141,1.0);
#7143=LINE('',#7140,#7142);
#7144=EDGE_CURVE('',#4146,#5714,#7143,.T.);
#7145=ORIENTED_EDGE('',*,*,#7144,.T.);
#7146=EDGE_LOOP('',(#7137,#7138,#7139,#7145));
#7147=FACE_OUTER_BOUND('',#7146,.T.);
#7148=ADVANCED_FACE('',(#7147),#7136,.F.);
#7149=CARTESIAN_POINT('',(10.0,6.600000000000002,0.0));
#7150=DIRECTION('',(-1.0,0.0,0.0));
#7151=DIRECTION('',(0.0,0.0,1.0));
#7152=AXIS2_PLACEMENT_3D('',#7149,#7150,#7151);
#7153=PLANE('',#7152);
#7154=ORIENTED_EDGE('',*,*,#5727,.F.);
#7155=ORIENTED_EDGE('',*,*,#7144,.F.);
#7156=ORIENTED_EDGE('',*,*,#4151,.F.);
#7157=CARTESIAN_POINT('',(10.0,8.0,0.0));
#7158=DIRECTION('',(0.0,0.0,1.0));
#7159=VECTOR('',#7158,1.0);
#7160=LINE('',#7157,#7159);
#7161=EDGE_CURVE('',#4138,#5722,#7160,.T.);
#7162=ORIENTED_EDGE('',*,*,#7161,.T.);
#7163=EDGE_LOOP('',(#7154,#7155,#7156,#7162));
#7164=FACE_OUTER_BOUND('',#7163,.T.);
#7165=ADVANCED_FACE('',(#7164),#7153,.F.);
#7166=CARTESIAN_POINT('',(10.0,8.0,0.0));
#7167=DIRECTION('',(0.0,1.0,0.0));
#7168=DIRECTION('',(0.0,0.0,1.0));
#7169=AXIS2_PLACEMENT_3D('',#7166,#7167,#7168);
#7170=PLANE('',#7169);
#7171=ORIENTED_EDGE('',*,*,#5733,.F.);
#7172=ORIENTED_EDGE('',*,*,#7161,.F.);
#7173=ORIENTED_EDGE('',*,*,#4143,.F.);
#7174=ORIENTED_EDGE('',*,*,#7120,.T.);
#7175=EDGE_LOOP('',(#7171,#7172,#7173,#7174));
#7176=FACE_OUTER_BOUND('',#7175,.T.);
#7177=ADVANCED_FACE('',(#7176),#7170,.F.);
#7178=CARTESIAN_POINT('',(10.0,11.901891928394289,4.104265059901763));
#7179=DIRECTION('',(1.0,0.0,0.0));
#7180=DIRECTION('',(0.0,0.984807753012208,-0.173648177666931));
#7181=AXIS2_PLACEMENT_3D('',#7178,#7179,#7180);
#7182=PLANE('',#7181);
#7183=CARTESIAN_POINT('',(10.0,11.901891928394289,4.104265059901763));
#7184=VERTEX_POINT('',#7183);
#7185=CARTESIAN_POINT('',(10.0,11.469615506024420,1.652703644666138));
#7186=DIRECTION('',(0.0,0.173648177666930,0.984807753012208));
#7187=VECTOR('',#7186,2.489380701702532);
#7188=LINE('',#7185,#7187);
#7189=EDGE_CURVE('',#6315,#7184,#7188,.T.);
#7190=ORIENTED_EDGE('',*,*,#7189,.T.);
#7191=CARTESIAN_POINT('',(10.0,10.917084175382080,4.277913237568693));
#7192=VERTEX_POINT('',#7191);
#7193=CARTESIAN_POINT('',(10.0,11.901891928394289,4.104265059901763));
#7194=DIRECTION('',(0.0,-0.984807753012208,0.173648177666931));
#7195=VECTOR('',#7194,0.999999999999999);
#7196=LINE('',#7193,#7195);
#7197=EDGE_CURVE('',#7184,#7192,#7196,.T.);
#7198=ORIENTED_EDGE('',*,*,#7197,.T.);
#7199=CARTESIAN_POINT('',(10.0,10.917084175382080,4.277913237568694));
#7200=DIRECTION('',(0.0,-0.173648177666930,-0.984807753012208));
#7201=VECTOR('',#7200,2.489380701702532);
#7202=LINE('',#7199,#7201);
#7203=EDGE_CURVE('',#7192,#6324,#7202,.T.);
#7204=ORIENTED_EDGE('',*,*,#7203,.T.);
#7205=ORIENTED_EDGE('',*,*,#6329,.T.);
#7206=EDGE_LOOP('',(#7190,#7198,#7204,#7205));
#7207=FACE_OUTER_BOUND('',#7206,.T.);
#7208=ADVANCED_FACE('',(#7207),#7182,.T.);
#7209=CARTESIAN_POINT('',(-2.800000000000003,11.901891928394289,4.104265059901765));
#7210=DIRECTION('',(1.734723E-016,0.173648177666931,0.984807753012208));
#7211=DIRECTION('',(0.0,-0.984807753012208,0.173648177666931));
#7212=AXIS2_PLACEMENT_3D('',#7209,#7210,#7211);
#7213=PLANE('',#7212);
#7214=CARTESIAN_POINT('',(-2.800000000000003,10.917084175382081,4.277913237568694));
#7215=VERTEX_POINT('',#7214);
#7216=CARTESIAN_POINT('',(-2.800000000000003,10.917084175382080,4.277913237568694));
#7217=DIRECTION('',(1.0,0.0,0.0));
#7218=VECTOR('',#7217,12.800000000000002);
#7219=LINE('',#7216,#7218);
#7220=EDGE_CURVE('',#7215,#7192,#7219,.T.);
#7221=ORIENTED_EDGE('',*,*,#7220,.T.);
#7222=ORIENTED_EDGE('',*,*,#7197,.F.);
#7223=CARTESIAN_POINT('',(-2.800000000000003,11.901891928394289,4.104265059901765));
#7224=VERTEX_POINT('',#7223);
#7225=CARTESIAN_POINT('',(10.0,11.901891928394289,4.104265059901763));
#7226=DIRECTION('',(-1.0,0.0,0.0));
#7227=VECTOR('',#7226,12.800000000000002);
#7228=LINE('',#7225,#7227);
#7229=EDGE_CURVE('',#7184,#7224,#7228,.T.);
#7230=ORIENTED_EDGE('',*,*,#7229,.T.);
#7231=CARTESIAN_POINT('',(-2.800000000000003,11.901891928394289,4.104265059901765));
#7232=DIRECTION('',(0.0,-0.984807753012208,0.173648177666931));
#7233=VECTOR('',#7232,0.999999999999999);
#7234=LINE('',#7231,#7233);
#7235=EDGE_CURVE('',#7224,#7215,#7234,.T.);
#7236=ORIENTED_EDGE('',*,*,#7235,.T.);
#7237=EDGE_LOOP('',(#7221,#7222,#7230,#7236));
#7238=FACE_OUTER_BOUND('',#7237,.T.);
#7239=ADVANCED_FACE('',(#7238),#7213,.T.);
#7240=CARTESIAN_POINT('',(-2.800000000000002,11.120475128893101,-0.327369828653173));
#7241=DIRECTION('',(-1.0,0.0,0.0));
#7242=DIRECTION('',(0.0,-0.984807753012208,0.173648177666931));
#7243=AXIS2_PLACEMENT_3D('',#7240,#7241,#7242);
#7244=PLANE('',#7243);
#7245=CARTESIAN_POINT('',(-2.800000000000003,10.484807753012211,1.826351822333068));
#7246=DIRECTION('',(-1.783934E-016,0.173648177666931,0.984807753012208));
#7247=VECTOR('',#7246,2.489380701702534);
#7248=LINE('',#7245,#7247);
#7249=EDGE_CURVE('',#6368,#7215,#7248,.T.);
#7250=ORIENTED_EDGE('',*,*,#7249,.T.);
#7251=ORIENTED_EDGE('',*,*,#7235,.F.);
#7252=CARTESIAN_POINT('',(-2.800000000000003,11.901891928394289,4.104265059901765));
#7253=DIRECTION('',(1.783934E-016,-0.173648177666931,-0.984807753012208));
#7254=VECTOR('',#7253,2.489380701702534);
#7255=LINE('',#7252,#7254);
#7256=EDGE_CURVE('',#7224,#6353,#7255,.T.);
#7257=ORIENTED_EDGE('',*,*,#7256,.T.);
#7258=ORIENTED_EDGE('',*,*,#6380,.T.);
#7259=EDGE_LOOP('',(#7250,#7251,#7257,#7258));
#7260=FACE_OUTER_BOUND('',#7259,.T.);
#7261=ADVANCED_FACE('',(#7260),#7244,.T.);
#7262=CARTESIAN_POINT('',(15.0,10.526375775631486,2.062095793291227));
#7263=DIRECTION('',(0.0,-0.984807753012208,0.173648177666931));
#7264=DIRECTION('',(1.0,0.0,0.0));
#7265=AXIS2_PLACEMENT_3D('',#7262,#7263,#7264);
#7266=PLANE('',#7265);
#7267=ORIENTED_EDGE('',*,*,#6414,.T.);
#7268=ORIENTED_EDGE('',*,*,#7203,.F.);
#7269=ORIENTED_EDGE('',*,*,#7220,.F.);
#7270=ORIENTED_EDGE('',*,*,#7249,.F.);
#7271=EDGE_LOOP('',(#7267,#7268,#7269,#7270));
#7272=FACE_OUTER_BOUND('',#7271,.T.);
#7273=ADVANCED_FACE('',(#7272),#7266,.T.);
#7274=CARTESIAN_POINT('',(15.0,11.511183528643693,1.888447615624295));
#7275=DIRECTION('',(0.0,-0.984807753012208,0.173648177666931));
#7276=DIRECTION('',(1.0,0.0,0.0));
#7277=AXIS2_PLACEMENT_3D('',#7274,#7275,#7276);
#7278=PLANE('',#7277);
#7279=ORIENTED_EDGE('',*,*,#6395,.T.);
#7280=ORIENTED_EDGE('',*,*,#7256,.F.);
#7281=ORIENTED_EDGE('',*,*,#7229,.F.);
#7282=ORIENTED_EDGE('',*,*,#7189,.F.);
#7283=EDGE_LOOP('',(#7279,#7280,#7281,#7282));
#7284=FACE_OUTER_BOUND('',#7283,.T.);
#7285=ADVANCED_FACE('',(#7284),#7278,.F.);
#7286=CARTESIAN_POINT('',(-18.000000000000004,1.493059E-015,6.738053289415347));
#7287=DIRECTION('',(-3.732362E-016,0.894427190999916,0.447213595499958));
#7288=DIRECTION('',(1.0,0.0,0.0));
#7289=AXIS2_PLACEMENT_3D('',#7286,#7287,#7288);
#7290=PLANE('',#7289);
#7291=CARTESIAN_POINT('',(-17.000000000000004,1.799327E-015,6.738053289415347));
#7292=VERTEX_POINT('',#7291);
#7293=CARTESIAN_POINT('',(-17.000000000000004,1.250000000000001,4.238053289415351));
#7294=VERTEX_POINT('',#7293);
#7295=CARTESIAN_POINT('',(-17.000000000000004,1.776357E-015,6.738053289415348));
#7296=DIRECTION('',(0.0,0.447213595499958,-0.894427190999916));
#7297=VECTOR('',#7296,2.795084971874734);
#7298=LINE('',#7295,#7297);
#7299=EDGE_CURVE('',#7292,#7294,#7298,.T.);
#7300=ORIENTED_EDGE('',*,*,#7299,.T.);
#7301=CARTESIAN_POINT('',(-18.000000000000004,1.250000000000000,4.238053289415351));
#7302=VERTEX_POINT('',#7301);
#7303=CARTESIAN_POINT('',(-18.000000000000004,1.250000000000000,4.238053289415351));
#7304=DIRECTION('',(1.0,0.0,0.0));
#7305=VECTOR('',#7304,1.0);
#7306=LINE('',#7303,#7305);
#7307=EDGE_CURVE('',#7302,#7294,#7306,.T.);
#7308=ORIENTED_EDGE('',*,*,#7307,.F.);
#7309=CARTESIAN_POINT('',(-18.000000000000004,1.493059E-015,6.738053289415347));
#7310=VERTEX_POINT('',#7309);
#7311=CARTESIAN_POINT('',(-18.000000000000004,1.250000000000000,4.238053289415351));
#7312=DIRECTION('',(0.0,-0.447213595499958,0.894427190999916));
#7313=VECTOR('',#7312,2.795084971874734);
#7314=LINE('',#7311,#7313);
#7315=EDGE_CURVE('',#7302,#7310,#7314,.T.);
#7316=ORIENTED_EDGE('',*,*,#7315,.T.);
#7317=CARTESIAN_POINT('',(-18.000000000000004,1.493059E-015,6.738053289415347));
#7318=DIRECTION('',(1.0,0.0,0.0));
#7319=VECTOR('',#7318,1.0);
#7320=LINE('',#7317,#7319);
#7321=EDGE_CURVE('',#7310,#7292,#7320,.T.);
#7322=ORIENTED_EDGE('',*,*,#7321,.T.);
#7323=EDGE_LOOP('',(#7300,#7308,#7316,#7322));
#7324=FACE_OUTER_BOUND('',#7323,.T.);
#7325=ADVANCED_FACE('',(#7324),#7290,.T.);
#7326=CARTESIAN_POINT('',(-18.000000000000004,-1.250000000000000,4.238053289415351));
#7327=DIRECTION('',(1.746334E-016,-0.894427190999915,0.447213595499959));
#7328=DIRECTION('',(-1.0,0.0,0.0));
#7329=AXIS2_PLACEMENT_3D('',#7326,#7327,#7328);
#7330=PLANE('',#7329);
#7331=CARTESIAN_POINT('',(-17.0,-1.249999999999999,4.238053289415351));
#7332=VERTEX_POINT('',#7331);
#7333=CARTESIAN_POINT('',(-17.000000000000004,-1.249999999999999,4.238053289415351));
#7334=DIRECTION('',(0.0,0.447213595499959,0.894427190999915));
#7335=VECTOR('',#7334,2.795084971874734);
#7336=LINE('',#7333,#7335);
#7337=EDGE_CURVE('',#7332,#7292,#7336,.T.);
#7338=ORIENTED_EDGE('',*,*,#7337,.T.);
#7339=ORIENTED_EDGE('',*,*,#7321,.F.);
#7340=CARTESIAN_POINT('',(-18.000000000000004,-1.250000000000000,4.238053289415351));
#7341=VERTEX_POINT('',#7340);
#7342=CARTESIAN_POINT('',(-18.000000000000004,1.493059E-015,6.738053289415347));
#7343=DIRECTION('',(0.0,-0.447213595499959,-0.894427190999915));
#7344=VECTOR('',#7343,2.795084971874734);
#7345=LINE('',#7342,#7344);
#7346=EDGE_CURVE('',#7310,#7341,#7345,.T.);
#7347=ORIENTED_EDGE('',*,*,#7346,.T.);
#7348=CARTESIAN_POINT('',(-18.000000000000004,-1.250000000000000,4.238053289415351));
#7349=DIRECTION('',(1.0,0.0,0.0));
#7350=VECTOR('',#7349,1.0);
#7351=LINE('',#7348,#7350);
#7352=EDGE_CURVE('',#7341,#7332,#7351,.T.);
#7353=ORIENTED_EDGE('',*,*,#7352,.T.);
#7354=EDGE_LOOP('',(#7338,#7339,#7347,#7353));
#7355=FACE_OUTER_BOUND('',#7354,.T.);
#7356=ADVANCED_FACE('',(#7355),#7330,.T.);
#7357=CARTESIAN_POINT('',(-18.0,-7.250000000000005,-0.261946710584651));
#7358=DIRECTION('',(0.0,-1.0,0.0));
#7359=DIRECTION('',(-1.0,0.0,0.0));
#7360=AXIS2_PLACEMENT_3D('',#7357,#7358,#7359);
#7361=PLANE('',#7360);
#7362=CARTESIAN_POINT('',(-17.0,-7.250000000000004,4.238053289415351));
#7363=VERTEX_POINT('',#7362);
#7364=CARTESIAN_POINT('',(-17.0,-7.250000000000004,2.000000000000004));
#7365=DIRECTION('',(0.0,0.0,1.0));
#7366=VECTOR('',#7365,2.238053289415347);
#7367=LINE('',#7364,#7366);
#7368=EDGE_CURVE('',#6025,#7363,#7367,.T.);
#7369=ORIENTED_EDGE('',*,*,#7368,.T.);
#7370=CARTESIAN_POINT('',(-18.0,-7.250000000000004,4.238053289415351));
#7371=VERTEX_POINT('',#7370);
#7372=CARTESIAN_POINT('',(-18.0,-7.250000000000004,4.238053289415351));
#7373=DIRECTION('',(1.0,0.0,0.0));
#7374=VECTOR('',#7373,1.0);
#7375=LINE('',#7372,#7374);
#7376=EDGE_CURVE('',#7371,#7363,#7375,.T.);
#7377=ORIENTED_EDGE('',*,*,#7376,.F.);
#7378=CARTESIAN_POINT('',(-18.0,-7.250000000000004,4.238053289415351));
#7379=DIRECTION('',(0.0,0.0,-1.0));
#7380=VECTOR('',#7379,2.238053289415347);
#7381=LINE('',#7378,#7380);
#7382=EDGE_CURVE('',#7371,#6010,#7381,.T.);
#7383=ORIENTED_EDGE('',*,*,#7382,.T.);
#7384=ORIENTED_EDGE('',*,*,#6037,.T.);
#7385=EDGE_LOOP('',(#7369,#7377,#7383,#7384));
#7386=FACE_OUTER_BOUND('',#7385,.T.);
#7387=ADVANCED_FACE('',(#7386),#7361,.T.);
#7388=CARTESIAN_POINT('',(-18.000000000000004,1.250000000000000,4.238053289415351));
#7389=DIRECTION('',(0.0,0.0,1.0));
#7390=DIRECTION('',(1.0,0.0,0.0));
#7391=AXIS2_PLACEMENT_3D('',#7388,#7389,#7390);
#7392=PLANE('',#7391);
#7393=ORIENTED_EDGE('',*,*,#7352,.F.);
#7394=CARTESIAN_POINT('',(-18.0,-1.249999999999999,4.238053289415351));
#7395=DIRECTION('',(0.0,-1.0,0.0));
#7396=VECTOR('',#7395,6.000000000000005);
#7397=LINE('',#7394,#7396);
#7398=EDGE_CURVE('',#7341,#7371,#7397,.T.);
#7399=ORIENTED_EDGE('',*,*,#7398,.T.);
#7400=ORIENTED_EDGE('',*,*,#7376,.T.);
#7401=CARTESIAN_POINT('',(-17.0,-7.250000000000004,4.238053289415351));
#7402=DIRECTION('',(0.0,1.0,0.0));
#7403=VECTOR('',#7402,6.000000000000005);
#7404=LINE('',#7401,#7403);
#7405=EDGE_CURVE('',#7363,#7332,#7404,.T.);
#7406=ORIENTED_EDGE('',*,*,#7405,.T.);
#7407=EDGE_LOOP('',(#7393,#7399,#7400,#7406));
#7408=FACE_OUTER_BOUND('',#7407,.T.);
#7409=ADVANCED_FACE('',(#7408),#7392,.T.);
#7410=CARTESIAN_POINT('',(-18.000000000000004,1.250000000000000,4.238053289415351));
#7411=DIRECTION('',(0.0,0.0,1.0));
#7412=DIRECTION('',(1.0,0.0,0.0));
#7413=AXIS2_PLACEMENT_3D('',#7410,#7411,#7412);
#7414=PLANE('',#7413);
#7415=ORIENTED_EDGE('',*,*,#7307,.T.);
#7416=CARTESIAN_POINT('',(-17.000000000000004,7.249999999999997,4.238053289415351));
#7417=VERTEX_POINT('',#7416);
#7418=CARTESIAN_POINT('',(-17.0,1.250000000000001,4.238053289415351));
#7419=DIRECTION('',(0.0,1.0,0.0));
#7420=VECTOR('',#7419,5.999999999999996);
#7421=LINE('',#7418,#7420);
#7422=EDGE_CURVE('',#7294,#7417,#7421,.T.);
#7423=ORIENTED_EDGE('',*,*,#7422,.T.);
#7424=CARTESIAN_POINT('',(-18.000000000000004,7.249999999999997,4.238053289415351));
#7425=VERTEX_POINT('',#7424);
#7426=CARTESIAN_POINT('',(-18.000000000000004,7.249999999999997,4.238053289415351));
#7427=DIRECTION('',(1.0,0.0,0.0));
#7428=VECTOR('',#7427,1.0);
#7429=LINE('',#7426,#7428);
#7430=EDGE_CURVE('',#7425,#7417,#7429,.T.);
#7431=ORIENTED_EDGE('',*,*,#7430,.F.);
#7432=CARTESIAN_POINT('',(-18.000000000000004,7.249999999999997,4.238053289415351));
#7433=DIRECTION('',(0.0,-1.0,0.0));
#7434=VECTOR('',#7433,5.999999999999996);
#7435=LINE('',#7432,#7434);
#7436=EDGE_CURVE('',#7425,#7302,#7435,.T.);
#7437=ORIENTED_EDGE('',*,*,#7436,.T.);
#7438=EDGE_LOOP('',(#7415,#7423,#7431,#7437));
#7439=FACE_OUTER_BOUND('',#7438,.T.);
#7440=ADVANCED_FACE('',(#7439),#7414,.T.);
#7441=CARTESIAN_POINT('',(-18.0,11.749999999999989,-31.261946710584656));
#7442=DIRECTION('',(1.0,0.0,0.0));
#7443=DIRECTION('',(0.0,0.0,-1.0));
#7444=AXIS2_PLACEMENT_3D('',#7441,#7442,#7443);
#7445=PLANE('',#7444);
#7446=ORIENTED_EDGE('',*,*,#6052,.T.);
#7447=ORIENTED_EDGE('',*,*,#7382,.F.);
#7448=ORIENTED_EDGE('',*,*,#7398,.F.);
#7449=ORIENTED_EDGE('',*,*,#7346,.F.);
#7450=ORIENTED_EDGE('',*,*,#7315,.F.);
#7451=ORIENTED_EDGE('',*,*,#7436,.F.);
#7452=CARTESIAN_POINT('',(-18.000000000000004,7.249999999999996,2.000000000000002));
#7453=DIRECTION('',(0.0,0.0,1.0));
#7454=VECTOR('',#7453,2.238053289415348);
#7455=LINE('',#7452,#7454);
#7456=EDGE_CURVE('',#5972,#7425,#7455,.T.);
#7457=ORIENTED_EDGE('',*,*,#7456,.F.);
#7458=EDGE_LOOP('',(#7446,#7447,#7448,#7449,#7450,#7451,#7457));
#7459=FACE_OUTER_BOUND('',#7458,.T.);
#7460=ADVANCED_FACE('',(#7459),#7445,.F.);
#7461=CARTESIAN_POINT('',(-18.000000000000004,7.249999999999997,4.238053289415351));
#7462=DIRECTION('',(0.0,1.0,0.0));
#7463=DIRECTION('',(1.0,0.0,0.0));
#7464=AXIS2_PLACEMENT_3D('',#7461,#7462,#7463);
#7465=PLANE('',#7464);
#7466=ORIENTED_EDGE('',*,*,#7456,.T.);
#7467=ORIENTED_EDGE('',*,*,#7430,.T.);
#7468=CARTESIAN_POINT('',(-17.000000000000004,7.249999999999996,4.238053289415349));
#7469=DIRECTION('',(0.0,0.0,-1.0));
#7470=VECTOR('',#7469,2.238053289415348);
#7471=LINE('',#7468,#7470);
#7472=EDGE_CURVE('',#7417,#5981,#7471,.T.);
#7473=ORIENTED_EDGE('',*,*,#7472,.T.);
#7474=ORIENTED_EDGE('',*,*,#5986,.T.);
#7475=EDGE_LOOP('',(#7466,#7467,#7473,#7474));
#7476=FACE_OUTER_BOUND('',#7475,.T.);
#7477=ADVANCED_FACE('',(#7476),#7465,.T.);
#7478=CARTESIAN_POINT('',(-16.999999999999996,11.749999999999993,-31.261946710584656));
#7479=DIRECTION('',(1.0,0.0,0.0));
#7480=DIRECTION('',(0.0,0.0,-1.0));
#7481=AXIS2_PLACEMENT_3D('',#7478,#7479,#7480);
#7482=PLANE('',#7481);
#7483=ORIENTED_EDGE('',*,*,#6071,.T.);
#7484=ORIENTED_EDGE('',*,*,#7472,.F.);
#7485=ORIENTED_EDGE('',*,*,#7422,.F.);
#7486=ORIENTED_EDGE('',*,*,#7299,.F.);
#7487=ORIENTED_EDGE('',*,*,#7337,.F.);
#7488=ORIENTED_EDGE('',*,*,#7405,.F.);
#7489=ORIENTED_EDGE('',*,*,#7368,.F.);
#7490=EDGE_LOOP('',(#7483,#7484,#7485,#7486,#7487,#7488,#7489));
#7491=FACE_OUTER_BOUND('',#7490,.T.);
#7492=ADVANCED_FACE('',(#7491),#7482,.T.);
#7493=CARTESIAN_POINT('',(10.000000000000002,-11.901891928394285,4.104265059901765));
#7494=DIRECTION('',(4.557600E-016,-0.173648177666931,0.984807753012208));
#7495=DIRECTION('',(-3.364173E-016,-0.984807753012208,-0.173648177666931));
#7496=AXIS2_PLACEMENT_3D('',#7493,#7494,#7495);
#7497=PLANE('',#7496);
#7498=CARTESIAN_POINT('',(10.000000000000002,-10.917084175382080,4.277913237568694));
#7499=VERTEX_POINT('',#7498);
#7500=CARTESIAN_POINT('',(-2.799999999999999,-10.917084175382074,4.277913237568702));
#7501=VERTEX_POINT('',#7500);
#7502=CARTESIAN_POINT('',(10.000000000000004,-10.917084175382078,4.277913237568695));
#7503=DIRECTION('',(-1.0,0.0,0.0));
#7504=VECTOR('',#7503,12.800000000000002);
#7505=LINE('',#7502,#7504);
#7506=EDGE_CURVE('',#7499,#7501,#7505,.T.);
#7507=ORIENTED_EDGE('',*,*,#7506,.T.);
#7508=CARTESIAN_POINT('',(-2.800000000000000,-11.901891928394283,4.104265059901771));
#7509=VERTEX_POINT('',#7508);
#7510=CARTESIAN_POINT('',(-2.800000000000000,-11.901891928394283,4.104265059901771));
#7511=DIRECTION('',(4.440892E-016,0.984807753012208,0.173648177666931));
#7512=VECTOR('',#7511,0.999999999999999);
#7513=LINE('',#7510,#7512);
#7514=EDGE_CURVE('',#7509,#7501,#7513,.T.);
#7515=ORIENTED_EDGE('',*,*,#7514,.F.);
#7516=CARTESIAN_POINT('',(10.000000000000002,-11.901891928394285,4.104265059901765));
#7517=VERTEX_POINT('',#7516);
#7518=CARTESIAN_POINT('',(-2.800000000000000,-11.901891928394283,4.104265059901771));
#7519=DIRECTION('',(1.0,0.0,0.0));
#7520=VECTOR('',#7519,12.800000000000004);
#7521=LINE('',#7518,#7520);
#7522=EDGE_CURVE('',#7509,#7517,#7521,.T.);
#7523=ORIENTED_EDGE('',*,*,#7522,.T.);
#7524=CARTESIAN_POINT('',(10.000000000000002,-11.901891928394285,4.104265059901765));
#7525=DIRECTION('',(0.0,0.984807753012208,0.173648177666931));
#7526=VECTOR('',#7525,0.999999999999999);
#7527=LINE('',#7524,#7526);
#7528=EDGE_CURVE('',#7517,#7499,#7527,.T.);
#7529=ORIENTED_EDGE('',*,*,#7528,.T.);
#7530=EDGE_LOOP('',(#7507,#7515,#7523,#7529));
#7531=FACE_OUTER_BOUND('',#7530,.T.);
#7532=ADVANCED_FACE('',(#7531),#7497,.T.);
#7533=CARTESIAN_POINT('',(10.0,-11.120475128893100,-0.327369828653173));
#7534=DIRECTION('',(1.0,0.0,0.0));
#7535=DIRECTION('',(0.0,-0.984807753012208,-0.173648177666931));
#7536=AXIS2_PLACEMENT_3D('',#7533,#7534,#7535);
#7537=PLANE('',#7536);
#7538=CARTESIAN_POINT('',(10.000000000000002,-10.484807753012209,1.826351822333066));
#7539=DIRECTION('',(0.0,-0.173648177666931,0.984807753012208));
#7540=VECTOR('',#7539,2.489380701702537);
#7541=LINE('',#7538,#7540);
#7542=EDGE_CURVE('',#4924,#7499,#7541,.T.);
#7543=ORIENTED_EDGE('',*,*,#7542,.T.);
#7544=ORIENTED_EDGE('',*,*,#7528,.F.);
#7545=CARTESIAN_POINT('',(10.000000000000002,-11.901891928394285,4.104265059901765));
#7546=DIRECTION('',(0.0,0.173648177666931,-0.984807753012208));
#7547=VECTOR('',#7546,2.489380701702537);
#7548=LINE('',#7545,#7547);
#7549=EDGE_CURVE('',#7517,#4907,#7548,.T.);
#7550=ORIENTED_EDGE('',*,*,#7549,.T.);
#7551=ORIENTED_EDGE('',*,*,#4936,.T.);
#7552=EDGE_LOOP('',(#7543,#7544,#7550,#7551));
#7553=FACE_OUTER_BOUND('',#7552,.T.);
#7554=ADVANCED_FACE('',(#7553),#7537,.T.);
#7555=CARTESIAN_POINT('',(14.999999999999996,-7.430451353470826,-21.254534580162595));
#7556=DIRECTION('',(3.364173E-016,0.984807753012208,0.173648177666931));
#7557=DIRECTION('',(1.0,0.0,0.0));
#7558=AXIS2_PLACEMENT_3D('',#7555,#7556,#7557);
#7559=PLANE('',#7558);
#7560=ORIENTED_EDGE('',*,*,#4951,.T.);
#7561=ORIENTED_EDGE('',*,*,#7549,.F.);
#7562=ORIENTED_EDGE('',*,*,#7522,.F.);
#7563=CARTESIAN_POINT('',(-2.800000000000001,-11.469615506024411,1.652703644666137));
#7564=DIRECTION('',(5.351803E-016,-0.173648177666931,0.984807753012208));
#7565=VECTOR('',#7564,2.489380701702543);
#7566=LINE('',#7563,#7565);
#7567=EDGE_CURVE('',#4867,#7509,#7566,.T.);
#7568=ORIENTED_EDGE('',*,*,#7567,.F.);
#7569=EDGE_LOOP('',(#7560,#7561,#7562,#7568));
#7570=FACE_OUTER_BOUND('',#7569,.T.);
#7571=ADVANCED_FACE('',(#7570),#7559,.F.);
#7572=CARTESIAN_POINT('',(-2.800000000000000,-11.901891928394283,4.104265059901771));
#7573=DIRECTION('',(-1.0,0.0,0.0));
#7574=DIRECTION('',(0.0,0.984807753012208,0.173648177666931));
#7575=AXIS2_PLACEMENT_3D('',#7572,#7573,#7574);
#7576=PLANE('',#7575);
#7577=ORIENTED_EDGE('',*,*,#7567,.T.);
#7578=ORIENTED_EDGE('',*,*,#7514,.T.);
#7579=CARTESIAN_POINT('',(-2.799999999999999,-10.917084175382078,4.277913237568702));
#7580=DIRECTION('',(-5.351803E-016,0.173648177666931,-0.984807753012208));
#7581=VECTOR('',#7580,2.489380701702542);
#7582=LINE('',#7579,#7581);
#7583=EDGE_CURVE('',#7501,#4876,#7582,.T.);
#7584=ORIENTED_EDGE('',*,*,#7583,.T.);
#7585=ORIENTED_EDGE('',*,*,#4881,.T.);
#7586=EDGE_LOOP('',(#7577,#7578,#7584,#7585));
#7587=FACE_OUTER_BOUND('',#7586,.T.);
#7588=ADVANCED_FACE('',(#7587),#7576,.T.);
#7589=CARTESIAN_POINT('',(14.999999999999996,-6.445643600458617,-21.080886402495665));
#7590=DIRECTION('',(3.364173E-016,0.984807753012208,0.173648177666931));
#7591=DIRECTION('',(1.0,0.0,0.0));
#7592=AXIS2_PLACEMENT_3D('',#7589,#7590,#7591);
#7593=PLANE('',#7592);
#7594=ORIENTED_EDGE('',*,*,#4975,.T.);
#7595=ORIENTED_EDGE('',*,*,#7583,.F.);
#7596=ORIENTED_EDGE('',*,*,#7506,.F.);
#7597=ORIENTED_EDGE('',*,*,#7542,.F.);
#7598=EDGE_LOOP('',(#7594,#7595,#7596,#7597));
#7599=FACE_OUTER_BOUND('',#7598,.T.);
#7600=ADVANCED_FACE('',(#7599),#7593,.T.);
#7601=CLOSED_SHELL('',(#4274,#4302,#4311,#4331,#4351,#4360,#4402,#4444,#4486,#4528,#4570,#4594,#4618,#4676,#4717,#4743,#4759,#4781,#4812,#4830,#4847,#4860,#4900,#4940,#4957,#4979,#5019,#5059,#5076,#5098,#5138,#5160,#5177,#5194,#5206,#5230,#5254,#5278,#5737,#5754,#5771,#5788,#5805,#5827,#5839,#5851,#5868,#5885,#5902,#5919,#5936,#5948,#5965,#6003,#6041,#6058,#6075,#6092,#6109,#6126,#6138,#6170,#6196,#6218,#6229,#6260,#6282,#6295,#6308,#6346,#6384,#6401,#6418,#6456,#6494,#6511,#6528,#6559,#6590,#6612,#6624,#6636,#6653,#6675,#6687,#6704,#6721,#6738,#6750,#6767,#6789,#6801,#6818,#6835,#6852,#6864,#6881,#6893,#6905,#6927,#6944,#6961,#6973,#6995,#7012,#7029,#7041,#7063,#7080,#7097,#7109,#7131,#7148,#7165,#7177,#7208,#7239,#7261,#7273,#7285,#7325,#7356,#7387,#7409,#7440,#7460,#7477,#7492,#7532,#7554,#7571,#7588,#7600));
#7602=MANIFOLD_SOLID_BREP('Solid1',#7601);
#7603=STYLED_ITEM('',(#543),#7602);
#7604=ADVANCED_BREP_SHAPE_REPRESENTATION('ABSR',(#7602),#3736);
#7605=SHAPE_REPRESENTATION_RELATIONSHIP('SRR','None',#7604,#3741);
#7606=AXIS2_PLACEMENT_3D('',#7607,#7608,#7609);
#7607=CARTESIAN_POINT('',(-94.750000000000014,9.667690E-015,3.599999999999988));
#7608=DIRECTION('',(-1.004570E-015,-6.571225E-016,-0.999999999999999));
#7609=DIRECTION('',(1.000000000000001,7.077672E-016,1.122904E-016));
#7610=NEXT_ASSEMBLY_USAGE_OCCURRENCE('1427J - insert:1','1427J - insert:1','1427J - insert:1',#12,#3712,'1427J - insert:1');
#7611=PRODUCT_DEFINITION_SHAPE('1427J - insert:1','1427J - insert:1',#7610);
#7612=ITEM_DEFINED_TRANSFORMATION('1427J - insert:1','1427J - insert:1',#3737,#7606);
#7616=(REPRESENTATION_RELATIONSHIP('1427J - insert:1','1427J - insert:1',#3741,#41)REPRESENTATION_RELATIONSHIP_WITH_TRANSFORMATION(#7612)SHAPE_REPRESENTATION_RELATIONSHIP());
#7617=CONTEXT_DEPENDENT_SHAPE_REPRESENTATION(#7616,#7611);
#7618=AXIS2_PLACEMENT_3D('',#7619,#7620,#7621);
#7619=CARTESIAN_POINT('',(95.749999999999801,-8.770459E-016,3.600000000000001));
#7620=DIRECTION('',(8.669689E-016,5.309830E-016,-0.999999999999999));
#7621=DIRECTION('',(-0.999999999999998,-3.885781E-016,-1.271052E-017));
#7622=NEXT_ASSEMBLY_USAGE_OCCURRENCE('1427J - insert:2','1427J - insert:2','1427J - insert:2',#12,#3712,'1427J - insert:2');
#7623=PRODUCT_DEFINITION_SHAPE('1427J - insert:2','1427J - insert:2',#7622);
#7624=ITEM_DEFINED_TRANSFORMATION('1427J - insert:2','1427J - insert:2',#3737,#7618);
#7628=(REPRESENTATION_RELATIONSHIP('1427J - insert:2','1427J - insert:2',#3741,#41)REPRESENTATION_RELATIONSHIP_WITH_TRANSFORMATION(#7624)SHAPE_REPRESENTATION_RELATIONSHIP());
#7629=CONTEXT_DEPENDENT_SHAPE_REPRESENTATION(#7628,#7623);
#7630=APPLICATION_CONTEXT('automotive design');
#7631=APPLICATION_PROTOCOL_DEFINITION('International Standard','automotive_design',2001,#7630);
#7632=PRODUCT_CONTEXT('',#7630,'mechanical');
#7633=PRODUCT('washer2','washer2',$,(#7632));
#7634=PRODUCT_RELATED_PRODUCT_CATEGORY('part',$,(#7633));
#7635=PRODUCT_DEFINITION_FORMATION('',$,#7633);
#7636=PRODUCT_DEFINITION_CONTEXT('part definition',#7630,'design');
#7637=PRODUCT_DEFINITION('',$,#7635,#7636);
#7643=(NAMED_UNIT(*)PLANE_ANGLE_UNIT()SI_UNIT($,.RADIAN.));
#7644=DIMENSIONAL_EXPONENTS(0.0,0.0,0.0,0.0,0.0,0.0,0.0);
#7645=PLANE_ANGLE_MEASURE_WITH_UNIT(PLANE_ANGLE_MEASURE(0.017453292500000),#7643);
#7649=(CONVERSION_BASED_UNIT('DEGREE',#7645)NAMED_UNIT(#7644)PLANE_ANGLE_UNIT());
#7653=(NAMED_UNIT(*)SI_UNIT($,.STERADIAN.)SOLID_ANGLE_UNIT());
#7657=(LENGTH_UNIT()NAMED_UNIT(*)SI_UNIT(.MILLI.,.METRE.));
#7659=UNCERTAINTY_MEASURE_WITH_UNIT(LENGTH_MEASURE(0.010000000000000),#7657,'DISTANCE_ACCURACY_VALUE','');
#7661=(GEOMETRIC_REPRESENTATION_CONTEXT(3)GLOBAL_UNCERTAINTY_ASSIGNED_CONTEXT((#7659))GLOBAL_UNIT_ASSIGNED_CONTEXT((#7649,#7653,#7657))REPRESENTATION_CONTEXT('None','None'));
#7662=AXIS2_PLACEMENT_3D('',#7663,#7664,#7665);
#7663=CARTESIAN_POINT('',(0.0,0.0,0.0));
#7664=DIRECTION('',(0.0,0.0,1.0));
#7665=DIRECTION('',(1.0,0.0,0.0));
#7666=SHAPE_REPRESENTATION('',(#7662),#7661);
#7667=PRODUCT_DEFINITION_SHAPE('','',#7637);
#7668=SHAPE_DEFINITION_REPRESENTATION(#7667,#7666);
#7674=(NAMED_UNIT(*)PLANE_ANGLE_UNIT()SI_UNIT($,.RADIAN.));
#7675=DIMENSIONAL_EXPONENTS(0.0,0.0,0.0,0.0,0.0,0.0,0.0);
#7676=PLANE_ANGLE_MEASURE_WITH_UNIT(PLANE_ANGLE_MEASURE(0.017453292500000),#7674);
#7680=(CONVERSION_BASED_UNIT('DEGREE',#7676)NAMED_UNIT(#7675)PLANE_ANGLE_UNIT());
#7684=(NAMED_UNIT(*)SI_UNIT($,.STERADIAN.)SOLID_ANGLE_UNIT());
#7688=(LENGTH_UNIT()NAMED_UNIT(*)SI_UNIT(.MILLI.,.METRE.));
#7690=UNCERTAINTY_MEASURE_WITH_UNIT(LENGTH_MEASURE(0.000001000000000),#7688,'DISTANCE_ACCURACY_VALUE','');
#7692=(GEOMETRIC_REPRESENTATION_CONTEXT(3)GLOBAL_UNCERTAINTY_ASSIGNED_CONTEXT((#7690))GLOBAL_UNIT_ASSIGNED_CONTEXT((#7680,#7684,#7688))REPRESENTATION_CONTEXT('','3D'));
#7693=CARTESIAN_POINT('',(0.0,0.0,0.0));
#7694=DIRECTION('',(0.0,0.0,1.0));
#7695=DIRECTION('',(-1.0,0.0,0.0));
#7696=AXIS2_PLACEMENT_3D('',#7693,#7694,#7695);
#7697=CYLINDRICAL_SURFACE('',#7696,3.250000000000000);
#7698=CARTESIAN_POINT('',(3.250000000000000,3.980102E-016,1.0));
#7699=VERTEX_POINT('',#7698);
#7700=CARTESIAN_POINT('',(0.0,0.0,1.0));
#7701=DIRECTION('',(0.0,0.0,-1.0));
#7702=DIRECTION('',(-1.0,0.0,0.0));
#7703=AXIS2_PLACEMENT_3D('',#7700,#7701,#7702);
#7704=CIRCLE('',#7703,3.250000000000000);
#7705=EDGE_CURVE('',#7699,#7699,#7704,.T.);
#7706=ORIENTED_EDGE('',*,*,#7705,.F.);
#7707=EDGE_LOOP('',(#7706));
#7708=FACE_OUTER_BOUND('',#7707,.T.);
#7709=CARTESIAN_POINT('',(3.250000000000000,3.980102E-016,0.0));
#7710=VERTEX_POINT('',#7709);
#7711=CARTESIAN_POINT('',(0.0,0.0,0.0));
#7712=DIRECTION('',(0.0,0.0,1.0));
#7713=DIRECTION('',(-1.0,0.0,0.0));
#7714=AXIS2_PLACEMENT_3D('',#7711,#7712,#7713);
#7715=CIRCLE('',#7714,3.250000000000000);
#7716=EDGE_CURVE('',#7710,#7710,#7715,.T.);
#7717=ORIENTED_EDGE('',*,*,#7716,.F.);
#7718=EDGE_LOOP('',(#7717));
#7719=FACE_BOUND('',#7718,.T.);
#7720=ADVANCED_FACE('',(#7708,#7719),#7697,.F.);
#7721=CARTESIAN_POINT('',(0.0,0.0,0.0));
#7722=DIRECTION('',(0.0,0.0,1.0));
#7723=DIRECTION('',(-1.0,0.0,0.0));
#7724=AXIS2_PLACEMENT_3D('',#7721,#7722,#7723);
#7725=CYLINDRICAL_SURFACE('',#7724,8.0);
#7726=CARTESIAN_POINT('',(8.0,9.797174E-016,1.0));
#7727=VERTEX_POINT('',#7726);
#7728=CARTESIAN_POINT('',(0.0,0.0,1.0));
#7729=DIRECTION('',(0.0,0.0,-1.0));
#7730=DIRECTION('',(-1.0,0.0,0.0));
#7731=AXIS2_PLACEMENT_3D('',#7728,#7729,#7730);
#7732=CIRCLE('',#7731,8.0);
#7733=EDGE_CURVE('',#7727,#7727,#7732,.T.);
#7734=ORIENTED_EDGE('',*,*,#7733,.T.);
#7735=EDGE_LOOP('',(#7734));
#7736=FACE_OUTER_BOUND('',#7735,.T.);
#7737=CARTESIAN_POINT('',(8.0,9.797174E-016,0.0));
#7738=VERTEX_POINT('',#7737);
#7739=CARTESIAN_POINT('',(0.0,0.0,0.0));
#7740=DIRECTION('',(0.0,0.0,-1.0));
#7741=DIRECTION('',(-1.0,0.0,0.0));
#7742=AXIS2_PLACEMENT_3D('',#7739,#7740,#7741);
#7743=CIRCLE('',#7742,8.0);
#7744=EDGE_CURVE('',#7738,#7738,#7743,.T.);
#7745=ORIENTED_EDGE('',*,*,#7744,.F.);
#7746=EDGE_LOOP('',(#7745));
#7747=FACE_BOUND('',#7746,.T.);
#7748=ADVANCED_FACE('',(#7736,#7747),#7725,.T.);
#7749=CARTESIAN_POINT('',(0.0,0.0,1.0));
#7750=DIRECTION('',(0.0,0.0,-1.0));
#7751=DIRECTION('',(-1.0,0.0,0.0));
#7752=AXIS2_PLACEMENT_3D('',#7749,#7750,#7751);
#7753=PLANE('',#7752);
#7754=ORIENTED_EDGE('',*,*,#7733,.F.);
#7755=EDGE_LOOP('',(#7754));
#7756=FACE_OUTER_BOUND('',#7755,.T.);
#7757=ORIENTED_EDGE('',*,*,#7705,.T.);
#7758=EDGE_LOOP('',(#7757));
#7759=FACE_BOUND('',#7758,.T.);
#7760=ADVANCED_FACE('',(#7756,#7759),#7753,.F.);
#7761=CARTESIAN_POINT('',(0.0,0.0,0.0));
#7762=DIRECTION('',(0.0,0.0,-1.0));
#7763=DIRECTION('',(-1.0,0.0,0.0));
#7764=AXIS2_PLACEMENT_3D('',#7761,#7762,#7763);
#7765=PLANE('',#7764);
#7766=ORIENTED_EDGE('',*,*,#7744,.T.);
#7767=EDGE_LOOP('',(#7766));
#7768=FACE_OUTER_BOUND('',#7767,.T.);
#7769=ORIENTED_EDGE('',*,*,#7716,.T.);
#7770=EDGE_LOOP('',(#7769));
#7771=FACE_BOUND('',#7770,.T.);
#7772=ADVANCED_FACE('',(#7768,#7771),#7765,.T.);
#7773=CLOSED_SHELL('',(#7720,#7748,#7760,#7772));
#7774=MANIFOLD_SOLID_BREP('Solid1',#7773);
#7775=STYLED_ITEM('',(#543),#7774);
#7776=ADVANCED_BREP_SHAPE_REPRESENTATION('ABSR',(#7774),#7661);
#7777=SHAPE_REPRESENTATION_RELATIONSHIP('SRR','None',#7776,#7666);
#7778=AXIS2_PLACEMENT_3D('',#7779,#7780,#7781);
#7779=CARTESIAN_POINT('',(95.749999999999815,2.498656E-015,-3.399999999999989));
#7780=DIRECTION('',(-3.373855E-047,-1.936436E-016,1.0));
#7781=DIRECTION('',(1.0,5.148872E-031,-2.604877E-046));
#7782=NEXT_ASSEMBLY_USAGE_OCCURRENCE('washer2:1','washer2:1','washer2:1',#12,#7637,'washer2:1');
#7783=PRODUCT_DEFINITION_SHAPE('washer2:1','washer2:1',#7782);
#7784=ITEM_DEFINED_TRANSFORMATION('washer2:1','washer2:1',#7662,#7778);
#7788=(REPRESENTATION_RELATIONSHIP('washer2:1','washer2:1',#7666,#41)REPRESENTATION_RELATIONSHIP_WITH_TRANSFORMATION(#7784)SHAPE_REPRESENTATION_RELATIONSHIP());
#7789=CONTEXT_DEPENDENT_SHAPE_REPRESENTATION(#7788,#7783);
#7790=AXIS2_PLACEMENT_3D('',#7791,#7792,#7793);
#7791=CARTESIAN_POINT('',(-94.750000000000028,5.061140E-015,-3.400000000000012));
#7792=DIRECTION('',(-4.372501E-047,-1.936436E-016,1.0));
#7793=DIRECTION('',(1.0,6.188825E-031,3.911716E-046));
#7794=NEXT_ASSEMBLY_USAGE_OCCURRENCE('washer2:2','washer2:2','washer2:2',#12,#7637,'washer2:2');
#7795=PRODUCT_DEFINITION_SHAPE('washer2:2','washer2:2',#7794);
#7796=ITEM_DEFINED_TRANSFORMATION('washer2:2','washer2:2',#7662,#7790);
#7800=(REPRESENTATION_RELATIONSHIP('washer2:2','washer2:2',#7666,#41)REPRESENTATION_RELATIONSHIP_WITH_TRANSFORMATION(#7796)SHAPE_REPRESENTATION_RELATIONSHIP());
#7801=CONTEXT_DEPENDENT_SHAPE_REPRESENTATION(#7800,#7795);
#7802=APPLICATION_CONTEXT('automotive design');
#7803=APPLICATION_PROTOCOL_DEFINITION('International Standard','automotive_design',2001,#7802);
#7804=PRODUCT_CONTEXT('',#7802,'mechanical');
#7805=PRODUCT('lockwasher2','lockwasher2',$,(#7804));
#7806=PRODUCT_RELATED_PRODUCT_CATEGORY('part',$,(#7805));
#7807=PRODUCT_DEFINITION_FORMATION('',$,#7805);
#7808=PRODUCT_DEFINITION_CONTEXT('part definition',#7802,'design');
#7809=PRODUCT_DEFINITION('',$,#7807,#7808);
#7815=(NAMED_UNIT(*)PLANE_ANGLE_UNIT()SI_UNIT($,.RADIAN.));
#7816=DIMENSIONAL_EXPONENTS(0.0,0.0,0.0,0.0,0.0,0.0,0.0);
#7817=PLANE_ANGLE_MEASURE_WITH_UNIT(PLANE_ANGLE_MEASURE(0.017453292500000),#7815);
#7821=(CONVERSION_BASED_UNIT('DEGREE',#7817)NAMED_UNIT(#7816)PLANE_ANGLE_UNIT());
#7825=(NAMED_UNIT(*)SI_UNIT($,.STERADIAN.)SOLID_ANGLE_UNIT());
#7829=(LENGTH_UNIT()NAMED_UNIT(*)SI_UNIT(.MILLI.,.METRE.));
#7831=UNCERTAINTY_MEASURE_WITH_UNIT(LENGTH_MEASURE(0.010000000000000),#7829,'DISTANCE_ACCURACY_VALUE','');
#7833=(GEOMETRIC_REPRESENTATION_CONTEXT(3)GLOBAL_UNCERTAINTY_ASSIGNED_CONTEXT((#7831))GLOBAL_UNIT_ASSIGNED_CONTEXT((#7821,#7825,#7829))REPRESENTATION_CONTEXT('None','None'));
#7834=AXIS2_PLACEMENT_3D('',#7835,#7836,#7837);
#7835=CARTESIAN_POINT('',(0.0,0.0,0.0));
#7836=DIRECTION('',(0.0,0.0,1.0));
#7837=DIRECTION('',(1.0,0.0,0.0));
#7838=SHAPE_REPRESENTATION('',(#7834),#7833);
#7839=PRODUCT_DEFINITION_SHAPE('','',#7809);
#7840=SHAPE_DEFINITION_REPRESENTATION(#7839,#7838);
#7846=(NAMED_UNIT(*)PLANE_ANGLE_UNIT()SI_UNIT($,.RADIAN.));
#7847=DIMENSIONAL_EXPONENTS(0.0,0.0,0.0,0.0,0.0,0.0,0.0);
#7848=PLANE_ANGLE_MEASURE_WITH_UNIT(PLANE_ANGLE_MEASURE(0.017453292500000),#7846);
#7852=(CONVERSION_BASED_UNIT('DEGREE',#7848)NAMED_UNIT(#7847)PLANE_ANGLE_UNIT());
#7856=(NAMED_UNIT(*)SI_UNIT($,.STERADIAN.)SOLID_ANGLE_UNIT());
#7860=(LENGTH_UNIT()NAMED_UNIT(*)SI_UNIT(.MILLI.,.METRE.));
#7862=UNCERTAINTY_MEASURE_WITH_UNIT(LENGTH_MEASURE(0.000001000000000),#7860,'DISTANCE_ACCURACY_VALUE','');
#7864=(GEOMETRIC_REPRESENTATION_CONTEXT(3)GLOBAL_UNCERTAINTY_ASSIGNED_CONTEXT((#7862))GLOBAL_UNIT_ASSIGNED_CONTEXT((#7852,#7856,#7860))REPRESENTATION_CONTEXT('','3D'));
#7865=CARTESIAN_POINT('',(3.738744572924746,0.290325710927851,0.0));
#7866=DIRECTION('',(0.314607260404980,-0.949221929635253,0.0));
#7867=DIRECTION('',(0.0,0.0,-1.0));
#7868=AXIS2_PLACEMENT_3D('',#7865,#7866,#7867);
#7869=PLANE('',#7868);
#7870=CARTESIAN_POINT('',(3.738744572924746,0.290325710927851,0.500000000000000));
#7871=VERTEX_POINT('',#7870);
#7872=CARTESIAN_POINT('',(2.136481251270471,-0.240723623622113,0.500000000000000));
#7873=VERTEX_POINT('',#7872);
#7874=CARTESIAN_POINT('',(3.738744572924746,0.290325710927851,0.500000000000000));
#7875=DIRECTION('',(-0.949221929635253,-0.314607260404979,0.0));
#7876=VECTOR('',#7875,1.687975458247113);
#7877=LINE('',#7874,#7876);
#7878=EDGE_CURVE('',#7871,#7873,#7877,.T.);
#7879=ORIENTED_EDGE('',*,*,#7878,.F.);
#7880=CARTESIAN_POINT('',(3.738744572924746,0.290325710927851,0.0));
#7881=VERTEX_POINT('',#7880);
#7882=CARTESIAN_POINT('',(3.738744572924746,0.290325710927851,0.0));
#7883=DIRECTION('',(0.0,0.0,1.0));
#7884=VECTOR('',#7883,0.500000000000000);
#7885=LINE('',#7882,#7884);
#7886=EDGE_CURVE('',#7881,#7871,#7885,.T.);
#7887=ORIENTED_EDGE('',*,*,#7886,.F.);
#7888=CARTESIAN_POINT('',(2.136481251270471,-0.240723623622113,0.0));
#7889=VERTEX_POINT('',#7888);
#7890=CARTESIAN_POINT('',(2.136481251270471,-0.240723623622113,0.0));
#7891=DIRECTION('',(0.949221929635253,0.314607260404979,0.0));
#7892=VECTOR('',#7891,1.687975458247113);
#7893=LINE('',#7890,#7892);
#7894=EDGE_CURVE('',#7889,#7881,#7893,.T.);
#7895=ORIENTED_EDGE('',*,*,#7894,.F.);
#7896=CARTESIAN_POINT('',(2.136481251270471,-0.240723623622113,0.0));
#7897=DIRECTION('',(0.0,0.0,1.0));
#7898=VECTOR('',#7897,0.500000000000000);
#7899=LINE('',#7896,#7898);
#7900=EDGE_CURVE('',#7889,#7873,#7899,.T.);
#7901=ORIENTED_EDGE('',*,*,#7900,.T.);
#7902=EDGE_LOOP('',(#7879,#7887,#7895,#7901));
#7903=FACE_OUTER_BOUND('',#7902,.T.);
#7904=ADVANCED_FACE('',(#7903),#7869,.F.);
#7905=CARTESIAN_POINT('',(2.136481251270471,-0.240723623622113,0.0));
#7906=DIRECTION('',(0.517941149858122,0.855416252641745,0.0));
#7907=DIRECTION('',(0.0,0.0,1.0));
#7908=AXIS2_PLACEMENT_3D('',#7905,#7906,#7907);
#7909=PLANE('',#7908);
#7910=CARTESIAN_POINT('',(3.580402892315449,-1.114995573398913,0.500000000000000));
#7911=VERTEX_POINT('',#7910);
#7912=CARTESIAN_POINT('',(2.136481251270472,-0.240723623622113,0.500000000000000));
#7913=DIRECTION('',(0.855416252641745,-0.517941149858122,0.0));
#7914=VECTOR('',#7913,1.687975458247113);
#7915=LINE('',#7912,#7914);
#7916=EDGE_CURVE('',#7873,#7911,#7915,.T.);
#7917=ORIENTED_EDGE('',*,*,#7916,.F.);
#7918=ORIENTED_EDGE('',*,*,#7900,.F.);
#7919=CARTESIAN_POINT('',(3.580402892315449,-1.114995573398913,0.0));
#7920=VERTEX_POINT('',#7919);
#7921=CARTESIAN_POINT('',(3.580402892315450,-1.114995573398913,0.0));
#7922=DIRECTION('',(-0.855416252641745,0.517941149858122,0.0));
#7923=VECTOR('',#7922,1.687975458247113);
#7924=LINE('',#7921,#7923);
#7925=EDGE_CURVE('',#7920,#7889,#7924,.T.);
#7926=ORIENTED_EDGE('',*,*,#7925,.F.);
#7927=CARTESIAN_POINT('',(3.580402892315449,-1.114995573398913,0.500000000000000));
#7928=DIRECTION('',(0.0,0.0,-1.0));
#7929=VECTOR('',#7928,0.500000000000000);
#7930=LINE('',#7927,#7929);
#7931=EDGE_CURVE('',#7911,#7920,#7930,.T.);
#7932=ORIENTED_EDGE('',*,*,#7931,.F.);
#7933=EDGE_LOOP('',(#7917,#7918,#7926,#7932));
#7934=FACE_OUTER_BOUND('',#7933,.T.);
#7935=ADVANCED_FACE('',(#7934),#7909,.F.);
#7936=CARTESIAN_POINT('',(2.558054893946571,-2.742053092038153,0.0));
#7937=DIRECTION('',(-0.545977169984674,-0.837800053625879,0.0));
#7938=DIRECTION('',(0.0,0.0,-1.0));
#7939=AXIS2_PLACEMENT_3D('',#7936,#7937,#7938);
#7940=PLANE('',#7939);
#7941=CARTESIAN_POINT('',(2.558054893946571,-2.742053092038153,0.500000000000000));
#7942=VERTEX_POINT('',#7941);
#7943=CARTESIAN_POINT('',(1.143868964507973,-1.820457028340812,0.500000000000000));
#7944=VERTEX_POINT('',#7943);
#7945=CARTESIAN_POINT('',(2.558054893946572,-2.742053092038154,0.500000000000000));
#7946=DIRECTION('',(-0.837800053625879,0.545977169984674,0.0));
#7947=VECTOR('',#7946,1.687975458247113);
#7948=LINE('',#7945,#7947);
#7949=EDGE_CURVE('',#7942,#7944,#7948,.T.);
#7950=ORIENTED_EDGE('',*,*,#7949,.F.);
#7951=CARTESIAN_POINT('',(2.558054893946571,-2.742053092038153,0.0));
#7952=VERTEX_POINT('',#7951);
#7953=CARTESIAN_POINT('',(2.558054893946571,-2.742053092038153,0.0));
#7954=DIRECTION('',(0.0,0.0,1.0));
#7955=VECTOR('',#7954,0.500000000000000);
#7956=LINE('',#7953,#7955);
#7957=EDGE_CURVE('',#7952,#7942,#7956,.T.);
#7958=ORIENTED_EDGE('',*,*,#7957,.F.);
#7959=CARTESIAN_POINT('',(1.143868964507973,-1.820457028340812,0.0));
#7960=VERTEX_POINT('',#7959);
#7961=CARTESIAN_POINT('',(1.143868964507973,-1.820457028340812,0.0));
#7962=DIRECTION('',(0.837800053625879,-0.545977169984674,0.0));
#7963=VECTOR('',#7962,1.687975458247113);
#7964=LINE('',#7961,#7963);
#7965=EDGE_CURVE('',#7960,#7952,#7964,.T.);
#7966=ORIENTED_EDGE('',*,*,#7965,.F.);
#7967=CARTESIAN_POINT('',(1.143868964507973,-1.820457028340812,0.0));
#7968=DIRECTION('',(0.0,0.0,1.0));
#7969=VECTOR('',#7968,0.500000000000000);
#7970=LINE('',#7967,#7969);
#7971=EDGE_CURVE('',#7960,#7944,#7970,.T.);
#7972=ORIENTED_EDGE('',*,*,#7971,.T.);
#7973=EDGE_LOOP('',(#7950,#7958,#7966,#7972));
#7974=FACE_OUTER_BOUND('',#7973,.T.);
#7975=ADVANCED_FACE('',(#7974),#7940,.F.);
#7976=CARTESIAN_POINT('',(1.143868964507973,-1.820457028340812,0.0));
#7977=DIRECTION('',(0.991722381829668,0.128400612841571,0.0));
#7978=DIRECTION('',(0.0,0.0,1.0));
#7979=AXIS2_PLACEMENT_3D('',#7976,#7977,#7978);
#7980=PLANE('',#7979);
#7981=CARTESIAN_POINT('',(1.360606047808433,-3.494460070263663,0.500000000000000));
#7982=VERTEX_POINT('',#7981);
#7983=CARTESIAN_POINT('',(1.143868964507973,-1.820457028340812,0.500000000000000));
#7984=DIRECTION('',(0.128400612841571,-0.991722381829668,0.0));
#7985=VECTOR('',#7984,1.687975458247113);
#7986=LINE('',#7983,#7985);
#7987=EDGE_CURVE('',#7944,#7982,#7986,.T.);
#7988=ORIENTED_EDGE('',*,*,#7987,.F.);
#7989=ORIENTED_EDGE('',*,*,#7971,.F.);
#7990=CARTESIAN_POINT('',(1.360606047808433,-3.494460070263663,0.0));
#7991=VERTEX_POINT('',#7990);
#7992=CARTESIAN_POINT('',(1.360606047808433,-3.494460070263664,0.0));
#7993=DIRECTION('',(-0.128400612841571,0.991722381829668,0.0));
#7994=VECTOR('',#7993,1.687975458247113);
#7995=LINE('',#7992,#7994);
#7996=EDGE_CURVE('',#7991,#7960,#7995,.T.);
#7997=ORIENTED_EDGE('',*,*,#7996,.F.);
#7998=CARTESIAN_POINT('',(1.360606047808433,-3.494460070263662,0.500000000000000));
#7999=DIRECTION('',(0.0,0.0,-1.0));
#8000=VECTOR('',#7999,0.500000000000000);
#8001=LINE('',#7998,#8000);
#8002=EDGE_CURVE('',#7982,#7991,#8001,.T.);
#8003=ORIENTED_EDGE('',*,*,#8002,.F.);
#8004=EDGE_LOOP('',(#7988,#7989,#7997,#8003));
#8005=FACE_OUTER_BOUND('',#8004,.T.);
#8006=ADVANCED_FACE('',(#8005),#7980,.F.);
#8007=CARTESIAN_POINT('',(-0.548902294983723,-3.709609989009842,0.0));
#8008=DIRECTION('',(-0.995429655471253,-0.095497649229619,0.0));
#8009=DIRECTION('',(0.0,0.0,-1.0));
#8010=AXIS2_PLACEMENT_3D('',#8007,#8008,#8009);
#8011=PLANE('',#8010);
#8012=CARTESIAN_POINT('',(-0.548902294983723,-3.709609989009842,0.500000000000000));
#8013=VERTEX_POINT('',#8012);
#8014=CARTESIAN_POINT('',(-0.710099983203610,-2.029349160162990,0.500000000000000));
#8015=VERTEX_POINT('',#8014);
#8016=CARTESIAN_POINT('',(-0.548902294983723,-3.709609989009842,0.500000000000000));
#8017=DIRECTION('',(-0.095497649229619,0.995429655471253,0.0));
#8018=VECTOR('',#8017,1.687975458247112);
#8019=LINE('',#8016,#8018);
#8020=EDGE_CURVE('',#8013,#8015,#8019,.T.);
#8021=ORIENTED_EDGE('',*,*,#8020,.F.);
#8022=CARTESIAN_POINT('',(-0.548902294983723,-3.709609989009842,0.0));
#8023=VERTEX_POINT('',#8022);
#8024=CARTESIAN_POINT('',(-0.548902294983723,-3.709609989009842,0.0));
#8025=DIRECTION('',(0.0,0.0,1.0));
#8026=VECTOR('',#8025,0.500000000000000);
#8027=LINE('',#8024,#8026);
#8028=EDGE_CURVE('',#8023,#8013,#8027,.T.);
#8029=ORIENTED_EDGE('',*,*,#8028,.F.);
#8030=CARTESIAN_POINT('',(-0.710099983203610,-2.029349160162990,0.0));
#8031=VERTEX_POINT('',#8030);
#8032=CARTESIAN_POINT('',(-0.710099983203610,-2.029349160162990,0.0));
#8033=DIRECTION('',(0.095497649229619,-0.995429655471253,0.0));
#8034=VECTOR('',#8033,1.687975458247112);
#8035=LINE('',#8032,#8034);
#8036=EDGE_CURVE('',#8031,#8023,#8035,.T.);
#8037=ORIENTED_EDGE('',*,*,#8036,.F.);
#8038=CARTESIAN_POINT('',(-0.710099983203610,-2.029349160162990,0.0));
#8039=DIRECTION('',(0.0,0.0,1.0));
#8040=VECTOR('',#8039,0.500000000000000);
#8041=LINE('',#8038,#8040);
#8042=EDGE_CURVE('',#8031,#8015,#8041,.T.);
#8043=ORIENTED_EDGE('',*,*,#8042,.T.);
#8044=EDGE_LOOP('',(#8021,#8029,#8037,#8043));
#8045=FACE_OUTER_BOUND('',#8044,.T.);
#8046=ADVANCED_FACE('',(#8045),#8011,.F.);
#8047=CARTESIAN_POINT('',(-0.710099983203610,-2.029349160162990,0.0));
#8048=DIRECTION('',(0.718716432833580,-0.695303307323484,0.0));
#8049=DIRECTION('',(0.0,0.0,1.0));
#8050=AXIS2_PLACEMENT_3D('',#8047,#8048,#8049);
#8051=PLANE('',#8050);
#8052=CARTESIAN_POINT('',(-1.883754902003701,-3.242524860224981,0.500000000000000));
#8053=VERTEX_POINT('',#8052);
#8054=CARTESIAN_POINT('',(-0.710099983203610,-2.029349160162989,0.500000000000000));
#8055=DIRECTION('',(-0.695303307323484,-0.718716432833580,0.0));
#8056=VECTOR('',#8055,1.687975458247113);
#8057=LINE('',#8054,#8056);
#8058=EDGE_CURVE('',#8015,#8053,#8057,.T.);
#8059=ORIENTED_EDGE('',*,*,#8058,.F.);
#8060=ORIENTED_EDGE('',*,*,#8042,.F.);
#8061=CARTESIAN_POINT('',(-1.883754902003701,-3.242524860224981,0.0));
#8062=VERTEX_POINT('',#8061);
#8063=CARTESIAN_POINT('',(-1.883754902003700,-3.242524860224981,0.0));
#8064=DIRECTION('',(0.695303307323484,0.718716432833580,0.0));
#8065=VECTOR('',#8064,1.687975458247113);
#8066=LINE('',#8063,#8065);
#8067=EDGE_CURVE('',#8062,#8031,#8066,.T.);
#8068=ORIENTED_EDGE('',*,*,#8067,.F.);
#8069=CARTESIAN_POINT('',(-1.883754902003700,-3.242524860224981,0.500000000000000));
#8070=DIRECTION('',(0.0,0.0,-1.0));
#8071=VECTOR('',#8070,0.500000000000000);
#8072=LINE('',#8069,#8071);
#8073=EDGE_CURVE('',#8053,#8062,#8072,.T.);
#8074=ORIENTED_EDGE('',*,*,#8073,.F.);
#8075=EDGE_LOOP('',(#8059,#8060,#8068,#8074));
#8076=FACE_OUTER_BOUND('',#8075,.T.);
#8077=ADVANCED_FACE('',(#8076),#8051,.F.);
#8078=CARTESIAN_POINT('',(-3.242524860224982,-1.883754902003697,0.0));
#8079=DIRECTION('',(-0.695303307323483,0.718716432833580,0.0));
#8080=DIRECTION('',(0.0,0.0,-1.0));
#8081=AXIS2_PLACEMENT_3D('',#8078,#8079,#8080);
#8082=PLANE('',#8081);
#8083=CARTESIAN_POINT('',(-3.242524860224982,-1.883754902003697,0.500000000000000));
#8084=VERTEX_POINT('',#8083);
#8085=CARTESIAN_POINT('',(-2.029349160162991,-0.710099983203608,0.500000000000000));
#8086=VERTEX_POINT('',#8085);
#8087=CARTESIAN_POINT('',(-3.242524860224983,-1.883754902003697,0.500000000000000));
#8088=DIRECTION('',(0.718716432833580,0.695303307323483,0.0));
#8089=VECTOR('',#8088,1.687975458247113);
#8090=LINE('',#8087,#8089);
#8091=EDGE_CURVE('',#8084,#8086,#8090,.T.);
#8092=ORIENTED_EDGE('',*,*,#8091,.F.);
#8093=CARTESIAN_POINT('',(-3.242524860224982,-1.883754902003697,0.0));
#8094=VERTEX_POINT('',#8093);
#8095=CARTESIAN_POINT('',(-3.242524860224982,-1.883754902003697,0.0));
#8096=DIRECTION('',(0.0,0.0,1.0));
#8097=VECTOR('',#8096,0.500000000000000);
#8098=LINE('',#8095,#8097);
#8099=EDGE_CURVE('',#8094,#8084,#8098,.T.);
#8100=ORIENTED_EDGE('',*,*,#8099,.F.);
#8101=CARTESIAN_POINT('',(-2.029349160162991,-0.710099983203608,0.0));
#8102=VERTEX_POINT('',#8101);
#8103=CARTESIAN_POINT('',(-2.029349160162991,-0.710099983203608,0.0));
#8104=DIRECTION('',(-0.718716432833580,-0.695303307323483,0.0));
#8105=VECTOR('',#8104,1.687975458247113);
#8106=LINE('',#8103,#8105);
#8107=EDGE_CURVE('',#8102,#8094,#8106,.T.);
#8108=ORIENTED_EDGE('',*,*,#8107,.F.);
#8109=CARTESIAN_POINT('',(-2.029349160162991,-0.710099983203608,0.0));
#8110=DIRECTION('',(0.0,0.0,1.0));
#8111=VECTOR('',#8110,0.500000000000000);
#8112=LINE('',#8109,#8111);
#8113=EDGE_CURVE('',#8102,#8086,#8112,.T.);
#8114=ORIENTED_EDGE('',*,*,#8113,.T.);
#8115=EDGE_LOOP('',(#8092,#8100,#8108,#8114));
#8116=FACE_OUTER_BOUND('',#8115,.T.);
#8117=ADVANCED_FACE('',(#8116),#8082,.F.);
#8118=CARTESIAN_POINT('',(-2.029349160162991,-0.710099983203608,0.0));
#8119=DIRECTION('',(-0.095497649229619,-0.995429655471253,0.0));
#8120=DIRECTION('',(0.0,0.0,1.0));
#8121=AXIS2_PLACEMENT_3D('',#8118,#8119,#8120);
#8122=PLANE('',#8121);
#8123=CARTESIAN_POINT('',(-3.709609989009844,-0.548902294983719,0.500000000000000));
#8124=VERTEX_POINT('',#8123);
#8125=CARTESIAN_POINT('',(-2.029349160162991,-0.710099983203608,0.500000000000000));
#8126=DIRECTION('',(-0.995429655471253,0.095497649229619,0.0));
#8127=VECTOR('',#8126,1.687975458247113);
#8128=LINE('',#8125,#8127);
#8129=EDGE_CURVE('',#8086,#8124,#8128,.T.);
#8130=ORIENTED_EDGE('',*,*,#8129,.F.);
#8131=ORIENTED_EDGE('',*,*,#8113,.F.);
#8132=CARTESIAN_POINT('',(-3.709609989009844,-0.548902294983719,0.0));
#8133=VERTEX_POINT('',#8132);
#8134=CARTESIAN_POINT('',(-3.709609989009844,-0.548902294983720,0.0));
#8135=DIRECTION('',(0.995429655471253,-0.095497649229619,0.0));
#8136=VECTOR('',#8135,1.687975458247113);
#8137=LINE('',#8134,#8136);
#8138=EDGE_CURVE('',#8133,#8102,#8137,.T.);
#8139=ORIENTED_EDGE('',*,*,#8138,.F.);
#8140=CARTESIAN_POINT('',(-3.709609989009842,-0.548902294983720,0.500000000000000));
#8141=DIRECTION('',(0.0,0.0,-1.0));
#8142=VECTOR('',#8141,0.500000000000000);
#8143=LINE('',#8140,#8142);
#8144=EDGE_CURVE('',#8124,#8133,#8143,.T.);
#8145=ORIENTED_EDGE('',*,*,#8144,.F.);
#8146=EDGE_LOOP('',(#8130,#8131,#8139,#8145));
#8147=FACE_OUTER_BOUND('',#8146,.T.);
#8148=ADVANCED_FACE('',(#8147),#8122,.F.);
#8149=CARTESIAN_POINT('',(-3.494460070263661,1.360606047808436,0.0));
#8150=DIRECTION('',(0.128400612841571,0.991722381829668,0.0));
#8151=DIRECTION('',(0.0,0.0,-1.0));
#8152=AXIS2_PLACEMENT_3D('',#8149,#8150,#8151);
#8153=PLANE('',#8152);
#8154=CARTESIAN_POINT('',(-3.494460070263661,1.360606047808436,0.500000000000000));
#8155=VERTEX_POINT('',#8154);
#8156=CARTESIAN_POINT('',(-1.820457028340810,1.143868964507975,0.500000000000000));
#8157=VERTEX_POINT('',#8156);
#8158=CARTESIAN_POINT('',(-3.494460070263661,1.360606047808435,0.500000000000000));
#8159=DIRECTION('',(0.991722381829668,-0.128400612841571,0.0));
#8160=VECTOR('',#8159,1.687975458247112);
#8161=LINE('',#8158,#8160);
#8162=EDGE_CURVE('',#8155,#8157,#8161,.T.);
#8163=ORIENTED_EDGE('',*,*,#8162,.F.);
#8164=CARTESIAN_POINT('',(-3.494460070263661,1.360606047808436,0.0));
#8165=VERTEX_POINT('',#8164);
#8166=CARTESIAN_POINT('',(-3.494460070263661,1.360606047808436,0.0));
#8167=DIRECTION('',(0.0,0.0,1.0));
#8168=VECTOR('',#8167,0.500000000000000);
#8169=LINE('',#8166,#8168);
#8170=EDGE_CURVE('',#8165,#8155,#8169,.T.);
#8171=ORIENTED_EDGE('',*,*,#8170,.F.);
#8172=CARTESIAN_POINT('',(-1.820457028340810,1.143868964507975,0.0));
#8173=VERTEX_POINT('',#8172);
#8174=CARTESIAN_POINT('',(-1.820457028340810,1.143868964507975,0.0));
#8175=DIRECTION('',(-0.991722381829668,0.128400612841571,0.0));
#8176=VECTOR('',#8175,1.687975458247112);
#8177=LINE('',#8174,#8176);
#8178=EDGE_CURVE('',#8173,#8165,#8177,.T.);
#8179=ORIENTED_EDGE('',*,*,#8178,.F.);
#8180=CARTESIAN_POINT('',(-1.820457028340810,1.143868964507975,0.0));
#8181=DIRECTION('',(0.0,0.0,1.0));
#8182=VECTOR('',#8181,0.500000000000000);
#8183=LINE('',#8180,#8182);
#8184=EDGE_CURVE('',#8173,#8157,#8183,.T.);
#8185=ORIENTED_EDGE('',*,*,#8184,.T.);
#8186=EDGE_LOOP('',(#8163,#8171,#8179,#8185));
#8187=FACE_OUTER_BOUND('',#8186,.T.);
#8188=ADVANCED_FACE('',(#8187),#8153,.F.);
#8189=CARTESIAN_POINT('',(-1.820457028340810,1.143868964507975,0.0));
#8190=DIRECTION('',(-0.837800053625880,-0.545977169984674,0.0));
#8191=DIRECTION('',(0.0,0.0,1.0));
#8192=AXIS2_PLACEMENT_3D('',#8189,#8190,#8191);
#8193=PLANE('',#8192);
#8194=CARTESIAN_POINT('',(-2.742053092038152,2.558054893946574,0.500000000000000));
#8195=VERTEX_POINT('',#8194);
#8196=CARTESIAN_POINT('',(-1.820457028340810,1.143868964507975,0.500000000000000));
#8197=DIRECTION('',(-0.545977169984674,0.837800053625880,0.0));
#8198=VECTOR('',#8197,1.687975458247113);
#8199=LINE('',#8196,#8198);
#8200=EDGE_CURVE('',#8157,#8195,#8199,.T.);
#8201=ORIENTED_EDGE('',*,*,#8200,.F.);
#8202=ORIENTED_EDGE('',*,*,#8184,.F.);
#8203=CARTESIAN_POINT('',(-2.742053092038152,2.558054893946574,0.0));
#8204=VERTEX_POINT('',#8203);
#8205=CARTESIAN_POINT('',(-2.742053092038152,2.558054893946574,0.0));
#8206=DIRECTION('',(0.545977169984674,-0.837800053625880,0.0));
#8207=VECTOR('',#8206,1.687975458247113);
#8208=LINE('',#8205,#8207);
#8209=EDGE_CURVE('',#8204,#8173,#8208,.T.);
#8210=ORIENTED_EDGE('',*,*,#8209,.F.);
#8211=CARTESIAN_POINT('',(-2.742053092038152,2.558054893946574,0.500000000000000));
#8212=DIRECTION('',(0.0,0.0,-1.0));
#8213=VECTOR('',#8212,0.500000000000000);
#8214=LINE('',#8211,#8213);
#8215=EDGE_CURVE('',#8195,#8204,#8214,.T.);
#8216=ORIENTED_EDGE('',*,*,#8215,.F.);
#8217=EDGE_LOOP('',(#8201,#8202,#8210,#8216));
#8218=FACE_OUTER_BOUND('',#8217,.T.);
#8219=ADVANCED_FACE('',(#8218),#8193,.F.);
#8220=CARTESIAN_POINT('',(-1.114995573398910,3.580402892315449,0.0));
#8221=DIRECTION('',(0.855416252641746,0.517941149858122,0.0));
#8222=DIRECTION('',(0.0,0.0,-1.0));
#8223=AXIS2_PLACEMENT_3D('',#8220,#8221,#8222);
#8224=PLANE('',#8223);
#8225=CARTESIAN_POINT('',(-1.114995573398910,3.580402892315449,0.500000000000000));
#8226=VERTEX_POINT('',#8225);
#8227=CARTESIAN_POINT('',(-0.240723623622111,2.136481251270472,0.500000000000000));
#8228=VERTEX_POINT('',#8227);
#8229=CARTESIAN_POINT('',(-1.114995573398910,3.580402892315449,0.500000000000000));
#8230=DIRECTION('',(0.517941149858122,-0.855416252641746,0.0));
#8231=VECTOR('',#8230,1.687975458247112);
#8232=LINE('',#8229,#8231);
#8233=EDGE_CURVE('',#8226,#8228,#8232,.T.);
#8234=ORIENTED_EDGE('',*,*,#8233,.F.);
#8235=CARTESIAN_POINT('',(-1.114995573398910,3.580402892315449,0.0));
#8236=VERTEX_POINT('',#8235);
#8237=CARTESIAN_POINT('',(-1.114995573398910,3.580402892315449,0.0));
#8238=DIRECTION('',(0.0,0.0,1.0));
#8239=VECTOR('',#8238,0.500000000000000);
#8240=LINE('',#8237,#8239);
#8241=EDGE_CURVE('',#8236,#8226,#8240,.T.);
#8242=ORIENTED_EDGE('',*,*,#8241,.F.);
#8243=CARTESIAN_POINT('',(-0.240723623622111,2.136481251270472,0.0));
#8244=VERTEX_POINT('',#8243);
#8245=CARTESIAN_POINT('',(-0.240723623622111,2.136481251270471,0.0));
#8246=DIRECTION('',(-0.517941149858122,0.855416252641746,0.0));
#8247=VECTOR('',#8246,1.687975458247112);
#8248=LINE('',#8245,#8247);
#8249=EDGE_CURVE('',#8244,#8236,#8248,.T.);
#8250=ORIENTED_EDGE('',*,*,#8249,.F.);
#8251=CARTESIAN_POINT('',(-0.240723623622111,2.136481251270472,0.0));
#8252=DIRECTION('',(0.0,0.0,1.0));
#8253=VECTOR('',#8252,0.500000000000000);
#8254=LINE('',#8251,#8253);
#8255=EDGE_CURVE('',#8244,#8228,#8254,.T.);
#8256=ORIENTED_EDGE('',*,*,#8255,.T.);
#8257=EDGE_LOOP('',(#8234,#8242,#8250,#8256));
#8258=FACE_OUTER_BOUND('',#8257,.T.);
#8259=ADVANCED_FACE('',(#8258),#8224,.F.);
#8260=CARTESIAN_POINT('',(-0.240723623622111,2.136481251270472,0.0));
#8261=DIRECTION('',(-0.949221929635253,0.314607260404980,0.0));
#8262=DIRECTION('',(0.0,0.0,1.0));
#8263=AXIS2_PLACEMENT_3D('',#8260,#8261,#8262);
#8264=PLANE('',#8263);
#8265=CARTESIAN_POINT('',(0.290325710927854,3.738744572924746,0.500000000000000));
#8266=VERTEX_POINT('',#8265);
#8267=CARTESIAN_POINT('',(-0.240723623622111,2.136481251270472,0.500000000000000));
#8268=DIRECTION('',(0.314607260404980,0.949221929635253,0.0));
#8269=VECTOR('',#8268,1.687975458247113);
#8270=LINE('',#8267,#8269);
#8271=EDGE_CURVE('',#8228,#8266,#8270,.T.);
#8272=ORIENTED_EDGE('',*,*,#8271,.F.);
#8273=ORIENTED_EDGE('',*,*,#8255,.F.);
#8274=CARTESIAN_POINT('',(0.290325710927854,3.738744572924746,0.0));
#8275=VERTEX_POINT('',#8274);
#8276=CARTESIAN_POINT('',(0.290325710927854,3.738744572924746,0.0));
#8277=DIRECTION('',(-0.314607260404980,-0.949221929635253,0.0));
#8278=VECTOR('',#8277,1.687975458247113);
#8279=LINE('',#8276,#8278);
#8280=EDGE_CURVE('',#8275,#8244,#8279,.T.);
#8281=ORIENTED_EDGE('',*,*,#8280,.F.);
#8282=CARTESIAN_POINT('',(0.290325710927853,3.738744572924746,0.500000000000000));
#8283=DIRECTION('',(0.0,0.0,-1.0));
#8284=VECTOR('',#8283,0.500000000000000);
#8285=LINE('',#8282,#8284);
#8286=EDGE_CURVE('',#8266,#8275,#8285,.T.);
#8287=ORIENTED_EDGE('',*,*,#8286,.F.);
#8288=EDGE_LOOP('',(#8272,#8273,#8281,#8287));
#8289=FACE_OUTER_BOUND('',#8288,.T.);
#8290=ADVANCED_FACE('',(#8289),#8264,.F.);
#8291=CARTESIAN_POINT('',(0.0,0.0,0.500000000000000));
#8292=DIRECTION('',(0.0,0.0,-1.0));
#8293=DIRECTION('',(-1.0,0.0,0.0));
#8294=AXIS2_PLACEMENT_3D('',#8291,#8292,#8293);
#8295=PLANE('',#8294);
#8296=CARTESIAN_POINT('',(4.750000000000000,5.817072E-016,0.500000000000000));
#8297=VERTEX_POINT('',#8296);
#8298=CARTESIAN_POINT('',(0.0,0.0,0.500000000000000));
#8299=DIRECTION('',(0.0,0.0,-1.0));
#8300=DIRECTION('',(-1.0,0.0,0.0));
#8301=AXIS2_PLACEMENT_3D('',#8298,#8299,#8300);
#8302=CIRCLE('',#8301,4.750000000000000);
#8303=EDGE_CURVE('',#8297,#8297,#8302,.T.);
#8304=ORIENTED_EDGE('',*,*,#8303,.F.);
#8305=EDGE_LOOP('',(#8304));
#8306=FACE_OUTER_BOUND('',#8305,.T.);
#8307=CARTESIAN_POINT('',(2.104083331999958,3.104083331999957,0.500000000000000));
#8308=VERTEX_POINT('',#8307);
#8309=CARTESIAN_POINT('',(1.520279579551078,1.520279579551076,0.500000000000000));
#8310=VERTEX_POINT('',#8309);
#8311=CARTESIAN_POINT('',(2.104083331999958,3.104083331999957,0.500000000000000));
#8312=DIRECTION('',(-0.345860332030618,-0.938286006891114,0.0));
#8313=VECTOR('',#8312,1.687975458247113);
#8314=LINE('',#8311,#8313);
#8315=EDGE_CURVE('',#8308,#8310,#8314,.T.);
#8316=ORIENTED_EDGE('',*,*,#8315,.T.);
#8317=CARTESIAN_POINT('',(3.104083331999958,2.104083331999957,0.500000000000000));
#8318=VERTEX_POINT('',#8317);
#8319=CARTESIAN_POINT('',(1.520279579551078,1.520279579551076,0.500000000000000));
#8320=DIRECTION('',(0.938286006891114,0.345860332030618,0.0));
#8321=VECTOR('',#8320,1.687975458247112);
#8322=LINE('',#8319,#8321);
#8323=EDGE_CURVE('',#8310,#8318,#8322,.T.);
#8324=ORIENTED_EDGE('',*,*,#8323,.T.);
#8325=CARTESIAN_POINT('',(0.0,0.0,0.500000000000000));
#8326=DIRECTION('',(0.0,0.0,-1.0));
#8327=DIRECTION('',(1.0,0.0,0.0));
#8328=AXIS2_PLACEMENT_3D('',#8325,#8326,#8327);
#8329=CIRCLE('',#8328,3.750000000000000);
#8330=EDGE_CURVE('',#8318,#7871,#8329,.T.);
#8331=ORIENTED_EDGE('',*,*,#8330,.T.);
#8332=ORIENTED_EDGE('',*,*,#7878,.T.);
#8333=ORIENTED_EDGE('',*,*,#7916,.T.);
#8334=CARTESIAN_POINT('',(0.0,0.0,0.500000000000000));
#8335=DIRECTION('',(0.0,0.0,-1.0));
#8336=DIRECTION('',(1.0,0.0,0.0));
#8337=AXIS2_PLACEMENT_3D('',#8334,#8335,#8336);
#8338=CIRCLE('',#8337,3.750000000000000);
#8339=EDGE_CURVE('',#7911,#7942,#8338,.T.);
#8340=ORIENTED_EDGE('',*,*,#8339,.T.);
#8341=ORIENTED_EDGE('',*,*,#7949,.T.);
#8342=ORIENTED_EDGE('',*,*,#7987,.T.);
#8343=CARTESIAN_POINT('',(0.0,0.0,0.500000000000000));
#8344=DIRECTION('',(0.0,0.0,-1.0));
#8345=DIRECTION('',(1.0,0.0,0.0));
#8346=AXIS2_PLACEMENT_3D('',#8343,#8344,#8345);
#8347=CIRCLE('',#8346,3.750000000000000);
#8348=EDGE_CURVE('',#7982,#8013,#8347,.T.);
#8349=ORIENTED_EDGE('',*,*,#8348,.T.);
#8350=ORIENTED_EDGE('',*,*,#8020,.T.);
#8351=ORIENTED_EDGE('',*,*,#8058,.T.);
#8352=CARTESIAN_POINT('',(0.0,0.0,0.500000000000000));
#8353=DIRECTION('',(0.0,0.0,-1.0));
#8354=DIRECTION('',(1.0,0.0,0.0));
#8355=AXIS2_PLACEMENT_3D('',#8352,#8353,#8354);
#8356=CIRCLE('',#8355,3.750000000000000);
#8357=EDGE_CURVE('',#8053,#8084,#8356,.T.);
#8358=ORIENTED_EDGE('',*,*,#8357,.T.);
#8359=ORIENTED_EDGE('',*,*,#8091,.T.);
#8360=ORIENTED_EDGE('',*,*,#8129,.T.);
#8361=CARTESIAN_POINT('',(0.0,0.0,0.500000000000000));
#8362=DIRECTION('',(0.0,0.0,-1.0));
#8363=DIRECTION('',(1.0,0.0,0.0));
#8364=AXIS2_PLACEMENT_3D('',#8361,#8362,#8363);
#8365=CIRCLE('',#8364,3.750000000000000);
#8366=EDGE_CURVE('',#8124,#8155,#8365,.T.);
#8367=ORIENTED_EDGE('',*,*,#8366,.T.);
#8368=ORIENTED_EDGE('',*,*,#8162,.T.);
#8369=ORIENTED_EDGE('',*,*,#8200,.T.);
#8370=CARTESIAN_POINT('',(0.0,0.0,0.500000000000000));
#8371=DIRECTION('',(0.0,0.0,-1.0));
#8372=DIRECTION('',(1.0,0.0,0.0));
#8373=AXIS2_PLACEMENT_3D('',#8370,#8371,#8372);
#8374=CIRCLE('',#8373,3.750000000000000);
#8375=EDGE_CURVE('',#8195,#8226,#8374,.T.);
#8376=ORIENTED_EDGE('',*,*,#8375,.T.);
#8377=ORIENTED_EDGE('',*,*,#8233,.T.);
#8378=ORIENTED_EDGE('',*,*,#8271,.T.);
#8379=CARTESIAN_POINT('',(0.0,0.0,0.500000000000000));
#8380=DIRECTION('',(0.0,0.0,-1.0));
#8381=DIRECTION('',(1.0,0.0,0.0));
#8382=AXIS2_PLACEMENT_3D('',#8379,#8380,#8381);
#8383=CIRCLE('',#8382,3.750000000000000);
#8384=EDGE_CURVE('',#8266,#8308,#8383,.T.);
#8385=ORIENTED_EDGE('',*,*,#8384,.T.);
#8386=EDGE_LOOP('',(#8316,#8324,#8331,#8332,#8333,#8340,#8341,#8342,#8349,#8350,#8351,#8358,#8359,#8360,#8367,#8368,#8369,#8376,#8377,#8378,#8385));
#8387=FACE_BOUND('',#8386,.T.);
#8388=ADVANCED_FACE('',(#8306,#8387),#8295,.F.);
#8389=CARTESIAN_POINT('',(0.0,0.0,0.0));
#8390=DIRECTION('',(0.0,0.0,1.0));
#8391=DIRECTION('',(1.0,0.0,0.0));
#8392=AXIS2_PLACEMENT_3D('',#8389,#8390,#8391);
#8393=CYLINDRICAL_SURFACE('',#8392,3.750000000000000);
#8394=ORIENTED_EDGE('',*,*,#8073,.T.);
#8395=CARTESIAN_POINT('',(0.0,0.0,0.0));
#8396=DIRECTION('',(0.0,0.0,1.0));
#8397=DIRECTION('',(1.0,0.0,0.0));
#8398=AXIS2_PLACEMENT_3D('',#8395,#8396,#8397);
#8399=CIRCLE('',#8398,3.750000000000000);
#8400=EDGE_CURVE('',#8094,#8062,#8399,.T.);
#8401=ORIENTED_EDGE('',*,*,#8400,.F.);
#8402=ORIENTED_EDGE('',*,*,#8099,.T.);
#8403=ORIENTED_EDGE('',*,*,#8357,.F.);
#8404=EDGE_LOOP('',(#8394,#8401,#8402,#8403));
#8405=FACE_OUTER_BOUND('',#8404,.T.);
#8406=ADVANCED_FACE('',(#8405),#8393,.F.);
#8407=CARTESIAN_POINT('',(0.0,0.0,0.0));
#8408=DIRECTION('',(0.0,0.0,1.0));
#8409=DIRECTION('',(1.0,0.0,0.0));
#8410=AXIS2_PLACEMENT_3D('',#8407,#8408,#8409);
#8411=CYLINDRICAL_SURFACE('',#8410,3.750000000000000);
#8412=ORIENTED_EDGE('',*,*,#8170,.T.);
#8413=ORIENTED_EDGE('',*,*,#8366,.F.);
#8414=ORIENTED_EDGE('',*,*,#8144,.T.);
#8415=CARTESIAN_POINT('',(0.0,0.0,0.0));
#8416=DIRECTION('',(0.0,0.0,1.0));
#8417=DIRECTION('',(1.0,0.0,0.0));
#8418=AXIS2_PLACEMENT_3D('',#8415,#8416,#8417);
#8419=CIRCLE('',#8418,3.750000000000000);
#8420=EDGE_CURVE('',#8165,#8133,#8419,.T.);
#8421=ORIENTED_EDGE('',*,*,#8420,.F.);
#8422=EDGE_LOOP('',(#8412,#8413,#8414,#8421));
#8423=FACE_OUTER_BOUND('',#8422,.T.);
#8424=ADVANCED_FACE('',(#8423),#8411,.F.);
#8425=CARTESIAN_POINT('',(0.0,0.0,0.0));
#8426=DIRECTION('',(0.0,0.0,1.0));
#8427=DIRECTION('',(1.0,0.0,0.0));
#8428=AXIS2_PLACEMENT_3D('',#8425,#8426,#8427);
#8429=CYLINDRICAL_SURFACE('',#8428,3.750000000000000);
#8430=ORIENTED_EDGE('',*,*,#8002,.T.);
#8431=CARTESIAN_POINT('',(0.0,0.0,0.0));
#8432=DIRECTION('',(0.0,0.0,1.0));
#8433=DIRECTION('',(1.0,0.0,0.0));
#8434=AXIS2_PLACEMENT_3D('',#8431,#8432,#8433);
#8435=CIRCLE('',#8434,3.750000000000000);
#8436=EDGE_CURVE('',#8023,#7991,#8435,.T.);
#8437=ORIENTED_EDGE('',*,*,#8436,.F.);
#8438=ORIENTED_EDGE('',*,*,#8028,.T.);
#8439=ORIENTED_EDGE('',*,*,#8348,.F.);
#8440=EDGE_LOOP('',(#8430,#8437,#8438,#8439));
#8441=FACE_OUTER_BOUND('',#8440,.T.);
#8442=ADVANCED_FACE('',(#8441),#8429,.F.);
#8443=CARTESIAN_POINT('',(0.0,0.0,0.0));
#8444=DIRECTION('',(0.0,0.0,1.0));
#8445=DIRECTION('',(1.0,0.0,0.0));
#8446=AXIS2_PLACEMENT_3D('',#8443,#8444,#8445);
#8447=CYLINDRICAL_SURFACE('',#8446,3.750000000000000);
#8448=ORIENTED_EDGE('',*,*,#8241,.T.);
#8449=ORIENTED_EDGE('',*,*,#8375,.F.);
#8450=ORIENTED_EDGE('',*,*,#8215,.T.);
#8451=CARTESIAN_POINT('',(0.0,0.0,0.0));
#8452=DIRECTION('',(0.0,0.0,1.0));
#8453=DIRECTION('',(1.0,0.0,0.0));
#8454=AXIS2_PLACEMENT_3D('',#8451,#8452,#8453);
#8455=CIRCLE('',#8454,3.750000000000000);
#8456=EDGE_CURVE('',#8236,#8204,#8455,.T.);
#8457=ORIENTED_EDGE('',*,*,#8456,.F.);
#8458=EDGE_LOOP('',(#8448,#8449,#8450,#8457));
#8459=FACE_OUTER_BOUND('',#8458,.T.);
#8460=ADVANCED_FACE('',(#8459),#8447,.F.);
#8461=CARTESIAN_POINT('',(0.0,0.0,0.0));
#8462=DIRECTION('',(0.0,0.0,1.0));
#8463=DIRECTION('',(1.0,0.0,0.0));
#8464=AXIS2_PLACEMENT_3D('',#8461,#8462,#8463);
#8465=CYLINDRICAL_SURFACE('',#8464,3.750000000000000);
#8466=ORIENTED_EDGE('',*,*,#8286,.T.);
#8467=CARTESIAN_POINT('',(2.104083331999958,3.104083331999957,0.0));
#8468=VERTEX_POINT('',#8467);
#8469=CARTESIAN_POINT('',(0.0,0.0,0.0));
#8470=DIRECTION('',(0.0,0.0,1.0));
#8471=DIRECTION('',(1.0,0.0,0.0));
#8472=AXIS2_PLACEMENT_3D('',#8469,#8470,#8471);
#8473=CIRCLE('',#8472,3.750000000000000);
#8474=EDGE_CURVE('',#8468,#8275,#8473,.T.);
#8475=ORIENTED_EDGE('',*,*,#8474,.F.);
#8476=CARTESIAN_POINT('',(2.104083331999958,3.104083331999957,0.0));
#8477=DIRECTION('',(0.0,0.0,1.0));
#8478=VECTOR('',#8477,0.500000000000000);
#8479=LINE('',#8476,#8478);
#8480=EDGE_CURVE('',#8468,#8308,#8479,.T.);
#8481=ORIENTED_EDGE('',*,*,#8480,.T.);
#8482=ORIENTED_EDGE('',*,*,#8384,.F.);
#8483=EDGE_LOOP('',(#8466,#8475,#8481,#8482));
#8484=FACE_OUTER_BOUND('',#8483,.T.);
#8485=ADVANCED_FACE('',(#8484),#8465,.F.);
#8486=CARTESIAN_POINT('',(0.0,0.0,0.0));
#8487=DIRECTION('',(0.0,0.0,1.0));
#8488=DIRECTION('',(1.0,0.0,0.0));
#8489=AXIS2_PLACEMENT_3D('',#8486,#8487,#8488);
#8490=CYLINDRICAL_SURFACE('',#8489,3.750000000000000);
#8491=ORIENTED_EDGE('',*,*,#7931,.T.);
#8492=CARTESIAN_POINT('',(0.0,0.0,0.0));
#8493=DIRECTION('',(0.0,0.0,1.0));
#8494=DIRECTION('',(1.0,0.0,0.0));
#8495=AXIS2_PLACEMENT_3D('',#8492,#8493,#8494);
#8496=CIRCLE('',#8495,3.750000000000000);
#8497=EDGE_CURVE('',#7952,#7920,#8496,.T.);
#8498=ORIENTED_EDGE('',*,*,#8497,.F.);
#8499=ORIENTED_EDGE('',*,*,#7957,.T.);
#8500=ORIENTED_EDGE('',*,*,#8339,.F.);
#8501=EDGE_LOOP('',(#8491,#8498,#8499,#8500));
#8502=FACE_OUTER_BOUND('',#8501,.T.);
#8503=ADVANCED_FACE('',(#8502),#8490,.F.);
#8504=CARTESIAN_POINT('',(2.104083331999958,3.104083331999957,0.0));
#8505=DIRECTION('',(0.938286006891114,-0.345860332030618,0.0));
#8506=DIRECTION('',(0.0,0.0,-1.0));
#8507=AXIS2_PLACEMENT_3D('',#8504,#8505,#8506);
#8508=PLANE('',#8507);
#8509=ORIENTED_EDGE('',*,*,#8315,.F.);
#8510=ORIENTED_EDGE('',*,*,#8480,.F.);
#8511=CARTESIAN_POINT('',(1.520279579551078,1.520279579551076,0.0));
#8512=VERTEX_POINT('',#8511);
#8513=CARTESIAN_POINT('',(1.520279579551078,1.520279579551076,0.0));
#8514=DIRECTION('',(0.345860332030618,0.938286006891114,0.0));
#8515=VECTOR('',#8514,1.687975458247113);
#8516=LINE('',#8513,#8515);
#8517=EDGE_CURVE('',#8512,#8468,#8516,.T.);
#8518=ORIENTED_EDGE('',*,*,#8517,.F.);
#8519=CARTESIAN_POINT('',(1.520279579551078,1.520279579551076,0.0));
#8520=DIRECTION('',(0.0,0.0,1.0));
#8521=VECTOR('',#8520,0.500000000000000);
#8522=LINE('',#8519,#8521);
#8523=EDGE_CURVE('',#8512,#8310,#8522,.T.);
#8524=ORIENTED_EDGE('',*,*,#8523,.T.);
#8525=EDGE_LOOP('',(#8509,#8510,#8518,#8524));
#8526=FACE_OUTER_BOUND('',#8525,.T.);
#8527=ADVANCED_FACE('',(#8526),#8508,.F.);
#8528=CARTESIAN_POINT('',(1.520279579551078,1.520279579551076,0.0));
#8529=DIRECTION('',(-0.345860332030618,0.938286006891114,0.0));
#8530=DIRECTION('',(0.0,0.0,1.0));
#8531=AXIS2_PLACEMENT_3D('',#8528,#8529,#8530);
#8532=PLANE('',#8531);
#8533=ORIENTED_EDGE('',*,*,#8323,.F.);
#8534=ORIENTED_EDGE('',*,*,#8523,.F.);
#8535=CARTESIAN_POINT('',(3.104083331999958,2.104083331999957,0.0));
#8536=VERTEX_POINT('',#8535);
#8537=CARTESIAN_POINT('',(3.104083331999958,2.104083331999957,0.0));
#8538=DIRECTION('',(-0.938286006891114,-0.345860332030618,0.0));
#8539=VECTOR('',#8538,1.687975458247112);
#8540=LINE('',#8537,#8539);
#8541=EDGE_CURVE('',#8536,#8512,#8540,.T.);
#8542=ORIENTED_EDGE('',*,*,#8541,.F.);
#8543=CARTESIAN_POINT('',(3.104083331999958,2.104083331999957,0.0));
#8544=DIRECTION('',(0.0,0.0,1.0));
#8545=VECTOR('',#8544,0.500000000000000);
#8546=LINE('',#8543,#8545);
#8547=EDGE_CURVE('',#8536,#8318,#8546,.T.);
#8548=ORIENTED_EDGE('',*,*,#8547,.T.);
#8549=EDGE_LOOP('',(#8533,#8534,#8542,#8548));
#8550=FACE_OUTER_BOUND('',#8549,.T.);
#8551=ADVANCED_FACE('',(#8550),#8532,.F.);
#8552=CARTESIAN_POINT('',(0.0,0.0,0.0));
#8553=DIRECTION('',(0.0,0.0,1.0));
#8554=DIRECTION('',(1.0,0.0,0.0));
#8555=AXIS2_PLACEMENT_3D('',#8552,#8553,#8554);
#8556=CYLINDRICAL_SURFACE('',#8555,3.750000000000000);
#8557=ORIENTED_EDGE('',*,*,#7886,.T.);
#8558=ORIENTED_EDGE('',*,*,#8330,.F.);
#8559=ORIENTED_EDGE('',*,*,#8547,.F.);
#8560=CARTESIAN_POINT('',(0.0,0.0,0.0));
#8561=DIRECTION('',(0.0,0.0,1.0));
#8562=DIRECTION('',(1.0,0.0,0.0));
#8563=AXIS2_PLACEMENT_3D('',#8560,#8561,#8562);
#8564=CIRCLE('',#8563,3.750000000000000);
#8565=EDGE_CURVE('',#7881,#8536,#8564,.T.);
#8566=ORIENTED_EDGE('',*,*,#8565,.F.);
#8567=EDGE_LOOP('',(#8557,#8558,#8559,#8566));
#8568=FACE_OUTER_BOUND('',#8567,.T.);
#8569=ADVANCED_FACE('',(#8568),#8556,.F.);
#8570=CARTESIAN_POINT('',(0.0,0.0,0.0));
#8571=DIRECTION('',(0.0,0.0,1.0));
#8572=DIRECTION('',(-1.0,0.0,0.0));
#8573=AXIS2_PLACEMENT_3D('',#8570,#8571,#8572);
#8574=CYLINDRICAL_SURFACE('',#8573,4.750000000000000);
#8575=ORIENTED_EDGE('',*,*,#8303,.T.);
#8576=EDGE_LOOP('',(#8575));
#8577=FACE_OUTER_BOUND('',#8576,.T.);
#8578=CARTESIAN_POINT('',(2.961576558828984,-3.713699541723142,0.0));
#8579=VERTEX_POINT('',#8578);
#8580=CARTESIAN_POINT('',(0.0,0.0,0.0));
#8581=DIRECTION('',(0.0,0.0,-1.0));
#8582=DIRECTION('',(-1.0,0.0,0.0));
#8583=AXIS2_PLACEMENT_3D('',#8580,#8581,#8582);
#8584=CIRCLE('',#8583,4.750000000000000);
#8585=EDGE_CURVE('',#8579,#8579,#8584,.T.);
#8586=ORIENTED_EDGE('',*,*,#8585,.F.);
#8587=EDGE_LOOP('',(#8586));
#8588=FACE_BOUND('',#8587,.T.);
#8589=ADVANCED_FACE('',(#8577,#8588),#8574,.T.);
#8590=CARTESIAN_POINT('',(0.0,0.0,0.0));
#8591=DIRECTION('',(0.0,0.0,-1.0));
#8592=DIRECTION('',(-1.0,0.0,0.0));
#8593=AXIS2_PLACEMENT_3D('',#8590,#8591,#8592);
#8594=PLANE('',#8593);
#8595=ORIENTED_EDGE('',*,*,#8585,.T.);
#8596=EDGE_LOOP('',(#8595));
#8597=FACE_OUTER_BOUND('',#8596,.T.);
#8598=ORIENTED_EDGE('',*,*,#8541,.T.);
#8599=ORIENTED_EDGE('',*,*,#8517,.T.);
#8600=ORIENTED_EDGE('',*,*,#8474,.T.);
#8601=ORIENTED_EDGE('',*,*,#8280,.T.);
#8602=ORIENTED_EDGE('',*,*,#8249,.T.);
#8603=ORIENTED_EDGE('',*,*,#8456,.T.);
#8604=ORIENTED_EDGE('',*,*,#8209,.T.);
#8605=ORIENTED_EDGE('',*,*,#8178,.T.);
#8606=ORIENTED_EDGE('',*,*,#8420,.T.);
#8607=ORIENTED_EDGE('',*,*,#8138,.T.);
#8608=ORIENTED_EDGE('',*,*,#8107,.T.);
#8609=ORIENTED_EDGE('',*,*,#8400,.T.);
#8610=ORIENTED_EDGE('',*,*,#8067,.T.);
#8611=ORIENTED_EDGE('',*,*,#8036,.T.);
#8612=ORIENTED_EDGE('',*,*,#8436,.T.);
#8613=ORIENTED_EDGE('',*,*,#7996,.T.);
#8614=ORIENTED_EDGE('',*,*,#7965,.T.);
#8615=ORIENTED_EDGE('',*,*,#8497,.T.);
#8616=ORIENTED_EDGE('',*,*,#7925,.T.);
#8617=ORIENTED_EDGE('',*,*,#7894,.T.);
#8618=ORIENTED_EDGE('',*,*,#8565,.T.);
#8619=EDGE_LOOP('',(#8598,#8599,#8600,#8601,#8602,#8603,#8604,#8605,#8606,#8607,#8608,#8609,#8610,#8611,#8612,#8613,#8614,#8615,#8616,#8617,#8618));
#8620=FACE_BOUND('',#8619,.T.);
#8621=ADVANCED_FACE('',(#8597,#8620),#8594,.T.);
#8622=CLOSED_SHELL('',(#7904,#7935,#7975,#8006,#8046,#8077,#8117,#8148,#8188,#8219,#8259,#8290,#8388,#8406,#8424,#8442,#8460,#8485,#8503,#8527,#8551,#8569,#8589,#8621));
#8623=MANIFOLD_SOLID_BREP('Solid1',#8622);
#8624=STYLED_ITEM('',(#543),#8623);
#8625=ADVANCED_BREP_SHAPE_REPRESENTATION('ABSR',(#8623),#7833);
#8626=SHAPE_REPRESENTATION_RELATIONSHIP('SRR','None',#8625,#7838);
#8627=AXIS2_PLACEMENT_3D('',#8628,#8629,#8630);
#8628=CARTESIAN_POINT('',(95.749999999999815,5.639859E-015,-3.899999999999988));
#8629=DIRECTION('',(0.0,-1.936436E-016,1.0));
#8630=DIRECTION('',(1.0,-6.974890E-062,0.0));
#8631=NEXT_ASSEMBLY_USAGE_OCCURRENCE('lockwasher2:1','lockwasher2:1','lockwasher2:1',#12,#7809,'lockwasher2:1');
#8632=PRODUCT_DEFINITION_SHAPE('lockwasher2:1','lockwasher2:1',#8631);
#8633=ITEM_DEFINED_TRANSFORMATION('lockwasher2:1','lockwasher2:1',#7834,#8627);
#8637=(REPRESENTATION_RELATIONSHIP('lockwasher2:1','lockwasher2:1',#7838,#41)REPRESENTATION_RELATIONSHIP_WITH_TRANSFORMATION(#8633)SHAPE_REPRESENTATION_RELATIONSHIP());
#8638=CONTEXT_DEPENDENT_SHAPE_REPRESENTATION(#8637,#8632);
#8639=AXIS2_PLACEMENT_3D('',#8640,#8641,#8642);
#8640=CARTESIAN_POINT('',(-94.750000000000028,5.939950E-015,-3.900000000000006));
#8641=DIRECTION('',(0.0,-1.936436E-016,1.0));
#8642=DIRECTION('',(1.0,5.254110E-062,0.0));
#8643=NEXT_ASSEMBLY_USAGE_OCCURRENCE('lockwasher2:2','lockwasher2:2','lockwasher2:2',#12,#7809,'lockwasher2:2');
#8644=PRODUCT_DEFINITION_SHAPE('lockwasher2:2','lockwasher2:2',#8643);
#8645=ITEM_DEFINED_TRANSFORMATION('lockwasher2:2','lockwasher2:2',#7834,#8639);
#8649=(REPRESENTATION_RELATIONSHIP('lockwasher2:2','lockwasher2:2',#7838,#41)REPRESENTATION_RELATIONSHIP_WITH_TRANSFORMATION(#8645)SHAPE_REPRESENTATION_RELATIONSHIP());
#8650=CONTEXT_DEPENDENT_SHAPE_REPRESENTATION(#8649,#8644);
#8651=APPLICATION_CONTEXT('automotive design');
#8652=APPLICATION_PROTOCOL_DEFINITION('International Standard','automotive_design',2001,#8651);
#8653=PRODUCT_CONTEXT('',#8651,'mechanical');
#8654=PRODUCT('8-32 nut','8-32 nut',$,(#8653));
#8655=PRODUCT_RELATED_PRODUCT_CATEGORY('part',$,(#8654));
#8656=PRODUCT_DEFINITION_FORMATION('',$,#8654);
#8657=PRODUCT_DEFINITION_CONTEXT('part definition',#8651,'design');
#8658=PRODUCT_DEFINITION('',$,#8656,#8657);
#8664=(NAMED_UNIT(*)PLANE_ANGLE_UNIT()SI_UNIT($,.RADIAN.));
#8665=DIMENSIONAL_EXPONENTS(0.0,0.0,0.0,0.0,0.0,0.0,0.0);
#8666=PLANE_ANGLE_MEASURE_WITH_UNIT(PLANE_ANGLE_MEASURE(0.017453292500000),#8664);
#8670=(CONVERSION_BASED_UNIT('DEGREE',#8666)NAMED_UNIT(#8665)PLANE_ANGLE_UNIT());
#8674=(NAMED_UNIT(*)SI_UNIT($,.STERADIAN.)SOLID_ANGLE_UNIT());
#8678=(LENGTH_UNIT()NAMED_UNIT(*)SI_UNIT(.CENTI.,.METRE.));
#8679=DIMENSIONAL_EXPONENTS(1.0,0.0,0.0,0.0,0.0,0.0,0.0);
#8680=LENGTH_MEASURE_WITH_UNIT(LENGTH_MEASURE(2.540000000000000),#8678);
#8684=(CONVERSION_BASED_UNIT('INCH',#8680)LENGTH_UNIT()NAMED_UNIT(#8679));
#8686=UNCERTAINTY_MEASURE_WITH_UNIT(LENGTH_MEASURE(0.000393700787402),#8684,'DISTANCE_ACCURACY_VALUE','');
#8688=(GEOMETRIC_REPRESENTATION_CONTEXT(3)GLOBAL_UNCERTAINTY_ASSIGNED_CONTEXT((#8686))GLOBAL_UNIT_ASSIGNED_CONTEXT((#8670,#8674,#8684))REPRESENTATION_CONTEXT('None','None'));
#8689=AXIS2_PLACEMENT_3D('',#8690,#8691,#8692);
#8690=CARTESIAN_POINT('',(0.0,0.0,0.0));
#8691=DIRECTION('',(0.0,0.0,1.0));
#8692=DIRECTION('',(1.0,0.0,0.0));
#8693=SHAPE_REPRESENTATION('',(#8689),#8688);
#8694=PRODUCT_DEFINITION_SHAPE('','',#8658);
#8695=SHAPE_DEFINITION_REPRESENTATION(#8694,#8693);
#8701=(NAMED_UNIT(*)PLANE_ANGLE_UNIT()SI_UNIT($,.RADIAN.));
#8702=DIMENSIONAL_EXPONENTS(0.0,0.0,0.0,0.0,0.0,0.0,0.0);
#8703=PLANE_ANGLE_MEASURE_WITH_UNIT(PLANE_ANGLE_MEASURE(0.017453292500000),#8701);
#8707=(CONVERSION_BASED_UNIT('DEGREE',#8703)NAMED_UNIT(#8702)PLANE_ANGLE_UNIT());
#8711=(NAMED_UNIT(*)SI_UNIT($,.STERADIAN.)SOLID_ANGLE_UNIT());
#8715=(LENGTH_UNIT()NAMED_UNIT(*)SI_UNIT(.MILLI.,.METRE.));
#8717=UNCERTAINTY_MEASURE_WITH_UNIT(LENGTH_MEASURE(0.000001000000000),#8715,'DISTANCE_ACCURACY_VALUE','');
#8719=(GEOMETRIC_REPRESENTATION_CONTEXT(3)GLOBAL_UNCERTAINTY_ASSIGNED_CONTEXT((#8717))GLOBAL_UNIT_ASSIGNED_CONTEXT((#8707,#8711,#8715))REPRESENTATION_CONTEXT('','3D'));
#8720=CARTESIAN_POINT('',(0.0,1.044289558667662,0.0));
#8721=DIRECTION('',(0.0,1.0,0.0));
#8722=DIRECTION('',(0.0,0.0,1.0));
#8723=AXIS2_PLACEMENT_3D('',#8720,#8721,#8722);
#8724=CONICAL_SURFACE('',#8723,1.0,45.000000000000085);
#8725=CARTESIAN_POINT('',(0.0,0.125000000000000,0.080710441332335));
#8726=VERTEX_POINT('',#8725);
#8727=CARTESIAN_POINT('',(0.0,0.125000000000000,0.0));
#8728=DIRECTION('',(0.0,-1.0,0.0));
#8729=DIRECTION('',(0.0,0.0,1.0));
#8730=AXIS2_PLACEMENT_3D('',#8727,#8728,#8729);
#8731=CIRCLE('',#8730,0.080710441332335);
#8732=EDGE_CURVE('',#8726,#8726,#8731,.T.);
#8733=ORIENTED_EDGE('',*,*,#8732,.F.);
#8734=EDGE_LOOP('',(#8733));
#8735=FACE_OUTER_BOUND('',#8734,.T.);
#8736=CARTESIAN_POINT('',(9.612627E-018,0.119280853065868,0.074991294398203));
#8737=VERTEX_POINT('',#8736);
#8738=CARTESIAN_POINT('',(0.0,0.119280853065868,0.0));
#8739=DIRECTION('',(0.0,1.0,0.0));
#8740=DIRECTION('',(0.0,0.0,1.0));
#8741=AXIS2_PLACEMENT_3D('',#8738,#8739,#8740);
#8742=CIRCLE('',#8741,0.074991294398203);
#8743=EDGE_CURVE('',#8737,#8737,#8742,.T.);
#8744=ORIENTED_EDGE('',*,*,#8743,.F.);
#8745=EDGE_LOOP('',(#8744));
#8746=FACE_BOUND('',#8745,.T.);
#8747=ADVANCED_FACE('',(#8735,#8746),#8724,.F.);
#8748=CARTESIAN_POINT('',(-0.171875000000000,0.125000000000000,-0.297696232550901));
#8749=DIRECTION('',(0.0,1.0,0.0));
#8750=DIRECTION('',(0.0,0.0,1.0));
#8751=AXIS2_PLACEMENT_3D('',#8748,#8749,#8750);
#8752=PLANE('',#8751);
#8753=CARTESIAN_POINT('',(-0.085937500000000,0.125000000000000,0.148848116275450));
#8754=VERTEX_POINT('',#8753);
#8755=CARTESIAN_POINT('',(0.085937500000000,0.125000000000000,0.148848116275450));
#8756=VERTEX_POINT('',#8755);
#8757=CARTESIAN_POINT('',(0.0,0.125000000000000,-9.604153E-018));
#8758=DIRECTION('',(0.0,1.0,0.0));
#8759=DIRECTION('',(0.0,0.0,1.0));
#8760=AXIS2_PLACEMENT_3D('',#8757,#8758,#8759);
#8761=CIRCLE('',#8760,0.171875000000000);
#8762=EDGE_CURVE('',#8754,#8756,#8761,.T.);
#8763=ORIENTED_EDGE('',*,*,#8762,.T.);
#8764=CARTESIAN_POINT('',(0.171875000000000,0.125000000000000,-9.604153E-018));
#8765=VERTEX_POINT('',#8764);
#8766=CARTESIAN_POINT('',(0.0,0.125000000000000,-9.604153E-018));
#8767=DIRECTION('',(0.0,1.0,0.0));
#8768=DIRECTION('',(0.0,0.0,1.0));
#8769=AXIS2_PLACEMENT_3D('',#8766,#8767,#8768);
#8770=CIRCLE('',#8769,0.171875000000000);
#8771=EDGE_CURVE('',#8756,#8765,#8770,.T.);
#8772=ORIENTED_EDGE('',*,*,#8771,.T.);
#8773=CARTESIAN_POINT('',(0.085937500000000,0.125000000000000,-0.148848116275450));
#8774=VERTEX_POINT('',#8773);
#8775=CARTESIAN_POINT('',(0.0,0.125000000000000,-9.604153E-018));
#8776=DIRECTION('',(0.0,1.0,0.0));
#8777=DIRECTION('',(0.0,0.0,1.0));
#8778=AXIS2_PLACEMENT_3D('',#8775,#8776,#8777);
#8779=CIRCLE('',#8778,0.171875000000000);
#8780=EDGE_CURVE('',#8765,#8774,#8779,.T.);
#8781=ORIENTED_EDGE('',*,*,#8780,.T.);
#8782=CARTESIAN_POINT('',(-0.085937500000000,0.125000000000000,-0.148848116275450));
#8783=VERTEX_POINT('',#8782);
#8784=CARTESIAN_POINT('',(0.0,0.125000000000000,-9.604153E-018));
#8785=DIRECTION('',(0.0,1.0,0.0));
#8786=DIRECTION('',(0.0,0.0,1.0));
#8787=AXIS2_PLACEMENT_3D('',#8784,#8785,#8786);
#8788=CIRCLE('',#8787,0.171875000000000);
#8789=EDGE_CURVE('',#8774,#8783,#8788,.T.);
#8790=ORIENTED_EDGE('',*,*,#8789,.T.);
#8791=CARTESIAN_POINT('',(-0.171875000000000,0.125000000000000,-9.604153E-018));
#8792=VERTEX_POINT('',#8791);
#8793=CARTESIAN_POINT('',(0.0,0.125000000000000,-9.604153E-018));
#8794=DIRECTION('',(0.0,1.0,0.0));
#8795=DIRECTION('',(0.0,0.0,1.0));
#8796=AXIS2_PLACEMENT_3D('',#8793,#8794,#8795);
#8797=CIRCLE('',#8796,0.171875000000000);
#8798=EDGE_CURVE('',#8783,#8792,#8797,.T.);
#8799=ORIENTED_EDGE('',*,*,#8798,.T.);
#8800=CARTESIAN_POINT('',(0.0,0.125000000000000,-9.604153E-018));
#8801=DIRECTION('',(0.0,1.0,0.0));
#8802=DIRECTION('',(0.0,0.0,1.0));
#8803=AXIS2_PLACEMENT_3D('',#8800,#8801,#8802);
#8804=CIRCLE('',#8803,0.171875000000000);
#8805=EDGE_CURVE('',#8792,#8754,#8804,.T.);
#8806=ORIENTED_EDGE('',*,*,#8805,.T.);
#8807=EDGE_LOOP('',(#8763,#8772,#8781,#8790,#8799,#8806));
#8808=FACE_OUTER_BOUND('',#8807,.T.);
#8809=ORIENTED_EDGE('',*,*,#8732,.T.);
#8810=EDGE_LOOP('',(#8809));
#8811=FACE_BOUND('',#8810,.T.);
#8812=ADVANCED_FACE('',(#8808,#8811),#8752,.T.);
#8813=CARTESIAN_POINT('',(0.0,-0.414773172116075,0.0));
#8814=DIRECTION('',(0.0,-1.0,0.0));
#8815=DIRECTION('',(0.0,0.0,-1.0));
#8816=AXIS2_PLACEMENT_3D('',#8813,#8814,#8815);
#8817=CONICAL_SURFACE('',#8816,1.0,60.000000000000071);
#8818=CARTESIAN_POINT('',(0.0,0.115234375000000,-0.082000000000000));
#8819=VERTEX_POINT('',#8818);
#8820=CARTESIAN_POINT('',(0.0,0.115234375000000,0.0));
#8821=DIRECTION('',(0.0,1.0,0.0));
#8822=DIRECTION('',(0.0,0.0,1.0));
#8823=AXIS2_PLACEMENT_3D('',#8820,#8821,#8822);
#8824=CIRCLE('',#8823,0.082000000000000);
#8825=EDGE_CURVE('',#8819,#8819,#8824,.T.);
#8826=ORIENTED_EDGE('',*,*,#8825,.F.);
#8827=EDGE_LOOP('',(#8826));
#8828=FACE_OUTER_BOUND('',#8827,.T.);
#8829=ORIENTED_EDGE('',*,*,#8743,.T.);
#8830=EDGE_LOOP('',(#8829));
#8831=FACE_BOUND('',#8830,.T.);
#8832=ADVANCED_FACE('',(#8828,#8831),#8817,.F.);
#8833=CARTESIAN_POINT('',(0.0,-0.703124999999991,-9.604153E-018));
#8834=DIRECTION('',(0.0,-1.0,0.0));
#8835=DIRECTION('',(0.0,0.0,-1.0));
#8836=AXIS2_PLACEMENT_3D('',#8833,#8834,#8835);
#8837=CONICAL_SURFACE('',#8836,1.0,45.000000000000320);
#8838=CARTESIAN_POINT('',(-5.122215E-016,0.098410844966066,0.198464155033934));
#8839=VERTEX_POINT('',#8838);
#8840=CARTESIAN_POINT('',(-0.336216949843534,-0.039370078740158,0.004349208535655));
#8841=CARTESIAN_POINT('',(-0.085937500000000,0.209019392608854,0.148848116275450));
#8842=CARTESIAN_POINT('',(0.164341949843534,-0.039370078740158,0.293347024015246));
#8850=(BOUNDED_CURVE()B_SPLINE_CURVE(2,(#8840,#8841,#8842),.UNSPECIFIED.,.F.,.U.)B_SPLINE_CURVE_WITH_KNOTS((3,3),(0.0,1.688954928350675),.UNSPECIFIED.)CURVE()GEOMETRIC_REPRESENTATION_ITEM()RATIONAL_B_SPLINE_CURVE((1.0,1.956335003579108,1.0))REPRESENTATION_ITEM(''));
#8851=EDGE_CURVE('',#8754,#8839,#8850,.T.);
#8852=ORIENTED_EDGE('',*,*,#8851,.T.);
#8853=CARTESIAN_POINT('',(-0.164341949843534,-0.039370078740158,0.293347024015246));
#8854=CARTESIAN_POINT('',(0.085937500000000,0.209019392608854,0.148848116275450));
#8855=CARTESIAN_POINT('',(0.336216949843534,-0.039370078740158,0.004349208535655));
#8863=(BOUNDED_CURVE()B_SPLINE_CURVE(2,(#8853,#8854,#8855),.UNSPECIFIED.,.F.,.U.)B_SPLINE_CURVE_WITH_KNOTS((3,3),(0.0,1.688954928350675),.UNSPECIFIED.)CURVE()GEOMETRIC_REPRESENTATION_ITEM()RATIONAL_B_SPLINE_CURVE((1.0,1.956335003579102,1.0))REPRESENTATION_ITEM(''));
#8864=EDGE_CURVE('',#8839,#8756,#8863,.T.);
#8865=ORIENTED_EDGE('',*,*,#8864,.T.);
#8866=ORIENTED_EDGE('',*,*,#8762,.F.);
#8867=EDGE_LOOP('',(#8852,#8865,#8866));
#8868=FACE_OUTER_BOUND('',#8867,.T.);
#8869=ADVANCED_FACE('',(#8868),#8837,.T.);
#8870=CARTESIAN_POINT('',(0.0,-0.703124999999991,-9.604153E-018));
#8871=DIRECTION('',(0.0,-1.0,0.0));
#8872=DIRECTION('',(0.0,0.0,-1.0));
#8873=AXIS2_PLACEMENT_3D('',#8870,#8871,#8872);
#8874=CONICAL_SURFACE('',#8873,1.0,45.000000000000320);
#8875=CARTESIAN_POINT('',(-0.171875000000000,0.098410844966066,-0.099232077516967));
#8876=VERTEX_POINT('',#8875);
#8877=CARTESIAN_POINT('',(0.164341949843534,-0.039370078740158,-0.293347024015246));
#8878=CARTESIAN_POINT('',(-0.085937500000000,0.209019392608854,-0.148848116275451));
#8879=CARTESIAN_POINT('',(-0.336216949843534,-0.039370078740158,-0.004349208535655));
#8887=(BOUNDED_CURVE()B_SPLINE_CURVE(2,(#8877,#8878,#8879),.UNSPECIFIED.,.F.,.U.)B_SPLINE_CURVE_WITH_KNOTS((3,3),(0.0,1.688954928350674),.UNSPECIFIED.)CURVE()GEOMETRIC_REPRESENTATION_ITEM()RATIONAL_B_SPLINE_CURVE((1.0,1.956335003579110,1.0))REPRESENTATION_ITEM(''));
#8888=EDGE_CURVE('',#8783,#8876,#8887,.T.);
#8889=ORIENTED_EDGE('',*,*,#8888,.T.);
#8890=CARTESIAN_POINT('',(-0.171875000000000,-0.039370078740158,-0.288997815479591));
#8891=CARTESIAN_POINT('',(-0.171875000000000,0.209019392608854,0.0));
#8892=CARTESIAN_POINT('',(-0.171875000000000,-0.039370078740158,0.288997815479591));
#8900=(BOUNDED_CURVE()B_SPLINE_CURVE(2,(#8890,#8891,#8892),.UNSPECIFIED.,.F.,.U.)B_SPLINE_CURVE_WITH_KNOTS((3,3),(0.0,1.688954928350674),.UNSPECIFIED.)CURVE()GEOMETRIC_REPRESENTATION_ITEM()RATIONAL_B_SPLINE_CURVE((1.0,1.956335003579105,1.0))REPRESENTATION_ITEM(''));
#8901=EDGE_CURVE('',#8876,#8792,#8900,.T.);
#8902=ORIENTED_EDGE('',*,*,#8901,.T.);
#8903=ORIENTED_EDGE('',*,*,#8798,.F.);
#8904=EDGE_LOOP('',(#8889,#8902,#8903));
#8905=FACE_OUTER_BOUND('',#8904,.T.);
#8906=ADVANCED_FACE('',(#8905),#8874,.T.);
#8907=CARTESIAN_POINT('',(0.0,-0.703124999999991,-9.604153E-018));
#8908=DIRECTION('',(0.0,-1.0,0.0));
#8909=DIRECTION('',(0.0,0.0,-1.0));
#8910=AXIS2_PLACEMENT_3D('',#8907,#8908,#8909);
#8911=CONICAL_SURFACE('',#8910,1.0,45.000000000000320);
#8912=ORIENTED_EDGE('',*,*,#8789,.F.);
#8913=CARTESIAN_POINT('',(1.365924E-016,0.098410844966066,-0.198464155033934));
#8914=VERTEX_POINT('',#8913);
#8915=CARTESIAN_POINT('',(0.336216949843534,-0.039370078740158,-0.004349208535655));
#8916=CARTESIAN_POINT('',(0.085937500000000,0.209019392608854,-0.148848116275451));
#8917=CARTESIAN_POINT('',(-0.164341949843533,-0.039370078740158,-0.293347024015246));
#8925=(BOUNDED_CURVE()B_SPLINE_CURVE(2,(#8915,#8916,#8917),.UNSPECIFIED.,.F.,.U.)B_SPLINE_CURVE_WITH_KNOTS((3,3),(0.0,1.688954928350672),.UNSPECIFIED.)CURVE()GEOMETRIC_REPRESENTATION_ITEM()RATIONAL_B_SPLINE_CURVE((1.0,1.956335003579098,1.0))REPRESENTATION_ITEM(''));
#8926=EDGE_CURVE('',#8774,#8914,#8925,.T.);
#8927=ORIENTED_EDGE('',*,*,#8926,.T.);
#8928=CARTESIAN_POINT('',(0.164341949843534,-0.039370078740158,-0.293347024015246));
#8929=CARTESIAN_POINT('',(-0.085937500000000,0.209019392608854,-0.148848116275451));
#8930=CARTESIAN_POINT('',(-0.336216949843534,-0.039370078740158,-0.004349208535655));
#8938=(BOUNDED_CURVE()B_SPLINE_CURVE(2,(#8928,#8929,#8930),.UNSPECIFIED.,.F.,.U.)B_SPLINE_CURVE_WITH_KNOTS((3,3),(0.0,1.688954928350674),.UNSPECIFIED.)CURVE()GEOMETRIC_REPRESENTATION_ITEM()RATIONAL_B_SPLINE_CURVE((1.0,1.956335003579110,1.0))REPRESENTATION_ITEM(''));
#8939=EDGE_CURVE('',#8914,#8783,#8938,.T.);
#8940=ORIENTED_EDGE('',*,*,#8939,.T.);
#8941=EDGE_LOOP('',(#8912,#8927,#8940));
#8942=FACE_OUTER_BOUND('',#8941,.T.);
#8943=ADVANCED_FACE('',(#8942),#8911,.T.);
#8944=CARTESIAN_POINT('',(0.0,-0.703124999999991,-9.604153E-018));
#8945=DIRECTION('',(0.0,-1.0,0.0));
#8946=DIRECTION('',(0.0,0.0,-1.0));
#8947=AXIS2_PLACEMENT_3D('',#8944,#8945,#8946);
#8948=CONICAL_SURFACE('',#8947,1.0,45.000000000000320);
#8949=CARTESIAN_POINT('',(-0.171875000000001,0.098410844966066,0.099232077516967));
#8950=VERTEX_POINT('',#8949);
#8951=CARTESIAN_POINT('',(-0.171875000000000,-0.039370078740158,-0.288997815479591));
#8952=CARTESIAN_POINT('',(-0.171875000000000,0.209019392608854,0.0));
#8953=CARTESIAN_POINT('',(-0.171875000000000,-0.039370078740158,0.288997815479591));
#8961=(BOUNDED_CURVE()B_SPLINE_CURVE(2,(#8951,#8952,#8953),.UNSPECIFIED.,.F.,.U.)B_SPLINE_CURVE_WITH_KNOTS((3,3),(0.0,1.688954928350674),.UNSPECIFIED.)CURVE()GEOMETRIC_REPRESENTATION_ITEM()RATIONAL_B_SPLINE_CURVE((1.0,1.956335003579105,1.0))REPRESENTATION_ITEM(''));
#8962=EDGE_CURVE('',#8792,#8950,#8961,.T.);
#8963=ORIENTED_EDGE('',*,*,#8962,.T.);
#8964=CARTESIAN_POINT('',(-0.336216949843534,-0.039370078740158,0.004349208535655));
#8965=CARTESIAN_POINT('',(-0.085937500000000,0.209019392608854,0.148848116275450));
#8966=CARTESIAN_POINT('',(0.164341949843534,-0.039370078740158,0.293347024015246));
#8974=(BOUNDED_CURVE()B_SPLINE_CURVE(2,(#8964,#8965,#8966),.UNSPECIFIED.,.F.,.U.)B_SPLINE_CURVE_WITH_KNOTS((3,3),(0.0,1.688954928350675),.UNSPECIFIED.)CURVE()GEOMETRIC_REPRESENTATION_ITEM()RATIONAL_B_SPLINE_CURVE((1.0,1.956335003579108,1.0))REPRESENTATION_ITEM(''));
#8975=EDGE_CURVE('',#8950,#8754,#8974,.T.);
#8976=ORIENTED_EDGE('',*,*,#8975,.T.);
#8977=ORIENTED_EDGE('',*,*,#8805,.F.);
#8978=EDGE_LOOP('',(#8963,#8976,#8977));
#8979=FACE_OUTER_BOUND('',#8978,.T.);
#8980=ADVANCED_FACE('',(#8979),#8948,.T.);
#8981=CARTESIAN_POINT('',(0.0,-0.703124999999991,-9.604153E-018));
#8982=DIRECTION('',(0.0,-1.0,0.0));
#8983=DIRECTION('',(0.0,0.0,-1.0));
#8984=AXIS2_PLACEMENT_3D('',#8981,#8982,#8983);
#8985=CONICAL_SURFACE('',#8984,1.0,45.000000000000320);
#8986=CARTESIAN_POINT('',(0.171875000000000,0.098410844966066,-0.099232077516968));
#8987=VERTEX_POINT('',#8986);
#8988=CARTESIAN_POINT('',(0.336216949843534,-0.039370078740158,-0.004349208535655));
#8989=CARTESIAN_POINT('',(0.085937500000000,0.209019392608854,-0.148848116275451));
#8990=CARTESIAN_POINT('',(-0.164341949843533,-0.039370078740158,-0.293347024015246));
#8998=(BOUNDED_CURVE()B_SPLINE_CURVE(2,(#8988,#8989,#8990),.UNSPECIFIED.,.F.,.U.)B_SPLINE_CURVE_WITH_KNOTS((3,3),(0.0,1.688954928350672),.UNSPECIFIED.)CURVE()GEOMETRIC_REPRESENTATION_ITEM()RATIONAL_B_SPLINE_CURVE((1.0,1.956335003579098,1.0))REPRESENTATION_ITEM(''));
#8999=EDGE_CURVE('',#8987,#8774,#8998,.T.);
#9000=ORIENTED_EDGE('',*,*,#8999,.T.);
#9001=ORIENTED_EDGE('',*,*,#8780,.F.);
#9002=CARTESIAN_POINT('',(0.171875000000000,-0.039370078740158,0.288997815479591));
#9003=CARTESIAN_POINT('',(0.171875000000000,0.209019392608854,0.0));
#9004=CARTESIAN_POINT('',(0.171875000000000,-0.039370078740158,-0.288997815479591));
#9012=(BOUNDED_CURVE()B_SPLINE_CURVE(2,(#9002,#9003,#9004),.UNSPECIFIED.,.F.,.U.)B_SPLINE_CURVE_WITH_KNOTS((3,3),(0.0,1.688954928350675),.UNSPECIFIED.)CURVE()GEOMETRIC_REPRESENTATION_ITEM()RATIONAL_B_SPLINE_CURVE((1.0,1.956335003579105,1.0))REPRESENTATION_ITEM(''));
#9013=EDGE_CURVE('',#8765,#8987,#9012,.T.);
#9014=ORIENTED_EDGE('',*,*,#9013,.T.);
#9015=EDGE_LOOP('',(#9000,#9001,#9014));
#9016=FACE_OUTER_BOUND('',#9015,.T.);
#9017=ADVANCED_FACE('',(#9016),#8985,.T.);
#9018=CARTESIAN_POINT('',(0.0,-0.703124999999991,-9.604153E-018));
#9019=DIRECTION('',(0.0,-1.0,0.0));
#9020=DIRECTION('',(0.0,0.0,-1.0));
#9021=AXIS2_PLACEMENT_3D('',#9018,#9019,#9020);
#9022=CONICAL_SURFACE('',#9021,1.0,45.000000000000320);
#9023=CARTESIAN_POINT('',(0.171875000000000,0.098410844966066,0.099232077516968));
#9024=VERTEX_POINT('',#9023);
#9025=CARTESIAN_POINT('',(-0.164341949843534,-0.039370078740158,0.293347024015246));
#9026=CARTESIAN_POINT('',(0.085937500000000,0.209019392608854,0.148848116275450));
#9027=CARTESIAN_POINT('',(0.336216949843534,-0.039370078740158,0.004349208535655));
#9035=(BOUNDED_CURVE()B_SPLINE_CURVE(2,(#9025,#9026,#9027),.UNSPECIFIED.,.F.,.U.)B_SPLINE_CURVE_WITH_KNOTS((3,3),(0.0,1.688954928350675),.UNSPECIFIED.)CURVE()GEOMETRIC_REPRESENTATION_ITEM()RATIONAL_B_SPLINE_CURVE((1.0,1.956335003579102,1.0))REPRESENTATION_ITEM(''));
#9036=EDGE_CURVE('',#8756,#9024,#9035,.T.);
#9037=ORIENTED_EDGE('',*,*,#9036,.T.);
#9038=CARTESIAN_POINT('',(0.171875000000000,-0.039370078740158,0.288997815479591));
#9039=CARTESIAN_POINT('',(0.171875000000000,0.209019392608854,0.0));
#9040=CARTESIAN_POINT('',(0.171875000000000,-0.039370078740158,-0.288997815479591));
#9048=(BOUNDED_CURVE()B_SPLINE_CURVE(2,(#9038,#9039,#9040),.UNSPECIFIED.,.F.,.U.)B_SPLINE_CURVE_WITH_KNOTS((3,3),(0.0,1.688954928350675),.UNSPECIFIED.)CURVE()GEOMETRIC_REPRESENTATION_ITEM()RATIONAL_B_SPLINE_CURVE((1.0,1.956335003579105,1.0))REPRESENTATION_ITEM(''));
#9049=EDGE_CURVE('',#9024,#8765,#9048,.T.);
#9050=ORIENTED_EDGE('',*,*,#9049,.T.);
#9051=ORIENTED_EDGE('',*,*,#8771,.F.);
#9052=EDGE_LOOP('',(#9037,#9050,#9051));
#9053=FACE_OUTER_BOUND('',#9052,.T.);
#9054=ADVANCED_FACE('',(#9053),#9022,.T.);
#9055=CARTESIAN_POINT('',(0.0,0.065495218148988,0.0));
#9056=DIRECTION('',(0.0,1.0,0.0));
#9057=DIRECTION('',(0.0,0.0,1.0));
#9058=AXIS2_PLACEMENT_3D('',#9055,#9056,#9057);
#9059=CYLINDRICAL_SURFACE('',#9058,0.082000000000000);
#9060=ORIENTED_EDGE('',*,*,#8825,.T.);
#9061=EDGE_LOOP('',(#9060));
#9062=FACE_OUTER_BOUND('',#9061,.T.);
#9063=CARTESIAN_POINT('',(0.0,0.111328125000000,0.082000000000000));
#9064=VERTEX_POINT('',#9063);
#9065=CARTESIAN_POINT('',(0.0,0.111328125000000,0.0));
#9066=DIRECTION('',(0.0,1.0,0.0));
#9067=DIRECTION('',(0.0,0.0,1.0));
#9068=AXIS2_PLACEMENT_3D('',#9065,#9066,#9067);
#9069=CIRCLE('',#9068,0.082000000000000);
#9070=EDGE_CURVE('',#9064,#9064,#9069,.T.);
#9071=ORIENTED_EDGE('',*,*,#9070,.F.);
#9072=EDGE_LOOP('',(#9071));
#9073=FACE_BOUND('',#9072,.T.);
#9074=ADVANCED_FACE('',(#9062,#9073),#9059,.F.);
#9075=CARTESIAN_POINT('',(-0.171875000000000,0.125000000000000,0.099232077516967));
#9076=DIRECTION('',(0.500000000000000,0.0,-0.866025403784439));
#9077=DIRECTION('',(-0.866025403784439,0.0,-0.500000000000000));
#9078=AXIS2_PLACEMENT_3D('',#9075,#9076,#9077);
#9079=PLANE('',#9078);
#9080=ORIENTED_EDGE('',*,*,#8975,.F.);
#9081=CARTESIAN_POINT('',(-0.171875000000000,0.0,0.099232077516967));
#9082=VERTEX_POINT('',#9081);
#9083=CARTESIAN_POINT('',(-0.171875000000000,0.098410844966066,0.099232077516967));
#9084=DIRECTION('',(0.0,-1.0,0.0));
#9085=VECTOR('',#9084,0.098410844966066);
#9086=LINE('',#9083,#9085);
#9087=EDGE_CURVE('',#8950,#9082,#9086,.T.);
#9088=ORIENTED_EDGE('',*,*,#9087,.T.);
#9089=CARTESIAN_POINT('',(-1.180934E-017,0.0,0.198464155033934));
#9090=VERTEX_POINT('',#9089);
#9091=CARTESIAN_POINT('',(-0.171875000000000,0.0,0.099232077516967));
#9092=DIRECTION('',(0.866025403784439,0.0,0.500000000000000));
#9093=VECTOR('',#9092,0.198464155033934);
#9094=LINE('',#9091,#9093);
#9095=EDGE_CURVE('',#9082,#9090,#9094,.T.);
#9096=ORIENTED_EDGE('',*,*,#9095,.T.);
#9097=CARTESIAN_POINT('',(-1.180934E-017,0.098410844966066,0.198464155033934));
#9098=DIRECTION('',(0.0,-1.0,0.0));
#9099=VECTOR('',#9098,0.098410844966066);
#9100=LINE('',#9097,#9099);
#9101=EDGE_CURVE('',#8839,#9090,#9100,.T.);
#9102=ORIENTED_EDGE('',*,*,#9101,.F.);
#9103=ORIENTED_EDGE('',*,*,#8851,.F.);
#9104=EDGE_LOOP('',(#9080,#9088,#9096,#9102,#9103));
#9105=FACE_OUTER_BOUND('',#9104,.T.);
#9106=ADVANCED_FACE('',(#9105),#9079,.F.);
#9107=CARTESIAN_POINT('',(-1.180934E-017,0.125000000000000,0.198464155033934));
#9108=DIRECTION('',(-0.500000000000000,0.0,-0.866025403784439));
#9109=DIRECTION('',(-0.866025403784439,0.0,0.500000000000000));
#9110=AXIS2_PLACEMENT_3D('',#9107,#9108,#9109);
#9111=PLANE('',#9110);
#9112=ORIENTED_EDGE('',*,*,#8864,.F.);
#9113=ORIENTED_EDGE('',*,*,#9101,.T.);
#9114=CARTESIAN_POINT('',(0.171875000000000,0.0,0.099232077516967));
#9115=VERTEX_POINT('',#9114);
#9116=CARTESIAN_POINT('',(-1.180934E-017,0.0,0.198464155033934));
#9117=DIRECTION('',(0.866025403784439,0.0,-0.500000000000000));
#9118=VECTOR('',#9117,0.198464155033934);
#9119=LINE('',#9116,#9118);
#9120=EDGE_CURVE('',#9090,#9115,#9119,.T.);
#9121=ORIENTED_EDGE('',*,*,#9120,.T.);
#9122=CARTESIAN_POINT('',(0.171875000000000,0.098410844966066,0.099232077516967));
#9123=DIRECTION('',(0.0,-1.0,0.0));
#9124=VECTOR('',#9123,0.098410844966066);
#9125=LINE('',#9122,#9124);
#9126=EDGE_CURVE('',#9024,#9115,#9125,.T.);
#9127=ORIENTED_EDGE('',*,*,#9126,.F.);
#9128=ORIENTED_EDGE('',*,*,#9036,.F.);
#9129=EDGE_LOOP('',(#9112,#9113,#9121,#9127,#9128));
#9130=FACE_OUTER_BOUND('',#9129,.T.);
#9131=ADVANCED_FACE('',(#9130),#9111,.F.);
#9132=CARTESIAN_POINT('',(-0.171875000000000,0.125000000000000,-0.099232077516967));
#9133=DIRECTION('',(1.0,0.0,0.0));
#9134=DIRECTION('',(0.0,0.0,-1.0));
#9135=AXIS2_PLACEMENT_3D('',#9132,#9133,#9134);
#9136=PLANE('',#9135);
#9137=ORIENTED_EDGE('',*,*,#8901,.F.);
#9138=CARTESIAN_POINT('',(-0.171875000000000,0.0,-0.099232077516967));
#9139=VERTEX_POINT('',#9138);
#9140=CARTESIAN_POINT('',(-0.171875000000000,0.098410844966066,-0.099232077516967));
#9141=DIRECTION('',(0.0,-1.0,0.0));
#9142=VECTOR('',#9141,0.098410844966066);
#9143=LINE('',#9140,#9142);
#9144=EDGE_CURVE('',#8876,#9139,#9143,.T.);
#9145=ORIENTED_EDGE('',*,*,#9144,.T.);
#9146=CARTESIAN_POINT('',(-0.171875000000000,0.0,-0.099232077516967));
#9147=DIRECTION('',(0.0,0.0,1.0));
#9148=VECTOR('',#9147,0.198464155033934);
#9149=LINE('',#9146,#9148);
#9150=EDGE_CURVE('',#9139,#9082,#9149,.T.);
#9151=ORIENTED_EDGE('',*,*,#9150,.T.);
#9152=ORIENTED_EDGE('',*,*,#9087,.F.);
#9153=ORIENTED_EDGE('',*,*,#8962,.F.);
#9154=EDGE_LOOP('',(#9137,#9145,#9151,#9152,#9153));
#9155=FACE_OUTER_BOUND('',#9154,.T.);
#9156=ADVANCED_FACE('',(#9155),#9136,.F.);
#9157=CARTESIAN_POINT('',(2.111388E-016,0.125000000000000,-0.198464155033934));
#9158=DIRECTION('',(0.500000000000000,0.0,0.866025403784439));
#9159=DIRECTION('',(0.866025403784439,0.0,-0.500000000000000));
#9160=AXIS2_PLACEMENT_3D('',#9157,#9158,#9159);
#9161=PLANE('',#9160);
#9162=ORIENTED_EDGE('',*,*,#8939,.F.);
#9163=CARTESIAN_POINT('',(2.111388E-016,0.0,-0.198464155033934));
#9164=VERTEX_POINT('',#9163);
#9165=CARTESIAN_POINT('',(2.111388E-016,0.098410844966066,-0.198464155033934));
#9166=DIRECTION('',(0.0,-1.0,0.0));
#9167=VECTOR('',#9166,0.098410844966066);
#9168=LINE('',#9165,#9167);
#9169=EDGE_CURVE('',#8914,#9164,#9168,.T.);
#9170=ORIENTED_EDGE('',*,*,#9169,.T.);
#9171=CARTESIAN_POINT('',(2.111388E-016,0.0,-0.198464155033934));
#9172=DIRECTION('',(-0.866025403784439,0.0,0.500000000000000));
#9173=VECTOR('',#9172,0.198464155033934);
#9174=LINE('',#9171,#9173);
#9175=EDGE_CURVE('',#9164,#9139,#9174,.T.);
#9176=ORIENTED_EDGE('',*,*,#9175,.T.);
#9177=ORIENTED_EDGE('',*,*,#9144,.F.);
#9178=ORIENTED_EDGE('',*,*,#8888,.F.);
#9179=EDGE_LOOP('',(#9162,#9170,#9176,#9177,#9178));
#9180=FACE_OUTER_BOUND('',#9179,.T.);
#9181=ADVANCED_FACE('',(#9180),#9161,.F.);
#9182=CARTESIAN_POINT('',(0.171875000000000,0.125000000000000,-0.099232077516967));
#9183=DIRECTION('',(-0.500000000000000,0.0,0.866025403784439));
#9184=DIRECTION('',(0.866025403784439,0.0,0.500000000000000));
#9185=AXIS2_PLACEMENT_3D('',#9182,#9183,#9184);
#9186=PLANE('',#9185);
#9187=ORIENTED_EDGE('',*,*,#8999,.F.);
#9188=CARTESIAN_POINT('',(0.171875000000000,0.0,-0.099232077516967));
#9189=VERTEX_POINT('',#9188);
#9190=CARTESIAN_POINT('',(0.171875000000000,0.098410844966066,-0.099232077516967));
#9191=DIRECTION('',(0.0,-1.0,0.0));
#9192=VECTOR('',#9191,0.098410844966066);
#9193=LINE('',#9190,#9192);
#9194=EDGE_CURVE('',#8987,#9189,#9193,.T.);
#9195=ORIENTED_EDGE('',*,*,#9194,.T.);
#9196=CARTESIAN_POINT('',(0.171875000000000,0.0,-0.099232077516967));
#9197=DIRECTION('',(-0.866025403784439,0.0,-0.500000000000000));
#9198=VECTOR('',#9197,0.198464155033934);
#9199=LINE('',#9196,#9198);
#9200=EDGE_CURVE('',#9189,#9164,#9199,.T.);
#9201=ORIENTED_EDGE('',*,*,#9200,.T.);
#9202=ORIENTED_EDGE('',*,*,#9169,.F.);
#9203=ORIENTED_EDGE('',*,*,#8926,.F.);
#9204=EDGE_LOOP('',(#9187,#9195,#9201,#9202,#9203));
#9205=FACE_OUTER_BOUND('',#9204,.T.);
#9206=ADVANCED_FACE('',(#9205),#9186,.F.);
#9207=CARTESIAN_POINT('',(0.171875000000000,0.125000000000000,0.099232077516967));
#9208=DIRECTION('',(-1.0,0.0,0.0));
#9209=DIRECTION('',(0.0,0.0,1.0));
#9210=AXIS2_PLACEMENT_3D('',#9207,#9208,#9209);
#9211=PLANE('',#9210);
#9212=ORIENTED_EDGE('',*,*,#9049,.F.);
#9213=ORIENTED_EDGE('',*,*,#9126,.T.);
#9214=CARTESIAN_POINT('',(0.171875000000000,0.0,0.099232077516967));
#9215=DIRECTION('',(0.0,0.0,-1.0));
#9216=VECTOR('',#9215,0.198464155033934);
#9217=LINE('',#9214,#9216);
#9218=EDGE_CURVE('',#9115,#9189,#9217,.T.);
#9219=ORIENTED_EDGE('',*,*,#9218,.T.);
#9220=ORIENTED_EDGE('',*,*,#9194,.F.);
#9221=ORIENTED_EDGE('',*,*,#9013,.F.);
#9222=EDGE_LOOP('',(#9212,#9213,#9219,#9220,#9221));
#9223=FACE_OUTER_BOUND('',#9222,.T.);
#9224=ADVANCED_FACE('',(#9223),#9211,.F.);
#9225=CARTESIAN_POINT('',(0.0,0.641335672116076,0.0));
#9226=DIRECTION('',(0.0,1.0,0.0));
#9227=DIRECTION('',(0.0,0.0,1.0));
#9228=AXIS2_PLACEMENT_3D('',#9225,#9226,#9227);
#9229=CONICAL_SURFACE('',#9228,1.0,60.000000000000007);
#9230=ORIENTED_EDGE('',*,*,#9070,.T.);
#9231=EDGE_LOOP('',(#9230));
#9232=FACE_OUTER_BOUND('',#9231,.T.);
#9233=CARTESIAN_POINT('',(0.0,0.101562500000000,0.065085441332335));
#9234=VERTEX_POINT('',#9233);
#9235=CARTESIAN_POINT('',(0.0,0.101562500000000,0.0));
#9236=DIRECTION('',(0.0,1.0,0.0));
#9237=DIRECTION('',(0.0,0.0,1.0));
#9238=AXIS2_PLACEMENT_3D('',#9235,#9236,#9237);
#9239=CIRCLE('',#9238,0.065085441332335);
#9240=EDGE_CURVE('',#9234,#9234,#9239,.T.);
#9241=ORIENTED_EDGE('',*,*,#9240,.F.);
#9242=EDGE_LOOP('',(#9241));
#9243=FACE_BOUND('',#9242,.T.);
#9244=ADVANCED_FACE('',(#9232,#9243),#9229,.F.);
#9245=CARTESIAN_POINT('',(-0.171875000000000,0.0,-0.297696232550901));
#9246=DIRECTION('',(0.0,1.0,0.0));
#9247=DIRECTION('',(0.0,0.0,1.0));
#9248=AXIS2_PLACEMENT_3D('',#9245,#9246,#9247);
#9249=PLANE('',#9248);
#9250=ORIENTED_EDGE('',*,*,#9200,.F.);
#9251=ORIENTED_EDGE('',*,*,#9218,.F.);
#9252=ORIENTED_EDGE('',*,*,#9120,.F.);
#9253=ORIENTED_EDGE('',*,*,#9095,.F.);
#9254=ORIENTED_EDGE('',*,*,#9150,.F.);
#9255=ORIENTED_EDGE('',*,*,#9175,.F.);
#9256=EDGE_LOOP('',(#9250,#9251,#9252,#9253,#9254,#9255));
#9257=FACE_OUTER_BOUND('',#9256,.T.);
#9258=CARTESIAN_POINT('',(0.0,-1.707405E-017,0.065085441332335));
#9259=VERTEX_POINT('',#9258);
#9260=CARTESIAN_POINT('',(0.0,-1.707405E-017,0.0));
#9261=DIRECTION('',(0.0,1.0,0.0));
#9262=DIRECTION('',(0.0,0.0,1.0));
#9263=AXIS2_PLACEMENT_3D('',#9260,#9261,#9262);
#9264=CIRCLE('',#9263,0.065085441332335);
#9265=EDGE_CURVE('',#9259,#9259,#9264,.T.);
#9266=ORIENTED_EDGE('',*,*,#9265,.T.);
#9267=EDGE_LOOP('',(#9266));
#9268=FACE_BOUND('',#9267,.T.);
#9269=ADVANCED_FACE('',(#9257,#9268),#9249,.F.);
#9270=CARTESIAN_POINT('',(0.0,0.065495218148988,0.0));
#9271=DIRECTION('',(0.0,1.0,0.0));
#9272=DIRECTION('',(0.0,0.0,1.0));
#9273=AXIS2_PLACEMENT_3D('',#9270,#9271,#9272);
#9274=CYLINDRICAL_SURFACE('',#9273,0.065085441332335);
#9275=ORIENTED_EDGE('',*,*,#9240,.T.);
#9276=EDGE_LOOP('',(#9275));
#9277=FACE_OUTER_BOUND('',#9276,.T.);
#9278=CARTESIAN_POINT('',(0.0,0.093750000000000,0.065085441332335));
#9279=VERTEX_POINT('',#9278);
#9280=CARTESIAN_POINT('',(0.0,0.093750000000000,0.0));
#9281=DIRECTION('',(0.0,1.0,0.0));
#9282=DIRECTION('',(0.0,0.0,1.0));
#9283=AXIS2_PLACEMENT_3D('',#9280,#9281,#9282);
#9284=CIRCLE('',#9283,0.065085441332335);
#9285=EDGE_CURVE('',#9279,#9279,#9284,.T.);
#9286=ORIENTED_EDGE('',*,*,#9285,.F.);
#9287=EDGE_LOOP('',(#9286));
#9288=FACE_BOUND('',#9287,.T.);
#9289=ADVANCED_FACE('',(#9277,#9288),#9274,.F.);
#9290=CARTESIAN_POINT('',(0.0,-0.028254781851012,0.0));
#9291=DIRECTION('',(0.0,1.0,0.0));
#9292=DIRECTION('',(0.0,0.0,1.0));
#9293=AXIS2_PLACEMENT_3D('',#9290,#9291,#9292);
#9294=CYLINDRICAL_SURFACE('',#9293,0.065085441332335);
#9295=ORIENTED_EDGE('',*,*,#9265,.F.);
#9296=EDGE_LOOP('',(#9295));
#9297=FACE_OUTER_BOUND('',#9296,.T.);
#9298=CARTESIAN_POINT('',(0.0,0.007812500000000,0.065085441332335));
#9299=VERTEX_POINT('',#9298);
#9300=CARTESIAN_POINT('',(0.0,0.007812500000000,0.0));
#9301=DIRECTION('',(0.0,1.0,0.0));
#9302=DIRECTION('',(0.0,0.0,1.0));
#9303=AXIS2_PLACEMENT_3D('',#9300,#9301,#9302);
#9304=CIRCLE('',#9303,0.065085441332335);
#9305=EDGE_CURVE('',#9299,#9299,#9304,.T.);
#9306=ORIENTED_EDGE('',*,*,#9305,.T.);
#9307=EDGE_LOOP('',(#9306));
#9308=FACE_BOUND('',#9307,.T.);
#9309=ADVANCED_FACE('',(#9297,#9308),#9294,.F.);
#9310=CARTESIAN_POINT('',(0.0,-0.446023172116075,0.0));
#9311=DIRECTION('',(0.0,-1.0,0.0));
#9312=DIRECTION('',(0.0,0.0,-1.0));
#9313=AXIS2_PLACEMENT_3D('',#9310,#9311,#9312);
#9314=CONICAL_SURFACE('',#9313,1.0,60.000000000000071);
#9315=CARTESIAN_POINT('',(0.0,0.083984375000000,-0.082000000000000));
#9316=VERTEX_POINT('',#9315);
#9317=CARTESIAN_POINT('',(0.0,0.083984375000000,0.0));
#9318=DIRECTION('',(0.0,1.0,0.0));
#9319=DIRECTION('',(0.0,0.0,1.0));
#9320=AXIS2_PLACEMENT_3D('',#9317,#9318,#9319);
#9321=CIRCLE('',#9320,0.082000000000000);
#9322=EDGE_CURVE('',#9316,#9316,#9321,.T.);
#9323=ORIENTED_EDGE('',*,*,#9322,.F.);
#9324=EDGE_LOOP('',(#9323));
#9325=FACE_OUTER_BOUND('',#9324,.T.);
#9326=ORIENTED_EDGE('',*,*,#9285,.T.);
#9327=EDGE_LOOP('',(#9326));
#9328=FACE_BOUND('',#9327,.T.);
#9329=ADVANCED_FACE('',(#9325,#9328),#9314,.F.);
#9330=CARTESIAN_POINT('',(0.0,0.547585672116076,0.0));
#9331=DIRECTION('',(0.0,1.0,0.0));
#9332=DIRECTION('',(0.0,0.0,1.0));
#9333=AXIS2_PLACEMENT_3D('',#9330,#9331,#9332);
#9334=CONICAL_SURFACE('',#9333,1.0,60.000000000000007);
#9335=ORIENTED_EDGE('',*,*,#9305,.F.);
#9336=EDGE_LOOP('',(#9335));
#9337=FACE_OUTER_BOUND('',#9336,.T.);
#9338=CARTESIAN_POINT('',(0.0,0.017578125000000,0.082000000000000));
#9339=VERTEX_POINT('',#9338);
#9340=CARTESIAN_POINT('',(0.0,0.017578125000000,0.0));
#9341=DIRECTION('',(0.0,1.0,0.0));
#9342=DIRECTION('',(0.0,0.0,1.0));
#9343=AXIS2_PLACEMENT_3D('',#9340,#9341,#9342);
#9344=CIRCLE('',#9343,0.082000000000000);
#9345=EDGE_CURVE('',#9339,#9339,#9344,.T.);
#9346=ORIENTED_EDGE('',*,*,#9345,.T.);
#9347=EDGE_LOOP('',(#9346));
#9348=FACE_BOUND('',#9347,.T.);
#9349=ADVANCED_FACE('',(#9337,#9348),#9334,.F.);
#9350=CARTESIAN_POINT('',(0.0,0.034245218148988,0.0));
#9351=DIRECTION('',(0.0,1.0,0.0));
#9352=DIRECTION('',(0.0,0.0,1.0));
#9353=AXIS2_PLACEMENT_3D('',#9350,#9351,#9352);
#9354=CYLINDRICAL_SURFACE('',#9353,0.082000000000000);
#9355=ORIENTED_EDGE('',*,*,#9322,.T.);
#9356=EDGE_LOOP('',(#9355));
#9357=FACE_OUTER_BOUND('',#9356,.T.);
#9358=CARTESIAN_POINT('',(0.0,0.080078125000000,0.082000000000000));
#9359=VERTEX_POINT('',#9358);
#9360=CARTESIAN_POINT('',(0.0,0.080078125000000,0.0));
#9361=DIRECTION('',(0.0,1.0,0.0));
#9362=DIRECTION('',(0.0,0.0,1.0));
#9363=AXIS2_PLACEMENT_3D('',#9360,#9361,#9362);
#9364=CIRCLE('',#9363,0.082000000000000);
#9365=EDGE_CURVE('',#9359,#9359,#9364,.T.);
#9366=ORIENTED_EDGE('',*,*,#9365,.F.);
#9367=EDGE_LOOP('',(#9366));
#9368=FACE_BOUND('',#9367,.T.);
#9369=ADVANCED_FACE('',(#9357,#9368),#9354,.F.);
#9370=CARTESIAN_POINT('',(0.0,-0.028254781851012,0.0));
#9371=DIRECTION('',(0.0,1.0,0.0));
#9372=DIRECTION('',(0.0,0.0,1.0));
#9373=AXIS2_PLACEMENT_3D('',#9370,#9371,#9372);
#9374=CYLINDRICAL_SURFACE('',#9373,0.082000000000000);
#9375=ORIENTED_EDGE('',*,*,#9345,.F.);
#9376=EDGE_LOOP('',(#9375));
#9377=FACE_OUTER_BOUND('',#9376,.T.);
#9378=CARTESIAN_POINT('',(1.004177E-017,0.021484375000000,0.082000000000000));
#9379=VERTEX_POINT('',#9378);
#9380=CARTESIAN_POINT('',(0.0,0.021484375000000,0.0));
#9381=DIRECTION('',(0.0,1.0,0.0));
#9382=DIRECTION('',(0.0,0.0,1.0));
#9383=AXIS2_PLACEMENT_3D('',#9380,#9381,#9382);
#9384=CIRCLE('',#9383,0.082000000000000);
#9385=EDGE_CURVE('',#9379,#9379,#9384,.T.);
#9386=ORIENTED_EDGE('',*,*,#9385,.T.);
#9387=EDGE_LOOP('',(#9386));
#9388=FACE_BOUND('',#9387,.T.);
#9389=ADVANCED_FACE('',(#9377,#9388),#9374,.F.);
#9390=CARTESIAN_POINT('',(0.0,0.610085672116076,0.0));
#9391=DIRECTION('',(0.0,1.0,0.0));
#9392=DIRECTION('',(0.0,0.0,1.0));
#9393=AXIS2_PLACEMENT_3D('',#9390,#9391,#9392);
#9394=CONICAL_SURFACE('',#9393,1.0,60.000000000000007);
#9395=ORIENTED_EDGE('',*,*,#9365,.T.);
#9396=EDGE_LOOP('',(#9395));
#9397=FACE_OUTER_BOUND('',#9396,.T.);
#9398=CARTESIAN_POINT('',(0.0,0.070312500000000,0.065085441332335));
#9399=VERTEX_POINT('',#9398);
#9400=CARTESIAN_POINT('',(0.0,0.070312500000000,0.0));
#9401=DIRECTION('',(0.0,1.0,0.0));
#9402=DIRECTION('',(0.0,0.0,1.0));
#9403=AXIS2_PLACEMENT_3D('',#9400,#9401,#9402);
#9404=CIRCLE('',#9403,0.065085441332335);
#9405=EDGE_CURVE('',#9399,#9399,#9404,.T.);
#9406=ORIENTED_EDGE('',*,*,#9405,.F.);
#9407=EDGE_LOOP('',(#9406));
#9408=FACE_BOUND('',#9407,.T.);
#9409=ADVANCED_FACE('',(#9397,#9408),#9394,.F.);
#9410=CARTESIAN_POINT('',(0.0,-0.508523172116075,0.0));
#9411=DIRECTION('',(0.0,-1.0,0.0));
#9412=DIRECTION('',(0.0,0.0,-1.0));
#9413=AXIS2_PLACEMENT_3D('',#9410,#9411,#9412);
#9414=CONICAL_SURFACE('',#9413,1.0,60.000000000000071);
#9415=CARTESIAN_POINT('',(7.970404E-018,0.031250000000000,-0.065085441332335));
#9416=VERTEX_POINT('',#9415);
#9417=CARTESIAN_POINT('',(0.0,0.031250000000000,0.0));
#9418=DIRECTION('',(0.0,1.0,0.0));
#9419=DIRECTION('',(0.0,0.0,1.0));
#9420=AXIS2_PLACEMENT_3D('',#9417,#9418,#9419);
#9421=CIRCLE('',#9420,0.065085441332335);
#9422=EDGE_CURVE('',#9416,#9416,#9421,.T.);
#9423=ORIENTED_EDGE('',*,*,#9422,.T.);
#9424=EDGE_LOOP('',(#9423));
#9425=FACE_OUTER_BOUND('',#9424,.T.);
#9426=ORIENTED_EDGE('',*,*,#9385,.F.);
#9427=EDGE_LOOP('',(#9426));
#9428=FACE_BOUND('',#9427,.T.);
#9429=ADVANCED_FACE('',(#9425,#9428),#9414,.F.);
#9430=CARTESIAN_POINT('',(0.0,0.034245218148988,0.0));
#9431=DIRECTION('',(0.0,1.0,0.0));
#9432=DIRECTION('',(0.0,0.0,1.0));
#9433=AXIS2_PLACEMENT_3D('',#9430,#9431,#9432);
#9434=CYLINDRICAL_SURFACE('',#9433,0.065085441332335);
#9435=ORIENTED_EDGE('',*,*,#9405,.T.);
#9436=EDGE_LOOP('',(#9435));
#9437=FACE_OUTER_BOUND('',#9436,.T.);
#9438=CARTESIAN_POINT('',(0.0,0.062500000000000,0.065085441332335));
#9439=VERTEX_POINT('',#9438);
#9440=CARTESIAN_POINT('',(0.0,0.062500000000000,0.0));
#9441=DIRECTION('',(0.0,1.0,0.0));
#9442=DIRECTION('',(0.0,0.0,1.0));
#9443=AXIS2_PLACEMENT_3D('',#9440,#9441,#9442);
#9444=CIRCLE('',#9443,0.065085441332335);
#9445=EDGE_CURVE('',#9439,#9439,#9444,.T.);
#9446=ORIENTED_EDGE('',*,*,#9445,.F.);
#9447=EDGE_LOOP('',(#9446));
#9448=FACE_BOUND('',#9447,.T.);
#9449=ADVANCED_FACE('',(#9437,#9448),#9434,.F.);
#9450=CARTESIAN_POINT('',(0.0,0.002995218148988,0.0));
#9451=DIRECTION('',(0.0,1.0,0.0));
#9452=DIRECTION('',(0.0,0.0,1.0));
#9453=AXIS2_PLACEMENT_3D('',#9450,#9451,#9452);
#9454=CYLINDRICAL_SURFACE('',#9453,0.065085441332335);
#9455=ORIENTED_EDGE('',*,*,#9422,.F.);
#9456=EDGE_LOOP('',(#9455));
#9457=FACE_OUTER_BOUND('',#9456,.T.);
#9458=CARTESIAN_POINT('',(0.0,0.039062500000000,0.065085441332335));
#9459=VERTEX_POINT('',#9458);
#9460=CARTESIAN_POINT('',(0.0,0.039062500000000,0.0));
#9461=DIRECTION('',(0.0,1.0,0.0));
#9462=DIRECTION('',(0.0,0.0,1.0));
#9463=AXIS2_PLACEMENT_3D('',#9460,#9461,#9462);
#9464=CIRCLE('',#9463,0.065085441332335);
#9465=EDGE_CURVE('',#9459,#9459,#9464,.T.);
#9466=ORIENTED_EDGE('',*,*,#9465,.T.);
#9467=EDGE_LOOP('',(#9466));
#9468=FACE_BOUND('',#9467,.T.);
#9469=ADVANCED_FACE('',(#9457,#9468),#9454,.F.);
#9470=CARTESIAN_POINT('',(0.0,-0.477273172116075,0.0));
#9471=DIRECTION('',(0.0,-1.0,0.0));
#9472=DIRECTION('',(0.0,0.0,-1.0));
#9473=AXIS2_PLACEMENT_3D('',#9470,#9471,#9472);
#9474=CONICAL_SURFACE('',#9473,1.0,60.000000000000071);
#9475=CARTESIAN_POINT('',(0.0,0.052734375000000,-0.082000000000000));
#9476=VERTEX_POINT('',#9475);
#9477=CARTESIAN_POINT('',(0.0,0.052734375000000,0.0));
#9478=DIRECTION('',(0.0,1.0,0.0));
#9479=DIRECTION('',(0.0,0.0,1.0));
#9480=AXIS2_PLACEMENT_3D('',#9477,#9478,#9479);
#9481=CIRCLE('',#9480,0.082000000000000);
#9482=EDGE_CURVE('',#9476,#9476,#9481,.T.);
#9483=ORIENTED_EDGE('',*,*,#9482,.F.);
#9484=EDGE_LOOP('',(#9483));
#9485=FACE_OUTER_BOUND('',#9484,.T.);
#9486=ORIENTED_EDGE('',*,*,#9445,.T.);
#9487=EDGE_LOOP('',(#9486));
#9488=FACE_BOUND('',#9487,.T.);
#9489=ADVANCED_FACE('',(#9485,#9488),#9474,.F.);
#9490=CARTESIAN_POINT('',(0.0,0.578835672116076,0.0));
#9491=DIRECTION('',(0.0,1.0,0.0));
#9492=DIRECTION('',(0.0,0.0,1.0));
#9493=AXIS2_PLACEMENT_3D('',#9490,#9491,#9492);
#9494=CONICAL_SURFACE('',#9493,1.0,60.000000000000007);
#9495=ORIENTED_EDGE('',*,*,#9465,.F.);
#9496=EDGE_LOOP('',(#9495));
#9497=FACE_OUTER_BOUND('',#9496,.T.);
#9498=CARTESIAN_POINT('',(0.0,0.048828125000000,0.082000000000000));
#9499=VERTEX_POINT('',#9498);
#9500=CARTESIAN_POINT('',(0.0,0.048828125000000,0.0));
#9501=DIRECTION('',(0.0,1.0,0.0));
#9502=DIRECTION('',(0.0,0.0,1.0));
#9503=AXIS2_PLACEMENT_3D('',#9500,#9501,#9502);
#9504=CIRCLE('',#9503,0.082000000000000);
#9505=EDGE_CURVE('',#9499,#9499,#9504,.T.);
#9506=ORIENTED_EDGE('',*,*,#9505,.T.);
#9507=EDGE_LOOP('',(#9506));
#9508=FACE_BOUND('',#9507,.T.);
#9509=ADVANCED_FACE('',(#9497,#9508),#9494,.F.);
#9510=CARTESIAN_POINT('',(0.0,0.002995218148988,0.0));
#9511=DIRECTION('',(0.0,1.0,0.0));
#9512=DIRECTION('',(0.0,0.0,1.0));
#9513=AXIS2_PLACEMENT_3D('',#9510,#9511,#9512);
#9514=CYLINDRICAL_SURFACE('',#9513,0.082000000000000);
#9515=ORIENTED_EDGE('',*,*,#9482,.T.);
#9516=EDGE_LOOP('',(#9515));
#9517=FACE_OUTER_BOUND('',#9516,.T.);
#9518=ORIENTED_EDGE('',*,*,#9505,.F.);
#9519=EDGE_LOOP('',(#9518));
#9520=FACE_BOUND('',#9519,.T.);
#9521=ADVANCED_FACE('',(#9517,#9520),#9514,.F.);
#9522=CLOSED_SHELL('',(#8747,#8812,#8832,#8869,#8906,#8943,#8980,#9017,#9054,#9074,#9106,#9131,#9156,#9181,#9206,#9224,#9244,#9269,#9289,#9309,#9329,#9349,#9369,#9389,#9409,#9429,#9449,#9469,#9489,#9509,#9521));
#9523=MANIFOLD_SOLID_BREP('NONE',#9522);
#9524=STYLED_ITEM('',(#543),#9523);
#9525=ADVANCED_BREP_SHAPE_REPRESENTATION('ABSR',(#9523),#8688);
#9526=SHAPE_REPRESENTATION_RELATIONSHIP('SRR','None',#9525,#8693);
#9527=AXIS2_PLACEMENT_3D('',#9528,#9529,#9530);
#9528=CARTESIAN_POINT('',(95.749999999999815,8.191685E-015,-7.074999999999978));
#9529=DIRECTION('',(1.350643E-077,-1.0,-1.936436E-016));
#9530=DIRECTION('',(1.0,1.350643E-077,1.350643E-077));
#9531=NEXT_ASSEMBLY_USAGE_OCCURRENCE('8-32 nut:1','8-32 nut:1','8-32 nut:1',#12,#8658,'8-32 nut:1');
#9532=PRODUCT_DEFINITION_SHAPE('8-32 nut:1','8-32 nut:1',#9531);
#9533=ITEM_DEFINED_TRANSFORMATION('8-32 nut:1','8-32 nut:1',#8689,#9527);
#9537=(REPRESENTATION_RELATIONSHIP('8-32 nut:1','8-32 nut:1',#8693,#41)REPRESENTATION_RELATIONSHIP_WITH_TRANSFORMATION(#9533)SHAPE_REPRESENTATION_RELATIONSHIP());
#9538=CONTEXT_DEPENDENT_SHAPE_REPRESENTATION(#9537,#9532);
#9539=AXIS2_PLACEMENT_3D('',#9540,#9541,#9542);
#9540=CARTESIAN_POINT('',(-94.750000000000028,7.645962E-015,-7.074999999999996));
#9541=DIRECTION('',(-1.017425E-077,-1.0,-1.936436E-016));
#9542=DIRECTION('',(1.0,-1.017425E-077,-1.017425E-077));
#9543=NEXT_ASSEMBLY_USAGE_OCCURRENCE('8-32 nut:2','8-32 nut:2','8-32 nut:2',#12,#8658,'8-32 nut:2');
#9544=PRODUCT_DEFINITION_SHAPE('8-32 nut:2','8-32 nut:2',#9543);
#9545=ITEM_DEFINED_TRANSFORMATION('8-32 nut:2','8-32 nut:2',#8689,#9539);
#9549=(REPRESENTATION_RELATIONSHIP('8-32 nut:2','8-32 nut:2',#8693,#41)REPRESENTATION_RELATIONSHIP_WITH_TRANSFORMATION(#9545)SHAPE_REPRESENTATION_RELATIONSHIP());
#9550=CONTEXT_DEPENDENT_SHAPE_REPRESENTATION(#9549,#9544);
#9551=APPLICATION_CONTEXT('automotive design');
#9552=APPLICATION_PROTOCOL_DEFINITION('International Standard','automotive_design',2001,#9551);
#9553=PRODUCT_CONTEXT('',#9551,'mechanical');
#9554=PRODUCT('1427J - cover','1427J - cover',$,(#9553));
#9555=PRODUCT_RELATED_PRODUCT_CATEGORY('part',$,(#9554));
#9556=PRODUCT_DEFINITION_FORMATION('',$,#9554);
#9557=PRODUCT_DEFINITION_CONTEXT('part definition',#9551,'design');
#9558=PRODUCT_DEFINITION('',$,#9556,#9557);
#9564=(NAMED_UNIT(*)PLANE_ANGLE_UNIT()SI_UNIT($,.RADIAN.));
#9565=DIMENSIONAL_EXPONENTS(0.0,0.0,0.0,0.0,0.0,0.0,0.0);
#9566=PLANE_ANGLE_MEASURE_WITH_UNIT(PLANE_ANGLE_MEASURE(0.017453292500000),#9564);
#9570=(CONVERSION_BASED_UNIT('DEGREE',#9566)NAMED_UNIT(#9565)PLANE_ANGLE_UNIT());
#9574=(NAMED_UNIT(*)SI_UNIT($,.STERADIAN.)SOLID_ANGLE_UNIT());
#9578=(LENGTH_UNIT()NAMED_UNIT(*)SI_UNIT(.MILLI.,.METRE.));
#9580=UNCERTAINTY_MEASURE_WITH_UNIT(LENGTH_MEASURE(0.010000000000000),#9578,'DISTANCE_ACCURACY_VALUE','');
#9582=(GEOMETRIC_REPRESENTATION_CONTEXT(3)GLOBAL_UNCERTAINTY_ASSIGNED_CONTEXT((#9580))GLOBAL_UNIT_ASSIGNED_CONTEXT((#9570,#9574,#9578))REPRESENTATION_CONTEXT('None','None'));
#9583=AXIS2_PLACEMENT_3D('',#9584,#9585,#9586);
#9584=CARTESIAN_POINT('',(0.0,0.0,0.0));
#9585=DIRECTION('',(0.0,0.0,1.0));
#9586=DIRECTION('',(1.0,0.0,0.0));
#9587=SHAPE_REPRESENTATION('',(#9583),#9582);
#9588=PRODUCT_DEFINITION_SHAPE('','',#9558);
#9589=SHAPE_DEFINITION_REPRESENTATION(#9588,#9587);
#9595=(NAMED_UNIT(*)PLANE_ANGLE_UNIT()SI_UNIT($,.RADIAN.));
#9596=DIMENSIONAL_EXPONENTS(0.0,0.0,0.0,0.0,0.0,0.0,0.0);
#9597=PLANE_ANGLE_MEASURE_WITH_UNIT(PLANE_ANGLE_MEASURE(0.017453292500000),#9595);
#9601=(CONVERSION_BASED_UNIT('DEGREE',#9597)NAMED_UNIT(#9596)PLANE_ANGLE_UNIT());
#9605=(NAMED_UNIT(*)SI_UNIT($,.STERADIAN.)SOLID_ANGLE_UNIT());
#9609=(LENGTH_UNIT()NAMED_UNIT(*)SI_UNIT(.MILLI.,.METRE.));
#9611=UNCERTAINTY_MEASURE_WITH_UNIT(LENGTH_MEASURE(0.000001000000000),#9609,'DISTANCE_ACCURACY_VALUE','');
#9613=(GEOMETRIC_REPRESENTATION_CONTEXT(3)GLOBAL_UNCERTAINTY_ASSIGNED_CONTEXT((#9611))GLOBAL_UNIT_ASSIGNED_CONTEXT((#9601,#9605,#9609))REPRESENTATION_CONTEXT('','3D'));
#9614=CARTESIAN_POINT('',(5.999999999999992,-0.159960602562568,38.875000000000000));
#9615=DIRECTION('',(-5.833634E-015,0.481918749772168,-0.876215908676641));
#9616=DIRECTION('',(-1.0,0.0,0.0));
#9617=AXIS2_PLACEMENT_3D('',#9614,#9615,#9616);
#9618=PLANE('',#9617);
#9619=CARTESIAN_POINT('',(-5.477946847311732,-2.659960602562630,37.500000000000000));
#9620=VERTEX_POINT('',#9619);
#9621=CARTESIAN_POINT('',(-9.954723640145351,-1.959960602562565,37.885000000000069));
#9622=VERTEX_POINT('',#9621);
#9623=CARTESIAN_POINT('',(-4.274359E-014,47.039054461501038,64.834458285235868));
#9624=DIRECTION('',(5.833634E-015,-0.481918749772168,0.876215908676640));
#9625=DIRECTION('',(1.052564E-014,-0.876215908676640,-0.481918749772168));
#9626=AXIS2_PLACEMENT_3D('',#9623,#9624,#9625);
#9627=ELLIPSE('',#9626,57.063561052567067,50.0);
#9628=EDGE_CURVE('',#9620,#9622,#9627,.F.);
#9629=ORIENTED_EDGE('',*,*,#9628,.T.);
#9630=CARTESIAN_POINT('',(-11.526150200563947,-0.347296355333825,38.771965335975921));
#9631=VERTEX_POINT('',#9630);
#9632=CARTESIAN_POINT('',(-9.556534694539526,2.664535E-014,38.962978331409538));
#9633=DIRECTION('',(5.833634E-015,-0.481918749772168,0.876215908676640));
#9634=DIRECTION('',(1.060955E-014,-0.876215908676640,-0.481918749772168));
#9635=AXIS2_PLACEMENT_3D('',#9632,#9633,#9634);
#9636=ELLIPSE('',#9635,2.282542442102682,2.0);
#9637=EDGE_CURVE('',#9622,#9631,#9636,.F.);
#9638=ORIENTED_EDGE('',*,*,#9637,.T.);
#9639=CARTESIAN_POINT('',(-11.999999999999948,2.340039397437137,40.250000000000000));
#9640=VERTEX_POINT('',#9639);
#9641=CARTESIAN_POINT('',(-11.999999999999948,2.340039397437138,40.250000000000007));
#9642=DIRECTION('',(0.152688880129034,-0.865941669933599,-0.476267918463496));
#9643=VECTOR('',#9642,3.103368097503644);
#9644=LINE('',#9641,#9643);
#9645=EDGE_CURVE('',#9640,#9631,#9644,.T.);
#9646=ORIENTED_EDGE('',*,*,#9645,.F.);
#9647=CARTESIAN_POINT('',(11.999999999999993,2.340039397437428,40.250000000000000));
#9648=VERTEX_POINT('',#9647);
#9649=CARTESIAN_POINT('',(-11.999999999999947,2.340039397437137,40.250000000000000));
#9650=DIRECTION('',(1.0,0.0,0.0));
#9651=VECTOR('',#9650,23.999999999999940);
#9652=LINE('',#9649,#9651);
#9653=EDGE_CURVE('',#9640,#9648,#9652,.T.);
#9654=ORIENTED_EDGE('',*,*,#9653,.T.);
#9655=CARTESIAN_POINT('',(11.526150200563926,-0.347296355333854,38.771965335975757));
#9656=VERTEX_POINT('',#9655);
#9657=CARTESIAN_POINT('',(11.526150200563924,-0.347296355333851,38.771965335975750));
#9658=DIRECTION('',(0.152688880129037,0.865941669933599,0.476267918463495));
#9659=VECTOR('',#9658,3.103368097504010);
#9660=LINE('',#9657,#9659);
#9661=EDGE_CURVE('',#9648,#9656,#9660,.F.);
#9662=ORIENTED_EDGE('',*,*,#9661,.T.);
#9663=CARTESIAN_POINT('',(9.954723640145323,-1.959960602562550,37.884999999999948));
#9664=VERTEX_POINT('',#9663);
#9665=CARTESIAN_POINT('',(9.556534694539495,9.783840E-015,38.962978331409403));
#9666=DIRECTION('',(5.833634E-015,-0.481918749772168,0.876215908676641));
#9667=DIRECTION('',(1.054875E-014,-0.876215908676641,-0.481918749772168));
#9668=AXIS2_PLACEMENT_3D('',#9665,#9666,#9667);
#9669=ELLIPSE('',#9668,2.282542442102682,2.000000000000000);
#9670=EDGE_CURVE('',#9664,#9656,#9669,.T.);
#9671=ORIENTED_EDGE('',*,*,#9670,.F.);
#9672=CARTESIAN_POINT('',(5.477946847312849,-2.659960602562497,37.500000000000000));
#9673=VERTEX_POINT('',#9672);
#9674=CARTESIAN_POINT('',(-4.274359E-014,47.039054461501038,64.834458285235868));
#9675=DIRECTION('',(5.833634E-015,-0.481918749772168,0.876215908676640));
#9676=DIRECTION('',(1.052564E-014,-0.876215908676640,-0.481918749772168));
#9677=AXIS2_PLACEMENT_3D('',#9674,#9675,#9676);
#9678=ELLIPSE('',#9677,57.063561052567067,50.0);
#9679=EDGE_CURVE('',#9673,#9664,#9678,.T.);
#9680=ORIENTED_EDGE('',*,*,#9679,.F.);
#9681=CARTESIAN_POINT('',(5.477946847312849,-2.659960602562497,37.500000000000000));
#9682=DIRECTION('',(-1.0,0.0,0.0));
#9683=VECTOR('',#9682,10.955893694624582);
#9684=LINE('',#9681,#9683);
#9685=EDGE_CURVE('',#9673,#9620,#9684,.T.);
#9686=ORIENTED_EDGE('',*,*,#9685,.T.);
#9687=EDGE_LOOP('',(#9629,#9638,#9646,#9654,#9662,#9671,#9680,#9686));
#9688=FACE_OUTER_BOUND('',#9687,.T.);
#9689=ADVANCED_FACE('',(#9688),#9618,.T.);
#9690=CARTESIAN_POINT('',(-3.580469E-014,-0.218228219709700,37.500000000000000));
#9691=DIRECTION('',(0.0,0.0,1.0));
#9692=DIRECTION('',(1.0,0.0,0.0));
#9693=AXIS2_PLACEMENT_3D('',#9690,#9691,#9692);
#9694=PLANE('',#9693);
#9695=ORIENTED_EDGE('',*,*,#9685,.F.);
#9696=CARTESIAN_POINT('',(-4.274359E-014,47.039054461501038,37.500000000000000));
#9697=DIRECTION('',(0.0,0.0,1.000000000000000));
#9698=DIRECTION('',(-0.199094472802906,-0.979980301281272,0.0));
#9699=AXIS2_PLACEMENT_3D('',#9696,#9697,#9698);
#9700=CIRCLE('',#9699,49.999999999999986);
#9701=EDGE_CURVE('',#9620,#9673,#9700,.T.);
#9702=ORIENTED_EDGE('',*,*,#9701,.F.);
#9703=EDGE_LOOP('',(#9695,#9702));
#9704=FACE_OUTER_BOUND('',#9703,.T.);
#9705=ADVANCED_FACE('',(#9704),#9694,.F.);
#9706=CARTESIAN_POINT('',(-3.583799E-014,-0.218228219709700,41.0));
#9707=DIRECTION('',(0.0,0.0,1.0));
#9708=DIRECTION('',(1.0,0.0,0.0));
#9709=AXIS2_PLACEMENT_3D('',#9706,#9707,#9708);
#9710=PLANE('',#9709);
#9711=CARTESIAN_POINT('',(-12.710798628320088,2.340039397437437,41.0));
#9712=VERTEX_POINT('',#9711);
#9713=CARTESIAN_POINT('',(12.710798628319978,2.340039397437436,41.0));
#9714=VERTEX_POINT('',#9713);
#9715=CARTESIAN_POINT('',(-12.710798628320088,2.340039397437437,41.0));
#9716=DIRECTION('',(1.0,0.0,0.0));
#9717=VECTOR('',#9716,25.421597256640066);
#9718=LINE('',#9715,#9717);
#9719=EDGE_CURVE('',#9712,#9714,#9718,.T.);
#9720=ORIENTED_EDGE('',*,*,#9719,.F.);
#9721=CARTESIAN_POINT('',(-12.215515627672520,-0.468850079700703,41.0));
#9722=VERTEX_POINT('',#9721);
#9723=CARTESIAN_POINT('',(-12.215515627672520,-0.468850079700704,41.0));
#9724=DIRECTION('',(-0.173648177666937,0.984807753012207,0.0));
#9725=VECTOR('',#9724,2.852221124931908);
#9726=LINE('',#9723,#9725);
#9727=EDGE_CURVE('',#9722,#9712,#9726,.T.);
#9728=ORIENTED_EDGE('',*,*,#9727,.F.);
#9729=CARTESIAN_POINT('',(-10.094089771107368,-2.645946813459421,41.0));
#9730=VERTEX_POINT('',#9729);
#9731=CARTESIAN_POINT('',(-9.556534694539526,2.664535E-014,41.0));
#9732=DIRECTION('',(0.0,0.0,-1.0));
#9733=DIRECTION('',(-0.984807753012207,-0.173648177666935,0.0));
#9734=AXIS2_PLACEMENT_3D('',#9731,#9732,#9733);
#9735=CIRCLE('',#9734,2.700000000000000);
#9736=EDGE_CURVE('',#9730,#9722,#9735,.T.);
#9737=ORIENTED_EDGE('',*,*,#9736,.F.);
#9738=CARTESIAN_POINT('',(10.094089771107340,-2.645946813459450,41.0));
#9739=VERTEX_POINT('',#9738);
#9740=CARTESIAN_POINT('',(-4.274359E-014,47.039054461501038,41.0));
#9741=DIRECTION('',(0.0,0.0,-1.000000000000000));
#9742=DIRECTION('',(-0.199094472802906,-0.979980301281272,0.0));
#9743=AXIS2_PLACEMENT_3D('',#9740,#9741,#9742);
#9744=CIRCLE('',#9743,50.699999999999982);
#9745=EDGE_CURVE('',#9739,#9730,#9744,.T.);
#9746=ORIENTED_EDGE('',*,*,#9745,.F.);
#9747=CARTESIAN_POINT('',(12.215515627672451,-0.468850079700685,41.0));
#9748=VERTEX_POINT('',#9747);
#9749=CARTESIAN_POINT('',(9.556534694539495,9.783840E-015,41.0));
#9750=DIRECTION('',(0.0,0.0,-1.000000000000000));
#9751=DIRECTION('',(0.199094472802904,-0.979980301281273,0.0));
#9752=AXIS2_PLACEMENT_3D('',#9749,#9750,#9751);
#9753=CIRCLE('',#9752,2.700000000000001);
#9754=EDGE_CURVE('',#9748,#9739,#9753,.T.);
#9755=ORIENTED_EDGE('',*,*,#9754,.F.);
#9756=CARTESIAN_POINT('',(12.710798628319978,2.340039397437437,41.0));
#9757=DIRECTION('',(-0.173648177666925,-0.984807753012209,0.0));
#9758=VECTOR('',#9757,2.852221124931882);
#9759=LINE('',#9756,#9758);
#9760=EDGE_CURVE('',#9714,#9748,#9759,.T.);
#9761=ORIENTED_EDGE('',*,*,#9760,.F.);
#9762=EDGE_LOOP('',(#9720,#9728,#9737,#9746,#9755,#9761));
#9763=FACE_OUTER_BOUND('',#9762,.T.);
#9764=ADVANCED_FACE('',(#9763),#9710,.T.);
#9765=CARTESIAN_POINT('',(-9.556534694539526,2.664535E-014,0.0));
#9766=DIRECTION('',(0.0,0.0,1.0));
#9767=DIRECTION('',(-0.984807753012208,-0.173648177666929,0.0));
#9768=AXIS2_PLACEMENT_3D('',#9765,#9766,#9767);
#9769=CYLINDRICAL_SURFACE('',#9768,2.0);
#9770=CARTESIAN_POINT('',(-9.954723640145344,-1.959960602562564,0.0));
#9771=VERTEX_POINT('',#9770);
#9772=CARTESIAN_POINT('',(-9.954723640145344,-1.959960602562564,0.0));
#9773=DIRECTION('',(0.0,0.0,1.0));
#9774=VECTOR('',#9773,37.885000000000069);
#9775=LINE('',#9772,#9774);
#9776=EDGE_CURVE('',#9771,#9622,#9775,.T.);
#9777=ORIENTED_EDGE('',*,*,#9776,.F.);
#9778=CARTESIAN_POINT('',(-11.526150200563947,-0.347296355333832,0.0));
#9779=VERTEX_POINT('',#9778);
#9780=CARTESIAN_POINT('',(-9.556534694539526,2.664535E-014,0.0));
#9781=DIRECTION('',(0.0,0.0,1.0));
#9782=DIRECTION('',(-0.984807753012208,-0.173648177666929,0.0));
#9783=AXIS2_PLACEMENT_3D('',#9780,#9781,#9782);
#9784=CIRCLE('',#9783,2.0);
#9785=EDGE_CURVE('',#9779,#9771,#9784,.T.);
#9786=ORIENTED_EDGE('',*,*,#9785,.F.);
#9787=CARTESIAN_POINT('',(-11.526150200563947,-0.347296355333832,0.0));
#9788=DIRECTION('',(0.0,0.0,1.0));
#9789=VECTOR('',#9788,38.771965335975921);
#9790=LINE('',#9787,#9789);
#9791=EDGE_CURVE('',#9779,#9631,#9790,.T.);
#9792=ORIENTED_EDGE('',*,*,#9791,.T.);
#9793=ORIENTED_EDGE('',*,*,#9637,.F.);
#9794=EDGE_LOOP('',(#9777,#9786,#9792,#9793));
#9795=FACE_OUTER_BOUND('',#9794,.T.);
#9796=ADVANCED_FACE('',(#9795),#9769,.F.);
#9797=CARTESIAN_POINT('',(-4.274359E-014,47.039054461501038,0.0));
#9798=DIRECTION('',(0.0,0.0,1.0));
#9799=DIRECTION('',(-0.199094472802906,-0.979980301281272,0.0));
#9800=AXIS2_PLACEMENT_3D('',#9797,#9798,#9799);
#9801=CYLINDRICAL_SURFACE('',#9800,49.999999999999993);
#9802=ORIENTED_EDGE('',*,*,#9701,.T.);
#9803=ORIENTED_EDGE('',*,*,#9679,.T.);
#9804=CARTESIAN_POINT('',(9.954723640145312,-1.959960602562547,0.0));
#9805=VERTEX_POINT('',#9804);
#9806=CARTESIAN_POINT('',(9.954723640145312,-1.959960602562547,0.0));
#9807=DIRECTION('',(0.0,0.0,1.0));
#9808=VECTOR('',#9807,37.884999999999948);
#9809=LINE('',#9806,#9808);
#9810=EDGE_CURVE('',#9805,#9664,#9809,.T.);
#9811=ORIENTED_EDGE('',*,*,#9810,.F.);
#9812=CARTESIAN_POINT('',(-4.274359E-014,47.039054461501038,0.0));
#9813=DIRECTION('',(0.0,0.0,1.000000000000000));
#9814=DIRECTION('',(-0.199094472802906,-0.979980301281272,0.0));
#9815=AXIS2_PLACEMENT_3D('',#9812,#9813,#9814);
#9816=CIRCLE('',#9815,49.999999999999986);
#9817=EDGE_CURVE('',#9771,#9805,#9816,.T.);
#9818=ORIENTED_EDGE('',*,*,#9817,.F.);
#9819=ORIENTED_EDGE('',*,*,#9776,.T.);
#9820=ORIENTED_EDGE('',*,*,#9628,.F.);
#9821=EDGE_LOOP('',(#9802,#9803,#9811,#9818,#9819,#9820));
#9822=FACE_OUTER_BOUND('',#9821,.T.);
#9823=ADVANCED_FACE('',(#9822),#9801,.F.);
#9824=CARTESIAN_POINT('',(9.556534694539495,9.783840E-015,0.0));
#9825=DIRECTION('',(0.0,0.0,1.0));
#9826=DIRECTION('',(0.199094472802907,-0.979980301281272,0.0));
#9827=AXIS2_PLACEMENT_3D('',#9824,#9825,#9826);
#9828=CYLINDRICAL_SURFACE('',#9827,2.000000000000000);
#9829=CARTESIAN_POINT('',(11.526150200563929,-0.347296355333827,0.0));
#9830=VERTEX_POINT('',#9829);
#9831=CARTESIAN_POINT('',(11.526150200563929,-0.347296355333827,0.0));
#9832=DIRECTION('',(0.0,0.0,1.0));
#9833=VECTOR('',#9832,38.771965335975757);
#9834=LINE('',#9831,#9833);
#9835=EDGE_CURVE('',#9830,#9656,#9834,.T.);
#9836=ORIENTED_EDGE('',*,*,#9835,.F.);
#9837=CARTESIAN_POINT('',(9.556534694539495,9.783840E-015,0.0));
#9838=DIRECTION('',(0.0,0.0,1.0));
#9839=DIRECTION('',(0.199094472802907,-0.979980301281272,0.0));
#9840=AXIS2_PLACEMENT_3D('',#9837,#9838,#9839);
#9841=CIRCLE('',#9840,2.000000000000000);
#9842=EDGE_CURVE('',#9805,#9830,#9841,.T.);
#9843=ORIENTED_EDGE('',*,*,#9842,.F.);
#9844=ORIENTED_EDGE('',*,*,#9810,.T.);
#9845=ORIENTED_EDGE('',*,*,#9670,.T.);
#9846=EDGE_LOOP('',(#9836,#9843,#9844,#9845));
#9847=FACE_OUTER_BOUND('',#9846,.T.);
#9848=ADVANCED_FACE('',(#9847),#9828,.F.);
#9849=CARTESIAN_POINT('',(11.526150200563929,-0.347296355333827,0.0));
#9850=DIRECTION('',(-0.984807753012208,0.173648177666930,0.0));
#9851=DIRECTION('',(0.0,0.0,1.0));
#9852=AXIS2_PLACEMENT_3D('',#9849,#9850,#9851);
#9853=PLANE('',#9852);
#9854=CARTESIAN_POINT('',(11.999999999999993,2.340039397437428,0.0));
#9855=VERTEX_POINT('',#9854);
#9856=CARTESIAN_POINT('',(11.999999999999993,2.340039397437428,0.0));
#9857=DIRECTION('',(0.0,0.0,1.0));
#9858=VECTOR('',#9857,40.250000000000000);
#9859=LINE('',#9856,#9858);
#9860=EDGE_CURVE('',#9855,#9648,#9859,.T.);
#9861=ORIENTED_EDGE('',*,*,#9860,.F.);
#9862=CARTESIAN_POINT('',(11.526150200563929,-0.347296355333827,0.0));
#9863=DIRECTION('',(0.173648177666930,0.984807753012208,0.0));
#9864=VECTOR('',#9863,2.728792238435944);
#9865=LINE('',#9862,#9864);
#9866=EDGE_CURVE('',#9830,#9855,#9865,.T.);
#9867=ORIENTED_EDGE('',*,*,#9866,.F.);
#9868=ORIENTED_EDGE('',*,*,#9835,.T.);
#9869=ORIENTED_EDGE('',*,*,#9661,.F.);
#9870=EDGE_LOOP('',(#9861,#9867,#9868,#9869));
#9871=FACE_OUTER_BOUND('',#9870,.T.);
#9872=ADVANCED_FACE('',(#9871),#9853,.T.);
#9873=CARTESIAN_POINT('',(11.999999999999993,2.340039397437428,0.0));
#9874=DIRECTION('',(0.0,1.0,0.0));
#9875=DIRECTION('',(0.0,0.0,1.0));
#9876=AXIS2_PLACEMENT_3D('',#9873,#9874,#9875);
#9877=PLANE('',#9876);
#9878=CARTESIAN_POINT('',(-12.000000000000002,2.340039397437437,0.0));
#9879=VERTEX_POINT('',#9878);
#9880=CARTESIAN_POINT('',(-12.000000000000002,2.340039397437437,0.0));
#9881=DIRECTION('',(0.0,0.0,1.0));
#9882=VECTOR('',#9881,40.250000000000000);
#9883=LINE('',#9880,#9882);
#9884=EDGE_CURVE('',#9879,#9640,#9883,.T.);
#9885=ORIENTED_EDGE('',*,*,#9884,.F.);
#9886=CARTESIAN_POINT('',(-12.710798628320088,2.340039397437437,0.0));
#9887=VERTEX_POINT('',#9886);
#9888=CARTESIAN_POINT('',(-12.710798628320088,2.340039397437437,0.0));
#9889=DIRECTION('',(1.0,0.0,0.0));
#9890=VECTOR('',#9889,0.710798628320086);
#9891=LINE('',#9888,#9890);
#9892=EDGE_CURVE('',#9887,#9879,#9891,.T.);
#9893=ORIENTED_EDGE('',*,*,#9892,.F.);
#9894=CARTESIAN_POINT('',(-12.710798628320088,2.340039397437437,0.0));
#9895=DIRECTION('',(0.0,0.0,1.0));
#9896=VECTOR('',#9895,41.0);
#9897=LINE('',#9894,#9896);
#9898=EDGE_CURVE('',#9887,#9712,#9897,.T.);
#9899=ORIENTED_EDGE('',*,*,#9898,.T.);
#9900=ORIENTED_EDGE('',*,*,#9719,.T.);
#9901=CARTESIAN_POINT('',(12.710798628319978,2.340039397437436,0.0));
#9902=VERTEX_POINT('',#9901);
#9903=CARTESIAN_POINT('',(12.710798628319978,2.340039397437436,0.0));
#9904=DIRECTION('',(0.0,0.0,1.0));
#9905=VECTOR('',#9904,41.0);
#9906=LINE('',#9903,#9905);
#9907=EDGE_CURVE('',#9902,#9714,#9906,.T.);
#9908=ORIENTED_EDGE('',*,*,#9907,.F.);
#9909=CARTESIAN_POINT('',(11.999999999999993,2.340039397437428,0.0));
#9910=DIRECTION('',(1.0,0.0,0.0));
#9911=VECTOR('',#9910,0.710798628319985);
#9912=LINE('',#9909,#9911);
#9913=EDGE_CURVE('',#9855,#9902,#9912,.T.);
#9914=ORIENTED_EDGE('',*,*,#9913,.F.);
#9915=ORIENTED_EDGE('',*,*,#9860,.T.);
#9916=ORIENTED_EDGE('',*,*,#9653,.F.);
#9917=EDGE_LOOP('',(#9885,#9893,#9899,#9900,#9908,#9914,#9915,#9916));
#9918=FACE_OUTER_BOUND('',#9917,.T.);
#9919=ADVANCED_FACE('',(#9918),#9877,.T.);
#9920=CARTESIAN_POINT('',(12.710798628319978,2.340039397437436,0.0));
#9921=DIRECTION('',(0.984807753012209,-0.173648177666924,0.0));
#9922=DIRECTION('',(0.0,0.0,-1.0));
#9923=AXIS2_PLACEMENT_3D('',#9920,#9921,#9922);
#9924=PLANE('',#9923);
#9925=CARTESIAN_POINT('',(12.215515627672451,-0.468850079700685,0.0));
#9926=VERTEX_POINT('',#9925);
#9927=CARTESIAN_POINT('',(12.215515627672451,-0.468850079700685,0.0));
#9928=DIRECTION('',(0.0,0.0,1.0));
#9929=VECTOR('',#9928,41.0);
#9930=LINE('',#9927,#9929);
#9931=EDGE_CURVE('',#9926,#9748,#9930,.T.);
#9932=ORIENTED_EDGE('',*,*,#9931,.F.);
#9933=CARTESIAN_POINT('',(12.710798628319978,2.340039397437436,0.0));
#9934=DIRECTION('',(-0.173648177666925,-0.984807753012209,0.0));
#9935=VECTOR('',#9934,2.852221124931882);
#9936=LINE('',#9933,#9935);
#9937=EDGE_CURVE('',#9902,#9926,#9936,.T.);
#9938=ORIENTED_EDGE('',*,*,#9937,.F.);
#9939=ORIENTED_EDGE('',*,*,#9907,.T.);
#9940=ORIENTED_EDGE('',*,*,#9760,.T.);
#9941=EDGE_LOOP('',(#9932,#9938,#9939,#9940));
#9942=FACE_OUTER_BOUND('',#9941,.T.);
#9943=ADVANCED_FACE('',(#9942),#9924,.T.);
#9944=CARTESIAN_POINT('',(9.556534694539495,9.783840E-015,0.0));
#9945=DIRECTION('',(0.0,0.0,1.0));
#9946=DIRECTION('',(-0.199094472802904,0.979980301281273,0.0));
#9947=AXIS2_PLACEMENT_3D('',#9944,#9945,#9946);
#9948=CYLINDRICAL_SURFACE('',#9947,2.700000000000001);
#9949=CARTESIAN_POINT('',(10.094089771107340,-2.645946813459450,0.0));
#9950=VERTEX_POINT('',#9949);
#9951=CARTESIAN_POINT('',(10.094089771107340,-2.645946813459450,0.0));
#9952=DIRECTION('',(0.0,0.0,1.0));
#9953=VECTOR('',#9952,41.0);
#9954=LINE('',#9951,#9953);
#9955=EDGE_CURVE('',#9950,#9739,#9954,.T.);
#9956=ORIENTED_EDGE('',*,*,#9955,.F.);
#9957=CARTESIAN_POINT('',(9.556534694539495,9.783840E-015,0.0));
#9958=DIRECTION('',(0.0,0.0,-1.000000000000000));
#9959=DIRECTION('',(-0.199094472802904,0.979980301281273,0.0));
#9960=AXIS2_PLACEMENT_3D('',#9957,#9958,#9959);
#9961=CIRCLE('',#9960,2.700000000000000);
#9962=EDGE_CURVE('',#9926,#9950,#9961,.T.);
#9963=ORIENTED_EDGE('',*,*,#9962,.F.);
#9964=ORIENTED_EDGE('',*,*,#9931,.T.);
#9965=ORIENTED_EDGE('',*,*,#9754,.T.);
#9966=EDGE_LOOP('',(#9956,#9963,#9964,#9965));
#9967=FACE_OUTER_BOUND('',#9966,.T.);
#9968=ADVANCED_FACE('',(#9967),#9948,.T.);
#9969=CARTESIAN_POINT('',(-4.274359E-014,47.039054461501038,0.0));
#9970=DIRECTION('',(0.0,0.0,1.0));
#9971=DIRECTION('',(0.199094472802906,0.979980301281272,0.0));
#9972=AXIS2_PLACEMENT_3D('',#9969,#9970,#9971);
#9973=CYLINDRICAL_SURFACE('',#9972,50.699999999999996);
#9974=CARTESIAN_POINT('',(-10.094089771107368,-2.645946813459421,0.0));
#9975=VERTEX_POINT('',#9974);
#9976=CARTESIAN_POINT('',(-10.094089771107368,-2.645946813459421,0.0));
#9977=DIRECTION('',(0.0,0.0,1.0));
#9978=VECTOR('',#9977,41.0);
#9979=LINE('',#9976,#9978);
#9980=EDGE_CURVE('',#9975,#9730,#9979,.T.);
#9981=ORIENTED_EDGE('',*,*,#9980,.F.);
#9982=CARTESIAN_POINT('',(-4.274359E-014,47.039054461501038,0.0));
#9983=DIRECTION('',(0.0,0.0,-1.000000000000000));
#9984=DIRECTION('',(0.199094472802906,0.979980301281272,0.0));
#9985=AXIS2_PLACEMENT_3D('',#9982,#9983,#9984);
#9986=CIRCLE('',#9985,50.699999999999989);
#9987=EDGE_CURVE('',#9950,#9975,#9986,.T.);
#9988=ORIENTED_EDGE('',*,*,#9987,.F.);
#9989=ORIENTED_EDGE('',*,*,#9955,.T.);
#9990=ORIENTED_EDGE('',*,*,#9745,.T.);
#9991=EDGE_LOOP('',(#9981,#9988,#9989,#9990));
#9992=FACE_OUTER_BOUND('',#9991,.T.);
#9993=ADVANCED_FACE('',(#9992),#9973,.T.);
#9994=CARTESIAN_POINT('',(-9.556534694539526,2.664535E-014,0.0));
#9995=DIRECTION('',(0.0,0.0,1.0));
#9996=DIRECTION('',(0.984807753012207,0.173648177666935,0.0));
#9997=AXIS2_PLACEMENT_3D('',#9994,#9995,#9996);
#9998=CYLINDRICAL_SURFACE('',#9997,2.700000000000000);
#9999=CARTESIAN_POINT('',(-12.215515627672520,-0.468850079700703,0.0));
#10000=VERTEX_POINT('',#9999);
#10001=CARTESIAN_POINT('',(-12.215515627672520,-0.468850079700703,0.0));
#10002=DIRECTION('',(0.0,0.0,1.0));
#10003=VECTOR('',#10002,41.0);
#10004=LINE('',#10001,#10003);
#10005=EDGE_CURVE('',#10000,#9722,#10004,.T.);
#10006=ORIENTED_EDGE('',*,*,#10005,.F.);
#10007=CARTESIAN_POINT('',(-9.556534694539526,2.664535E-014,0.0));
#10008=DIRECTION('',(0.0,0.0,-1.0));
#10009=DIRECTION('',(0.984807753012207,0.173648177666935,0.0));
#10010=AXIS2_PLACEMENT_3D('',#10007,#10008,#10009);
#10011=CIRCLE('',#10010,2.700000000000000);
#10012=EDGE_CURVE('',#9975,#10000,#10011,.T.);
#10013=ORIENTED_EDGE('',*,*,#10012,.F.);
#10014=ORIENTED_EDGE('',*,*,#9980,.T.);
#10015=ORIENTED_EDGE('',*,*,#9736,.T.);
#10016=EDGE_LOOP('',(#10006,#10013,#10014,#10015));
#10017=FACE_OUTER_BOUND('',#10016,.T.);
#10018=ADVANCED_FACE('',(#10017),#9998,.T.);
#10019=CARTESIAN_POINT('',(-12.215515627672520,-0.468850079700703,0.0));
#10020=DIRECTION('',(-0.984807753012207,-0.173648177666938,0.0));
#10021=DIRECTION('',(0.0,0.0,1.0));
#10022=AXIS2_PLACEMENT_3D('',#10019,#10020,#10021);
#10023=PLANE('',#10022);
#10024=ORIENTED_EDGE('',*,*,#9898,.F.);
#10025=CARTESIAN_POINT('',(-12.215515627672520,-0.468850079700703,0.0));
#10026=DIRECTION('',(-0.173648177666937,0.984807753012207,0.0));
#10027=VECTOR('',#10026,2.852221124931908);
#10028=LINE('',#10025,#10027);
#10029=EDGE_CURVE('',#10000,#9887,#10028,.T.);
#10030=ORIENTED_EDGE('',*,*,#10029,.F.);
#10031=ORIENTED_EDGE('',*,*,#10005,.T.);
#10032=ORIENTED_EDGE('',*,*,#9727,.T.);
#10033=EDGE_LOOP('',(#10024,#10030,#10031,#10032));
#10034=FACE_OUTER_BOUND('',#10033,.T.);
#10035=ADVANCED_FACE('',(#10034),#10023,.T.);
#10036=CARTESIAN_POINT('',(-12.000000000000002,2.340039397437437,0.0));
#10037=DIRECTION('',(0.984807753012209,0.173648177666926,0.0));
#10038=DIRECTION('',(0.0,0.0,-1.0));
#10039=AXIS2_PLACEMENT_3D('',#10036,#10037,#10038);
#10040=PLANE('',#10039);
#10041=ORIENTED_EDGE('',*,*,#9791,.F.);
#10042=CARTESIAN_POINT('',(-12.000000000000002,2.340039397437437,0.0));
#10043=DIRECTION('',(0.173648177666926,-0.984807753012209,0.0));
#10044=VECTOR('',#10043,2.728792238435955);
#10045=LINE('',#10042,#10044);
#10046=EDGE_CURVE('',#9879,#9779,#10045,.T.);
#10047=ORIENTED_EDGE('',*,*,#10046,.F.);
#10048=ORIENTED_EDGE('',*,*,#9884,.T.);
#10049=ORIENTED_EDGE('',*,*,#9645,.T.);
#10050=EDGE_LOOP('',(#10041,#10047,#10048,#10049));
#10051=FACE_OUTER_BOUND('',#10050,.T.);
#10052=ADVANCED_FACE('',(#10051),#10040,.T.);
#10053=CARTESIAN_POINT('',(-3.623837E-014,-1.883164407578119,0.0));
#10054=DIRECTION('',(0.0,0.0,1.0));
#10055=DIRECTION('',(1.0,0.0,0.0));
#10056=AXIS2_PLACEMENT_3D('',#10053,#10054,#10055);
#10057=PLANE('',#10056);
#10058=ORIENTED_EDGE('',*,*,#10046,.T.);
#10059=ORIENTED_EDGE('',*,*,#9785,.T.);
#10060=ORIENTED_EDGE('',*,*,#9817,.T.);
#10061=ORIENTED_EDGE('',*,*,#9842,.T.);
#10062=ORIENTED_EDGE('',*,*,#9866,.T.);
#10063=ORIENTED_EDGE('',*,*,#9913,.T.);
#10064=ORIENTED_EDGE('',*,*,#9937,.T.);
#10065=ORIENTED_EDGE('',*,*,#9962,.T.);
#10066=ORIENTED_EDGE('',*,*,#9987,.T.);
#10067=ORIENTED_EDGE('',*,*,#10012,.T.);
#10068=ORIENTED_EDGE('',*,*,#10029,.T.);
#10069=ORIENTED_EDGE('',*,*,#9892,.T.);
#10070=EDGE_LOOP('',(#10058,#10059,#10060,#10061,#10062,#10063,#10064,#10065,#10066,#10067,#10068,#10069));
#10071=FACE_OUTER_BOUND('',#10070,.T.);
#10072=ADVANCED_FACE('',(#10071),#10057,.F.);
#10073=CLOSED_SHELL('',(#9689,#9705,#9764,#9796,#9823,#9848,#9872,#9919,#9943,#9968,#9993,#10018,#10035,#10052,#10072));
#10074=MANIFOLD_SOLID_BREP('Solid1',#10073);
#10075=COLOUR_RGB('Zinc',0.678430974483490,0.768626987934113,0.811765015125275);
#10076=FILL_AREA_STYLE_COLOUR('Zinc',#10075);
#10077=FILL_AREA_STYLE('Zinc',(#10076));
#10078=SURFACE_STYLE_FILL_AREA(#10077);
#10079=SURFACE_SIDE_STYLE('Zinc',(#10078));
#10080=SURFACE_STYLE_USAGE(.BOTH.,#10079);
#10081=PRESENTATION_STYLE_ASSIGNMENT((#10080));
#10082=STYLED_ITEM('',(#10081),#10074);
#10083=ADVANCED_BREP_SHAPE_REPRESENTATION('ABSR',(#10074),#9582);
#10084=SHAPE_REPRESENTATION_RELATIONSHIP('SRR','None',#10083,#9587);
#10085=AXIS2_PLACEMENT_3D('',#10086,#10087,#10088);
#10086=CARTESIAN_POINT('',(-76.749999999999957,3.958023E-014,1.588549682062315));
#10087=DIRECTION('',(-0.999999999999999,-5.865813E-016,1.702568E-015));
#10088=DIRECTION('',(-1.742681E-015,1.000000000000002,-1.322727E-016));
#10089=NEXT_ASSEMBLY_USAGE_OCCURRENCE('1427J - cover:1','1427J - cover:1','1427J - cover:1',#12,#9558,'1427J - cover:1');
#10090=PRODUCT_DEFINITION_SHAPE('1427J - cover:1','1427J - cover:1',#10089);
#10091=ITEM_DEFINED_TRANSFORMATION('1427J - cover:1','1427J - cover:1',#9583,#10085);
#10095=(REPRESENTATION_RELATIONSHIP('1427J - cover:1','1427J - cover:1',#9587,#41)REPRESENTATION_RELATIONSHIP_WITH_TRANSFORMATION(#10091)SHAPE_REPRESENTATION_RELATIONSHIP());
#10096=CONTEXT_DEPENDENT_SHAPE_REPRESENTATION(#10095,#10090);
#10097=AXIS2_PLACEMENT_3D('',#10098,#10099,#10100);
#10098=CARTESIAN_POINT('',(77.749999999999844,-3.552714E-014,1.588549682062239));
#10099=DIRECTION('',(0.999999999999999,7.585613E-016,4.472077E-016));
#10100=DIRECTION('',(-4.606475E-016,-1.000000000000001,-2.775558E-016));
#10101=NEXT_ASSEMBLY_USAGE_OCCURRENCE('1427J - cover:2','1427J - cover:2','1427J - cover:2',#12,#9558,'1427J - cover:2');
#10102=PRODUCT_DEFINITION_SHAPE('1427J - cover:2','1427J - cover:2',#10101);
#10103=ITEM_DEFINED_TRANSFORMATION('1427J - cover:2','1427J - cover:2',#9583,#10097);
#10107=(REPRESENTATION_RELATIONSHIP('1427J - cover:2','1427J - cover:2',#9587,#41)REPRESENTATION_RELATIONSHIP_WITH_TRANSFORMATION(#10103)SHAPE_REPRESENTATION_RELATIONSHIP());
#10108=CONTEXT_DEPENDENT_SHAPE_REPRESENTATION(#10107,#10102);
ENDSEC;
END-ISO-10303-21;
