                                                                        S      1
,,17H1401K - End Panel,27HNo Iges File Name specified,23HAutoDesk InventG      1
or R12.0,37HAutoDesk Inventor Iges Exporter R12.0,32,38,6,99,15,17H1401KG      2
 - End Panel,1.0D0,1,2HIN,1,.08D0,15H20071024.082622,                   G      3
3.93700787401575D-4,10000.0D0,,,11,0,,;                                 G      4
     406       1       0       0       1       0       0       000000000D      1
     406       0       0       1       3                               0D      2
     128       2       0       0       0       0       0       000010000D      3
     128       0       0      21       0                               0D      4
     502      23       0       0       0       0       0       000010000D      5
     502       0       0     114       1                               0D      6
     110     137       0       0       0       0       0       000010000D      7
     110       0       0       2       0                               0D      8
     504     139       0       0       0       0       0       000010001D      9
     504       0       0      55       1                               0D     10
     100     194       0       0       0       0      13       000010000D     11
     100       0       0       2       0                               0D     12
     124     196       0       0       0       0       0       000000000D     13
     124       0       0       2       0                               0D     14
     110     198       0       0       0       0       0       000010000D     15
     110       0       0       2       0                               0D     16
     100     200       0       0       0       0      19       000010000D     17
     100       0       0       2       0                               0D     18
     124     202       0       0       0       0       0       000000000D     19
     124       0       0       2       0                               0D     20
     508     204       0       0       0       0       0       000010000D     21
     508       0       0       1       1                               0D     22
     510     205       0       0       0       0       0       000010001D     23
     510       0       0       1       1                               0D     24
     128     206       0       0       0       0       0       000010000D     25
     128       0       0      21       0                               0D     26
     110     227       0       0       0       0       0       000010000D     27
     110       0       0       2       0                               0D     28
     100     229       0       0       0       0      31       000010000D     29
     100       0       0       2       0                               0D     30
     124     231       0       0       0       0       0       000000000D     31
     124       0       0       2       0                               0D     32
     110     233       0       0       0       0       0       000010000D     33
     110       0       0       2       0                               0D     34
     100     235       0       0       0       0      37       000010000D     35
     100       0       0       1       0                               0D     36
     124     236       0       0       0       0       0       000000000D     37
     124       0       0       2       0                               0D     38
     508     238       0       0       0       0       0       000010000D     39
     508       0       0       1       1                               0D     40
     510     239       0       0       0       0       0       000010001D     41
     510       0       0       1       1                               0D     42
     128     240       0       0       0       0       0       000010000D     43
     128       0       0      28       0                               0D     44
     110     268       0       0       0       0       0       000010000D     45
     110       0       0       2       0                               0D     46
     100     270       0       0       0       0      49       000010000D     47
     100       0       0       2       0                               0D     48
     124     272       0       0       0       0       0       000000000D     49
     124       0       0       2       0                               0D     50
     110     274       0       0       0       0       0       000010000D     51
     110       0       0       2       0                               0D     52
     100     276       0       0       0       0      55       000010000D     53
     100       0       0       2       0                               0D     54
     124     278       0       0       0       0       0       000000000D     55
     124       0       0       2       0                               0D     56
     508     280       0       0       0       0       0       000010000D     57
     508       0       0       1       1                               0D     58
     510     281       0       0       0       0       0       000010001D     59
     510       0       0       1       1                               0D     60
     128     282       0       0       0       0       0       000010000D     61
     128       0       0      28       0                               0D     62
     110     310       0       0       0       0       0       000010000D     63
     110       0       0       2       0                               0D     64
     100     312       0       0       0       0      67       000010000D     65
     100       0       0       2       0                               0D     66
     124     314       0       0       0       0       0       000000000D     67
     124       0       0       2       0                               0D     68
     110     316       0       0       0       0       0       000010000D     69
     110       0       0       2       0                               0D     70
     100     318       0       0       0       0      73       000010000D     71
     100       0       0       2       0                               0D     72
     124     320       0       0       0       0       0       000000000D     73
     124       0       0       2       0                               0D     74
     508     322       0       0       0       0       0       000010000D     75
     508       0       0       1       1                               0D     76
     510     323       0       0       0       0       0       000010001D     77
     510       0       0       1       1                               0D     78
     128     324       0       0       0       0       0       000010000D     79
     128       0       0      28       0                               0D     80
     110     352       0       0       0       0       0       000010000D     81
     110       0       0       2       0                               0D     82
     100     354       0       0       0       0      85       000010000D     83
     100       0       0       2       0                               0D     84
     124     356       0       0       0       0       0       000000000D     85
     124       0       0       2       0                               0D     86
     110     358       0       0       0       0       0       000010000D     87
     110       0       0       2       0                               0D     88
     100     360       0       0       0       0      91       000010000D     89
     100       0       0       2       0                               0D     90
     124     362       0       0       0       0       0       000000000D     91
     124       0       0       2       0                               0D     92
     508     364       0       0       0       0       0       000010000D     93
     508       0       0       1       1                               0D     94
     510     365       0       0       0       0       0       000010001D     95
     510       0       0       1       1                               0D     96
     128     366       0       0       0       0       0       000010000D     97
     128       0       0      27       0                               0D     98
     110     393       0       0       0       0       0       000010000D     99
     110       0       0       2       0                               0D    100
     100     395       0       0       0       0     103       000010000D    101
     100       0       0       2       0                               0D    102
     124     397       0       0       0       0       0       000000000D    103
     124       0       0       2       0                               0D    104
     110     399       0       0       0       0       0       000010000D    105
     110       0       0       2       0                               0D    106
     100     401       0       0       0       0     109       000010000D    107
     100       0       0       2       0                               0D    108
     124     403       0       0       0       0       0       000000000D    109
     124       0       0       2       0                               0D    110
     508     405       0       0       0       0       0       000010000D    111
     508       0       0       1       1                               0D    112
     510     406       0       0       0       0       0       000010001D    113
     510       0       0       1       1                               0D    114
     128     407       0       0       0       0       0       000010000D    115
     128       0       0      28       0                               0D    116
     110     435       0       0       0       0       0       000010000D    117
     110       0       0       2       0                               0D    118
     100     437       0       0       0       0     121       000010000D    119
     100       0       0       2       0                               0D    120
     124     439       0       0       0       0       0       000000000D    121
     124       0       0       2       0                               0D    122
     110     441       0       0       0       0       0       000010000D    123
     110       0       0       2       0                               0D    124
     100     443       0       0       0       0     127       000010000D    125
     100       0       0       2       0                               0D    126
     124     445       0       0       0       0       0       000000000D    127
     124       0       0       2       0                               0D    128
     508     447       0       0       0       0       0       000010000D    129
     508       0       0       1       1                               0D    130
     510     448       0       0       0       0       0       000010001D    131
     510       0       0       1       1                               0D    132
     128     449       0       0       0       0       0       000010000D    133
     128       0       0      28       0                               0D    134
     110     477       0       0       0       0       0       000010000D    135
     110       0       0       2       0                               0D    136
     100     479       0       0       0       0     139       000010000D    137
     100       0       0       2       0                               0D    138
     124     481       0       0       0       0       0       000000000D    139
     124       0       0       2       0                               0D    140
     110     483       0       0       0       0       0       000010000D    141
     110       0       0       2       0                               0D    142
     100     485       0       0       0       0     145       000010000D    143
     100       0       0       2       0                               0D    144
     124     487       0       0       0       0       0       000000000D    145
     124       0       0       2       0                               0D    146
     508     489       0       0       0       0       0       000010000D    147
     508       0       0       1       1                               0D    148
     510     490       0       0       0       0       0       000010001D    149
     510       0       0       1       1                               0D    150
     128     491       0       0       0       0       0       000010000D    151
     128       0       0      28       0                               0D    152
     110     519       0       0       0       0       0       000010000D    153
     110       0       0       2       0                               0D    154
     100     521       0       0       0       0     157       000010000D    155
     100       0       0       2       0                               0D    156
     124     523       0       0       0       0       0       000000000D    157
     124       0       0       2       0                               0D    158
     110     525       0       0       0       0       0       000010000D    159
     110       0       0       2       0                               0D    160
     100     527       0       0       0       0     163       000010000D    161
     100       0       0       2       0                               0D    162
     124     529       0       0       0       0       0       000000000D    163
     124       0       0       2       0                               0D    164
     508     531       0       0       0       0       0       000010000D    165
     508       0       0       1       1                               0D    166
     510     532       0       0       0       0       0       000010001D    167
     510       0       0       1       1                               0D    168
     128     533       0       0       0       0       0       000010000D    169
     128       0       0      28       0                               0D    170
     110     561       0       0       0       0       0       000010000D    171
     110       0       0       2       0                               0D    172
     100     563       0       0       0       0     175       000010000D    173
     100       0       0       2       0                               0D    174
     124     565       0       0       0       0       0       000000000D    175
     124       0       0       2       0                               0D    176
     110     567       0       0       0       0       0       000010000D    177
     110       0       0       2       0                               0D    178
     100     569       0       0       0       0     181       000010000D    179
     100       0       0       2       0                               0D    180
     124     571       0       0       0       0       0       000000000D    181
     124       0       0       2       0                               0D    182
     508     573       0       0       0       0       0       000010000D    183
     508       0       0       1       1                               0D    184
     510     574       0       0       0       0       0       000010001D    185
     510       0       0       1       1                               0D    186
     128     575       0       0       0       0       0       000010000D    187
     128       0       0      28       0                               0D    188
     110     603       0       0       0       0       0       000010000D    189
     110       0       0       2       0                               0D    190
     100     605       0       0       0       0     193       000010000D    191
     100       0       0       2       0                               0D    192
     124     607       0       0       0       0       0       000000000D    193
     124       0       0       2       0                               0D    194
     110     609       0       0       0       0       0       000010000D    195
     110       0       0       2       0                               0D    196
     100     611       0       0       0       0     199       000010000D    197
     100       0       0       2       0                               0D    198
     124     613       0       0       0       0       0       000000000D    199
     124       0       0       2       0                               0D    200
     508     615       0       0       0       0       0       000010000D    201
     508       0       0       1       1                               0D    202
     510     616       0       0       0       0       0       000010001D    203
     510       0       0       1       1                               0D    204
     120     617       0       0       0       0       0       000010000D    205
     120       0       0       1       0                               0D    206
     110     618       0       0       0       0       0       000010000D    207
     110       0       0       2       0                               0D    208
     110     620       0       0       0       0       0       001010000D    209
     110       0       0       2       0                               0D    210
     110     622       0       0       0       0       0       000010000D    211
     110       0       0       2       0                               0D    212
     100     624       0       0       0       0     215       000010000D    213
     100       0       0       2       0                               0D    214
     124     626       0       0       0       0       0       000000000D    215
     124       0       0       2       0                               0D    216
     110     628       0       0       0       0       0       000010000D    217
     110       0       0       2       0                               0D    218
     100     630       0       0       0       0     221       000010000D    219
     100       0       0       2       0                               0D    220
     124     632       0       0       0       0       0       000000000D    221
     124       0       0       2       0                               0D    222
     508     634       0       0       0       0       0       000010000D    223
     508       0       0       1       1                               0D    224
     510     635       0       0       0       0       0       000010001D    225
     510       0       0       1       1                               0D    226
     120     636       0       0       0       0       0       000010000D    227
     120       0       0       1       0                               0D    228
     110     637       0       0       0       0       0       000010000D    229
     110       0       0       2       0                               0D    230
     110     639       0       0       0       0       0       001010000D    231
     110       0       0       2       0                               0D    232
     110     641       0       0       0       0       0       000010000D    233
     110       0       0       2       0                               0D    234
     100     643       0       0       0       0     237       000010000D    235
     100       0       0       2       0                               0D    236
     124     645       0       0       0       0       0       000000000D    237
     124       0       0       2       0                               0D    238
     110     647       0       0       0       0       0       000010000D    239
     110       0       0       2       0                               0D    240
     100     649       0       0       0       0     243       000010000D    241
     100       0       0       1       0                               0D    242
     124     650       0       0       0       0       0       000000000D    243
     124       0       0       2       0                               0D    244
     508     652       0       0       0       0       0       000010000D    245
     508       0       0       1       1                               0D    246
     510     653       0       0       0       0       0       000010001D    247
     510       0       0       1       1                               0D    248
     120     654       0       0       0       0       0       000010000D    249
     120       0       0       1       0                               0D    250
     110     655       0       0       0       0       0       000010000D    251
     110       0       0       2       0                               0D    252
     110     657       0       0       0       0       0       001010000D    253
     110       0       0       2       0                               0D    254
     110     659       0       0       0       0       0       000010000D    255
     110       0       0       2       0                               0D    256
     100     661       0       0       0       0     259       000010000D    257
     100       0       0       2       0                               0D    258
     124     663       0       0       0       0       0       000000000D    259
     124       0       0       2       0                               0D    260
     110     665       0       0       0       0       0       000010000D    261
     110       0       0       2       0                               0D    262
     100     667       0       0       0       0     265       000010000D    263
     100       0       0       2       0                               0D    264
     124     669       0       0       0       0       0       000000000D    265
     124       0       0       2       0                               0D    266
     508     671       0       0       0       0       0       000010000D    267
     508       0       0       1       1                               0D    268
     510     672       0       0       0       0       0       000010001D    269
     510       0       0       1       1                               0D    270
     120     673       0       0       0       0       0       000010000D    271
     120       0       0       1       0                               0D    272
     110     674       0       0       0       0       0       000010000D    273
     110       0       0       2       0                               0D    274
     110     676       0       0       0       0       0       001010000D    275
     110       0       0       2       0                               0D    276
     110     678       0       0       0       0       0       000010000D    277
     110       0       0       2       0                               0D    278
     100     680       0       0       0       0     281       000010000D    279
     100       0       0       2       0                               0D    280
     124     682       0       0       0       0       0       000000000D    281
     124       0       0       2       0                               0D    282
     110     684       0       0       0       0       0       000010000D    283
     110       0       0       2       0                               0D    284
     100     686       0       0       0       0     287       000010000D    285
     100       0       0       2       0                               0D    286
     124     688       0       0       0       0       0       000000000D    287
     124       0       0       2       0                               0D    288
     508     690       0       0       0       0       0       000010000D    289
     508       0       0       1       1                               0D    290
     510     691       0       0       0       0       0       000010001D    291
     510       0       0       1       1                               0D    292
     120     692       0       0       0       0       0       000010000D    293
     120       0       0       1       0                               0D    294
     110     693       0       0       0       0       0       000010000D    295
     110       0       0       2       0                               0D    296
     110     695       0       0       0       0       0       001010000D    297
     110       0       0       2       0                               0D    298
     110     697       0       0       0       0       0       000010000D    299
     110       0       0       2       0                               0D    300
     100     699       0       0       0       0     303       000010000D    301
     100       0       0       2       0                               0D    302
     124     701       0       0       0       0       0       000000000D    303
     124       0       0       2       0                               0D    304
     110     703       0       0       0       0       0       000010000D    305
     110       0       0       2       0                               0D    306
     100     705       0       0       0       0     309       000010000D    307
     100       0       0       2       0                               0D    308
     124     707       0       0       0       0       0       000000000D    309
     124       0       0       2       0                               0D    310
     508     709       0       0       0       0       0       000010000D    311
     508       0       0       1       1                               0D    312
     510     710       0       0       0       0       0       000010001D    313
     510       0       0       1       1                               0D    314
     120     711       0       0       0       0       0       000010000D    315
     120       0       0       1       0                               0D    316
     110     712       0       0       0       0       0       000010000D    317
     110       0       0       2       0                               0D    318
     110     714       0       0       0       0       0       001010000D    319
     110       0       0       2       0                               0D    320
     110     716       0       0       0       0       0       000010000D    321
     110       0       0       2       0                               0D    322
     100     718       0       0       0       0     325       000010000D    323
     100       0       0       2       0                               0D    324
     124     720       0       0       0       0       0       000000000D    325
     124       0       0       2       0                               0D    326
     110     722       0       0       0       0       0       000010000D    327
     110       0       0       2       0                               0D    328
     100     724       0       0       0       0     331       000010000D    329
     100       0       0       2       0                               0D    330
     124     726       0       0       0       0       0       000000000D    331
     124       0       0       2       0                               0D    332
     508     728       0       0       0       0       0       000010000D    333
     508       0       0       1       1                               0D    334
     510     729       0       0       0       0       0       000010001D    335
     510       0       0       1       1                               0D    336
     120     730       0       0       0       0       0       000010000D    337
     120       0       0       1       0                               0D    338
     110     731       0       0       0       0       0       000010000D    339
     110       0       0       2       0                               0D    340
     110     733       0       0       0       0       0       001010000D    341
     110       0       0       2       0                               0D    342
     110     735       0       0       0       0       0       000010000D    343
     110       0       0       2       0                               0D    344
     100     737       0       0       0       0     347       000010000D    345
     100       0       0       2       0                               0D    346
     124     739       0       0       0       0       0       000000000D    347
     124       0       0       2       0                               0D    348
     110     741       0       0       0       0       0       000010000D    349
     110       0       0       2       0                               0D    350
     100     743       0       0       0       0     353       000010000D    351
     100       0       0       2       0                               0D    352
     124     745       0       0       0       0       0       000000000D    353
     124       0       0       2       0                               0D    354
     508     747       0       0       0       0       0       000010000D    355
     508       0       0       1       1                               0D    356
     510     748       0       0       0       0       0       000010001D    357
     510       0       0       1       1                               0D    358
     120     749       0       0       0       0       0       000010000D    359
     120       0       0       1       0                               0D    360
     110     750       0       0       0       0       0       000010000D    361
     110       0       0       2       0                               0D    362
     110     752       0       0       0       0       0       001010000D    363
     110       0       0       2       0                               0D    364
     110     754       0       0       0       0       0       000010000D    365
     110       0       0       2       0                               0D    366
     100     756       0       0       0       0     369       000010000D    367
     100       0       0       2       0                               0D    368
     124     758       0       0       0       0       0       000000000D    369
     124       0       0       2       0                               0D    370
     110     760       0       0       0       0       0       000010000D    371
     110       0       0       2       0                               0D    372
     100     762       0       0       0       0     375       000010000D    373
     100       0       0       2       0                               0D    374
     124     764       0       0       0       0       0       000000000D    375
     124       0       0       2       0                               0D    376
     508     766       0       0       0       0       0       000010000D    377
     508       0       0       1       1                               0D    378
     510     767       0       0       0       0       0       000010001D    379
     510       0       0       1       1                               0D    380
     120     768       0       0       0       0       0       000010000D    381
     120       0       0       1       0                               0D    382
     110     769       0       0       0       0       0       000010000D    383
     110       0       0       2       0                               0D    384
     110     771       0       0       0       0       0       001010000D    385
     110       0       0       2       0                               0D    386
     110     773       0       0       0       0       0       000010000D    387
     110       0       0       2       0                               0D    388
     100     775       0       0       0       0     391       000010000D    389
     100       0       0       2       0                               0D    390
     124     777       0       0       0       0       0       000000000D    391
     124       0       0       2       0                               0D    392
     110     779       0       0       0       0       0       000010000D    393
     110       0       0       2       0                               0D    394
     100     781       0       0       0       0     397       000010000D    395
     100       0       0       2       0                               0D    396
     124     783       0       0       0       0       0       000000000D    397
     124       0       0       2       0                               0D    398
     508     785       0       0       0       0       0       000010000D    399
     508       0       0       1       1                               0D    400
     510     786       0       0       0       0       0       000010001D    401
     510       0       0       1       1                               0D    402
     120     787       0       0       0       0       0       000010000D    403
     120       0       0       1       0                               0D    404
     110     788       0       0       0       0       0       000010000D    405
     110       0       0       2       0                               0D    406
     110     790       0       0       0       0       0       001010000D    407
     110       0       0       2       0                               0D    408
     110     792       0       0       0       0       0       000010000D    409
     110       0       0       2       0                               0D    410
     100     794       0       0       0       0     413       000010000D    411
     100       0       0       2       0                               0D    412
     124     796       0       0       0       0       0       000000000D    413
     124       0       0       2       0                               0D    414
     110     798       0       0       0       0       0       000010000D    415
     110       0       0       2       0                               0D    416
     100     800       0       0       0       0     419       000010000D    417
     100       0       0       2       0                               0D    418
     124     802       0       0       0       0       0       000000000D    419
     124       0       0       2       0                               0D    420
     508     804       0       0       0       0       0       000010000D    421
     508       0       0       1       1                               0D    422
     510     805       0       0       0       0       0       000010001D    423
     510       0       0       1       1                               0D    424
     120     806       0       0       0       0       0       000010000D    425
     120       0       0       1       0                               0D    426
     110     807       0       0       0       0       0       000010000D    427
     110       0       0       2       0                               0D    428
     110     809       0       0       0       0       0       001010000D    429
     110       0       0       2       0                               0D    430
     110     811       0       0       0       0       0       000010000D    431
     110       0       0       2       0                               0D    432
     100     813       0       0       0       0     435       000010000D    433
     100       0       0       2       0                               0D    434
     124     815       0       0       0       0       0       000000000D    435
     124       0       0       2       0                               0D    436
     110     817       0       0       0       0       0       000010000D    437
     110       0       0       2       0                               0D    438
     100     819       0       0       0       0     441       000010000D    439
     100       0       0       2       0                               0D    440
     124     821       0       0       0       0       0       000000000D    441
     124       0       0       2       0                               0D    442
     508     823       0       0       0       0       0       000010000D    443
     508       0       0       1       1                               0D    444
     510     824       0       0       0       0       0       000010001D    445
     510       0       0       1       1                               0D    446
     120     825       0       0       0       0       0       000010000D    447
     120       0       0       1       0                               0D    448
     110     826       0       0       0       0       0       000010000D    449
     110       0       0       2       0                               0D    450
     110     828       0       0       0       0       0       001010000D    451
     110       0       0       2       0                               0D    452
     100     830       0       0       0       0     441       000010000D    453
     100       0       0       2       0                               0D    454
     100     832       0       0       0       0     435       000010000D    455
     100       0       0       2       0                               0D    456
     508     834       0       0       0       0       0       000010000D    457
     508       0       0       1       1                               0D    458
     510     835       0       0       0       0       0       000010001D    459
     510       0       0       1       1                               0D    460
     120     836       0       0       0       0       0       000010000D    461
     120       0       0       1       0                               0D    462
     110     837       0       0       0       0       0       000010000D    463
     110       0       0       2       0                               0D    464
     110     839       0       0       0       0       0       001010000D    465
     110       0       0       2       0                               0D    466
     100     841       0       0       0       0     419       000010000D    467
     100       0       0       2       0                               0D    468
     100     843       0       0       0       0     413       000010000D    469
     100       0       0       2       0                               0D    470
     508     845       0       0       0       0       0       000010000D    471
     508       0       0       1       1                               0D    472
     510     846       0       0       0       0       0       000010001D    473
     510       0       0       1       1                               0D    474
     120     847       0       0       0       0       0       000010000D    475
     120       0       0       1       0                               0D    476
     110     848       0       0       0       0       0       000010000D    477
     110       0       0       2       0                               0D    478
     110     850       0       0       0       0       0       001010000D    479
     110       0       0       2       0                               0D    480
     100     852       0       0       0       0     397       000010000D    481
     100       0       0       2       0                               0D    482
     100     854       0       0       0       0     391       000010000D    483
     100       0       0       2       0                               0D    484
     508     856       0       0       0       0       0       000010000D    485
     508       0       0       1       1                               0D    486
     510     857       0       0       0       0       0       000010001D    487
     510       0       0       1       1                               0D    488
     120     858       0       0       0       0       0       000010000D    489
     120       0       0       1       0                               0D    490
     110     859       0       0       0       0       0       000010000D    491
     110       0       0       2       0                               0D    492
     110     861       0       0       0       0       0       001010000D    493
     110       0       0       2       0                               0D    494
     100     863       0       0       0       0     375       000010000D    495
     100       0       0       2       0                               0D    496
     100     865       0       0       0       0     369       000010000D    497
     100       0       0       2       0                               0D    498
     508     867       0       0       0       0       0       000010000D    499
     508       0       0       1       1                               0D    500
     510     868       0       0       0       0       0       000010001D    501
     510       0       0       1       1                               0D    502
     120     869       0       0       0       0       0       000010000D    503
     120       0       0       1       0                               0D    504
     110     870       0       0       0       0       0       000010000D    505
     110       0       0       2       0                               0D    506
     110     872       0       0       0       0       0       001010000D    507
     110       0       0       2       0                               0D    508
     100     874       0       0       0       0     353       000010000D    509
     100       0       0       2       0                               0D    510
     100     876       0       0       0       0     347       000010000D    511
     100       0       0       2       0                               0D    512
     508     878       0       0       0       0       0       000010000D    513
     508       0       0       1       1                               0D    514
     510     879       0       0       0       0       0       000010001D    515
     510       0       0       1       1                               0D    516
     120     880       0       0       0       0       0       000010000D    517
     120       0       0       1       0                               0D    518
     110     881       0       0       0       0       0       000010000D    519
     110       0       0       2       0                               0D    520
     110     883       0       0       0       0       0       001010000D    521
     110       0       0       2       0                               0D    522
     100     885       0       0       0       0     331       000010000D    523
     100       0       0       2       0                               0D    524
     100     887       0       0       0       0     325       000010000D    525
     100       0       0       2       0                               0D    526
     508     889       0       0       0       0       0       000010000D    527
     508       0       0       1       1                               0D    528
     510     890       0       0       0       0       0       000010001D    529
     510       0       0       1       1                               0D    530
     120     891       0       0       0       0       0       000010000D    531
     120       0       0       1       0                               0D    532
     110     892       0       0       0       0       0       000010000D    533
     110       0       0       2       0                               0D    534
     110     894       0       0       0       0       0       001010000D    535
     110       0       0       2       0                               0D    536
     100     896       0       0       0       0     309       000010000D    537
     100       0       0       2       0                               0D    538
     100     898       0       0       0       0     303       000010000D    539
     100       0       0       2       0                               0D    540
     508     900       0       0       0       0       0       000010000D    541
     508       0       0       1       1                               0D    542
     510     901       0       0       0       0       0       000010001D    543
     510       0       0       1       1                               0D    544
     120     902       0       0       0       0       0       000010000D    545
     120       0       0       1       0                               0D    546
     110     903       0       0       0       0       0       000010000D    547
     110       0       0       2       0                               0D    548
     110     905       0       0       0       0       0       001010000D    549
     110       0       0       2       0                               0D    550
     100     907       0       0       0       0     287       000010000D    551
     100       0       0       2       0                               0D    552
     100     909       0       0       0       0     281       000010000D    553
     100       0       0       2       0                               0D    554
     508     911       0       0       0       0       0       000010000D    555
     508       0       0       1       1                               0D    556
     510     912       0       0       0       0       0       000010001D    557
     510       0       0       1       1                               0D    558
     120     913       0       0       0       0       0       000010000D    559
     120       0       0       1       0                               0D    560
     110     914       0       0       0       0       0       000010000D    561
     110       0       0       2       0                               0D    562
     110     916       0       0       0       0       0       001010000D    563
     110       0       0       2       0                               0D    564
     100     918       0       0       0       0     265       000010000D    565
     100       0       0       2       0                               0D    566
     100     920       0       0       0       0     259       000010000D    567
     100       0       0       2       0                               0D    568
     508     922       0       0       0       0       0       000010000D    569
     508       0       0       1       1                               0D    570
     510     923       0       0       0       0       0       000010001D    571
     510       0       0       1       1                               0D    572
     120     924       0       0       0       0       0       000010000D    573
     120       0       0       1       0                               0D    574
     110     925       0       0       0       0       0       000010000D    575
     110       0       0       2       0                               0D    576
     110     927       0       0       0       0       0       001010000D    577
     110       0       0       2       0                               0D    578
     100     929       0       0       0       0     243       000010000D    579
     100       0       0       2       0                               0D    580
     100     931       0       0       0       0     237       000010000D    581
     100       0       0       1       0                               0D    582
     508     932       0       0       0       0       0       000010000D    583
     508       0       0       1       1                               0D    584
     510     933       0       0       0       0       0       000010001D    585
     510       0       0       1       1                               0D    586
     120     934       0       0       0       0       0       000010000D    587
     120       0       0       1       0                               0D    588
     110     935       0       0       0       0       0       000010000D    589
     110       0       0       2       0                               0D    590
     110     937       0       0       0       0       0       001010000D    591
     110       0       0       2       0                               0D    592
     100     939       0       0       0       0     221       000010000D    593
     100       0       0       2       0                               0D    594
     100     941       0       0       0       0     215       000010000D    595
     100       0       0       1       0                               0D    596
     508     942       0       0       0       0       0       000010000D    597
     508       0       0       1       1                               0D    598
     510     943       0       0       0       0       0       000010001D    599
     510       0       0       1       1                               0D    600
     128     944       0       0       0       0       0       000010000D    601
     128       0       0      20       0                               0D    602
     100     964       0       0       0       0     605       000010000D    603
     100       0       0       2       0                               0D    604
     124     966       0       0       0       0       0       000000000D    605
     124       0       0       2       0                               0D    606
     110     968       0       0       0       0       0       000010000D    607
     110       0       0       2       0                               0D    608
     100     970       0       0       0       0     611       000010000D    609
     100       0       0       2       0                               0D    610
     124     972       0       0       0       0       0       000000000D    611
     124       0       0       2       0                               0D    612
     110     974       0       0       0       0       0       000010000D    613
     110       0       0       2       0                               0D    614
     508     976       0       0       0       0       0       000010000D    615
     508       0       0       1       1                               0D    616
     510     977       0       0       0       0       0       000010001D    617
     510       0       0       1       1                               0D    618
     128     978       0       0       0       0       0       000010000D    619
     128       0       0       4       0                               0D    620
     110     982       0       0       0       0       0       000010000D    621
     110       0       0       2       0                               0D    622
     110     984       0       0       0       0       0       000010000D    623
     110       0       0       1       0                               0D    624
     110     985       0       0       0       0       0       000010000D    625
     110       0       0       2       0                               0D    626
     508     987       0       0       0       0       0       000010000D    627
     508       0       0       1       1                               0D    628
     508     988       0       0       0       0       0       000010000D    629
     508       0       0       1       1                               0D    630
     508     989       0       0       0       0       0       000010000D    631
     508       0       0       1       1                               0D    632
     510     990       0       0       0       0       0       000010001D    633
     510       0       0       1       1                               0D    634
     128     991       0       0       0       0       0       000010000D    635
     128       0       0      20       0                               0D    636
     100    1011       0       0       0       0     639       000010000D    637
     100       0       0       2       0                               0D    638
     124    1013       0       0       0       0       0       000000000D    639
     124       0       0       2       0                               0D    640
     100    1015       0       0       0       0     643       000010000D    641
     100       0       0       2       0                               0D    642
     124    1017       0       0       0       0       0       000000000D    643
     124       0       0       2       0                               0D    644
     110    1019       0       0       0       0       0       000010000D    645
     110       0       0       2       0                               0D    646
     508    1021       0       0       0       0       0       000010000D    647
     508       0       0       1       1                               0D    648
     510    1022       0       0       0       0       0       000010001D    649
     510       0       0       1       1                               0D    650
     128    1023       0       0       0       0       0       000010000D    651
     128       0       0       7       0                               0D    652
     110    1030       0       0       0       0       0       000010000D    653
     110       0       0       2       0                               0D    654
     110    1032       0       0       0       0       0       000010000D    655
     110       0       0       2       0                               0D    656
     110    1034       0       0       0       0       0       000010000D    657
     110       0       0       2       0                               0D    658
     508    1036       0       0       0       0       0       000010000D    659
     508       0       0       1       1                               0D    660
     508    1037       0       0       0       0       0       000010000D    661
     508       0       0       1       1                               0D    662
     508    1038       0       0       0       0       0       000010000D    663
     508       0       0       1       1                               0D    664
     508    1039       0       0       0       0       0       000010000D    665
     508       0       0       1       1                               0D    666
     508    1040       0       0       0       0       0       000010000D    667
     508       0       0       1       1                               0D    668
     508    1041       0       0       0       0       0       000010000D    669
     508       0       0       1       1                               0D    670
     508    1042       0       0       0       0       0       000010000D    671
     508       0       0       1       1                               0D    672
     508    1043       0       0       0       0       0       000010000D    673
     508       0       0       1       1                               0D    674
     508    1044       0       0       0       0       0       000010000D    675
     508       0       0       1       1                               0D    676
     508    1045       0       0       0       0       0       000010000D    677
     508       0       0       1       1                               0D    678
     510    1046       0       0       0       0       0       000010001D    679
     510       0       0       1       1                               0D    680
     128    1047       0       0       0       0       0       000010000D    681
     128       0       0       6       0                               0D    682
     110    1053       0       0       0       0       0       000010000D    683
     110       0       0       2       0                               0D    684
     110    1055       0       0       0       0       0       000010000D    685
     110       0       0       2       0                               0D    686
     110    1057       0       0       0       0       0       000010000D    687
     110       0       0       2       0                               0D    688
     508    1059       0       0       0       0       0       000010000D    689
     508       0       0       1       1                               0D    690
     510    1060       0       0       0       0       0       000010001D    691
     510       0       0       1       1                               0D    692
     128    1061       0       0       0       0       0       000010000D    693
     128       0       0       7       0                               0D    694
     110    1068       0       0       0       0       0       000010000D    695
     110       0       0       2       0                               0D    696
     110    1070       0       0       0       0       0       000010000D    697
     110       0       0       2       0                               0D    698
     110    1072       0       0       0       0       0       000010000D    699
     110       0       0       2       0                               0D    700
     508    1074       0       0       0       0       0       000010000D    701
     508       0       0       1       1                               0D    702
     508    1075       0       0       0       0       0       000010000D    703
     508       0       0       1       1                               0D    704
     508    1076       0       0       0       0       0       000010000D    705
     508       0       0       1       1                               0D    706
     508    1077       0       0       0       0       0       000010000D    707
     508       0       0       1       1                               0D    708
     508    1078       0       0       0       0       0       000010000D    709
     508       0       0       1       1                               0D    710
     508    1079       0       0       0       0       0       000010000D    711
     508       0       0       1       1                               0D    712
     508    1080       0       0       0       0       0       000010000D    713
     508       0       0       1       1                               0D    714
     508    1081       0       0       0       0       0       000010000D    715
     508       0       0       1       1                               0D    716
     508    1082       0       0       0       0       0       000010000D    717
     508       0       0       1       1                               0D    718
     508    1083       0       0       0       0       0       000010000D    719
     508       0       0       1       1                               0D    720
     510    1084       0       0       0       0       0       000010001D    721
     510       0       0       1       1                               0D    722
     128    1085       0       0       0       0       0       000010000D    723
     128       0       0      22       0                               0D    724
     100    1107       0       0       0       0     727       000010000D    725
     100       0       0       2       0                               0D    726
     124    1109       0       0       0       0       0       000000000D    727
     124       0       0       2       0                               0D    728
     100    1111       0       0       0       0     731       000010000D    729
     100       0       0       1       0                               0D    730
     124    1112       0       0       0       0       0       000000000D    731
     124       0       0       2       0                               0D    732
     110    1114       0       0       0       0       0       000010000D    733
     110       0       0       2       0                               0D    734
     508    1116       0       0       0       0       0       000010000D    735
     508       0       0       1       1                               0D    736
     510    1117       0       0       0       0       0       000010001D    737
     510       0       0       1       1                               0D    738
     128    1118       0       0       0       0       0       000010000D    739
     128       0       0       4       0                               0D    740
     110    1122       0       0       0       0       0       000010000D    741
     110       0       0       2       0                               0D    742
     110    1124       0       0       0       0       0       000010000D    743
     110       0       0       1       0                               0D    744
     110    1125       0       0       0       0       0       000010000D    745
     110       0       0       2       0                               0D    746
     508    1127       0       0       0       0       0       000010000D    747
     508       0       0       1       1                               0D    748
     508    1128       0       0       0       0       0       000010000D    749
     508       0       0       1       1                               0D    750
     508    1129       0       0       0       0       0       000010000D    751
     508       0       0       1       1                               0D    752
     510    1130       0       0       0       0       0       000010001D    753
     510       0       0       1       1                               0D    754
     128    1131       0       0       0       0       0       000010000D    755
     128       0       0      23       0                               0D    756
     100    1154       0       0       0       0     759       000010000D    757
     100       0       0       2       0                               0D    758
     124    1156       0       0       0       0       0       000000000D    759
     124       0       0       2       0                               0D    760
     100    1158       0       0       0       0     763       000010000D    761
     100       0       0       1       0                               0D    762
     124    1159       0       0       0       0       0       000000000D    763
     124       0       0       2       0                               0D    764
     110    1161       0       0       0       0       0       000010000D    765
     110       0       0       1       0                               0D    766
     508    1162       0       0       0       0       0       000010000D    767
     508       0       0       1       1                               0D    768
     510    1163       0       0       0       0       0       000010001D    769
     510       0       0       1       1                               0D    770
     128    1164       0       0       0       0       0       000010000D    771
     128       0       0       4       0                               0D    772
     110    1168       0       0       0       0       0       000010000D    773
     110       0       0       1       0                               0D    774
     508    1169       0       0       0       0       0       000010000D    775
     508       0       0       2       1                               0D    776
     510    1171       0       0       0       0       0       000010001D    777
     510       0       0       1       1                               0D    778
     128    1172       0       0       0       0       0       000010000D    779
     128       0       0       6       0                               0D    780
     110    1178       0       0       0       0       0       000010000D    781
     110       0       0       2       0                               0D    782
     508    1180       0       0       0       0       0       000010000D    783
     508       0       0       2       1                               0D    784
     510    1182       0       0       0       0       0       000010001D    785
     510       0       0       1       1                               0D    786
     116    1183       0       0       0       0       0       000010000D    787
     116       0       0       1       0                               0D    788
     123    1184       0       0       0       0       0       000010200D    789
     123       0       0       1       0                               0D    790
     190    1185       0       0       0       0       0       000010000D    791
     190       0       0       1       1                               0D    792
     123    1186       0       0       0       0       0       000010200D    793
     123       0       0       1       0                               0D    794
     110    1187       0       0       0       0       0       000010000D    795
     110       0       0       1       0                               0D    796
     110    1188       0       0       0       0       0       000010000D    797
     110       0       0       1       0                               0D    798
     110    1189       0       0       0       0       0       000010000D    799
     110       0       0       2       0                               0D    800
     508    1191       0       0       0       0       0       000010000D    801
     508       0       0       1       1                               0D    802
     510    1192       0       0       0       0       0       000010001D    803
     510       0       0       1       1                               0D    804
     116    1193       0       0       0       0       0       000010000D    805
     116       0       0       1       0                               0D    806
     123    1194       0       0       0       0       0       000010200D    807
     123       0       0       1       0                               0D    808
     190    1195       0       0       0       0       0       000010000D    809
     190       0       0       1       1                               0D    810
     123    1196       0       0       0       0       0       000010200D    811
     123       0       0       1       0                               0D    812
     110    1197       0       0       0       0       0       000010000D    813
     110       0       0       1       0                               0D    814
     110    1198       0       0       0       0       0       000010000D    815
     110       0       0       1       0                               0D    816
     110    1199       0       0       0       0       0       000010000D    817
     110       0       0       1       0                               0D    818
     508    1200       0       0       0       0       0       000010000D    819
     508       0       0       1       1                               0D    820
     510    1201       0       0       0       0       0       000010001D    821
     510       0       0       1       1                               0D    822
     128    1202       0       0       0       0       0       000010000D    823
     128       0       0      28       0                               0D    824
     100    1230       0       0       0       0     199       000010000D    825
     100       0       0       2       0                               0D    826
     100    1232       0       0       0       0     193       000010000D    827
     100       0       0       2       0                               0D    828
     508    1234       0       0       0       0       0       000010000D    829
     508       0       0       1       1                               0D    830
     510    1235       0       0       0       0       0       000010001D    831
     510       0       0       1       1                               0D    832
     128    1236       0       0       0       0       0       000010000D    833
     128       0       0      28       0                               0D    834
     100    1264       0       0       0       0     181       000010000D    835
     100       0       0       2       0                               0D    836
     100    1266       0       0       0       0     175       000010000D    837
     100       0       0       2       0                               0D    838
     508    1268       0       0       0       0       0       000010000D    839
     508       0       0       1       1                               0D    840
     510    1269       0       0       0       0       0       000010001D    841
     510       0       0       1       1                               0D    842
     128    1270       0       0       0       0       0       000010000D    843
     128       0       0      28       0                               0D    844
     100    1298       0       0       0       0     163       000010000D    845
     100       0       0       2       0                               0D    846
     100    1300       0       0       0       0     157       000010000D    847
     100       0       0       2       0                               0D    848
     508    1302       0       0       0       0       0       000010000D    849
     508       0       0       1       1                               0D    850
     510    1303       0       0       0       0       0       000010001D    851
     510       0       0       1       1                               0D    852
     128    1304       0       0       0       0       0       000010000D    853
     128       0       0      28       0                               0D    854
     100    1332       0       0       0       0     145       000010000D    855
     100       0       0       2       0                               0D    856
     100    1334       0       0       0       0     139       000010000D    857
     100       0       0       2       0                               0D    858
     508    1336       0       0       0       0       0       000010000D    859
     508       0       0       1       1                               0D    860
     510    1337       0       0       0       0       0       000010001D    861
     510       0       0       1       1                               0D    862
     128    1338       0       0       0       0       0       000010000D    863
     128       0       0      28       0                               0D    864
     100    1366       0       0       0       0     127       000010000D    865
     100       0       0       2       0                               0D    866
     100    1368       0       0       0       0     121       000010000D    867
     100       0       0       2       0                               0D    868
     508    1370       0       0       0       0       0       000010000D    869
     508       0       0       1       1                               0D    870
     510    1371       0       0       0       0       0       000010001D    871
     510       0       0       1       1                               0D    872
     128    1372       0       0       0       0       0       000010000D    873
     128       0       0      27       0                               0D    874
     100    1399       0       0       0       0     109       000010000D    875
     100       0       0       2       0                               0D    876
     100    1401       0       0       0       0     103       000010000D    877
     100       0       0       2       0                               0D    878
     508    1403       0       0       0       0       0       000010000D    879
     508       0       0       1       1                               0D    880
     510    1404       0       0       0       0       0       000010001D    881
     510       0       0       1       1                               0D    882
     128    1405       0       0       0       0       0       000010000D    883
     128       0       0      28       0                               0D    884
     100    1433       0       0       0       0      91       000010000D    885
     100       0       0       2       0                               0D    886
     100    1435       0       0       0       0      85       000010000D    887
     100       0       0       2       0                               0D    888
     508    1437       0       0       0       0       0       000010000D    889
     508       0       0       1       1                               0D    890
     510    1438       0       0       0       0       0       000010001D    891
     510       0       0       1       1                               0D    892
     128    1439       0       0       0       0       0       000010000D    893
     128       0       0      28       0                               0D    894
     100    1467       0       0       0       0      73       000010000D    895
     100       0       0       2       0                               0D    896
     100    1469       0       0       0       0      67       000010000D    897
     100       0       0       2       0                               0D    898
     508    1471       0       0       0       0       0       000010000D    899
     508       0       0       1       1                               0D    900
     510    1472       0       0       0       0       0       000010001D    901
     510       0       0       1       1                               0D    902
     128    1473       0       0       0       0       0       000010000D    903
     128       0       0      28       0                               0D    904
     100    1501       0       0       0       0      55       000010000D    905
     100       0       0       2       0                               0D    906
     100    1503       0       0       0       0      49       000010000D    907
     100       0       0       2       0                               0D    908
     508    1505       0       0       0       0       0       000010000D    909
     508       0       0       1       1                               0D    910
     510    1506       0       0       0       0       0       000010001D    911
     510       0       0       1       1                               0D    912
     116    1507       0       0       0       0       0       000010000D    913
     116       0       0       1       0                               0D    914
     123    1508       0       0       0       0       0       000010200D    915
     123       0       0       1       0                               0D    916
     190    1509       0       0       0       0       0       000010000D    917
     190       0       0       1       1                               0D    918
     123    1510       0       0       0       0       0       000010200D    919
     123       0       0       1       0                               0D    920
     110    1511       0       0       0       0       0       000010000D    921
     110       0       0       1       0                               0D    922
     110    1512       0       0       0       0       0       000010000D    923
     110       0       0       1       0                               0D    924
     100    1513       0       0       0       0     927       000010000D    925
     100       0       0       2       0                               0D    926
     124    1515       0       0       0       0       0       000000000D    927
     124       0       0       2       0                               0D    928
     110    1517       0       0       0       0       0       000010000D    929
     110       0       0       1       0                               0D    930
     100    1518       0       0       0       0     933       000010000D    931
     100       0       0       2       0                               0D    932
     124    1520       0       0       0       0       0       000000000D    933
     124       0       0       2       0                               0D    934
     110    1522       0       0       0       0       0       000010000D    935
     110       0       0       1       0                               0D    936
     110    1523       0       0       0       0       0       000010000D    937
     110       0       0       1       0                               0D    938
     100    1524       0       0       0       0     941       000010000D    939
     100       0       0       2       0                               0D    940
     124    1526       0       0       0       0       0       000000000D    941
     124       0       0       2       0                               0D    942
     110    1528       0       0       0       0       0       000010000D    943
     110       0       0       1       0                               0D    944
     100    1529       0       0       0       0     947       000010000D    945
     100       0       0       2       0                               0D    946
     124    1531       0       0       0       0       0       000000000D    947
     124       0       0       2       0                               0D    948
     110    1533       0       0       0       0       0       000010000D    949
     110       0       0       1       0                               0D    950
     110    1534       0       0       0       0       0       000010000D    951
     110       0       0       1       0                               0D    952
     110    1535       0       0       0       0       0       000010000D    953
     110       0       0       1       0                               0D    954
     508    1536       0       0       0       0       0       000010000D    955
     508       0       0       4       1                               0D    956
     510    1540       0       0       0       0       0       000010001D    957
     510       0       0       1       1                               0D    958
     116    1541       0       0       0       0       0       000010000D    959
     116       0       0       1       0                               0D    960
     123    1542       0       0       0       0       0       000010200D    961
     123       0       0       1       0                               0D    962
     190    1543       0       0       0       0       0       000010000D    963
     190       0       0       1       1                               0D    964
     123    1544       0       0       0       0       0       000010200D    965
     123       0       0       1       0                               0D    966
     110    1545       0       0       0       0       0       000010000D    967
     110       0       0       1       0                               0D    968
     110    1546       0       0       0       0       0       000010000D    969
     110       0       0       1       0                               0D    970
     100    1547       0       0       0       0     973       000010000D    971
     100       0       0       2       0                               0D    972
     124    1549       0       0       0       0       0       000000000D    973
     124       0       0       2       0                               0D    974
     110    1551       0       0       0       0       0       000010000D    975
     110       0       0       1       0                               0D    976
     100    1552       0       0       0       0     979       000010000D    977
     100       0       0       2       0                               0D    978
     124    1554       0       0       0       0       0       000000000D    979
     124       0       0       2       0                               0D    980
     110    1556       0       0       0       0       0       000010000D    981
     110       0       0       1       0                               0D    982
     110    1557       0       0       0       0       0       000010000D    983
     110       0       0       1       0                               0D    984
     100    1558       0       0       0       0     987       000010000D    985
     100       0       0       2       0                               0D    986
     124    1560       0       0       0       0       0       000000000D    987
     124       0       0       2       0                               0D    988
     110    1562       0       0       0       0       0       000010000D    989
     110       0       0       1       0                               0D    990
     100    1563       0       0       0       0     993       000010000D    991
     100       0       0       2       0                               0D    992
     124    1565       0       0       0       0       0       000000000D    993
     124       0       0       2       0                               0D    994
     110    1567       0       0       0       0       0       000010000D    995
     110       0       0       1       0                               0D    996
     110    1568       0       0       0       0       0       000010000D    997
     110       0       0       2       0                               0D    998
     110    1570       0       0       0       0       0       000010000D    999
     110       0       0       1       0                               0D   1000
     508    1571       0       0       0       0       0       000010000D   1001
     508       0       0       4       1                               0D   1002
     510    1575       0       0       0       0       0       000010001D   1003
     510       0       0       1       1                               0D   1004
     128    1576       0       0       0       0       0       000010000D   1005
     128       0       0      21       0                               0D   1006
     100    1597       0       0       0       0      37       000010000D   1007
     100       0       0       2       0                               0D   1008
     100    1599       0       0       0       0      31       000010000D   1009
     100       0       0       2       0                               0D   1010
     508    1601       0       0       0       0       0       000010000D   1011
     508       0       0       1       1                               0D   1012
     510    1602       0       0       0       0       0       000010001D   1013
     510       0       0       1       1                               0D   1014
     128    1603       0       0       0       0       0       000010000D   1015
     128       0       0      21       0                               0D   1016
     100    1624       0       0       0       0      19       000010000D   1017
     100       0       0       2       0                               0D   1018
     100    1626       0       0       0       0      13       000010000D   1019
     100       0       0       1       0                               0D   1020
     508    1627       0       0       0       0       0       000010000D   1021
     508       0       0       1       1                               0D   1022
     510    1628       0       0       0       0       0       000010001D   1023
     510       0       0       1       1                               0D   1024
     120    1629       0       0       0       0       0       000010000D   1025
     120       0       0       1       0                               0D   1026
     110    1630       0       0       0       0       0       000010000D   1027
     110       0       0       1       0                               0D   1028
     110    1631       0       0       0       0       0       001010000D   1029
     110       0       0       1       0                               0D   1030
     100    1632       0       0       0       0    1033       000010000D   1031
     100       0       0       2       0                               0D   1032
     124    1634       0       0       0       0       0       000000000D   1033
     124       0       0       2       0                               0D   1034
     110    1636       0       0       0       0       0       000010000D   1035
     110       0       0       1       0                               0D   1036
     100    1637       0       0       0       0    1039       000010000D   1037
     100       0       0       2       0                               0D   1038
     124    1639       0       0       0       0       0       000000000D   1039
     124       0       0       2       0                               0D   1040
     508    1641       0       0       0       0       0       000010000D   1041
     508       0       0       1       1                               0D   1042
     510    1642       0       0       0       0       0       000010001D   1043
     510       0       0       1       1                               0D   1044
     116    1643       0       0       0       0       0       000010000D   1045
     116       0       0       1       0                               0D   1046
     123    1644       0       0       0       0       0       000010200D   1047
     123       0       0       1       0                               0D   1048
     190    1645       0       0       0       0       0       000010000D   1049
     190       0       0       1       1                               0D   1050
     123    1646       0       0       0       0       0       000010200D   1051
     123       0       0       1       0                               0D   1052
     110    1647       0       0       0       0       0       000010000D   1053
     110       0       0       2       0                               0D   1054
     110    1649       0       0       0       0       0       000010000D   1055
     110       0       0       1       0                               0D   1056
     110    1650       0       0       0       0       0       000010000D   1057
     110       0       0       1       0                               0D   1058
     508    1651       0       0       0       0       0       000010000D   1059
     508       0       0       1       1                               0D   1060
     508    1652       0       0       0       0       0       000010000D   1061
     508       0       0       1       1                               0D   1062
     508    1653       0       0       0       0       0       000010000D   1063
     508       0       0       1       1                               0D   1064
     510    1654       0       0       0       0       0       000010001D   1065
     510       0       0       1       1                               0D   1066
     120    1655       0       0       0       0       0       000010000D   1067
     120       0       0       1       0                               0D   1068
     110    1656       0       0       0       0       0       000010000D   1069
     110       0       0       1       0                               0D   1070
     110    1657       0       0       0       0       0       001010000D   1071
     110       0       0       1       0                               0D   1072
     100    1658       0       0       0       0    1075       000010000D   1073
     100       0       0       2       0                               0D   1074
     124    1660       0       0       0       0       0       000000000D   1075
     124       0       0       2       0                               0D   1076
     110    1662       0       0       0       0       0       000010000D   1077
     110       0       0       1       0                               0D   1078
     100    1663       0       0       0       0    1081       000010000D   1079
     100       0       0       2       0                               0D   1080
     124    1665       0       0       0       0       0       000000000D   1081
     124       0       0       2       0                               0D   1082
     508    1667       0       0       0       0       0       000010000D   1083
     508       0       0       1       1                               0D   1084
     510    1668       0       0       0       0       0       000010001D   1085
     510       0       0       1       1                               0D   1086
     116    1669       0       0       0       0       0       000010000D   1087
     116       0       0       1       0                               0D   1088
     123    1670       0       0       0       0       0       000010200D   1089
     123       0       0       1       0                               0D   1090
     190    1671       0       0       0       0       0       000010000D   1091
     190       0       0       1       1                               0D   1092
     123    1672       0       0       0       0       0       000010200D   1093
     123       0       0       1       0                               0D   1094
     110    1673       0       0       0       0       0       000010000D   1095
     110       0       0       2       0                               0D   1096
     110    1675       0       0       0       0       0       000010000D   1097
     110       0       0       2       0                               0D   1098
     110    1677       0       0       0       0       0       000010000D   1099
     110       0       0       1       0                               0D   1100
     508    1678       0       0       0       0       0       000010000D   1101
     508       0       0       1       1                               0D   1102
     508    1679       0       0       0       0       0       000010000D   1103
     508       0       0       1       1                               0D   1104
     508    1680       0       0       0       0       0       000010000D   1105
     508       0       0       1       1                               0D   1106
     508    1681       0       0       0       0       0       000010000D   1107
     508       0       0       1       1                               0D   1108
     508    1682       0       0       0       0       0       000010000D   1109
     508       0       0       1       1                               0D   1110
     508    1683       0       0       0       0       0       000010000D   1111
     508       0       0       1       1                               0D   1112
     508    1684       0       0       0       0       0       000010000D   1113
     508       0       0       1       1                               0D   1114
     508    1685       0       0       0       0       0       000010000D   1115
     508       0       0       1       1                               0D   1116
     508    1686       0       0       0       0       0       000010000D   1117
     508       0       0       1       1                               0D   1118
     508    1687       0       0       0       0       0       000010000D   1119
     508       0       0       1       1                               0D   1120
     510    1688       0       0       0       0       0       000010001D   1121
     510       0       0       1       1                               0D   1122
     116    1689       0       0       0       0       0       000010000D   1123
     116       0       0       1       0                               0D   1124
     123    1690       0       0       0       0       0       000010200D   1125
     123       0       0       1       0                               0D   1126
     190    1691       0       0       0       0       0       000010000D   1127
     190       0       0       1       1                               0D   1128
     123    1692       0       0       0       0       0       000010200D   1129
     123       0       0       1       0                               0D   1130
     110    1693       0       0       0       0       0       000010000D   1131
     110       0       0       2       0                               0D   1132
     110    1695       0       0       0       0       0       000010000D   1133
     110       0       0       2       0                               0D   1134
     110    1697       0       0       0       0       0       000010000D   1135
     110       0       0       2       0                               0D   1136
     508    1699       0       0       0       0       0       000010000D   1137
     508       0       0       1       1                               0D   1138
     510    1700       0       0       0       0       0       000010001D   1139
     510       0       0       1       1                               0D   1140
     116    1701       0       0       0       0       0       000010000D   1141
     116       0       0       1       0                               0D   1142
     123    1702       0       0       0       0       0       000010200D   1143
     123       0       0       1       0                               0D   1144
     190    1703       0       0       0       0       0       000010000D   1145
     190       0       0       1       1                               0D   1146
     123    1704       0       0       0       0       0       000010200D   1147
     123       0       0       1       0                               0D   1148
     110    1705       0       0       0       0       0       000010000D   1149
     110       0       0       2       0                               0D   1150
     110    1707       0       0       0       0       0       000010000D   1151
     110       0       0       1       0                               0D   1152
     110    1708       0       0       0       0       0       000010000D   1153
     110       0       0       1       0                               0D   1154
     508    1709       0       0       0       0       0       000010000D   1155
     508       0       0       1       1                               0D   1156
     508    1710       0       0       0       0       0       000010000D   1157
     508       0       0       1       1                               0D   1158
     508    1711       0       0       0       0       0       000010000D   1159
     508       0       0       1       1                               0D   1160
     508    1712       0       0       0       0       0       000010000D   1161
     508       0       0       1       1                               0D   1162
     508    1713       0       0       0       0       0       000010000D   1163
     508       0       0       1       1                               0D   1164
     508    1714       0       0       0       0       0       000010000D   1165
     508       0       0       1       1                               0D   1166
     508    1715       0       0       0       0       0       000010000D   1167
     508       0       0       1       1                               0D   1168
     508    1716       0       0       0       0       0       000010000D   1169
     508       0       0       1       1                               0D   1170
     508    1717       0       0       0       0       0       000010000D   1171
     508       0       0       1       1                               0D   1172
     508    1718       0       0       0       0       0       000010000D   1173
     508       0       0       1       1                               0D   1174
     510    1719       0       0       0       0       0       000010001D   1175
     510       0       0       1       1                               0D   1176
     116    1720       0       0       0       0       0       000010000D   1177
     116       0       0       1       0                               0D   1178
     123    1721       0       0       0       0       0       000010200D   1179
     123       0       0       1       0                               0D   1180
     192    1722       0       0       0       0       0       000010000D   1181
     192       0       0       1       1                               0D   1182
     123    1723       0       0       0       0       0       000010200D   1183
     123       0       0       1       0                               0D   1184
     100    1724       0       0       0       0    1187       000010000D   1185
     100       0       0       2       0                               0D   1186
     124    1726       0       0       0       0       0       000000000D   1187
     124       0       0       2       0                               0D   1188
     110    1728       0       0       0       0       0       000010000D   1189
     110       0       0       1       0                               0D   1190
     100    1729       0       0       0       0    1193       000010000D   1191
     100       0       0       1       0                               0D   1192
     124    1730       0       0       0       0       0       000000000D   1193
     124       0       0       2       0                               0D   1194
     508    1732       0       0       0       0       0       000010000D   1195
     508       0       0       1       1                               0D   1196
     510    1733       0       0       0       0       0       000010001D   1197
     510       0       0       1       1                               0D   1198
     116    1734       0       0       0       0       0       000010000D   1199
     116       0       0       1       0                               0D   1200
     123    1735       0       0       0       0       0       000010200D   1201
     123       0       0       1       0                               0D   1202
     190    1736       0       0       0       0       0       000010000D   1203
     190       0       0       1       1                               0D   1204
     123    1737       0       0       0       0       0       000010200D   1205
     123       0       0       1       0                               0D   1206
     110    1738       0       0       0       0       0       000010000D   1207
     110       0       0       2       0                               0D   1208
     110    1740       0       0       0       0       0       000010000D   1209
     110       0       0       1       0                               0D   1210
     110    1741       0       0       0       0       0       000010000D   1211
     110       0       0       1       0                               0D   1212
     508    1742       0       0       0       0       0       000010000D   1213
     508       0       0       1       1                               0D   1214
     508    1743       0       0       0       0       0       000010000D   1215
     508       0       0       1       1                               0D   1216
     508    1744       0       0       0       0       0       000010000D   1217
     508       0       0       1       1                               0D   1218
     510    1745       0       0       0       0       0       000010001D   1219
     510       0       0       1       1                               0D   1220
     116    1746       0       0       0       0       0       000010000D   1221
     116       0       0       1       0                               0D   1222
     123    1747       0       0       0       0       0       000010200D   1223
     123       0       0       1       0                               0D   1224
     192    1748       0       0       0       0       0       000010000D   1225
     192       0       0       1       1                               0D   1226
     123    1749       0       0       0       0       0       000010200D   1227
     123       0       0       1       0                               0D   1228
     100    1750       0       0       0       0    1231       000010000D   1229
     100       0       0       2       0                               0D   1230
     124    1752       0       0       0       0       0       000000000D   1231
     124       0       0       2       0                               0D   1232
     100    1754       0       0       0       0    1235       000010000D   1233
     100       0       0       1       0                               0D   1234
     124    1755       0       0       0       0       0       000000000D   1235
     124       0       0       2       0                               0D   1236
     508    1757       0       0       0       0       0       000010000D   1237
     508       0       0       1       1                               0D   1238
     510    1758       0       0       0       0       0       000010001D   1239
     510       0       0       1       1                               0D   1240
     116    1759       0       0       0       0       0       000010000D   1241
     116       0       0       1       0                               0D   1242
     123    1760       0       0       0       0       0       000010200D   1243
     123       0       0       1       0                               0D   1244
     190    1761       0       0       0       0       0       000010000D   1245
     190       0       0       1       1                               0D   1246
     123    1762       0       0       0       0       0       000010200D   1247
     123       0       0       1       0                               0D   1248
     110    1763       0       0       0       0       0       000010000D   1249
     110       0       0       1       0                               0D   1250
     508    1764       0       0       0       0       0       000010000D   1251
     508       0       0       2       1                               0D   1252
     510    1766       0       0       0       0       0       000010001D   1253
     510       0       0       1       1                               0D   1254
     116    1767       0       0       0       0       0       000010000D   1255
     116       0       0       2       0                               0D   1256
     123    1769       0       0       0       0       0       000010200D   1257
     123       0       0       1       0                               0D   1258
     190    1770       0       0       0       0       0       000010000D   1259
     190       0       0       1       1                               0D   1260
     123    1771       0       0       0       0       0       000010200D   1261
     123       0       0       1       0                               0D   1262
     110    1772       0       0       0       0       0       000010000D   1263
     110       0       0       2       0                               0D   1264
     508    1774       0       0       0       0       0       000010000D   1265
     508       0       0       2       1                               0D   1266
     510    1776       0       0       0       0       0       000010001D   1267
     510       0       0       1       1                               0D   1268
     116    1777       0       0       0       0       0       000010000D   1269
     116       0       0       1       0                               0D   1270
     123    1778       0       0       0       0       0       000010200D   1271
     123       0       0       1       0                               0D   1272
     190    1779       0       0       0       0       0       000010000D   1273
     190       0       0       1       1                               0D   1274
     123    1780       0       0       0       0       0       000010200D   1275
     123       0       0       1       0                               0D   1276
     110    1781       0       0       0       0       0       000010000D   1277
     110       0       0       1       0                               0D   1278
     508    1782       0       0       0       0       0       000010000D   1279
     508       0       0       1       1                               0D   1280
     510    1783       0       0       0       0       0       000010001D   1281
     510       0       0       1       1                               0D   1282
     116    1784       0       0       0       0       0       000010000D   1283
     116       0       0       1       0                               0D   1284
     123    1785       0       0       0       0       0       000010200D   1285
     123       0       0       1       0                               0D   1286
     190    1786       0       0       0       0       0       000010000D   1287
     190       0       0       1       1                               0D   1288
     123    1787       0       0       0       0       0       000010200D   1289
     123       0       0       1       0                               0D   1290
     110    1788       0       0       0       0       0       000010000D   1291
     110       0       0       1       0                               0D   1292
     508    1789       0       0       0       0       0       000010000D   1293
     508       0       0       1       1                               0D   1294
     510    1790       0       0       0       0       0       000010001D   1295
     510       0       0       1       1                               0D   1296
     116    1791       0       0       0       0       0       000010000D   1297
     116       0       0       1       0                               0D   1298
     123    1792       0       0       0       0       0       000010200D   1299
     123       0       0       1       0                               0D   1300
     190    1793       0       0       0       0       0       000010000D   1301
     190       0       0       1       1                               0D   1302
     123    1794       0       0       0       0       0       000010200D   1303
     123       0       0       1       0                               0D   1304
     110    1795       0       0       0       0       0       000010000D   1305
     110       0       0       1       0                               0D   1306
     508    1796       0       0       0       0       0       000010000D   1307
     508       0       0       1       1                               0D   1308
     510    1797       0       0       0       0       0       000010001D   1309
     510       0       0       1       1                               0D   1310
     116    1798       0       0       0       0       0       000010000D   1311
     116       0       0       1       0                               0D   1312
     123    1799       0       0       0       0       0       000010200D   1313
     123       0       0       1       0                               0D   1314
     192    1800       0       0       0       0       0       000010000D   1315
     192       0       0       1       1                               0D   1316
     123    1801       0       0       0       0       0       000010200D   1317
     123       0       0       1       0                               0D   1318
     110    1802       0       0       0       0       0       000010000D   1319
     110       0       0       1       0                               0D   1320
     508    1803       0       0       0       0       0       000010000D   1321
     508       0       0       1       1                               0D   1322
     510    1804       0       0       0       0       0       000010001D   1323
     510       0       0       1       1                               0D   1324
     116    1805       0       0       0       0       0       000010000D   1325
     116       0       0       1       0                               0D   1326
     123    1806       0       0       0       0       0       000010200D   1327
     123       0       0       1       0                               0D   1328
     190    1807       0       0       0       0       0       000010000D   1329
     190       0       0       1       1                               0D   1330
     123    1808       0       0       0       0       0       000010200D   1331
     123       0       0       1       0                               0D   1332
     110    1809       0       0       0       0       0       000010000D   1333
     110       0       0       1       0                               0D   1334
     508    1810       0       0       0       0       0       000010000D   1335
     508       0       0       1       1                               0D   1336
     510    1811       0       0       0       0       0       000010001D   1337
     510       0       0       1       1                               0D   1338
     116    1812       0       0       0       0       0       000010000D   1339
     116       0       0       1       0                               0D   1340
     123    1813       0       0       0       0       0       000010200D   1341
     123       0       0       1       0                               0D   1342
     192    1814       0       0       0       0       0       000010000D   1343
     192       0       0       1       1                               0D   1344
     123    1815       0       0       0       0       0       000010200D   1345
     123       0       0       1       0                               0D   1346
     110    1816       0       0       0       0       0       000010000D   1347
     110       0       0       1       0                               0D   1348
     508    1817       0       0       0       0       0       000010000D   1349
     508       0       0       1       1                               0D   1350
     510    1818       0       0       0       0       0       000010001D   1351
     510       0       0       1       1                               0D   1352
     116    1819       0       0       0       0       0       000010000D   1353
     116       0       0       1       0                               0D   1354
     123    1820       0       0       0       0       0       000010200D   1355
     123       0       0       1       0                               0D   1356
     190    1821       0       0       0       0       0       000010000D   1357
     190       0       0       1       1                               0D   1358
     123    1822       0       0       0       0       0       000010200D   1359
     123       0       0       1       0                               0D   1360
     508    1823       0       0       0       0       0       000010000D   1361
     508       0       0       1       1                               0D   1362
     510    1824       0       0       0       0       0       000010001D   1363
     510       0       0       1       1                               0D   1364
     116    1825       0       0       0       0       0       000010000D   1365
     116       0       0       1       0                               0D   1366
     123    1826       0       0       0       0       0       000010200D   1367
     123       0       0       1       0                               0D   1368
     190    1827       0       0       0       0       0       000010000D   1369
     190       0       0       1       1                               0D   1370
     123    1828       0       0       0       0       0       000010200D   1371
     123       0       0       1       0                               0D   1372
     110    1829       0       0       0       0       0       000010000D   1373
     110       0       0       1       0                               0D   1374
     508    1830       0       0       0       0       0       000010000D   1375
     508       0       0       1       1                               0D   1376
     510    1831       0       0       0       0       0       000010001D   1377
     510       0       0       1       1                               0D   1378
     116    1832       0       0       0       0       0       000010000D   1379
     116       0       0       1       0                               0D   1380
     123    1833       0       0       0       0       0       000010200D   1381
     123       0       0       1       0                               0D   1382
     192    1834       0       0       0       0       0       000010000D   1383
     192       0       0       1       1                               0D   1384
     123    1835       0       0       0       0       0       000010200D   1385
     123       0       0       1       0                               0D   1386
     110    1836       0       0       0       0       0       000010000D   1387
     110       0       0       1       0                               0D   1388
     508    1837       0       0       0       0       0       000010000D   1389
     508       0       0       1       1                               0D   1390
     510    1838       0       0       0       0       0       000010001D   1391
     510       0       0       1       1                               0D   1392
     116    1839       0       0       0       0       0       000010000D   1393
     116       0       0       1       0                               0D   1394
     123    1840       0       0       0       0       0       000010200D   1395
     123       0       0       1       0                               0D   1396
     190    1841       0       0       0       0       0       000010000D   1397
     190       0       0       1       1                               0D   1398
     123    1842       0       0       0       0       0       000010200D   1399
     123       0       0       1       0                               0D   1400
     110    1843       0       0       0       0       0       000010000D   1401
     110       0       0       1       0                               0D   1402
     508    1844       0       0       0       0       0       000010000D   1403
     508       0       0       1       1                               0D   1404
     510    1845       0       0       0       0       0       000010001D   1405
     510       0       0       1       1                               0D   1406
     116    1846       0       0       0       0       0       000010000D   1407
     116       0       0       1       0                               0D   1408
     123    1847       0       0       0       0       0       000010200D   1409
     123       0       0       1       0                               0D   1410
     192    1848       0       0       0       0       0       000010000D   1411
     192       0       0       1       1                               0D   1412
     123    1849       0       0       0       0       0       000010200D   1413
     123       0       0       1       0                               0D   1414
     110    1850       0       0       0       0       0       000010000D   1415
     110       0       0       1       0                               0D   1416
     508    1851       0       0       0       0       0       000010000D   1417
     508       0       0       1       1                               0D   1418
     510    1852       0       0       0       0       0       000010001D   1419
     510       0       0       1       1                               0D   1420
     116    1853       0       0       0       0       0       000010000D   1421
     116       0       0       1       0                               0D   1422
     123    1854       0       0       0       0       0       000010200D   1423
     123       0       0       1       0                               0D   1424
     190    1855       0       0       0       0       0       000010000D   1425
     190       0       0       1       1                               0D   1426
     123    1856       0       0       0       0       0       000010200D   1427
     123       0       0       1       0                               0D   1428
     508    1857       0       0       0       0       0       000010000D   1429
     508       0       0       1       1                               0D   1430
     510    1858       0       0       0       0       0       000010001D   1431
     510       0       0       1       1                               0D   1432
     514    1859       0       0       0       0       0       000010000D   1433
     514       0       0       9       1                               0D   1434
     186    1868       0       0       1       0       0       000000000D   1435
     186       0   -1437       1       0                               0D   1436
     314    1869       0       0       0       0       0       000000200D   1437
     314       0       0       2       0                               0D   1438
406,2,0,17H1401K - End Panel;                                          1P      1
128,1,8,1,2,0,1,0,0,0,-203.679220908092D0,-203.679220908092D0,         3P      2
-202.57577263223D0,-202.57577263223D0,0.0D0,0.0D0,0.0D0,               3P      3
.091106186954104D0,.091106186954104D0,.182212373908208D0,              3P      4
.182212373908208D0,.273318560862312D0,.273318560862312D0,              3P      5
.364424747816416D0,.364424747816416D0,.364424747816416D0,1.0D0,        3P      6
1.0D0,.707106781186548D0,.707106781186548D0,1.0D0,1.0D0,               3P      7
.707106781186548D0,.707106781186548D0,1.0D0,1.0D0,                     3P      8
.707106781186548D0,.707106781186548D0,1.0D0,1.0D0,                     3P      9
.707106781186548D0,.707106781186548D0,1.0D0,1.0D0,-.379D0,             3P     10
1.267D0,4.88900000000003D0,-.379D0,1.267D0,4.95300000000004D0,         3P     11
-.379D0,1.209D0,4.88900000000003D0,-.379D0,1.209D0,                    3P     12
4.95300000000004D0,-.321D0,1.209D0,4.88900000000003D0,-.321D0,         3P     13
1.209D0,4.95300000000004D0,-.263D0,1.209D0,4.88900000000003D0,         3P     14
-.263D0,1.209D0,4.95300000000004D0,-.263D0,1.267D0,                    3P     15
4.88900000000003D0,-.263D0,1.267D0,4.95300000000004D0,-.263D0,         3P     16
1.325D0,4.88900000000003D0,-.263D0,1.325D0,4.95300000000004D0,         3P     17
-.321D0,1.325D0,4.88900000000003D0,-.321D0,1.325D0,                    3P     18
4.95300000000004D0,-.379D0,1.325D0,4.88900000000003D0,-.379D0,         3P     19
1.325D0,4.95300000000004D0,-.379D0,1.267D0,4.88900000000003D0,         3P     20
-.379D0,1.267D0,4.95300000000004D0,-203.679220908092D0,                3P     21
-202.57577263223D0,0.0D0,.364424747816416D0;                           3P     22
502,152,-.263D0,1.267D0,4.95300000000004D0,-.263D0,1.267D0,            5P     23
4.88900000000004D0,-.379D0,1.267D0,4.95300000000004D0,-.379D0,         5P     24
1.267D0,4.88900000000003D0,-.263D0,-1.233D0,4.95300000000009D0,        5P     25
-.263D0,-1.233D0,4.88900000000009D0,-.379D0,-1.233D0,                  5P     26
4.95300000000009D0,-.379D0,-1.233D0,4.88900000000009D0,-.625D0,        5P     27
2.51699999999999D0,4.62500000000001D0,-.561D0,                         5P     28
2.51699999999999D0,4.62500000000001D0,-.625D0,                         5P     29
2.51699999999999D0,4.40700000000001D0,-.561D0,                         5P     30
2.51699999999999D0,4.40700000000001D0,-.625D0,                         5P     31
1.89199999999999D0,4.62500000000002D0,-.561D0,                         5P     32
1.89199999999999D0,4.62500000000002D0,-.625D0,                         5P     33
1.89199999999999D0,4.40700000000002D0,-.561D0,                         5P     34
1.89199999999999D0,4.40700000000002D0,-.625D0,                         5P     35
1.26699999999999D0,4.62500000000003D0,-.561D0,                         5P     36
1.26699999999999D0,4.62500000000004D0,-.625D0,                         5P     37
1.26699999999999D0,4.40700000000004D0,-.561D0,                         5P     38
1.26699999999999D0,4.40700000000004D0,-.625D0,                         5P     39
.641999999999992D0,4.62500000000005D0,-.561D0,                         5P     40
.641999999999992D0,4.62500000000005D0,-.625D0,                         5P     41
.641999999999987D0,4.40700000000005D0,-.561D0,                         5P     42
.641999999999987D0,4.40700000000005D0,-.625D0,                         5P     43
1.69999999999917D-2,4.62500000000006D0,-.561D0,                        5P     44
1.69999999999917D-2,4.62500000000006D0,-.625D0,                        5P     45
1.69999999999869D-2,4.40700000000006D0,-.561D0,                        5P     46
1.69999999999869D-2,4.40700000000006D0,-.625D0,                        5P     47
-.608000000000009D0,4.62500000000008D0,-.561D0,                        5P     48
-.608000000000009D0,4.62500000000008D0,-.625D0,                        5P     49
-.608000000000013D0,4.40700000000008D0,-.561D0,                        5P     50
-.608000000000013D0,4.40700000000008D0,-.625D0,                        5P     51
-1.23300000000001D0,4.62500000000009D0,-.561D0,                        5P     52
-1.23300000000001D0,4.62500000000009D0,-.625D0,                        5P     53
-1.23300000000001D0,4.40700000000009D0,-.561D0,                        5P     54
-1.23300000000001D0,4.40700000000009D0,-.625D0,                        5P     55
-1.85800000000001D0,4.6250000000001D0,-.561D0,                         5P     56
-1.85800000000001D0,4.6250000000001D0,-.625D0,                         5P     57
-1.85800000000001D0,4.4070000000001D0,-.561D0,                         5P     58
-1.85800000000001D0,4.4070000000001D0,-.625D0,                         5P     59
-2.48300000000001D0,4.62500000000012D0,-.561D0,                        5P     60
-2.48300000000001D0,4.62500000000012D0,-.625D0,                        5P     61
-2.48300000000001D0,4.40700000000012D0,-.561D0,                        5P     62
-2.48300000000001D0,4.40700000000012D0,-.263D0,1.267D0,                5P     63
-4.95300000000004D0,-.263D0,1.267D0,-4.88900000000004D0,-.379D0,       5P     64
1.267D0,-4.95300000000004D0,-.379D0,1.267D0,-4.88900000000003D0,       5P     65
-.263D0,-1.233D0,-4.95300000000009D0,-.263D0,-1.233D0,                 5P     66
-4.88900000000009D0,-.379D0,-1.233D0,-4.95300000000009D0,              5P     67
-.379D0,-1.233D0,-4.88900000000009D0,-.625D0,                          5P     68
-1.85800000000001D0,-4.6250000000001D0,-.561D0,                        5P     69
-1.85800000000001D0,-4.6250000000001D0,-.625D0,                        5P     70
-1.85800000000001D0,-4.4070000000001D0,-.561D0,                        5P     71
-1.85800000000001D0,-4.4070000000001D0,-.625D0,                        5P     72
-1.23300000000001D0,-4.62500000000009D0,-.561D0,                       5P     73
-1.23300000000001D0,-4.62500000000009D0,-.625D0,                       5P     74
-1.23300000000001D0,-4.40700000000009D0,-.561D0,                       5P     75
-1.23300000000001D0,-4.40700000000009D0,-.625D0,                       5P     76
-.608000000000009D0,-4.62500000000008D0,-.561D0,                       5P     77
-.608000000000009D0,-4.62500000000008D0,-.625D0,                       5P     78
-.608000000000013D0,-4.40700000000008D0,-.561D0,                       5P     79
-.608000000000013D0,-4.40700000000008D0,-.625D0,                       5P     80
1.69999999999917D-2,-4.62500000000006D0,-.561D0,                       5P     81
1.69999999999917D-2,-4.62500000000006D0,-.625D0,                       5P     82
1.69999999999869D-2,-4.40700000000006D0,-.561D0,                       5P     83
1.69999999999869D-2,-4.40700000000006D0,-.625D0,                       5P     84
.641999999999992D0,-4.62500000000005D0,-.561D0,                        5P     85
.641999999999992D0,-4.62500000000005D0,-.625D0,                        5P     86
.641999999999987D0,-4.40700000000005D0,-.561D0,                        5P     87
.641999999999987D0,-4.40700000000005D0,-.625D0,                        5P     88
1.26699999999999D0,-4.62500000000003D0,-.561D0,                        5P     89
1.26699999999999D0,-4.62500000000004D0,-.625D0,                        5P     90
1.26699999999999D0,-4.40700000000004D0,-.561D0,                        5P     91
1.26699999999999D0,-4.40700000000004D0,-.625D0,                        5P     92
1.89199999999999D0,-4.62500000000002D0,-.561D0,                        5P     93
1.89199999999999D0,-4.62500000000002D0,-.625D0,                        5P     94
1.89199999999999D0,-4.40700000000002D0,-.561D0,                        5P     95
1.89199999999999D0,-4.40700000000002D0,-.625D0,                        5P     96
2.51699999999999D0,-4.62500000000001D0,-.561D0,                        5P     97
2.51699999999999D0,-4.62500000000001D0,-.625D0,                        5P     98
2.51699999999999D0,-4.40700000000001D0,-.561D0,                        5P     99
2.51699999999999D0,-4.40700000000001D0,-.625D0,                        5P    100
-2.48300000000001D0,-4.62500000000012D0,-.561D0,                       5P    101
-2.48300000000001D0,-4.62500000000012D0,-.625D0,                       5P    102
-2.48300000000001D0,-4.40700000000012D0,-.561D0,                       5P    103
-2.48300000000001D0,-4.40700000000012D0,-.064D0,-2.733D0,              5P    104
-4.85700000000012D0,-.096D0,-2.733D0,-4.88900000000012D0,              5P    105
-.064D0,2.767D0,-4.857D0,-.096D0,2.767D0,-4.889D0,-.529D0,             5P    106
-2.733D0,-4.88900000000012D0,-.529D0,2.767D0,-4.889D0,-.561D0,         5P    107
-2.733D0,-4.85700000000012D0,-.561D0,2.767D0,-4.857D0,-.561D0,         5P    108
-2.73300000000002D0,-4.32800000000012D0,-.561D0,                       5P    109
2.76699999999999D0,-4.328D0,-.625D0,-2.73300000000002D0,               5P    110
-4.32800000000012D0,-.625D0,2.76699999999999D0,-4.328D0,-.625D0,       5P    111
-2.733D0,-4.85700000000012D0,-.625D0,2.767D0,-4.857D0,-.529D0,         5P    112
-2.733D0,-4.95300000000012D0,-.529D0,2.767D0,-4.953D0,-.096D0,         5P    113
-2.733D0,-4.95300000000012D0,-.096D0,2.767D0,-4.953D0,0.0D0,           5P    114
-2.733D0,-4.85700000000012D0,0.0D0,2.767D0,-4.857D0,0.0D0,             5P    115
-2.797D0,-4.857D0,-.064D0,-2.797D0,-4.857D0,-.064D0,2.797D0,           5P    116
-4.857D0,0.0D0,2.797D0,-4.857D0,0.0D0,-2.797D0,4.857D0,0.0D0,          5P    117
-2.733D0,4.85700000000012D0,0.0D0,-2.797D0,4.953D0,0.0D0,              5P    118
-3.203D0,4.547D0,0.0D0,-3.203D0,-4.547D0,0.0D0,-2.797D0,               5P    119
-4.953D0,0.0D0,2.797D0,-4.953D0,0.0D0,3.203D0,-4.547D0,0.0D0,          5P    120
3.203D0,4.547D0,0.0D0,2.797D0,4.953D0,0.0D0,2.797D0,4.857D0,           5P    121
0.0D0,2.767D0,4.857D0,-.064D0,2.797D0,4.857D0,-.064D0,2.767D0,         5P    122
4.857D0,-.064D0,2.797D0,4.953D0,-.064D0,3.203D0,4.547D0,-.064D0,       5P    123
3.203D0,-4.547D0,-.064D0,2.797D0,-4.953D0,-.064D0,-2.797D0,            5P    124
-4.953D0,-.064D0,-3.203D0,-4.547D0,-.064D0,-3.203D0,4.547D0,           5P    125
-.064D0,-2.797D0,4.953D0,-.064D0,-2.797D0,4.857D0,-.064D0,             5P    126
-2.733D0,4.85700000000012D0,-.096D0,-2.733D0,4.88900000000012D0,       5P    127
-.096D0,2.767D0,4.889D0,-.529D0,-2.733D0,4.88900000000012D0,           5P    128
-.529D0,2.767D0,4.889D0,-.561D0,-2.733D0,4.85700000000012D0,           5P    129
-.561D0,2.767D0,4.857D0,-.561D0,-2.73300000000002D0,                   5P    130
4.32800000000012D0,-.561D0,2.76699999999999D0,4.328D0,-.625D0,         5P    131
-2.73300000000002D0,4.32800000000012D0,-.625D0,                        5P    132
2.76699999999999D0,4.328D0,-.625D0,-2.733D0,4.85700000000012D0,        5P    133
-.625D0,2.767D0,4.857D0,-.529D0,-2.733D0,4.95300000000012D0,           5P    134
-.529D0,2.767D0,4.953D0,-.096D0,-2.733D0,4.95300000000012D0,           5P    135
-.096D0,2.767D0,4.953D0;                                               5P    136
110,-.263D0,1.267D0,4.95300000000004D0,-.263D0,1.267D0,                7P    137
4.88900000000004D0;                                                    7P    138
504,232,7,5,1,5,2,11,5,3,5,1,15,5,3,5,4,17,5,2,5,4,27,5,5,5,6,         9P    139
29,5,7,5,5,33,5,7,5,8,35,5,6,5,8,45,5,9,5,10,47,5,11,5,9,51,5,         9P    140
11,5,12,53,5,10,5,12,63,5,13,5,14,65,5,15,5,13,69,5,15,5,16,71,        9P    141
5,14,5,16,81,5,17,5,18,83,5,19,5,17,87,5,19,5,20,89,5,18,5,20,         9P    142
99,5,21,5,22,101,5,23,5,21,105,5,23,5,24,107,5,22,5,24,117,5,25,       9P    143
5,26,119,5,27,5,25,123,5,27,5,28,125,5,26,5,28,135,5,29,5,30,          9P    144
137,5,31,5,29,141,5,31,5,32,143,5,30,5,32,153,5,33,5,34,155,5,         9P    145
35,5,33,159,5,35,5,36,161,5,34,5,36,171,5,37,5,38,173,5,39,5,37,       9P    146
177,5,39,5,40,179,5,38,5,40,189,5,41,5,42,191,5,43,5,41,195,5,         9P    147
43,5,44,197,5,42,5,44,211,5,45,5,46,213,5,47,5,45,217,5,47,5,48,       9P    148
219,5,46,5,48,233,5,49,5,50,235,5,51,5,49,239,5,51,5,52,241,5,         9P    149
50,5,52,255,5,53,5,54,257,5,55,5,53,261,5,55,5,56,263,5,54,5,56,       9P    150
277,5,57,5,58,279,5,59,5,57,283,5,59,5,60,285,5,58,5,60,299,5,         9P    151
61,5,62,301,5,63,5,61,305,5,63,5,64,307,5,62,5,64,321,5,65,5,66,       9P    152
323,5,67,5,65,327,5,67,5,68,329,5,66,5,68,343,5,69,5,70,345,5,         9P    153
71,5,69,349,5,71,5,72,351,5,70,5,72,365,5,73,5,74,367,5,75,5,73,       9P    154
371,5,75,5,76,373,5,74,5,76,387,5,77,5,78,389,5,79,5,77,393,5,         9P    155
79,5,80,395,5,78,5,80,409,5,81,5,82,411,5,83,5,81,415,5,83,5,84,       9P    156
417,5,82,5,84,431,5,85,5,86,433,5,87,5,85,437,5,87,5,88,439,5,         9P    157
86,5,88,453,5,88,5,86,455,5,85,5,87,467,5,84,5,82,469,5,81,5,83,       9P    158
481,5,80,5,78,483,5,77,5,79,495,5,76,5,74,497,5,73,5,75,509,5,         9P    159
72,5,70,511,5,69,5,71,523,5,68,5,66,525,5,65,5,67,537,5,64,5,62,       9P    160
539,5,61,5,63,551,5,60,5,58,553,5,57,5,59,565,5,56,5,54,567,5,         9P    161
53,5,55,579,5,52,5,50,581,5,49,5,51,593,5,48,5,46,595,5,45,5,47,       9P    162
603,5,89,5,90,607,5,89,5,91,609,5,92,5,91,613,5,92,5,90,621,5,         9P    163
90,5,93,623,5,94,5,92,625,5,94,5,93,637,5,93,5,95,641,5,96,5,94,       9P    164
645,5,96,5,95,653,5,95,5,97,655,5,98,5,96,657,5,98,5,97,683,5,         9P    165
97,5,99,685,5,100,5,98,687,5,100,5,99,695,5,99,5,101,697,5,102,        9P    166
5,100,699,5,102,5,101,725,5,101,5,103,729,5,104,5,102,733,5,104,       9P    167
5,103,741,5,103,5,105,743,5,106,5,104,745,5,106,5,105,757,5,105,       9P    168
5,107,761,5,108,5,106,765,5,108,5,107,773,5,108,5,91,781,5,89,5,       9P    169
107,795,5,107,5,109,797,5,109,5,110,799,5,110,5,89,813,5,91,5,         9P    170
111,815,5,112,5,111,817,5,112,5,108,825,5,44,5,42,827,5,41,5,43,       9P    171
835,5,40,5,38,837,5,37,5,39,845,5,36,5,34,847,5,33,5,35,855,5,         9P    172
32,5,30,857,5,29,5,31,865,5,28,5,26,867,5,25,5,27,875,5,24,5,22,       9P    173
877,5,21,5,23,885,5,20,5,18,887,5,17,5,19,895,5,16,5,14,897,5,         9P    174
13,5,15,905,5,12,5,10,907,5,9,5,11,921,5,113,5,114,923,5,115,5,        9P    175
113,925,5,116,5,115,929,5,117,5,116,931,5,118,5,117,935,5,109,5,       9P    176
118,937,5,119,5,112,939,5,120,5,119,943,5,121,5,120,945,5,122,5,       9P    177
121,949,5,123,5,122,951,5,124,5,123,953,5,114,5,124,967,5,125,5,       9P    178
126,969,5,127,5,125,971,5,128,5,127,975,5,129,5,128,977,5,130,5,       9P    179
129,981,5,111,5,130,983,5,131,5,110,985,5,132,5,131,989,5,133,5,       9P    180
132,991,5,134,5,133,995,5,135,5,134,997,5,136,5,135,999,5,126,5,       9P    181
136,1007,5,8,5,6,1009,5,5,5,7,1017,5,4,5,2,1019,5,1,5,3,1031,5,        9P    182
136,5,137,1035,5,138,5,137,1037,5,138,5,126,1053,5,137,5,139,          9P    183
1055,5,140,5,139,1057,5,140,5,138,1073,5,139,5,141,1077,5,142,5,       9P    184
141,1079,5,142,5,140,1095,5,141,5,143,1097,5,144,5,143,1099,5,         9P    185
144,5,142,1131,5,143,5,145,1133,5,146,5,145,1135,5,146,5,144,          9P    186
1149,5,145,5,147,1151,5,148,5,147,1153,5,148,5,146,1185,5,147,5,       9P    187
149,1189,5,150,5,149,1191,5,150,5,148,1207,5,149,5,151,1209,5,         9P    188
152,5,151,1211,5,152,5,150,1229,5,151,5,114,1233,5,124,5,152,          9P    189
1249,5,126,5,124,1263,5,114,5,136,1277,5,123,5,125,1291,5,113,5,       9P    190
135,1305,5,115,5,134,1319,5,116,5,133,1333,5,117,5,132,1347,5,         9P    191
118,5,131,1373,5,119,5,130,1387,5,120,5,129,1401,5,121,5,128,          9P    192
1415,5,122,5,127;                                                      9P    193
100,0.0D0,0.0D0,0.0D0,-.058D0,7.10295143505465D-18,.058D0,            11P    194
-1.42059028701093D-17;                                                11P    195
124,1.0D0,0.0D0,0.0D0,-.321D0,0.0D0,-1.0D0,0.0D0,1.267D0,0.0D0,       13P    196
0.0D0,-1.0D0,4.95300000000003D0;                                      13P    197
110,-.379D0,1.267D0,4.95300000000004D0,-.379D0,1.267D0,               15P    198
4.88900000000003D0;                                                   15P    199
100,0.0D0,0.0D0,0.0D0,.058D0,-2.20263296240538D-16,-.058D0,           17P    200
2.13088543051639D-17;                                                 17P    201
124,1.0D0,0.0D0,0.0D0,-.321D0,0.0D0,1.0D0,0.0D0,1.267D0,0.0D0,        19P    202
0.0D0,1.0D0,4.88900000000003D0;                                       19P    203
508,4,0,9,1,0,0,0,9,2,0,0,0,9,3,1,0,0,9,4,0,0;                        21P    204
510,3,1,1,21;                                                         23P    205
128,1,8,1,2,0,1,0,0,0,-203.679220908092D0,-203.679220908092D0,        25P    206
-202.57577263223D0,-202.57577263223D0,0.0D0,0.0D0,0.0D0,              25P    207
.091106186954104D0,.091106186954104D0,.182212373908208D0,             25P    208
.182212373908208D0,.273318560862312D0,.273318560862312D0,             25P    209
.364424747816416D0,.364424747816416D0,.364424747816416D0,1.0D0,       25P    210
1.0D0,.707106781186548D0,.707106781186548D0,1.0D0,1.0D0,              25P    211
.707106781186548D0,.707106781186548D0,1.0D0,1.0D0,                    25P    212
.707106781186548D0,.707106781186548D0,1.0D0,1.0D0,                    25P    213
.707106781186548D0,.707106781186548D0,1.0D0,1.0D0,-.379D0,            25P    214
-1.233D0,4.88900000000009D0,-.379D0,-1.233D0,4.95300000000009D0,      25P    215
-.379D0,-1.291D0,4.88900000000009D0,-.379D0,-1.291D0,                 25P    216
4.95300000000009D0,-.321D0,-1.291D0,4.88900000000009D0,-.321D0,       25P    217
-1.291D0,4.95300000000009D0,-.263D0,-1.291D0,4.88900000000009D0,      25P    218
-.263D0,-1.291D0,4.95300000000009D0,-.263D0,-1.233D0,                 25P    219
4.88900000000009D0,-.263D0,-1.233D0,4.95300000000009D0,-.263D0,       25P    220
-1.175D0,4.88900000000009D0,-.263D0,-1.175D0,4.95300000000009D0,      25P    221
-.321D0,-1.175D0,4.88900000000009D0,-.321D0,-1.175D0,                 25P    222
4.95300000000009D0,-.379D0,-1.175D0,4.88900000000009D0,-.379D0,       25P    223
-1.175D0,4.95300000000009D0,-.379D0,-1.233D0,4.88900000000009D0,      25P    224
-.379D0,-1.233D0,4.95300000000009D0,-203.679220908092D0,              25P    225
-202.57577263223D0,0.0D0,.364424747816416D0;                          25P    226
110,-.263D0,-1.233D0,4.95300000000009D0,-.263D0,-1.233D0,             27P    227
4.88900000000009D0;                                                   27P    228
100,0.0D0,0.0D0,0.0D0,-.058D0,-1.98954441935374D-16,.058D0,           29P    229
-1.42059028701093D-17;                                                29P    230
124,1.0D0,0.0D0,0.0D0,-.321D0,0.0D0,-1.0D0,0.0D0,-1.233D0,0.0D0,      31P    231
0.0D0,-1.0D0,4.95300000000009D0;                                      31P    232
110,-.379D0,-1.233D0,4.95300000000009D0,-.379D0,-1.233D0,             33P    233
4.88900000000009D0;                                                   33P    234
100,0.0D0,0.0D0,0.0D0,.058D0,0.0D0,-.058D0,7.10295143505465D-18;      35P    235
124,1.0D0,0.0D0,0.0D0,-.321D0,0.0D0,1.0D0,0.0D0,-1.233D0,0.0D0,       37P    236
0.0D0,1.0D0,4.88900000000009D0;                                       37P    237
508,4,0,9,5,0,0,0,9,6,0,0,0,9,7,1,0,0,9,8,0,0;                        39P    238
510,25,1,1,39;                                                        41P    239
128,1,8,1,2,0,1,0,0,0,-108.379768923572D0,-108.379768923572D0,        43P    240
-107.792612960269D0,-107.792612960269D0,0.0D0,0.0D0,0.0D0,            43P    241
.171216799620644D0,.171216799620644D0,.342433599241287D0,             43P    242
.342433599241287D0,.513650398861931D0,.513650398861931D0,             43P    243
.684867198482575D0,.684867198482575D0,.684867198482575D0,1.0D0,       43P    244
1.0D0,.707106781186548D0,.707106781186548D0,1.0D0,1.0D0,              43P    245
.707106781186548D0,.707106781186548D0,1.0D0,1.0D0,                    43P    246
.707106781186548D0,.707106781186548D0,1.0D0,1.0D0,                    43P    247
.707106781186548D0,.707106781186548D0,1.0D0,1.0D0,-.561D0,            43P    248
2.51699999999999D0,4.40700000000001D0,-.625D0,                        43P    249
2.51699999999999D0,4.40700000000001D0,-.561D0,                        43P    250
2.40799999999999D0,4.40700000000001D0,-.625D0,                        43P    251
2.40799999999999D0,4.40700000000001D0,-.561D0,                        43P    252
2.40799999999999D0,4.51600000000001D0,-.625D0,                        43P    253
2.40799999999999D0,4.51600000000001D0,-.561D0,                        43P    254
2.40799999999999D0,4.62500000000001D0,-.625D0,                        43P    255
2.40799999999999D0,4.62500000000001D0,-.561D0,                        43P    256
2.51699999999999D0,4.62500000000001D0,-.625D0,                        43P    257
2.51699999999999D0,4.62500000000001D0,-.561D0,                        43P    258
2.62599999999999D0,4.62500000000001D0,-.625D0,                        43P    259
2.62599999999999D0,4.62500000000001D0,-.561D0,                        43P    260
2.62599999999999D0,4.51600000000001D0,-.625D0,                        43P    261
2.62599999999999D0,4.51600000000001D0,-.561D0,                        43P    262
2.62599999999999D0,4.40700000000001D0,-.625D0,                        43P    263
2.62599999999999D0,4.40700000000001D0,-.561D0,                        43P    264
2.51699999999999D0,4.40700000000001D0,-.625D0,                        43P    265
2.51699999999999D0,4.40700000000001D0,-108.379768923572D0,            43P    266
-107.792612960269D0,0.0D0,.684867198482575D0;                         43P    267
110,-.625D0,2.51699999999999D0,4.62500000000001D0,-.561D0,            45P    268
2.51699999999999D0,4.62500000000001D0;                                45P    269
100,0.0D0,0.0D0,0.0D0,-.109D0,2.24001194829892D-15,.109D0,            47P    270
-2.73741783714619D-15;                                                47P    271
124,0.0D0,0.0D0,1.0D0,-.624999999999999D0,0.0D0,-1.0D0,0.0D0,         49P    272
2.51699999999999D0,1.0D0,0.0D0,0.0D0,4.51600000000001D0;              49P    273
110,-.625D0,2.51699999999999D0,4.40700000000001D0,-.561D0,            51P    274
2.51699999999999D0,4.40700000000001D0;                                51P    275
100,0.0D0,0.0D0,0.0D0,.109D0,2.22044604925031D-15,-.109D0,            53P    276
-2.21331464807751D-15;                                                53P    277
124,0.0D0,0.0D0,-1.0D0,-.561D0,0.0D0,1.0D0,0.0D0,                     55P    278
2.51699999999999D0,1.0D0,0.0D0,0.0D0,4.51600000000001D0;              55P    279
508,4,0,9,9,0,0,0,9,10,0,0,0,9,11,1,0,0,9,12,0,0;                     57P    280
510,43,1,1,57;                                                        59P    281
128,1,8,1,2,0,1,0,0,0,-108.379768923572D0,-108.379768923572D0,        61P    282
-107.792612960269D0,-107.792612960269D0,0.0D0,0.0D0,0.0D0,            61P    283
.171216799620644D0,.171216799620644D0,.342433599241287D0,             61P    284
.342433599241287D0,.513650398861931D0,.513650398861931D0,             61P    285
.684867198482575D0,.684867198482575D0,.684867198482575D0,1.0D0,       61P    286
1.0D0,.707106781186548D0,.707106781186548D0,1.0D0,1.0D0,              61P    287
.707106781186548D0,.707106781186548D0,1.0D0,1.0D0,                    61P    288
.707106781186548D0,.707106781186548D0,1.0D0,1.0D0,                    61P    289
.707106781186548D0,.707106781186548D0,1.0D0,1.0D0,-.561D0,            61P    290
1.89199999999999D0,4.40700000000002D0,-.625D0,                        61P    291
1.89199999999999D0,4.40700000000002D0,-.561D0,                        61P    292
1.78299999999999D0,4.40700000000002D0,-.625D0,                        61P    293
1.78299999999999D0,4.40700000000002D0,-.561D0,                        61P    294
1.78299999999999D0,4.51600000000002D0,-.625D0,                        61P    295
1.78299999999999D0,4.51600000000002D0,-.561D0,                        61P    296
1.78299999999999D0,4.62500000000002D0,-.625D0,                        61P    297
1.78299999999999D0,4.62500000000002D0,-.561D0,                        61P    298
1.89199999999999D0,4.62500000000002D0,-.625D0,                        61P    299
1.89199999999999D0,4.62500000000002D0,-.561D0,                        61P    300
2.00099999999999D0,4.62500000000002D0,-.625D0,                        61P    301
2.00099999999999D0,4.62500000000002D0,-.561D0,                        61P    302
2.00099999999999D0,4.51600000000002D0,-.625D0,                        61P    303
2.00099999999999D0,4.51600000000002D0,-.561D0,                        61P    304
2.00099999999999D0,4.40700000000002D0,-.625D0,                        61P    305
2.00099999999999D0,4.40700000000002D0,-.561D0,                        61P    306
1.89199999999999D0,4.40700000000002D0,-.625D0,                        61P    307
1.89199999999999D0,4.40700000000002D0,-108.379768923572D0,            61P    308
-107.792612960269D0,0.0D0,.684867198482575D0;                         61P    309
110,-.625D0,1.89199999999999D0,4.62500000000002D0,-.561D0,            63P    310
1.89199999999999D0,4.62500000000002D0;                                63P    311
100,0.0D0,0.0D0,0.0D0,-.109D0,2.43363484379355D-15,.109D0,            65P    312
-2.44698349390425D-15;                                                65P    313
124,0.0D0,0.0D0,1.0D0,-.624999999999999D0,0.0D0,-1.0D0,0.0D0,         67P    314
1.89199999999999D0,1.0D0,0.0D0,0.0D0,4.51600000000002D0;              67P    315
110,-.625D0,1.89199999999999D0,4.40700000000002D0,-.561D0,            69P    316
1.89199999999999D0,4.40700000000002D0;                                69P    317
100,0.0D0,0.0D0,0.0D0,.109D0,2.44249065417534D-15,-.109D0,            71P    318
-2.40693754357213D-15;                                                71P    319
124,0.0D0,0.0D0,-1.0D0,-.561D0,0.0D0,1.0D0,0.0D0,                     73P    320
1.89199999999999D0,1.0D0,0.0D0,0.0D0,4.51600000000002D0;              73P    321
508,4,0,9,13,0,0,0,9,14,0,0,0,9,15,1,0,0,9,16,0,0;                    75P    322
510,61,1,1,75;                                                        77P    323
128,1,8,1,2,0,1,0,0,0,-108.379768923572D0,-108.379768923572D0,        79P    324
-107.792612960269D0,-107.792612960269D0,0.0D0,0.0D0,0.0D0,            79P    325
.171216799620644D0,.171216799620644D0,.342433599241287D0,             79P    326
.342433599241287D0,.513650398861931D0,.513650398861931D0,             79P    327
.684867198482575D0,.684867198482575D0,.684867198482575D0,1.0D0,       79P    328
1.0D0,.707106781186548D0,.707106781186548D0,1.0D0,1.0D0,              79P    329
.707106781186548D0,.707106781186548D0,1.0D0,1.0D0,                    79P    330
.707106781186548D0,.707106781186548D0,1.0D0,1.0D0,                    79P    331
.707106781186548D0,.707106781186548D0,1.0D0,1.0D0,-.561D0,            79P    332
1.26699999999999D0,4.40700000000004D0,-.625D0,                        79P    333
1.26699999999999D0,4.40700000000004D0,-.561D0,                        79P    334
1.15799999999999D0,4.40700000000004D0,-.625D0,                        79P    335
1.15799999999999D0,4.40700000000004D0,-.561D0,                        79P    336
1.15799999999999D0,4.51600000000004D0,-.625D0,                        79P    337
1.15799999999999D0,4.51600000000004D0,-.561D0,                        79P    338
1.15799999999999D0,4.62500000000004D0,-.625D0,                        79P    339
1.15799999999999D0,4.62500000000004D0,-.561D0,                        79P    340
1.26699999999999D0,4.62500000000004D0,-.625D0,                        79P    341
1.26699999999999D0,4.62500000000004D0,-.561D0,                        79P    342
1.37599999999999D0,4.62500000000003D0,-.625D0,                        79P    343
1.37599999999999D0,4.62500000000003D0,-.561D0,                        79P    344
1.37599999999999D0,4.51600000000003D0,-.625D0,                        79P    345
1.37599999999999D0,4.51600000000003D0,-.561D0,                        79P    346
1.37599999999999D0,4.40700000000003D0,-.625D0,                        79P    347
1.37599999999999D0,4.40700000000003D0,-.561D0,                        79P    348
1.26699999999999D0,4.40700000000004D0,-.625D0,                        79P    349
1.26699999999999D0,4.40700000000004D0,-108.379768923572D0,            79P    350
-107.792612960269D0,0.0D0,.684867198482575D0;                         79P    351
110,-.625D0,1.26699999999999D0,4.62500000000003D0,-.561D0,            81P    352
1.26699999999999D0,4.62500000000004D0;                                81P    353
100,0.0D0,0.0D0,0.0D0,-.109D0,2.43363484379355D-15,.109D0,            83P    354
-2.44698349390425D-15;                                                83P    355
124,0.0D0,0.0D0,1.0D0,-.624999999999999D0,0.0D0,-1.0D0,0.0D0,         85P    356
1.26699999999999D0,1.0D0,0.0D0,0.0D0,4.51600000000004D0;              85P    357
110,-.625D0,1.26699999999999D0,4.40700000000004D0,-.561D0,            87P    358
1.26699999999999D0,4.40700000000004D0;                                87P    359
100,0.0D0,0.0D0,0.0D0,.109D0,2.44249065417532D-15,-.109D0,            89P    360
-2.40693754357213D-15;                                                89P    361
124,0.0D0,0.0D0,-1.0D0,-.561D0,0.0D0,1.0D0,0.0D0,                     91P    362
1.26699999999999D0,1.0D0,0.0D0,0.0D0,4.51600000000004D0;              91P    363
508,4,0,9,17,0,0,0,9,18,0,0,0,9,19,1,0,0,9,20,0,0;                    93P    364
510,79,1,1,93;                                                        95P    365
128,1,8,1,2,0,1,0,0,0,-108.379768923572D0,-108.379768923572D0,        97P    366
-107.792612960269D0,-107.792612960269D0,0.0D0,0.0D0,0.0D0,            97P    367
.171216799620644D0,.171216799620644D0,.342433599241287D0,             97P    368
.342433599241287D0,.513650398861931D0,.513650398861931D0,             97P    369
.684867198482575D0,.684867198482575D0,.684867198482575D0,1.0D0,       97P    370
1.0D0,.707106781186548D0,.707106781186548D0,1.0D0,1.0D0,              97P    371
.707106781186548D0,.707106781186548D0,1.0D0,1.0D0,                    97P    372
.707106781186548D0,.707106781186548D0,1.0D0,1.0D0,                    97P    373
.707106781186548D0,.707106781186548D0,1.0D0,1.0D0,-.561D0,            97P    374
.641999999999987D0,4.40700000000005D0,-.625D0,                        97P    375
.641999999999987D0,4.40700000000005D0,-.561D0,                        97P    376
.532999999999987D0,4.40700000000005D0,-.625D0,                        97P    377
.532999999999987D0,4.40700000000005D0,-.561D0,                        97P    378
.532999999999989D0,4.51600000000005D0,-.625D0,                        97P    379
.532999999999989D0,4.51600000000005D0,-.561D0,                        97P    380
.532999999999992D0,4.62500000000005D0,-.625D0,                        97P    381
.532999999999992D0,4.62500000000005D0,-.561D0,                        97P    382
.641999999999992D0,4.62500000000005D0,-.625D0,                        97P    383
.641999999999992D0,4.62500000000005D0,-.561D0,                        97P    384
.750999999999992D0,4.62500000000005D0,-.625D0,                        97P    385
.750999999999992D0,4.62500000000005D0,-.561D0,.75099999999999D0,      97P    386
4.51600000000005D0,-.625D0,.75099999999999D0,4.51600000000005D0,      97P    387
-.561D0,.750999999999987D0,4.40700000000005D0,-.625D0,                97P    388
.750999999999987D0,4.40700000000005D0,-.561D0,                        97P    389
.641999999999987D0,4.40700000000005D0,-.625D0,                        97P    390
.641999999999987D0,4.40700000000005D0,-108.379768923572D0,            97P    391
-107.792612960269D0,0.0D0,.684867198482575D0;                         97P    392
110,-.625D0,.641999999999992D0,4.62500000000005D0,-.561D0,            99P    393
.641999999999992D0,4.62500000000005D0;                                99P    394
100,0.0D0,0.0D0,0.0D0,-.109D0,2.43363484379355D-15,.109D0,           101P    395
-2.44698349390425D-15;                                               101P    396
124,0.0D0,0.0D0,1.0D0,-.624999999999999D0,0.0D0,-1.0D0,0.0D0,        103P    397
.641999999999989D0,1.0D0,0.0D0,0.0D0,4.51600000000005D0;             103P    398
110,-.625D0,.641999999999987D0,4.40700000000005D0,-.561D0,           105P    399
.641999999999987D0,4.40700000000005D0;                               105P    400
100,0.0D0,0.0D0,0.0D0,.109D0,2.33146835171281D-15,-.109D0,           107P    401
-2.31012609582482D-15;                                               107P    402
124,0.0D0,0.0D0,-1.0D0,-.561D0,0.0D0,1.0D0,0.0D0,                    109P    403
.641999999999989D0,1.0D0,0.0D0,0.0D0,4.51600000000005D0;             109P    404
508,4,0,9,21,0,0,0,9,22,0,0,0,9,23,1,0,0,9,24,0,0;                   111P    405
510,97,1,1,111;                                                      113P    406
128,1,8,1,2,0,1,0,0,0,-108.379768923572D0,-108.379768923572D0,       115P    407
-107.792612960269D0,-107.792612960269D0,0.0D0,0.0D0,0.0D0,           115P    408
.171216799620644D0,.171216799620644D0,.342433599241287D0,            115P    409
.342433599241287D0,.513650398861931D0,.513650398861931D0,            115P    410
.684867198482575D0,.684867198482575D0,.684867198482575D0,1.0D0,      115P    411
1.0D0,.707106781186548D0,.707106781186548D0,1.0D0,1.0D0,             115P    412
.707106781186548D0,.707106781186548D0,1.0D0,1.0D0,                   115P    413
.707106781186548D0,.707106781186548D0,1.0D0,1.0D0,                   115P    414
.707106781186548D0,.707106781186548D0,1.0D0,1.0D0,-.561D0,           115P    415
1.69999999999869D-2,4.40700000000006D0,-.625D0,                      115P    416
1.69999999999869D-2,4.40700000000006D0,-.561D0,                      115P    417
-.092000000000013D0,4.40700000000006D0,-.625D0,                      115P    418
-.092000000000013D0,4.40700000000006D0,-.561D0,                      115P    419
-9.20000000000107D-2,4.51600000000006D0,-.625D0,                     115P    420
-9.20000000000107D-2,4.51600000000006D0,-.561D0,                     115P    421
-9.20000000000082D-2,4.62500000000006D0,-.625D0,                     115P    422
-9.20000000000082D-2,4.62500000000006D0,-.561D0,                     115P    423
1.69999999999917D-2,4.62500000000006D0,-.625D0,                      115P    424
1.69999999999917D-2,4.62500000000006D0,-.561D0,                      115P    425
.125999999999992D0,4.62500000000006D0,-.625D0,                       115P    426
.125999999999992D0,4.62500000000006D0,-.561D0,                       115P    427
.125999999999989D0,4.51600000000006D0,-.625D0,                       115P    428
.125999999999989D0,4.51600000000006D0,-.561D0,                       115P    429
.125999999999987D0,4.40700000000006D0,-.625D0,                       115P    430
.125999999999987D0,4.40700000000006D0,-.561D0,                       115P    431
1.69999999999869D-2,4.40700000000006D0,-.625D0,                      115P    432
1.69999999999869D-2,4.40700000000006D0,-108.379768923572D0,          115P    433
-107.792612960269D0,0.0D0,.684867198482575D0;                        115P    434
110,-.625D0,1.69999999999917D-2,4.62500000000006D0,-.561D0,          117P    435
1.69999999999917D-2,4.62500000000006D0;                              117P    436
100,0.0D0,0.0D0,0.0D0,-.109D0,2.38522911991989D-15,.109D0,           119P    437
-2.44698349390425D-15;                                               119P    438
124,0.0D0,0.0D0,1.0D0,-.624999999999999D0,0.0D0,-1.0D0,0.0D0,        121P    439
1.69999999999893D-2,1.0D0,0.0D0,0.0D0,4.51600000000006D0;            121P    440
110,-.625D0,1.69999999999869D-2,4.40700000000006D0,-.561D0,          123P    441
1.69999999999869D-2,4.40700000000006D0;                              123P    442
100,0.0D0,0.0D0,0.0D0,.109D0,2.37657116208823D-15,-.109D0,           125P    443
-2.35853181969848D-15;                                               125P    444
124,0.0D0,0.0D0,-1.0D0,-.561D0,0.0D0,1.0D0,0.0D0,                    127P    445
1.69999999999893D-2,1.0D0,0.0D0,0.0D0,4.51600000000006D0;            127P    446
508,4,0,9,25,0,0,0,9,26,0,0,0,9,27,1,0,0,9,28,0,0;                   129P    447
510,115,1,1,129;                                                     131P    448
128,1,8,1,2,0,1,0,0,0,-108.379768923572D0,-108.379768923572D0,       133P    449
-107.792612960269D0,-107.792612960269D0,0.0D0,0.0D0,0.0D0,           133P    450
.171216799620644D0,.171216799620644D0,.342433599241287D0,            133P    451
.342433599241287D0,.513650398861931D0,.513650398861931D0,            133P    452
.684867198482575D0,.684867198482575D0,.684867198482575D0,1.0D0,      133P    453
1.0D0,.707106781186548D0,.707106781186548D0,1.0D0,1.0D0,             133P    454
.707106781186548D0,.707106781186548D0,1.0D0,1.0D0,                   133P    455
.707106781186548D0,.707106781186548D0,1.0D0,1.0D0,                   133P    456
.707106781186548D0,.707106781186548D0,1.0D0,1.0D0,-.561D0,           133P    457
-.608000000000013D0,4.40700000000008D0,-.625D0,                      133P    458
-.608000000000013D0,4.40700000000008D0,-.561D0,                      133P    459
-.717000000000013D0,4.40700000000008D0,-.625D0,                      133P    460
-.717000000000013D0,4.40700000000008D0,-.561D0,                      133P    461
-.717000000000011D0,4.51600000000008D0,-.625D0,                      133P    462
-.717000000000011D0,4.51600000000008D0,-.561D0,                      133P    463
-.717000000000008D0,4.62500000000008D0,-.625D0,                      133P    464
-.717000000000008D0,4.62500000000008D0,-.561D0,                      133P    465
-.608000000000008D0,4.62500000000008D0,-.625D0,                      133P    466
-.608000000000008D0,4.62500000000008D0,-.561D0,                      133P    467
-.499000000000008D0,4.62500000000007D0,-.625D0,                      133P    468
-.499000000000008D0,4.62500000000007D0,-.561D0,                      133P    469
-.499000000000011D0,4.51600000000007D0,-.625D0,                      133P    470
-.499000000000011D0,4.51600000000007D0,-.561D0,                      133P    471
-.499000000000013D0,4.40700000000007D0,-.625D0,                      133P    472
-.499000000000013D0,4.40700000000007D0,-.561D0,                      133P    473
-.608000000000013D0,4.40700000000008D0,-.625D0,                      133P    474
-.608000000000013D0,4.40700000000008D0,-108.379768923572D0,          133P    475
-107.792612960269D0,0.0D0,.684867198482575D0;                        133P    476
110,-.625D0,-.608000000000009D0,4.62500000000008D0,-.561D0,          135P    477
-.608000000000009D0,4.62500000000008D0;                              135P    478
100,0.0D0,0.0D0,0.0D0,-.109D0,2.43363484379355D-15,.109D0,           137P    479
-2.35017204615694D-15;                                               137P    480
124,0.0D0,0.0D0,1.0D0,-.624999999999999D0,0.0D0,-1.0D0,0.0D0,        139P    481
-.608000000000011D0,1.0D0,0.0D0,0.0D0,4.51600000000008D0;            139P    482
110,-.625D0,-.608000000000013D0,4.40700000000008D0,-.561D0,          141P    483
-.608000000000013D0,4.40700000000008D0;                              141P    484
100,0.0D0,0.0D0,0.0D0,.109D0,2.33146835171283D-15,-.109D0,           143P    485
-2.31012609582482D-15;                                               143P    486
124,0.0D0,0.0D0,-1.0D0,-.561D0,0.0D0,1.0D0,0.0D0,                    145P    487
-.608000000000011D0,1.0D0,0.0D0,0.0D0,4.51600000000008D0;            145P    488
508,4,0,9,29,0,0,0,9,30,0,0,0,9,31,1,0,0,9,32,0,0;                   147P    489
510,133,1,1,147;                                                     149P    490
128,1,8,1,2,0,1,0,0,0,-108.379768923572D0,-108.379768923572D0,       151P    491
-107.792612960269D0,-107.792612960269D0,0.0D0,0.0D0,0.0D0,           151P    492
.171216799620644D0,.171216799620644D0,.342433599241287D0,            151P    493
.342433599241287D0,.513650398861931D0,.513650398861931D0,            151P    494
.684867198482575D0,.684867198482575D0,.684867198482575D0,1.0D0,      151P    495
1.0D0,.707106781186548D0,.707106781186548D0,1.0D0,1.0D0,             151P    496
.707106781186548D0,.707106781186548D0,1.0D0,1.0D0,                   151P    497
.707106781186548D0,.707106781186548D0,1.0D0,1.0D0,                   151P    498
.707106781186548D0,.707106781186548D0,1.0D0,1.0D0,-.561D0,           151P    499
-1.23300000000001D0,4.40700000000009D0,-.625D0,                      151P    500
-1.23300000000001D0,4.40700000000009D0,-.561D0,                      151P    501
-1.34200000000001D0,4.40700000000009D0,-.625D0,                      151P    502
-1.34200000000001D0,4.40700000000009D0,-.561D0,                      151P    503
-1.34200000000001D0,4.51600000000009D0,-.625D0,                      151P    504
-1.34200000000001D0,4.51600000000009D0,-.561D0,                      151P    505
-1.34200000000001D0,4.62500000000009D0,-.625D0,                      151P    506
-1.34200000000001D0,4.62500000000009D0,-.561D0,                      151P    507
-1.23300000000001D0,4.62500000000009D0,-.625D0,                      151P    508
-1.23300000000001D0,4.62500000000009D0,-.561D0,                      151P    509
-1.12400000000001D0,4.62500000000009D0,-.625D0,                      151P    510
-1.12400000000001D0,4.62500000000009D0,-.561D0,                      151P    511
-1.12400000000001D0,4.51600000000009D0,-.625D0,                      151P    512
-1.12400000000001D0,4.51600000000009D0,-.561D0,                      151P    513
-1.12400000000001D0,4.40700000000009D0,-.625D0,                      151P    514
-1.12400000000001D0,4.40700000000009D0,-.561D0,                      151P    515
-1.23300000000001D0,4.40700000000009D0,-.625D0,                      151P    516
-1.23300000000001D0,4.40700000000009D0,-108.379768923572D0,          151P    517
-107.792612960269D0,0.0D0,.684867198482575D0;                        151P    518
110,-.625D0,-1.23300000000001D0,4.62500000000009D0,-.561D0,          153P    519
-1.23300000000001D0,4.62500000000009D0;                              153P    520
100,0.0D0,0.0D0,0.0D0,-.109D0,2.43363484379355D-15,.109D0,           155P    521
-2.44698349390425D-15;                                               155P    522
124,0.0D0,0.0D0,1.0D0,-.624999999999999D0,0.0D0,-1.0D0,0.0D0,        157P    523
-1.23300000000001D0,1.0D0,0.0D0,0.0D0,4.51600000000009D0;            157P    524
110,-.625D0,-1.23300000000001D0,4.40700000000009D0,-.561D0,          159P    525
-1.23300000000001D0,4.40700000000009D0;                              159P    526
100,0.0D0,0.0D0,0.0D0,.109D0,2.44249065417534D-15,-.109D0,           161P    527
-2.40693754357213D-15;                                               161P    528
124,0.0D0,0.0D0,-1.0D0,-.561D0,0.0D0,1.0D0,0.0D0,                    163P    529
-1.23300000000001D0,1.0D0,0.0D0,0.0D0,4.51600000000009D0;            163P    530
508,4,0,9,33,0,0,0,9,34,0,0,0,9,35,1,0,0,9,36,0,0;                   165P    531
510,151,1,1,165;                                                     167P    532
128,1,8,1,2,0,1,0,0,0,-108.379768923572D0,-108.379768923572D0,       169P    533
-107.792612960269D0,-107.792612960269D0,0.0D0,0.0D0,0.0D0,           169P    534
.171216799620644D0,.171216799620644D0,.342433599241287D0,            169P    535
.342433599241287D0,.513650398861931D0,.513650398861931D0,            169P    536
.684867198482575D0,.684867198482575D0,.684867198482575D0,1.0D0,      169P    537
1.0D0,.707106781186548D0,.707106781186548D0,1.0D0,1.0D0,             169P    538
.707106781186548D0,.707106781186548D0,1.0D0,1.0D0,                   169P    539
.707106781186548D0,.707106781186548D0,1.0D0,1.0D0,                   169P    540
.707106781186548D0,.707106781186548D0,1.0D0,1.0D0,-.561D0,           169P    541
-1.85800000000001D0,4.4070000000001D0,-.625D0,                       169P    542
-1.85800000000001D0,4.4070000000001D0,-.561D0,                       169P    543
-1.96700000000001D0,4.40700000000011D0,-.625D0,                      169P    544
-1.96700000000001D0,4.40700000000011D0,-.561D0,                      169P    545
-1.96700000000001D0,4.51600000000011D0,-.625D0,                      169P    546
-1.96700000000001D0,4.51600000000011D0,-.561D0,                      169P    547
-1.96700000000001D0,4.62500000000011D0,-.625D0,                      169P    548
-1.96700000000001D0,4.62500000000011D0,-.561D0,                      169P    549
-1.85800000000001D0,4.6250000000001D0,-.625D0,                       169P    550
-1.85800000000001D0,4.6250000000001D0,-.561D0,                       169P    551
-1.74900000000001D0,4.6250000000001D0,-.625D0,                       169P    552
-1.74900000000001D0,4.6250000000001D0,-.561D0,                       169P    553
-1.74900000000001D0,4.5160000000001D0,-.625D0,                       169P    554
-1.74900000000001D0,4.5160000000001D0,-.561D0,                       169P    555
-1.74900000000001D0,4.4070000000001D0,-.625D0,                       169P    556
-1.74900000000001D0,4.4070000000001D0,-.561D0,                       169P    557
-1.85800000000001D0,4.4070000000001D0,-.625D0,                       169P    558
-1.85800000000001D0,4.4070000000001D0,-108.379768923572D0,           169P    559
-107.792612960269D0,0.0D0,.684867198482575D0;                        169P    560
110,-.625D0,-1.85800000000001D0,4.6250000000001D0,-.561D0,           171P    561
-1.85800000000001D0,4.6250000000001D0;                               171P    562
100,0.0D0,0.0D0,0.0D0,-.109D0,2.43363484379355D-15,.109D0,           173P    563
-2.44698349390425D-15;                                               173P    564
124,0.0D0,0.0D0,1.0D0,-.624999999999999D0,0.0D0,-1.0D0,0.0D0,        175P    565
-1.85800000000001D0,1.0D0,0.0D0,0.0D0,4.5160000000001D0;             175P    566
110,-.625D0,-1.85800000000001D0,4.4070000000001D0,-.561D0,           177P    567
-1.85800000000001D0,4.4070000000001D0;                               177P    568
100,0.0D0,0.0D0,0.0D0,.109D0,2.44249065417534D-15,-.109D0,           179P    569
-2.40693754357213D-15;                                               179P    570
124,0.0D0,0.0D0,-1.0D0,-.561D0,0.0D0,1.0D0,0.0D0,                    181P    571
-1.85800000000001D0,1.0D0,0.0D0,0.0D0,4.5160000000001D0;             181P    572
508,4,0,9,37,0,0,0,9,38,0,0,0,9,39,1,0,0,9,40,0,0;                   183P    573
510,169,1,1,183;                                                     185P    574
128,1,8,1,2,0,1,0,0,0,-108.379768923572D0,-108.379768923572D0,       187P    575
-107.792612960269D0,-107.792612960269D0,0.0D0,0.0D0,0.0D0,           187P    576
.171216799620644D0,.171216799620644D0,.342433599241287D0,            187P    577
.342433599241287D0,.513650398861931D0,.513650398861931D0,            187P    578
.684867198482575D0,.684867198482575D0,.684867198482575D0,1.0D0,      187P    579
1.0D0,.707106781186548D0,.707106781186548D0,1.0D0,1.0D0,             187P    580
.707106781186548D0,.707106781186548D0,1.0D0,1.0D0,                   187P    581
.707106781186548D0,.707106781186548D0,1.0D0,1.0D0,                   187P    582
.707106781186548D0,.707106781186548D0,1.0D0,1.0D0,-.561D0,           187P    583
-2.48300000000001D0,4.40700000000012D0,-.625D0,                      187P    584
-2.48300000000001D0,4.40700000000012D0,-.561D0,                      187P    585
-2.59200000000001D0,4.40700000000012D0,-.625D0,                      187P    586
-2.59200000000001D0,4.40700000000012D0,-.561D0,                      187P    587
-2.59200000000001D0,4.51600000000012D0,-.625D0,                      187P    588
-2.59200000000001D0,4.51600000000012D0,-.561D0,                      187P    589
-2.59200000000001D0,4.62500000000012D0,-.625D0,                      187P    590
-2.59200000000001D0,4.62500000000012D0,-.561D0,                      187P    591
-2.48300000000001D0,4.62500000000012D0,-.625D0,                      187P    592
-2.48300000000001D0,4.62500000000012D0,-.561D0,                      187P    593
-2.37400000000001D0,4.62500000000012D0,-.625D0,                      187P    594
-2.37400000000001D0,4.62500000000012D0,-.561D0,                      187P    595
-2.37400000000001D0,4.51600000000012D0,-.625D0,                      187P    596
-2.37400000000001D0,4.51600000000012D0,-.561D0,                      187P    597
-2.37400000000001D0,4.40700000000012D0,-.625D0,                      187P    598
-2.37400000000001D0,4.40700000000012D0,-.561D0,                      187P    599
-2.48300000000001D0,4.40700000000012D0,-.625D0,                      187P    600
-2.48300000000001D0,4.40700000000012D0,-108.379768923572D0,          187P    601
-107.792612960269D0,0.0D0,.684867198482575D0;                        187P    602
110,-.625D0,-2.48300000000001D0,4.62500000000012D0,-.561D0,          189P    603
-2.48300000000001D0,4.62500000000012D0;                              189P    604
100,0.0D0,0.0D0,0.0D0,-.109D0,2.24001194829892D-15,.109D0,           191P    605
-2.25336059840963D-15;                                               191P    606
124,0.0D0,0.0D0,1.0D0,-.624999999999999D0,0.0D0,-1.0D0,0.0D0,        193P    607
-2.48300000000001D0,1.0D0,0.0D0,0.0D0,4.51600000000012D0;            193P    608
110,-.625D0,-2.48300000000001D0,4.40700000000012D0,-.561D0,          195P    609
-2.48300000000001D0,4.40700000000012D0;                              195P    610
100,0.0D0,0.0D0,0.0D0,.109D0,2.22044604925031D-15,-.109D0,           197P    611
-2.64896616294042D-15;                                               197P    612
124,0.0D0,0.0D0,-1.0D0,-.561D0,0.0D0,1.0D0,0.0D0,                    199P    613
-2.48300000000001D0,1.0D0,0.0D0,0.0D0,4.51600000000012D0;            199P    614
508,4,0,9,41,0,0,0,9,42,0,0,0,9,43,1,0,0,9,44,0,0;                   201P    615
510,187,1,1,201;                                                     203P    616
120,209,207,0.0D0,6.28318530717959D0;                                205P    617
110,-.263000000000001D0,1.26699999999974D0,-4.95620000000003D0,      207P    618
-.263000000000001D0,1.26699999999974D0,-4.88580000000003D0;          207P    619
110,-.321000000000001D0,1.26699999999974D0,-4.95620000000003D0,      209P    620
-.321000000000001D0,1.26699999999974D0,-3.95620000000003D0;          209P    621
110,-.263D0,1.267D0,-4.95300000000004D0,-.263D0,1.267D0,             211P    622
-4.88900000000004D0;                                                 211P    623
100,0.0D0,0.0D0,0.0D0,-.058D0,7.10295143505465D-18,.058D0,           213P    624
-1.42059028701093D-17;                                               213P    625
124,1.0D0,0.0D0,0.0D0,-.321D0,0.0D0,1.0D0,0.0D0,1.267D0,0.0D0,       215P    626
0.0D0,1.0D0,-4.95300000000003D0;                                     215P    627
110,-.379D0,1.267D0,-4.95300000000004D0,-.379D0,1.267D0,             217P    628
-4.88900000000003D0;                                                 217P    629
100,0.0D0,0.0D0,0.0D0,.058D0,2.22044604925031D-16,-.058D0,           219P    630
7.10295143505465D-18;                                                219P    631
124,1.0D0,0.0D0,0.0D0,-.321D0,0.0D0,-1.0D0,0.0D0,1.267D0,0.0D0,      221P    632
0.0D0,-1.0D0,-4.88900000000003D0;                                    221P    633
508,4,0,9,45,0,0,0,9,46,0,0,0,9,47,1,0,0,9,48,0,0;                   223P    634
510,205,1,1,223;                                                     225P    635
120,231,229,0.0D0,6.28318530717959D0;                                227P    636
110,-.263000000000001D0,-1.23300000000026D0,-4.95620000000009D0,     229P    637
-.263000000000001D0,-1.23300000000026D0,-4.88580000000009D0;         229P    638
110,-.321000000000001D0,-1.23300000000026D0,-4.95620000000009D0,     231P    639
-.321000000000001D0,-1.23300000000026D0,-3.95620000000009D0;         231P    640
110,-.263D0,-1.233D0,-4.95300000000009D0,-.263D0,-1.233D0,           233P    641
-4.88900000000009D0;                                                 233P    642
100,0.0D0,0.0D0,0.0D0,-.058D0,2.13160344805484D-16,.058D0,           235P    643
-1.42059028701093D-17;                                               235P    644
124,1.0D0,0.0D0,0.0D0,-.321D0,0.0D0,1.0D0,0.0D0,-1.233D0,0.0D0,      237P    645
0.0D0,1.0D0,-4.95300000000009D0;                                     237P    646
110,-.379D0,-1.233D0,-4.95300000000009D0,-.379D0,-1.233D0,           239P    647
-4.88900000000009D0;                                                 239P    648
100,0.0D0,0.0D0,0.0D0,.058D0,0.0D0,-.058D0,7.10295143505465D-18;     241P    649
124,1.0D0,0.0D0,0.0D0,-.321D0,0.0D0,-1.0D0,0.0D0,-1.233D0,0.0D0,     243P    650
0.0D0,-1.0D0,-4.88900000000009D0;                                    243P    651
508,4,0,9,49,0,0,0,9,50,0,0,0,9,51,1,0,0,9,52,0,0;                   245P    652
510,227,1,1,245;                                                     247P    653
120,253,251,0.0D0,6.28318530717959D0;                                249P    654
110,-.6282D0,-1.85800000000001D0,-4.62500000000011D0,-.5578D0,       251P    655
-1.85800000000001D0,-4.62500000000011D0;                             251P    656
110,-.6282D0,-1.85800000000001D0,-4.51600000000011D0,.3718D0,        253P    657
-1.85800000000001D0,-4.51600000000011D0;                             253P    658
110,-.625D0,-1.85800000000001D0,-4.6250000000001D0,-.561D0,          255P    659
-1.85800000000001D0,-4.6250000000001D0;                              255P    660
100,0.0D0,0.0D0,0.0D0,-.109D0,-2.40693754357213D-15,.109D0,          257P    661
2.39358889346143D-15;                                                257P    662
124,0.0D0,0.0D0,1.0D0,-.624999999999999D0,0.0D0,1.0D0,0.0D0,         259P    663
-1.85800000000001D0,-1.0D0,0.0D0,0.0D0,-4.5160000000001D0;           259P    664
110,-.625D0,-1.85800000000001D0,-4.4070000000001D0,-.561D0,          261P    665
-1.85800000000001D0,-4.4070000000001D0;                              261P    666
100,0.0D0,0.0D0,0.0D0,.109D0,-2.44698349390425D-15,-.109D0,          263P    667
2.36352069626765D-15;                                                263P    668
124,0.0D0,0.0D0,-1.0D0,-.561D0,0.0D0,-1.0D0,0.0D0,                   265P    669
-1.85800000000001D0,-1.0D0,0.0D0,0.0D0,-4.5160000000001D0;           265P    670
508,4,0,9,53,0,0,0,9,54,0,0,0,9,55,1,0,0,9,56,0,0;                   267P    671
510,249,1,1,267;                                                     269P    672
120,275,273,0.0D0,6.28318530717959D0;                                271P    673
110,-.6282D0,-1.23300000000001D0,-4.62500000000009D0,-.5578D0,       273P    674
-1.23300000000001D0,-4.62500000000009D0;                             273P    675
110,-.6282D0,-1.23300000000001D0,-4.51600000000009D0,.3718D0,        275P    676
-1.23300000000001D0,-4.51600000000009D0;                             275P    677
110,-.625D0,-1.23300000000001D0,-4.62500000000009D0,-.561D0,         277P    678
-1.23300000000001D0,-4.62500000000009D0;                             277P    679
100,0.0D0,0.0D0,0.0D0,-.109D0,-2.40693754357213D-15,.109D0,          279P    680
2.39358889346143D-15;                                                279P    681
124,0.0D0,0.0D0,1.0D0,-.624999999999999D0,0.0D0,1.0D0,0.0D0,         281P    682
-1.23300000000001D0,-1.0D0,0.0D0,0.0D0,-4.51600000000009D0;          281P    683
110,-.625D0,-1.23300000000001D0,-4.40700000000009D0,-.561D0,         283P    684
-1.23300000000001D0,-4.40700000000009D0;                             283P    685
100,0.0D0,0.0D0,0.0D0,.109D0,-2.44698349390425D-15,-.109D0,          285P    686
2.36352069626765D-15;                                                285P    687
124,0.0D0,0.0D0,-1.0D0,-.561D0,0.0D0,-1.0D0,0.0D0,                   287P    688
-1.23300000000001D0,-1.0D0,0.0D0,0.0D0,-4.51600000000009D0;          287P    689
508,4,0,9,57,0,0,0,9,58,0,0,0,9,59,1,0,0,9,60,0,0;                   289P    690
510,271,1,1,289;                                                     291P    691
120,297,295,0.0D0,6.28318530717959D0;                                293P    692
110,-.6282D0,-.608000000000011D0,-4.62500000000008D0,-.5578D0,       295P    693
-.608000000000011D0,-4.62500000000008D0;                             295P    694
110,-.6282D0,-.608000000000011D0,-4.51600000000008D0,.3718D0,        297P    695
-.608000000000011D0,-4.51600000000008D0;                             297P    696
110,-.625D0,-.608000000000009D0,-4.62500000000008D0,-.561D0,         299P    697
-.608000000000009D0,-4.62500000000008D0;                             299P    698
100,0.0D0,0.0D0,0.0D0,-.109D0,-2.40693754357213D-15,.109D0,          301P    699
2.29677744571412D-15;                                                301P    700
124,0.0D0,0.0D0,1.0D0,-.624999999999999D0,0.0D0,1.0D0,0.0D0,         303P    701
-.608000000000011D0,-1.0D0,0.0D0,0.0D0,-4.51600000000008D0;          303P    702
110,-.625D0,-.608000000000013D0,-4.40700000000008D0,-.561D0,         305P    703
-.608000000000013D0,-4.40700000000008D0;                             305P    704
100,0.0D0,0.0D0,0.0D0,.109D0,-2.35017204615694D-15,-.109D0,          307P    705
2.36352069626765D-15;                                                307P    706
124,0.0D0,0.0D0,-1.0D0,-.561D0,0.0D0,-1.0D0,0.0D0,                   309P    707
-.608000000000011D0,-1.0D0,0.0D0,0.0D0,-4.51600000000008D0;          309P    708
508,4,0,9,61,0,0,0,9,62,0,0,0,9,63,1,0,0,9,64,0,0;                   311P    709
510,293,1,1,311;                                                     313P    710
120,319,317,0.0D0,6.28318530717959D0;                                315P    711
110,-.6282D0,1.69999999999893D-2,-4.62500000000006D0,-.5578D0,       317P    712
1.69999999999893D-2,-4.62500000000006D0;                             317P    713
110,-.6282D0,1.69999999999893D-2,-4.51600000000006D0,.3718D0,        319P    714
1.69999999999893D-2,-4.51600000000006D0;                             319P    715
110,-.625D0,1.69999999999917D-2,-4.62500000000006D0,-.561D0,         321P    716
1.69999999999917D-2,-4.62500000000006D0;                             321P    717
100,0.0D0,0.0D0,0.0D0,-.109D0,-2.35853181969848D-15,.109D0,          323P    718
2.39358889346143D-15;                                                323P    719
124,0.0D0,0.0D0,1.0D0,-.624999999999999D0,0.0D0,1.0D0,0.0D0,         325P    720
1.69999999999893D-2,-1.0D0,0.0D0,0.0D0,-4.51600000000006D0;          325P    721
110,-.625D0,1.69999999999869D-2,-4.40700000000006D0,-.561D0,         327P    722
1.69999999999869D-2,-4.40700000000006D0;                             327P    723
100,0.0D0,0.0D0,0.0D0,.109D0,-2.44698349390425D-15,-.109D0,          329P    724
2.36352069626765D-15;                                                329P    725
124,0.0D0,0.0D0,-1.0D0,-.561D0,0.0D0,-1.0D0,0.0D0,                   331P    726
1.69999999999893D-2,-1.0D0,0.0D0,0.0D0,-4.51600000000006D0;          331P    727
508,4,0,9,65,0,0,0,9,66,0,0,0,9,67,1,0,0,9,68,0,0;                   333P    728
510,315,1,1,333;                                                     335P    729
120,341,339,0.0D0,6.28318530717959D0;                                337P    730
110,-.6282D0,.641999999999989D0,-4.62500000000005D0,-.5578D0,        339P    731
.641999999999989D0,-4.62500000000005D0;                              339P    732
110,-.6282D0,.641999999999989D0,-4.51600000000005D0,.3718D0,         341P    733
.641999999999989D0,-4.51600000000005D0;                              341P    734
110,-.625D0,.641999999999992D0,-4.62500000000005D0,-.561D0,          343P    735
.641999999999992D0,-4.62500000000005D0;                              343P    736
100,0.0D0,0.0D0,0.0D0,-.109D0,-2.40693754357213D-15,.109D0,          345P    737
2.39358889346143D-15;                                                345P    738
124,0.0D0,0.0D0,1.0D0,-.624999999999999D0,0.0D0,1.0D0,0.0D0,         347P    739
.641999999999989D0,-1.0D0,0.0D0,0.0D0,-4.51600000000005D0;           347P    740
110,-.625D0,.641999999999987D0,-4.40700000000005D0,-.561D0,          349P    741
.641999999999987D0,-4.40700000000005D0;                              349P    742
100,0.0D0,0.0D0,0.0D0,.109D0,-2.35017204615694D-15,-.109D0,          351P    743
2.36352069626765D-15;                                                351P    744
124,0.0D0,0.0D0,-1.0D0,-.561D0,0.0D0,-1.0D0,0.0D0,                   353P    745
.641999999999989D0,-1.0D0,0.0D0,0.0D0,-4.51600000000005D0;           353P    746
508,4,0,9,69,0,0,0,9,70,0,0,0,9,71,1,0,0,9,72,0,0;                   355P    747
510,337,1,1,355;                                                     357P    748
120,363,361,0.0D0,6.28318530717959D0;                                359P    749
110,-.6282D0,1.26699999999999D0,-4.62500000000004D0,-.5578D0,        361P    750
1.26699999999999D0,-4.62500000000004D0;                              361P    751
110,-.6282D0,1.26699999999999D0,-4.51600000000004D0,.3718D0,         363P    752
1.26699999999999D0,-4.51600000000004D0;                              363P    753
110,-.625D0,1.26699999999999D0,-4.62500000000003D0,-.561D0,          365P    754
1.26699999999999D0,-4.62500000000004D0;                              365P    755
100,0.0D0,0.0D0,0.0D0,-.109D0,-2.40693754357213D-15,.109D0,          367P    756
2.39358889346143D-15;                                                367P    757
124,0.0D0,0.0D0,1.0D0,-.624999999999999D0,0.0D0,1.0D0,0.0D0,         369P    758
1.26699999999999D0,-1.0D0,0.0D0,0.0D0,-4.51600000000004D0;           369P    759
110,-.625D0,1.26699999999999D0,-4.40700000000004D0,-.561D0,          371P    760
1.26699999999999D0,-4.40700000000004D0;                              371P    761
100,0.0D0,0.0D0,0.0D0,.109D0,-2.44698349390425D-15,-.109D0,          373P    762
2.36352069626765D-15;                                                373P    763
124,0.0D0,0.0D0,-1.0D0,-.561D0,0.0D0,-1.0D0,0.0D0,                   375P    764
1.26699999999999D0,-1.0D0,0.0D0,0.0D0,-4.51600000000004D0;           375P    765
508,4,0,9,73,0,0,0,9,74,0,0,0,9,75,1,0,0,9,76,0,0;                   377P    766
510,359,1,1,377;                                                     379P    767
120,385,383,0.0D0,6.28318530717959D0;                                381P    768
110,-.6282D0,1.89199999999999D0,-4.62500000000002D0,-.5578D0,        383P    769
1.89199999999999D0,-4.62500000000002D0;                              383P    770
110,-.6282D0,1.89199999999999D0,-4.51600000000002D0,.3718D0,         385P    771
1.89199999999999D0,-4.51600000000002D0;                              385P    772
110,-.625D0,1.89199999999999D0,-4.62500000000002D0,-.561D0,          387P    773
1.89199999999999D0,-4.62500000000002D0;                              387P    774
100,0.0D0,0.0D0,0.0D0,-.109D0,-2.40693754357213D-15,.109D0,          389P    775
2.39358889346143D-15;                                                389P    776
124,0.0D0,0.0D0,1.0D0,-.624999999999999D0,0.0D0,1.0D0,0.0D0,         391P    777
1.89199999999999D0,-1.0D0,0.0D0,0.0D0,-4.51600000000002D0;           391P    778
110,-.625D0,1.89199999999999D0,-4.40700000000002D0,-.561D0,          393P    779
1.89199999999999D0,-4.40700000000002D0;                              393P    780
100,0.0D0,0.0D0,0.0D0,.109D0,-2.44698349390425D-15,-.109D0,          395P    781
2.36352069626765D-15;                                                395P    782
124,0.0D0,0.0D0,-1.0D0,-.561D0,0.0D0,-1.0D0,0.0D0,                   397P    783
1.89199999999999D0,-1.0D0,0.0D0,0.0D0,-4.51600000000002D0;           397P    784
508,4,0,9,77,0,0,0,9,78,0,0,0,9,79,1,0,0,9,80,0,0;                   399P    785
510,381,1,1,399;                                                     401P    786
120,407,405,0.0D0,6.28318530717959D0;                                403P    787
110,-.6282D0,2.51699999999999D0,-4.62500000000001D0,-.5578D0,        405P    788
2.51699999999999D0,-4.62500000000001D0;                              405P    789
110,-.6282D0,2.51699999999999D0,-4.51600000000001D0,.3718D0,         407P    790
2.51699999999999D0,-4.51600000000001D0;                              407P    791
110,-.625D0,2.51699999999999D0,-4.62500000000001D0,-.561D0,          409P    792
2.51699999999999D0,-4.62500000000001D0;                              409P    793
100,0.0D0,0.0D0,0.0D0,-.109D0,-2.21331464807751D-15,.109D0,          411P    794
2.68402323670337D-15;                                                411P    795
124,0.0D0,0.0D0,1.0D0,-.624999999999999D0,0.0D0,1.0D0,0.0D0,         413P    796
2.51699999999999D0,-1.0D0,0.0D0,0.0D0,-4.51600000000001D0;           413P    797
110,-.625D0,2.51699999999999D0,-4.40700000000001D0,-.561D0,          415P    798
2.51699999999999D0,-4.40700000000001D0;                              415P    799
100,0.0D0,0.0D0,0.0D0,.109D0,-2.25336059840963D-15,-.109D0,          417P    800
2.36352069626765D-15;                                                417P    801
124,0.0D0,0.0D0,-1.0D0,-.561D0,0.0D0,-1.0D0,0.0D0,                   419P    802
2.51699999999999D0,-1.0D0,0.0D0,0.0D0,-4.51600000000001D0;           419P    803
508,4,0,9,81,0,0,0,9,82,0,0,0,9,83,1,0,0,9,84,0,0;                   421P    804
510,403,1,1,421;                                                     423P    805
120,429,427,0.0D0,6.28318530717959D0;                                425P    806
110,-.6282D0,-2.48300000000001D0,-4.62500000000012D0,-.5578D0,       427P    807
-2.48300000000001D0,-4.62500000000012D0;                             427P    808
110,-.6282D0,-2.48300000000001D0,-4.51600000000012D0,.3718D0,        429P    809
-2.48300000000001D0,-4.51600000000012D0;                             429P    810
110,-.625D0,-2.48300000000001D0,-4.62500000000012D0,-.561D0,         431P    811
-2.48300000000001D0,-4.62500000000012D0;                             431P    812
100,0.0D0,0.0D0,0.0D0,-.109D0,-2.21331464807751D-15,.109D0,          433P    813
2.1999659979668D-15;                                                 433P    814
124,0.0D0,0.0D0,1.0D0,-.624999999999999D0,0.0D0,1.0D0,0.0D0,         435P    815
-2.48300000000001D0,-1.0D0,0.0D0,0.0D0,-4.51600000000012D0;          435P    816
110,-.625D0,-2.48300000000001D0,-4.40700000000012D0,-.561D0,         437P    817
-2.48300000000001D0,-4.40700000000012D0;                             437P    818
100,0.0D0,0.0D0,0.0D0,.109D0,-2.25336059840963D-15,-.109D0,          439P    819
2.7507664872569D-15;                                                 439P    820
124,0.0D0,0.0D0,-1.0D0,-.561D0,0.0D0,-1.0D0,0.0D0,                   441P    821
-2.48300000000001D0,-1.0D0,0.0D0,0.0D0,-4.51600000000012D0;          441P    822
508,4,0,9,85,0,0,0,9,86,0,0,0,9,87,1,0,0,9,88,0,0;                   443P    823
510,425,1,1,443;                                                     445P    824
120,451,449,0.0D0,6.28318530717959D0;                                447P    825
110,-.6282D0,-2.48300000000001D0,-4.62500000000012D0,-.5578D0,       449P    826
-2.48300000000001D0,-4.62500000000012D0;                             449P    827
110,-.6282D0,-2.48300000000001D0,-4.51600000000012D0,.3718D0,        451P    828
-2.48300000000001D0,-4.51600000000012D0;                             451P    829
100,0.0D0,0.0D0,0.0D0,-.109D0,2.67566346316183D-15,.109D0,           453P    830
-2.25336059840963D-15;                                               453P    831
100,0.0D0,0.0D0,0.0D0,.109D0,2.22044604925033D-15,-.109D0,           455P    832
-2.21331464807751D-15;                                               455P    833
508,4,0,9,85,1,0,0,9,89,0,0,0,9,87,0,0,0,9,90,0,0;                   457P    834
510,447,1,1,457;                                                     459P    835
120,465,463,0.0D0,6.28318530717959D0;                                461P    836
110,-.6282D0,2.51699999999999D0,-4.62500000000001D0,-.5578D0,        463P    837
2.51699999999999D0,-4.62500000000001D0;                              463P    838
110,-.6282D0,2.51699999999999D0,-4.51600000000001D0,.3718D0,         465P    839
2.51699999999999D0,-4.51600000000001D0;                              465P    840
100,0.0D0,0.0D0,0.0D0,-.109D0,2.24001194829892D-15,.109D0,           467P    841
-2.25336059840963D-15;                                               467P    842
100,0.0D0,0.0D0,0.0D0,.109D0,2.6645352591004D-15,-.109D0,            469P    843
-2.21331464807751D-15;                                               469P    844
508,4,0,9,81,1,0,0,9,91,0,0,0,9,83,0,0,0,9,92,0,0;                   471P    845
510,461,1,1,471;                                                     473P    846
120,479,477,0.0D0,6.28318530717959D0;                                475P    847
110,-.6282D0,1.89199999999999D0,-4.62500000000002D0,-.5578D0,        477P    848
1.89199999999999D0,-4.62500000000002D0;                              477P    849
110,-.6282D0,1.89199999999999D0,-4.51600000000002D0,.3718D0,         479P    850
1.89199999999999D0,-4.51600000000002D0;                              479P    851
100,0.0D0,0.0D0,0.0D0,-.109D0,2.43363484379355D-15,.109D0,           481P    852
-2.44698349390425D-15;                                               481P    853
100,0.0D0,0.0D0,0.0D0,.109D0,2.44249065417537D-15,-.109D0,           483P    854
-2.40693754357213D-15;                                               483P    855
508,4,0,9,77,1,0,0,9,93,0,0,0,9,79,0,0,0,9,94,0,0;                   485P    856
510,475,1,1,485;                                                     487P    857
120,493,491,0.0D0,6.28318530717959D0;                                489P    858
110,-.6282D0,1.26699999999999D0,-4.62500000000004D0,-.5578D0,        491P    859
1.26699999999999D0,-4.62500000000004D0;                              491P    860
110,-.6282D0,1.26699999999999D0,-4.51600000000004D0,.3718D0,         493P    861
1.26699999999999D0,-4.51600000000004D0;                              493P    862
100,0.0D0,0.0D0,0.0D0,-.109D0,2.43363484379355D-15,.109D0,           495P    863
-2.44698349390425D-15;                                               495P    864
100,0.0D0,0.0D0,0.0D0,.109D0,2.44249065417534D-15,-.109D0,           497P    865
-2.40693754357213D-15;                                               497P    866
508,4,0,9,73,1,0,0,9,95,0,0,0,9,75,0,0,0,9,96,0,0;                   499P    867
510,489,1,1,499;                                                     501P    868
120,507,505,0.0D0,6.28318530717959D0;                                503P    869
110,-.6282D0,.641999999999989D0,-4.62500000000005D0,-.5578D0,        505P    870
.641999999999989D0,-4.62500000000005D0;                              505P    871
110,-.6282D0,.641999999999989D0,-4.51600000000005D0,.3718D0,         507P    872
.641999999999989D0,-4.51600000000005D0;                              507P    873
100,0.0D0,0.0D0,0.0D0,-.109D0,2.33682339604623D-15,.109D0,           509P    874
-2.35017204615694D-15;                                               509P    875
100,0.0D0,0.0D0,0.0D0,.109D0,2.44249065417534D-15,-.109D0,           511P    876
-2.40693754357213D-15;                                               511P    877
508,4,0,9,69,1,0,0,9,97,0,0,0,9,71,0,0,0,9,98,0,0;                   513P    878
510,503,1,1,513;                                                     515P    879
120,521,519,0.0D0,6.28318530717959D0;                                517P    880
110,-.6282D0,1.69999999999893D-2,-4.62500000000006D0,-.5578D0,       519P    881
1.69999999999893D-2,-4.62500000000006D0;                             519P    882
110,-.6282D0,1.69999999999893D-2,-4.51600000000006D0,.3718D0,        521P    883
1.69999999999893D-2,-4.51600000000006D0;                             521P    884
100,0.0D0,0.0D0,0.0D0,-.109D0,2.38522911991989D-15,.109D0,           523P    885
-2.44698349390425D-15;                                               523P    886
100,0.0D0,0.0D0,0.0D0,.109D0,2.38004060904018D-15,-.109D0,           525P    887
-2.35853181969848D-15;                                               525P    888
508,4,0,9,65,1,0,0,9,99,0,0,0,9,67,0,0,0,9,100,0,0;                  527P    889
510,517,1,1,527;                                                     529P    890
120,535,533,0.0D0,6.28318530717959D0;                                531P    891
110,-.6282D0,-.608000000000011D0,-4.62500000000008D0,-.5578D0,       533P    892
-.608000000000011D0,-4.62500000000008D0;                             533P    893
110,-.6282D0,-.608000000000011D0,-4.51600000000008D0,.3718D0,        535P    894
-.608000000000011D0,-4.51600000000008D0;                             535P    895
100,0.0D0,0.0D0,0.0D0,-.109D0,2.33682339604623D-15,.109D0,           537P    896
-2.35017204615694D-15;                                               537P    897
100,0.0D0,0.0D0,0.0D0,.109D0,2.33146835171283D-15,-.109D0,           539P    898
-2.40693754357213D-15;                                               539P    899
508,4,0,9,61,1,0,0,9,101,0,0,0,9,63,0,0,0,9,102,0,0;                 541P    900
510,531,1,1,541;                                                     543P    901
120,549,547,0.0D0,6.28318530717959D0;                                545P    902
110,-.6282D0,-1.23300000000001D0,-4.62500000000009D0,-.5578D0,       547P    903
-1.23300000000001D0,-4.62500000000009D0;                             547P    904
110,-.6282D0,-1.23300000000001D0,-4.51600000000009D0,.3718D0,        549P    905
-1.23300000000001D0,-4.51600000000009D0;                             549P    906
100,0.0D0,0.0D0,0.0D0,-.109D0,2.43363484379355D-15,.109D0,           551P    907
-2.44698349390425D-15;                                               551P    908
100,0.0D0,0.0D0,0.0D0,.109D0,2.44249065417534D-15,-.109D0,           553P    909
-2.40693754357213D-15;                                               553P    910
508,4,0,9,57,1,0,0,9,103,0,0,0,9,59,0,0,0,9,104,0,0;                 555P    911
510,545,1,1,555;                                                     557P    912
120,563,561,0.0D0,6.28318530717959D0;                                559P    913
110,-.6282D0,-1.85800000000001D0,-4.62500000000011D0,-.5578D0,       561P    914
-1.85800000000001D0,-4.62500000000011D0;                             561P    915
110,-.6282D0,-1.85800000000001D0,-4.51600000000011D0,.3718D0,        563P    916
-1.85800000000001D0,-4.51600000000011D0;                             563P    917
100,0.0D0,0.0D0,0.0D0,-.109D0,2.43363484379355D-15,.109D0,           565P    918
-2.44698349390425D-15;                                               565P    919
100,0.0D0,0.0D0,0.0D0,.109D0,2.44249065417537D-15,-.109D0,           567P    920
-2.40693754357213D-15;                                               567P    921
508,4,0,9,53,1,0,0,9,105,0,0,0,9,55,0,0,0,9,106,0,0;                 569P    922
510,559,1,1,569;                                                     571P    923
120,577,575,0.0D0,6.28318530717959D0;                                573P    924
110,-.263000000000001D0,-1.23300000000026D0,-4.95620000000009D0,     575P    925
-.263000000000001D0,-1.23300000000026D0,-4.88580000000009D0;         575P    926
110,-.321000000000001D0,-1.23300000000026D0,-4.95620000000009D0,     577P    927
-.321000000000001D0,-1.23300000000026D0,-3.95620000000009D0;         577P    928
100,0.0D0,0.0D0,0.0D0,-.058D0,7.10295143505465D-18,.058D0,           579P    929
-1.42059028701093D-17;                                               579P    930
100,0.0D0,0.0D0,0.0D0,.058D0,0.0D0,-.058D0,2.13160344805484D-16;     581P    931
508,4,0,9,49,1,0,0,9,107,0,0,0,9,51,0,0,0,9,108,0,0;                 583P    932
510,573,1,1,583;                                                     585P    933
120,591,589,0.0D0,6.28318530717959D0;                                587P    934
110,-.263000000000001D0,1.26699999999974D0,-4.95620000000003D0,      589P    935
-.263000000000001D0,1.26699999999974D0,-4.88580000000003D0;          589P    936
110,-.321000000000001D0,1.26699999999974D0,-4.95620000000003D0,      591P    937
-.321000000000001D0,1.26699999999974D0,-3.95620000000003D0;          591P    938
100,0.0D0,0.0D0,0.0D0,-.058D0,7.10295143505465D-18,.058D0,           593P    939
1.9185149050032D-16;                                                 593P    940
100,0.0D0,0.0D0,0.0D0,.058D0,0.0D0,-.058D0,7.10295143505465D-18;     595P    941
508,4,0,9,45,1,0,0,9,109,0,0,0,9,47,0,0,0,9,110,0,0;                 597P    942
510,587,1,1,597;                                                     599P    943
128,1,8,1,2,0,1,0,0,0,-171.875D0,-171.875D0,2.8421709430404D-14,     601P    944
2.8421709430404D-14,0.0D0,0.0D0,0.0D0,5.02654824574367D-2,           601P    945
5.02654824574367D-2,.100530964914873D0,.100530964914873D0,           601P    946
.15079644737231D0,.15079644737231D0,.201061929829747D0,              601P    947
.201061929829747D0,.201061929829747D0,1.0D0,1.0D0,                   601P    948
.707106781186548D0,.707106781186548D0,1.0D0,1.0D0,                   601P    949
.707106781186548D0,.707106781186548D0,1.0D0,1.0D0,                   601P    950
.707106781186548D0,.707106781186548D0,1.0D0,1.0D0,                   601P    951
.707106781186548D0,.707106781186548D0,1.0D0,1.0D0,-.064D0,           601P    952
-2.733D0,-4.85700000000012D0,-.064D0,2.767D0,-4.857D0,-.064D0,       601P    953
-2.733D0,-4.88900000000012D0,-.064D0,2.767D0,-4.889D0,-.096D0,       601P    954
-2.733D0,-4.88900000000012D0,-.096D0,2.767D0,-4.889D0,-.128D0,       601P    955
-2.733D0,-4.88900000000012D0,-.128D0,2.767D0,-4.889D0,-.128D0,       601P    956
-2.733D0,-4.85700000000012D0,-.128D0,2.767D0,-4.857D0,-.128D0,       601P    957
-2.73300000000001D0,-4.82500000000012D0,-.128D0,2.767D0,             601P    958
-4.825D0,-.096D0,-2.73300000000001D0,-4.82500000000012D0,            601P    959
-.096D0,2.767D0,-4.825D0,-.064D0,-2.73300000000001D0,                601P    960
-4.82500000000012D0,-.064D0,2.767D0,-4.825D0,-.064D0,-2.733D0,       601P    961
-4.85700000000012D0,-.064D0,2.767D0,-4.857D0,-171.875D0,             601P    962
2.8421709430404D-14,0.0D0,.201061929829747D0;                        601P    963
100,0.0D0,0.0D0,0.0D0,-.032D0,3.91886975727153D-18,                  603P    964
-5.8783046359073D-18,-.032D0;                                        603P    965
124,-1.0D0,0.0D0,0.0D0,-.096D0,0.0D0,0.0D0,1.0D0,-2.733D0,0.0D0,     605P    966
1.0D0,0.0D0,-4.85700000000012D0;                                     605P    967
110,-.064D0,-2.733D0,-4.85700000000012D0,-.064D0,2.767D0,            607P    968
-4.857D0;                                                            607P    969
100,0.0D0,0.0D0,0.0D0,-1.22514198365662D-17,.032D0,-.032D0,          609P    970
3.91886975727153D-18;                                                609P    971
124,-1.0D0,0.0D0,0.0D0,-.096D0,0.0D0,0.0D0,-1.0D0,2.767D0,0.0D0,     611P    972
-1.0D0,0.0D0,-4.857D0;                                               611P    973
110,-.096D0,2.767D0,-4.889D0,-.096D0,-2.733D0,                       613P    974
-4.88900000000012D0;                                                 613P    975
508,4,0,9,111,0,0,0,9,112,1,0,0,9,113,0,0,0,9,114,1,0;               615P    976
510,601,1,1,615;                                                     617P    977
128,1,1,1,1,0,0,1,0,0,0.0D0,0.0D0,.433D0,.433D0,0.0D0,0.0D0,         619P    978
5.5D0,5.5D0,1.0D0,1.0D0,1.0D0,1.0D0,-.096D0,2.767D0,-4.889D0,        619P    979
-.529D0,2.767D0,-4.889D0,-.096D0,-2.733D0,-4.88900000000012D0,       619P    980
-.529D0,-2.733D0,-4.88900000000012D0,0.0D0,.433D0,0.0D0,5.5D0;       619P    981
110,-.096D0,-2.733D0,-4.88900000000012D0,-.529D0,-2.733D0,           621P    982
-4.88900000000012D0;                                                 621P    983
110,-.529D0,2.767D0,-4.889D0,-.096D0,2.767D0,-4.889D0;               623P    984
110,-.529D0,2.767D0,-4.889D0,-.529D0,-2.733D0,                       625P    985
-4.88900000000012D0;                                                 625P    986
508,4,0,9,115,0,0,0,9,114,0,0,0,9,116,0,0,0,9,117,1,0;               627P    987
508,2,0,9,107,1,0,0,9,52,1,0;                                        629P    988
508,2,0,9,109,1,0,0,9,48,1,0;                                        631P    989
510,619,3,1,627,629,631;                                             633P    990
128,1,8,1,2,0,1,0,0,0,-171.875D0,-171.875D0,2.8421709430404D-14,     635P    991
2.8421709430404D-14,0.0D0,0.0D0,0.0D0,5.02654824574367D-2,           635P    992
5.02654824574367D-2,.100530964914873D0,.100530964914873D0,           635P    993
.15079644737231D0,.15079644737231D0,.201061929829747D0,              635P    994
.201061929829747D0,.201061929829747D0,1.0D0,1.0D0,                   635P    995
.707106781186548D0,.707106781186548D0,1.0D0,1.0D0,                   635P    996
.707106781186548D0,.707106781186548D0,1.0D0,1.0D0,                   635P    997
.707106781186548D0,.707106781186548D0,1.0D0,1.0D0,                   635P    998
.707106781186548D0,.707106781186548D0,1.0D0,1.0D0,-.529D0,           635P    999
-2.733D0,-4.88900000000012D0,-.529D0,2.767D0,-4.889D0,-.561D0,       635P   1000
-2.733D0,-4.88900000000012D0,-.561D0,2.767D0,-4.889D0,-.561D0,       635P   1001
-2.733D0,-4.85700000000012D0,-.561D0,2.767D0,-4.857D0,-.561D0,       635P   1002
-2.73300000000001D0,-4.82500000000012D0,-.561D0,2.767D0,             635P   1003
-4.825D0,-.529D0,-2.73300000000001D0,-4.82500000000012D0,            635P   1004
-.529D0,2.767D0,-4.825D0,-.497D0,-2.73300000000001D0,                635P   1005
-4.82500000000012D0,-.497D0,2.767D0,-4.825D0,-.497D0,-2.733D0,       635P   1006
-4.85700000000012D0,-.497D0,2.767D0,-4.857D0,-.497D0,-2.733D0,       635P   1007
-4.88900000000012D0,-.497D0,2.767D0,-4.889D0,-.529D0,-2.733D0,       635P   1008
-4.88900000000012D0,-.529D0,2.767D0,-4.889D0,-171.875D0,             635P   1009
2.8421709430404D-14,0.0D0,.201061929829747D0;                        635P   1010
100,0.0D0,0.0D0,0.0D0,-.032D0,3.91886975727153D-18,                  637P   1011
-5.8783046359073D-18,-.032D0;                                        637P   1012
124,0.0D0,1.0D0,0.0D0,-.529D0,0.0D0,0.0D0,1.0D0,-2.733D0,1.0D0,      639P   1013
0.0D0,0.0D0,-4.85700000000012D0;                                     639P   1014
100,0.0D0,0.0D0,0.0D0,1.95943487863577D-18,.032D0,-.032D0,           641P   1015
3.91886975727153D-18;                                                641P   1016
124,0.0D0,-1.0D0,0.0D0,-.529D0,0.0D0,0.0D0,-1.0D0,2.767D0,1.0D0,     643P   1017
0.0D0,0.0D0,-4.857D0;                                                643P   1018
110,-.561D0,2.767D0,-4.857D0,-.561D0,-2.733D0,                       645P   1019
-4.85700000000012D0;                                                 645P   1020
508,4,0,9,118,0,0,0,9,117,0,0,0,9,119,0,0,0,9,120,1,0;               647P   1021
510,635,1,1,647;                                                     649P   1022
128,1,1,1,1,0,0,1,0,0,0.0D0,0.0D0,.52900000000012D0,                 651P   1023
.52900000000012D0,0.0D0,0.0D0,5.50000000000001D0,                    651P   1024
5.50000000000001D0,1.0D0,1.0D0,1.0D0,1.0D0,-.561D0,2.767D0,          651P   1025
-4.85700000000012D0,-.561D0,2.767D0,-4.328D0,-.561D0,                651P   1026
-2.73300000000002D0,-4.85700000000012D0,-.561D0,                     651P   1027
-2.73300000000002D0,-4.328D0,0.0D0,.52900000000012D0,0.0D0,          651P   1028
5.50000000000001D0;                                                  651P   1029
110,-.561D0,-2.733D0,-4.85700000000012D0,-.561D0,                    653P   1030
-2.73300000000002D0,-4.32800000000012D0;                             653P   1031
110,-.561D0,2.76699999999999D0,-4.328D0,-.561D0,2.767D0,             655P   1032
-4.857D0;                                                            655P   1033
110,-.561D0,2.76699999999999D0,-4.328D0,-.561D0,                     657P   1034
-2.73300000000002D0,-4.32800000000012D0;                             657P   1035
508,4,0,9,121,0,0,0,9,120,0,0,0,9,122,0,0,0,9,123,1,0;               659P   1036
508,2,0,9,89,1,0,0,9,88,1,0;                                         661P   1037
508,2,0,9,91,1,0,0,9,84,1,0;                                         663P   1038
508,2,0,9,93,1,0,0,9,80,1,0;                                         665P   1039
508,2,0,9,95,1,0,0,9,76,1,0;                                         667P   1040
508,2,0,9,97,1,0,0,9,72,1,0;                                         669P   1041
508,2,0,9,99,1,0,0,9,68,1,0;                                         671P   1042
508,2,0,9,101,1,0,0,9,64,1,0;                                        673P   1043
508,2,0,9,103,1,0,0,9,60,1,0;                                        675P   1044
508,2,0,9,105,1,0,0,9,56,1,0;                                        677P   1045
510,651,10,1,659,661,663,665,667,669,671,673,675,677;                679P   1046
128,1,1,1,1,0,0,1,0,0,0.0D0,0.0D0,6.39999999999999D-2,               681P   1047
6.39999999999999D-2,0.0D0,0.0D0,5.5D0,5.5D0,1.0D0,1.0D0,1.0D0,       681P   1048
1.0D0,-.561D0,2.76699999999999D0,-4.328D0,-.625D0,                   681P   1049
2.76699999999999D0,-4.328D0,-.561D0,-2.73300000000002D0,             681P   1050
-4.32800000000012D0,-.625D0,-2.73300000000002D0,                     681P   1051
-4.32800000000012D0,0.0D0,6.39999999999999D-2,0.0D0,5.5D0;           681P   1052
110,-.561D0,-2.73300000000002D0,-4.32800000000012D0,-.625D0,         683P   1053
-2.73300000000002D0,-4.32800000000012D0;                             683P   1054
110,-.625D0,2.76699999999999D0,-4.328D0,-.561D0,                     685P   1055
2.76699999999999D0,-4.328D0;                                         685P   1056
110,-.625D0,2.76699999999999D0,-4.328D0,-.625D0,                     687P   1057
-2.73300000000002D0,-4.32800000000012D0;                             687P   1058
508,4,0,9,124,0,0,0,9,123,0,0,0,9,125,0,0,0,9,126,1,0;               689P   1059
510,681,1,1,689;                                                     691P   1060
128,1,1,1,1,0,0,1,0,0,0.0D0,0.0D0,.529000000000121D0,                693P   1061
.529000000000121D0,0.0D0,0.0D0,5.50000000000001D0,                   693P   1062
5.50000000000001D0,1.0D0,1.0D0,1.0D0,1.0D0,-.625D0,2.767D0,          693P   1063
-4.328D0,-.625D0,2.767D0,-4.85700000000012D0,-.625D0,                693P   1064
-2.73300000000002D0,-4.328D0,-.625D0,-2.73300000000002D0,            693P   1065
-4.85700000000012D0,0.0D0,.529000000000121D0,0.0D0,                  693P   1066
5.50000000000001D0;                                                  693P   1067
110,-.625D0,-2.73300000000002D0,-4.32800000000012D0,-.625D0,         695P   1068
-2.733D0,-4.85700000000012D0;                                        695P   1069
110,-.625D0,2.767D0,-4.857D0,-.625D0,2.76699999999999D0,             697P   1070
-4.328D0;                                                            697P   1071
110,-.625D0,2.767D0,-4.857D0,-.625D0,-2.733D0,                       699P   1072
-4.85700000000012D0;                                                 699P   1073
508,4,0,9,127,0,0,0,9,126,0,0,0,9,128,0,0,0,9,129,1,0;               701P   1074
508,2,0,9,90,1,0,0,9,86,1,0;                                         703P   1075
508,2,0,9,92,1,0,0,9,82,1,0;                                         705P   1076
508,2,0,9,94,1,0,0,9,78,1,0;                                         707P   1077
508,2,0,9,96,1,0,0,9,74,1,0;                                         709P   1078
508,2,0,9,98,1,0,0,9,70,1,0;                                         711P   1079
508,2,0,9,100,1,0,0,9,66,1,0;                                        713P   1080
508,2,0,9,102,1,0,0,9,62,1,0;                                        715P   1081
508,2,0,9,104,1,0,0,9,58,1,0;                                        717P   1082
508,2,0,9,106,1,0,0,9,54,1,0;                                        719P   1083
510,693,10,1,701,703,705,707,709,711,713,715,717,719;                721P   1084
128,1,8,1,2,0,1,0,0,0,-2.31296463463574D-14,                         723P   1085
-2.31296463463574D-14,57.2916666666667D0,57.2916666666667D0,         723P   1086
0.0D0,0.0D0,0.0D0,.15079644737231D0,.15079644737231D0,               723P   1087
.30159289474462D0,.30159289474462D0,.45238934211693D0,               723P   1088
.45238934211693D0,.60318578948924D0,.60318578948924D0,               723P   1089
.60318578948924D0,1.0D0,1.0D0,.707106781186548D0,                    723P   1090
.707106781186548D0,1.0D0,1.0D0,.707106781186548D0,                   723P   1091
.707106781186548D0,1.0D0,1.0D0,.707106781186548D0,                   723P   1092
.707106781186548D0,1.0D0,1.0D0,.707106781186548D0,                   723P   1093
.707106781186548D0,1.0D0,1.0D0,-.529D0,2.767D0,-4.761D0,-.529D0,     723P   1094
-2.73300000000001D0,-4.76100000000012D0,-.433D0,2.767D0,             723P   1095
-4.761D0,-.433D0,-2.73300000000001D0,-4.76100000000012D0,            723P   1096
-.433D0,2.767D0,-4.857D0,-.433D0,-2.73300000000001D0,                723P   1097
-4.85700000000012D0,-.433D0,2.767D0,-4.953D0,-.433D0,-2.733D0,       723P   1098
-4.95300000000012D0,-.529D0,2.767D0,-4.953D0,-.529D0,-2.733D0,       723P   1099
-4.95300000000012D0,-.625D0,2.767D0,-4.953D0,-.625D0,-2.733D0,       723P   1100
-4.95300000000012D0,-.625D0,2.767D0,-4.857D0,-.625D0,                723P   1101
-2.73300000000001D0,-4.85700000000012D0,-.625D0,2.767D0,             723P   1102
-4.761D0,-.625D0,-2.73300000000001D0,-4.76100000000012D0,            723P   1103
-.529D0,2.767D0,-4.761D0,-.529D0,-2.73300000000001D0,                723P   1104
-4.76100000000012D0,-2.31296463463574D-14,57.2916666666667D0,        723P   1105
0.0D0,.60318578948924D0;                                             723P   1106
100,0.0D0,0.0D0,0.0D0,-1.76349139077219D-17,-.096D0,.096D0,          725P   1107
-2.35132185436292D-17;                                               725P   1108
124,0.0D0,1.0D0,0.0D0,-.529D0,0.0D0,0.0D0,-1.0D0,-2.733D0,           727P   1109
-1.0D0,0.0D0,0.0D0,-4.85700000000012D0;                              727P   1110
100,0.0D0,0.0D0,0.0D0,.096D0,0.0D0,5.8783046359073D-18,.096D0;       729P   1111
124,0.0D0,-1.0D0,0.0D0,-.529D0,0.0D0,0.0D0,1.0D0,2.767D0,-1.0D0,     731P   1112
0.0D0,0.0D0,-4.857D0;                                                731P   1113
110,-.529D0,2.767D0,-4.953D0,-.529D0,-2.733D0,                       733P   1114
-4.95300000000012D0;                                                 733P   1115
508,4,0,9,130,0,0,0,9,129,0,0,0,9,131,0,0,0,9,132,1,0;               735P   1116
510,723,1,1,735;                                                     737P   1117
128,1,1,1,1,0,0,1,0,0,0.0D0,0.0D0,.433D0,.433D0,0.0D0,0.0D0,         739P   1118
5.5D0,5.5D0,1.0D0,1.0D0,1.0D0,1.0D0,-.529D0,2.767D0,-4.953D0,        739P   1119
-.096D0,2.767D0,-4.953D0,-.529D0,-2.733D0,-4.95300000000012D0,       739P   1120
-.096D0,-2.733D0,-4.95300000000012D0,0.0D0,.433D0,0.0D0,5.5D0;       739P   1121
110,-.529D0,-2.733D0,-4.95300000000012D0,-.096D0,-2.733D0,           741P   1122
-4.95300000000012D0;                                                 741P   1123
110,-.096D0,2.767D0,-4.953D0,-.529D0,2.767D0,-4.953D0;               743P   1124
110,-.096D0,2.767D0,-4.953D0,-.096D0,-2.733D0,                       745P   1125
-4.95300000000012D0;                                                 745P   1126
508,4,0,9,133,0,0,0,9,132,0,0,0,9,134,0,0,0,9,135,1,0;               747P   1127
508,2,0,9,108,1,0,0,9,50,1,0;                                        749P   1128
508,2,0,9,110,1,0,0,9,46,1,0;                                        751P   1129
510,739,3,1,747,749,751;                                             753P   1130
128,1,8,1,2,0,1,0,0,0,-2.31296463463574D-14,                         755P   1131
-2.31296463463574D-14,57.2916666666667D0,57.2916666666667D0,         755P   1132
0.0D0,0.0D0,0.0D0,.15079644737231D0,.15079644737231D0,               755P   1133
.30159289474462D0,.30159289474462D0,.45238934211693D0,               755P   1134
.45238934211693D0,.60318578948924D0,.60318578948924D0,               755P   1135
.60318578948924D0,1.0D0,1.0D0,.707106781186548D0,                    755P   1136
.707106781186548D0,1.0D0,1.0D0,.707106781186548D0,                   755P   1137
.707106781186548D0,1.0D0,1.0D0,.707106781186548D0,                   755P   1138
.707106781186548D0,1.0D0,1.0D0,.707106781186548D0,                   755P   1139
.707106781186548D0,1.0D0,1.0D0,-.192D0,2.767D0,-4.857D0,-.192D0,     755P   1140
-2.73300000000001D0,-4.85700000000012D0,-.192D0,2.767D0,             755P   1141
-4.761D0,-.192D0,-2.73300000000001D0,-4.76100000000012D0,            755P   1142
-.096D0,2.767D0,-4.761D0,-.096D0,-2.73300000000001D0,                755P   1143
-4.76100000000012D0,-2.77555756156289D-17,2.767D0,-4.761D0,          755P   1144
-2.77555756156289D-17,-2.73300000000001D0,-4.76100000000012D0,       755P   1145
0.0D0,2.767D0,-4.857D0,0.0D0,-2.73300000000001D0,                    755P   1146
-4.85700000000012D0,-2.77555756156289D-17,2.767D0,-4.953D0,          755P   1147
-2.77555756156289D-17,-2.733D0,-4.95300000000012D0,-.096D0,          755P   1148
2.767D0,-4.953D0,-.096D0,-2.733D0,-4.95300000000012D0,-.192D0,       755P   1149
2.767D0,-4.953D0,-.192D0,-2.733D0,-4.95300000000012D0,-.192D0,       755P   1150
2.767D0,-4.857D0,-.192D0,-2.73300000000001D0,                        755P   1151
-4.85700000000012D0,-2.31296463463574D-14,57.2916666666667D0,        755P   1152
0.0D0,.60318578948924D0;                                             755P   1153
100,0.0D0,0.0D0,0.0D0,-1.76349139077219D-17,-.096D0,.096D0,          757P   1154
-2.35132185436292D-17;                                               757P   1155
124,1.0D0,0.0D0,0.0D0,-.096D0,0.0D0,0.0D0,-1.0D0,-2.733D0,0.0D0,     759P   1156
1.0D0,0.0D0,-4.85700000000012D0;                                     759P   1157
100,0.0D0,0.0D0,0.0D0,.096D0,0.0D0,-3.67542595096987D-17,.096D0;     761P   1158
124,1.0D0,0.0D0,0.0D0,-.096D0,0.0D0,0.0D0,1.0D0,2.767D0,0.0D0,       763P   1159
-1.0D0,0.0D0,-4.857D0;                                               763P   1160
110,0.0D0,2.767D0,-4.857D0,0.0D0,-2.733D0,-4.85700000000012D0;       765P   1161
508,4,0,9,136,0,0,0,9,135,0,0,0,9,137,0,0,0,9,138,1,0;               767P   1162
510,755,1,1,767;                                                     769P   1163
128,1,1,1,1,0,0,1,0,0,0.0D0,0.0D0,.625D0,.625D0,0.0D0,0.0D0,         771P   1164
.625D0,.625D0,1.0D0,1.0D0,1.0D0,1.0D0,0.0D0,2.76699999999998D0,      771P   1165
-4.328D0,0.0D0,2.767D0,-4.953D0,-.625D0,2.76699999999998D0,          771P   1166
-4.328D0,-.625D0,2.767D0,-4.953D0,0.0D0,.625D0,0.0D0,.625D0;         771P   1167
110,0.0D0,2.767D0,-4.857D0,-.064D0,2.767D0,-4.857D0;                 773P   1168
508,10,0,9,137,1,0,0,9,134,1,0,0,9,131,1,0,0,9,128,1,0,0,9,125,      775P   1169
1,0,0,9,122,1,0,0,9,119,1,0,0,9,116,1,0,0,9,113,1,0,0,9,139,0,0;     775P   1170
510,771,1,1,775;                                                     777P   1171
128,1,1,1,1,0,0,1,0,0,0.0D0,0.0D0,.625000000000001D0,                779P   1172
.625000000000001D0,0.0D0,0.0D0,.625D0,.625D0,1.0D0,1.0D0,1.0D0,      779P   1173
1.0D0,0.0D0,-2.733D0,-4.95300000000012D0,0.0D0,                      779P   1174
-2.73300000000002D0,-4.32800000000012D0,-.625D0,-2.733D0,            779P   1175
-4.95300000000012D0,-.625D0,-2.73300000000002D0,                     779P   1176
-4.32800000000012D0,0.0D0,.625000000000001D0,0.0D0,.625D0;           779P   1177
110,-.064D0,-2.733D0,-4.85700000000012D0,0.0D0,-2.733D0,             781P   1178
-4.85700000000012D0;                                                 781P   1179
508,10,0,9,140,0,0,0,9,111,1,0,0,9,115,1,0,0,9,118,1,0,0,9,121,      783P   1180
1,0,0,9,124,1,0,0,9,127,1,0,0,9,130,1,0,0,9,133,1,0,0,9,136,1,0;     783P   1181
510,779,1,1,783;                                                     785P   1182
116,0.0D0,-8.03895222410233D-16,-4.857D0,0;                          787P   1183
123,0.0D0,0.0D0,-1.0D0;                                              789P   1184
190,787,789,793;                                                     791P   1185
123,-1.0D0,0.0D0,0.0D0;                                              793P   1186
110,0.0D0,-2.733D0,-4.85700000000012D0,0.0D0,-2.797D0,-4.857D0;      795P   1187
110,0.0D0,-2.797D0,-4.857D0,-.064D0,-2.797D0,-4.857D0;               797P   1188
110,-.064D0,-2.797D0,-4.857D0,-.064D0,-2.733D0,                      799P   1189
-4.85700000000012D0;                                                 799P   1190
508,4,0,9,140,1,0,0,9,141,1,0,0,9,142,1,0,0,9,143,1,0;               801P   1191
510,791,1,1,801;                                                     803P   1192
116,0.0D0,-8.03895222410233D-16,-4.857D0,0;                          805P   1193
123,0.0D0,0.0D0,-1.0D0;                                              807P   1194
190,805,807,811;                                                     809P   1195
123,-1.0D0,0.0D0,0.0D0;                                              811P   1196
110,-.064D0,2.767D0,-4.857D0,-.064D0,2.797D0,-4.857D0;               813P   1197
110,0.0D0,2.797D0,-4.857D0,-.064D0,2.797D0,-4.857D0;                 815P   1198
110,0.0D0,2.797D0,-4.857D0,0.0D0,2.767D0,-4.857D0;                   817P   1199
508,4,0,9,139,1,0,0,9,144,1,0,0,9,145,0,0,0,9,146,1,0;               819P   1200
510,809,1,1,819;                                                     821P   1201
128,1,8,1,2,0,1,0,0,0,-108.379768923572D0,-108.379768923572D0,       823P   1202
-107.792612960269D0,-107.792612960269D0,0.0D0,0.0D0,0.0D0,           823P   1203
.171216799620644D0,.171216799620644D0,.342433599241287D0,            823P   1204
.342433599241287D0,.513650398861931D0,.513650398861931D0,            823P   1205
.684867198482575D0,.684867198482575D0,.684867198482575D0,1.0D0,      823P   1206
1.0D0,.707106781186548D0,.707106781186548D0,1.0D0,1.0D0,             823P   1207
.707106781186548D0,.707106781186548D0,1.0D0,1.0D0,                   823P   1208
.707106781186548D0,.707106781186548D0,1.0D0,1.0D0,                   823P   1209
.707106781186548D0,.707106781186548D0,1.0D0,1.0D0,-.561D0,           823P   1210
-2.48300000000001D0,4.40700000000012D0,-.625D0,                      823P   1211
-2.48300000000001D0,4.40700000000012D0,-.561D0,                      823P   1212
-2.59200000000001D0,4.40700000000012D0,-.625D0,                      823P   1213
-2.59200000000001D0,4.40700000000012D0,-.561D0,                      823P   1214
-2.59200000000001D0,4.51600000000012D0,-.625D0,                      823P   1215
-2.59200000000001D0,4.51600000000012D0,-.561D0,                      823P   1216
-2.59200000000001D0,4.62500000000012D0,-.625D0,                      823P   1217
-2.59200000000001D0,4.62500000000012D0,-.561D0,                      823P   1218
-2.48300000000001D0,4.62500000000012D0,-.625D0,                      823P   1219
-2.48300000000001D0,4.62500000000012D0,-.561D0,                      823P   1220
-2.37400000000001D0,4.62500000000012D0,-.625D0,                      823P   1221
-2.37400000000001D0,4.62500000000012D0,-.561D0,                      823P   1222
-2.37400000000001D0,4.51600000000012D0,-.625D0,                      823P   1223
-2.37400000000001D0,4.51600000000012D0,-.561D0,                      823P   1224
-2.37400000000001D0,4.40700000000012D0,-.625D0,                      823P   1225
-2.37400000000001D0,4.40700000000012D0,-.561D0,                      823P   1226
-2.48300000000001D0,4.40700000000012D0,-.625D0,                      823P   1227
-2.48300000000001D0,4.40700000000012D0,-108.379768923572D0,          823P   1228
-107.792612960269D0,0.0D0,.684867198482575D0;                        823P   1229
100,0.0D0,0.0D0,0.0D0,-.109D0,-2.64896616294042D-15,.109D0,          825P   1230
2.1999659979668D-15;                                                 825P   1231
100,0.0D0,0.0D0,0.0D0,.109D0,-2.25336059840963D-15,-.109D0,          827P   1232
2.36352069626765D-15;                                                827P   1233
508,4,0,9,41,1,0,0,9,147,0,0,0,9,43,0,0,0,9,148,0,0;                 829P   1234
510,823,1,1,829;                                                     831P   1235
128,1,8,1,2,0,1,0,0,0,-108.379768923572D0,-108.379768923572D0,       833P   1236
-107.792612960269D0,-107.792612960269D0,0.0D0,0.0D0,0.0D0,           833P   1237
.171216799620644D0,.171216799620644D0,.342433599241287D0,            833P   1238
.342433599241287D0,.513650398861931D0,.513650398861931D0,            833P   1239
.684867198482575D0,.684867198482575D0,.684867198482575D0,1.0D0,      833P   1240
1.0D0,.707106781186548D0,.707106781186548D0,1.0D0,1.0D0,             833P   1241
.707106781186548D0,.707106781186548D0,1.0D0,1.0D0,                   833P   1242
.707106781186548D0,.707106781186548D0,1.0D0,1.0D0,                   833P   1243
.707106781186548D0,.707106781186548D0,1.0D0,1.0D0,-.561D0,           833P   1244
-1.85800000000001D0,4.4070000000001D0,-.625D0,                       833P   1245
-1.85800000000001D0,4.4070000000001D0,-.561D0,                       833P   1246
-1.96700000000001D0,4.40700000000011D0,-.625D0,                      833P   1247
-1.96700000000001D0,4.40700000000011D0,-.561D0,                      833P   1248
-1.96700000000001D0,4.51600000000011D0,-.625D0,                      833P   1249
-1.96700000000001D0,4.51600000000011D0,-.561D0,                      833P   1250
-1.96700000000001D0,4.62500000000011D0,-.625D0,                      833P   1251
-1.96700000000001D0,4.62500000000011D0,-.561D0,                      833P   1252
-1.85800000000001D0,4.6250000000001D0,-.625D0,                       833P   1253
-1.85800000000001D0,4.6250000000001D0,-.561D0,                       833P   1254
-1.74900000000001D0,4.6250000000001D0,-.625D0,                       833P   1255
-1.74900000000001D0,4.6250000000001D0,-.561D0,                       833P   1256
-1.74900000000001D0,4.5160000000001D0,-.625D0,                       833P   1257
-1.74900000000001D0,4.5160000000001D0,-.561D0,                       833P   1258
-1.74900000000001D0,4.4070000000001D0,-.625D0,                       833P   1259
-1.74900000000001D0,4.4070000000001D0,-.561D0,                       833P   1260
-1.85800000000001D0,4.4070000000001D0,-.625D0,                       833P   1261
-1.85800000000001D0,4.4070000000001D0,-108.379768923572D0,           833P   1262
-107.792612960269D0,0.0D0,.684867198482575D0;                        833P   1263
100,0.0D0,0.0D0,0.0D0,-.109D0,-2.40693754357213D-15,.109D0,          835P   1264
2.39358889346143D-15;                                                835P   1265
100,0.0D0,0.0D0,0.0D0,.109D0,-2.44698349390425D-15,-.109D0,          837P   1266
2.36352069626765D-15;                                                837P   1267
508,4,0,9,37,1,0,0,9,149,0,0,0,9,39,0,0,0,9,150,0,0;                 839P   1268
510,833,1,1,839;                                                     841P   1269
128,1,8,1,2,0,1,0,0,0,-108.379768923572D0,-108.379768923572D0,       843P   1270
-107.792612960269D0,-107.792612960269D0,0.0D0,0.0D0,0.0D0,           843P   1271
.171216799620644D0,.171216799620644D0,.342433599241287D0,            843P   1272
.342433599241287D0,.513650398861931D0,.513650398861931D0,            843P   1273
.684867198482575D0,.684867198482575D0,.684867198482575D0,1.0D0,      843P   1274
1.0D0,.707106781186548D0,.707106781186548D0,1.0D0,1.0D0,             843P   1275
.707106781186548D0,.707106781186548D0,1.0D0,1.0D0,                   843P   1276
.707106781186548D0,.707106781186548D0,1.0D0,1.0D0,                   843P   1277
.707106781186548D0,.707106781186548D0,1.0D0,1.0D0,-.561D0,           843P   1278
-1.23300000000001D0,4.40700000000009D0,-.625D0,                      843P   1279
-1.23300000000001D0,4.40700000000009D0,-.561D0,                      843P   1280
-1.34200000000001D0,4.40700000000009D0,-.625D0,                      843P   1281
-1.34200000000001D0,4.40700000000009D0,-.561D0,                      843P   1282
-1.34200000000001D0,4.51600000000009D0,-.625D0,                      843P   1283
-1.34200000000001D0,4.51600000000009D0,-.561D0,                      843P   1284
-1.34200000000001D0,4.62500000000009D0,-.625D0,                      843P   1285
-1.34200000000001D0,4.62500000000009D0,-.561D0,                      843P   1286
-1.23300000000001D0,4.62500000000009D0,-.625D0,                      843P   1287
-1.23300000000001D0,4.62500000000009D0,-.561D0,                      843P   1288
-1.12400000000001D0,4.62500000000009D0,-.625D0,                      843P   1289
-1.12400000000001D0,4.62500000000009D0,-.561D0,                      843P   1290
-1.12400000000001D0,4.51600000000009D0,-.625D0,                      843P   1291
-1.12400000000001D0,4.51600000000009D0,-.561D0,                      843P   1292
-1.12400000000001D0,4.40700000000009D0,-.625D0,                      843P   1293
-1.12400000000001D0,4.40700000000009D0,-.561D0,                      843P   1294
-1.23300000000001D0,4.40700000000009D0,-.625D0,                      843P   1295
-1.23300000000001D0,4.40700000000009D0,-108.379768923572D0,          843P   1296
-107.792612960269D0,0.0D0,.684867198482575D0;                        843P   1297
100,0.0D0,0.0D0,0.0D0,-.109D0,-2.40693754357213D-15,.109D0,          845P   1298
2.39358889346143D-15;                                                845P   1299
100,0.0D0,0.0D0,0.0D0,.109D0,-2.44698349390425D-15,-.109D0,          847P   1300
2.36352069626765D-15;                                                847P   1301
508,4,0,9,33,1,0,0,9,151,0,0,0,9,35,0,0,0,9,152,0,0;                 849P   1302
510,843,1,1,849;                                                     851P   1303
128,1,8,1,2,0,1,0,0,0,-108.379768923572D0,-108.379768923572D0,       853P   1304
-107.792612960269D0,-107.792612960269D0,0.0D0,0.0D0,0.0D0,           853P   1305
.171216799620644D0,.171216799620644D0,.342433599241287D0,            853P   1306
.342433599241287D0,.513650398861931D0,.513650398861931D0,            853P   1307
.684867198482575D0,.684867198482575D0,.684867198482575D0,1.0D0,      853P   1308
1.0D0,.707106781186548D0,.707106781186548D0,1.0D0,1.0D0,             853P   1309
.707106781186548D0,.707106781186548D0,1.0D0,1.0D0,                   853P   1310
.707106781186548D0,.707106781186548D0,1.0D0,1.0D0,                   853P   1311
.707106781186548D0,.707106781186548D0,1.0D0,1.0D0,-.561D0,           853P   1312
-.608000000000013D0,4.40700000000008D0,-.625D0,                      853P   1313
-.608000000000013D0,4.40700000000008D0,-.561D0,                      853P   1314
-.717000000000013D0,4.40700000000008D0,-.625D0,                      853P   1315
-.717000000000013D0,4.40700000000008D0,-.561D0,                      853P   1316
-.717000000000011D0,4.51600000000008D0,-.625D0,                      853P   1317
-.717000000000011D0,4.51600000000008D0,-.561D0,                      853P   1318
-.717000000000008D0,4.62500000000008D0,-.625D0,                      853P   1319
-.717000000000008D0,4.62500000000008D0,-.561D0,                      853P   1320
-.608000000000008D0,4.62500000000008D0,-.625D0,                      853P   1321
-.608000000000008D0,4.62500000000008D0,-.561D0,                      853P   1322
-.499000000000008D0,4.62500000000007D0,-.625D0,                      853P   1323
-.499000000000008D0,4.62500000000007D0,-.561D0,                      853P   1324
-.499000000000011D0,4.51600000000007D0,-.625D0,                      853P   1325
-.499000000000011D0,4.51600000000007D0,-.561D0,                      853P   1326
-.499000000000013D0,4.40700000000007D0,-.625D0,                      853P   1327
-.499000000000013D0,4.40700000000007D0,-.561D0,                      853P   1328
-.608000000000013D0,4.40700000000008D0,-.625D0,                      853P   1329
-.608000000000013D0,4.40700000000008D0,-108.379768923572D0,          853P   1330
-107.792612960269D0,0.0D0,.684867198482575D0;                        853P   1331
100,0.0D0,0.0D0,0.0D0,-.109D0,-2.31012609582482D-15,.109D0,          855P   1332
2.29677744571412D-15;                                                855P   1333
100,0.0D0,0.0D0,0.0D0,.109D0,-2.35017204615694D-15,-.109D0,          857P   1334
2.36352069626765D-15;                                                857P   1335
508,4,0,9,29,1,0,0,9,153,0,0,0,9,31,0,0,0,9,154,0,0;                 859P   1336
510,853,1,1,859;                                                     861P   1337
128,1,8,1,2,0,1,0,0,0,-108.379768923572D0,-108.379768923572D0,       863P   1338
-107.792612960269D0,-107.792612960269D0,0.0D0,0.0D0,0.0D0,           863P   1339
.171216799620644D0,.171216799620644D0,.342433599241287D0,            863P   1340
.342433599241287D0,.513650398861931D0,.513650398861931D0,            863P   1341
.684867198482575D0,.684867198482575D0,.684867198482575D0,1.0D0,      863P   1342
1.0D0,.707106781186548D0,.707106781186548D0,1.0D0,1.0D0,             863P   1343
.707106781186548D0,.707106781186548D0,1.0D0,1.0D0,                   863P   1344
.707106781186548D0,.707106781186548D0,1.0D0,1.0D0,                   863P   1345
.707106781186548D0,.707106781186548D0,1.0D0,1.0D0,-.561D0,           863P   1346
1.69999999999869D-2,4.40700000000006D0,-.625D0,                      863P   1347
1.69999999999869D-2,4.40700000000006D0,-.561D0,                      863P   1348
-.092000000000013D0,4.40700000000006D0,-.625D0,                      863P   1349
-.092000000000013D0,4.40700000000006D0,-.561D0,                      863P   1350
-9.20000000000107D-2,4.51600000000006D0,-.625D0,                     863P   1351
-9.20000000000107D-2,4.51600000000006D0,-.561D0,                     863P   1352
-9.20000000000082D-2,4.62500000000006D0,-.625D0,                     863P   1353
-9.20000000000082D-2,4.62500000000006D0,-.561D0,                     863P   1354
1.69999999999917D-2,4.62500000000006D0,-.625D0,                      863P   1355
1.69999999999917D-2,4.62500000000006D0,-.561D0,                      863P   1356
.125999999999992D0,4.62500000000006D0,-.625D0,                       863P   1357
.125999999999992D0,4.62500000000006D0,-.561D0,                       863P   1358
.125999999999989D0,4.51600000000006D0,-.625D0,                       863P   1359
.125999999999989D0,4.51600000000006D0,-.561D0,                       863P   1360
.125999999999987D0,4.40700000000006D0,-.625D0,                       863P   1361
.125999999999987D0,4.40700000000006D0,-.561D0,                       863P   1362
1.69999999999869D-2,4.40700000000006D0,-.625D0,                      863P   1363
1.69999999999869D-2,4.40700000000006D0,-108.379768923572D0,          863P   1364
-107.792612960269D0,0.0D0,.684867198482575D0;                        863P   1365
100,0.0D0,0.0D0,0.0D0,-.109D0,-2.35853181969848D-15,.109D0,          865P   1366
2.39358889346143D-15;                                                865P   1367
100,0.0D0,0.0D0,0.0D0,.109D0,-2.44698349390425D-15,-.109D0,          867P   1368
2.36352069626765D-15;                                                867P   1369
508,4,0,9,25,1,0,0,9,155,0,0,0,9,27,0,0,0,9,156,0,0;                 869P   1370
510,863,1,1,869;                                                     871P   1371
128,1,8,1,2,0,1,0,0,0,-108.379768923572D0,-108.379768923572D0,       873P   1372
-107.792612960269D0,-107.792612960269D0,0.0D0,0.0D0,0.0D0,           873P   1373
.171216799620644D0,.171216799620644D0,.342433599241287D0,            873P   1374
.342433599241287D0,.513650398861931D0,.513650398861931D0,            873P   1375
.684867198482575D0,.684867198482575D0,.684867198482575D0,1.0D0,      873P   1376
1.0D0,.707106781186548D0,.707106781186548D0,1.0D0,1.0D0,             873P   1377
.707106781186548D0,.707106781186548D0,1.0D0,1.0D0,                   873P   1378
.707106781186548D0,.707106781186548D0,1.0D0,1.0D0,                   873P   1379
.707106781186548D0,.707106781186548D0,1.0D0,1.0D0,-.561D0,           873P   1380
.641999999999987D0,4.40700000000005D0,-.625D0,                       873P   1381
.641999999999987D0,4.40700000000005D0,-.561D0,                       873P   1382
.532999999999987D0,4.40700000000005D0,-.625D0,                       873P   1383
.532999999999987D0,4.40700000000005D0,-.561D0,                       873P   1384
.532999999999989D0,4.51600000000005D0,-.625D0,                       873P   1385
.532999999999989D0,4.51600000000005D0,-.561D0,                       873P   1386
.532999999999992D0,4.62500000000005D0,-.625D0,                       873P   1387
.532999999999992D0,4.62500000000005D0,-.561D0,                       873P   1388
.641999999999992D0,4.62500000000005D0,-.625D0,                       873P   1389
.641999999999992D0,4.62500000000005D0,-.561D0,                       873P   1390
.750999999999992D0,4.62500000000005D0,-.625D0,                       873P   1391
.750999999999992D0,4.62500000000005D0,-.561D0,.75099999999999D0,     873P   1392
4.51600000000005D0,-.625D0,.75099999999999D0,4.51600000000005D0,     873P   1393
-.561D0,.750999999999987D0,4.40700000000005D0,-.625D0,               873P   1394
.750999999999987D0,4.40700000000005D0,-.561D0,                       873P   1395
.641999999999987D0,4.40700000000005D0,-.625D0,                       873P   1396
.641999999999987D0,4.40700000000005D0,-108.379768923572D0,           873P   1397
-107.792612960269D0,0.0D0,.684867198482575D0;                        873P   1398
100,0.0D0,0.0D0,0.0D0,-.109D0,-2.31012609582482D-15,.109D0,          875P   1399
2.29677744571412D-15;                                                875P   1400
100,0.0D0,0.0D0,0.0D0,.109D0,-2.44698349390425D-15,-.109D0,          877P   1401
2.36352069626765D-15;                                                877P   1402
508,4,0,9,21,1,0,0,9,157,0,0,0,9,23,0,0,0,9,158,0,0;                 879P   1403
510,873,1,1,879;                                                     881P   1404
128,1,8,1,2,0,1,0,0,0,-108.379768923572D0,-108.379768923572D0,       883P   1405
-107.792612960269D0,-107.792612960269D0,0.0D0,0.0D0,0.0D0,           883P   1406
.171216799620644D0,.171216799620644D0,.342433599241287D0,            883P   1407
.342433599241287D0,.513650398861931D0,.513650398861931D0,            883P   1408
.684867198482575D0,.684867198482575D0,.684867198482575D0,1.0D0,      883P   1409
1.0D0,.707106781186548D0,.707106781186548D0,1.0D0,1.0D0,             883P   1410
.707106781186548D0,.707106781186548D0,1.0D0,1.0D0,                   883P   1411
.707106781186548D0,.707106781186548D0,1.0D0,1.0D0,                   883P   1412
.707106781186548D0,.707106781186548D0,1.0D0,1.0D0,-.561D0,           883P   1413
1.26699999999999D0,4.40700000000004D0,-.625D0,                       883P   1414
1.26699999999999D0,4.40700000000004D0,-.561D0,                       883P   1415
1.15799999999999D0,4.40700000000004D0,-.625D0,                       883P   1416
1.15799999999999D0,4.40700000000004D0,-.561D0,                       883P   1417
1.15799999999999D0,4.51600000000004D0,-.625D0,                       883P   1418
1.15799999999999D0,4.51600000000004D0,-.561D0,                       883P   1419
1.15799999999999D0,4.62500000000004D0,-.625D0,                       883P   1420
1.15799999999999D0,4.62500000000004D0,-.561D0,                       883P   1421
1.26699999999999D0,4.62500000000004D0,-.625D0,                       883P   1422
1.26699999999999D0,4.62500000000004D0,-.561D0,                       883P   1423
1.37599999999999D0,4.62500000000003D0,-.625D0,                       883P   1424
1.37599999999999D0,4.62500000000003D0,-.561D0,                       883P   1425
1.37599999999999D0,4.51600000000003D0,-.625D0,                       883P   1426
1.37599999999999D0,4.51600000000003D0,-.561D0,                       883P   1427
1.37599999999999D0,4.40700000000003D0,-.625D0,                       883P   1428
1.37599999999999D0,4.40700000000003D0,-.561D0,                       883P   1429
1.26699999999999D0,4.40700000000004D0,-.625D0,                       883P   1430
1.26699999999999D0,4.40700000000004D0,-108.379768923572D0,           883P   1431
-107.792612960269D0,0.0D0,.684867198482575D0;                        883P   1432
100,0.0D0,0.0D0,0.0D0,-.109D0,-2.40693754357213D-15,.109D0,          885P   1433
2.39358889346143D-15;                                                885P   1434
100,0.0D0,0.0D0,0.0D0,.109D0,-2.44698349390425D-15,-.109D0,          887P   1435
2.36352069626765D-15;                                                887P   1436
508,4,0,9,17,1,0,0,9,159,0,0,0,9,19,0,0,0,9,160,0,0;                 889P   1437
510,883,1,1,889;                                                     891P   1438
128,1,8,1,2,0,1,0,0,0,-108.379768923572D0,-108.379768923572D0,       893P   1439
-107.792612960269D0,-107.792612960269D0,0.0D0,0.0D0,0.0D0,           893P   1440
.171216799620644D0,.171216799620644D0,.342433599241287D0,            893P   1441
.342433599241287D0,.513650398861931D0,.513650398861931D0,            893P   1442
.684867198482575D0,.684867198482575D0,.684867198482575D0,1.0D0,      893P   1443
1.0D0,.707106781186548D0,.707106781186548D0,1.0D0,1.0D0,             893P   1444
.707106781186548D0,.707106781186548D0,1.0D0,1.0D0,                   893P   1445
.707106781186548D0,.707106781186548D0,1.0D0,1.0D0,                   893P   1446
.707106781186548D0,.707106781186548D0,1.0D0,1.0D0,-.561D0,           893P   1447
1.89199999999999D0,4.40700000000002D0,-.625D0,                       893P   1448
1.89199999999999D0,4.40700000000002D0,-.561D0,                       893P   1449
1.78299999999999D0,4.40700000000002D0,-.625D0,                       893P   1450
1.78299999999999D0,4.40700000000002D0,-.561D0,                       893P   1451
1.78299999999999D0,4.51600000000002D0,-.625D0,                       893P   1452
1.78299999999999D0,4.51600000000002D0,-.561D0,                       893P   1453
1.78299999999999D0,4.62500000000002D0,-.625D0,                       893P   1454
1.78299999999999D0,4.62500000000002D0,-.561D0,                       893P   1455
1.89199999999999D0,4.62500000000002D0,-.625D0,                       893P   1456
1.89199999999999D0,4.62500000000002D0,-.561D0,                       893P   1457
2.00099999999999D0,4.62500000000002D0,-.625D0,                       893P   1458
2.00099999999999D0,4.62500000000002D0,-.561D0,                       893P   1459
2.00099999999999D0,4.51600000000002D0,-.625D0,                       893P   1460
2.00099999999999D0,4.51600000000002D0,-.561D0,                       893P   1461
2.00099999999999D0,4.40700000000002D0,-.625D0,                       893P   1462
2.00099999999999D0,4.40700000000002D0,-.561D0,                       893P   1463
1.89199999999999D0,4.40700000000002D0,-.625D0,                       893P   1464
1.89199999999999D0,4.40700000000002D0,-108.379768923572D0,           893P   1465
-107.792612960269D0,0.0D0,.684867198482575D0;                        893P   1466
100,0.0D0,0.0D0,0.0D0,-.109D0,-2.40693754357213D-15,.109D0,          895P   1467
2.39358889346143D-15;                                                895P   1468
100,0.0D0,0.0D0,0.0D0,.109D0,-2.44698349390425D-15,-.109D0,          897P   1469
2.36352069626765D-15;                                                897P   1470
508,4,0,9,13,1,0,0,9,161,0,0,0,9,15,0,0,0,9,162,0,0;                 899P   1471
510,893,1,1,899;                                                     901P   1472
128,1,8,1,2,0,1,0,0,0,-108.379768923572D0,-108.379768923572D0,       903P   1473
-107.792612960269D0,-107.792612960269D0,0.0D0,0.0D0,0.0D0,           903P   1474
.171216799620644D0,.171216799620644D0,.342433599241287D0,            903P   1475
.342433599241287D0,.513650398861931D0,.513650398861931D0,            903P   1476
.684867198482575D0,.684867198482575D0,.684867198482575D0,1.0D0,      903P   1477
1.0D0,.707106781186548D0,.707106781186548D0,1.0D0,1.0D0,             903P   1478
.707106781186548D0,.707106781186548D0,1.0D0,1.0D0,                   903P   1479
.707106781186548D0,.707106781186548D0,1.0D0,1.0D0,                   903P   1480
.707106781186548D0,.707106781186548D0,1.0D0,1.0D0,-.561D0,           903P   1481
2.51699999999999D0,4.40700000000001D0,-.625D0,                       903P   1482
2.51699999999999D0,4.40700000000001D0,-.561D0,                       903P   1483
2.40799999999999D0,4.40700000000001D0,-.625D0,                       903P   1484
2.40799999999999D0,4.40700000000001D0,-.561D0,                       903P   1485
2.40799999999999D0,4.51600000000001D0,-.625D0,                       903P   1486
2.40799999999999D0,4.51600000000001D0,-.561D0,                       903P   1487
2.40799999999999D0,4.62500000000001D0,-.625D0,                       903P   1488
2.40799999999999D0,4.62500000000001D0,-.561D0,                       903P   1489
2.51699999999999D0,4.62500000000001D0,-.625D0,                       903P   1490
2.51699999999999D0,4.62500000000001D0,-.561D0,                       903P   1491
2.62599999999999D0,4.62500000000001D0,-.625D0,                       903P   1492
2.62599999999999D0,4.62500000000001D0,-.561D0,                       903P   1493
2.62599999999999D0,4.51600000000001D0,-.625D0,                       903P   1494
2.62599999999999D0,4.51600000000001D0,-.561D0,                       903P   1495
2.62599999999999D0,4.40700000000001D0,-.625D0,                       903P   1496
2.62599999999999D0,4.40700000000001D0,-.561D0,                       903P   1497
2.51699999999999D0,4.40700000000001D0,-.625D0,                       903P   1498
2.51699999999999D0,4.40700000000001D0,-108.379768923572D0,           903P   1499
-107.792612960269D0,0.0D0,.684867198482575D0;                        903P   1500
100,0.0D0,0.0D0,0.0D0,-.109D0,-2.21331464807751D-15,.109D0,          905P   1501
2.1999659979668D-15;                                                 905P   1502
100,0.0D0,0.0D0,0.0D0,.109D0,-2.73741783714619D-15,-.109D0,          907P   1503
2.36352069626765D-15;                                                907P   1504
508,4,0,9,9,1,0,0,9,163,0,0,0,9,11,0,0,0,9,164,0,0;                  909P   1505
510,903,1,1,909;                                                     911P   1506
116,0.0D0,-1.59539922829993D-15,-1.63910879619856D-17,0;             913P   1507
123,1.0D0,0.0D0,0.0D0;                                               915P   1508
190,913,915,919;                                                     917P   1509
123,0.0D0,0.0D0,-1.0D0;                                              919P   1510
110,0.0D0,-2.797D0,4.857D0,0.0D0,-2.733D0,4.85700000000012D0;        921P   1511
110,0.0D0,-2.797D0,4.953D0,0.0D0,-2.797D0,4.857D0;                   923P   1512
100,0.0D0,0.0D0,0.0D0,2.48603300226913D-17,.406D0,-.406D0,           925P   1513
-2.11388197034412D-15;                                               925P   1514
124,0.0D0,0.0D0,-1.0D0,0.0D0,0.0D0,-1.0D0,0.0D0,-2.797D0,-1.0D0,     927P   1515
0.0D0,0.0D0,4.547D0;                                                 927P   1516
110,0.0D0,-3.203D0,-4.547D0,0.0D0,-3.203D0,4.547D0;                  929P   1517
100,0.0D0,0.0D0,0.0D0,2.1884629604122D-15,.406D0,-.406D0,            931P   1518
4.97206600453826D-17;                                                931P   1519
124,0.0D0,0.0D0,-1.0D0,0.0D0,1.0D0,0.0D0,0.0D0,-2.797D0,0.0D0,       933P   1520
-1.0D0,0.0D0,-4.547D0;                                               933P   1521
110,0.0D0,-2.797D0,-4.857D0,0.0D0,-2.797D0,-4.953D0;                 935P   1522
110,0.0D0,2.797D0,-4.953D0,0.0D0,2.797D0,-4.857D0;                   937P   1523
100,0.0D0,0.0D0,0.0D0,-1.77814186196856D-15,.406D0,-.406D0,          939P   1524
4.97206600453826D-17;                                                939P   1525
124,0.0D0,0.0D0,-1.0D0,0.0D0,0.0D0,1.0D0,0.0D0,2.797D0,1.0D0,        941P   1526
0.0D0,0.0D0,-4.547D0;                                                941P   1527
110,0.0D0,3.203D0,4.547D0,0.0D0,3.203D0,-4.547D0;                    943P   1528
100,0.0D0,0.0D0,0.0D0,2.48603300226913D-17,.406D0,-.406D0,           945P   1529
1.85272285203664D-15;                                                945P   1530
124,0.0D0,0.0D0,-1.0D0,0.0D0,-1.0D0,0.0D0,0.0D0,2.797D0,0.0D0,       947P   1531
1.0D0,0.0D0,4.547D0;                                                 947P   1532
110,0.0D0,2.797D0,4.857D0,0.0D0,2.797D0,4.953D0;                     949P   1533
110,0.0D0,2.767D0,4.857D0,0.0D0,2.797D0,4.857D0;                     951P   1534
110,0.0D0,-2.733D0,4.85700000000012D0,0.0D0,2.767D0,4.857D0;         953P   1535
508,16,0,9,165,0,0,0,9,166,0,0,0,9,167,0,0,0,9,168,0,0,0,9,169,      955P   1536
0,0,0,9,170,0,0,0,9,141,0,0,0,9,138,0,0,0,9,146,0,0,0,9,171,0,0,     955P   1537
0,9,172,0,0,0,9,173,0,0,0,9,174,0,0,0,9,175,0,0,0,9,176,0,0,0,9,     955P   1538
177,0,0;                                                             955P   1539
510,917,1,1,955;                                                     957P   1540
116,-.064D0,-1.68281836409719D-15,1.74838271594513D-16,0;            959P   1541
123,-1.0D0,0.0D0,0.0D0;                                              961P   1542
190,959,961,965;                                                     963P   1543
123,0.0D0,0.0D0,1.0D0;                                               965P   1544
110,-.064D0,2.797D0,4.857D0,-.064D0,2.767D0,4.857D0;                 967P   1545
110,-.064D0,2.797D0,4.953D0,-.064D0,2.797D0,4.857D0;                 969P   1546
100,0.0D0,0.0D0,0.0D0,-.406D0,-1.75328153194587D-15,                 971P   1547
-7.45809900680738D-17,-.406D0;                                       971P   1548
124,0.0D0,0.0D0,1.0D0,-.064D0,-1.0D0,0.0D0,0.0D0,2.797D0,0.0D0,      973P   1549
-1.0D0,0.0D0,4.547D0;                                                973P   1550
110,-.064D0,3.203D0,-4.547D0,-.064D0,3.203D0,4.547D0;                975P   1551
100,0.0D0,0.0D0,0.0D0,-.406D0,4.97206600453826D-17,                  977P   1552
-1.87758318205933D-15,-.406D0;                                       977P   1553
124,0.0D0,0.0D0,1.0D0,-.064D0,0.0D0,-1.0D0,0.0D0,2.797D0,1.0D0,      979P   1554
0.0D0,0.0D0,-4.547D0;                                                979P   1555
110,-.064D0,2.797D0,-4.857D0,-.064D0,2.797D0,-4.953D0;               981P   1556
110,-.064D0,-2.797D0,-4.953D0,-.064D0,-2.797D0,-4.857D0;             983P   1557
100,0.0D0,0.0D0,0.0D0,-.406D0,4.97206600453826D-17,                  985P   1558
2.08902164032143D-15,-.406D0;                                        985P   1559
124,0.0D0,0.0D0,1.0D0,-.064D0,1.0D0,0.0D0,0.0D0,-2.797D0,0.0D0,      987P   1560
1.0D0,0.0D0,-4.547D0;                                                987P   1561
110,-.064D0,-3.203D0,4.547D0,-.064D0,-3.203D0,-4.547D0;              989P   1562
100,0.0D0,0.0D0,0.0D0,-.406D0,2.21332329043489D-15,                  991P   1563
-7.45809900680738D-17,-.406D0;                                       991P   1564
124,0.0D0,0.0D0,1.0D0,-.064D0,0.0D0,1.0D0,0.0D0,-2.797D0,-1.0D0,     993P   1565
0.0D0,0.0D0,4.547D0;                                                 993P   1566
110,-.064D0,-2.797D0,4.857D0,-.064D0,-2.797D0,4.953D0;               995P   1567
110,-.064D0,-2.733D0,4.85700000000012D0,-.064D0,-2.797D0,            997P   1568
4.857D0;                                                             997P   1569
110,-.064D0,2.767D0,4.857D0,-.064D0,-2.733D0,4.85700000000012D0;     999P   1570
508,16,0,9,178,0,0,0,9,179,0,0,0,9,180,0,0,0,9,181,0,0,0,9,182,     1001P   1571
0,0,0,9,183,0,0,0,9,144,0,0,0,9,112,0,0,0,9,143,0,0,0,9,184,0,0,    1001P   1572
0,9,185,0,0,0,9,186,0,0,0,9,187,0,0,0,9,188,0,0,0,9,189,0,0,0,9,    1001P   1573
190,0,0;                                                            1001P   1574
510,963,1,1,1001;                                                   1003P   1575
128,1,8,1,2,0,1,0,0,0,-203.679220908092D0,-203.679220908092D0,      1005P   1576
-202.57577263223D0,-202.57577263223D0,0.0D0,0.0D0,0.0D0,            1005P   1577
.091106186954104D0,.091106186954104D0,.182212373908208D0,           1005P   1578
.182212373908208D0,.273318560862312D0,.273318560862312D0,           1005P   1579
.364424747816416D0,.364424747816416D0,.364424747816416D0,1.0D0,     1005P   1580
1.0D0,.707106781186548D0,.707106781186548D0,1.0D0,1.0D0,            1005P   1581
.707106781186548D0,.707106781186548D0,1.0D0,1.0D0,                  1005P   1582
.707106781186548D0,.707106781186548D0,1.0D0,1.0D0,                  1005P   1583
.707106781186548D0,.707106781186548D0,1.0D0,1.0D0,-.379D0,          1005P   1584
-1.233D0,4.88900000000009D0,-.379D0,-1.233D0,4.95300000000009D0,    1005P   1585
-.379D0,-1.291D0,4.88900000000009D0,-.379D0,-1.291D0,               1005P   1586
4.95300000000009D0,-.321D0,-1.291D0,4.88900000000009D0,-.321D0,     1005P   1587
-1.291D0,4.95300000000009D0,-.263D0,-1.291D0,4.88900000000009D0,    1005P   1588
-.263D0,-1.291D0,4.95300000000009D0,-.263D0,-1.233D0,               1005P   1589
4.88900000000009D0,-.263D0,-1.233D0,4.95300000000009D0,-.263D0,     1005P   1590
-1.175D0,4.88900000000009D0,-.263D0,-1.175D0,4.95300000000009D0,    1005P   1591
-.321D0,-1.175D0,4.88900000000009D0,-.321D0,-1.175D0,               1005P   1592
4.95300000000009D0,-.379D0,-1.175D0,4.88900000000009D0,-.379D0,     1005P   1593
-1.175D0,4.95300000000009D0,-.379D0,-1.233D0,4.88900000000009D0,    1005P   1594
-.379D0,-1.233D0,4.95300000000009D0,-203.679220908092D0,            1005P   1595
-202.57577263223D0,0.0D0,.364424747816416D0;                        1005P   1596
100,0.0D0,0.0D0,0.0D0,-.058D0,7.10295143505465D-18,.058D0,          1007P   1597
-1.42059028701093D-17;                                              1007P   1598
100,0.0D0,0.0D0,0.0D0,.058D0,0.0D0,-.058D0,                         1009P   1599
-1.98954441935374D-16;                                              1009P   1600
508,4,0,9,5,1,0,0,9,191,0,0,0,9,7,0,0,0,9,192,0,0;                  1011P   1601
510,1005,1,1,1011;                                                  1013P   1602
128,1,8,1,2,0,1,0,0,0,-203.679220908092D0,-203.679220908092D0,      1015P   1603
-202.57577263223D0,-202.57577263223D0,0.0D0,0.0D0,0.0D0,            1015P   1604
.091106186954104D0,.091106186954104D0,.182212373908208D0,           1015P   1605
.182212373908208D0,.273318560862312D0,.273318560862312D0,           1015P   1606
.364424747816416D0,.364424747816416D0,.364424747816416D0,1.0D0,     1015P   1607
1.0D0,.707106781186548D0,.707106781186548D0,1.0D0,1.0D0,            1015P   1608
.707106781186548D0,.707106781186548D0,1.0D0,1.0D0,                  1015P   1609
.707106781186548D0,.707106781186548D0,1.0D0,1.0D0,                  1015P   1610
.707106781186548D0,.707106781186548D0,1.0D0,1.0D0,-.379D0,          1015P   1611
1.267D0,4.88900000000003D0,-.379D0,1.267D0,4.95300000000004D0,      1015P   1612
-.379D0,1.209D0,4.88900000000003D0,-.379D0,1.209D0,                 1015P   1613
4.95300000000004D0,-.321D0,1.209D0,4.88900000000003D0,-.321D0,      1015P   1614
1.209D0,4.95300000000004D0,-.263D0,1.209D0,4.88900000000003D0,      1015P   1615
-.263D0,1.209D0,4.95300000000004D0,-.263D0,1.267D0,                 1015P   1616
4.88900000000003D0,-.263D0,1.267D0,4.95300000000004D0,-.263D0,      1015P   1617
1.325D0,4.88900000000003D0,-.263D0,1.325D0,4.95300000000003D0,      1015P   1618
-.321D0,1.325D0,4.88900000000003D0,-.321D0,1.325D0,                 1015P   1619
4.95300000000003D0,-.379D0,1.325D0,4.88900000000003D0,-.379D0,      1015P   1620
1.325D0,4.95300000000003D0,-.379D0,1.267D0,4.88900000000003D0,      1015P   1621
-.379D0,1.267D0,4.95300000000004D0,-203.679220908092D0,             1015P   1622
-202.57577263223D0,0.0D0,.364424747816416D0;                        1015P   1623
100,0.0D0,0.0D0,0.0D0,-.058D0,7.10295143505465D-18,.058D0,          1017P   1624
-2.20263296240538D-16;                                              1017P   1625
100,0.0D0,0.0D0,0.0D0,.058D0,0.0D0,-.058D0,7.10295143505465D-18;    1019P   1626
508,4,0,9,1,1,0,0,9,193,0,0,0,9,3,0,0,0,9,194,0,0;                  1021P   1627
510,1015,1,1,1021;                                                  1023P   1628
120,1029,1027,0.0D0,6.28318530717959D0;                             1025P   1629
110,-.128D0,3.042D0,4.857D0,-.128D0,-3.008D0,4.85700000000013D0;    1027P   1630
110,-.096D0,3.042D0,4.857D0,-.096D0,2.042D0,4.857D0;                1029P   1631
100,0.0D0,0.0D0,0.0D0,-.032D0,3.91886975727153D-18,                 1031P   1632
-5.8783046359073D-18,-.032D0;                                       1031P   1633
124,-1.0D0,0.0D0,0.0D0,-.096D0,0.0D0,0.0D0,-1.0D0,-2.733D0,         1033P   1634
0.0D0,-1.0D0,0.0D0,4.85700000000012D0;                              1033P   1635
110,-.096D0,2.767D0,4.889D0,-.096D0,-2.733D0,4.88900000000012D0;    1035P   1636
100,0.0D0,0.0D0,0.0D0,-1.22514198365662D-17,.032D0,-.032D0,         1037P   1637
3.91886975727153D-18;                                               1037P   1638
124,-1.0D0,0.0D0,0.0D0,-.096D0,0.0D0,0.0D0,1.0D0,2.767D0,0.0D0,     1039P   1639
1.0D0,0.0D0,4.857D0;                                                1039P   1640
508,4,0,9,195,1,0,0,9,196,0,0,0,9,197,1,0,0,9,190,1,0;              1041P   1641
510,1025,1,1,1041;                                                  1043P   1642
116,-.096D0,2.767D0,4.889D0,0;                                      1045P   1643
123,0.0D0,0.0D0,-1.0D0;                                             1047P   1644
190,1045,1047,1051;                                                 1049P   1645
123,-1.0D0,0.0D0,0.0D0;                                             1051P   1646
110,-.096D0,-2.733D0,4.88900000000012D0,-.529D0,-2.733D0,           1053P   1647
4.88900000000012D0;                                                 1053P   1648
110,-.529D0,2.767D0,4.889D0,-.529D0,-2.733D0,4.88900000000012D0;    1055P   1649
110,-.529D0,2.767D0,4.889D0,-.096D0,2.767D0,4.889D0;                1057P   1650
508,4,0,9,198,1,0,0,9,199,0,0,0,9,200,1,0,0,9,196,1,0;              1059P   1651
508,2,0,9,191,1,0,0,9,8,1,0;                                        1061P   1652
508,2,0,9,193,1,0,0,9,4,1,0;                                        1063P   1653
510,1049,3,1,1059,1061,1063;                                        1065P   1654
120,1071,1069,0.0D0,6.28318530717959D0;                             1067P   1655
110,-.529D0,3.042D0,4.825D0,-.529D0,-3.008D0,4.82500000000013D0;    1069P   1656
110,-.529D0,3.042D0,4.857D0,-.529D0,2.042D0,4.857D0;                1071P   1657
100,0.0D0,0.0D0,0.0D0,-.032D0,3.91886975727153D-18,                 1073P   1658
-5.8783046359073D-18,-.032D0;                                       1073P   1659
124,0.0D0,1.0D0,0.0D0,-.529D0,0.0D0,0.0D0,-1.0D0,-2.733D0,          1075P   1660
-1.0D0,0.0D0,0.0D0,4.85700000000012D0;                              1075P   1661
110,-.561D0,2.767D0,4.857D0,-.561D0,-2.733D0,4.85700000000012D0;    1077P   1662
100,0.0D0,0.0D0,0.0D0,1.95943487863577D-18,.032D0,-.032D0,          1079P   1663
3.91886975727153D-18;                                               1079P   1664
124,0.0D0,-1.0D0,0.0D0,-.529D0,0.0D0,0.0D0,1.0D0,2.767D0,-1.0D0,    1081P   1665
0.0D0,0.0D0,4.857D0;                                                1081P   1666
508,4,0,9,201,1,0,0,9,202,0,0,0,9,203,1,0,0,9,199,1,0;              1083P   1667
510,1067,1,1,1083;                                                  1085P   1668
116,-.561D0,2.767D0,4.857D0,0;                                      1087P   1669
123,1.0D0,0.0D0,0.0D0;                                              1089P   1670
190,1087,1089,1093;                                                 1091P   1671
123,0.0D0,0.0D0,-1.0D0;                                             1093P   1672
110,-.561D0,-2.733D0,4.85700000000012D0,-.561D0,                    1095P   1673
-2.73300000000002D0,4.32800000000012D0;                             1095P   1674
110,-.561D0,2.76699999999999D0,4.328D0,-.561D0,                     1097P   1675
-2.73300000000002D0,4.32800000000012D0;                             1097P   1676
110,-.561D0,2.76699999999999D0,4.328D0,-.561D0,2.767D0,4.857D0;     1099P   1677
508,4,0,9,204,1,0,0,9,205,0,0,0,9,206,1,0,0,9,202,1,0;              1101P   1678
508,2,0,9,147,1,0,0,9,44,1,0;                                       1103P   1679
508,2,0,9,149,1,0,0,9,40,1,0;                                       1105P   1680
508,2,0,9,151,1,0,0,9,36,1,0;                                       1107P   1681
508,2,0,9,153,1,0,0,9,32,1,0;                                       1109P   1682
508,2,0,9,155,1,0,0,9,28,1,0;                                       1111P   1683
508,2,0,9,157,1,0,0,9,24,1,0;                                       1113P   1684
508,2,0,9,159,1,0,0,9,20,1,0;                                       1115P   1685
508,2,0,9,161,1,0,0,9,16,1,0;                                       1117P   1686
508,2,0,9,163,1,0,0,9,12,1,0;                                       1119P   1687
510,1091,10,1,1101,1103,1105,1107,1109,1111,1113,1115,1117,1119;    1121P   1688
116,-.561D0,2.76699999999999D0,4.328D0,0;                           1123P   1689
123,0.0D0,0.0D0,-1.0D0;                                             1125P   1690
190,1123,1125,1129;                                                 1127P   1691
123,-1.0D0,0.0D0,0.0D0;                                             1129P   1692
110,-.561D0,-2.73300000000002D0,4.32800000000012D0,-.625D0,         1131P   1693
-2.73300000000002D0,4.32800000000012D0;                             1131P   1694
110,-.625D0,2.76699999999999D0,4.328D0,-.625D0,                     1133P   1695
-2.73300000000002D0,4.32800000000012D0;                             1133P   1696
110,-.625D0,2.76699999999999D0,4.328D0,-.561D0,                     1135P   1697
2.76699999999999D0,4.328D0;                                         1135P   1698
508,4,0,9,207,1,0,0,9,208,0,0,0,9,209,1,0,0,9,205,1,0;              1137P   1699
510,1127,1,1,1137;                                                  1139P   1700
116,-.625D0,2.76699999999999D0,4.328D0,0;                           1141P   1701
123,-1.0D0,0.0D0,0.0D0;                                             1143P   1702
190,1141,1143,1147;                                                 1145P   1703
123,0.0D0,0.0D0,1.0D0;                                              1147P   1704
110,-.625D0,-2.73300000000002D0,4.32800000000012D0,-.625D0,         1149P   1705
-2.733D0,4.85700000000012D0;                                        1149P   1706
110,-.625D0,2.767D0,4.857D0,-.625D0,-2.733D0,4.85700000000012D0;    1151P   1707
110,-.625D0,2.767D0,4.857D0,-.625D0,2.76699999999999D0,4.328D0;     1153P   1708
508,4,0,9,210,1,0,0,9,211,0,0,0,9,212,1,0,0,9,208,1,0;              1155P   1709
508,2,0,9,148,1,0,0,9,42,1,0;                                       1157P   1710
508,2,0,9,150,1,0,0,9,38,1,0;                                       1159P   1711
508,2,0,9,152,1,0,0,9,34,1,0;                                       1161P   1712
508,2,0,9,154,1,0,0,9,30,1,0;                                       1163P   1713
508,2,0,9,156,1,0,0,9,26,1,0;                                       1165P   1714
508,2,0,9,158,1,0,0,9,22,1,0;                                       1167P   1715
508,2,0,9,160,1,0,0,9,18,1,0;                                       1169P   1716
508,2,0,9,162,1,0,0,9,14,1,0;                                       1171P   1717
508,2,0,9,164,1,0,0,9,10,1,0;                                       1173P   1718
510,1145,10,1,1155,1157,1159,1161,1163,1165,1167,1169,1171,1173;    1175P   1719
116,-.529D0,2.767D0,4.857D0,0;                                      1177P   1720
123,0.0D0,-1.0D0,2.18706783376409D-14;                              1179P   1721
192,1177,1179,.096D0,1183;                                          1181P   1722
123,0.0D0,0.0D0,1.0D0;                                              1183P   1723
100,0.0D0,0.0D0,0.0D0,-1.76349139077219D-17,-.096D0,.096D0,         1185P   1724
-2.35132185436292D-17;                                              1185P   1725
124,0.0D0,1.0D0,0.0D0,-.529D0,0.0D0,0.0D0,1.0D0,-2.733D0,1.0D0,     1187P   1726
0.0D0,0.0D0,4.85700000000012D0;                                     1187P   1727
110,-.529D0,2.767D0,4.953D0,-.529D0,-2.733D0,4.95300000000012D0;    1189P   1728
100,0.0D0,0.0D0,0.0D0,.096D0,0.0D0,5.8783046359073D-18,.096D0;      1191P   1729
124,0.0D0,-1.0D0,0.0D0,-.529D0,0.0D0,0.0D0,-1.0D0,2.767D0,1.0D0,    1193P   1730
0.0D0,0.0D0,4.857D0;                                                1193P   1731
508,4,0,9,213,1,0,0,9,214,0,0,0,9,215,1,0,0,9,211,1,0;              1195P   1732
510,1181,1,1,1195;                                                  1197P   1733
116,-.529D0,2.767D0,4.953D0,0;                                      1199P   1734
123,0.0D0,0.0D0,1.0D0;                                              1201P   1735
190,1199,1201,1205;                                                 1203P   1736
123,1.0D0,0.0D0,0.0D0;                                              1205P   1737
110,-.529D0,-2.733D0,4.95300000000012D0,-.096D0,-2.733D0,           1207P   1738
4.95300000000012D0;                                                 1207P   1739
110,-.096D0,2.767D0,4.953D0,-.096D0,-2.733D0,4.95300000000012D0;    1209P   1740
110,-.096D0,2.767D0,4.953D0,-.529D0,2.767D0,4.953D0;                1211P   1741
508,4,0,9,216,1,0,0,9,217,0,0,0,9,218,1,0,0,9,214,1,0;              1213P   1742
508,2,0,9,192,1,0,0,9,6,1,0;                                        1215P   1743
508,2,0,9,194,1,0,0,9,2,1,0;                                        1217P   1744
510,1203,3,1,1213,1215,1217;                                        1219P   1745
116,-.096D0,2.767D0,4.857D0,0;                                      1221P   1746
123,0.0D0,-1.0D0,2.18706783376409D-14;                              1223P   1747
192,1221,1223,.096D0,1227;                                          1225P   1748
123,1.0D0,0.0D0,0.0D0;                                              1227P   1749
100,0.0D0,0.0D0,0.0D0,-1.76349139077219D-17,-.096D0,.096D0,         1229P   1750
-2.35132185436292D-17;                                              1229P   1751
124,1.0D0,0.0D0,0.0D0,-.096D0,0.0D0,0.0D0,1.0D0,-2.733D0,0.0D0,     1231P   1752
-1.0D0,0.0D0,4.85700000000012D0;                                    1231P   1753
100,0.0D0,0.0D0,0.0D0,.096D0,0.0D0,-3.67542595096987D-17,.096D0;    1233P   1754
124,1.0D0,0.0D0,0.0D0,-.096D0,0.0D0,0.0D0,-1.0D0,2.767D0,0.0D0,     1235P   1755
1.0D0,0.0D0,4.857D0;                                                1235P   1756
508,4,0,9,219,1,0,0,9,177,1,0,0,9,220,1,0,0,9,217,1,0;              1237P   1757
510,1225,1,1,1237;                                                  1239P   1758
116,-.433426659358251D0,2.76699999999999D0,4.75992631461219D0,0;    1241P   1759
123,0.0D0,1.0D0,0.0D0;                                              1243P   1760
190,1241,1243,1247;                                                 1245P   1761
123,0.0D0,0.0D0,1.0D0;                                              1247P   1762
110,-.064D0,2.767D0,4.857D0,0.0D0,2.767D0,4.857D0;                  1249P   1763
508,10,0,9,220,0,0,0,9,221,0,0,0,9,197,0,0,0,9,200,0,0,0,9,203,     1251P   1764
0,0,0,9,206,0,0,0,9,209,0,0,0,9,212,0,0,0,9,215,0,0,0,9,218,0,0;    1251P   1765
510,1245,1,1,1251;                                                  1253P   1766
116,-.433426659358251D0,-2.73300000000001D0,4.75992631461231D0,     1255P   1767
0;                                                                  1255P   1768
123,0.0D0,-1.0D0,0.0D0;                                             1257P   1769
190,1255,1257,1261;                                                 1259P   1770
123,0.0D0,0.0D0,-1.0D0;                                             1261P   1771
110,0.0D0,-2.733D0,4.85700000000012D0,-.064D0,-2.733D0,             1263P   1772
4.85700000000012D0;                                                 1263P   1773
508,10,0,9,222,0,0,0,9,219,0,0,0,9,216,0,0,0,9,213,0,0,0,9,210,     1265P   1774
0,0,0,9,207,0,0,0,9,204,0,0,0,9,201,0,0,0,9,198,0,0,0,9,195,0,0;    1265P   1775
510,1259,1,1,1265;                                                  1267P   1776
116,0.0D0,-1.3987061727561D-15,4.857D0,0;                           1269P   1777
123,0.0D0,0.0D0,1.0D0;                                              1271P   1778
190,1269,1271,1275;                                                 1273P   1779
123,1.0D0,0.0D0,0.0D0;                                              1275P   1780
110,0.0D0,2.797D0,4.857D0,-.064D0,2.797D0,4.857D0;                  1277P   1781
508,4,0,9,221,1,0,0,9,176,1,0,0,9,223,1,0,0,9,178,1,0;              1279P   1782
510,1273,1,1,1279;                                                  1281P   1783
116,0.0D0,-1.3987061727561D-15,4.857D0,0;                           1283P   1784
123,0.0D0,0.0D0,1.0D0;                                              1285P   1785
190,1283,1285,1289;                                                 1287P   1786
123,1.0D0,0.0D0,0.0D0;                                              1289P   1787
110,0.0D0,-2.797D0,4.857D0,-.064D0,-2.797D0,4.857D0;                1291P   1788
508,4,0,9,222,1,0,0,9,189,1,0,0,9,224,0,0,0,9,165,1,0;              1293P   1789
510,1287,1,1,1293;                                                  1295P   1790
116,0.0D0,-2.797D0,4.857D0,0;                                       1297P   1791
123,0.0D0,1.0D0,0.0D0;                                              1299P   1792
190,1297,1299,1303;                                                 1301P   1793
123,0.0D0,0.0D0,1.0D0;                                              1303P   1794
110,0.0D0,-2.797D0,4.953D0,-.064D0,-2.797D0,4.953D0;                1305P   1795
508,4,0,9,188,1,0,0,9,225,0,0,0,9,166,1,0,0,9,224,1,0;              1307P   1796
510,1301,1,1,1307;                                                  1309P   1797
116,0.0D0,-2.797D0,4.547D0,0;                                       1311P   1798
123,-1.0D0,0.0D0,0.0D0;                                             1313P   1799
192,1311,1313,.406D0,1317;                                          1315P   1800
123,0.0D0,0.0D0,-1.0D0;                                             1317P   1801
110,0.0D0,-3.203D0,4.547D0,-.064D0,-3.203D0,4.547D0;                1319P   1802
508,4,0,9,187,1,0,0,9,226,0,0,0,9,167,1,0,0,9,225,1,0;              1321P   1803
510,1315,1,1,1321;                                                  1323P   1804
116,0.0D0,-3.203D0,4.547D0,0;                                       1325P   1805
123,0.0D0,-1.0D0,0.0D0;                                             1327P   1806
190,1325,1327,1331;                                                 1329P   1807
123,0.0D0,0.0D0,-1.0D0;                                             1331P   1808
110,0.0D0,-3.203D0,-4.547D0,-.064D0,-3.203D0,-4.547D0;              1333P   1809
508,4,0,9,186,1,0,0,9,227,0,0,0,9,168,1,0,0,9,226,1,0;              1335P   1810
510,1329,1,1,1335;                                                  1337P   1811
116,0.0D0,-2.797D0,-4.547D0,0;                                      1339P   1812
123,-1.0D0,0.0D0,0.0D0;                                             1341P   1813
192,1339,1341,.406D0,1345;                                          1343P   1814
123,0.0D0,1.0D0,0.0D0;                                              1345P   1815
110,0.0D0,-2.797D0,-4.953D0,-.064D0,-2.797D0,-4.953D0;              1347P   1816
508,4,0,9,185,1,0,0,9,228,0,0,0,9,169,1,0,0,9,227,1,0;              1349P   1817
510,1343,1,1,1349;                                                  1351P   1818
116,0.0D0,-2.797D0,-4.953D0,0;                                      1353P   1819
123,0.0D0,1.0D0,0.0D0;                                              1355P   1820
190,1353,1355,1359;                                                 1357P   1821
123,0.0D0,0.0D0,1.0D0;                                              1359P   1822
508,4,0,9,184,1,0,0,9,142,0,0,0,9,170,1,0,0,9,228,1,0;              1361P   1823
510,1357,1,1,1361;                                                  1363P   1824
116,0.0D0,2.797D0,-4.857D0,0;                                       1365P   1825
123,0.0D0,-1.0D0,0.0D0;                                             1367P   1826
190,1365,1367,1371;                                                 1369P   1827
123,0.0D0,0.0D0,-1.0D0;                                             1371P   1828
110,0.0D0,2.797D0,-4.953D0,-.064D0,2.797D0,-4.953D0;                1373P   1829
508,4,0,9,183,1,0,0,9,229,0,0,0,9,171,1,0,0,9,145,1,0;              1375P   1830
510,1369,1,1,1375;                                                  1377P   1831
116,0.0D0,2.797D0,-4.547D0,0;                                       1379P   1832
123,-1.0D0,0.0D0,0.0D0;                                             1381P   1833
192,1379,1381,.406D0,1385;                                          1383P   1834
123,0.0D0,0.0D0,1.0D0;                                              1385P   1835
110,0.0D0,3.203D0,-4.547D0,-.064D0,3.203D0,-4.547D0;                1387P   1836
508,4,0,9,182,1,0,0,9,230,0,0,0,9,172,1,0,0,9,229,1,0;              1389P   1837
510,1383,1,1,1389;                                                  1391P   1838
116,0.0D0,3.203D0,-4.547D0,0;                                       1393P   1839
123,0.0D0,1.0D0,0.0D0;                                              1395P   1840
190,1393,1395,1399;                                                 1397P   1841
123,0.0D0,0.0D0,1.0D0;                                              1399P   1842
110,0.0D0,3.203D0,4.547D0,-.064D0,3.203D0,4.547D0;                  1401P   1843
508,4,0,9,181,1,0,0,9,231,0,0,0,9,173,1,0,0,9,230,1,0;              1403P   1844
510,1397,1,1,1403;                                                  1405P   1845
116,0.0D0,2.797D0,4.547D0,0;                                        1407P   1846
123,-1.0D0,0.0D0,0.0D0;                                             1409P   1847
192,1407,1409,.406D0,1413;                                          1411P   1848
123,0.0D0,-1.0D0,0.0D0;                                             1413P   1849
110,0.0D0,2.797D0,4.953D0,-.064D0,2.797D0,4.953D0;                  1415P   1850
508,4,0,9,180,1,0,0,9,232,0,0,0,9,174,1,0,0,9,231,1,0;              1417P   1851
510,1411,1,1,1417;                                                  1419P   1852
116,0.0D0,2.797D0,4.953D0,0;                                        1421P   1853
123,0.0D0,-1.0D0,0.0D0;                                             1423P   1854
190,1421,1423,1427;                                                 1425P   1855
123,0.0D0,0.0D0,-1.0D0;                                             1427P   1856
508,4,0,9,179,1,0,0,9,223,0,0,0,9,175,1,0,0,9,232,1,0;              1429P   1857
510,1425,1,1,1429;                                                  1431P   1858
514,82,23,1,41,1,59,1,77,1,95,1,113,1,131,1,149,1,167,1,185,1,      1433P   1859
203,1,225,1,247,1,269,1,291,1,313,1,335,1,357,1,379,1,401,1,423,    1433P   1860
1,445,1,459,1,473,1,487,1,501,1,515,1,529,1,543,1,557,1,571,1,      1433P   1861
585,1,599,1,617,1,633,1,649,1,679,1,691,1,721,1,737,1,753,1,769,    1433P   1862
1,777,1,785,1,803,1,821,1,831,1,841,1,851,1,861,1,871,1,881,1,      1433P   1863
891,1,901,1,911,1,957,1,1003,1,1013,1,1023,1,1043,1,1065,1,1085,    1433P   1864
1,1121,1,1139,1,1175,1,1197,1,1219,1,1239,1,1253,1,1267,1,1281,     1433P   1865
1,1295,1,1309,1,1323,1,1337,1,1351,1,1363,1,1377,1,1391,1,1405,     1433P   1866
1,1419,1,1431,1;                                                    1433P   1867
186,1433,1,0;                                                       1435P   1868
314,75.2941012382507D0,75.2941012382507D0,75.2941012382507D0,7HD    1437P   1869
efault;                                                             1437P   1870
S      1G      4D   1438P   1870                                        T      1
