ISO-10303-21;
HEADER;
/****************************************************************
 * Generated by software with PDE/Lib inside                    *
 * PDElib Version v51a, created Thu 12/14/2006                  *
 * International Technegroup Inc. (www.iti-oh.com)              *
 ****************************************************************/
FILE_DESCRIPTION((''),'2;1');
FILE_NAME('E:\\Eng\\Customer Service\\Drawings\\1401\\3D Files\\1401K\\1401K - Vented Panel.stp','2007-10-24T08:26:44',('trinas'),(''),'Autodesk Inventor 2008','Autodesk Inventor 2008','');
FILE_SCHEMA(('AUTOMOTIVE_DESIGN { 1 0 10303 214 1 1 1 1 }'));
ENDSEC;
DATA;
#5=APPLICATION_CONTEXT('automotive design');
#6=APPLICATION_PROTOCOL_DEFINITION('International Standard','automotive_design',2001,#5);
#7=PRODUCT_CONTEXT('',#5,'mechanical');
#8=PRODUCT('1401K - Vented Panel','1401K - Vented Panel',$,(#7));
#9=PRODUCT_RELATED_PRODUCT_CATEGORY('part',$,(#8));
#10=PRODUCT_DEFINITION_FORMATION('',$,#8);
#11=PRODUCT_DEFINITION_CONTEXT('part definition',#5,'design');
#12=PRODUCT_DEFINITION('',$,#10,#11);
#18=(NAMED_UNIT(*)PLANE_ANGLE_UNIT()SI_UNIT($,.RADIAN.));
#19=DIMENSIONAL_EXPONENTS(0.0,0.0,0.0,0.0,0.0,0.0,0.0);
#20=PLANE_ANGLE_MEASURE_WITH_UNIT(PLANE_ANGLE_MEASURE(0.017453292500000),#18);
#24=(CONVERSION_BASED_UNIT('DEGREE',#20)NAMED_UNIT(#19)PLANE_ANGLE_UNIT());
#28=(NAMED_UNIT(*)SI_UNIT($,.STERADIAN.)SOLID_ANGLE_UNIT());
#32=(LENGTH_UNIT()NAMED_UNIT(*)SI_UNIT(.CENTI.,.METRE.));
#33=DIMENSIONAL_EXPONENTS(1.0,0.0,0.0,0.0,0.0,0.0,0.0);
#34=LENGTH_MEASURE_WITH_UNIT(LENGTH_MEASURE(2.540000000000000),#32);
#38=(CONVERSION_BASED_UNIT('INCH',#34)LENGTH_UNIT()NAMED_UNIT(#33));
#40=UNCERTAINTY_MEASURE_WITH_UNIT(LENGTH_MEASURE(0.000393700787402),#38,'DISTANCE_ACCURACY_VALUE','');
#42=(GEOMETRIC_REPRESENTATION_CONTEXT(3)GLOBAL_UNCERTAINTY_ASSIGNED_CONTEXT((#40))GLOBAL_UNIT_ASSIGNED_CONTEXT((#24,#28,#38))REPRESENTATION_CONTEXT('None','None'));
#43=AXIS2_PLACEMENT_3D('',#44,#45,#46);
#44=CARTESIAN_POINT('',(0.0,0.0,0.0));
#45=DIRECTION('',(0.0,0.0,1.0));
#46=DIRECTION('',(1.0,0.0,0.0));
#47=SHAPE_REPRESENTATION('',(#43),#42);
#48=PRODUCT_DEFINITION_SHAPE('','',#12);
#49=SHAPE_DEFINITION_REPRESENTATION(#48,#47);
#55=(NAMED_UNIT(*)PLANE_ANGLE_UNIT()SI_UNIT($,.RADIAN.));
#56=DIMENSIONAL_EXPONENTS(0.0,0.0,0.0,0.0,0.0,0.0,0.0);
#57=PLANE_ANGLE_MEASURE_WITH_UNIT(PLANE_ANGLE_MEASURE(0.017453292500000),#55);
#61=(CONVERSION_BASED_UNIT('DEGREE',#57)NAMED_UNIT(#56)PLANE_ANGLE_UNIT());
#65=(NAMED_UNIT(*)SI_UNIT($,.STERADIAN.)SOLID_ANGLE_UNIT());
#69=(LENGTH_UNIT()NAMED_UNIT(*)SI_UNIT(.MILLI.,.METRE.));
#71=UNCERTAINTY_MEASURE_WITH_UNIT(LENGTH_MEASURE(0.000001000000000),#69,'DISTANCE_ACCURACY_VALUE','');
#73=(GEOMETRIC_REPRESENTATION_CONTEXT(3)GLOBAL_UNCERTAINTY_ASSIGNED_CONTEXT((#71))GLOBAL_UNIT_ASSIGNED_CONTEXT((#61,#65,#69))REPRESENTATION_CONTEXT('','3D'));
#74=CARTESIAN_POINT('',(0.0,2.514999999999998,-1.687999999999998));
#75=DIRECTION('',(-1.0,0.0,0.0));
#76=DIRECTION('',(0.0,0.0,1.0));
#77=AXIS2_PLACEMENT_3D('',#74,#75,#76);
#78=CYLINDRICAL_SURFACE('',#77,0.062500000000000);
#79=CARTESIAN_POINT('',(-0.064000000000000,2.514999999999996,-1.750499999999998));
#80=VERTEX_POINT('',#79);
#81=CARTESIAN_POINT('',(-0.064000000000000,2.514999999999997,-1.625499999999998));
#82=VERTEX_POINT('',#81);
#83=CARTESIAN_POINT('',(-0.064000000000000,2.514999999999998,-1.687999999999998));
#84=DIRECTION('',(1.0,0.0,0.0));
#85=DIRECTION('',(0.0,0.0,1.0));
#86=AXIS2_PLACEMENT_3D('',#83,#84,#85);
#87=CIRCLE('',#86,0.062500000000000);
#88=EDGE_CURVE('',#80,#82,#87,.T.);
#89=ORIENTED_EDGE('',*,*,#88,.F.);
#90=CARTESIAN_POINT('',(0.0,2.514999999999996,-1.750499999999998));
#91=VERTEX_POINT('',#90);
#92=CARTESIAN_POINT('',(0.0,2.514999999999996,-1.750499999999998));
#93=DIRECTION('',(-1.0,0.0,0.0));
#94=VECTOR('',#93,0.064000000000000);
#95=LINE('',#92,#94);
#96=EDGE_CURVE('',#91,#80,#95,.T.);
#97=ORIENTED_EDGE('',*,*,#96,.F.);
#98=CARTESIAN_POINT('',(0.0,2.514999999999997,-1.625499999999998));
#99=VERTEX_POINT('',#98);
#100=CARTESIAN_POINT('',(0.0,2.514999999999998,-1.687999999999998));
#101=DIRECTION('',(-1.0,0.0,0.0));
#102=DIRECTION('',(0.0,0.0,1.0));
#103=AXIS2_PLACEMENT_3D('',#100,#101,#102);
#104=CIRCLE('',#103,0.062500000000000);
#105=EDGE_CURVE('',#99,#91,#104,.T.);
#106=ORIENTED_EDGE('',*,*,#105,.F.);
#107=CARTESIAN_POINT('',(0.0,2.514999999999997,-1.625499999999998));
#108=DIRECTION('',(-1.0,0.0,0.0));
#109=VECTOR('',#108,0.064000000000000);
#110=LINE('',#107,#109);
#111=EDGE_CURVE('',#99,#82,#110,.T.);
#112=ORIENTED_EDGE('',*,*,#111,.T.);
#113=EDGE_LOOP('',(#89,#97,#106,#112));
#114=FACE_OUTER_BOUND('',#113,.T.);
#115=ADVANCED_FACE('',(#114),#78,.F.);
#116=CARTESIAN_POINT('',(0.0,1.761999999999997,-1.750499999999998));
#117=DIRECTION('',(0.0,0.0,-1.0));
#118=DIRECTION('',(-1.0,0.0,0.0));
#119=AXIS2_PLACEMENT_3D('',#116,#117,#118);
#120=PLANE('',#119);
#121=CARTESIAN_POINT('',(-0.064000000000000,1.761999999999997,-1.750499999999998));
#122=VERTEX_POINT('',#121);
#123=CARTESIAN_POINT('',(-0.064000000000000,1.761999999999997,-1.750499999999998));
#124=DIRECTION('',(0.0,1.0,0.0));
#125=VECTOR('',#124,0.752999999999999);
#126=LINE('',#123,#125);
#127=EDGE_CURVE('',#122,#80,#126,.T.);
#128=ORIENTED_EDGE('',*,*,#127,.F.);
#129=CARTESIAN_POINT('',(0.0,1.761999999999997,-1.750499999999998));
#130=VERTEX_POINT('',#129);
#131=CARTESIAN_POINT('',(0.0,1.761999999999997,-1.750499999999998));
#132=DIRECTION('',(-1.0,0.0,0.0));
#133=VECTOR('',#132,0.064000000000000);
#134=LINE('',#131,#133);
#135=EDGE_CURVE('',#130,#122,#134,.T.);
#136=ORIENTED_EDGE('',*,*,#135,.F.);
#137=CARTESIAN_POINT('',(0.0,2.514999999999996,-1.750499999999998));
#138=DIRECTION('',(0.0,-1.0,0.0));
#139=VECTOR('',#138,0.752999999999999);
#140=LINE('',#137,#139);
#141=EDGE_CURVE('',#91,#130,#140,.T.);
#142=ORIENTED_EDGE('',*,*,#141,.F.);
#143=ORIENTED_EDGE('',*,*,#96,.T.);
#144=EDGE_LOOP('',(#128,#136,#142,#143));
#145=FACE_OUTER_BOUND('',#144,.T.);
#146=ADVANCED_FACE('',(#145),#120,.F.);
#147=CARTESIAN_POINT('',(0.0,1.761999999999998,-1.687999999999999));
#148=DIRECTION('',(-1.0,0.0,0.0));
#149=DIRECTION('',(0.0,0.0,-1.0));
#150=AXIS2_PLACEMENT_3D('',#147,#148,#149);
#151=CYLINDRICAL_SURFACE('',#150,0.062500000000000);
#152=CARTESIAN_POINT('',(-0.064000000000000,1.761999999999997,-1.625499999999998));
#153=VERTEX_POINT('',#152);
#154=CARTESIAN_POINT('',(-0.064000000000000,1.761999999999998,-1.687999999999999));
#155=DIRECTION('',(1.0,0.0,0.0));
#156=DIRECTION('',(0.0,0.0,-1.0));
#157=AXIS2_PLACEMENT_3D('',#154,#155,#156);
#158=CIRCLE('',#157,0.062500000000000);
#159=EDGE_CURVE('',#153,#122,#158,.T.);
#160=ORIENTED_EDGE('',*,*,#159,.F.);
#161=CARTESIAN_POINT('',(0.0,1.761999999999997,-1.625499999999998));
#162=VERTEX_POINT('',#161);
#163=CARTESIAN_POINT('',(0.0,1.761999999999997,-1.625499999999998));
#164=DIRECTION('',(-1.0,0.0,0.0));
#165=VECTOR('',#164,0.064000000000000);
#166=LINE('',#163,#165);
#167=EDGE_CURVE('',#162,#153,#166,.T.);
#168=ORIENTED_EDGE('',*,*,#167,.F.);
#169=CARTESIAN_POINT('',(0.0,1.761999999999998,-1.687999999999999));
#170=DIRECTION('',(-1.0,0.0,0.0));
#171=DIRECTION('',(0.0,0.0,-1.0));
#172=AXIS2_PLACEMENT_3D('',#169,#170,#171);
#173=CIRCLE('',#172,0.062500000000000);
#174=EDGE_CURVE('',#130,#162,#173,.T.);
#175=ORIENTED_EDGE('',*,*,#174,.F.);
#176=ORIENTED_EDGE('',*,*,#135,.T.);
#177=EDGE_LOOP('',(#160,#168,#175,#176));
#178=FACE_OUTER_BOUND('',#177,.T.);
#179=ADVANCED_FACE('',(#178),#151,.F.);
#180=CARTESIAN_POINT('',(0.0,2.514999999999997,-1.625499999999998));
#181=DIRECTION('',(0.0,0.0,1.0));
#182=DIRECTION('',(1.0,0.0,0.0));
#183=AXIS2_PLACEMENT_3D('',#180,#181,#182);
#184=PLANE('',#183);
#185=CARTESIAN_POINT('',(-0.064000000000000,2.514999999999997,-1.625499999999998));
#186=DIRECTION('',(0.0,-1.0,0.0));
#187=VECTOR('',#186,0.753000000000000);
#188=LINE('',#185,#187);
#189=EDGE_CURVE('',#82,#153,#188,.T.);
#190=ORIENTED_EDGE('',*,*,#189,.F.);
#191=ORIENTED_EDGE('',*,*,#111,.F.);
#192=CARTESIAN_POINT('',(0.0,1.761999999999997,-1.625499999999998));
#193=DIRECTION('',(0.0,1.0,0.0));
#194=VECTOR('',#193,0.753000000000000);
#195=LINE('',#192,#194);
#196=EDGE_CURVE('',#162,#99,#195,.T.);
#197=ORIENTED_EDGE('',*,*,#196,.F.);
#198=ORIENTED_EDGE('',*,*,#167,.T.);
#199=EDGE_LOOP('',(#190,#191,#197,#198));
#200=FACE_OUTER_BOUND('',#199,.T.);
#201=ADVANCED_FACE('',(#200),#184,.F.);
#202=CARTESIAN_POINT('',(0.0,2.514999999999997,-2.000499999999998));
#203=DIRECTION('',(0.0,0.0,1.0));
#204=DIRECTION('',(1.0,0.0,0.0));
#205=AXIS2_PLACEMENT_3D('',#202,#203,#204);
#206=PLANE('',#205);
#207=CARTESIAN_POINT('',(-0.064000000000000,2.514999999999997,-2.000499999999998));
#208=VERTEX_POINT('',#207);
#209=CARTESIAN_POINT('',(-0.064000000000000,1.761999999999997,-2.000499999999998));
#210=VERTEX_POINT('',#209);
#211=CARTESIAN_POINT('',(-0.064000000000000,2.514999999999997,-2.000499999999998));
#212=DIRECTION('',(0.0,-1.0,0.0));
#213=VECTOR('',#212,0.753000000000000);
#214=LINE('',#211,#213);
#215=EDGE_CURVE('',#208,#210,#214,.T.);
#216=ORIENTED_EDGE('',*,*,#215,.F.);
#217=CARTESIAN_POINT('',(0.0,2.514999999999997,-2.000499999999998));
#218=VERTEX_POINT('',#217);
#219=CARTESIAN_POINT('',(0.0,2.514999999999997,-2.000499999999998));
#220=DIRECTION('',(-1.0,0.0,0.0));
#221=VECTOR('',#220,0.064000000000000);
#222=LINE('',#219,#221);
#223=EDGE_CURVE('',#218,#208,#222,.T.);
#224=ORIENTED_EDGE('',*,*,#223,.F.);
#225=CARTESIAN_POINT('',(0.0,1.761999999999997,-2.000499999999998));
#226=VERTEX_POINT('',#225);
#227=CARTESIAN_POINT('',(0.0,1.761999999999997,-2.000499999999998));
#228=DIRECTION('',(0.0,1.0,0.0));
#229=VECTOR('',#228,0.753000000000000);
#230=LINE('',#227,#229);
#231=EDGE_CURVE('',#226,#218,#230,.T.);
#232=ORIENTED_EDGE('',*,*,#231,.F.);
#233=CARTESIAN_POINT('',(0.0,1.761999999999997,-2.000499999999998));
#234=DIRECTION('',(-1.0,0.0,0.0));
#235=VECTOR('',#234,0.064000000000000);
#236=LINE('',#233,#235);
#237=EDGE_CURVE('',#226,#210,#236,.T.);
#238=ORIENTED_EDGE('',*,*,#237,.T.);
#239=EDGE_LOOP('',(#216,#224,#232,#238));
#240=FACE_OUTER_BOUND('',#239,.T.);
#241=ADVANCED_FACE('',(#240),#206,.F.);
#242=CARTESIAN_POINT('',(0.0,1.761999999999999,-2.062999999999998));
#243=DIRECTION('',(-1.0,0.0,0.0));
#244=DIRECTION('',(0.0,0.0,-1.0));
#245=AXIS2_PLACEMENT_3D('',#242,#243,#244);
#246=CYLINDRICAL_SURFACE('',#245,0.062500000000000);
#247=CARTESIAN_POINT('',(-0.064000000000000,1.761999999999997,-2.125499999999998));
#248=VERTEX_POINT('',#247);
#249=CARTESIAN_POINT('',(-0.064000000000000,1.761999999999999,-2.062999999999998));
#250=DIRECTION('',(1.0,0.0,0.0));
#251=DIRECTION('',(0.0,0.0,-1.0));
#252=AXIS2_PLACEMENT_3D('',#249,#250,#251);
#253=CIRCLE('',#252,0.062500000000000);
#254=EDGE_CURVE('',#210,#248,#253,.T.);
#255=ORIENTED_EDGE('',*,*,#254,.F.);
#256=ORIENTED_EDGE('',*,*,#237,.F.);
#257=CARTESIAN_POINT('',(0.0,1.761999999999997,-2.125499999999998));
#258=VERTEX_POINT('',#257);
#259=CARTESIAN_POINT('',(0.0,1.761999999999999,-2.062999999999998));
#260=DIRECTION('',(-1.0,0.0,0.0));
#261=DIRECTION('',(0.0,0.0,-1.0));
#262=AXIS2_PLACEMENT_3D('',#259,#260,#261);
#263=CIRCLE('',#262,0.062500000000000);
#264=EDGE_CURVE('',#258,#226,#263,.T.);
#265=ORIENTED_EDGE('',*,*,#264,.F.);
#266=CARTESIAN_POINT('',(0.0,1.761999999999997,-2.125499999999998));
#267=DIRECTION('',(-1.0,0.0,0.0));
#268=VECTOR('',#267,0.064000000000000);
#269=LINE('',#266,#268);
#270=EDGE_CURVE('',#258,#248,#269,.T.);
#271=ORIENTED_EDGE('',*,*,#270,.T.);
#272=EDGE_LOOP('',(#255,#256,#265,#271));
#273=FACE_OUTER_BOUND('',#272,.T.);
#274=ADVANCED_FACE('',(#273),#246,.F.);
#275=CARTESIAN_POINT('',(0.0,1.761999999999997,-2.125499999999998));
#276=DIRECTION('',(0.0,0.0,-1.0));
#277=DIRECTION('',(-1.0,0.0,0.0));
#278=AXIS2_PLACEMENT_3D('',#275,#276,#277);
#279=PLANE('',#278);
#280=CARTESIAN_POINT('',(-0.064000000000000,2.514999999999996,-2.125499999999998));
#281=VERTEX_POINT('',#280);
#282=CARTESIAN_POINT('',(-0.064000000000000,1.761999999999997,-2.125499999999998));
#283=DIRECTION('',(0.0,1.0,0.0));
#284=VECTOR('',#283,0.752999999999999);
#285=LINE('',#282,#284);
#286=EDGE_CURVE('',#248,#281,#285,.T.);
#287=ORIENTED_EDGE('',*,*,#286,.F.);
#288=ORIENTED_EDGE('',*,*,#270,.F.);
#289=CARTESIAN_POINT('',(0.0,2.514999999999996,-2.125499999999998));
#290=VERTEX_POINT('',#289);
#291=CARTESIAN_POINT('',(0.0,2.514999999999996,-2.125499999999998));
#292=DIRECTION('',(0.0,-1.0,0.0));
#293=VECTOR('',#292,0.752999999999999);
#294=LINE('',#291,#293);
#295=EDGE_CURVE('',#290,#258,#294,.T.);
#296=ORIENTED_EDGE('',*,*,#295,.F.);
#297=CARTESIAN_POINT('',(0.0,2.514999999999996,-2.125499999999998));
#298=DIRECTION('',(-1.0,0.0,0.0));
#299=VECTOR('',#298,0.064000000000000);
#300=LINE('',#297,#299);
#301=EDGE_CURVE('',#290,#281,#300,.T.);
#302=ORIENTED_EDGE('',*,*,#301,.T.);
#303=EDGE_LOOP('',(#287,#288,#296,#302));
#304=FACE_OUTER_BOUND('',#303,.T.);
#305=ADVANCED_FACE('',(#304),#279,.F.);
#306=CARTESIAN_POINT('',(0.0,2.514999999999998,-2.062999999999998));
#307=DIRECTION('',(-1.0,0.0,0.0));
#308=DIRECTION('',(0.0,0.0,1.0));
#309=AXIS2_PLACEMENT_3D('',#306,#307,#308);
#310=CYLINDRICAL_SURFACE('',#309,0.062500000000000);
#311=CARTESIAN_POINT('',(-0.064000000000000,2.514999999999998,-2.062999999999998));
#312=DIRECTION('',(1.0,0.0,0.0));
#313=DIRECTION('',(0.0,0.0,1.0));
#314=AXIS2_PLACEMENT_3D('',#311,#312,#313);
#315=CIRCLE('',#314,0.062500000000000);
#316=EDGE_CURVE('',#281,#208,#315,.T.);
#317=ORIENTED_EDGE('',*,*,#316,.F.);
#318=ORIENTED_EDGE('',*,*,#301,.F.);
#319=CARTESIAN_POINT('',(0.0,2.514999999999998,-2.062999999999998));
#320=DIRECTION('',(-1.0,0.0,0.0));
#321=DIRECTION('',(0.0,0.0,1.0));
#322=AXIS2_PLACEMENT_3D('',#319,#320,#321);
#323=CIRCLE('',#322,0.062500000000000);
#324=EDGE_CURVE('',#218,#290,#323,.T.);
#325=ORIENTED_EDGE('',*,*,#324,.F.);
#326=ORIENTED_EDGE('',*,*,#223,.T.);
#327=EDGE_LOOP('',(#317,#318,#325,#326));
#328=FACE_OUTER_BOUND('',#327,.T.);
#329=ADVANCED_FACE('',(#328),#310,.F.);
#330=CARTESIAN_POINT('',(0.0,2.514999999999998,-2.437999999999998));
#331=DIRECTION('',(-1.0,0.0,0.0));
#332=DIRECTION('',(0.0,0.0,1.0));
#333=AXIS2_PLACEMENT_3D('',#330,#331,#332);
#334=CYLINDRICAL_SURFACE('',#333,0.062500000000000);
#335=CARTESIAN_POINT('',(-0.064000000000000,2.514999999999996,-2.500499999999998));
#336=VERTEX_POINT('',#335);
#337=CARTESIAN_POINT('',(-0.064000000000000,2.514999999999997,-2.375499999999998));
#338=VERTEX_POINT('',#337);
#339=CARTESIAN_POINT('',(-0.064000000000000,2.514999999999998,-2.437999999999998));
#340=DIRECTION('',(1.0,0.0,0.0));
#341=DIRECTION('',(0.0,0.0,1.0));
#342=AXIS2_PLACEMENT_3D('',#339,#340,#341);
#343=CIRCLE('',#342,0.062500000000000);
#344=EDGE_CURVE('',#336,#338,#343,.T.);
#345=ORIENTED_EDGE('',*,*,#344,.F.);
#346=CARTESIAN_POINT('',(0.0,2.514999999999996,-2.500499999999998));
#347=VERTEX_POINT('',#346);
#348=CARTESIAN_POINT('',(0.0,2.514999999999996,-2.500499999999998));
#349=DIRECTION('',(-1.0,0.0,0.0));
#350=VECTOR('',#349,0.064000000000000);
#351=LINE('',#348,#350);
#352=EDGE_CURVE('',#347,#336,#351,.T.);
#353=ORIENTED_EDGE('',*,*,#352,.F.);
#354=CARTESIAN_POINT('',(0.0,2.514999999999997,-2.375499999999998));
#355=VERTEX_POINT('',#354);
#356=CARTESIAN_POINT('',(0.0,2.514999999999998,-2.437999999999998));
#357=DIRECTION('',(-1.0,0.0,0.0));
#358=DIRECTION('',(0.0,0.0,1.0));
#359=AXIS2_PLACEMENT_3D('',#356,#357,#358);
#360=CIRCLE('',#359,0.062500000000000);
#361=EDGE_CURVE('',#355,#347,#360,.T.);
#362=ORIENTED_EDGE('',*,*,#361,.F.);
#363=CARTESIAN_POINT('',(0.0,2.514999999999997,-2.375499999999998));
#364=DIRECTION('',(-1.0,0.0,0.0));
#365=VECTOR('',#364,0.064000000000000);
#366=LINE('',#363,#365);
#367=EDGE_CURVE('',#355,#338,#366,.T.);
#368=ORIENTED_EDGE('',*,*,#367,.T.);
#369=EDGE_LOOP('',(#345,#353,#362,#368));
#370=FACE_OUTER_BOUND('',#369,.T.);
#371=ADVANCED_FACE('',(#370),#334,.F.);
#372=CARTESIAN_POINT('',(0.0,1.761999999999997,-2.500499999999998));
#373=DIRECTION('',(0.0,0.0,-1.0));
#374=DIRECTION('',(-1.0,0.0,0.0));
#375=AXIS2_PLACEMENT_3D('',#372,#373,#374);
#376=PLANE('',#375);
#377=CARTESIAN_POINT('',(-0.064000000000000,1.761999999999997,-2.500499999999998));
#378=VERTEX_POINT('',#377);
#379=CARTESIAN_POINT('',(-0.064000000000000,1.761999999999997,-2.500499999999998));
#380=DIRECTION('',(0.0,1.0,0.0));
#381=VECTOR('',#380,0.752999999999999);
#382=LINE('',#379,#381);
#383=EDGE_CURVE('',#378,#336,#382,.T.);
#384=ORIENTED_EDGE('',*,*,#383,.F.);
#385=CARTESIAN_POINT('',(0.0,1.761999999999997,-2.500499999999998));
#386=VERTEX_POINT('',#385);
#387=CARTESIAN_POINT('',(0.0,1.761999999999997,-2.500499999999998));
#388=DIRECTION('',(-1.0,0.0,0.0));
#389=VECTOR('',#388,0.064000000000000);
#390=LINE('',#387,#389);
#391=EDGE_CURVE('',#386,#378,#390,.T.);
#392=ORIENTED_EDGE('',*,*,#391,.F.);
#393=CARTESIAN_POINT('',(0.0,2.514999999999996,-2.500499999999998));
#394=DIRECTION('',(0.0,-1.0,0.0));
#395=VECTOR('',#394,0.752999999999999);
#396=LINE('',#393,#395);
#397=EDGE_CURVE('',#347,#386,#396,.T.);
#398=ORIENTED_EDGE('',*,*,#397,.F.);
#399=ORIENTED_EDGE('',*,*,#352,.T.);
#400=EDGE_LOOP('',(#384,#392,#398,#399));
#401=FACE_OUTER_BOUND('',#400,.T.);
#402=ADVANCED_FACE('',(#401),#376,.F.);
#403=CARTESIAN_POINT('',(0.0,1.761999999999999,-2.437999999999998));
#404=DIRECTION('',(-1.0,0.0,0.0));
#405=DIRECTION('',(0.0,0.0,-1.0));
#406=AXIS2_PLACEMENT_3D('',#403,#404,#405);
#407=CYLINDRICAL_SURFACE('',#406,0.062500000000000);
#408=CARTESIAN_POINT('',(-0.064000000000000,1.761999999999997,-2.375499999999998));
#409=VERTEX_POINT('',#408);
#410=CARTESIAN_POINT('',(-0.064000000000000,1.761999999999999,-2.437999999999998));
#411=DIRECTION('',(1.0,0.0,0.0));
#412=DIRECTION('',(0.0,0.0,-1.0));
#413=AXIS2_PLACEMENT_3D('',#410,#411,#412);
#414=CIRCLE('',#413,0.062500000000000);
#415=EDGE_CURVE('',#409,#378,#414,.T.);
#416=ORIENTED_EDGE('',*,*,#415,.F.);
#417=CARTESIAN_POINT('',(0.0,1.761999999999997,-2.375499999999998));
#418=VERTEX_POINT('',#417);
#419=CARTESIAN_POINT('',(0.0,1.761999999999997,-2.375499999999998));
#420=DIRECTION('',(-1.0,0.0,0.0));
#421=VECTOR('',#420,0.064000000000000);
#422=LINE('',#419,#421);
#423=EDGE_CURVE('',#418,#409,#422,.T.);
#424=ORIENTED_EDGE('',*,*,#423,.F.);
#425=CARTESIAN_POINT('',(0.0,1.761999999999999,-2.437999999999998));
#426=DIRECTION('',(-1.0,0.0,0.0));
#427=DIRECTION('',(0.0,0.0,-1.0));
#428=AXIS2_PLACEMENT_3D('',#425,#426,#427);
#429=CIRCLE('',#428,0.062500000000000);
#430=EDGE_CURVE('',#386,#418,#429,.T.);
#431=ORIENTED_EDGE('',*,*,#430,.F.);
#432=ORIENTED_EDGE('',*,*,#391,.T.);
#433=EDGE_LOOP('',(#416,#424,#431,#432));
#434=FACE_OUTER_BOUND('',#433,.T.);
#435=ADVANCED_FACE('',(#434),#407,.F.);
#436=CARTESIAN_POINT('',(0.0,2.514999999999997,-2.375499999999998));
#437=DIRECTION('',(0.0,0.0,1.0));
#438=DIRECTION('',(1.0,0.0,0.0));
#439=AXIS2_PLACEMENT_3D('',#436,#437,#438);
#440=PLANE('',#439);
#441=CARTESIAN_POINT('',(-0.064000000000000,2.514999999999997,-2.375499999999998));
#442=DIRECTION('',(0.0,-1.0,0.0));
#443=VECTOR('',#442,0.753000000000000);
#444=LINE('',#441,#443);
#445=EDGE_CURVE('',#338,#409,#444,.T.);
#446=ORIENTED_EDGE('',*,*,#445,.F.);
#447=ORIENTED_EDGE('',*,*,#367,.F.);
#448=CARTESIAN_POINT('',(0.0,1.761999999999997,-2.375499999999998));
#449=DIRECTION('',(0.0,1.0,0.0));
#450=VECTOR('',#449,0.753000000000000);
#451=LINE('',#448,#450);
#452=EDGE_CURVE('',#418,#355,#451,.T.);
#453=ORIENTED_EDGE('',*,*,#452,.F.);
#454=ORIENTED_EDGE('',*,*,#423,.T.);
#455=EDGE_LOOP('',(#446,#447,#453,#454));
#456=FACE_OUTER_BOUND('',#455,.T.);
#457=ADVANCED_FACE('',(#456),#440,.F.);
#458=CARTESIAN_POINT('',(0.0,2.514999999999997,-2.750499999999998));
#459=DIRECTION('',(0.0,0.0,1.0));
#460=DIRECTION('',(1.0,0.0,0.0));
#461=AXIS2_PLACEMENT_3D('',#458,#459,#460);
#462=PLANE('',#461);
#463=CARTESIAN_POINT('',(-0.064000000000000,2.514999999999997,-2.750499999999998));
#464=VERTEX_POINT('',#463);
#465=CARTESIAN_POINT('',(-0.064000000000000,1.761999999999997,-2.750499999999998));
#466=VERTEX_POINT('',#465);
#467=CARTESIAN_POINT('',(-0.064000000000000,2.514999999999997,-2.750499999999998));
#468=DIRECTION('',(0.0,-1.0,0.0));
#469=VECTOR('',#468,0.753000000000000);
#470=LINE('',#467,#469);
#471=EDGE_CURVE('',#464,#466,#470,.T.);
#472=ORIENTED_EDGE('',*,*,#471,.F.);
#473=CARTESIAN_POINT('',(0.0,2.514999999999997,-2.750499999999998));
#474=VERTEX_POINT('',#473);
#475=CARTESIAN_POINT('',(0.0,2.514999999999997,-2.750499999999998));
#476=DIRECTION('',(-1.0,0.0,0.0));
#477=VECTOR('',#476,0.064000000000000);
#478=LINE('',#475,#477);
#479=EDGE_CURVE('',#474,#464,#478,.T.);
#480=ORIENTED_EDGE('',*,*,#479,.F.);
#481=CARTESIAN_POINT('',(0.0,1.761999999999997,-2.750499999999998));
#482=VERTEX_POINT('',#481);
#483=CARTESIAN_POINT('',(0.0,1.761999999999997,-2.750499999999998));
#484=DIRECTION('',(0.0,1.0,0.0));
#485=VECTOR('',#484,0.753000000000000);
#486=LINE('',#483,#485);
#487=EDGE_CURVE('',#482,#474,#486,.T.);
#488=ORIENTED_EDGE('',*,*,#487,.F.);
#489=CARTESIAN_POINT('',(0.0,1.761999999999997,-2.750499999999998));
#490=DIRECTION('',(-1.0,0.0,0.0));
#491=VECTOR('',#490,0.064000000000000);
#492=LINE('',#489,#491);
#493=EDGE_CURVE('',#482,#466,#492,.T.);
#494=ORIENTED_EDGE('',*,*,#493,.T.);
#495=EDGE_LOOP('',(#472,#480,#488,#494));
#496=FACE_OUTER_BOUND('',#495,.T.);
#497=ADVANCED_FACE('',(#496),#462,.F.);
#498=CARTESIAN_POINT('',(0.0,1.761999999999999,-2.812999999999999));
#499=DIRECTION('',(-1.0,0.0,0.0));
#500=DIRECTION('',(0.0,0.0,-1.0));
#501=AXIS2_PLACEMENT_3D('',#498,#499,#500);
#502=CYLINDRICAL_SURFACE('',#501,0.062500000000000);
#503=CARTESIAN_POINT('',(-0.064000000000000,1.761999999999997,-2.875499999999998));
#504=VERTEX_POINT('',#503);
#505=CARTESIAN_POINT('',(-0.064000000000000,1.761999999999999,-2.812999999999999));
#506=DIRECTION('',(1.0,0.0,0.0));
#507=DIRECTION('',(0.0,0.0,-1.0));
#508=AXIS2_PLACEMENT_3D('',#505,#506,#507);
#509=CIRCLE('',#508,0.062500000000000);
#510=EDGE_CURVE('',#466,#504,#509,.T.);
#511=ORIENTED_EDGE('',*,*,#510,.F.);
#512=ORIENTED_EDGE('',*,*,#493,.F.);
#513=CARTESIAN_POINT('',(0.0,1.761999999999997,-2.875499999999998));
#514=VERTEX_POINT('',#513);
#515=CARTESIAN_POINT('',(0.0,1.761999999999999,-2.812999999999999));
#516=DIRECTION('',(-1.0,0.0,0.0));
#517=DIRECTION('',(0.0,0.0,-1.0));
#518=AXIS2_PLACEMENT_3D('',#515,#516,#517);
#519=CIRCLE('',#518,0.062500000000000);
#520=EDGE_CURVE('',#514,#482,#519,.T.);
#521=ORIENTED_EDGE('',*,*,#520,.F.);
#522=CARTESIAN_POINT('',(0.0,1.761999999999997,-2.875499999999998));
#523=DIRECTION('',(-1.0,0.0,0.0));
#524=VECTOR('',#523,0.064000000000000);
#525=LINE('',#522,#524);
#526=EDGE_CURVE('',#514,#504,#525,.T.);
#527=ORIENTED_EDGE('',*,*,#526,.T.);
#528=EDGE_LOOP('',(#511,#512,#521,#527));
#529=FACE_OUTER_BOUND('',#528,.T.);
#530=ADVANCED_FACE('',(#529),#502,.F.);
#531=CARTESIAN_POINT('',(0.0,1.761999999999997,-2.875499999999998));
#532=DIRECTION('',(0.0,0.0,-1.0));
#533=DIRECTION('',(-1.0,0.0,0.0));
#534=AXIS2_PLACEMENT_3D('',#531,#532,#533);
#535=PLANE('',#534);
#536=CARTESIAN_POINT('',(-0.064000000000000,2.514999999999996,-2.875499999999998));
#537=VERTEX_POINT('',#536);
#538=CARTESIAN_POINT('',(-0.064000000000000,1.761999999999997,-2.875499999999998));
#539=DIRECTION('',(0.0,1.0,0.0));
#540=VECTOR('',#539,0.752999999999999);
#541=LINE('',#538,#540);
#542=EDGE_CURVE('',#504,#537,#541,.T.);
#543=ORIENTED_EDGE('',*,*,#542,.F.);
#544=ORIENTED_EDGE('',*,*,#526,.F.);
#545=CARTESIAN_POINT('',(0.0,2.514999999999996,-2.875499999999998));
#546=VERTEX_POINT('',#545);
#547=CARTESIAN_POINT('',(0.0,2.514999999999996,-2.875499999999998));
#548=DIRECTION('',(0.0,-1.0,0.0));
#549=VECTOR('',#548,0.752999999999999);
#550=LINE('',#547,#549);
#551=EDGE_CURVE('',#546,#514,#550,.T.);
#552=ORIENTED_EDGE('',*,*,#551,.F.);
#553=CARTESIAN_POINT('',(0.0,2.514999999999996,-2.875499999999998));
#554=DIRECTION('',(-1.0,0.0,0.0));
#555=VECTOR('',#554,0.064000000000000);
#556=LINE('',#553,#555);
#557=EDGE_CURVE('',#546,#537,#556,.T.);
#558=ORIENTED_EDGE('',*,*,#557,.T.);
#559=EDGE_LOOP('',(#543,#544,#552,#558));
#560=FACE_OUTER_BOUND('',#559,.T.);
#561=ADVANCED_FACE('',(#560),#535,.F.);
#562=CARTESIAN_POINT('',(0.0,2.514999999999999,-2.812999999999998));
#563=DIRECTION('',(-1.0,0.0,0.0));
#564=DIRECTION('',(0.0,0.0,1.0));
#565=AXIS2_PLACEMENT_3D('',#562,#563,#564);
#566=CYLINDRICAL_SURFACE('',#565,0.062500000000000);
#567=CARTESIAN_POINT('',(-0.064000000000000,2.514999999999999,-2.812999999999998));
#568=DIRECTION('',(1.0,0.0,0.0));
#569=DIRECTION('',(0.0,0.0,1.0));
#570=AXIS2_PLACEMENT_3D('',#567,#568,#569);
#571=CIRCLE('',#570,0.062500000000000);
#572=EDGE_CURVE('',#537,#464,#571,.T.);
#573=ORIENTED_EDGE('',*,*,#572,.F.);
#574=ORIENTED_EDGE('',*,*,#557,.F.);
#575=CARTESIAN_POINT('',(0.0,2.514999999999999,-2.812999999999998));
#576=DIRECTION('',(-1.0,0.0,0.0));
#577=DIRECTION('',(0.0,0.0,1.0));
#578=AXIS2_PLACEMENT_3D('',#575,#576,#577);
#579=CIRCLE('',#578,0.062500000000000);
#580=EDGE_CURVE('',#474,#546,#579,.T.);
#581=ORIENTED_EDGE('',*,*,#580,.F.);
#582=ORIENTED_EDGE('',*,*,#479,.T.);
#583=EDGE_LOOP('',(#573,#574,#581,#582));
#584=FACE_OUTER_BOUND('',#583,.T.);
#585=ADVANCED_FACE('',(#584),#566,.F.);
#586=CARTESIAN_POINT('',(0.0,-1.766000000000002,-1.687999999999999));
#587=DIRECTION('',(-1.0,0.0,0.0));
#588=DIRECTION('',(0.0,0.0,1.0));
#589=AXIS2_PLACEMENT_3D('',#586,#587,#588);
#590=CYLINDRICAL_SURFACE('',#589,0.062500000000000);
#591=CARTESIAN_POINT('',(-0.064000000000000,-1.766000000000004,-1.750499999999999));
#592=VERTEX_POINT('',#591);
#593=CARTESIAN_POINT('',(-0.064000000000000,-1.766000000000003,-1.625499999999999));
#594=VERTEX_POINT('',#593);
#595=CARTESIAN_POINT('',(-0.064000000000000,-1.766000000000002,-1.687999999999999));
#596=DIRECTION('',(1.0,0.0,0.0));
#597=DIRECTION('',(0.0,0.0,1.0));
#598=AXIS2_PLACEMENT_3D('',#595,#596,#597);
#599=CIRCLE('',#598,0.062500000000000);
#600=EDGE_CURVE('',#592,#594,#599,.T.);
#601=ORIENTED_EDGE('',*,*,#600,.F.);
#602=CARTESIAN_POINT('',(0.0,-1.766000000000004,-1.750499999999999));
#603=VERTEX_POINT('',#602);
#604=CARTESIAN_POINT('',(0.0,-1.766000000000004,-1.750499999999999));
#605=DIRECTION('',(-1.0,0.0,0.0));
#606=VECTOR('',#605,0.064000000000000);
#607=LINE('',#604,#606);
#608=EDGE_CURVE('',#603,#592,#607,.T.);
#609=ORIENTED_EDGE('',*,*,#608,.F.);
#610=CARTESIAN_POINT('',(0.0,-1.766000000000003,-1.625499999999999));
#611=VERTEX_POINT('',#610);
#612=CARTESIAN_POINT('',(0.0,-1.766000000000002,-1.687999999999999));
#613=DIRECTION('',(-1.0,0.0,0.0));
#614=DIRECTION('',(0.0,0.0,1.0));
#615=AXIS2_PLACEMENT_3D('',#612,#613,#614);
#616=CIRCLE('',#615,0.062500000000000);
#617=EDGE_CURVE('',#611,#603,#616,.T.);
#618=ORIENTED_EDGE('',*,*,#617,.F.);
#619=CARTESIAN_POINT('',(0.0,-1.766000000000003,-1.625499999999999));
#620=DIRECTION('',(-1.0,0.0,0.0));
#621=VECTOR('',#620,0.064000000000000);
#622=LINE('',#619,#621);
#623=EDGE_CURVE('',#611,#594,#622,.T.);
#624=ORIENTED_EDGE('',*,*,#623,.T.);
#625=EDGE_LOOP('',(#601,#609,#618,#624));
#626=FACE_OUTER_BOUND('',#625,.T.);
#627=ADVANCED_FACE('',(#626),#590,.F.);
#628=CARTESIAN_POINT('',(0.0,-2.519000000000002,-1.750499999999999));
#629=DIRECTION('',(0.0,0.0,-1.0));
#630=DIRECTION('',(-1.0,0.0,0.0));
#631=AXIS2_PLACEMENT_3D('',#628,#629,#630);
#632=PLANE('',#631);
#633=CARTESIAN_POINT('',(-0.064000000000000,-2.519000000000002,-1.750499999999999));
#634=VERTEX_POINT('',#633);
#635=CARTESIAN_POINT('',(-0.064000000000000,-2.519000000000002,-1.750499999999999));
#636=DIRECTION('',(0.0,1.0,0.0));
#637=VECTOR('',#636,0.752999999999998);
#638=LINE('',#635,#637);
#639=EDGE_CURVE('',#634,#592,#638,.T.);
#640=ORIENTED_EDGE('',*,*,#639,.F.);
#641=CARTESIAN_POINT('',(0.0,-2.519000000000002,-1.750499999999999));
#642=VERTEX_POINT('',#641);
#643=CARTESIAN_POINT('',(0.0,-2.519000000000002,-1.750499999999999));
#644=DIRECTION('',(-1.0,0.0,0.0));
#645=VECTOR('',#644,0.064000000000000);
#646=LINE('',#643,#645);
#647=EDGE_CURVE('',#642,#634,#646,.T.);
#648=ORIENTED_EDGE('',*,*,#647,.F.);
#649=CARTESIAN_POINT('',(0.0,-1.766000000000004,-1.750499999999999));
#650=DIRECTION('',(0.0,-1.0,0.0));
#651=VECTOR('',#650,0.752999999999998);
#652=LINE('',#649,#651);
#653=EDGE_CURVE('',#603,#642,#652,.T.);
#654=ORIENTED_EDGE('',*,*,#653,.F.);
#655=ORIENTED_EDGE('',*,*,#608,.T.);
#656=EDGE_LOOP('',(#640,#648,#654,#655));
#657=FACE_OUTER_BOUND('',#656,.T.);
#658=ADVANCED_FACE('',(#657),#632,.F.);
#659=CARTESIAN_POINT('',(0.0,-2.519000000000002,-1.688000000000000));
#660=DIRECTION('',(-1.0,0.0,0.0));
#661=DIRECTION('',(0.0,0.0,-1.0));
#662=AXIS2_PLACEMENT_3D('',#659,#660,#661);
#663=CYLINDRICAL_SURFACE('',#662,0.062500000000000);
#664=CARTESIAN_POINT('',(-0.064000000000000,-2.519000000000003,-1.625499999999999));
#665=VERTEX_POINT('',#664);
#666=CARTESIAN_POINT('',(-0.064000000000000,-2.519000000000002,-1.688000000000000));
#667=DIRECTION('',(1.0,0.0,0.0));
#668=DIRECTION('',(0.0,0.0,-1.0));
#669=AXIS2_PLACEMENT_3D('',#666,#667,#668);
#670=CIRCLE('',#669,0.062500000000000);
#671=EDGE_CURVE('',#665,#634,#670,.T.);
#672=ORIENTED_EDGE('',*,*,#671,.F.);
#673=CARTESIAN_POINT('',(0.0,-2.519000000000003,-1.625499999999999));
#674=VERTEX_POINT('',#673);
#675=CARTESIAN_POINT('',(0.0,-2.519000000000003,-1.625499999999999));
#676=DIRECTION('',(-1.0,0.0,0.0));
#677=VECTOR('',#676,0.064000000000000);
#678=LINE('',#675,#677);
#679=EDGE_CURVE('',#674,#665,#678,.T.);
#680=ORIENTED_EDGE('',*,*,#679,.F.);
#681=CARTESIAN_POINT('',(0.0,-2.519000000000002,-1.688000000000000));
#682=DIRECTION('',(-1.0,0.0,0.0));
#683=DIRECTION('',(0.0,0.0,-1.0));
#684=AXIS2_PLACEMENT_3D('',#681,#682,#683);
#685=CIRCLE('',#684,0.062500000000000);
#686=EDGE_CURVE('',#642,#674,#685,.T.);
#687=ORIENTED_EDGE('',*,*,#686,.F.);
#688=ORIENTED_EDGE('',*,*,#647,.T.);
#689=EDGE_LOOP('',(#672,#680,#687,#688));
#690=FACE_OUTER_BOUND('',#689,.T.);
#691=ADVANCED_FACE('',(#690),#663,.F.);
#692=CARTESIAN_POINT('',(0.0,-1.766000000000003,-1.625499999999999));
#693=DIRECTION('',(0.0,0.0,1.0));
#694=DIRECTION('',(1.0,0.0,0.0));
#695=AXIS2_PLACEMENT_3D('',#692,#693,#694);
#696=PLANE('',#695);
#697=CARTESIAN_POINT('',(-0.064000000000000,-1.766000000000003,-1.625499999999999));
#698=DIRECTION('',(0.0,-1.0,0.0));
#699=VECTOR('',#698,0.753000000000000);
#700=LINE('',#697,#699);
#701=EDGE_CURVE('',#594,#665,#700,.T.);
#702=ORIENTED_EDGE('',*,*,#701,.F.);
#703=ORIENTED_EDGE('',*,*,#623,.F.);
#704=CARTESIAN_POINT('',(0.0,-2.519000000000003,-1.625499999999999));
#705=DIRECTION('',(0.0,1.0,0.0));
#706=VECTOR('',#705,0.753000000000000);
#707=LINE('',#704,#706);
#708=EDGE_CURVE('',#674,#611,#707,.T.);
#709=ORIENTED_EDGE('',*,*,#708,.F.);
#710=ORIENTED_EDGE('',*,*,#679,.T.);
#711=EDGE_LOOP('',(#702,#703,#709,#710));
#712=FACE_OUTER_BOUND('',#711,.T.);
#713=ADVANCED_FACE('',(#712),#696,.F.);
#714=CARTESIAN_POINT('',(0.0,-1.766000000000003,-2.000499999999999));
#715=DIRECTION('',(0.0,0.0,1.0));
#716=DIRECTION('',(1.0,0.0,0.0));
#717=AXIS2_PLACEMENT_3D('',#714,#715,#716);
#718=PLANE('',#717);
#719=CARTESIAN_POINT('',(-0.064000000000000,-1.766000000000003,-2.000499999999999));
#720=VERTEX_POINT('',#719);
#721=CARTESIAN_POINT('',(-0.064000000000000,-2.519000000000003,-2.000499999999999));
#722=VERTEX_POINT('',#721);
#723=CARTESIAN_POINT('',(-0.064000000000000,-1.766000000000003,-2.000499999999999));
#724=DIRECTION('',(0.0,-1.0,0.0));
#725=VECTOR('',#724,0.753000000000000);
#726=LINE('',#723,#725);
#727=EDGE_CURVE('',#720,#722,#726,.T.);
#728=ORIENTED_EDGE('',*,*,#727,.F.);
#729=CARTESIAN_POINT('',(0.0,-1.766000000000003,-2.000499999999999));
#730=VERTEX_POINT('',#729);
#731=CARTESIAN_POINT('',(0.0,-1.766000000000003,-2.000499999999999));
#732=DIRECTION('',(-1.0,0.0,0.0));
#733=VECTOR('',#732,0.064000000000000);
#734=LINE('',#731,#733);
#735=EDGE_CURVE('',#730,#720,#734,.T.);
#736=ORIENTED_EDGE('',*,*,#735,.F.);
#737=CARTESIAN_POINT('',(0.0,-2.519000000000003,-2.000499999999999));
#738=VERTEX_POINT('',#737);
#739=CARTESIAN_POINT('',(0.0,-2.519000000000003,-2.000499999999999));
#740=DIRECTION('',(0.0,1.0,0.0));
#741=VECTOR('',#740,0.753000000000000);
#742=LINE('',#739,#741);
#743=EDGE_CURVE('',#738,#730,#742,.T.);
#744=ORIENTED_EDGE('',*,*,#743,.F.);
#745=CARTESIAN_POINT('',(0.0,-2.519000000000003,-2.000499999999999));
#746=DIRECTION('',(-1.0,0.0,0.0));
#747=VECTOR('',#746,0.064000000000000);
#748=LINE('',#745,#747);
#749=EDGE_CURVE('',#738,#722,#748,.T.);
#750=ORIENTED_EDGE('',*,*,#749,.T.);
#751=EDGE_LOOP('',(#728,#736,#744,#750));
#752=FACE_OUTER_BOUND('',#751,.T.);
#753=ADVANCED_FACE('',(#752),#718,.F.);
#754=CARTESIAN_POINT('',(0.0,-2.519000000000002,-2.063000000000000));
#755=DIRECTION('',(-1.0,0.0,0.0));
#756=DIRECTION('',(0.0,0.0,-1.0));
#757=AXIS2_PLACEMENT_3D('',#754,#755,#756);
#758=CYLINDRICAL_SURFACE('',#757,0.062500000000000);
#759=CARTESIAN_POINT('',(-0.064000000000000,-2.519000000000002,-2.125499999999999));
#760=VERTEX_POINT('',#759);
#761=CARTESIAN_POINT('',(-0.064000000000000,-2.519000000000002,-2.063000000000000));
#762=DIRECTION('',(1.0,0.0,0.0));
#763=DIRECTION('',(0.0,0.0,-1.0));
#764=AXIS2_PLACEMENT_3D('',#761,#762,#763);
#765=CIRCLE('',#764,0.062500000000000);
#766=EDGE_CURVE('',#722,#760,#765,.T.);
#767=ORIENTED_EDGE('',*,*,#766,.F.);
#768=ORIENTED_EDGE('',*,*,#749,.F.);
#769=CARTESIAN_POINT('',(0.0,-2.519000000000002,-2.125499999999999));
#770=VERTEX_POINT('',#769);
#771=CARTESIAN_POINT('',(0.0,-2.519000000000002,-2.063000000000000));
#772=DIRECTION('',(-1.0,0.0,0.0));
#773=DIRECTION('',(0.0,0.0,-1.0));
#774=AXIS2_PLACEMENT_3D('',#771,#772,#773);
#775=CIRCLE('',#774,0.062500000000000);
#776=EDGE_CURVE('',#770,#738,#775,.T.);
#777=ORIENTED_EDGE('',*,*,#776,.F.);
#778=CARTESIAN_POINT('',(0.0,-2.519000000000002,-2.125499999999999));
#779=DIRECTION('',(-1.0,0.0,0.0));
#780=VECTOR('',#779,0.064000000000000);
#781=LINE('',#778,#780);
#782=EDGE_CURVE('',#770,#760,#781,.T.);
#783=ORIENTED_EDGE('',*,*,#782,.T.);
#784=EDGE_LOOP('',(#767,#768,#777,#783));
#785=FACE_OUTER_BOUND('',#784,.T.);
#786=ADVANCED_FACE('',(#785),#758,.F.);
#787=CARTESIAN_POINT('',(0.0,-2.519000000000002,-2.125499999999999));
#788=DIRECTION('',(0.0,0.0,-1.0));
#789=DIRECTION('',(-1.0,0.0,0.0));
#790=AXIS2_PLACEMENT_3D('',#787,#788,#789);
#791=PLANE('',#790);
#792=CARTESIAN_POINT('',(-0.064000000000000,-1.766000000000004,-2.125499999999999));
#793=VERTEX_POINT('',#792);
#794=CARTESIAN_POINT('',(-0.064000000000000,-2.519000000000002,-2.125499999999999));
#795=DIRECTION('',(0.0,1.0,0.0));
#796=VECTOR('',#795,0.752999999999998);
#797=LINE('',#794,#796);
#798=EDGE_CURVE('',#760,#793,#797,.T.);
#799=ORIENTED_EDGE('',*,*,#798,.F.);
#800=ORIENTED_EDGE('',*,*,#782,.F.);
#801=CARTESIAN_POINT('',(0.0,-1.766000000000004,-2.125499999999999));
#802=VERTEX_POINT('',#801);
#803=CARTESIAN_POINT('',(0.0,-1.766000000000004,-2.125499999999999));
#804=DIRECTION('',(0.0,-1.0,0.0));
#805=VECTOR('',#804,0.752999999999998);
#806=LINE('',#803,#805);
#807=EDGE_CURVE('',#802,#770,#806,.T.);
#808=ORIENTED_EDGE('',*,*,#807,.F.);
#809=CARTESIAN_POINT('',(0.0,-1.766000000000004,-2.125499999999999));
#810=DIRECTION('',(-1.0,0.0,0.0));
#811=VECTOR('',#810,0.064000000000000);
#812=LINE('',#809,#811);
#813=EDGE_CURVE('',#802,#793,#812,.T.);
#814=ORIENTED_EDGE('',*,*,#813,.T.);
#815=EDGE_LOOP('',(#799,#800,#808,#814));
#816=FACE_OUTER_BOUND('',#815,.T.);
#817=ADVANCED_FACE('',(#816),#791,.F.);
#818=CARTESIAN_POINT('',(0.0,-1.766000000000002,-2.062999999999999));
#819=DIRECTION('',(-1.0,0.0,0.0));
#820=DIRECTION('',(0.0,0.0,1.0));
#821=AXIS2_PLACEMENT_3D('',#818,#819,#820);
#822=CYLINDRICAL_SURFACE('',#821,0.062500000000000);
#823=CARTESIAN_POINT('',(-0.064000000000000,-1.766000000000002,-2.062999999999999));
#824=DIRECTION('',(1.0,0.0,0.0));
#825=DIRECTION('',(0.0,0.0,1.0));
#826=AXIS2_PLACEMENT_3D('',#823,#824,#825);
#827=CIRCLE('',#826,0.062500000000000);
#828=EDGE_CURVE('',#793,#720,#827,.T.);
#829=ORIENTED_EDGE('',*,*,#828,.F.);
#830=ORIENTED_EDGE('',*,*,#813,.F.);
#831=CARTESIAN_POINT('',(0.0,-1.766000000000002,-2.062999999999999));
#832=DIRECTION('',(-1.0,0.0,0.0));
#833=DIRECTION('',(0.0,0.0,1.0));
#834=AXIS2_PLACEMENT_3D('',#831,#832,#833);
#835=CIRCLE('',#834,0.062500000000000);
#836=EDGE_CURVE('',#730,#802,#835,.T.);
#837=ORIENTED_EDGE('',*,*,#836,.F.);
#838=ORIENTED_EDGE('',*,*,#735,.T.);
#839=EDGE_LOOP('',(#829,#830,#837,#838));
#840=FACE_OUTER_BOUND('',#839,.T.);
#841=ADVANCED_FACE('',(#840),#822,.F.);
#842=CARTESIAN_POINT('',(0.0,-1.766000000000002,-2.813000000000000));
#843=DIRECTION('',(-1.0,0.0,0.0));
#844=DIRECTION('',(0.0,0.0,1.0));
#845=AXIS2_PLACEMENT_3D('',#842,#843,#844);
#846=CYLINDRICAL_SURFACE('',#845,0.062500000000000);
#847=CARTESIAN_POINT('',(-0.064000000000000,-1.766000000000004,-2.875499999999999));
#848=VERTEX_POINT('',#847);
#849=CARTESIAN_POINT('',(-0.064000000000000,-1.766000000000003,-2.750499999999999));
#850=VERTEX_POINT('',#849);
#851=CARTESIAN_POINT('',(-0.064000000000000,-1.766000000000002,-2.813000000000000));
#852=DIRECTION('',(1.0,0.0,0.0));
#853=DIRECTION('',(0.0,0.0,1.0));
#854=AXIS2_PLACEMENT_3D('',#851,#852,#853);
#855=CIRCLE('',#854,0.062500000000000);
#856=EDGE_CURVE('',#848,#850,#855,.T.);
#857=ORIENTED_EDGE('',*,*,#856,.F.);
#858=CARTESIAN_POINT('',(0.0,-1.766000000000004,-2.875499999999999));
#859=VERTEX_POINT('',#858);
#860=CARTESIAN_POINT('',(0.0,-1.766000000000004,-2.875499999999999));
#861=DIRECTION('',(-1.0,0.0,0.0));
#862=VECTOR('',#861,0.064000000000000);
#863=LINE('',#860,#862);
#864=EDGE_CURVE('',#859,#848,#863,.T.);
#865=ORIENTED_EDGE('',*,*,#864,.F.);
#866=CARTESIAN_POINT('',(0.0,-1.766000000000003,-2.750499999999999));
#867=VERTEX_POINT('',#866);
#868=CARTESIAN_POINT('',(0.0,-1.766000000000002,-2.813000000000000));
#869=DIRECTION('',(-1.0,0.0,0.0));
#870=DIRECTION('',(0.0,0.0,1.0));
#871=AXIS2_PLACEMENT_3D('',#868,#869,#870);
#872=CIRCLE('',#871,0.062500000000000);
#873=EDGE_CURVE('',#867,#859,#872,.T.);
#874=ORIENTED_EDGE('',*,*,#873,.F.);
#875=CARTESIAN_POINT('',(0.0,-1.766000000000003,-2.750499999999999));
#876=DIRECTION('',(-1.0,0.0,0.0));
#877=VECTOR('',#876,0.064000000000000);
#878=LINE('',#875,#877);
#879=EDGE_CURVE('',#867,#850,#878,.T.);
#880=ORIENTED_EDGE('',*,*,#879,.T.);
#881=EDGE_LOOP('',(#857,#865,#874,#880));
#882=FACE_OUTER_BOUND('',#881,.T.);
#883=ADVANCED_FACE('',(#882),#846,.F.);
#884=CARTESIAN_POINT('',(0.0,-2.519000000000002,-2.875499999999999));
#885=DIRECTION('',(0.0,0.0,-1.0));
#886=DIRECTION('',(-1.0,0.0,0.0));
#887=AXIS2_PLACEMENT_3D('',#884,#885,#886);
#888=PLANE('',#887);
#889=CARTESIAN_POINT('',(-0.064000000000000,-2.519000000000002,-2.875499999999999));
#890=VERTEX_POINT('',#889);
#891=CARTESIAN_POINT('',(-0.064000000000000,-2.519000000000002,-2.875499999999999));
#892=DIRECTION('',(0.0,1.0,0.0));
#893=VECTOR('',#892,0.752999999999998);
#894=LINE('',#891,#893);
#895=EDGE_CURVE('',#890,#848,#894,.T.);
#896=ORIENTED_EDGE('',*,*,#895,.F.);
#897=CARTESIAN_POINT('',(0.0,-2.519000000000002,-2.875499999999999));
#898=VERTEX_POINT('',#897);
#899=CARTESIAN_POINT('',(0.0,-2.519000000000002,-2.875499999999999));
#900=DIRECTION('',(-1.0,0.0,0.0));
#901=VECTOR('',#900,0.064000000000000);
#902=LINE('',#899,#901);
#903=EDGE_CURVE('',#898,#890,#902,.T.);
#904=ORIENTED_EDGE('',*,*,#903,.F.);
#905=CARTESIAN_POINT('',(0.0,-1.766000000000004,-2.875499999999999));
#906=DIRECTION('',(0.0,-1.0,0.0));
#907=VECTOR('',#906,0.752999999999998);
#908=LINE('',#905,#907);
#909=EDGE_CURVE('',#859,#898,#908,.T.);
#910=ORIENTED_EDGE('',*,*,#909,.F.);
#911=ORIENTED_EDGE('',*,*,#864,.T.);
#912=EDGE_LOOP('',(#896,#904,#910,#911));
#913=FACE_OUTER_BOUND('',#912,.T.);
#914=ADVANCED_FACE('',(#913),#888,.F.);
#915=CARTESIAN_POINT('',(0.0,-2.519000000000002,-2.813000000000000));
#916=DIRECTION('',(-1.0,0.0,0.0));
#917=DIRECTION('',(0.0,0.0,-1.0));
#918=AXIS2_PLACEMENT_3D('',#915,#916,#917);
#919=CYLINDRICAL_SURFACE('',#918,0.062500000000000);
#920=CARTESIAN_POINT('',(-0.064000000000000,-2.519000000000003,-2.750499999999999));
#921=VERTEX_POINT('',#920);
#922=CARTESIAN_POINT('',(-0.064000000000000,-2.519000000000002,-2.813000000000000));
#923=DIRECTION('',(1.0,0.0,0.0));
#924=DIRECTION('',(0.0,0.0,-1.0));
#925=AXIS2_PLACEMENT_3D('',#922,#923,#924);
#926=CIRCLE('',#925,0.062500000000000);
#927=EDGE_CURVE('',#921,#890,#926,.T.);
#928=ORIENTED_EDGE('',*,*,#927,.F.);
#929=CARTESIAN_POINT('',(0.0,-2.519000000000003,-2.750499999999999));
#930=VERTEX_POINT('',#929);
#931=CARTESIAN_POINT('',(0.0,-2.519000000000003,-2.750499999999999));
#932=DIRECTION('',(-1.0,0.0,0.0));
#933=VECTOR('',#932,0.064000000000000);
#934=LINE('',#931,#933);
#935=EDGE_CURVE('',#930,#921,#934,.T.);
#936=ORIENTED_EDGE('',*,*,#935,.F.);
#937=CARTESIAN_POINT('',(0.0,-2.519000000000002,-2.813000000000000));
#938=DIRECTION('',(-1.0,0.0,0.0));
#939=DIRECTION('',(0.0,0.0,-1.0));
#940=AXIS2_PLACEMENT_3D('',#937,#938,#939);
#941=CIRCLE('',#940,0.062500000000000);
#942=EDGE_CURVE('',#898,#930,#941,.T.);
#943=ORIENTED_EDGE('',*,*,#942,.F.);
#944=ORIENTED_EDGE('',*,*,#903,.T.);
#945=EDGE_LOOP('',(#928,#936,#943,#944));
#946=FACE_OUTER_BOUND('',#945,.T.);
#947=ADVANCED_FACE('',(#946),#919,.F.);
#948=CARTESIAN_POINT('',(0.0,-1.766000000000003,-2.750499999999999));
#949=DIRECTION('',(0.0,0.0,1.0));
#950=DIRECTION('',(1.0,0.0,0.0));
#951=AXIS2_PLACEMENT_3D('',#948,#949,#950);
#952=PLANE('',#951);
#953=CARTESIAN_POINT('',(-0.064000000000000,-1.766000000000003,-2.750499999999999));
#954=DIRECTION('',(0.0,-1.0,0.0));
#955=VECTOR('',#954,0.753000000000000);
#956=LINE('',#953,#955);
#957=EDGE_CURVE('',#850,#921,#956,.T.);
#958=ORIENTED_EDGE('',*,*,#957,.F.);
#959=ORIENTED_EDGE('',*,*,#879,.F.);
#960=CARTESIAN_POINT('',(0.0,-2.519000000000003,-2.750499999999999));
#961=DIRECTION('',(0.0,1.0,0.0));
#962=VECTOR('',#961,0.753000000000000);
#963=LINE('',#960,#962);
#964=EDGE_CURVE('',#930,#867,#963,.T.);
#965=ORIENTED_EDGE('',*,*,#964,.F.);
#966=ORIENTED_EDGE('',*,*,#935,.T.);
#967=EDGE_LOOP('',(#958,#959,#965,#966));
#968=FACE_OUTER_BOUND('',#967,.T.);
#969=ADVANCED_FACE('',(#968),#952,.F.);
#970=CARTESIAN_POINT('',(0.0,-1.766000000000003,-2.375499999999999));
#971=DIRECTION('',(0.0,0.0,1.0));
#972=DIRECTION('',(1.0,0.0,0.0));
#973=AXIS2_PLACEMENT_3D('',#970,#971,#972);
#974=PLANE('',#973);
#975=CARTESIAN_POINT('',(-0.064000000000000,-1.766000000000003,-2.375499999999999));
#976=VERTEX_POINT('',#975);
#977=CARTESIAN_POINT('',(-0.064000000000000,-2.519000000000003,-2.375499999999999));
#978=VERTEX_POINT('',#977);
#979=CARTESIAN_POINT('',(-0.064000000000000,-1.766000000000003,-2.375499999999999));
#980=DIRECTION('',(0.0,-1.0,0.0));
#981=VECTOR('',#980,0.753000000000000);
#982=LINE('',#979,#981);
#983=EDGE_CURVE('',#976,#978,#982,.T.);
#984=ORIENTED_EDGE('',*,*,#983,.F.);
#985=CARTESIAN_POINT('',(0.0,-1.766000000000003,-2.375499999999999));
#986=VERTEX_POINT('',#985);
#987=CARTESIAN_POINT('',(0.0,-1.766000000000003,-2.375499999999999));
#988=DIRECTION('',(-1.0,0.0,0.0));
#989=VECTOR('',#988,0.064000000000000);
#990=LINE('',#987,#989);
#991=EDGE_CURVE('',#986,#976,#990,.T.);
#992=ORIENTED_EDGE('',*,*,#991,.F.);
#993=CARTESIAN_POINT('',(0.0,-2.519000000000003,-2.375499999999999));
#994=VERTEX_POINT('',#993);
#995=CARTESIAN_POINT('',(0.0,-2.519000000000003,-2.375499999999999));
#996=DIRECTION('',(0.0,1.0,0.0));
#997=VECTOR('',#996,0.753000000000000);
#998=LINE('',#995,#997);
#999=EDGE_CURVE('',#994,#986,#998,.T.);
#1000=ORIENTED_EDGE('',*,*,#999,.F.);
#1001=CARTESIAN_POINT('',(0.0,-2.519000000000003,-2.375499999999999));
#1002=DIRECTION('',(-1.0,0.0,0.0));
#1003=VECTOR('',#1002,0.064000000000000);
#1004=LINE('',#1001,#1003);
#1005=EDGE_CURVE('',#994,#978,#1004,.T.);
#1006=ORIENTED_EDGE('',*,*,#1005,.T.);
#1007=EDGE_LOOP('',(#984,#992,#1000,#1006));
#1008=FACE_OUTER_BOUND('',#1007,.T.);
#1009=ADVANCED_FACE('',(#1008),#974,.F.);
#1010=CARTESIAN_POINT('',(0.0,-2.519000000000002,-2.437999999999999));
#1011=DIRECTION('',(-1.0,0.0,0.0));
#1012=DIRECTION('',(0.0,0.0,-1.0));
#1013=AXIS2_PLACEMENT_3D('',#1010,#1011,#1012);
#1014=CYLINDRICAL_SURFACE('',#1013,0.062500000000000);
#1015=CARTESIAN_POINT('',(-0.064000000000000,-2.519000000000002,-2.500499999999999));
#1016=VERTEX_POINT('',#1015);
#1017=CARTESIAN_POINT('',(-0.064000000000000,-2.519000000000002,-2.437999999999999));
#1018=DIRECTION('',(1.0,0.0,0.0));
#1019=DIRECTION('',(0.0,0.0,-1.0));
#1020=AXIS2_PLACEMENT_3D('',#1017,#1018,#1019);
#1021=CIRCLE('',#1020,0.062500000000000);
#1022=EDGE_CURVE('',#978,#1016,#1021,.T.);
#1023=ORIENTED_EDGE('',*,*,#1022,.F.);
#1024=ORIENTED_EDGE('',*,*,#1005,.F.);
#1025=CARTESIAN_POINT('',(0.0,-2.519000000000002,-2.500499999999999));
#1026=VERTEX_POINT('',#1025);
#1027=CARTESIAN_POINT('',(0.0,-2.519000000000002,-2.437999999999999));
#1028=DIRECTION('',(-1.0,0.0,0.0));
#1029=DIRECTION('',(0.0,0.0,-1.0));
#1030=AXIS2_PLACEMENT_3D('',#1027,#1028,#1029);
#1031=CIRCLE('',#1030,0.062500000000000);
#1032=EDGE_CURVE('',#1026,#994,#1031,.T.);
#1033=ORIENTED_EDGE('',*,*,#1032,.F.);
#1034=CARTESIAN_POINT('',(0.0,-2.519000000000002,-2.500499999999999));
#1035=DIRECTION('',(-1.0,0.0,0.0));
#1036=VECTOR('',#1035,0.064000000000000);
#1037=LINE('',#1034,#1036);
#1038=EDGE_CURVE('',#1026,#1016,#1037,.T.);
#1039=ORIENTED_EDGE('',*,*,#1038,.T.);
#1040=EDGE_LOOP('',(#1023,#1024,#1033,#1039));
#1041=FACE_OUTER_BOUND('',#1040,.T.);
#1042=ADVANCED_FACE('',(#1041),#1014,.F.);
#1043=CARTESIAN_POINT('',(0.0,-2.519000000000002,-2.500499999999999));
#1044=DIRECTION('',(0.0,0.0,-1.0));
#1045=DIRECTION('',(-1.0,0.0,0.0));
#1046=AXIS2_PLACEMENT_3D('',#1043,#1044,#1045);
#1047=PLANE('',#1046);
#1048=CARTESIAN_POINT('',(-0.064000000000000,-1.766000000000004,-2.500499999999999));
#1049=VERTEX_POINT('',#1048);
#1050=CARTESIAN_POINT('',(-0.064000000000000,-2.519000000000002,-2.500499999999999));
#1051=DIRECTION('',(0.0,1.0,0.0));
#1052=VECTOR('',#1051,0.752999999999998);
#1053=LINE('',#1050,#1052);
#1054=EDGE_CURVE('',#1016,#1049,#1053,.T.);
#1055=ORIENTED_EDGE('',*,*,#1054,.F.);
#1056=ORIENTED_EDGE('',*,*,#1038,.F.);
#1057=CARTESIAN_POINT('',(0.0,-1.766000000000004,-2.500499999999999));
#1058=VERTEX_POINT('',#1057);
#1059=CARTESIAN_POINT('',(0.0,-1.766000000000004,-2.500499999999999));
#1060=DIRECTION('',(0.0,-1.0,0.0));
#1061=VECTOR('',#1060,0.752999999999998);
#1062=LINE('',#1059,#1061);
#1063=EDGE_CURVE('',#1058,#1026,#1062,.T.);
#1064=ORIENTED_EDGE('',*,*,#1063,.F.);
#1065=CARTESIAN_POINT('',(0.0,-1.766000000000004,-2.500499999999999));
#1066=DIRECTION('',(-1.0,0.0,0.0));
#1067=VECTOR('',#1066,0.064000000000000);
#1068=LINE('',#1065,#1067);
#1069=EDGE_CURVE('',#1058,#1049,#1068,.T.);
#1070=ORIENTED_EDGE('',*,*,#1069,.T.);
#1071=EDGE_LOOP('',(#1055,#1056,#1064,#1070));
#1072=FACE_OUTER_BOUND('',#1071,.T.);
#1073=ADVANCED_FACE('',(#1072),#1047,.F.);
#1074=CARTESIAN_POINT('',(0.0,-1.766000000000002,-2.437999999999999));
#1075=DIRECTION('',(-1.0,0.0,0.0));
#1076=DIRECTION('',(0.0,0.0,1.0));
#1077=AXIS2_PLACEMENT_3D('',#1074,#1075,#1076);
#1078=CYLINDRICAL_SURFACE('',#1077,0.062500000000000);
#1079=CARTESIAN_POINT('',(-0.064000000000000,-1.766000000000002,-2.437999999999999));
#1080=DIRECTION('',(1.0,0.0,0.0));
#1081=DIRECTION('',(0.0,0.0,1.0));
#1082=AXIS2_PLACEMENT_3D('',#1079,#1080,#1081);
#1083=CIRCLE('',#1082,0.062500000000000);
#1084=EDGE_CURVE('',#1049,#976,#1083,.T.);
#1085=ORIENTED_EDGE('',*,*,#1084,.F.);
#1086=ORIENTED_EDGE('',*,*,#1069,.F.);
#1087=CARTESIAN_POINT('',(0.0,-1.766000000000002,-2.437999999999999));
#1088=DIRECTION('',(-1.0,0.0,0.0));
#1089=DIRECTION('',(0.0,0.0,1.0));
#1090=AXIS2_PLACEMENT_3D('',#1087,#1088,#1089);
#1091=CIRCLE('',#1090,0.062500000000000);
#1092=EDGE_CURVE('',#986,#1058,#1091,.T.);
#1093=ORIENTED_EDGE('',*,*,#1092,.F.);
#1094=ORIENTED_EDGE('',*,*,#991,.T.);
#1095=EDGE_LOOP('',(#1085,#1086,#1093,#1094));
#1096=FACE_OUTER_BOUND('',#1095,.T.);
#1097=ADVANCED_FACE('',(#1096),#1078,.F.);
#1098=CARTESIAN_POINT('',(0.0,-1.766000000000003,-1.250499999999999));
#1099=DIRECTION('',(0.0,0.0,1.0));
#1100=DIRECTION('',(1.0,0.0,0.0));
#1101=AXIS2_PLACEMENT_3D('',#1098,#1099,#1100);
#1102=PLANE('',#1101);
#1103=CARTESIAN_POINT('',(-0.064000000000000,-1.766000000000003,-1.250499999999999));
#1104=VERTEX_POINT('',#1103);
#1105=CARTESIAN_POINT('',(-0.064000000000000,-2.519000000000003,-1.250499999999999));
#1106=VERTEX_POINT('',#1105);
#1107=CARTESIAN_POINT('',(-0.064000000000000,-1.766000000000003,-1.250499999999999));
#1108=DIRECTION('',(0.0,-1.0,0.0));
#1109=VECTOR('',#1108,0.753000000000000);
#1110=LINE('',#1107,#1109);
#1111=EDGE_CURVE('',#1104,#1106,#1110,.T.);
#1112=ORIENTED_EDGE('',*,*,#1111,.F.);
#1113=CARTESIAN_POINT('',(0.0,-1.766000000000003,-1.250499999999999));
#1114=VERTEX_POINT('',#1113);
#1115=CARTESIAN_POINT('',(0.0,-1.766000000000003,-1.250499999999999));
#1116=DIRECTION('',(-1.0,0.0,0.0));
#1117=VECTOR('',#1116,0.064000000000000);
#1118=LINE('',#1115,#1117);
#1119=EDGE_CURVE('',#1114,#1104,#1118,.T.);
#1120=ORIENTED_EDGE('',*,*,#1119,.F.);
#1121=CARTESIAN_POINT('',(0.0,-2.519000000000003,-1.250499999999999));
#1122=VERTEX_POINT('',#1121);
#1123=CARTESIAN_POINT('',(0.0,-2.519000000000003,-1.250499999999999));
#1124=DIRECTION('',(0.0,1.0,0.0));
#1125=VECTOR('',#1124,0.753000000000000);
#1126=LINE('',#1123,#1125);
#1127=EDGE_CURVE('',#1122,#1114,#1126,.T.);
#1128=ORIENTED_EDGE('',*,*,#1127,.F.);
#1129=CARTESIAN_POINT('',(0.0,-2.519000000000003,-1.250499999999999));
#1130=DIRECTION('',(-1.0,0.0,0.0));
#1131=VECTOR('',#1130,0.064000000000000);
#1132=LINE('',#1129,#1131);
#1133=EDGE_CURVE('',#1122,#1106,#1132,.T.);
#1134=ORIENTED_EDGE('',*,*,#1133,.T.);
#1135=EDGE_LOOP('',(#1112,#1120,#1128,#1134));
#1136=FACE_OUTER_BOUND('',#1135,.T.);
#1137=ADVANCED_FACE('',(#1136),#1102,.F.);
#1138=CARTESIAN_POINT('',(0.0,-2.519000000000002,-1.313000000000000));
#1139=DIRECTION('',(-1.0,0.0,0.0));
#1140=DIRECTION('',(0.0,0.0,-1.0));
#1141=AXIS2_PLACEMENT_3D('',#1138,#1139,#1140);
#1142=CYLINDRICAL_SURFACE('',#1141,0.062500000000000);
#1143=CARTESIAN_POINT('',(-0.064000000000000,-2.519000000000002,-1.375499999999999));
#1144=VERTEX_POINT('',#1143);
#1145=CARTESIAN_POINT('',(-0.064000000000000,-2.519000000000002,-1.313000000000000));
#1146=DIRECTION('',(1.0,0.0,0.0));
#1147=DIRECTION('',(0.0,0.0,-1.0));
#1148=AXIS2_PLACEMENT_3D('',#1145,#1146,#1147);
#1149=CIRCLE('',#1148,0.062500000000000);
#1150=EDGE_CURVE('',#1106,#1144,#1149,.T.);
#1151=ORIENTED_EDGE('',*,*,#1150,.F.);
#1152=ORIENTED_EDGE('',*,*,#1133,.F.);
#1153=CARTESIAN_POINT('',(0.0,-2.519000000000002,-1.375499999999999));
#1154=VERTEX_POINT('',#1153);
#1155=CARTESIAN_POINT('',(0.0,-2.519000000000002,-1.313000000000000));
#1156=DIRECTION('',(-1.0,0.0,0.0));
#1157=DIRECTION('',(0.0,0.0,-1.0));
#1158=AXIS2_PLACEMENT_3D('',#1155,#1156,#1157);
#1159=CIRCLE('',#1158,0.062500000000000);
#1160=EDGE_CURVE('',#1154,#1122,#1159,.T.);
#1161=ORIENTED_EDGE('',*,*,#1160,.F.);
#1162=CARTESIAN_POINT('',(0.0,-2.519000000000002,-1.375499999999999));
#1163=DIRECTION('',(-1.0,0.0,0.0));
#1164=VECTOR('',#1163,0.064000000000000);
#1165=LINE('',#1162,#1164);
#1166=EDGE_CURVE('',#1154,#1144,#1165,.T.);
#1167=ORIENTED_EDGE('',*,*,#1166,.T.);
#1168=EDGE_LOOP('',(#1151,#1152,#1161,#1167));
#1169=FACE_OUTER_BOUND('',#1168,.T.);
#1170=ADVANCED_FACE('',(#1169),#1142,.F.);
#1171=CARTESIAN_POINT('',(0.0,-2.519000000000002,-1.375499999999999));
#1172=DIRECTION('',(0.0,0.0,-1.0));
#1173=DIRECTION('',(-1.0,0.0,0.0));
#1174=AXIS2_PLACEMENT_3D('',#1171,#1172,#1173);
#1175=PLANE('',#1174);
#1176=CARTESIAN_POINT('',(-0.064000000000000,-1.766000000000004,-1.375499999999999));
#1177=VERTEX_POINT('',#1176);
#1178=CARTESIAN_POINT('',(-0.064000000000000,-2.519000000000002,-1.375499999999999));
#1179=DIRECTION('',(0.0,1.0,0.0));
#1180=VECTOR('',#1179,0.752999999999998);
#1181=LINE('',#1178,#1180);
#1182=EDGE_CURVE('',#1144,#1177,#1181,.T.);
#1183=ORIENTED_EDGE('',*,*,#1182,.F.);
#1184=ORIENTED_EDGE('',*,*,#1166,.F.);
#1185=CARTESIAN_POINT('',(0.0,-1.766000000000004,-1.375499999999999));
#1186=VERTEX_POINT('',#1185);
#1187=CARTESIAN_POINT('',(0.0,-1.766000000000004,-1.375499999999999));
#1188=DIRECTION('',(0.0,-1.0,0.0));
#1189=VECTOR('',#1188,0.752999999999998);
#1190=LINE('',#1187,#1189);
#1191=EDGE_CURVE('',#1186,#1154,#1190,.T.);
#1192=ORIENTED_EDGE('',*,*,#1191,.F.);
#1193=CARTESIAN_POINT('',(0.0,-1.766000000000004,-1.375499999999999));
#1194=DIRECTION('',(-1.0,0.0,0.0));
#1195=VECTOR('',#1194,0.064000000000000);
#1196=LINE('',#1193,#1195);
#1197=EDGE_CURVE('',#1186,#1177,#1196,.T.);
#1198=ORIENTED_EDGE('',*,*,#1197,.T.);
#1199=EDGE_LOOP('',(#1183,#1184,#1192,#1198));
#1200=FACE_OUTER_BOUND('',#1199,.T.);
#1201=ADVANCED_FACE('',(#1200),#1175,.F.);
#1202=CARTESIAN_POINT('',(0.0,-1.766000000000002,-1.312999999999999));
#1203=DIRECTION('',(-1.0,0.0,0.0));
#1204=DIRECTION('',(0.0,0.0,1.0));
#1205=AXIS2_PLACEMENT_3D('',#1202,#1203,#1204);
#1206=CYLINDRICAL_SURFACE('',#1205,0.062500000000000);
#1207=CARTESIAN_POINT('',(-0.064000000000000,-1.766000000000002,-1.312999999999999));
#1208=DIRECTION('',(1.0,0.0,0.0));
#1209=DIRECTION('',(0.0,0.0,1.0));
#1210=AXIS2_PLACEMENT_3D('',#1207,#1208,#1209);
#1211=CIRCLE('',#1210,0.062500000000000);
#1212=EDGE_CURVE('',#1177,#1104,#1211,.T.);
#1213=ORIENTED_EDGE('',*,*,#1212,.F.);
#1214=ORIENTED_EDGE('',*,*,#1197,.F.);
#1215=CARTESIAN_POINT('',(0.0,-1.766000000000002,-1.312999999999999));
#1216=DIRECTION('',(-1.0,0.0,0.0));
#1217=DIRECTION('',(0.0,0.0,1.0));
#1218=AXIS2_PLACEMENT_3D('',#1215,#1216,#1217);
#1219=CIRCLE('',#1218,0.062500000000000);
#1220=EDGE_CURVE('',#1114,#1186,#1219,.T.);
#1221=ORIENTED_EDGE('',*,*,#1220,.F.);
#1222=ORIENTED_EDGE('',*,*,#1119,.T.);
#1223=EDGE_LOOP('',(#1213,#1214,#1221,#1222));
#1224=FACE_OUTER_BOUND('',#1223,.T.);
#1225=ADVANCED_FACE('',(#1224),#1206,.F.);
#1226=CARTESIAN_POINT('',(0.0,2.514999999999997,2.812000000000002));
#1227=DIRECTION('',(-1.0,0.0,0.0));
#1228=DIRECTION('',(0.0,0.0,-1.0));
#1229=AXIS2_PLACEMENT_3D('',#1226,#1227,#1228);
#1230=CYLINDRICAL_SURFACE('',#1229,0.062500000000000);
#1231=CARTESIAN_POINT('',(-0.064000000000000,2.514999999999996,2.749500000000002));
#1232=VERTEX_POINT('',#1231);
#1233=CARTESIAN_POINT('',(-0.064000000000000,2.514999999999997,2.874500000000002));
#1234=VERTEX_POINT('',#1233);
#1235=CARTESIAN_POINT('',(-0.064000000000000,2.514999999999997,2.812000000000002));
#1236=DIRECTION('',(1.0,0.0,0.0));
#1237=DIRECTION('',(0.0,0.0,-1.0));
#1238=AXIS2_PLACEMENT_3D('',#1235,#1236,#1237);
#1239=CIRCLE('',#1238,0.062500000000000);
#1240=EDGE_CURVE('',#1232,#1234,#1239,.T.);
#1241=ORIENTED_EDGE('',*,*,#1240,.F.);
#1242=CARTESIAN_POINT('',(0.0,2.514999999999996,2.749500000000002));
#1243=VERTEX_POINT('',#1242);
#1244=CARTESIAN_POINT('',(0.0,2.514999999999996,2.749500000000002));
#1245=DIRECTION('',(-1.0,0.0,0.0));
#1246=VECTOR('',#1245,0.064000000000000);
#1247=LINE('',#1244,#1246);
#1248=EDGE_CURVE('',#1243,#1232,#1247,.T.);
#1249=ORIENTED_EDGE('',*,*,#1248,.F.);
#1250=CARTESIAN_POINT('',(0.0,2.514999999999997,2.874500000000002));
#1251=VERTEX_POINT('',#1250);
#1252=CARTESIAN_POINT('',(0.0,2.514999999999997,2.812000000000002));
#1253=DIRECTION('',(-1.0,0.0,0.0));
#1254=DIRECTION('',(0.0,0.0,-1.0));
#1255=AXIS2_PLACEMENT_3D('',#1252,#1253,#1254);
#1256=CIRCLE('',#1255,0.062500000000000);
#1257=EDGE_CURVE('',#1251,#1243,#1256,.T.);
#1258=ORIENTED_EDGE('',*,*,#1257,.F.);
#1259=CARTESIAN_POINT('',(0.0,2.514999999999997,2.874500000000002));
#1260=DIRECTION('',(-1.0,0.0,0.0));
#1261=VECTOR('',#1260,0.064000000000000);
#1262=LINE('',#1259,#1261);
#1263=EDGE_CURVE('',#1251,#1234,#1262,.T.);
#1264=ORIENTED_EDGE('',*,*,#1263,.T.);
#1265=EDGE_LOOP('',(#1241,#1249,#1258,#1264));
#1266=FACE_OUTER_BOUND('',#1265,.T.);
#1267=ADVANCED_FACE('',(#1266),#1230,.F.);
#1268=CARTESIAN_POINT('',(0.0,1.761999999999997,2.749500000000002));
#1269=DIRECTION('',(0.0,0.0,-1.0));
#1270=DIRECTION('',(-1.0,0.0,0.0));
#1271=AXIS2_PLACEMENT_3D('',#1268,#1269,#1270);
#1272=PLANE('',#1271);
#1273=CARTESIAN_POINT('',(-0.064000000000000,1.761999999999997,2.749500000000002));
#1274=VERTEX_POINT('',#1273);
#1275=CARTESIAN_POINT('',(-0.064000000000000,1.761999999999997,2.749500000000002));
#1276=DIRECTION('',(0.0,1.0,0.0));
#1277=VECTOR('',#1276,0.752999999999999);
#1278=LINE('',#1275,#1277);
#1279=EDGE_CURVE('',#1274,#1232,#1278,.T.);
#1280=ORIENTED_EDGE('',*,*,#1279,.F.);
#1281=CARTESIAN_POINT('',(0.0,1.761999999999997,2.749500000000002));
#1282=VERTEX_POINT('',#1281);
#1283=CARTESIAN_POINT('',(0.0,1.761999999999997,2.749500000000002));
#1284=DIRECTION('',(-1.0,0.0,0.0));
#1285=VECTOR('',#1284,0.064000000000000);
#1286=LINE('',#1283,#1285);
#1287=EDGE_CURVE('',#1282,#1274,#1286,.T.);
#1288=ORIENTED_EDGE('',*,*,#1287,.F.);
#1289=CARTESIAN_POINT('',(0.0,2.514999999999996,2.749500000000002));
#1290=DIRECTION('',(0.0,-1.0,0.0));
#1291=VECTOR('',#1290,0.752999999999999);
#1292=LINE('',#1289,#1291);
#1293=EDGE_CURVE('',#1243,#1282,#1292,.T.);
#1294=ORIENTED_EDGE('',*,*,#1293,.F.);
#1295=ORIENTED_EDGE('',*,*,#1248,.T.);
#1296=EDGE_LOOP('',(#1280,#1288,#1294,#1295));
#1297=FACE_OUTER_BOUND('',#1296,.T.);
#1298=ADVANCED_FACE('',(#1297),#1272,.F.);
#1299=CARTESIAN_POINT('',(0.0,1.761999999999997,2.812000000000002));
#1300=DIRECTION('',(-1.0,0.0,0.0));
#1301=DIRECTION('',(0.0,0.0,1.0));
#1302=AXIS2_PLACEMENT_3D('',#1299,#1300,#1301);
#1303=CYLINDRICAL_SURFACE('',#1302,0.062500000000000);
#1304=CARTESIAN_POINT('',(-0.064000000000000,1.761999999999997,2.874500000000002));
#1305=VERTEX_POINT('',#1304);
#1306=CARTESIAN_POINT('',(-0.064000000000000,1.761999999999997,2.812000000000002));
#1307=DIRECTION('',(1.0,0.0,0.0));
#1308=DIRECTION('',(0.0,0.0,1.0));
#1309=AXIS2_PLACEMENT_3D('',#1306,#1307,#1308);
#1310=CIRCLE('',#1309,0.062500000000000);
#1311=EDGE_CURVE('',#1305,#1274,#1310,.T.);
#1312=ORIENTED_EDGE('',*,*,#1311,.F.);
#1313=CARTESIAN_POINT('',(0.0,1.761999999999997,2.874500000000002));
#1314=VERTEX_POINT('',#1313);
#1315=CARTESIAN_POINT('',(0.0,1.761999999999997,2.874500000000002));
#1316=DIRECTION('',(-1.0,0.0,0.0));
#1317=VECTOR('',#1316,0.064000000000000);
#1318=LINE('',#1315,#1317);
#1319=EDGE_CURVE('',#1314,#1305,#1318,.T.);
#1320=ORIENTED_EDGE('',*,*,#1319,.F.);
#1321=CARTESIAN_POINT('',(0.0,1.761999999999997,2.812000000000002));
#1322=DIRECTION('',(-1.0,0.0,0.0));
#1323=DIRECTION('',(0.0,0.0,1.0));
#1324=AXIS2_PLACEMENT_3D('',#1321,#1322,#1323);
#1325=CIRCLE('',#1324,0.062500000000000);
#1326=EDGE_CURVE('',#1282,#1314,#1325,.T.);
#1327=ORIENTED_EDGE('',*,*,#1326,.F.);
#1328=ORIENTED_EDGE('',*,*,#1287,.T.);
#1329=EDGE_LOOP('',(#1312,#1320,#1327,#1328));
#1330=FACE_OUTER_BOUND('',#1329,.T.);
#1331=ADVANCED_FACE('',(#1330),#1303,.F.);
#1332=CARTESIAN_POINT('',(0.0,2.514999999999997,2.874500000000002));
#1333=DIRECTION('',(0.0,0.0,1.0));
#1334=DIRECTION('',(1.0,0.0,0.0));
#1335=AXIS2_PLACEMENT_3D('',#1332,#1333,#1334);
#1336=PLANE('',#1335);
#1337=CARTESIAN_POINT('',(-0.064000000000000,2.514999999999997,2.874500000000002));
#1338=DIRECTION('',(0.0,-1.0,0.0));
#1339=VECTOR('',#1338,0.753000000000000);
#1340=LINE('',#1337,#1339);
#1341=EDGE_CURVE('',#1234,#1305,#1340,.T.);
#1342=ORIENTED_EDGE('',*,*,#1341,.F.);
#1343=ORIENTED_EDGE('',*,*,#1263,.F.);
#1344=CARTESIAN_POINT('',(0.0,1.761999999999997,2.874500000000002));
#1345=DIRECTION('',(0.0,1.0,0.0));
#1346=VECTOR('',#1345,0.753000000000000);
#1347=LINE('',#1344,#1346);
#1348=EDGE_CURVE('',#1314,#1251,#1347,.T.);
#1349=ORIENTED_EDGE('',*,*,#1348,.F.);
#1350=ORIENTED_EDGE('',*,*,#1319,.T.);
#1351=EDGE_LOOP('',(#1342,#1343,#1349,#1350));
#1352=FACE_OUTER_BOUND('',#1351,.T.);
#1353=ADVANCED_FACE('',(#1352),#1336,.F.);
#1354=CARTESIAN_POINT('',(0.0,2.514999999999997,2.499500000000002));
#1355=DIRECTION('',(0.0,0.0,1.0));
#1356=DIRECTION('',(1.0,0.0,0.0));
#1357=AXIS2_PLACEMENT_3D('',#1354,#1355,#1356);
#1358=PLANE('',#1357);
#1359=CARTESIAN_POINT('',(-0.064000000000000,2.514999999999997,2.499500000000002));
#1360=VERTEX_POINT('',#1359);
#1361=CARTESIAN_POINT('',(-0.064000000000000,1.761999999999997,2.499500000000002));
#1362=VERTEX_POINT('',#1361);
#1363=CARTESIAN_POINT('',(-0.064000000000000,2.514999999999997,2.499500000000002));
#1364=DIRECTION('',(0.0,-1.0,0.0));
#1365=VECTOR('',#1364,0.753000000000000);
#1366=LINE('',#1363,#1365);
#1367=EDGE_CURVE('',#1360,#1362,#1366,.T.);
#1368=ORIENTED_EDGE('',*,*,#1367,.F.);
#1369=CARTESIAN_POINT('',(0.0,2.514999999999997,2.499500000000002));
#1370=VERTEX_POINT('',#1369);
#1371=CARTESIAN_POINT('',(0.0,2.514999999999997,2.499500000000002));
#1372=DIRECTION('',(-1.0,0.0,0.0));
#1373=VECTOR('',#1372,0.064000000000000);
#1374=LINE('',#1371,#1373);
#1375=EDGE_CURVE('',#1370,#1360,#1374,.T.);
#1376=ORIENTED_EDGE('',*,*,#1375,.F.);
#1377=CARTESIAN_POINT('',(0.0,1.761999999999997,2.499500000000002));
#1378=VERTEX_POINT('',#1377);
#1379=CARTESIAN_POINT('',(0.0,1.761999999999997,2.499500000000002));
#1380=DIRECTION('',(0.0,1.0,0.0));
#1381=VECTOR('',#1380,0.753000000000000);
#1382=LINE('',#1379,#1381);
#1383=EDGE_CURVE('',#1378,#1370,#1382,.T.);
#1384=ORIENTED_EDGE('',*,*,#1383,.F.);
#1385=CARTESIAN_POINT('',(0.0,1.761999999999997,2.499500000000002));
#1386=DIRECTION('',(-1.0,0.0,0.0));
#1387=VECTOR('',#1386,0.064000000000000);
#1388=LINE('',#1385,#1387);
#1389=EDGE_CURVE('',#1378,#1362,#1388,.T.);
#1390=ORIENTED_EDGE('',*,*,#1389,.T.);
#1391=EDGE_LOOP('',(#1368,#1376,#1384,#1390));
#1392=FACE_OUTER_BOUND('',#1391,.T.);
#1393=ADVANCED_FACE('',(#1392),#1358,.F.);
#1394=CARTESIAN_POINT('',(0.0,1.761999999999997,2.437000000000002));
#1395=DIRECTION('',(-1.0,0.0,0.0));
#1396=DIRECTION('',(0.0,0.0,-1.0));
#1397=AXIS2_PLACEMENT_3D('',#1394,#1395,#1396);
#1398=CYLINDRICAL_SURFACE('',#1397,0.062500000000000);
#1399=CARTESIAN_POINT('',(-0.064000000000000,1.761999999999997,2.374500000000002));
#1400=VERTEX_POINT('',#1399);
#1401=CARTESIAN_POINT('',(-0.064000000000000,1.761999999999997,2.437000000000002));
#1402=DIRECTION('',(1.0,0.0,0.0));
#1403=DIRECTION('',(0.0,0.0,-1.0));
#1404=AXIS2_PLACEMENT_3D('',#1401,#1402,#1403);
#1405=CIRCLE('',#1404,0.062500000000000);
#1406=EDGE_CURVE('',#1362,#1400,#1405,.T.);
#1407=ORIENTED_EDGE('',*,*,#1406,.F.);
#1408=ORIENTED_EDGE('',*,*,#1389,.F.);
#1409=CARTESIAN_POINT('',(0.0,1.761999999999997,2.374500000000002));
#1410=VERTEX_POINT('',#1409);
#1411=CARTESIAN_POINT('',(0.0,1.761999999999997,2.437000000000002));
#1412=DIRECTION('',(-1.0,0.0,0.0));
#1413=DIRECTION('',(0.0,0.0,-1.0));
#1414=AXIS2_PLACEMENT_3D('',#1411,#1412,#1413);
#1415=CIRCLE('',#1414,0.062500000000000);
#1416=EDGE_CURVE('',#1410,#1378,#1415,.T.);
#1417=ORIENTED_EDGE('',*,*,#1416,.F.);
#1418=CARTESIAN_POINT('',(0.0,1.761999999999997,2.374500000000002));
#1419=DIRECTION('',(-1.0,0.0,0.0));
#1420=VECTOR('',#1419,0.064000000000000);
#1421=LINE('',#1418,#1420);
#1422=EDGE_CURVE('',#1410,#1400,#1421,.T.);
#1423=ORIENTED_EDGE('',*,*,#1422,.T.);
#1424=EDGE_LOOP('',(#1407,#1408,#1417,#1423));
#1425=FACE_OUTER_BOUND('',#1424,.T.);
#1426=ADVANCED_FACE('',(#1425),#1398,.F.);
#1427=CARTESIAN_POINT('',(0.0,1.761999999999997,2.374500000000002));
#1428=DIRECTION('',(0.0,0.0,-1.0));
#1429=DIRECTION('',(-1.0,0.0,0.0));
#1430=AXIS2_PLACEMENT_3D('',#1427,#1428,#1429);
#1431=PLANE('',#1430);
#1432=CARTESIAN_POINT('',(-0.064000000000000,2.514999999999996,2.374500000000002));
#1433=VERTEX_POINT('',#1432);
#1434=CARTESIAN_POINT('',(-0.064000000000000,1.761999999999997,2.374500000000002));
#1435=DIRECTION('',(0.0,1.0,0.0));
#1436=VECTOR('',#1435,0.752999999999999);
#1437=LINE('',#1434,#1436);
#1438=EDGE_CURVE('',#1400,#1433,#1437,.T.);
#1439=ORIENTED_EDGE('',*,*,#1438,.F.);
#1440=ORIENTED_EDGE('',*,*,#1422,.F.);
#1441=CARTESIAN_POINT('',(0.0,2.514999999999996,2.374500000000002));
#1442=VERTEX_POINT('',#1441);
#1443=CARTESIAN_POINT('',(0.0,2.514999999999996,2.374500000000002));
#1444=DIRECTION('',(0.0,-1.0,0.0));
#1445=VECTOR('',#1444,0.752999999999999);
#1446=LINE('',#1443,#1445);
#1447=EDGE_CURVE('',#1442,#1410,#1446,.T.);
#1448=ORIENTED_EDGE('',*,*,#1447,.F.);
#1449=CARTESIAN_POINT('',(0.0,2.514999999999996,2.374500000000002));
#1450=DIRECTION('',(-1.0,0.0,0.0));
#1451=VECTOR('',#1450,0.064000000000000);
#1452=LINE('',#1449,#1451);
#1453=EDGE_CURVE('',#1442,#1433,#1452,.T.);
#1454=ORIENTED_EDGE('',*,*,#1453,.T.);
#1455=EDGE_LOOP('',(#1439,#1440,#1448,#1454));
#1456=FACE_OUTER_BOUND('',#1455,.T.);
#1457=ADVANCED_FACE('',(#1456),#1431,.F.);
#1458=CARTESIAN_POINT('',(0.0,2.514999999999997,2.437000000000002));
#1459=DIRECTION('',(-1.0,0.0,0.0));
#1460=DIRECTION('',(0.0,0.0,1.0));
#1461=AXIS2_PLACEMENT_3D('',#1458,#1459,#1460);
#1462=CYLINDRICAL_SURFACE('',#1461,0.062500000000000);
#1463=CARTESIAN_POINT('',(-0.064000000000000,2.514999999999997,2.437000000000002));
#1464=DIRECTION('',(1.0,0.0,0.0));
#1465=DIRECTION('',(0.0,0.0,1.0));
#1466=AXIS2_PLACEMENT_3D('',#1463,#1464,#1465);
#1467=CIRCLE('',#1466,0.062500000000000);
#1468=EDGE_CURVE('',#1433,#1360,#1467,.T.);
#1469=ORIENTED_EDGE('',*,*,#1468,.F.);
#1470=ORIENTED_EDGE('',*,*,#1453,.F.);
#1471=CARTESIAN_POINT('',(0.0,2.514999999999997,2.437000000000002));
#1472=DIRECTION('',(-1.0,0.0,0.0));
#1473=DIRECTION('',(0.0,0.0,1.0));
#1474=AXIS2_PLACEMENT_3D('',#1471,#1472,#1473);
#1475=CIRCLE('',#1474,0.062500000000000);
#1476=EDGE_CURVE('',#1370,#1442,#1475,.T.);
#1477=ORIENTED_EDGE('',*,*,#1476,.F.);
#1478=ORIENTED_EDGE('',*,*,#1375,.T.);
#1479=EDGE_LOOP('',(#1469,#1470,#1477,#1478));
#1480=FACE_OUTER_BOUND('',#1479,.T.);
#1481=ADVANCED_FACE('',(#1480),#1462,.F.);
#1482=CARTESIAN_POINT('',(0.0,2.514999999999997,2.062000000000002));
#1483=DIRECTION('',(-1.0,0.0,0.0));
#1484=DIRECTION('',(0.0,0.0,1.0));
#1485=AXIS2_PLACEMENT_3D('',#1482,#1483,#1484);
#1486=CYLINDRICAL_SURFACE('',#1485,0.062500000000000);
#1487=CARTESIAN_POINT('',(-0.064000000000000,2.514999999999996,1.999500000000002));
#1488=VERTEX_POINT('',#1487);
#1489=CARTESIAN_POINT('',(-0.064000000000000,2.514999999999997,2.124500000000002));
#1490=VERTEX_POINT('',#1489);
#1491=CARTESIAN_POINT('',(-0.064000000000000,2.514999999999997,2.062000000000002));
#1492=DIRECTION('',(1.0,0.0,0.0));
#1493=DIRECTION('',(0.0,0.0,1.0));
#1494=AXIS2_PLACEMENT_3D('',#1491,#1492,#1493);
#1495=CIRCLE('',#1494,0.062500000000000);
#1496=EDGE_CURVE('',#1488,#1490,#1495,.T.);
#1497=ORIENTED_EDGE('',*,*,#1496,.F.);
#1498=CARTESIAN_POINT('',(0.0,2.514999999999996,1.999500000000002));
#1499=VERTEX_POINT('',#1498);
#1500=CARTESIAN_POINT('',(0.0,2.514999999999996,1.999500000000002));
#1501=DIRECTION('',(-1.0,0.0,0.0));
#1502=VECTOR('',#1501,0.064000000000000);
#1503=LINE('',#1500,#1502);
#1504=EDGE_CURVE('',#1499,#1488,#1503,.T.);
#1505=ORIENTED_EDGE('',*,*,#1504,.F.);
#1506=CARTESIAN_POINT('',(0.0,2.514999999999997,2.124500000000002));
#1507=VERTEX_POINT('',#1506);
#1508=CARTESIAN_POINT('',(0.0,2.514999999999997,2.062000000000002));
#1509=DIRECTION('',(-1.0,0.0,0.0));
#1510=DIRECTION('',(0.0,0.0,1.0));
#1511=AXIS2_PLACEMENT_3D('',#1508,#1509,#1510);
#1512=CIRCLE('',#1511,0.062500000000000);
#1513=EDGE_CURVE('',#1507,#1499,#1512,.T.);
#1514=ORIENTED_EDGE('',*,*,#1513,.F.);
#1515=CARTESIAN_POINT('',(0.0,2.514999999999997,2.124500000000002));
#1516=DIRECTION('',(-1.0,0.0,0.0));
#1517=VECTOR('',#1516,0.064000000000000);
#1518=LINE('',#1515,#1517);
#1519=EDGE_CURVE('',#1507,#1490,#1518,.T.);
#1520=ORIENTED_EDGE('',*,*,#1519,.T.);
#1521=EDGE_LOOP('',(#1497,#1505,#1514,#1520));
#1522=FACE_OUTER_BOUND('',#1521,.T.);
#1523=ADVANCED_FACE('',(#1522),#1486,.F.);
#1524=CARTESIAN_POINT('',(0.0,1.761999999999997,1.999500000000002));
#1525=DIRECTION('',(0.0,0.0,-1.0));
#1526=DIRECTION('',(-1.0,0.0,0.0));
#1527=AXIS2_PLACEMENT_3D('',#1524,#1525,#1526);
#1528=PLANE('',#1527);
#1529=CARTESIAN_POINT('',(-0.064000000000000,1.761999999999997,1.999500000000002));
#1530=VERTEX_POINT('',#1529);
#1531=CARTESIAN_POINT('',(-0.064000000000000,1.761999999999997,1.999500000000002));
#1532=DIRECTION('',(0.0,1.0,0.0));
#1533=VECTOR('',#1532,0.752999999999999);
#1534=LINE('',#1531,#1533);
#1535=EDGE_CURVE('',#1530,#1488,#1534,.T.);
#1536=ORIENTED_EDGE('',*,*,#1535,.F.);
#1537=CARTESIAN_POINT('',(0.0,1.761999999999997,1.999500000000002));
#1538=VERTEX_POINT('',#1537);
#1539=CARTESIAN_POINT('',(0.0,1.761999999999997,1.999500000000002));
#1540=DIRECTION('',(-1.0,0.0,0.0));
#1541=VECTOR('',#1540,0.064000000000000);
#1542=LINE('',#1539,#1541);
#1543=EDGE_CURVE('',#1538,#1530,#1542,.T.);
#1544=ORIENTED_EDGE('',*,*,#1543,.F.);
#1545=CARTESIAN_POINT('',(0.0,2.514999999999996,1.999500000000002));
#1546=DIRECTION('',(0.0,-1.0,0.0));
#1547=VECTOR('',#1546,0.752999999999999);
#1548=LINE('',#1545,#1547);
#1549=EDGE_CURVE('',#1499,#1538,#1548,.T.);
#1550=ORIENTED_EDGE('',*,*,#1549,.F.);
#1551=ORIENTED_EDGE('',*,*,#1504,.T.);
#1552=EDGE_LOOP('',(#1536,#1544,#1550,#1551));
#1553=FACE_OUTER_BOUND('',#1552,.T.);
#1554=ADVANCED_FACE('',(#1553),#1528,.F.);
#1555=CARTESIAN_POINT('',(0.0,1.761999999999997,2.062000000000002));
#1556=DIRECTION('',(-1.0,0.0,0.0));
#1557=DIRECTION('',(0.0,0.0,-1.0));
#1558=AXIS2_PLACEMENT_3D('',#1555,#1556,#1557);
#1559=CYLINDRICAL_SURFACE('',#1558,0.062500000000000);
#1560=CARTESIAN_POINT('',(-0.064000000000000,1.761999999999997,2.124500000000002));
#1561=VERTEX_POINT('',#1560);
#1562=CARTESIAN_POINT('',(-0.064000000000000,1.761999999999997,2.062000000000002));
#1563=DIRECTION('',(1.0,0.0,0.0));
#1564=DIRECTION('',(0.0,0.0,-1.0));
#1565=AXIS2_PLACEMENT_3D('',#1562,#1563,#1564);
#1566=CIRCLE('',#1565,0.062500000000000);
#1567=EDGE_CURVE('',#1561,#1530,#1566,.T.);
#1568=ORIENTED_EDGE('',*,*,#1567,.F.);
#1569=CARTESIAN_POINT('',(0.0,1.761999999999997,2.124500000000002));
#1570=VERTEX_POINT('',#1569);
#1571=CARTESIAN_POINT('',(0.0,1.761999999999997,2.124500000000002));
#1572=DIRECTION('',(-1.0,0.0,0.0));
#1573=VECTOR('',#1572,0.064000000000000);
#1574=LINE('',#1571,#1573);
#1575=EDGE_CURVE('',#1570,#1561,#1574,.T.);
#1576=ORIENTED_EDGE('',*,*,#1575,.F.);
#1577=CARTESIAN_POINT('',(0.0,1.761999999999997,2.062000000000002));
#1578=DIRECTION('',(-1.0,0.0,0.0));
#1579=DIRECTION('',(0.0,0.0,-1.0));
#1580=AXIS2_PLACEMENT_3D('',#1577,#1578,#1579);
#1581=CIRCLE('',#1580,0.062500000000000);
#1582=EDGE_CURVE('',#1538,#1570,#1581,.T.);
#1583=ORIENTED_EDGE('',*,*,#1582,.F.);
#1584=ORIENTED_EDGE('',*,*,#1543,.T.);
#1585=EDGE_LOOP('',(#1568,#1576,#1583,#1584));
#1586=FACE_OUTER_BOUND('',#1585,.T.);
#1587=ADVANCED_FACE('',(#1586),#1559,.F.);
#1588=CARTESIAN_POINT('',(0.0,2.514999999999997,2.124500000000002));
#1589=DIRECTION('',(0.0,0.0,1.0));
#1590=DIRECTION('',(1.0,0.0,0.0));
#1591=AXIS2_PLACEMENT_3D('',#1588,#1589,#1590);
#1592=PLANE('',#1591);
#1593=CARTESIAN_POINT('',(-0.064000000000000,2.514999999999997,2.124500000000002));
#1594=DIRECTION('',(0.0,-1.0,0.0));
#1595=VECTOR('',#1594,0.753000000000000);
#1596=LINE('',#1593,#1595);
#1597=EDGE_CURVE('',#1490,#1561,#1596,.T.);
#1598=ORIENTED_EDGE('',*,*,#1597,.F.);
#1599=ORIENTED_EDGE('',*,*,#1519,.F.);
#1600=CARTESIAN_POINT('',(0.0,1.761999999999997,2.124500000000002));
#1601=DIRECTION('',(0.0,1.0,0.0));
#1602=VECTOR('',#1601,0.753000000000000);
#1603=LINE('',#1600,#1602);
#1604=EDGE_CURVE('',#1570,#1507,#1603,.T.);
#1605=ORIENTED_EDGE('',*,*,#1604,.F.);
#1606=ORIENTED_EDGE('',*,*,#1575,.T.);
#1607=EDGE_LOOP('',(#1598,#1599,#1605,#1606));
#1608=FACE_OUTER_BOUND('',#1607,.T.);
#1609=ADVANCED_FACE('',(#1608),#1592,.F.);
#1610=CARTESIAN_POINT('',(0.0,2.514999999999997,1.749500000000002));
#1611=DIRECTION('',(0.0,0.0,1.0));
#1612=DIRECTION('',(1.0,0.0,0.0));
#1613=AXIS2_PLACEMENT_3D('',#1610,#1611,#1612);
#1614=PLANE('',#1613);
#1615=CARTESIAN_POINT('',(-0.064000000000000,2.514999999999997,1.749500000000002));
#1616=VERTEX_POINT('',#1615);
#1617=CARTESIAN_POINT('',(-0.064000000000000,1.761999999999997,1.749500000000002));
#1618=VERTEX_POINT('',#1617);
#1619=CARTESIAN_POINT('',(-0.064000000000000,2.514999999999997,1.749500000000002));
#1620=DIRECTION('',(0.0,-1.0,0.0));
#1621=VECTOR('',#1620,0.753000000000000);
#1622=LINE('',#1619,#1621);
#1623=EDGE_CURVE('',#1616,#1618,#1622,.T.);
#1624=ORIENTED_EDGE('',*,*,#1623,.F.);
#1625=CARTESIAN_POINT('',(0.0,2.514999999999997,1.749500000000002));
#1626=VERTEX_POINT('',#1625);
#1627=CARTESIAN_POINT('',(0.0,2.514999999999997,1.749500000000002));
#1628=DIRECTION('',(-1.0,0.0,0.0));
#1629=VECTOR('',#1628,0.064000000000000);
#1630=LINE('',#1627,#1629);
#1631=EDGE_CURVE('',#1626,#1616,#1630,.T.);
#1632=ORIENTED_EDGE('',*,*,#1631,.F.);
#1633=CARTESIAN_POINT('',(0.0,1.761999999999997,1.749500000000002));
#1634=VERTEX_POINT('',#1633);
#1635=CARTESIAN_POINT('',(0.0,1.761999999999997,1.749500000000002));
#1636=DIRECTION('',(0.0,1.0,0.0));
#1637=VECTOR('',#1636,0.753000000000000);
#1638=LINE('',#1635,#1637);
#1639=EDGE_CURVE('',#1634,#1626,#1638,.T.);
#1640=ORIENTED_EDGE('',*,*,#1639,.F.);
#1641=CARTESIAN_POINT('',(0.0,1.761999999999997,1.749500000000002));
#1642=DIRECTION('',(-1.0,0.0,0.0));
#1643=VECTOR('',#1642,0.064000000000000);
#1644=LINE('',#1641,#1643);
#1645=EDGE_CURVE('',#1634,#1618,#1644,.T.);
#1646=ORIENTED_EDGE('',*,*,#1645,.T.);
#1647=EDGE_LOOP('',(#1624,#1632,#1640,#1646));
#1648=FACE_OUTER_BOUND('',#1647,.T.);
#1649=ADVANCED_FACE('',(#1648),#1614,.F.);
#1650=CARTESIAN_POINT('',(0.0,1.761999999999997,1.687000000000002));
#1651=DIRECTION('',(-1.0,0.0,0.0));
#1652=DIRECTION('',(0.0,0.0,-1.0));
#1653=AXIS2_PLACEMENT_3D('',#1650,#1651,#1652);
#1654=CYLINDRICAL_SURFACE('',#1653,0.062500000000000);
#1655=CARTESIAN_POINT('',(-0.064000000000000,1.761999999999997,1.624500000000002));
#1656=VERTEX_POINT('',#1655);
#1657=CARTESIAN_POINT('',(-0.064000000000000,1.761999999999997,1.687000000000002));
#1658=DIRECTION('',(1.0,0.0,0.0));
#1659=DIRECTION('',(0.0,0.0,-1.0));
#1660=AXIS2_PLACEMENT_3D('',#1657,#1658,#1659);
#1661=CIRCLE('',#1660,0.062500000000000);
#1662=EDGE_CURVE('',#1618,#1656,#1661,.T.);
#1663=ORIENTED_EDGE('',*,*,#1662,.F.);
#1664=ORIENTED_EDGE('',*,*,#1645,.F.);
#1665=CARTESIAN_POINT('',(0.0,1.761999999999997,1.624500000000002));
#1666=VERTEX_POINT('',#1665);
#1667=CARTESIAN_POINT('',(0.0,1.761999999999997,1.687000000000002));
#1668=DIRECTION('',(-1.0,0.0,0.0));
#1669=DIRECTION('',(0.0,0.0,-1.0));
#1670=AXIS2_PLACEMENT_3D('',#1667,#1668,#1669);
#1671=CIRCLE('',#1670,0.062500000000000);
#1672=EDGE_CURVE('',#1666,#1634,#1671,.T.);
#1673=ORIENTED_EDGE('',*,*,#1672,.F.);
#1674=CARTESIAN_POINT('',(0.0,1.761999999999997,1.624500000000002));
#1675=DIRECTION('',(-1.0,0.0,0.0));
#1676=VECTOR('',#1675,0.064000000000000);
#1677=LINE('',#1674,#1676);
#1678=EDGE_CURVE('',#1666,#1656,#1677,.T.);
#1679=ORIENTED_EDGE('',*,*,#1678,.T.);
#1680=EDGE_LOOP('',(#1663,#1664,#1673,#1679));
#1681=FACE_OUTER_BOUND('',#1680,.T.);
#1682=ADVANCED_FACE('',(#1681),#1654,.F.);
#1683=CARTESIAN_POINT('',(0.0,1.761999999999997,1.624500000000002));
#1684=DIRECTION('',(0.0,0.0,-1.0));
#1685=DIRECTION('',(-1.0,0.0,0.0));
#1686=AXIS2_PLACEMENT_3D('',#1683,#1684,#1685);
#1687=PLANE('',#1686);
#1688=CARTESIAN_POINT('',(-0.064000000000000,2.514999999999996,1.624500000000003));
#1689=VERTEX_POINT('',#1688);
#1690=CARTESIAN_POINT('',(-0.064000000000000,1.761999999999997,1.624500000000002));
#1691=DIRECTION('',(0.0,1.0,0.0));
#1692=VECTOR('',#1691,0.752999999999999);
#1693=LINE('',#1690,#1692);
#1694=EDGE_CURVE('',#1656,#1689,#1693,.T.);
#1695=ORIENTED_EDGE('',*,*,#1694,.F.);
#1696=ORIENTED_EDGE('',*,*,#1678,.F.);
#1697=CARTESIAN_POINT('',(0.0,2.514999999999996,1.624500000000003));
#1698=VERTEX_POINT('',#1697);
#1699=CARTESIAN_POINT('',(0.0,2.514999999999996,1.624500000000003));
#1700=DIRECTION('',(0.0,-1.0,0.0));
#1701=VECTOR('',#1700,0.752999999999999);
#1702=LINE('',#1699,#1701);
#1703=EDGE_CURVE('',#1698,#1666,#1702,.T.);
#1704=ORIENTED_EDGE('',*,*,#1703,.F.);
#1705=CARTESIAN_POINT('',(0.0,2.514999999999996,1.624500000000003));
#1706=DIRECTION('',(-1.0,0.0,0.0));
#1707=VECTOR('',#1706,0.064000000000000);
#1708=LINE('',#1705,#1707);
#1709=EDGE_CURVE('',#1698,#1689,#1708,.T.);
#1710=ORIENTED_EDGE('',*,*,#1709,.T.);
#1711=EDGE_LOOP('',(#1695,#1696,#1704,#1710));
#1712=FACE_OUTER_BOUND('',#1711,.T.);
#1713=ADVANCED_FACE('',(#1712),#1687,.F.);
#1714=CARTESIAN_POINT('',(0.0,2.514999999999997,1.687000000000002));
#1715=DIRECTION('',(-1.0,0.0,0.0));
#1716=DIRECTION('',(0.0,0.0,1.0));
#1717=AXIS2_PLACEMENT_3D('',#1714,#1715,#1716);
#1718=CYLINDRICAL_SURFACE('',#1717,0.062500000000000);
#1719=CARTESIAN_POINT('',(-0.064000000000000,2.514999999999997,1.687000000000002));
#1720=DIRECTION('',(1.0,0.0,0.0));
#1721=DIRECTION('',(0.0,0.0,1.0));
#1722=AXIS2_PLACEMENT_3D('',#1719,#1720,#1721);
#1723=CIRCLE('',#1722,0.062500000000000);
#1724=EDGE_CURVE('',#1689,#1616,#1723,.T.);
#1725=ORIENTED_EDGE('',*,*,#1724,.F.);
#1726=ORIENTED_EDGE('',*,*,#1709,.F.);
#1727=CARTESIAN_POINT('',(0.0,2.514999999999997,1.687000000000002));
#1728=DIRECTION('',(-1.0,0.0,0.0));
#1729=DIRECTION('',(0.0,0.0,1.0));
#1730=AXIS2_PLACEMENT_3D('',#1727,#1728,#1729);
#1731=CIRCLE('',#1730,0.062500000000000);
#1732=EDGE_CURVE('',#1626,#1698,#1731,.T.);
#1733=ORIENTED_EDGE('',*,*,#1732,.F.);
#1734=ORIENTED_EDGE('',*,*,#1631,.T.);
#1735=EDGE_LOOP('',(#1725,#1726,#1733,#1734));
#1736=FACE_OUTER_BOUND('',#1735,.T.);
#1737=ADVANCED_FACE('',(#1736),#1718,.F.);
#1738=CARTESIAN_POINT('',(0.0,2.514999999999997,1.312000000000002));
#1739=DIRECTION('',(-1.0,0.0,0.0));
#1740=DIRECTION('',(0.0,0.0,1.0));
#1741=AXIS2_PLACEMENT_3D('',#1738,#1739,#1740);
#1742=CYLINDRICAL_SURFACE('',#1741,0.062500000000000);
#1743=CARTESIAN_POINT('',(-0.064000000000000,2.514999999999996,1.249500000000002));
#1744=VERTEX_POINT('',#1743);
#1745=CARTESIAN_POINT('',(-0.064000000000000,2.514999999999997,1.374500000000002));
#1746=VERTEX_POINT('',#1745);
#1747=CARTESIAN_POINT('',(-0.064000000000000,2.514999999999997,1.312000000000002));
#1748=DIRECTION('',(1.0,0.0,0.0));
#1749=DIRECTION('',(0.0,0.0,1.0));
#1750=AXIS2_PLACEMENT_3D('',#1747,#1748,#1749);
#1751=CIRCLE('',#1750,0.062500000000000);
#1752=EDGE_CURVE('',#1744,#1746,#1751,.T.);
#1753=ORIENTED_EDGE('',*,*,#1752,.F.);
#1754=CARTESIAN_POINT('',(0.0,2.514999999999996,1.249500000000002));
#1755=VERTEX_POINT('',#1754);
#1756=CARTESIAN_POINT('',(0.0,2.514999999999996,1.249500000000002));
#1757=DIRECTION('',(-1.0,0.0,0.0));
#1758=VECTOR('',#1757,0.064000000000000);
#1759=LINE('',#1756,#1758);
#1760=EDGE_CURVE('',#1755,#1744,#1759,.T.);
#1761=ORIENTED_EDGE('',*,*,#1760,.F.);
#1762=CARTESIAN_POINT('',(0.0,2.514999999999997,1.374500000000002));
#1763=VERTEX_POINT('',#1762);
#1764=CARTESIAN_POINT('',(0.0,2.514999999999997,1.312000000000002));
#1765=DIRECTION('',(-1.0,0.0,0.0));
#1766=DIRECTION('',(0.0,0.0,1.0));
#1767=AXIS2_PLACEMENT_3D('',#1764,#1765,#1766);
#1768=CIRCLE('',#1767,0.062500000000000);
#1769=EDGE_CURVE('',#1763,#1755,#1768,.T.);
#1770=ORIENTED_EDGE('',*,*,#1769,.F.);
#1771=CARTESIAN_POINT('',(0.0,2.514999999999997,1.374500000000002));
#1772=DIRECTION('',(-1.0,0.0,0.0));
#1773=VECTOR('',#1772,0.064000000000000);
#1774=LINE('',#1771,#1773);
#1775=EDGE_CURVE('',#1763,#1746,#1774,.T.);
#1776=ORIENTED_EDGE('',*,*,#1775,.T.);
#1777=EDGE_LOOP('',(#1753,#1761,#1770,#1776));
#1778=FACE_OUTER_BOUND('',#1777,.T.);
#1779=ADVANCED_FACE('',(#1778),#1742,.F.);
#1780=CARTESIAN_POINT('',(0.0,1.761999999999997,1.249500000000002));
#1781=DIRECTION('',(0.0,0.0,-1.0));
#1782=DIRECTION('',(-1.0,0.0,0.0));
#1783=AXIS2_PLACEMENT_3D('',#1780,#1781,#1782);
#1784=PLANE('',#1783);
#1785=CARTESIAN_POINT('',(-0.064000000000000,1.761999999999997,1.249500000000002));
#1786=VERTEX_POINT('',#1785);
#1787=CARTESIAN_POINT('',(-0.064000000000000,1.761999999999997,1.249500000000002));
#1788=DIRECTION('',(0.0,1.0,0.0));
#1789=VECTOR('',#1788,0.752999999999999);
#1790=LINE('',#1787,#1789);
#1791=EDGE_CURVE('',#1786,#1744,#1790,.T.);
#1792=ORIENTED_EDGE('',*,*,#1791,.F.);
#1793=CARTESIAN_POINT('',(0.0,1.761999999999997,1.249500000000002));
#1794=VERTEX_POINT('',#1793);
#1795=CARTESIAN_POINT('',(0.0,1.761999999999997,1.249500000000002));
#1796=DIRECTION('',(-1.0,0.0,0.0));
#1797=VECTOR('',#1796,0.064000000000000);
#1798=LINE('',#1795,#1797);
#1799=EDGE_CURVE('',#1794,#1786,#1798,.T.);
#1800=ORIENTED_EDGE('',*,*,#1799,.F.);
#1801=CARTESIAN_POINT('',(0.0,2.514999999999996,1.249500000000002));
#1802=DIRECTION('',(0.0,-1.0,0.0));
#1803=VECTOR('',#1802,0.752999999999999);
#1804=LINE('',#1801,#1803);
#1805=EDGE_CURVE('',#1755,#1794,#1804,.T.);
#1806=ORIENTED_EDGE('',*,*,#1805,.F.);
#1807=ORIENTED_EDGE('',*,*,#1760,.T.);
#1808=EDGE_LOOP('',(#1792,#1800,#1806,#1807));
#1809=FACE_OUTER_BOUND('',#1808,.T.);
#1810=ADVANCED_FACE('',(#1809),#1784,.F.);
#1811=CARTESIAN_POINT('',(0.0,1.761999999999997,1.312000000000002));
#1812=DIRECTION('',(-1.0,0.0,0.0));
#1813=DIRECTION('',(0.0,0.0,-1.0));
#1814=AXIS2_PLACEMENT_3D('',#1811,#1812,#1813);
#1815=CYLINDRICAL_SURFACE('',#1814,0.062500000000000);
#1816=CARTESIAN_POINT('',(-0.064000000000000,1.761999999999997,1.374500000000002));
#1817=VERTEX_POINT('',#1816);
#1818=CARTESIAN_POINT('',(-0.064000000000000,1.761999999999997,1.312000000000002));
#1819=DIRECTION('',(1.0,0.0,0.0));
#1820=DIRECTION('',(0.0,0.0,-1.0));
#1821=AXIS2_PLACEMENT_3D('',#1818,#1819,#1820);
#1822=CIRCLE('',#1821,0.062500000000000);
#1823=EDGE_CURVE('',#1817,#1786,#1822,.T.);
#1824=ORIENTED_EDGE('',*,*,#1823,.F.);
#1825=CARTESIAN_POINT('',(0.0,1.761999999999997,1.374500000000002));
#1826=VERTEX_POINT('',#1825);
#1827=CARTESIAN_POINT('',(0.0,1.761999999999997,1.374500000000002));
#1828=DIRECTION('',(-1.0,0.0,0.0));
#1829=VECTOR('',#1828,0.064000000000000);
#1830=LINE('',#1827,#1829);
#1831=EDGE_CURVE('',#1826,#1817,#1830,.T.);
#1832=ORIENTED_EDGE('',*,*,#1831,.F.);
#1833=CARTESIAN_POINT('',(0.0,1.761999999999997,1.312000000000002));
#1834=DIRECTION('',(-1.0,0.0,0.0));
#1835=DIRECTION('',(0.0,0.0,-1.0));
#1836=AXIS2_PLACEMENT_3D('',#1833,#1834,#1835);
#1837=CIRCLE('',#1836,0.062500000000000);
#1838=EDGE_CURVE('',#1794,#1826,#1837,.T.);
#1839=ORIENTED_EDGE('',*,*,#1838,.F.);
#1840=ORIENTED_EDGE('',*,*,#1799,.T.);
#1841=EDGE_LOOP('',(#1824,#1832,#1839,#1840));
#1842=FACE_OUTER_BOUND('',#1841,.T.);
#1843=ADVANCED_FACE('',(#1842),#1815,.F.);
#1844=CARTESIAN_POINT('',(0.0,2.514999999999997,1.374500000000002));
#1845=DIRECTION('',(0.0,0.0,1.0));
#1846=DIRECTION('',(1.0,0.0,0.0));
#1847=AXIS2_PLACEMENT_3D('',#1844,#1845,#1846);
#1848=PLANE('',#1847);
#1849=CARTESIAN_POINT('',(-0.064000000000000,2.514999999999997,1.374500000000002));
#1850=DIRECTION('',(0.0,-1.0,0.0));
#1851=VECTOR('',#1850,0.753000000000000);
#1852=LINE('',#1849,#1851);
#1853=EDGE_CURVE('',#1746,#1817,#1852,.T.);
#1854=ORIENTED_EDGE('',*,*,#1853,.F.);
#1855=ORIENTED_EDGE('',*,*,#1775,.F.);
#1856=CARTESIAN_POINT('',(0.0,1.761999999999997,1.374500000000002));
#1857=DIRECTION('',(0.0,1.0,0.0));
#1858=VECTOR('',#1857,0.753000000000000);
#1859=LINE('',#1856,#1858);
#1860=EDGE_CURVE('',#1826,#1763,#1859,.T.);
#1861=ORIENTED_EDGE('',*,*,#1860,.F.);
#1862=ORIENTED_EDGE('',*,*,#1831,.T.);
#1863=EDGE_LOOP('',(#1854,#1855,#1861,#1862));
#1864=FACE_OUTER_BOUND('',#1863,.T.);
#1865=ADVANCED_FACE('',(#1864),#1848,.F.);
#1866=CARTESIAN_POINT('',(0.0,2.514999999999997,0.999500000000002));
#1867=DIRECTION('',(0.0,0.0,1.0));
#1868=DIRECTION('',(1.0,0.0,0.0));
#1869=AXIS2_PLACEMENT_3D('',#1866,#1867,#1868);
#1870=PLANE('',#1869);
#1871=CARTESIAN_POINT('',(-0.064000000000000,2.514999999999997,0.999500000000002));
#1872=VERTEX_POINT('',#1871);
#1873=CARTESIAN_POINT('',(-0.064000000000000,1.761999999999997,0.999500000000002));
#1874=VERTEX_POINT('',#1873);
#1875=CARTESIAN_POINT('',(-0.064000000000000,2.514999999999997,0.999500000000002));
#1876=DIRECTION('',(0.0,-1.0,0.0));
#1877=VECTOR('',#1876,0.753000000000000);
#1878=LINE('',#1875,#1877);
#1879=EDGE_CURVE('',#1872,#1874,#1878,.T.);
#1880=ORIENTED_EDGE('',*,*,#1879,.F.);
#1881=CARTESIAN_POINT('',(0.0,2.514999999999997,0.999500000000002));
#1882=VERTEX_POINT('',#1881);
#1883=CARTESIAN_POINT('',(0.0,2.514999999999997,0.999500000000002));
#1884=DIRECTION('',(-1.0,0.0,0.0));
#1885=VECTOR('',#1884,0.064000000000000);
#1886=LINE('',#1883,#1885);
#1887=EDGE_CURVE('',#1882,#1872,#1886,.T.);
#1888=ORIENTED_EDGE('',*,*,#1887,.F.);
#1889=CARTESIAN_POINT('',(0.0,1.761999999999997,0.999500000000002));
#1890=VERTEX_POINT('',#1889);
#1891=CARTESIAN_POINT('',(0.0,1.761999999999997,0.999500000000002));
#1892=DIRECTION('',(0.0,1.0,0.0));
#1893=VECTOR('',#1892,0.753000000000000);
#1894=LINE('',#1891,#1893);
#1895=EDGE_CURVE('',#1890,#1882,#1894,.T.);
#1896=ORIENTED_EDGE('',*,*,#1895,.F.);
#1897=CARTESIAN_POINT('',(0.0,1.761999999999997,0.999500000000002));
#1898=DIRECTION('',(-1.0,0.0,0.0));
#1899=VECTOR('',#1898,0.064000000000000);
#1900=LINE('',#1897,#1899);
#1901=EDGE_CURVE('',#1890,#1874,#1900,.T.);
#1902=ORIENTED_EDGE('',*,*,#1901,.T.);
#1903=EDGE_LOOP('',(#1880,#1888,#1896,#1902));
#1904=FACE_OUTER_BOUND('',#1903,.T.);
#1905=ADVANCED_FACE('',(#1904),#1870,.F.);
#1906=CARTESIAN_POINT('',(0.0,1.761999999999997,0.937000000000002));
#1907=DIRECTION('',(-1.0,0.0,0.0));
#1908=DIRECTION('',(0.0,0.0,-1.0));
#1909=AXIS2_PLACEMENT_3D('',#1906,#1907,#1908);
#1910=CYLINDRICAL_SURFACE('',#1909,0.062500000000000);
#1911=CARTESIAN_POINT('',(-0.064000000000000,1.761999999999997,0.874500000000002));
#1912=VERTEX_POINT('',#1911);
#1913=CARTESIAN_POINT('',(-0.064000000000000,1.761999999999997,0.937000000000002));
#1914=DIRECTION('',(1.0,0.0,0.0));
#1915=DIRECTION('',(0.0,0.0,-1.0));
#1916=AXIS2_PLACEMENT_3D('',#1913,#1914,#1915);
#1917=CIRCLE('',#1916,0.062500000000000);
#1918=EDGE_CURVE('',#1874,#1912,#1917,.T.);
#1919=ORIENTED_EDGE('',*,*,#1918,.F.);
#1920=ORIENTED_EDGE('',*,*,#1901,.F.);
#1921=CARTESIAN_POINT('',(0.0,1.761999999999997,0.874500000000002));
#1922=VERTEX_POINT('',#1921);
#1923=CARTESIAN_POINT('',(0.0,1.761999999999997,0.937000000000002));
#1924=DIRECTION('',(-1.0,0.0,0.0));
#1925=DIRECTION('',(0.0,0.0,-1.0));
#1926=AXIS2_PLACEMENT_3D('',#1923,#1924,#1925);
#1927=CIRCLE('',#1926,0.062500000000000);
#1928=EDGE_CURVE('',#1922,#1890,#1927,.T.);
#1929=ORIENTED_EDGE('',*,*,#1928,.F.);
#1930=CARTESIAN_POINT('',(0.0,1.761999999999997,0.874500000000002));
#1931=DIRECTION('',(-1.0,0.0,0.0));
#1932=VECTOR('',#1931,0.064000000000000);
#1933=LINE('',#1930,#1932);
#1934=EDGE_CURVE('',#1922,#1912,#1933,.T.);
#1935=ORIENTED_EDGE('',*,*,#1934,.T.);
#1936=EDGE_LOOP('',(#1919,#1920,#1929,#1935));
#1937=FACE_OUTER_BOUND('',#1936,.T.);
#1938=ADVANCED_FACE('',(#1937),#1910,.F.);
#1939=CARTESIAN_POINT('',(0.0,1.761999999999997,0.874500000000002));
#1940=DIRECTION('',(0.0,0.0,-1.0));
#1941=DIRECTION('',(-1.0,0.0,0.0));
#1942=AXIS2_PLACEMENT_3D('',#1939,#1940,#1941);
#1943=PLANE('',#1942);
#1944=CARTESIAN_POINT('',(-0.064000000000000,2.514999999999996,0.874500000000002));
#1945=VERTEX_POINT('',#1944);
#1946=CARTESIAN_POINT('',(-0.064000000000000,1.761999999999997,0.874500000000002));
#1947=DIRECTION('',(0.0,1.0,0.0));
#1948=VECTOR('',#1947,0.752999999999999);
#1949=LINE('',#1946,#1948);
#1950=EDGE_CURVE('',#1912,#1945,#1949,.T.);
#1951=ORIENTED_EDGE('',*,*,#1950,.F.);
#1952=ORIENTED_EDGE('',*,*,#1934,.F.);
#1953=CARTESIAN_POINT('',(0.0,2.514999999999996,0.874500000000002));
#1954=VERTEX_POINT('',#1953);
#1955=CARTESIAN_POINT('',(0.0,2.514999999999996,0.874500000000002));
#1956=DIRECTION('',(0.0,-1.0,0.0));
#1957=VECTOR('',#1956,0.752999999999999);
#1958=LINE('',#1955,#1957);
#1959=EDGE_CURVE('',#1954,#1922,#1958,.T.);
#1960=ORIENTED_EDGE('',*,*,#1959,.F.);
#1961=CARTESIAN_POINT('',(0.0,2.514999999999996,0.874500000000002));
#1962=DIRECTION('',(-1.0,0.0,0.0));
#1963=VECTOR('',#1962,0.064000000000000);
#1964=LINE('',#1961,#1963);
#1965=EDGE_CURVE('',#1954,#1945,#1964,.T.);
#1966=ORIENTED_EDGE('',*,*,#1965,.T.);
#1967=EDGE_LOOP('',(#1951,#1952,#1960,#1966));
#1968=FACE_OUTER_BOUND('',#1967,.T.);
#1969=ADVANCED_FACE('',(#1968),#1943,.F.);
#1970=CARTESIAN_POINT('',(0.0,2.514999999999997,0.937000000000002));
#1971=DIRECTION('',(-1.0,0.0,0.0));
#1972=DIRECTION('',(0.0,0.0,1.0));
#1973=AXIS2_PLACEMENT_3D('',#1970,#1971,#1972);
#1974=CYLINDRICAL_SURFACE('',#1973,0.062500000000000);
#1975=CARTESIAN_POINT('',(-0.064000000000000,2.514999999999997,0.937000000000002));
#1976=DIRECTION('',(1.0,0.0,0.0));
#1977=DIRECTION('',(0.0,0.0,1.0));
#1978=AXIS2_PLACEMENT_3D('',#1975,#1976,#1977);
#1979=CIRCLE('',#1978,0.062500000000000);
#1980=EDGE_CURVE('',#1945,#1872,#1979,.T.);
#1981=ORIENTED_EDGE('',*,*,#1980,.F.);
#1982=ORIENTED_EDGE('',*,*,#1965,.F.);
#1983=CARTESIAN_POINT('',(0.0,2.514999999999997,0.937000000000002));
#1984=DIRECTION('',(-1.0,0.0,0.0));
#1985=DIRECTION('',(0.0,0.0,1.0));
#1986=AXIS2_PLACEMENT_3D('',#1983,#1984,#1985);
#1987=CIRCLE('',#1986,0.062500000000000);
#1988=EDGE_CURVE('',#1882,#1954,#1987,.T.);
#1989=ORIENTED_EDGE('',*,*,#1988,.F.);
#1990=ORIENTED_EDGE('',*,*,#1887,.T.);
#1991=EDGE_LOOP('',(#1981,#1982,#1989,#1990));
#1992=FACE_OUTER_BOUND('',#1991,.T.);
#1993=ADVANCED_FACE('',(#1992),#1974,.F.);
#1994=CARTESIAN_POINT('',(0.0,2.514999999999998,0.562000000000002));
#1995=DIRECTION('',(-1.0,0.0,0.0));
#1996=DIRECTION('',(0.0,0.0,1.0));
#1997=AXIS2_PLACEMENT_3D('',#1994,#1995,#1996);
#1998=CYLINDRICAL_SURFACE('',#1997,0.062500000000000);
#1999=CARTESIAN_POINT('',(-0.064000000000000,2.514999999999996,0.499500000000002));
#2000=VERTEX_POINT('',#1999);
#2001=CARTESIAN_POINT('',(-0.064000000000000,2.514999999999997,0.624500000000002));
#2002=VERTEX_POINT('',#2001);
#2003=CARTESIAN_POINT('',(-0.064000000000000,2.514999999999998,0.562000000000002));
#2004=DIRECTION('',(1.0,0.0,0.0));
#2005=DIRECTION('',(0.0,0.0,1.0));
#2006=AXIS2_PLACEMENT_3D('',#2003,#2004,#2005);
#2007=CIRCLE('',#2006,0.062500000000000);
#2008=EDGE_CURVE('',#2000,#2002,#2007,.T.);
#2009=ORIENTED_EDGE('',*,*,#2008,.F.);
#2010=CARTESIAN_POINT('',(0.0,2.514999999999996,0.499500000000002));
#2011=VERTEX_POINT('',#2010);
#2012=CARTESIAN_POINT('',(0.0,2.514999999999996,0.499500000000002));
#2013=DIRECTION('',(-1.0,0.0,0.0));
#2014=VECTOR('',#2013,0.064000000000000);
#2015=LINE('',#2012,#2014);
#2016=EDGE_CURVE('',#2011,#2000,#2015,.T.);
#2017=ORIENTED_EDGE('',*,*,#2016,.F.);
#2018=CARTESIAN_POINT('',(0.0,2.514999999999997,0.624500000000002));
#2019=VERTEX_POINT('',#2018);
#2020=CARTESIAN_POINT('',(0.0,2.514999999999998,0.562000000000002));
#2021=DIRECTION('',(-1.0,0.0,0.0));
#2022=DIRECTION('',(0.0,0.0,1.0));
#2023=AXIS2_PLACEMENT_3D('',#2020,#2021,#2022);
#2024=CIRCLE('',#2023,0.062500000000000);
#2025=EDGE_CURVE('',#2019,#2011,#2024,.T.);
#2026=ORIENTED_EDGE('',*,*,#2025,.F.);
#2027=CARTESIAN_POINT('',(0.0,2.514999999999997,0.624500000000002));
#2028=DIRECTION('',(-1.0,0.0,0.0));
#2029=VECTOR('',#2028,0.064000000000000);
#2030=LINE('',#2027,#2029);
#2031=EDGE_CURVE('',#2019,#2002,#2030,.T.);
#2032=ORIENTED_EDGE('',*,*,#2031,.T.);
#2033=EDGE_LOOP('',(#2009,#2017,#2026,#2032));
#2034=FACE_OUTER_BOUND('',#2033,.T.);
#2035=ADVANCED_FACE('',(#2034),#1998,.F.);
#2036=CARTESIAN_POINT('',(0.0,1.761999999999997,0.499500000000002));
#2037=DIRECTION('',(0.0,0.0,-1.0));
#2038=DIRECTION('',(-1.0,0.0,0.0));
#2039=AXIS2_PLACEMENT_3D('',#2036,#2037,#2038);
#2040=PLANE('',#2039);
#2041=CARTESIAN_POINT('',(-0.064000000000000,1.761999999999997,0.499500000000002));
#2042=VERTEX_POINT('',#2041);
#2043=CARTESIAN_POINT('',(-0.064000000000000,1.761999999999997,0.499500000000002));
#2044=DIRECTION('',(0.0,1.0,0.0));
#2045=VECTOR('',#2044,0.752999999999999);
#2046=LINE('',#2043,#2045);
#2047=EDGE_CURVE('',#2042,#2000,#2046,.T.);
#2048=ORIENTED_EDGE('',*,*,#2047,.F.);
#2049=CARTESIAN_POINT('',(0.0,1.761999999999997,0.499500000000002));
#2050=VERTEX_POINT('',#2049);
#2051=CARTESIAN_POINT('',(0.0,1.761999999999997,0.499500000000002));
#2052=DIRECTION('',(-1.0,0.0,0.0));
#2053=VECTOR('',#2052,0.064000000000000);
#2054=LINE('',#2051,#2053);
#2055=EDGE_CURVE('',#2050,#2042,#2054,.T.);
#2056=ORIENTED_EDGE('',*,*,#2055,.F.);
#2057=CARTESIAN_POINT('',(0.0,2.514999999999996,0.499500000000002));
#2058=DIRECTION('',(0.0,-1.0,0.0));
#2059=VECTOR('',#2058,0.752999999999999);
#2060=LINE('',#2057,#2059);
#2061=EDGE_CURVE('',#2011,#2050,#2060,.T.);
#2062=ORIENTED_EDGE('',*,*,#2061,.F.);
#2063=ORIENTED_EDGE('',*,*,#2016,.T.);
#2064=EDGE_LOOP('',(#2048,#2056,#2062,#2063));
#2065=FACE_OUTER_BOUND('',#2064,.T.);
#2066=ADVANCED_FACE('',(#2065),#2040,.F.);
#2067=CARTESIAN_POINT('',(0.0,1.761999999999998,0.562000000000002));
#2068=DIRECTION('',(-1.0,0.0,0.0));
#2069=DIRECTION('',(0.0,0.0,-1.0));
#2070=AXIS2_PLACEMENT_3D('',#2067,#2068,#2069);
#2071=CYLINDRICAL_SURFACE('',#2070,0.062500000000000);
#2072=CARTESIAN_POINT('',(-0.064000000000000,1.761999999999997,0.624500000000002));
#2073=VERTEX_POINT('',#2072);
#2074=CARTESIAN_POINT('',(-0.064000000000000,1.761999999999998,0.562000000000002));
#2075=DIRECTION('',(1.0,0.0,0.0));
#2076=DIRECTION('',(0.0,0.0,-1.0));
#2077=AXIS2_PLACEMENT_3D('',#2074,#2075,#2076);
#2078=CIRCLE('',#2077,0.062500000000000);
#2079=EDGE_CURVE('',#2073,#2042,#2078,.T.);
#2080=ORIENTED_EDGE('',*,*,#2079,.F.);
#2081=CARTESIAN_POINT('',(0.0,1.761999999999997,0.624500000000002));
#2082=VERTEX_POINT('',#2081);
#2083=CARTESIAN_POINT('',(0.0,1.761999999999997,0.624500000000002));
#2084=DIRECTION('',(-1.0,0.0,0.0));
#2085=VECTOR('',#2084,0.064000000000000);
#2086=LINE('',#2083,#2085);
#2087=EDGE_CURVE('',#2082,#2073,#2086,.T.);
#2088=ORIENTED_EDGE('',*,*,#2087,.F.);
#2089=CARTESIAN_POINT('',(0.0,1.761999999999998,0.562000000000002));
#2090=DIRECTION('',(-1.0,0.0,0.0));
#2091=DIRECTION('',(0.0,0.0,-1.0));
#2092=AXIS2_PLACEMENT_3D('',#2089,#2090,#2091);
#2093=CIRCLE('',#2092,0.062500000000000);
#2094=EDGE_CURVE('',#2050,#2082,#2093,.T.);
#2095=ORIENTED_EDGE('',*,*,#2094,.F.);
#2096=ORIENTED_EDGE('',*,*,#2055,.T.);
#2097=EDGE_LOOP('',(#2080,#2088,#2095,#2096));
#2098=FACE_OUTER_BOUND('',#2097,.T.);
#2099=ADVANCED_FACE('',(#2098),#2071,.F.);
#2100=CARTESIAN_POINT('',(0.0,2.514999999999997,0.624500000000002));
#2101=DIRECTION('',(0.0,0.0,1.0));
#2102=DIRECTION('',(1.0,0.0,0.0));
#2103=AXIS2_PLACEMENT_3D('',#2100,#2101,#2102);
#2104=PLANE('',#2103);
#2105=CARTESIAN_POINT('',(-0.064000000000000,2.514999999999997,0.624500000000002));
#2106=DIRECTION('',(0.0,-1.0,0.0));
#2107=VECTOR('',#2106,0.753000000000000);
#2108=LINE('',#2105,#2107);
#2109=EDGE_CURVE('',#2002,#2073,#2108,.T.);
#2110=ORIENTED_EDGE('',*,*,#2109,.F.);
#2111=ORIENTED_EDGE('',*,*,#2031,.F.);
#2112=CARTESIAN_POINT('',(0.0,1.761999999999997,0.624500000000002));
#2113=DIRECTION('',(0.0,1.0,0.0));
#2114=VECTOR('',#2113,0.753000000000000);
#2115=LINE('',#2112,#2114);
#2116=EDGE_CURVE('',#2082,#2019,#2115,.T.);
#2117=ORIENTED_EDGE('',*,*,#2116,.F.);
#2118=ORIENTED_EDGE('',*,*,#2087,.T.);
#2119=EDGE_LOOP('',(#2110,#2111,#2117,#2118));
#2120=FACE_OUTER_BOUND('',#2119,.T.);
#2121=ADVANCED_FACE('',(#2120),#2104,.F.);
#2122=CARTESIAN_POINT('',(0.0,2.514999999999997,0.249500000000002));
#2123=DIRECTION('',(0.0,0.0,1.0));
#2124=DIRECTION('',(1.0,0.0,0.0));
#2125=AXIS2_PLACEMENT_3D('',#2122,#2123,#2124);
#2126=PLANE('',#2125);
#2127=CARTESIAN_POINT('',(-0.064000000000000,2.514999999999997,0.249500000000002));
#2128=VERTEX_POINT('',#2127);
#2129=CARTESIAN_POINT('',(-0.064000000000000,1.761999999999997,0.249500000000002));
#2130=VERTEX_POINT('',#2129);
#2131=CARTESIAN_POINT('',(-0.064000000000000,2.514999999999997,0.249500000000002));
#2132=DIRECTION('',(0.0,-1.0,0.0));
#2133=VECTOR('',#2132,0.753000000000000);
#2134=LINE('',#2131,#2133);
#2135=EDGE_CURVE('',#2128,#2130,#2134,.T.);
#2136=ORIENTED_EDGE('',*,*,#2135,.F.);
#2137=CARTESIAN_POINT('',(0.0,2.514999999999997,0.249500000000002));
#2138=VERTEX_POINT('',#2137);
#2139=CARTESIAN_POINT('',(0.0,2.514999999999997,0.249500000000002));
#2140=DIRECTION('',(-1.0,0.0,0.0));
#2141=VECTOR('',#2140,0.064000000000000);
#2142=LINE('',#2139,#2141);
#2143=EDGE_CURVE('',#2138,#2128,#2142,.T.);
#2144=ORIENTED_EDGE('',*,*,#2143,.F.);
#2145=CARTESIAN_POINT('',(0.0,1.761999999999997,0.249500000000002));
#2146=VERTEX_POINT('',#2145);
#2147=CARTESIAN_POINT('',(0.0,1.761999999999997,0.249500000000002));
#2148=DIRECTION('',(0.0,1.0,0.0));
#2149=VECTOR('',#2148,0.753000000000000);
#2150=LINE('',#2147,#2149);
#2151=EDGE_CURVE('',#2146,#2138,#2150,.T.);
#2152=ORIENTED_EDGE('',*,*,#2151,.F.);
#2153=CARTESIAN_POINT('',(0.0,1.761999999999997,0.249500000000002));
#2154=DIRECTION('',(-1.0,0.0,0.0));
#2155=VECTOR('',#2154,0.064000000000000);
#2156=LINE('',#2153,#2155);
#2157=EDGE_CURVE('',#2146,#2130,#2156,.T.);
#2158=ORIENTED_EDGE('',*,*,#2157,.T.);
#2159=EDGE_LOOP('',(#2136,#2144,#2152,#2158));
#2160=FACE_OUTER_BOUND('',#2159,.T.);
#2161=ADVANCED_FACE('',(#2160),#2126,.F.);
#2162=CARTESIAN_POINT('',(0.0,1.761999999999998,0.187000000000002));
#2163=DIRECTION('',(-1.0,0.0,0.0));
#2164=DIRECTION('',(0.0,0.0,-1.0));
#2165=AXIS2_PLACEMENT_3D('',#2162,#2163,#2164);
#2166=CYLINDRICAL_SURFACE('',#2165,0.062500000000000);
#2167=CARTESIAN_POINT('',(-0.064000000000000,1.761999999999997,0.124500000000002));
#2168=VERTEX_POINT('',#2167);
#2169=CARTESIAN_POINT('',(-0.064000000000000,1.761999999999998,0.187000000000002));
#2170=DIRECTION('',(1.0,0.0,0.0));
#2171=DIRECTION('',(0.0,0.0,-1.0));
#2172=AXIS2_PLACEMENT_3D('',#2169,#2170,#2171);
#2173=CIRCLE('',#2172,0.062500000000000);
#2174=EDGE_CURVE('',#2130,#2168,#2173,.T.);
#2175=ORIENTED_EDGE('',*,*,#2174,.F.);
#2176=ORIENTED_EDGE('',*,*,#2157,.F.);
#2177=CARTESIAN_POINT('',(0.0,1.761999999999997,0.124500000000002));
#2178=VERTEX_POINT('',#2177);
#2179=CARTESIAN_POINT('',(0.0,1.761999999999998,0.187000000000002));
#2180=DIRECTION('',(-1.0,0.0,0.0));
#2181=DIRECTION('',(0.0,0.0,-1.0));
#2182=AXIS2_PLACEMENT_3D('',#2179,#2180,#2181);
#2183=CIRCLE('',#2182,0.062500000000000);
#2184=EDGE_CURVE('',#2178,#2146,#2183,.T.);
#2185=ORIENTED_EDGE('',*,*,#2184,.F.);
#2186=CARTESIAN_POINT('',(0.0,1.761999999999997,0.124500000000002));
#2187=DIRECTION('',(-1.0,0.0,0.0));
#2188=VECTOR('',#2187,0.064000000000000);
#2189=LINE('',#2186,#2188);
#2190=EDGE_CURVE('',#2178,#2168,#2189,.T.);
#2191=ORIENTED_EDGE('',*,*,#2190,.T.);
#2192=EDGE_LOOP('',(#2175,#2176,#2185,#2191));
#2193=FACE_OUTER_BOUND('',#2192,.T.);
#2194=ADVANCED_FACE('',(#2193),#2166,.F.);
#2195=CARTESIAN_POINT('',(0.0,1.761999999999997,0.124500000000002));
#2196=DIRECTION('',(0.0,0.0,-1.0));
#2197=DIRECTION('',(-1.0,0.0,0.0));
#2198=AXIS2_PLACEMENT_3D('',#2195,#2196,#2197);
#2199=PLANE('',#2198);
#2200=CARTESIAN_POINT('',(-0.064000000000000,2.514999999999996,0.124500000000002));
#2201=VERTEX_POINT('',#2200);
#2202=CARTESIAN_POINT('',(-0.064000000000000,1.761999999999997,0.124500000000002));
#2203=DIRECTION('',(0.0,1.0,0.0));
#2204=VECTOR('',#2203,0.752999999999999);
#2205=LINE('',#2202,#2204);
#2206=EDGE_CURVE('',#2168,#2201,#2205,.T.);
#2207=ORIENTED_EDGE('',*,*,#2206,.F.);
#2208=ORIENTED_EDGE('',*,*,#2190,.F.);
#2209=CARTESIAN_POINT('',(0.0,2.514999999999996,0.124500000000002));
#2210=VERTEX_POINT('',#2209);
#2211=CARTESIAN_POINT('',(0.0,2.514999999999996,0.124500000000002));
#2212=DIRECTION('',(0.0,-1.0,0.0));
#2213=VECTOR('',#2212,0.752999999999999);
#2214=LINE('',#2211,#2213);
#2215=EDGE_CURVE('',#2210,#2178,#2214,.T.);
#2216=ORIENTED_EDGE('',*,*,#2215,.F.);
#2217=CARTESIAN_POINT('',(0.0,2.514999999999996,0.124500000000002));
#2218=DIRECTION('',(-1.0,0.0,0.0));
#2219=VECTOR('',#2218,0.064000000000000);
#2220=LINE('',#2217,#2219);
#2221=EDGE_CURVE('',#2210,#2201,#2220,.T.);
#2222=ORIENTED_EDGE('',*,*,#2221,.T.);
#2223=EDGE_LOOP('',(#2207,#2208,#2216,#2222));
#2224=FACE_OUTER_BOUND('',#2223,.T.);
#2225=ADVANCED_FACE('',(#2224),#2199,.F.);
#2226=CARTESIAN_POINT('',(0.0,2.514999999999998,0.187000000000002));
#2227=DIRECTION('',(-1.0,0.0,0.0));
#2228=DIRECTION('',(0.0,0.0,1.0));
#2229=AXIS2_PLACEMENT_3D('',#2226,#2227,#2228);
#2230=CYLINDRICAL_SURFACE('',#2229,0.062500000000000);
#2231=CARTESIAN_POINT('',(-0.064000000000000,2.514999999999998,0.187000000000002));
#2232=DIRECTION('',(1.0,0.0,0.0));
#2233=DIRECTION('',(0.0,0.0,1.0));
#2234=AXIS2_PLACEMENT_3D('',#2231,#2232,#2233);
#2235=CIRCLE('',#2234,0.062500000000000);
#2236=EDGE_CURVE('',#2201,#2128,#2235,.T.);
#2237=ORIENTED_EDGE('',*,*,#2236,.F.);
#2238=ORIENTED_EDGE('',*,*,#2221,.F.);
#2239=CARTESIAN_POINT('',(0.0,2.514999999999998,0.187000000000002));
#2240=DIRECTION('',(-1.0,0.0,0.0));
#2241=DIRECTION('',(0.0,0.0,1.0));
#2242=AXIS2_PLACEMENT_3D('',#2239,#2240,#2241);
#2243=CIRCLE('',#2242,0.062500000000000);
#2244=EDGE_CURVE('',#2138,#2210,#2243,.T.);
#2245=ORIENTED_EDGE('',*,*,#2244,.F.);
#2246=ORIENTED_EDGE('',*,*,#2143,.T.);
#2247=EDGE_LOOP('',(#2237,#2238,#2245,#2246));
#2248=FACE_OUTER_BOUND('',#2247,.T.);
#2249=ADVANCED_FACE('',(#2248),#2230,.F.);
#2250=CARTESIAN_POINT('',(0.0,2.514999999999998,-0.187999999999998));
#2251=DIRECTION('',(-1.0,0.0,0.0));
#2252=DIRECTION('',(0.0,0.0,1.0));
#2253=AXIS2_PLACEMENT_3D('',#2250,#2251,#2252);
#2254=CYLINDRICAL_SURFACE('',#2253,0.062500000000000);
#2255=CARTESIAN_POINT('',(-0.064000000000000,2.514999999999996,-0.250499999999998));
#2256=VERTEX_POINT('',#2255);
#2257=CARTESIAN_POINT('',(-0.064000000000000,2.514999999999997,-0.125499999999998));
#2258=VERTEX_POINT('',#2257);
#2259=CARTESIAN_POINT('',(-0.064000000000000,2.514999999999998,-0.187999999999998));
#2260=DIRECTION('',(1.0,0.0,0.0));
#2261=DIRECTION('',(0.0,0.0,1.0));
#2262=AXIS2_PLACEMENT_3D('',#2259,#2260,#2261);
#2263=CIRCLE('',#2262,0.062500000000000);
#2264=EDGE_CURVE('',#2256,#2258,#2263,.T.);
#2265=ORIENTED_EDGE('',*,*,#2264,.F.);
#2266=CARTESIAN_POINT('',(0.0,2.514999999999996,-0.250499999999998));
#2267=VERTEX_POINT('',#2266);
#2268=CARTESIAN_POINT('',(0.0,2.514999999999996,-0.250499999999998));
#2269=DIRECTION('',(-1.0,0.0,0.0));
#2270=VECTOR('',#2269,0.064000000000000);
#2271=LINE('',#2268,#2270);
#2272=EDGE_CURVE('',#2267,#2256,#2271,.T.);
#2273=ORIENTED_EDGE('',*,*,#2272,.F.);
#2274=CARTESIAN_POINT('',(0.0,2.514999999999997,-0.125499999999998));
#2275=VERTEX_POINT('',#2274);
#2276=CARTESIAN_POINT('',(0.0,2.514999999999998,-0.187999999999998));
#2277=DIRECTION('',(-1.0,0.0,0.0));
#2278=DIRECTION('',(0.0,0.0,1.0));
#2279=AXIS2_PLACEMENT_3D('',#2276,#2277,#2278);
#2280=CIRCLE('',#2279,0.062500000000000);
#2281=EDGE_CURVE('',#2275,#2267,#2280,.T.);
#2282=ORIENTED_EDGE('',*,*,#2281,.F.);
#2283=CARTESIAN_POINT('',(0.0,2.514999999999997,-0.125499999999998));
#2284=DIRECTION('',(-1.0,0.0,0.0));
#2285=VECTOR('',#2284,0.064000000000000);
#2286=LINE('',#2283,#2285);
#2287=EDGE_CURVE('',#2275,#2258,#2286,.T.);
#2288=ORIENTED_EDGE('',*,*,#2287,.T.);
#2289=EDGE_LOOP('',(#2265,#2273,#2282,#2288));
#2290=FACE_OUTER_BOUND('',#2289,.T.);
#2291=ADVANCED_FACE('',(#2290),#2254,.F.);
#2292=CARTESIAN_POINT('',(0.0,1.761999999999997,-0.250499999999998));
#2293=DIRECTION('',(0.0,0.0,-1.0));
#2294=DIRECTION('',(-1.0,0.0,0.0));
#2295=AXIS2_PLACEMENT_3D('',#2292,#2293,#2294);
#2296=PLANE('',#2295);
#2297=CARTESIAN_POINT('',(-0.064000000000000,1.761999999999997,-0.250499999999998));
#2298=VERTEX_POINT('',#2297);
#2299=CARTESIAN_POINT('',(-0.064000000000000,1.761999999999997,-0.250499999999998));
#2300=DIRECTION('',(0.0,1.0,0.0));
#2301=VECTOR('',#2300,0.752999999999999);
#2302=LINE('',#2299,#2301);
#2303=EDGE_CURVE('',#2298,#2256,#2302,.T.);
#2304=ORIENTED_EDGE('',*,*,#2303,.F.);
#2305=CARTESIAN_POINT('',(0.0,1.761999999999997,-0.250499999999998));
#2306=VERTEX_POINT('',#2305);
#2307=CARTESIAN_POINT('',(0.0,1.761999999999997,-0.250499999999998));
#2308=DIRECTION('',(-1.0,0.0,0.0));
#2309=VECTOR('',#2308,0.064000000000000);
#2310=LINE('',#2307,#2309);
#2311=EDGE_CURVE('',#2306,#2298,#2310,.T.);
#2312=ORIENTED_EDGE('',*,*,#2311,.F.);
#2313=CARTESIAN_POINT('',(0.0,2.514999999999996,-0.250499999999998));
#2314=DIRECTION('',(0.0,-1.0,0.0));
#2315=VECTOR('',#2314,0.752999999999999);
#2316=LINE('',#2313,#2315);
#2317=EDGE_CURVE('',#2267,#2306,#2316,.T.);
#2318=ORIENTED_EDGE('',*,*,#2317,.F.);
#2319=ORIENTED_EDGE('',*,*,#2272,.T.);
#2320=EDGE_LOOP('',(#2304,#2312,#2318,#2319));
#2321=FACE_OUTER_BOUND('',#2320,.T.);
#2322=ADVANCED_FACE('',(#2321),#2296,.F.);
#2323=CARTESIAN_POINT('',(0.0,1.761999999999998,-0.187999999999998));
#2324=DIRECTION('',(-1.0,0.0,0.0));
#2325=DIRECTION('',(0.0,0.0,-1.0));
#2326=AXIS2_PLACEMENT_3D('',#2323,#2324,#2325);
#2327=CYLINDRICAL_SURFACE('',#2326,0.062500000000000);
#2328=CARTESIAN_POINT('',(-0.064000000000000,1.761999999999997,-0.125499999999998));
#2329=VERTEX_POINT('',#2328);
#2330=CARTESIAN_POINT('',(-0.064000000000000,1.761999999999998,-0.187999999999998));
#2331=DIRECTION('',(1.0,0.0,0.0));
#2332=DIRECTION('',(0.0,0.0,-1.0));
#2333=AXIS2_PLACEMENT_3D('',#2330,#2331,#2332);
#2334=CIRCLE('',#2333,0.062500000000000);
#2335=EDGE_CURVE('',#2329,#2298,#2334,.T.);
#2336=ORIENTED_EDGE('',*,*,#2335,.F.);
#2337=CARTESIAN_POINT('',(0.0,1.761999999999997,-0.125499999999998));
#2338=VERTEX_POINT('',#2337);
#2339=CARTESIAN_POINT('',(0.0,1.761999999999997,-0.125499999999998));
#2340=DIRECTION('',(-1.0,0.0,0.0));
#2341=VECTOR('',#2340,0.064000000000000);
#2342=LINE('',#2339,#2341);
#2343=EDGE_CURVE('',#2338,#2329,#2342,.T.);
#2344=ORIENTED_EDGE('',*,*,#2343,.F.);
#2345=CARTESIAN_POINT('',(0.0,1.761999999999998,-0.187999999999998));
#2346=DIRECTION('',(-1.0,0.0,0.0));
#2347=DIRECTION('',(0.0,0.0,-1.0));
#2348=AXIS2_PLACEMENT_3D('',#2345,#2346,#2347);
#2349=CIRCLE('',#2348,0.062500000000000);
#2350=EDGE_CURVE('',#2306,#2338,#2349,.T.);
#2351=ORIENTED_EDGE('',*,*,#2350,.F.);
#2352=ORIENTED_EDGE('',*,*,#2311,.T.);
#2353=EDGE_LOOP('',(#2336,#2344,#2351,#2352));
#2354=FACE_OUTER_BOUND('',#2353,.T.);
#2355=ADVANCED_FACE('',(#2354),#2327,.F.);
#2356=CARTESIAN_POINT('',(0.0,2.514999999999997,-0.125499999999998));
#2357=DIRECTION('',(0.0,0.0,1.0));
#2358=DIRECTION('',(1.0,0.0,0.0));
#2359=AXIS2_PLACEMENT_3D('',#2356,#2357,#2358);
#2360=PLANE('',#2359);
#2361=CARTESIAN_POINT('',(-0.064000000000000,2.514999999999997,-0.125499999999998));
#2362=DIRECTION('',(0.0,-1.0,0.0));
#2363=VECTOR('',#2362,0.753000000000000);
#2364=LINE('',#2361,#2363);
#2365=EDGE_CURVE('',#2258,#2329,#2364,.T.);
#2366=ORIENTED_EDGE('',*,*,#2365,.F.);
#2367=ORIENTED_EDGE('',*,*,#2287,.F.);
#2368=CARTESIAN_POINT('',(0.0,1.761999999999997,-0.125499999999998));
#2369=DIRECTION('',(0.0,1.0,0.0));
#2370=VECTOR('',#2369,0.753000000000000);
#2371=LINE('',#2368,#2370);
#2372=EDGE_CURVE('',#2338,#2275,#2371,.T.);
#2373=ORIENTED_EDGE('',*,*,#2372,.F.);
#2374=ORIENTED_EDGE('',*,*,#2343,.T.);
#2375=EDGE_LOOP('',(#2366,#2367,#2373,#2374));
#2376=FACE_OUTER_BOUND('',#2375,.T.);
#2377=ADVANCED_FACE('',(#2376),#2360,.F.);
#2378=CARTESIAN_POINT('',(0.0,2.514999999999997,-0.500499999999998));
#2379=DIRECTION('',(0.0,0.0,1.0));
#2380=DIRECTION('',(1.0,0.0,0.0));
#2381=AXIS2_PLACEMENT_3D('',#2378,#2379,#2380);
#2382=PLANE('',#2381);
#2383=CARTESIAN_POINT('',(-0.064000000000000,2.514999999999997,-0.500499999999998));
#2384=VERTEX_POINT('',#2383);
#2385=CARTESIAN_POINT('',(-0.064000000000000,1.761999999999997,-0.500499999999998));
#2386=VERTEX_POINT('',#2385);
#2387=CARTESIAN_POINT('',(-0.064000000000000,2.514999999999997,-0.500499999999998));
#2388=DIRECTION('',(0.0,-1.0,0.0));
#2389=VECTOR('',#2388,0.753000000000000);
#2390=LINE('',#2387,#2389);
#2391=EDGE_CURVE('',#2384,#2386,#2390,.T.);
#2392=ORIENTED_EDGE('',*,*,#2391,.F.);
#2393=CARTESIAN_POINT('',(0.0,2.514999999999997,-0.500499999999998));
#2394=VERTEX_POINT('',#2393);
#2395=CARTESIAN_POINT('',(0.0,2.514999999999997,-0.500499999999998));
#2396=DIRECTION('',(-1.0,0.0,0.0));
#2397=VECTOR('',#2396,0.064000000000000);
#2398=LINE('',#2395,#2397);
#2399=EDGE_CURVE('',#2394,#2384,#2398,.T.);
#2400=ORIENTED_EDGE('',*,*,#2399,.F.);
#2401=CARTESIAN_POINT('',(0.0,1.761999999999997,-0.500499999999998));
#2402=VERTEX_POINT('',#2401);
#2403=CARTESIAN_POINT('',(0.0,1.761999999999997,-0.500499999999998));
#2404=DIRECTION('',(0.0,1.0,0.0));
#2405=VECTOR('',#2404,0.753000000000000);
#2406=LINE('',#2403,#2405);
#2407=EDGE_CURVE('',#2402,#2394,#2406,.T.);
#2408=ORIENTED_EDGE('',*,*,#2407,.F.);
#2409=CARTESIAN_POINT('',(0.0,1.761999999999997,-0.500499999999998));
#2410=DIRECTION('',(-1.0,0.0,0.0));
#2411=VECTOR('',#2410,0.064000000000000);
#2412=LINE('',#2409,#2411);
#2413=EDGE_CURVE('',#2402,#2386,#2412,.T.);
#2414=ORIENTED_EDGE('',*,*,#2413,.T.);
#2415=EDGE_LOOP('',(#2392,#2400,#2408,#2414));
#2416=FACE_OUTER_BOUND('',#2415,.T.);
#2417=ADVANCED_FACE('',(#2416),#2382,.F.);
#2418=CARTESIAN_POINT('',(0.0,1.761999999999998,-0.562999999999998));
#2419=DIRECTION('',(-1.0,0.0,0.0));
#2420=DIRECTION('',(0.0,0.0,-1.0));
#2421=AXIS2_PLACEMENT_3D('',#2418,#2419,#2420);
#2422=CYLINDRICAL_SURFACE('',#2421,0.062500000000000);
#2423=CARTESIAN_POINT('',(-0.064000000000000,1.761999999999997,-0.625499999999998));
#2424=VERTEX_POINT('',#2423);
#2425=CARTESIAN_POINT('',(-0.064000000000000,1.761999999999998,-0.562999999999998));
#2426=DIRECTION('',(1.0,0.0,0.0));
#2427=DIRECTION('',(0.0,0.0,-1.0));
#2428=AXIS2_PLACEMENT_3D('',#2425,#2426,#2427);
#2429=CIRCLE('',#2428,0.062500000000000);
#2430=EDGE_CURVE('',#2386,#2424,#2429,.T.);
#2431=ORIENTED_EDGE('',*,*,#2430,.F.);
#2432=ORIENTED_EDGE('',*,*,#2413,.F.);
#2433=CARTESIAN_POINT('',(0.0,1.761999999999997,-0.625499999999998));
#2434=VERTEX_POINT('',#2433);
#2435=CARTESIAN_POINT('',(0.0,1.761999999999998,-0.562999999999998));
#2436=DIRECTION('',(-1.0,0.0,0.0));
#2437=DIRECTION('',(0.0,0.0,-1.0));
#2438=AXIS2_PLACEMENT_3D('',#2435,#2436,#2437);
#2439=CIRCLE('',#2438,0.062500000000000);
#2440=EDGE_CURVE('',#2434,#2402,#2439,.T.);
#2441=ORIENTED_EDGE('',*,*,#2440,.F.);
#2442=CARTESIAN_POINT('',(0.0,1.761999999999997,-0.625499999999998));
#2443=DIRECTION('',(-1.0,0.0,0.0));
#2444=VECTOR('',#2443,0.064000000000000);
#2445=LINE('',#2442,#2444);
#2446=EDGE_CURVE('',#2434,#2424,#2445,.T.);
#2447=ORIENTED_EDGE('',*,*,#2446,.T.);
#2448=EDGE_LOOP('',(#2431,#2432,#2441,#2447));
#2449=FACE_OUTER_BOUND('',#2448,.T.);
#2450=ADVANCED_FACE('',(#2449),#2422,.F.);
#2451=CARTESIAN_POINT('',(0.0,1.761999999999997,-0.625499999999998));
#2452=DIRECTION('',(0.0,0.0,-1.0));
#2453=DIRECTION('',(-1.0,0.0,0.0));
#2454=AXIS2_PLACEMENT_3D('',#2451,#2452,#2453);
#2455=PLANE('',#2454);
#2456=CARTESIAN_POINT('',(-0.064000000000000,2.514999999999996,-0.625499999999998));
#2457=VERTEX_POINT('',#2456);
#2458=CARTESIAN_POINT('',(-0.064000000000000,1.761999999999997,-0.625499999999998));
#2459=DIRECTION('',(0.0,1.0,0.0));
#2460=VECTOR('',#2459,0.752999999999999);
#2461=LINE('',#2458,#2460);
#2462=EDGE_CURVE('',#2424,#2457,#2461,.T.);
#2463=ORIENTED_EDGE('',*,*,#2462,.F.);
#2464=ORIENTED_EDGE('',*,*,#2446,.F.);
#2465=CARTESIAN_POINT('',(0.0,2.514999999999996,-0.625499999999998));
#2466=VERTEX_POINT('',#2465);
#2467=CARTESIAN_POINT('',(0.0,2.514999999999996,-0.625499999999998));
#2468=DIRECTION('',(0.0,-1.0,0.0));
#2469=VECTOR('',#2468,0.752999999999999);
#2470=LINE('',#2467,#2469);
#2471=EDGE_CURVE('',#2466,#2434,#2470,.T.);
#2472=ORIENTED_EDGE('',*,*,#2471,.F.);
#2473=CARTESIAN_POINT('',(0.0,2.514999999999996,-0.625499999999998));
#2474=DIRECTION('',(-1.0,0.0,0.0));
#2475=VECTOR('',#2474,0.064000000000000);
#2476=LINE('',#2473,#2475);
#2477=EDGE_CURVE('',#2466,#2457,#2476,.T.);
#2478=ORIENTED_EDGE('',*,*,#2477,.T.);
#2479=EDGE_LOOP('',(#2463,#2464,#2472,#2478));
#2480=FACE_OUTER_BOUND('',#2479,.T.);
#2481=ADVANCED_FACE('',(#2480),#2455,.F.);
#2482=CARTESIAN_POINT('',(0.0,2.514999999999998,-0.562999999999998));
#2483=DIRECTION('',(-1.0,0.0,0.0));
#2484=DIRECTION('',(0.0,0.0,1.0));
#2485=AXIS2_PLACEMENT_3D('',#2482,#2483,#2484);
#2486=CYLINDRICAL_SURFACE('',#2485,0.062500000000000);
#2487=CARTESIAN_POINT('',(-0.064000000000000,2.514999999999998,-0.562999999999998));
#2488=DIRECTION('',(1.0,0.0,0.0));
#2489=DIRECTION('',(0.0,0.0,1.0));
#2490=AXIS2_PLACEMENT_3D('',#2487,#2488,#2489);
#2491=CIRCLE('',#2490,0.062500000000000);
#2492=EDGE_CURVE('',#2457,#2384,#2491,.T.);
#2493=ORIENTED_EDGE('',*,*,#2492,.F.);
#2494=ORIENTED_EDGE('',*,*,#2477,.F.);
#2495=CARTESIAN_POINT('',(0.0,2.514999999999998,-0.562999999999998));
#2496=DIRECTION('',(-1.0,0.0,0.0));
#2497=DIRECTION('',(0.0,0.0,1.0));
#2498=AXIS2_PLACEMENT_3D('',#2495,#2496,#2497);
#2499=CIRCLE('',#2498,0.062500000000000);
#2500=EDGE_CURVE('',#2394,#2466,#2499,.T.);
#2501=ORIENTED_EDGE('',*,*,#2500,.F.);
#2502=ORIENTED_EDGE('',*,*,#2399,.T.);
#2503=EDGE_LOOP('',(#2493,#2494,#2501,#2502));
#2504=FACE_OUTER_BOUND('',#2503,.T.);
#2505=ADVANCED_FACE('',(#2504),#2486,.F.);
#2506=CARTESIAN_POINT('',(0.0,2.514999999999998,-0.937999999999998));
#2507=DIRECTION('',(-1.0,0.0,0.0));
#2508=DIRECTION('',(0.0,0.0,1.0));
#2509=AXIS2_PLACEMENT_3D('',#2506,#2507,#2508);
#2510=CYLINDRICAL_SURFACE('',#2509,0.062500000000000);
#2511=CARTESIAN_POINT('',(-0.064000000000000,2.514999999999996,-1.000499999999998));
#2512=VERTEX_POINT('',#2511);
#2513=CARTESIAN_POINT('',(-0.064000000000000,2.514999999999997,-0.875499999999998));
#2514=VERTEX_POINT('',#2513);
#2515=CARTESIAN_POINT('',(-0.064000000000000,2.514999999999998,-0.937999999999998));
#2516=DIRECTION('',(1.0,0.0,0.0));
#2517=DIRECTION('',(0.0,0.0,1.0));
#2518=AXIS2_PLACEMENT_3D('',#2515,#2516,#2517);
#2519=CIRCLE('',#2518,0.062500000000000);
#2520=EDGE_CURVE('',#2512,#2514,#2519,.T.);
#2521=ORIENTED_EDGE('',*,*,#2520,.F.);
#2522=CARTESIAN_POINT('',(0.0,2.514999999999996,-1.000499999999998));
#2523=VERTEX_POINT('',#2522);
#2524=CARTESIAN_POINT('',(0.0,2.514999999999996,-1.000499999999998));
#2525=DIRECTION('',(-1.0,0.0,0.0));
#2526=VECTOR('',#2525,0.064000000000000);
#2527=LINE('',#2524,#2526);
#2528=EDGE_CURVE('',#2523,#2512,#2527,.T.);
#2529=ORIENTED_EDGE('',*,*,#2528,.F.);
#2530=CARTESIAN_POINT('',(0.0,2.514999999999997,-0.875499999999998));
#2531=VERTEX_POINT('',#2530);
#2532=CARTESIAN_POINT('',(0.0,2.514999999999998,-0.937999999999998));
#2533=DIRECTION('',(-1.0,0.0,0.0));
#2534=DIRECTION('',(0.0,0.0,1.0));
#2535=AXIS2_PLACEMENT_3D('',#2532,#2533,#2534);
#2536=CIRCLE('',#2535,0.062500000000000);
#2537=EDGE_CURVE('',#2531,#2523,#2536,.T.);
#2538=ORIENTED_EDGE('',*,*,#2537,.F.);
#2539=CARTESIAN_POINT('',(0.0,2.514999999999997,-0.875499999999998));
#2540=DIRECTION('',(-1.0,0.0,0.0));
#2541=VECTOR('',#2540,0.064000000000000);
#2542=LINE('',#2539,#2541);
#2543=EDGE_CURVE('',#2531,#2514,#2542,.T.);
#2544=ORIENTED_EDGE('',*,*,#2543,.T.);
#2545=EDGE_LOOP('',(#2521,#2529,#2538,#2544));
#2546=FACE_OUTER_BOUND('',#2545,.T.);
#2547=ADVANCED_FACE('',(#2546),#2510,.F.);
#2548=CARTESIAN_POINT('',(0.0,1.761999999999997,-1.000499999999998));
#2549=DIRECTION('',(0.0,0.0,-1.0));
#2550=DIRECTION('',(-1.0,0.0,0.0));
#2551=AXIS2_PLACEMENT_3D('',#2548,#2549,#2550);
#2552=PLANE('',#2551);
#2553=CARTESIAN_POINT('',(-0.064000000000000,1.761999999999997,-1.000499999999998));
#2554=VERTEX_POINT('',#2553);
#2555=CARTESIAN_POINT('',(-0.064000000000000,1.761999999999997,-1.000499999999998));
#2556=DIRECTION('',(0.0,1.0,0.0));
#2557=VECTOR('',#2556,0.752999999999999);
#2558=LINE('',#2555,#2557);
#2559=EDGE_CURVE('',#2554,#2512,#2558,.T.);
#2560=ORIENTED_EDGE('',*,*,#2559,.F.);
#2561=CARTESIAN_POINT('',(0.0,1.761999999999997,-1.000499999999998));
#2562=VERTEX_POINT('',#2561);
#2563=CARTESIAN_POINT('',(0.0,1.761999999999997,-1.000499999999998));
#2564=DIRECTION('',(-1.0,0.0,0.0));
#2565=VECTOR('',#2564,0.064000000000000);
#2566=LINE('',#2563,#2565);
#2567=EDGE_CURVE('',#2562,#2554,#2566,.T.);
#2568=ORIENTED_EDGE('',*,*,#2567,.F.);
#2569=CARTESIAN_POINT('',(0.0,2.514999999999996,-1.000499999999998));
#2570=DIRECTION('',(0.0,-1.0,0.0));
#2571=VECTOR('',#2570,0.752999999999999);
#2572=LINE('',#2569,#2571);
#2573=EDGE_CURVE('',#2523,#2562,#2572,.T.);
#2574=ORIENTED_EDGE('',*,*,#2573,.F.);
#2575=ORIENTED_EDGE('',*,*,#2528,.T.);
#2576=EDGE_LOOP('',(#2560,#2568,#2574,#2575));
#2577=FACE_OUTER_BOUND('',#2576,.T.);
#2578=ADVANCED_FACE('',(#2577),#2552,.F.);
#2579=CARTESIAN_POINT('',(0.0,1.761999999999998,-0.937999999999999));
#2580=DIRECTION('',(-1.0,0.0,0.0));
#2581=DIRECTION('',(0.0,0.0,-1.0));
#2582=AXIS2_PLACEMENT_3D('',#2579,#2580,#2581);
#2583=CYLINDRICAL_SURFACE('',#2582,0.062500000000000);
#2584=CARTESIAN_POINT('',(-0.064000000000000,1.761999999999997,-0.875499999999998));
#2585=VERTEX_POINT('',#2584);
#2586=CARTESIAN_POINT('',(-0.064000000000000,1.761999999999998,-0.937999999999999));
#2587=DIRECTION('',(1.0,0.0,0.0));
#2588=DIRECTION('',(0.0,0.0,-1.0));
#2589=AXIS2_PLACEMENT_3D('',#2586,#2587,#2588);
#2590=CIRCLE('',#2589,0.062500000000000);
#2591=EDGE_CURVE('',#2585,#2554,#2590,.T.);
#2592=ORIENTED_EDGE('',*,*,#2591,.F.);
#2593=CARTESIAN_POINT('',(0.0,1.761999999999997,-0.875499999999998));
#2594=VERTEX_POINT('',#2593);
#2595=CARTESIAN_POINT('',(0.0,1.761999999999997,-0.875499999999998));
#2596=DIRECTION('',(-1.0,0.0,0.0));
#2597=VECTOR('',#2596,0.064000000000000);
#2598=LINE('',#2595,#2597);
#2599=EDGE_CURVE('',#2594,#2585,#2598,.T.);
#2600=ORIENTED_EDGE('',*,*,#2599,.F.);
#2601=CARTESIAN_POINT('',(0.0,1.761999999999998,-0.937999999999999));
#2602=DIRECTION('',(-1.0,0.0,0.0));
#2603=DIRECTION('',(0.0,0.0,-1.0));
#2604=AXIS2_PLACEMENT_3D('',#2601,#2602,#2603);
#2605=CIRCLE('',#2604,0.062500000000000);
#2606=EDGE_CURVE('',#2562,#2594,#2605,.T.);
#2607=ORIENTED_EDGE('',*,*,#2606,.F.);
#2608=ORIENTED_EDGE('',*,*,#2567,.T.);
#2609=EDGE_LOOP('',(#2592,#2600,#2607,#2608));
#2610=FACE_OUTER_BOUND('',#2609,.T.);
#2611=ADVANCED_FACE('',(#2610),#2583,.F.);
#2612=CARTESIAN_POINT('',(0.0,2.514999999999997,-0.875499999999998));
#2613=DIRECTION('',(0.0,0.0,1.0));
#2614=DIRECTION('',(1.0,0.0,0.0));
#2615=AXIS2_PLACEMENT_3D('',#2612,#2613,#2614);
#2616=PLANE('',#2615);
#2617=CARTESIAN_POINT('',(-0.064000000000000,2.514999999999997,-0.875499999999998));
#2618=DIRECTION('',(0.0,-1.0,0.0));
#2619=VECTOR('',#2618,0.753000000000000);
#2620=LINE('',#2617,#2619);
#2621=EDGE_CURVE('',#2514,#2585,#2620,.T.);
#2622=ORIENTED_EDGE('',*,*,#2621,.F.);
#2623=ORIENTED_EDGE('',*,*,#2543,.F.);
#2624=CARTESIAN_POINT('',(0.0,1.761999999999997,-0.875499999999998));
#2625=DIRECTION('',(0.0,1.0,0.0));
#2626=VECTOR('',#2625,0.753000000000000);
#2627=LINE('',#2624,#2626);
#2628=EDGE_CURVE('',#2594,#2531,#2627,.T.);
#2629=ORIENTED_EDGE('',*,*,#2628,.F.);
#2630=ORIENTED_EDGE('',*,*,#2599,.T.);
#2631=EDGE_LOOP('',(#2622,#2623,#2629,#2630));
#2632=FACE_OUTER_BOUND('',#2631,.T.);
#2633=ADVANCED_FACE('',(#2632),#2616,.F.);
#2634=CARTESIAN_POINT('',(0.0,2.514999999999997,-1.250499999999998));
#2635=DIRECTION('',(0.0,0.0,1.0));
#2636=DIRECTION('',(1.0,0.0,0.0));
#2637=AXIS2_PLACEMENT_3D('',#2634,#2635,#2636);
#2638=PLANE('',#2637);
#2639=CARTESIAN_POINT('',(-0.064000000000000,2.514999999999997,-1.250499999999998));
#2640=VERTEX_POINT('',#2639);
#2641=CARTESIAN_POINT('',(-0.064000000000000,1.761999999999997,-1.250499999999998));
#2642=VERTEX_POINT('',#2641);
#2643=CARTESIAN_POINT('',(-0.064000000000000,2.514999999999997,-1.250499999999998));
#2644=DIRECTION('',(0.0,-1.0,0.0));
#2645=VECTOR('',#2644,0.753000000000000);
#2646=LINE('',#2643,#2645);
#2647=EDGE_CURVE('',#2640,#2642,#2646,.T.);
#2648=ORIENTED_EDGE('',*,*,#2647,.F.);
#2649=CARTESIAN_POINT('',(0.0,2.514999999999997,-1.250499999999998));
#2650=VERTEX_POINT('',#2649);
#2651=CARTESIAN_POINT('',(0.0,2.514999999999997,-1.250499999999998));
#2652=DIRECTION('',(-1.0,0.0,0.0));
#2653=VECTOR('',#2652,0.064000000000000);
#2654=LINE('',#2651,#2653);
#2655=EDGE_CURVE('',#2650,#2640,#2654,.T.);
#2656=ORIENTED_EDGE('',*,*,#2655,.F.);
#2657=CARTESIAN_POINT('',(0.0,1.761999999999997,-1.250499999999998));
#2658=VERTEX_POINT('',#2657);
#2659=CARTESIAN_POINT('',(0.0,1.761999999999997,-1.250499999999998));
#2660=DIRECTION('',(0.0,1.0,0.0));
#2661=VECTOR('',#2660,0.753000000000000);
#2662=LINE('',#2659,#2661);
#2663=EDGE_CURVE('',#2658,#2650,#2662,.T.);
#2664=ORIENTED_EDGE('',*,*,#2663,.F.);
#2665=CARTESIAN_POINT('',(0.0,1.761999999999997,-1.250499999999998));
#2666=DIRECTION('',(-1.0,0.0,0.0));
#2667=VECTOR('',#2666,0.064000000000000);
#2668=LINE('',#2665,#2667);
#2669=EDGE_CURVE('',#2658,#2642,#2668,.T.);
#2670=ORIENTED_EDGE('',*,*,#2669,.T.);
#2671=EDGE_LOOP('',(#2648,#2656,#2664,#2670));
#2672=FACE_OUTER_BOUND('',#2671,.T.);
#2673=ADVANCED_FACE('',(#2672),#2638,.F.);
#2674=CARTESIAN_POINT('',(0.0,1.761999999999998,-1.312999999999999));
#2675=DIRECTION('',(-1.0,0.0,0.0));
#2676=DIRECTION('',(0.0,0.0,-1.0));
#2677=AXIS2_PLACEMENT_3D('',#2674,#2675,#2676);
#2678=CYLINDRICAL_SURFACE('',#2677,0.062500000000000);
#2679=CARTESIAN_POINT('',(-0.064000000000000,1.761999999999997,-1.375499999999998));
#2680=VERTEX_POINT('',#2679);
#2681=CARTESIAN_POINT('',(-0.064000000000000,1.761999999999998,-1.312999999999999));
#2682=DIRECTION('',(1.0,0.0,0.0));
#2683=DIRECTION('',(0.0,0.0,-1.0));
#2684=AXIS2_PLACEMENT_3D('',#2681,#2682,#2683);
#2685=CIRCLE('',#2684,0.062500000000000);
#2686=EDGE_CURVE('',#2642,#2680,#2685,.T.);
#2687=ORIENTED_EDGE('',*,*,#2686,.F.);
#2688=ORIENTED_EDGE('',*,*,#2669,.F.);
#2689=CARTESIAN_POINT('',(0.0,1.761999999999997,-1.375499999999998));
#2690=VERTEX_POINT('',#2689);
#2691=CARTESIAN_POINT('',(0.0,1.761999999999998,-1.312999999999999));
#2692=DIRECTION('',(-1.0,0.0,0.0));
#2693=DIRECTION('',(0.0,0.0,-1.0));
#2694=AXIS2_PLACEMENT_3D('',#2691,#2692,#2693);
#2695=CIRCLE('',#2694,0.062500000000000);
#2696=EDGE_CURVE('',#2690,#2658,#2695,.T.);
#2697=ORIENTED_EDGE('',*,*,#2696,.F.);
#2698=CARTESIAN_POINT('',(0.0,1.761999999999997,-1.375499999999998));
#2699=DIRECTION('',(-1.0,0.0,0.0));
#2700=VECTOR('',#2699,0.064000000000000);
#2701=LINE('',#2698,#2700);
#2702=EDGE_CURVE('',#2690,#2680,#2701,.T.);
#2703=ORIENTED_EDGE('',*,*,#2702,.T.);
#2704=EDGE_LOOP('',(#2687,#2688,#2697,#2703));
#2705=FACE_OUTER_BOUND('',#2704,.T.);
#2706=ADVANCED_FACE('',(#2705),#2678,.F.);
#2707=CARTESIAN_POINT('',(0.0,1.761999999999997,-1.375499999999998));
#2708=DIRECTION('',(0.0,0.0,-1.0));
#2709=DIRECTION('',(-1.0,0.0,0.0));
#2710=AXIS2_PLACEMENT_3D('',#2707,#2708,#2709);
#2711=PLANE('',#2710);
#2712=CARTESIAN_POINT('',(-0.064000000000000,2.514999999999996,-1.375499999999998));
#2713=VERTEX_POINT('',#2712);
#2714=CARTESIAN_POINT('',(-0.064000000000000,1.761999999999997,-1.375499999999998));
#2715=DIRECTION('',(0.0,1.0,0.0));
#2716=VECTOR('',#2715,0.752999999999999);
#2717=LINE('',#2714,#2716);
#2718=EDGE_CURVE('',#2680,#2713,#2717,.T.);
#2719=ORIENTED_EDGE('',*,*,#2718,.F.);
#2720=ORIENTED_EDGE('',*,*,#2702,.F.);
#2721=CARTESIAN_POINT('',(0.0,2.514999999999996,-1.375499999999998));
#2722=VERTEX_POINT('',#2721);
#2723=CARTESIAN_POINT('',(0.0,2.514999999999996,-1.375499999999998));
#2724=DIRECTION('',(0.0,-1.0,0.0));
#2725=VECTOR('',#2724,0.752999999999999);
#2726=LINE('',#2723,#2725);
#2727=EDGE_CURVE('',#2722,#2690,#2726,.T.);
#2728=ORIENTED_EDGE('',*,*,#2727,.F.);
#2729=CARTESIAN_POINT('',(0.0,2.514999999999996,-1.375499999999998));
#2730=DIRECTION('',(-1.0,0.0,0.0));
#2731=VECTOR('',#2730,0.064000000000000);
#2732=LINE('',#2729,#2731);
#2733=EDGE_CURVE('',#2722,#2713,#2732,.T.);
#2734=ORIENTED_EDGE('',*,*,#2733,.T.);
#2735=EDGE_LOOP('',(#2719,#2720,#2728,#2734));
#2736=FACE_OUTER_BOUND('',#2735,.T.);
#2737=ADVANCED_FACE('',(#2736),#2711,.F.);
#2738=CARTESIAN_POINT('',(0.0,2.514999999999998,-1.312999999999998));
#2739=DIRECTION('',(-1.0,0.0,0.0));
#2740=DIRECTION('',(0.0,0.0,1.0));
#2741=AXIS2_PLACEMENT_3D('',#2738,#2739,#2740);
#2742=CYLINDRICAL_SURFACE('',#2741,0.062500000000000);
#2743=CARTESIAN_POINT('',(-0.064000000000000,2.514999999999998,-1.312999999999998));
#2744=DIRECTION('',(1.0,0.0,0.0));
#2745=DIRECTION('',(0.0,0.0,1.0));
#2746=AXIS2_PLACEMENT_3D('',#2743,#2744,#2745);
#2747=CIRCLE('',#2746,0.062500000000000);
#2748=EDGE_CURVE('',#2713,#2640,#2747,.T.);
#2749=ORIENTED_EDGE('',*,*,#2748,.F.);
#2750=ORIENTED_EDGE('',*,*,#2733,.F.);
#2751=CARTESIAN_POINT('',(0.0,2.514999999999998,-1.312999999999998));
#2752=DIRECTION('',(-1.0,0.0,0.0));
#2753=DIRECTION('',(0.0,0.0,1.0));
#2754=AXIS2_PLACEMENT_3D('',#2751,#2752,#2753);
#2755=CIRCLE('',#2754,0.062500000000000);
#2756=EDGE_CURVE('',#2650,#2722,#2755,.T.);
#2757=ORIENTED_EDGE('',*,*,#2756,.F.);
#2758=ORIENTED_EDGE('',*,*,#2655,.T.);
#2759=EDGE_LOOP('',(#2749,#2750,#2757,#2758));
#2760=FACE_OUTER_BOUND('',#2759,.T.);
#2761=ADVANCED_FACE('',(#2760),#2742,.F.);
#2762=CARTESIAN_POINT('',(0.0,-1.766000000000003,2.812000000000001));
#2763=DIRECTION('',(-1.0,0.0,0.0));
#2764=DIRECTION('',(0.0,0.0,1.0));
#2765=AXIS2_PLACEMENT_3D('',#2762,#2763,#2764);
#2766=CYLINDRICAL_SURFACE('',#2765,0.062500000000000);
#2767=CARTESIAN_POINT('',(-0.064000000000000,-1.766000000000004,2.749500000000001));
#2768=VERTEX_POINT('',#2767);
#2769=CARTESIAN_POINT('',(-0.064000000000000,-1.766000000000003,2.874500000000001));
#2770=VERTEX_POINT('',#2769);
#2771=CARTESIAN_POINT('',(-0.064000000000000,-1.766000000000003,2.812000000000001));
#2772=DIRECTION('',(1.0,0.0,0.0));
#2773=DIRECTION('',(0.0,0.0,1.0));
#2774=AXIS2_PLACEMENT_3D('',#2771,#2772,#2773);
#2775=CIRCLE('',#2774,0.062500000000000);
#2776=EDGE_CURVE('',#2768,#2770,#2775,.T.);
#2777=ORIENTED_EDGE('',*,*,#2776,.F.);
#2778=CARTESIAN_POINT('',(0.0,-1.766000000000004,2.749500000000001));
#2779=VERTEX_POINT('',#2778);
#2780=CARTESIAN_POINT('',(0.0,-1.766000000000004,2.749500000000001));
#2781=DIRECTION('',(-1.0,0.0,0.0));
#2782=VECTOR('',#2781,0.064000000000000);
#2783=LINE('',#2780,#2782);
#2784=EDGE_CURVE('',#2779,#2768,#2783,.T.);
#2785=ORIENTED_EDGE('',*,*,#2784,.F.);
#2786=CARTESIAN_POINT('',(0.0,-1.766000000000003,2.874500000000001));
#2787=VERTEX_POINT('',#2786);
#2788=CARTESIAN_POINT('',(0.0,-1.766000000000003,2.812000000000001));
#2789=DIRECTION('',(-1.0,0.0,0.0));
#2790=DIRECTION('',(0.0,0.0,1.0));
#2791=AXIS2_PLACEMENT_3D('',#2788,#2789,#2790);
#2792=CIRCLE('',#2791,0.062500000000000);
#2793=EDGE_CURVE('',#2787,#2779,#2792,.T.);
#2794=ORIENTED_EDGE('',*,*,#2793,.F.);
#2795=CARTESIAN_POINT('',(0.0,-1.766000000000003,2.874500000000001));
#2796=DIRECTION('',(-1.0,0.0,0.0));
#2797=VECTOR('',#2796,0.064000000000000);
#2798=LINE('',#2795,#2797);
#2799=EDGE_CURVE('',#2787,#2770,#2798,.T.);
#2800=ORIENTED_EDGE('',*,*,#2799,.T.);
#2801=EDGE_LOOP('',(#2777,#2785,#2794,#2800));
#2802=FACE_OUTER_BOUND('',#2801,.T.);
#2803=ADVANCED_FACE('',(#2802),#2766,.F.);
#2804=CARTESIAN_POINT('',(0.0,-2.519000000000002,2.749500000000001));
#2805=DIRECTION('',(0.0,0.0,-1.0));
#2806=DIRECTION('',(-1.0,0.0,0.0));
#2807=AXIS2_PLACEMENT_3D('',#2804,#2805,#2806);
#2808=PLANE('',#2807);
#2809=CARTESIAN_POINT('',(-0.064000000000000,-2.519000000000002,2.749500000000001));
#2810=VERTEX_POINT('',#2809);
#2811=CARTESIAN_POINT('',(-0.064000000000000,-2.519000000000002,2.749500000000001));
#2812=DIRECTION('',(0.0,1.0,0.0));
#2813=VECTOR('',#2812,0.752999999999998);
#2814=LINE('',#2811,#2813);
#2815=EDGE_CURVE('',#2810,#2768,#2814,.T.);
#2816=ORIENTED_EDGE('',*,*,#2815,.F.);
#2817=CARTESIAN_POINT('',(0.0,-2.519000000000002,2.749500000000001));
#2818=VERTEX_POINT('',#2817);
#2819=CARTESIAN_POINT('',(0.0,-2.519000000000002,2.749500000000001));
#2820=DIRECTION('',(-1.0,0.0,0.0));
#2821=VECTOR('',#2820,0.064000000000000);
#2822=LINE('',#2819,#2821);
#2823=EDGE_CURVE('',#2818,#2810,#2822,.T.);
#2824=ORIENTED_EDGE('',*,*,#2823,.F.);
#2825=CARTESIAN_POINT('',(0.0,-1.766000000000004,2.749500000000001));
#2826=DIRECTION('',(0.0,-1.0,0.0));
#2827=VECTOR('',#2826,0.752999999999998);
#2828=LINE('',#2825,#2827);
#2829=EDGE_CURVE('',#2779,#2818,#2828,.T.);
#2830=ORIENTED_EDGE('',*,*,#2829,.F.);
#2831=ORIENTED_EDGE('',*,*,#2784,.T.);
#2832=EDGE_LOOP('',(#2816,#2824,#2830,#2831));
#2833=FACE_OUTER_BOUND('',#2832,.T.);
#2834=ADVANCED_FACE('',(#2833),#2808,.F.);
#2835=CARTESIAN_POINT('',(0.0,-2.519000000000002,2.812000000000000));
#2836=DIRECTION('',(-1.0,0.0,0.0));
#2837=DIRECTION('',(0.0,0.0,-1.0));
#2838=AXIS2_PLACEMENT_3D('',#2835,#2836,#2837);
#2839=CYLINDRICAL_SURFACE('',#2838,0.062500000000000);
#2840=CARTESIAN_POINT('',(-0.064000000000000,-2.519000000000003,2.874500000000001));
#2841=VERTEX_POINT('',#2840);
#2842=CARTESIAN_POINT('',(-0.064000000000000,-2.519000000000002,2.812000000000000));
#2843=DIRECTION('',(1.0,0.0,0.0));
#2844=DIRECTION('',(0.0,0.0,-1.0));
#2845=AXIS2_PLACEMENT_3D('',#2842,#2843,#2844);
#2846=CIRCLE('',#2845,0.062500000000000);
#2847=EDGE_CURVE('',#2841,#2810,#2846,.T.);
#2848=ORIENTED_EDGE('',*,*,#2847,.F.);
#2849=CARTESIAN_POINT('',(0.0,-2.519000000000003,2.874500000000001));
#2850=VERTEX_POINT('',#2849);
#2851=CARTESIAN_POINT('',(0.0,-2.519000000000003,2.874500000000001));
#2852=DIRECTION('',(-1.0,0.0,0.0));
#2853=VECTOR('',#2852,0.064000000000000);
#2854=LINE('',#2851,#2853);
#2855=EDGE_CURVE('',#2850,#2841,#2854,.T.);
#2856=ORIENTED_EDGE('',*,*,#2855,.F.);
#2857=CARTESIAN_POINT('',(0.0,-2.519000000000002,2.812000000000000));
#2858=DIRECTION('',(-1.0,0.0,0.0));
#2859=DIRECTION('',(0.0,0.0,-1.0));
#2860=AXIS2_PLACEMENT_3D('',#2857,#2858,#2859);
#2861=CIRCLE('',#2860,0.062500000000000);
#2862=EDGE_CURVE('',#2818,#2850,#2861,.T.);
#2863=ORIENTED_EDGE('',*,*,#2862,.F.);
#2864=ORIENTED_EDGE('',*,*,#2823,.T.);
#2865=EDGE_LOOP('',(#2848,#2856,#2863,#2864));
#2866=FACE_OUTER_BOUND('',#2865,.T.);
#2867=ADVANCED_FACE('',(#2866),#2839,.F.);
#2868=CARTESIAN_POINT('',(0.0,-1.766000000000003,2.874500000000001));
#2869=DIRECTION('',(0.0,0.0,1.0));
#2870=DIRECTION('',(1.0,0.0,0.0));
#2871=AXIS2_PLACEMENT_3D('',#2868,#2869,#2870);
#2872=PLANE('',#2871);
#2873=CARTESIAN_POINT('',(-0.064000000000000,-1.766000000000003,2.874500000000001));
#2874=DIRECTION('',(0.0,-1.0,0.0));
#2875=VECTOR('',#2874,0.753000000000000);
#2876=LINE('',#2873,#2875);
#2877=EDGE_CURVE('',#2770,#2841,#2876,.T.);
#2878=ORIENTED_EDGE('',*,*,#2877,.F.);
#2879=ORIENTED_EDGE('',*,*,#2799,.F.);
#2880=CARTESIAN_POINT('',(0.0,-2.519000000000003,2.874500000000001));
#2881=DIRECTION('',(0.0,1.0,0.0));
#2882=VECTOR('',#2881,0.753000000000000);
#2883=LINE('',#2880,#2882);
#2884=EDGE_CURVE('',#2850,#2787,#2883,.T.);
#2885=ORIENTED_EDGE('',*,*,#2884,.F.);
#2886=ORIENTED_EDGE('',*,*,#2855,.T.);
#2887=EDGE_LOOP('',(#2878,#2879,#2885,#2886));
#2888=FACE_OUTER_BOUND('',#2887,.T.);
#2889=ADVANCED_FACE('',(#2888),#2872,.F.);
#2890=CARTESIAN_POINT('',(0.0,-1.766000000000003,2.499500000000001));
#2891=DIRECTION('',(0.0,0.0,1.0));
#2892=DIRECTION('',(1.0,0.0,0.0));
#2893=AXIS2_PLACEMENT_3D('',#2890,#2891,#2892);
#2894=PLANE('',#2893);
#2895=CARTESIAN_POINT('',(-0.064000000000000,-1.766000000000003,2.499500000000001));
#2896=VERTEX_POINT('',#2895);
#2897=CARTESIAN_POINT('',(-0.064000000000000,-2.519000000000003,2.499500000000001));
#2898=VERTEX_POINT('',#2897);
#2899=CARTESIAN_POINT('',(-0.064000000000000,-1.766000000000003,2.499500000000001));
#2900=DIRECTION('',(0.0,-1.0,0.0));
#2901=VECTOR('',#2900,0.753000000000000);
#2902=LINE('',#2899,#2901);
#2903=EDGE_CURVE('',#2896,#2898,#2902,.T.);
#2904=ORIENTED_EDGE('',*,*,#2903,.F.);
#2905=CARTESIAN_POINT('',(0.0,-1.766000000000003,2.499500000000001));
#2906=VERTEX_POINT('',#2905);
#2907=CARTESIAN_POINT('',(0.0,-1.766000000000003,2.499500000000001));
#2908=DIRECTION('',(-1.0,0.0,0.0));
#2909=VECTOR('',#2908,0.064000000000000);
#2910=LINE('',#2907,#2909);
#2911=EDGE_CURVE('',#2906,#2896,#2910,.T.);
#2912=ORIENTED_EDGE('',*,*,#2911,.F.);
#2913=CARTESIAN_POINT('',(0.0,-2.519000000000003,2.499500000000001));
#2914=VERTEX_POINT('',#2913);
#2915=CARTESIAN_POINT('',(0.0,-2.519000000000003,2.499500000000001));
#2916=DIRECTION('',(0.0,1.0,0.0));
#2917=VECTOR('',#2916,0.753000000000000);
#2918=LINE('',#2915,#2917);
#2919=EDGE_CURVE('',#2914,#2906,#2918,.T.);
#2920=ORIENTED_EDGE('',*,*,#2919,.F.);
#2921=CARTESIAN_POINT('',(0.0,-2.519000000000003,2.499500000000001));
#2922=DIRECTION('',(-1.0,0.0,0.0));
#2923=VECTOR('',#2922,0.064000000000000);
#2924=LINE('',#2921,#2923);
#2925=EDGE_CURVE('',#2914,#2898,#2924,.T.);
#2926=ORIENTED_EDGE('',*,*,#2925,.T.);
#2927=EDGE_LOOP('',(#2904,#2912,#2920,#2926));
#2928=FACE_OUTER_BOUND('',#2927,.T.);
#2929=ADVANCED_FACE('',(#2928),#2894,.F.);
#2930=CARTESIAN_POINT('',(0.0,-2.519000000000003,2.437000000000001));
#2931=DIRECTION('',(-1.0,0.0,0.0));
#2932=DIRECTION('',(0.0,0.0,-1.0));
#2933=AXIS2_PLACEMENT_3D('',#2930,#2931,#2932);
#2934=CYLINDRICAL_SURFACE('',#2933,0.062500000000000);
#2935=CARTESIAN_POINT('',(-0.064000000000000,-2.519000000000002,2.374500000000001));
#2936=VERTEX_POINT('',#2935);
#2937=CARTESIAN_POINT('',(-0.064000000000000,-2.519000000000003,2.437000000000001));
#2938=DIRECTION('',(1.0,0.0,0.0));
#2939=DIRECTION('',(0.0,0.0,-1.0));
#2940=AXIS2_PLACEMENT_3D('',#2937,#2938,#2939);
#2941=CIRCLE('',#2940,0.062500000000000);
#2942=EDGE_CURVE('',#2898,#2936,#2941,.T.);
#2943=ORIENTED_EDGE('',*,*,#2942,.F.);
#2944=ORIENTED_EDGE('',*,*,#2925,.F.);
#2945=CARTESIAN_POINT('',(0.0,-2.519000000000002,2.374500000000001));
#2946=VERTEX_POINT('',#2945);
#2947=CARTESIAN_POINT('',(0.0,-2.519000000000003,2.437000000000001));
#2948=DIRECTION('',(-1.0,0.0,0.0));
#2949=DIRECTION('',(0.0,0.0,-1.0));
#2950=AXIS2_PLACEMENT_3D('',#2947,#2948,#2949);
#2951=CIRCLE('',#2950,0.062500000000000);
#2952=EDGE_CURVE('',#2946,#2914,#2951,.T.);
#2953=ORIENTED_EDGE('',*,*,#2952,.F.);
#2954=CARTESIAN_POINT('',(0.0,-2.519000000000002,2.374500000000001));
#2955=DIRECTION('',(-1.0,0.0,0.0));
#2956=VECTOR('',#2955,0.064000000000000);
#2957=LINE('',#2954,#2956);
#2958=EDGE_CURVE('',#2946,#2936,#2957,.T.);
#2959=ORIENTED_EDGE('',*,*,#2958,.T.);
#2960=EDGE_LOOP('',(#2943,#2944,#2953,#2959));
#2961=FACE_OUTER_BOUND('',#2960,.T.);
#2962=ADVANCED_FACE('',(#2961),#2934,.F.);
#2963=CARTESIAN_POINT('',(0.0,-2.519000000000002,2.374500000000001));
#2964=DIRECTION('',(0.0,0.0,-1.0));
#2965=DIRECTION('',(-1.0,0.0,0.0));
#2966=AXIS2_PLACEMENT_3D('',#2963,#2964,#2965);
#2967=PLANE('',#2966);
#2968=CARTESIAN_POINT('',(-0.064000000000000,-1.766000000000004,2.374500000000001));
#2969=VERTEX_POINT('',#2968);
#2970=CARTESIAN_POINT('',(-0.064000000000000,-2.519000000000002,2.374500000000001));
#2971=DIRECTION('',(0.0,1.0,0.0));
#2972=VECTOR('',#2971,0.752999999999998);
#2973=LINE('',#2970,#2972);
#2974=EDGE_CURVE('',#2936,#2969,#2973,.T.);
#2975=ORIENTED_EDGE('',*,*,#2974,.F.);
#2976=ORIENTED_EDGE('',*,*,#2958,.F.);
#2977=CARTESIAN_POINT('',(0.0,-1.766000000000004,2.374500000000001));
#2978=VERTEX_POINT('',#2977);
#2979=CARTESIAN_POINT('',(0.0,-1.766000000000004,2.374500000000001));
#2980=DIRECTION('',(0.0,-1.0,0.0));
#2981=VECTOR('',#2980,0.752999999999998);
#2982=LINE('',#2979,#2981);
#2983=EDGE_CURVE('',#2978,#2946,#2982,.T.);
#2984=ORIENTED_EDGE('',*,*,#2983,.F.);
#2985=CARTESIAN_POINT('',(0.0,-1.766000000000004,2.374500000000001));
#2986=DIRECTION('',(-1.0,0.0,0.0));
#2987=VECTOR('',#2986,0.064000000000000);
#2988=LINE('',#2985,#2987);
#2989=EDGE_CURVE('',#2978,#2969,#2988,.T.);
#2990=ORIENTED_EDGE('',*,*,#2989,.T.);
#2991=EDGE_LOOP('',(#2975,#2976,#2984,#2990));
#2992=FACE_OUTER_BOUND('',#2991,.T.);
#2993=ADVANCED_FACE('',(#2992),#2967,.F.);
#2994=CARTESIAN_POINT('',(0.0,-1.766000000000003,2.437000000000001));
#2995=DIRECTION('',(-1.0,0.0,0.0));
#2996=DIRECTION('',(0.0,0.0,1.0));
#2997=AXIS2_PLACEMENT_3D('',#2994,#2995,#2996);
#2998=CYLINDRICAL_SURFACE('',#2997,0.062500000000000);
#2999=CARTESIAN_POINT('',(-0.064000000000000,-1.766000000000003,2.437000000000001));
#3000=DIRECTION('',(1.0,0.0,0.0));
#3001=DIRECTION('',(0.0,0.0,1.0));
#3002=AXIS2_PLACEMENT_3D('',#2999,#3000,#3001);
#3003=CIRCLE('',#3002,0.062500000000000);
#3004=EDGE_CURVE('',#2969,#2896,#3003,.T.);
#3005=ORIENTED_EDGE('',*,*,#3004,.F.);
#3006=ORIENTED_EDGE('',*,*,#2989,.F.);
#3007=CARTESIAN_POINT('',(0.0,-1.766000000000003,2.437000000000001));
#3008=DIRECTION('',(-1.0,0.0,0.0));
#3009=DIRECTION('',(0.0,0.0,1.0));
#3010=AXIS2_PLACEMENT_3D('',#3007,#3008,#3009);
#3011=CIRCLE('',#3010,0.062500000000000);
#3012=EDGE_CURVE('',#2906,#2978,#3011,.T.);
#3013=ORIENTED_EDGE('',*,*,#3012,.F.);
#3014=ORIENTED_EDGE('',*,*,#2911,.T.);
#3015=EDGE_LOOP('',(#3005,#3006,#3013,#3014));
#3016=FACE_OUTER_BOUND('',#3015,.T.);
#3017=ADVANCED_FACE('',(#3016),#2998,.F.);
#3018=CARTESIAN_POINT('',(0.0,-1.766000000000003,2.062000000000001));
#3019=DIRECTION('',(-1.0,0.0,0.0));
#3020=DIRECTION('',(0.0,0.0,1.0));
#3021=AXIS2_PLACEMENT_3D('',#3018,#3019,#3020);
#3022=CYLINDRICAL_SURFACE('',#3021,0.062500000000000);
#3023=CARTESIAN_POINT('',(-0.064000000000000,-1.766000000000004,1.999500000000001));
#3024=VERTEX_POINT('',#3023);
#3025=CARTESIAN_POINT('',(-0.064000000000000,-1.766000000000003,2.124500000000001));
#3026=VERTEX_POINT('',#3025);
#3027=CARTESIAN_POINT('',(-0.064000000000000,-1.766000000000003,2.062000000000001));
#3028=DIRECTION('',(1.0,0.0,0.0));
#3029=DIRECTION('',(0.0,0.0,1.0));
#3030=AXIS2_PLACEMENT_3D('',#3027,#3028,#3029);
#3031=CIRCLE('',#3030,0.062500000000000);
#3032=EDGE_CURVE('',#3024,#3026,#3031,.T.);
#3033=ORIENTED_EDGE('',*,*,#3032,.F.);
#3034=CARTESIAN_POINT('',(0.0,-1.766000000000004,1.999500000000001));
#3035=VERTEX_POINT('',#3034);
#3036=CARTESIAN_POINT('',(0.0,-1.766000000000004,1.999500000000001));
#3037=DIRECTION('',(-1.0,0.0,0.0));
#3038=VECTOR('',#3037,0.064000000000000);
#3039=LINE('',#3036,#3038);
#3040=EDGE_CURVE('',#3035,#3024,#3039,.T.);
#3041=ORIENTED_EDGE('',*,*,#3040,.F.);
#3042=CARTESIAN_POINT('',(0.0,-1.766000000000003,2.124500000000001));
#3043=VERTEX_POINT('',#3042);
#3044=CARTESIAN_POINT('',(0.0,-1.766000000000003,2.062000000000001));
#3045=DIRECTION('',(-1.0,0.0,0.0));
#3046=DIRECTION('',(0.0,0.0,1.0));
#3047=AXIS2_PLACEMENT_3D('',#3044,#3045,#3046);
#3048=CIRCLE('',#3047,0.062500000000000);
#3049=EDGE_CURVE('',#3043,#3035,#3048,.T.);
#3050=ORIENTED_EDGE('',*,*,#3049,.F.);
#3051=CARTESIAN_POINT('',(0.0,-1.766000000000003,2.124500000000001));
#3052=DIRECTION('',(-1.0,0.0,0.0));
#3053=VECTOR('',#3052,0.064000000000000);
#3054=LINE('',#3051,#3053);
#3055=EDGE_CURVE('',#3043,#3026,#3054,.T.);
#3056=ORIENTED_EDGE('',*,*,#3055,.T.);
#3057=EDGE_LOOP('',(#3033,#3041,#3050,#3056));
#3058=FACE_OUTER_BOUND('',#3057,.T.);
#3059=ADVANCED_FACE('',(#3058),#3022,.F.);
#3060=CARTESIAN_POINT('',(0.0,-2.519000000000002,1.999500000000001));
#3061=DIRECTION('',(0.0,0.0,-1.0));
#3062=DIRECTION('',(-1.0,0.0,0.0));
#3063=AXIS2_PLACEMENT_3D('',#3060,#3061,#3062);
#3064=PLANE('',#3063);
#3065=CARTESIAN_POINT('',(-0.064000000000000,-2.519000000000002,1.999500000000001));
#3066=VERTEX_POINT('',#3065);
#3067=CARTESIAN_POINT('',(-0.064000000000000,-2.519000000000002,1.999500000000001));
#3068=DIRECTION('',(0.0,1.0,0.0));
#3069=VECTOR('',#3068,0.752999999999998);
#3070=LINE('',#3067,#3069);
#3071=EDGE_CURVE('',#3066,#3024,#3070,.T.);
#3072=ORIENTED_EDGE('',*,*,#3071,.F.);
#3073=CARTESIAN_POINT('',(0.0,-2.519000000000002,1.999500000000001));
#3074=VERTEX_POINT('',#3073);
#3075=CARTESIAN_POINT('',(0.0,-2.519000000000002,1.999500000000001));
#3076=DIRECTION('',(-1.0,0.0,0.0));
#3077=VECTOR('',#3076,0.064000000000000);
#3078=LINE('',#3075,#3077);
#3079=EDGE_CURVE('',#3074,#3066,#3078,.T.);
#3080=ORIENTED_EDGE('',*,*,#3079,.F.);
#3081=CARTESIAN_POINT('',(0.0,-1.766000000000004,1.999500000000001));
#3082=DIRECTION('',(0.0,-1.0,0.0));
#3083=VECTOR('',#3082,0.752999999999998);
#3084=LINE('',#3081,#3083);
#3085=EDGE_CURVE('',#3035,#3074,#3084,.T.);
#3086=ORIENTED_EDGE('',*,*,#3085,.F.);
#3087=ORIENTED_EDGE('',*,*,#3040,.T.);
#3088=EDGE_LOOP('',(#3072,#3080,#3086,#3087));
#3089=FACE_OUTER_BOUND('',#3088,.T.);
#3090=ADVANCED_FACE('',(#3089),#3064,.F.);
#3091=CARTESIAN_POINT('',(0.0,-2.519000000000003,2.062000000000001));
#3092=DIRECTION('',(-1.0,0.0,0.0));
#3093=DIRECTION('',(0.0,0.0,-1.0));
#3094=AXIS2_PLACEMENT_3D('',#3091,#3092,#3093);
#3095=CYLINDRICAL_SURFACE('',#3094,0.062500000000000);
#3096=CARTESIAN_POINT('',(-0.064000000000000,-2.519000000000003,2.124500000000001));
#3097=VERTEX_POINT('',#3096);
#3098=CARTESIAN_POINT('',(-0.064000000000000,-2.519000000000003,2.062000000000001));
#3099=DIRECTION('',(1.0,0.0,0.0));
#3100=DIRECTION('',(0.0,0.0,-1.0));
#3101=AXIS2_PLACEMENT_3D('',#3098,#3099,#3100);
#3102=CIRCLE('',#3101,0.062500000000000);
#3103=EDGE_CURVE('',#3097,#3066,#3102,.T.);
#3104=ORIENTED_EDGE('',*,*,#3103,.F.);
#3105=CARTESIAN_POINT('',(0.0,-2.519000000000003,2.124500000000001));
#3106=VERTEX_POINT('',#3105);
#3107=CARTESIAN_POINT('',(0.0,-2.519000000000003,2.124500000000001));
#3108=DIRECTION('',(-1.0,0.0,0.0));
#3109=VECTOR('',#3108,0.064000000000000);
#3110=LINE('',#3107,#3109);
#3111=EDGE_CURVE('',#3106,#3097,#3110,.T.);
#3112=ORIENTED_EDGE('',*,*,#3111,.F.);
#3113=CARTESIAN_POINT('',(0.0,-2.519000000000003,2.062000000000001));
#3114=DIRECTION('',(-1.0,0.0,0.0));
#3115=DIRECTION('',(0.0,0.0,-1.0));
#3116=AXIS2_PLACEMENT_3D('',#3113,#3114,#3115);
#3117=CIRCLE('',#3116,0.062500000000000);
#3118=EDGE_CURVE('',#3074,#3106,#3117,.T.);
#3119=ORIENTED_EDGE('',*,*,#3118,.F.);
#3120=ORIENTED_EDGE('',*,*,#3079,.T.);
#3121=EDGE_LOOP('',(#3104,#3112,#3119,#3120));
#3122=FACE_OUTER_BOUND('',#3121,.T.);
#3123=ADVANCED_FACE('',(#3122),#3095,.F.);
#3124=CARTESIAN_POINT('',(0.0,-1.766000000000003,2.124500000000001));
#3125=DIRECTION('',(0.0,0.0,1.0));
#3126=DIRECTION('',(1.0,0.0,0.0));
#3127=AXIS2_PLACEMENT_3D('',#3124,#3125,#3126);
#3128=PLANE('',#3127);
#3129=CARTESIAN_POINT('',(-0.064000000000000,-1.766000000000003,2.124500000000001));
#3130=DIRECTION('',(0.0,-1.0,0.0));
#3131=VECTOR('',#3130,0.753000000000000);
#3132=LINE('',#3129,#3131);
#3133=EDGE_CURVE('',#3026,#3097,#3132,.T.);
#3134=ORIENTED_EDGE('',*,*,#3133,.F.);
#3135=ORIENTED_EDGE('',*,*,#3055,.F.);
#3136=CARTESIAN_POINT('',(0.0,-2.519000000000003,2.124500000000001));
#3137=DIRECTION('',(0.0,1.0,0.0));
#3138=VECTOR('',#3137,0.753000000000000);
#3139=LINE('',#3136,#3138);
#3140=EDGE_CURVE('',#3106,#3043,#3139,.T.);
#3141=ORIENTED_EDGE('',*,*,#3140,.F.);
#3142=ORIENTED_EDGE('',*,*,#3111,.T.);
#3143=EDGE_LOOP('',(#3134,#3135,#3141,#3142));
#3144=FACE_OUTER_BOUND('',#3143,.T.);
#3145=ADVANCED_FACE('',(#3144),#3128,.F.);
#3146=CARTESIAN_POINT('',(0.0,-1.766000000000003,1.749500000000001));
#3147=DIRECTION('',(0.0,0.0,1.0));
#3148=DIRECTION('',(1.0,0.0,0.0));
#3149=AXIS2_PLACEMENT_3D('',#3146,#3147,#3148);
#3150=PLANE('',#3149);
#3151=CARTESIAN_POINT('',(-0.064000000000000,-1.766000000000003,1.749500000000001));
#3152=VERTEX_POINT('',#3151);
#3153=CARTESIAN_POINT('',(-0.064000000000000,-2.519000000000003,1.749500000000001));
#3154=VERTEX_POINT('',#3153);
#3155=CARTESIAN_POINT('',(-0.064000000000000,-1.766000000000003,1.749500000000001));
#3156=DIRECTION('',(0.0,-1.0,0.0));
#3157=VECTOR('',#3156,0.753000000000000);
#3158=LINE('',#3155,#3157);
#3159=EDGE_CURVE('',#3152,#3154,#3158,.T.);
#3160=ORIENTED_EDGE('',*,*,#3159,.F.);
#3161=CARTESIAN_POINT('',(0.0,-1.766000000000003,1.749500000000001));
#3162=VERTEX_POINT('',#3161);
#3163=CARTESIAN_POINT('',(0.0,-1.766000000000003,1.749500000000001));
#3164=DIRECTION('',(-1.0,0.0,0.0));
#3165=VECTOR('',#3164,0.064000000000000);
#3166=LINE('',#3163,#3165);
#3167=EDGE_CURVE('',#3162,#3152,#3166,.T.);
#3168=ORIENTED_EDGE('',*,*,#3167,.F.);
#3169=CARTESIAN_POINT('',(0.0,-2.519000000000003,1.749500000000001));
#3170=VERTEX_POINT('',#3169);
#3171=CARTESIAN_POINT('',(0.0,-2.519000000000003,1.749500000000001));
#3172=DIRECTION('',(0.0,1.0,0.0));
#3173=VECTOR('',#3172,0.753000000000000);
#3174=LINE('',#3171,#3173);
#3175=EDGE_CURVE('',#3170,#3162,#3174,.T.);
#3176=ORIENTED_EDGE('',*,*,#3175,.F.);
#3177=CARTESIAN_POINT('',(0.0,-2.519000000000003,1.749500000000001));
#3178=DIRECTION('',(-1.0,0.0,0.0));
#3179=VECTOR('',#3178,0.064000000000000);
#3180=LINE('',#3177,#3179);
#3181=EDGE_CURVE('',#3170,#3154,#3180,.T.);
#3182=ORIENTED_EDGE('',*,*,#3181,.T.);
#3183=EDGE_LOOP('',(#3160,#3168,#3176,#3182));
#3184=FACE_OUTER_BOUND('',#3183,.T.);
#3185=ADVANCED_FACE('',(#3184),#3150,.F.);
#3186=CARTESIAN_POINT('',(0.0,-2.519000000000003,1.687000000000001));
#3187=DIRECTION('',(-1.0,0.0,0.0));
#3188=DIRECTION('',(0.0,0.0,-1.0));
#3189=AXIS2_PLACEMENT_3D('',#3186,#3187,#3188);
#3190=CYLINDRICAL_SURFACE('',#3189,0.062500000000000);
#3191=CARTESIAN_POINT('',(-0.064000000000000,-2.519000000000002,1.624500000000001));
#3192=VERTEX_POINT('',#3191);
#3193=CARTESIAN_POINT('',(-0.064000000000000,-2.519000000000003,1.687000000000001));
#3194=DIRECTION('',(1.0,0.0,0.0));
#3195=DIRECTION('',(0.0,0.0,-1.0));
#3196=AXIS2_PLACEMENT_3D('',#3193,#3194,#3195);
#3197=CIRCLE('',#3196,0.062500000000000);
#3198=EDGE_CURVE('',#3154,#3192,#3197,.T.);
#3199=ORIENTED_EDGE('',*,*,#3198,.F.);
#3200=ORIENTED_EDGE('',*,*,#3181,.F.);
#3201=CARTESIAN_POINT('',(0.0,-2.519000000000002,1.624500000000001));
#3202=VERTEX_POINT('',#3201);
#3203=CARTESIAN_POINT('',(0.0,-2.519000000000003,1.687000000000001));
#3204=DIRECTION('',(-1.0,0.0,0.0));
#3205=DIRECTION('',(0.0,0.0,-1.0));
#3206=AXIS2_PLACEMENT_3D('',#3203,#3204,#3205);
#3207=CIRCLE('',#3206,0.062500000000000);
#3208=EDGE_CURVE('',#3202,#3170,#3207,.T.);
#3209=ORIENTED_EDGE('',*,*,#3208,.F.);
#3210=CARTESIAN_POINT('',(0.0,-2.519000000000002,1.624500000000001));
#3211=DIRECTION('',(-1.0,0.0,0.0));
#3212=VECTOR('',#3211,0.064000000000000);
#3213=LINE('',#3210,#3212);
#3214=EDGE_CURVE('',#3202,#3192,#3213,.T.);
#3215=ORIENTED_EDGE('',*,*,#3214,.T.);
#3216=EDGE_LOOP('',(#3199,#3200,#3209,#3215));
#3217=FACE_OUTER_BOUND('',#3216,.T.);
#3218=ADVANCED_FACE('',(#3217),#3190,.F.);
#3219=CARTESIAN_POINT('',(0.0,-2.519000000000002,1.624500000000001));
#3220=DIRECTION('',(0.0,0.0,-1.0));
#3221=DIRECTION('',(-1.0,0.0,0.0));
#3222=AXIS2_PLACEMENT_3D('',#3219,#3220,#3221);
#3223=PLANE('',#3222);
#3224=CARTESIAN_POINT('',(-0.064000000000000,-1.766000000000004,1.624500000000001));
#3225=VERTEX_POINT('',#3224);
#3226=CARTESIAN_POINT('',(-0.064000000000000,-2.519000000000002,1.624500000000001));
#3227=DIRECTION('',(0.0,1.0,0.0));
#3228=VECTOR('',#3227,0.752999999999998);
#3229=LINE('',#3226,#3228);
#3230=EDGE_CURVE('',#3192,#3225,#3229,.T.);
#3231=ORIENTED_EDGE('',*,*,#3230,.F.);
#3232=ORIENTED_EDGE('',*,*,#3214,.F.);
#3233=CARTESIAN_POINT('',(0.0,-1.766000000000004,1.624500000000001));
#3234=VERTEX_POINT('',#3233);
#3235=CARTESIAN_POINT('',(0.0,-1.766000000000004,1.624500000000001));
#3236=DIRECTION('',(0.0,-1.0,0.0));
#3237=VECTOR('',#3236,0.752999999999998);
#3238=LINE('',#3235,#3237);
#3239=EDGE_CURVE('',#3234,#3202,#3238,.T.);
#3240=ORIENTED_EDGE('',*,*,#3239,.F.);
#3241=CARTESIAN_POINT('',(0.0,-1.766000000000004,1.624500000000001));
#3242=DIRECTION('',(-1.0,0.0,0.0));
#3243=VECTOR('',#3242,0.064000000000000);
#3244=LINE('',#3241,#3243);
#3245=EDGE_CURVE('',#3234,#3225,#3244,.T.);
#3246=ORIENTED_EDGE('',*,*,#3245,.T.);
#3247=EDGE_LOOP('',(#3231,#3232,#3240,#3246));
#3248=FACE_OUTER_BOUND('',#3247,.T.);
#3249=ADVANCED_FACE('',(#3248),#3223,.F.);
#3250=CARTESIAN_POINT('',(0.0,-1.766000000000003,1.687000000000001));
#3251=DIRECTION('',(-1.0,0.0,0.0));
#3252=DIRECTION('',(0.0,0.0,1.0));
#3253=AXIS2_PLACEMENT_3D('',#3250,#3251,#3252);
#3254=CYLINDRICAL_SURFACE('',#3253,0.062500000000000);
#3255=CARTESIAN_POINT('',(-0.064000000000000,-1.766000000000003,1.687000000000001));
#3256=DIRECTION('',(1.0,0.0,0.0));
#3257=DIRECTION('',(0.0,0.0,1.0));
#3258=AXIS2_PLACEMENT_3D('',#3255,#3256,#3257);
#3259=CIRCLE('',#3258,0.062500000000000);
#3260=EDGE_CURVE('',#3225,#3152,#3259,.T.);
#3261=ORIENTED_EDGE('',*,*,#3260,.F.);
#3262=ORIENTED_EDGE('',*,*,#3245,.F.);
#3263=CARTESIAN_POINT('',(0.0,-1.766000000000003,1.687000000000001));
#3264=DIRECTION('',(-1.0,0.0,0.0));
#3265=DIRECTION('',(0.0,0.0,1.0));
#3266=AXIS2_PLACEMENT_3D('',#3263,#3264,#3265);
#3267=CIRCLE('',#3266,0.062500000000000);
#3268=EDGE_CURVE('',#3162,#3234,#3267,.T.);
#3269=ORIENTED_EDGE('',*,*,#3268,.F.);
#3270=ORIENTED_EDGE('',*,*,#3167,.T.);
#3271=EDGE_LOOP('',(#3261,#3262,#3269,#3270));
#3272=FACE_OUTER_BOUND('',#3271,.T.);
#3273=ADVANCED_FACE('',(#3272),#3254,.F.);
#3274=CARTESIAN_POINT('',(0.0,-1.766000000000003,1.312000000000001));
#3275=DIRECTION('',(-1.0,0.0,0.0));
#3276=DIRECTION('',(0.0,0.0,1.0));
#3277=AXIS2_PLACEMENT_3D('',#3274,#3275,#3276);
#3278=CYLINDRICAL_SURFACE('',#3277,0.062500000000000);
#3279=CARTESIAN_POINT('',(-0.064000000000000,-1.766000000000004,1.249500000000001));
#3280=VERTEX_POINT('',#3279);
#3281=CARTESIAN_POINT('',(-0.064000000000000,-1.766000000000003,1.374500000000001));
#3282=VERTEX_POINT('',#3281);
#3283=CARTESIAN_POINT('',(-0.064000000000000,-1.766000000000003,1.312000000000001));
#3284=DIRECTION('',(1.0,0.0,0.0));
#3285=DIRECTION('',(0.0,0.0,1.0));
#3286=AXIS2_PLACEMENT_3D('',#3283,#3284,#3285);
#3287=CIRCLE('',#3286,0.062500000000000);
#3288=EDGE_CURVE('',#3280,#3282,#3287,.T.);
#3289=ORIENTED_EDGE('',*,*,#3288,.F.);
#3290=CARTESIAN_POINT('',(0.0,-1.766000000000004,1.249500000000001));
#3291=VERTEX_POINT('',#3290);
#3292=CARTESIAN_POINT('',(0.0,-1.766000000000004,1.249500000000001));
#3293=DIRECTION('',(-1.0,0.0,0.0));
#3294=VECTOR('',#3293,0.064000000000000);
#3295=LINE('',#3292,#3294);
#3296=EDGE_CURVE('',#3291,#3280,#3295,.T.);
#3297=ORIENTED_EDGE('',*,*,#3296,.F.);
#3298=CARTESIAN_POINT('',(0.0,-1.766000000000003,1.374500000000001));
#3299=VERTEX_POINT('',#3298);
#3300=CARTESIAN_POINT('',(0.0,-1.766000000000003,1.312000000000001));
#3301=DIRECTION('',(-1.0,0.0,0.0));
#3302=DIRECTION('',(0.0,0.0,1.0));
#3303=AXIS2_PLACEMENT_3D('',#3300,#3301,#3302);
#3304=CIRCLE('',#3303,0.062500000000000);
#3305=EDGE_CURVE('',#3299,#3291,#3304,.T.);
#3306=ORIENTED_EDGE('',*,*,#3305,.F.);
#3307=CARTESIAN_POINT('',(0.0,-1.766000000000003,1.374500000000001));
#3308=DIRECTION('',(-1.0,0.0,0.0));
#3309=VECTOR('',#3308,0.064000000000000);
#3310=LINE('',#3307,#3309);
#3311=EDGE_CURVE('',#3299,#3282,#3310,.T.);
#3312=ORIENTED_EDGE('',*,*,#3311,.T.);
#3313=EDGE_LOOP('',(#3289,#3297,#3306,#3312));
#3314=FACE_OUTER_BOUND('',#3313,.T.);
#3315=ADVANCED_FACE('',(#3314),#3278,.F.);
#3316=CARTESIAN_POINT('',(0.0,-2.519000000000002,1.249500000000001));
#3317=DIRECTION('',(0.0,0.0,-1.0));
#3318=DIRECTION('',(-1.0,0.0,0.0));
#3319=AXIS2_PLACEMENT_3D('',#3316,#3317,#3318);
#3320=PLANE('',#3319);
#3321=CARTESIAN_POINT('',(-0.064000000000000,-2.519000000000002,1.249500000000001));
#3322=VERTEX_POINT('',#3321);
#3323=CARTESIAN_POINT('',(-0.064000000000000,-2.519000000000002,1.249500000000001));
#3324=DIRECTION('',(0.0,1.0,0.0));
#3325=VECTOR('',#3324,0.752999999999998);
#3326=LINE('',#3323,#3325);
#3327=EDGE_CURVE('',#3322,#3280,#3326,.T.);
#3328=ORIENTED_EDGE('',*,*,#3327,.F.);
#3329=CARTESIAN_POINT('',(0.0,-2.519000000000002,1.249500000000001));
#3330=VERTEX_POINT('',#3329);
#3331=CARTESIAN_POINT('',(0.0,-2.519000000000002,1.249500000000001));
#3332=DIRECTION('',(-1.0,0.0,0.0));
#3333=VECTOR('',#3332,0.064000000000000);
#3334=LINE('',#3331,#3333);
#3335=EDGE_CURVE('',#3330,#3322,#3334,.T.);
#3336=ORIENTED_EDGE('',*,*,#3335,.F.);
#3337=CARTESIAN_POINT('',(0.0,-1.766000000000004,1.249500000000001));
#3338=DIRECTION('',(0.0,-1.0,0.0));
#3339=VECTOR('',#3338,0.752999999999998);
#3340=LINE('',#3337,#3339);
#3341=EDGE_CURVE('',#3291,#3330,#3340,.T.);
#3342=ORIENTED_EDGE('',*,*,#3341,.F.);
#3343=ORIENTED_EDGE('',*,*,#3296,.T.);
#3344=EDGE_LOOP('',(#3328,#3336,#3342,#3343));
#3345=FACE_OUTER_BOUND('',#3344,.T.);
#3346=ADVANCED_FACE('',(#3345),#3320,.F.);
#3347=CARTESIAN_POINT('',(0.0,-2.519000000000002,1.312000000000001));
#3348=DIRECTION('',(-1.0,0.0,0.0));
#3349=DIRECTION('',(0.0,0.0,-1.0));
#3350=AXIS2_PLACEMENT_3D('',#3347,#3348,#3349);
#3351=CYLINDRICAL_SURFACE('',#3350,0.062500000000000);
#3352=CARTESIAN_POINT('',(-0.064000000000000,-2.519000000000003,1.374500000000001));
#3353=VERTEX_POINT('',#3352);
#3354=CARTESIAN_POINT('',(-0.064000000000000,-2.519000000000002,1.312000000000001));
#3355=DIRECTION('',(1.0,0.0,0.0));
#3356=DIRECTION('',(0.0,0.0,-1.0));
#3357=AXIS2_PLACEMENT_3D('',#3354,#3355,#3356);
#3358=CIRCLE('',#3357,0.062500000000000);
#3359=EDGE_CURVE('',#3353,#3322,#3358,.T.);
#3360=ORIENTED_EDGE('',*,*,#3359,.F.);
#3361=CARTESIAN_POINT('',(0.0,-2.519000000000003,1.374500000000001));
#3362=VERTEX_POINT('',#3361);
#3363=CARTESIAN_POINT('',(0.0,-2.519000000000003,1.374500000000001));
#3364=DIRECTION('',(-1.0,0.0,0.0));
#3365=VECTOR('',#3364,0.064000000000000);
#3366=LINE('',#3363,#3365);
#3367=EDGE_CURVE('',#3362,#3353,#3366,.T.);
#3368=ORIENTED_EDGE('',*,*,#3367,.F.);
#3369=CARTESIAN_POINT('',(0.0,-2.519000000000002,1.312000000000001));
#3370=DIRECTION('',(-1.0,0.0,0.0));
#3371=DIRECTION('',(0.0,0.0,-1.0));
#3372=AXIS2_PLACEMENT_3D('',#3369,#3370,#3371);
#3373=CIRCLE('',#3372,0.062500000000000);
#3374=EDGE_CURVE('',#3330,#3362,#3373,.T.);
#3375=ORIENTED_EDGE('',*,*,#3374,.F.);
#3376=ORIENTED_EDGE('',*,*,#3335,.T.);
#3377=EDGE_LOOP('',(#3360,#3368,#3375,#3376));
#3378=FACE_OUTER_BOUND('',#3377,.T.);
#3379=ADVANCED_FACE('',(#3378),#3351,.F.);
#3380=CARTESIAN_POINT('',(0.0,-1.766000000000003,1.374500000000001));
#3381=DIRECTION('',(0.0,0.0,1.0));
#3382=DIRECTION('',(1.0,0.0,0.0));
#3383=AXIS2_PLACEMENT_3D('',#3380,#3381,#3382);
#3384=PLANE('',#3383);
#3385=CARTESIAN_POINT('',(-0.064000000000000,-1.766000000000003,1.374500000000001));
#3386=DIRECTION('',(0.0,-1.0,0.0));
#3387=VECTOR('',#3386,0.753000000000000);
#3388=LINE('',#3385,#3387);
#3389=EDGE_CURVE('',#3282,#3353,#3388,.T.);
#3390=ORIENTED_EDGE('',*,*,#3389,.F.);
#3391=ORIENTED_EDGE('',*,*,#3311,.F.);
#3392=CARTESIAN_POINT('',(0.0,-2.519000000000003,1.374500000000001));
#3393=DIRECTION('',(0.0,1.0,0.0));
#3394=VECTOR('',#3393,0.753000000000000);
#3395=LINE('',#3392,#3394);
#3396=EDGE_CURVE('',#3362,#3299,#3395,.T.);
#3397=ORIENTED_EDGE('',*,*,#3396,.F.);
#3398=ORIENTED_EDGE('',*,*,#3367,.T.);
#3399=EDGE_LOOP('',(#3390,#3391,#3397,#3398));
#3400=FACE_OUTER_BOUND('',#3399,.T.);
#3401=ADVANCED_FACE('',(#3400),#3384,.F.);
#3402=CARTESIAN_POINT('',(0.0,-1.766000000000003,0.999500000000001));
#3403=DIRECTION('',(0.0,0.0,1.0));
#3404=DIRECTION('',(1.0,0.0,0.0));
#3405=AXIS2_PLACEMENT_3D('',#3402,#3403,#3404);
#3406=PLANE('',#3405);
#3407=CARTESIAN_POINT('',(-0.064000000000000,-1.766000000000003,0.999500000000001));
#3408=VERTEX_POINT('',#3407);
#3409=CARTESIAN_POINT('',(-0.064000000000000,-2.519000000000003,0.999500000000001));
#3410=VERTEX_POINT('',#3409);
#3411=CARTESIAN_POINT('',(-0.064000000000000,-1.766000000000003,0.999500000000001));
#3412=DIRECTION('',(0.0,-1.0,0.0));
#3413=VECTOR('',#3412,0.753000000000000);
#3414=LINE('',#3411,#3413);
#3415=EDGE_CURVE('',#3408,#3410,#3414,.T.);
#3416=ORIENTED_EDGE('',*,*,#3415,.F.);
#3417=CARTESIAN_POINT('',(0.0,-1.766000000000003,0.999500000000001));
#3418=VERTEX_POINT('',#3417);
#3419=CARTESIAN_POINT('',(0.0,-1.766000000000003,0.999500000000001));
#3420=DIRECTION('',(-1.0,0.0,0.0));
#3421=VECTOR('',#3420,0.064000000000000);
#3422=LINE('',#3419,#3421);
#3423=EDGE_CURVE('',#3418,#3408,#3422,.T.);
#3424=ORIENTED_EDGE('',*,*,#3423,.F.);
#3425=CARTESIAN_POINT('',(0.0,-2.519000000000003,0.999500000000001));
#3426=VERTEX_POINT('',#3425);
#3427=CARTESIAN_POINT('',(0.0,-2.519000000000003,0.999500000000001));
#3428=DIRECTION('',(0.0,1.0,0.0));
#3429=VECTOR('',#3428,0.753000000000000);
#3430=LINE('',#3427,#3429);
#3431=EDGE_CURVE('',#3426,#3418,#3430,.T.);
#3432=ORIENTED_EDGE('',*,*,#3431,.F.);
#3433=CARTESIAN_POINT('',(0.0,-2.519000000000003,0.999500000000001));
#3434=DIRECTION('',(-1.0,0.0,0.0));
#3435=VECTOR('',#3434,0.064000000000000);
#3436=LINE('',#3433,#3435);
#3437=EDGE_CURVE('',#3426,#3410,#3436,.T.);
#3438=ORIENTED_EDGE('',*,*,#3437,.T.);
#3439=EDGE_LOOP('',(#3416,#3424,#3432,#3438));
#3440=FACE_OUTER_BOUND('',#3439,.T.);
#3441=ADVANCED_FACE('',(#3440),#3406,.F.);
#3442=CARTESIAN_POINT('',(0.0,-2.519000000000002,0.937000000000001));
#3443=DIRECTION('',(-1.0,0.0,0.0));
#3444=DIRECTION('',(0.0,0.0,-1.0));
#3445=AXIS2_PLACEMENT_3D('',#3442,#3443,#3444);
#3446=CYLINDRICAL_SURFACE('',#3445,0.062500000000000);
#3447=CARTESIAN_POINT('',(-0.064000000000000,-2.519000000000002,0.874500000000001));
#3448=VERTEX_POINT('',#3447);
#3449=CARTESIAN_POINT('',(-0.064000000000000,-2.519000000000002,0.937000000000001));
#3450=DIRECTION('',(1.0,0.0,0.0));
#3451=DIRECTION('',(0.0,0.0,-1.0));
#3452=AXIS2_PLACEMENT_3D('',#3449,#3450,#3451);
#3453=CIRCLE('',#3452,0.062500000000000);
#3454=EDGE_CURVE('',#3410,#3448,#3453,.T.);
#3455=ORIENTED_EDGE('',*,*,#3454,.F.);
#3456=ORIENTED_EDGE('',*,*,#3437,.F.);
#3457=CARTESIAN_POINT('',(0.0,-2.519000000000002,0.874500000000001));
#3458=VERTEX_POINT('',#3457);
#3459=CARTESIAN_POINT('',(0.0,-2.519000000000002,0.937000000000001));
#3460=DIRECTION('',(-1.0,0.0,0.0));
#3461=DIRECTION('',(0.0,0.0,-1.0));
#3462=AXIS2_PLACEMENT_3D('',#3459,#3460,#3461);
#3463=CIRCLE('',#3462,0.062500000000000);
#3464=EDGE_CURVE('',#3458,#3426,#3463,.T.);
#3465=ORIENTED_EDGE('',*,*,#3464,.F.);
#3466=CARTESIAN_POINT('',(0.0,-2.519000000000002,0.874500000000001));
#3467=DIRECTION('',(-1.0,0.0,0.0));
#3468=VECTOR('',#3467,0.064000000000000);
#3469=LINE('',#3466,#3468);
#3470=EDGE_CURVE('',#3458,#3448,#3469,.T.);
#3471=ORIENTED_EDGE('',*,*,#3470,.T.);
#3472=EDGE_LOOP('',(#3455,#3456,#3465,#3471));
#3473=FACE_OUTER_BOUND('',#3472,.T.);
#3474=ADVANCED_FACE('',(#3473),#3446,.F.);
#3475=CARTESIAN_POINT('',(0.0,-2.519000000000002,0.874500000000001));
#3476=DIRECTION('',(0.0,0.0,-1.0));
#3477=DIRECTION('',(-1.0,0.0,0.0));
#3478=AXIS2_PLACEMENT_3D('',#3475,#3476,#3477);
#3479=PLANE('',#3478);
#3480=CARTESIAN_POINT('',(-0.064000000000000,-1.766000000000004,0.874500000000001));
#3481=VERTEX_POINT('',#3480);
#3482=CARTESIAN_POINT('',(-0.064000000000000,-2.519000000000002,0.874500000000001));
#3483=DIRECTION('',(0.0,1.0,0.0));
#3484=VECTOR('',#3483,0.752999999999998);
#3485=LINE('',#3482,#3484);
#3486=EDGE_CURVE('',#3448,#3481,#3485,.T.);
#3487=ORIENTED_EDGE('',*,*,#3486,.F.);
#3488=ORIENTED_EDGE('',*,*,#3470,.F.);
#3489=CARTESIAN_POINT('',(0.0,-1.766000000000004,0.874500000000001));
#3490=VERTEX_POINT('',#3489);
#3491=CARTESIAN_POINT('',(0.0,-1.766000000000004,0.874500000000001));
#3492=DIRECTION('',(0.0,-1.0,0.0));
#3493=VECTOR('',#3492,0.752999999999998);
#3494=LINE('',#3491,#3493);
#3495=EDGE_CURVE('',#3490,#3458,#3494,.T.);
#3496=ORIENTED_EDGE('',*,*,#3495,.F.);
#3497=CARTESIAN_POINT('',(0.0,-1.766000000000004,0.874500000000001));
#3498=DIRECTION('',(-1.0,0.0,0.0));
#3499=VECTOR('',#3498,0.064000000000000);
#3500=LINE('',#3497,#3499);
#3501=EDGE_CURVE('',#3490,#3481,#3500,.T.);
#3502=ORIENTED_EDGE('',*,*,#3501,.T.);
#3503=EDGE_LOOP('',(#3487,#3488,#3496,#3502));
#3504=FACE_OUTER_BOUND('',#3503,.T.);
#3505=ADVANCED_FACE('',(#3504),#3479,.F.);
#3506=CARTESIAN_POINT('',(0.0,-1.766000000000003,0.937000000000001));
#3507=DIRECTION('',(-1.0,0.0,0.0));
#3508=DIRECTION('',(0.0,0.0,1.0));
#3509=AXIS2_PLACEMENT_3D('',#3506,#3507,#3508);
#3510=CYLINDRICAL_SURFACE('',#3509,0.062500000000000);
#3511=CARTESIAN_POINT('',(-0.064000000000000,-1.766000000000003,0.937000000000001));
#3512=DIRECTION('',(1.0,0.0,0.0));
#3513=DIRECTION('',(0.0,0.0,1.0));
#3514=AXIS2_PLACEMENT_3D('',#3511,#3512,#3513);
#3515=CIRCLE('',#3514,0.062500000000000);
#3516=EDGE_CURVE('',#3481,#3408,#3515,.T.);
#3517=ORIENTED_EDGE('',*,*,#3516,.F.);
#3518=ORIENTED_EDGE('',*,*,#3501,.F.);
#3519=CARTESIAN_POINT('',(0.0,-1.766000000000003,0.937000000000001));
#3520=DIRECTION('',(-1.0,0.0,0.0));
#3521=DIRECTION('',(0.0,0.0,1.0));
#3522=AXIS2_PLACEMENT_3D('',#3519,#3520,#3521);
#3523=CIRCLE('',#3522,0.062500000000000);
#3524=EDGE_CURVE('',#3418,#3490,#3523,.T.);
#3525=ORIENTED_EDGE('',*,*,#3524,.F.);
#3526=ORIENTED_EDGE('',*,*,#3423,.T.);
#3527=EDGE_LOOP('',(#3517,#3518,#3525,#3526));
#3528=FACE_OUTER_BOUND('',#3527,.T.);
#3529=ADVANCED_FACE('',(#3528),#3510,.F.);
#3530=CARTESIAN_POINT('',(0.0,-1.766000000000002,0.562000000000001));
#3531=DIRECTION('',(-1.0,0.0,0.0));
#3532=DIRECTION('',(0.0,0.0,1.0));
#3533=AXIS2_PLACEMENT_3D('',#3530,#3531,#3532);
#3534=CYLINDRICAL_SURFACE('',#3533,0.062500000000000);
#3535=CARTESIAN_POINT('',(-0.064000000000000,-1.766000000000004,0.499500000000001));
#3536=VERTEX_POINT('',#3535);
#3537=CARTESIAN_POINT('',(-0.064000000000000,-1.766000000000003,0.624500000000001));
#3538=VERTEX_POINT('',#3537);
#3539=CARTESIAN_POINT('',(-0.064000000000000,-1.766000000000002,0.562000000000001));
#3540=DIRECTION('',(1.0,0.0,0.0));
#3541=DIRECTION('',(0.0,0.0,1.0));
#3542=AXIS2_PLACEMENT_3D('',#3539,#3540,#3541);
#3543=CIRCLE('',#3542,0.062500000000000);
#3544=EDGE_CURVE('',#3536,#3538,#3543,.T.);
#3545=ORIENTED_EDGE('',*,*,#3544,.F.);
#3546=CARTESIAN_POINT('',(0.0,-1.766000000000004,0.499500000000001));
#3547=VERTEX_POINT('',#3546);
#3548=CARTESIAN_POINT('',(0.0,-1.766000000000004,0.499500000000001));
#3549=DIRECTION('',(-1.0,0.0,0.0));
#3550=VECTOR('',#3549,0.064000000000000);
#3551=LINE('',#3548,#3550);
#3552=EDGE_CURVE('',#3547,#3536,#3551,.T.);
#3553=ORIENTED_EDGE('',*,*,#3552,.F.);
#3554=CARTESIAN_POINT('',(0.0,-1.766000000000003,0.624500000000001));
#3555=VERTEX_POINT('',#3554);
#3556=CARTESIAN_POINT('',(0.0,-1.766000000000002,0.562000000000001));
#3557=DIRECTION('',(-1.0,0.0,0.0));
#3558=DIRECTION('',(0.0,0.0,1.0));
#3559=AXIS2_PLACEMENT_3D('',#3556,#3557,#3558);
#3560=CIRCLE('',#3559,0.062500000000000);
#3561=EDGE_CURVE('',#3555,#3547,#3560,.T.);
#3562=ORIENTED_EDGE('',*,*,#3561,.F.);
#3563=CARTESIAN_POINT('',(0.0,-1.766000000000003,0.624500000000001));
#3564=DIRECTION('',(-1.0,0.0,0.0));
#3565=VECTOR('',#3564,0.064000000000000);
#3566=LINE('',#3563,#3565);
#3567=EDGE_CURVE('',#3555,#3538,#3566,.T.);
#3568=ORIENTED_EDGE('',*,*,#3567,.T.);
#3569=EDGE_LOOP('',(#3545,#3553,#3562,#3568));
#3570=FACE_OUTER_BOUND('',#3569,.T.);
#3571=ADVANCED_FACE('',(#3570),#3534,.F.);
#3572=CARTESIAN_POINT('',(0.0,-2.519000000000002,0.499500000000001));
#3573=DIRECTION('',(0.0,0.0,-1.0));
#3574=DIRECTION('',(-1.0,0.0,0.0));
#3575=AXIS2_PLACEMENT_3D('',#3572,#3573,#3574);
#3576=PLANE('',#3575);
#3577=CARTESIAN_POINT('',(-0.064000000000000,-2.519000000000002,0.499500000000001));
#3578=VERTEX_POINT('',#3577);
#3579=CARTESIAN_POINT('',(-0.064000000000000,-2.519000000000002,0.499500000000001));
#3580=DIRECTION('',(0.0,1.0,0.0));
#3581=VECTOR('',#3580,0.752999999999998);
#3582=LINE('',#3579,#3581);
#3583=EDGE_CURVE('',#3578,#3536,#3582,.T.);
#3584=ORIENTED_EDGE('',*,*,#3583,.F.);
#3585=CARTESIAN_POINT('',(0.0,-2.519000000000002,0.499500000000001));
#3586=VERTEX_POINT('',#3585);
#3587=CARTESIAN_POINT('',(0.0,-2.519000000000002,0.499500000000001));
#3588=DIRECTION('',(-1.0,0.0,0.0));
#3589=VECTOR('',#3588,0.064000000000000);
#3590=LINE('',#3587,#3589);
#3591=EDGE_CURVE('',#3586,#3578,#3590,.T.);
#3592=ORIENTED_EDGE('',*,*,#3591,.F.);
#3593=CARTESIAN_POINT('',(0.0,-1.766000000000004,0.499500000000001));
#3594=DIRECTION('',(0.0,-1.0,0.0));
#3595=VECTOR('',#3594,0.752999999999998);
#3596=LINE('',#3593,#3595);
#3597=EDGE_CURVE('',#3547,#3586,#3596,.T.);
#3598=ORIENTED_EDGE('',*,*,#3597,.F.);
#3599=ORIENTED_EDGE('',*,*,#3552,.T.);
#3600=EDGE_LOOP('',(#3584,#3592,#3598,#3599));
#3601=FACE_OUTER_BOUND('',#3600,.T.);
#3602=ADVANCED_FACE('',(#3601),#3576,.F.);
#3603=CARTESIAN_POINT('',(0.0,-2.519000000000002,0.562000000000001));
#3604=DIRECTION('',(-1.0,0.0,0.0));
#3605=DIRECTION('',(0.0,0.0,-1.0));
#3606=AXIS2_PLACEMENT_3D('',#3603,#3604,#3605);
#3607=CYLINDRICAL_SURFACE('',#3606,0.062500000000000);
#3608=CARTESIAN_POINT('',(-0.064000000000000,-2.519000000000003,0.624500000000001));
#3609=VERTEX_POINT('',#3608);
#3610=CARTESIAN_POINT('',(-0.064000000000000,-2.519000000000002,0.562000000000001));
#3611=DIRECTION('',(1.0,0.0,0.0));
#3612=DIRECTION('',(0.0,0.0,-1.0));
#3613=AXIS2_PLACEMENT_3D('',#3610,#3611,#3612);
#3614=CIRCLE('',#3613,0.062500000000000);
#3615=EDGE_CURVE('',#3609,#3578,#3614,.T.);
#3616=ORIENTED_EDGE('',*,*,#3615,.F.);
#3617=CARTESIAN_POINT('',(0.0,-2.519000000000003,0.624500000000001));
#3618=VERTEX_POINT('',#3617);
#3619=CARTESIAN_POINT('',(0.0,-2.519000000000003,0.624500000000001));
#3620=DIRECTION('',(-1.0,0.0,0.0));
#3621=VECTOR('',#3620,0.064000000000000);
#3622=LINE('',#3619,#3621);
#3623=EDGE_CURVE('',#3618,#3609,#3622,.T.);
#3624=ORIENTED_EDGE('',*,*,#3623,.F.);
#3625=CARTESIAN_POINT('',(0.0,-2.519000000000002,0.562000000000001));
#3626=DIRECTION('',(-1.0,0.0,0.0));
#3627=DIRECTION('',(0.0,0.0,-1.0));
#3628=AXIS2_PLACEMENT_3D('',#3625,#3626,#3627);
#3629=CIRCLE('',#3628,0.062500000000000);
#3630=EDGE_CURVE('',#3586,#3618,#3629,.T.);
#3631=ORIENTED_EDGE('',*,*,#3630,.F.);
#3632=ORIENTED_EDGE('',*,*,#3591,.T.);
#3633=EDGE_LOOP('',(#3616,#3624,#3631,#3632));
#3634=FACE_OUTER_BOUND('',#3633,.T.);
#3635=ADVANCED_FACE('',(#3634),#3607,.F.);
#3636=CARTESIAN_POINT('',(0.0,-1.766000000000003,0.624500000000001));
#3637=DIRECTION('',(0.0,0.0,1.0));
#3638=DIRECTION('',(1.0,0.0,0.0));
#3639=AXIS2_PLACEMENT_3D('',#3636,#3637,#3638);
#3640=PLANE('',#3639);
#3641=CARTESIAN_POINT('',(-0.064000000000000,-1.766000000000003,0.624500000000001));
#3642=DIRECTION('',(0.0,-1.0,0.0));
#3643=VECTOR('',#3642,0.753000000000000);
#3644=LINE('',#3641,#3643);
#3645=EDGE_CURVE('',#3538,#3609,#3644,.T.);
#3646=ORIENTED_EDGE('',*,*,#3645,.F.);
#3647=ORIENTED_EDGE('',*,*,#3567,.F.);
#3648=CARTESIAN_POINT('',(0.0,-2.519000000000003,0.624500000000001));
#3649=DIRECTION('',(0.0,1.0,0.0));
#3650=VECTOR('',#3649,0.753000000000000);
#3651=LINE('',#3648,#3650);
#3652=EDGE_CURVE('',#3618,#3555,#3651,.T.);
#3653=ORIENTED_EDGE('',*,*,#3652,.F.);
#3654=ORIENTED_EDGE('',*,*,#3623,.T.);
#3655=EDGE_LOOP('',(#3646,#3647,#3653,#3654));
#3656=FACE_OUTER_BOUND('',#3655,.T.);
#3657=ADVANCED_FACE('',(#3656),#3640,.F.);
#3658=CARTESIAN_POINT('',(0.0,-1.766000000000003,0.249500000000001));
#3659=DIRECTION('',(0.0,0.0,1.0));
#3660=DIRECTION('',(1.0,0.0,0.0));
#3661=AXIS2_PLACEMENT_3D('',#3658,#3659,#3660);
#3662=PLANE('',#3661);
#3663=CARTESIAN_POINT('',(-0.064000000000000,-1.766000000000003,0.249500000000001));
#3664=VERTEX_POINT('',#3663);
#3665=CARTESIAN_POINT('',(-0.064000000000000,-2.519000000000003,0.249500000000001));
#3666=VERTEX_POINT('',#3665);
#3667=CARTESIAN_POINT('',(-0.064000000000000,-1.766000000000003,0.249500000000001));
#3668=DIRECTION('',(0.0,-1.0,0.0));
#3669=VECTOR('',#3668,0.753000000000000);
#3670=LINE('',#3667,#3669);
#3671=EDGE_CURVE('',#3664,#3666,#3670,.T.);
#3672=ORIENTED_EDGE('',*,*,#3671,.F.);
#3673=CARTESIAN_POINT('',(0.0,-1.766000000000003,0.249500000000001));
#3674=VERTEX_POINT('',#3673);
#3675=CARTESIAN_POINT('',(0.0,-1.766000000000003,0.249500000000001));
#3676=DIRECTION('',(-1.0,0.0,0.0));
#3677=VECTOR('',#3676,0.064000000000000);
#3678=LINE('',#3675,#3677);
#3679=EDGE_CURVE('',#3674,#3664,#3678,.T.);
#3680=ORIENTED_EDGE('',*,*,#3679,.F.);
#3681=CARTESIAN_POINT('',(0.0,-2.519000000000003,0.249500000000001));
#3682=VERTEX_POINT('',#3681);
#3683=CARTESIAN_POINT('',(0.0,-2.519000000000003,0.249500000000001));
#3684=DIRECTION('',(0.0,1.0,0.0));
#3685=VECTOR('',#3684,0.753000000000000);
#3686=LINE('',#3683,#3685);
#3687=EDGE_CURVE('',#3682,#3674,#3686,.T.);
#3688=ORIENTED_EDGE('',*,*,#3687,.F.);
#3689=CARTESIAN_POINT('',(0.0,-2.519000000000003,0.249500000000001));
#3690=DIRECTION('',(-1.0,0.0,0.0));
#3691=VECTOR('',#3690,0.064000000000000);
#3692=LINE('',#3689,#3691);
#3693=EDGE_CURVE('',#3682,#3666,#3692,.T.);
#3694=ORIENTED_EDGE('',*,*,#3693,.T.);
#3695=EDGE_LOOP('',(#3672,#3680,#3688,#3694));
#3696=FACE_OUTER_BOUND('',#3695,.T.);
#3697=ADVANCED_FACE('',(#3696),#3662,.F.);
#3698=CARTESIAN_POINT('',(0.0,-2.519000000000002,0.187000000000001));
#3699=DIRECTION('',(-1.0,0.0,0.0));
#3700=DIRECTION('',(0.0,0.0,-1.0));
#3701=AXIS2_PLACEMENT_3D('',#3698,#3699,#3700);
#3702=CYLINDRICAL_SURFACE('',#3701,0.062500000000000);
#3703=CARTESIAN_POINT('',(-0.064000000000000,-2.519000000000002,0.124500000000001));
#3704=VERTEX_POINT('',#3703);
#3705=CARTESIAN_POINT('',(-0.064000000000000,-2.519000000000002,0.187000000000001));
#3706=DIRECTION('',(1.0,0.0,0.0));
#3707=DIRECTION('',(0.0,0.0,-1.0));
#3708=AXIS2_PLACEMENT_3D('',#3705,#3706,#3707);
#3709=CIRCLE('',#3708,0.062500000000000);
#3710=EDGE_CURVE('',#3666,#3704,#3709,.T.);
#3711=ORIENTED_EDGE('',*,*,#3710,.F.);
#3712=ORIENTED_EDGE('',*,*,#3693,.F.);
#3713=CARTESIAN_POINT('',(0.0,-2.519000000000002,0.124500000000001));
#3714=VERTEX_POINT('',#3713);
#3715=CARTESIAN_POINT('',(0.0,-2.519000000000002,0.187000000000001));
#3716=DIRECTION('',(-1.0,0.0,0.0));
#3717=DIRECTION('',(0.0,0.0,-1.0));
#3718=AXIS2_PLACEMENT_3D('',#3715,#3716,#3717);
#3719=CIRCLE('',#3718,0.062500000000000);
#3720=EDGE_CURVE('',#3714,#3682,#3719,.T.);
#3721=ORIENTED_EDGE('',*,*,#3720,.F.);
#3722=CARTESIAN_POINT('',(0.0,-2.519000000000002,0.124500000000001));
#3723=DIRECTION('',(-1.0,0.0,0.0));
#3724=VECTOR('',#3723,0.064000000000000);
#3725=LINE('',#3722,#3724);
#3726=EDGE_CURVE('',#3714,#3704,#3725,.T.);
#3727=ORIENTED_EDGE('',*,*,#3726,.T.);
#3728=EDGE_LOOP('',(#3711,#3712,#3721,#3727));
#3729=FACE_OUTER_BOUND('',#3728,.T.);
#3730=ADVANCED_FACE('',(#3729),#3702,.F.);
#3731=CARTESIAN_POINT('',(0.0,-2.519000000000002,0.124500000000001));
#3732=DIRECTION('',(0.0,0.0,-1.0));
#3733=DIRECTION('',(-1.0,0.0,0.0));
#3734=AXIS2_PLACEMENT_3D('',#3731,#3732,#3733);
#3735=PLANE('',#3734);
#3736=CARTESIAN_POINT('',(-0.064000000000000,-1.766000000000004,0.124500000000001));
#3737=VERTEX_POINT('',#3736);
#3738=CARTESIAN_POINT('',(-0.064000000000000,-2.519000000000002,0.124500000000001));
#3739=DIRECTION('',(0.0,1.0,0.0));
#3740=VECTOR('',#3739,0.752999999999998);
#3741=LINE('',#3738,#3740);
#3742=EDGE_CURVE('',#3704,#3737,#3741,.T.);
#3743=ORIENTED_EDGE('',*,*,#3742,.F.);
#3744=ORIENTED_EDGE('',*,*,#3726,.F.);
#3745=CARTESIAN_POINT('',(0.0,-1.766000000000004,0.124500000000001));
#3746=VERTEX_POINT('',#3745);
#3747=CARTESIAN_POINT('',(0.0,-1.766000000000004,0.124500000000001));
#3748=DIRECTION('',(0.0,-1.0,0.0));
#3749=VECTOR('',#3748,0.752999999999998);
#3750=LINE('',#3747,#3749);
#3751=EDGE_CURVE('',#3746,#3714,#3750,.T.);
#3752=ORIENTED_EDGE('',*,*,#3751,.F.);
#3753=CARTESIAN_POINT('',(0.0,-1.766000000000004,0.124500000000001));
#3754=DIRECTION('',(-1.0,0.0,0.0));
#3755=VECTOR('',#3754,0.064000000000000);
#3756=LINE('',#3753,#3755);
#3757=EDGE_CURVE('',#3746,#3737,#3756,.T.);
#3758=ORIENTED_EDGE('',*,*,#3757,.T.);
#3759=EDGE_LOOP('',(#3743,#3744,#3752,#3758));
#3760=FACE_OUTER_BOUND('',#3759,.T.);
#3761=ADVANCED_FACE('',(#3760),#3735,.F.);
#3762=CARTESIAN_POINT('',(0.0,-1.766000000000002,0.187000000000001));
#3763=DIRECTION('',(-1.0,0.0,0.0));
#3764=DIRECTION('',(0.0,0.0,1.0));
#3765=AXIS2_PLACEMENT_3D('',#3762,#3763,#3764);
#3766=CYLINDRICAL_SURFACE('',#3765,0.062500000000000);
#3767=CARTESIAN_POINT('',(-0.064000000000000,-1.766000000000002,0.187000000000001));
#3768=DIRECTION('',(1.0,0.0,0.0));
#3769=DIRECTION('',(0.0,0.0,1.0));
#3770=AXIS2_PLACEMENT_3D('',#3767,#3768,#3769);
#3771=CIRCLE('',#3770,0.062500000000000);
#3772=EDGE_CURVE('',#3737,#3664,#3771,.T.);
#3773=ORIENTED_EDGE('',*,*,#3772,.F.);
#3774=ORIENTED_EDGE('',*,*,#3757,.F.);
#3775=CARTESIAN_POINT('',(0.0,-1.766000000000002,0.187000000000001));
#3776=DIRECTION('',(-1.0,0.0,0.0));
#3777=DIRECTION('',(0.0,0.0,1.0));
#3778=AXIS2_PLACEMENT_3D('',#3775,#3776,#3777);
#3779=CIRCLE('',#3778,0.062500000000000);
#3780=EDGE_CURVE('',#3674,#3746,#3779,.T.);
#3781=ORIENTED_EDGE('',*,*,#3780,.F.);
#3782=ORIENTED_EDGE('',*,*,#3679,.T.);
#3783=EDGE_LOOP('',(#3773,#3774,#3781,#3782));
#3784=FACE_OUTER_BOUND('',#3783,.T.);
#3785=ADVANCED_FACE('',(#3784),#3766,.F.);
#3786=CARTESIAN_POINT('',(0.0,-1.766000000000002,-0.187999999999999));
#3787=DIRECTION('',(-1.0,0.0,0.0));
#3788=DIRECTION('',(0.0,0.0,1.0));
#3789=AXIS2_PLACEMENT_3D('',#3786,#3787,#3788);
#3790=CYLINDRICAL_SURFACE('',#3789,0.062500000000000);
#3791=CARTESIAN_POINT('',(-0.064000000000000,-1.766000000000004,-0.250499999999999));
#3792=VERTEX_POINT('',#3791);
#3793=CARTESIAN_POINT('',(-0.064000000000000,-1.766000000000003,-0.125499999999999));
#3794=VERTEX_POINT('',#3793);
#3795=CARTESIAN_POINT('',(-0.064000000000000,-1.766000000000002,-0.187999999999999));
#3796=DIRECTION('',(1.0,0.0,0.0));
#3797=DIRECTION('',(0.0,0.0,1.0));
#3798=AXIS2_PLACEMENT_3D('',#3795,#3796,#3797);
#3799=CIRCLE('',#3798,0.062500000000000);
#3800=EDGE_CURVE('',#3792,#3794,#3799,.T.);
#3801=ORIENTED_EDGE('',*,*,#3800,.F.);
#3802=CARTESIAN_POINT('',(0.0,-1.766000000000004,-0.250499999999999));
#3803=VERTEX_POINT('',#3802);
#3804=CARTESIAN_POINT('',(0.0,-1.766000000000004,-0.250499999999999));
#3805=DIRECTION('',(-1.0,0.0,0.0));
#3806=VECTOR('',#3805,0.064000000000000);
#3807=LINE('',#3804,#3806);
#3808=EDGE_CURVE('',#3803,#3792,#3807,.T.);
#3809=ORIENTED_EDGE('',*,*,#3808,.F.);
#3810=CARTESIAN_POINT('',(0.0,-1.766000000000003,-0.125499999999999));
#3811=VERTEX_POINT('',#3810);
#3812=CARTESIAN_POINT('',(0.0,-1.766000000000002,-0.187999999999999));
#3813=DIRECTION('',(-1.0,0.0,0.0));
#3814=DIRECTION('',(0.0,0.0,1.0));
#3815=AXIS2_PLACEMENT_3D('',#3812,#3813,#3814);
#3816=CIRCLE('',#3815,0.062500000000000);
#3817=EDGE_CURVE('',#3811,#3803,#3816,.T.);
#3818=ORIENTED_EDGE('',*,*,#3817,.F.);
#3819=CARTESIAN_POINT('',(0.0,-1.766000000000003,-0.125499999999999));
#3820=DIRECTION('',(-1.0,0.0,0.0));
#3821=VECTOR('',#3820,0.064000000000000);
#3822=LINE('',#3819,#3821);
#3823=EDGE_CURVE('',#3811,#3794,#3822,.T.);
#3824=ORIENTED_EDGE('',*,*,#3823,.T.);
#3825=EDGE_LOOP('',(#3801,#3809,#3818,#3824));
#3826=FACE_OUTER_BOUND('',#3825,.T.);
#3827=ADVANCED_FACE('',(#3826),#3790,.F.);
#3828=CARTESIAN_POINT('',(0.0,-2.519000000000002,-0.250499999999999));
#3829=DIRECTION('',(0.0,0.0,-1.0));
#3830=DIRECTION('',(-1.0,0.0,0.0));
#3831=AXIS2_PLACEMENT_3D('',#3828,#3829,#3830);
#3832=PLANE('',#3831);
#3833=CARTESIAN_POINT('',(-0.064000000000000,-2.519000000000002,-0.250499999999999));
#3834=VERTEX_POINT('',#3833);
#3835=CARTESIAN_POINT('',(-0.064000000000000,-2.519000000000002,-0.250499999999999));
#3836=DIRECTION('',(0.0,1.0,0.0));
#3837=VECTOR('',#3836,0.752999999999998);
#3838=LINE('',#3835,#3837);
#3839=EDGE_CURVE('',#3834,#3792,#3838,.T.);
#3840=ORIENTED_EDGE('',*,*,#3839,.F.);
#3841=CARTESIAN_POINT('',(0.0,-2.519000000000002,-0.250499999999999));
#3842=VERTEX_POINT('',#3841);
#3843=CARTESIAN_POINT('',(0.0,-2.519000000000002,-0.250499999999999));
#3844=DIRECTION('',(-1.0,0.0,0.0));
#3845=VECTOR('',#3844,0.064000000000000);
#3846=LINE('',#3843,#3845);
#3847=EDGE_CURVE('',#3842,#3834,#3846,.T.);
#3848=ORIENTED_EDGE('',*,*,#3847,.F.);
#3849=CARTESIAN_POINT('',(0.0,-1.766000000000004,-0.250499999999999));
#3850=DIRECTION('',(0.0,-1.0,0.0));
#3851=VECTOR('',#3850,0.752999999999998);
#3852=LINE('',#3849,#3851);
#3853=EDGE_CURVE('',#3803,#3842,#3852,.T.);
#3854=ORIENTED_EDGE('',*,*,#3853,.F.);
#3855=ORIENTED_EDGE('',*,*,#3808,.T.);
#3856=EDGE_LOOP('',(#3840,#3848,#3854,#3855));
#3857=FACE_OUTER_BOUND('',#3856,.T.);
#3858=ADVANCED_FACE('',(#3857),#3832,.F.);
#3859=CARTESIAN_POINT('',(0.0,-2.519000000000002,-0.187999999999999));
#3860=DIRECTION('',(-1.0,0.0,0.0));
#3861=DIRECTION('',(0.0,0.0,-1.0));
#3862=AXIS2_PLACEMENT_3D('',#3859,#3860,#3861);
#3863=CYLINDRICAL_SURFACE('',#3862,0.062500000000000);
#3864=CARTESIAN_POINT('',(-0.064000000000000,-2.519000000000003,-0.125499999999999));
#3865=VERTEX_POINT('',#3864);
#3866=CARTESIAN_POINT('',(-0.064000000000000,-2.519000000000002,-0.187999999999999));
#3867=DIRECTION('',(1.0,0.0,0.0));
#3868=DIRECTION('',(0.0,0.0,-1.0));
#3869=AXIS2_PLACEMENT_3D('',#3866,#3867,#3868);
#3870=CIRCLE('',#3869,0.062500000000000);
#3871=EDGE_CURVE('',#3865,#3834,#3870,.T.);
#3872=ORIENTED_EDGE('',*,*,#3871,.F.);
#3873=CARTESIAN_POINT('',(0.0,-2.519000000000003,-0.125499999999999));
#3874=VERTEX_POINT('',#3873);
#3875=CARTESIAN_POINT('',(0.0,-2.519000000000003,-0.125499999999999));
#3876=DIRECTION('',(-1.0,0.0,0.0));
#3877=VECTOR('',#3876,0.064000000000000);
#3878=LINE('',#3875,#3877);
#3879=EDGE_CURVE('',#3874,#3865,#3878,.T.);
#3880=ORIENTED_EDGE('',*,*,#3879,.F.);
#3881=CARTESIAN_POINT('',(0.0,-2.519000000000002,-0.187999999999999));
#3882=DIRECTION('',(-1.0,0.0,0.0));
#3883=DIRECTION('',(0.0,0.0,-1.0));
#3884=AXIS2_PLACEMENT_3D('',#3881,#3882,#3883);
#3885=CIRCLE('',#3884,0.062500000000000);
#3886=EDGE_CURVE('',#3842,#3874,#3885,.T.);
#3887=ORIENTED_EDGE('',*,*,#3886,.F.);
#3888=ORIENTED_EDGE('',*,*,#3847,.T.);
#3889=EDGE_LOOP('',(#3872,#3880,#3887,#3888));
#3890=FACE_OUTER_BOUND('',#3889,.T.);
#3891=ADVANCED_FACE('',(#3890),#3863,.F.);
#3892=CARTESIAN_POINT('',(0.0,-1.766000000000003,-0.125499999999999));
#3893=DIRECTION('',(0.0,0.0,1.0));
#3894=DIRECTION('',(1.0,0.0,0.0));
#3895=AXIS2_PLACEMENT_3D('',#3892,#3893,#3894);
#3896=PLANE('',#3895);
#3897=CARTESIAN_POINT('',(-0.064000000000000,-1.766000000000003,-0.125499999999999));
#3898=DIRECTION('',(0.0,-1.0,0.0));
#3899=VECTOR('',#3898,0.753000000000000);
#3900=LINE('',#3897,#3899);
#3901=EDGE_CURVE('',#3794,#3865,#3900,.T.);
#3902=ORIENTED_EDGE('',*,*,#3901,.F.);
#3903=ORIENTED_EDGE('',*,*,#3823,.F.);
#3904=CARTESIAN_POINT('',(0.0,-2.519000000000003,-0.125499999999999));
#3905=DIRECTION('',(0.0,1.0,0.0));
#3906=VECTOR('',#3905,0.753000000000000);
#3907=LINE('',#3904,#3906);
#3908=EDGE_CURVE('',#3874,#3811,#3907,.T.);
#3909=ORIENTED_EDGE('',*,*,#3908,.F.);
#3910=ORIENTED_EDGE('',*,*,#3879,.T.);
#3911=EDGE_LOOP('',(#3902,#3903,#3909,#3910));
#3912=FACE_OUTER_BOUND('',#3911,.T.);
#3913=ADVANCED_FACE('',(#3912),#3896,.F.);
#3914=CARTESIAN_POINT('',(0.0,-1.766000000000003,-0.500499999999999));
#3915=DIRECTION('',(0.0,0.0,1.0));
#3916=DIRECTION('',(1.0,0.0,0.0));
#3917=AXIS2_PLACEMENT_3D('',#3914,#3915,#3916);
#3918=PLANE('',#3917);
#3919=CARTESIAN_POINT('',(-0.064000000000000,-1.766000000000003,-0.500499999999999));
#3920=VERTEX_POINT('',#3919);
#3921=CARTESIAN_POINT('',(-0.064000000000000,-2.519000000000003,-0.500499999999999));
#3922=VERTEX_POINT('',#3921);
#3923=CARTESIAN_POINT('',(-0.064000000000000,-1.766000000000003,-0.500499999999999));
#3924=DIRECTION('',(0.0,-1.0,0.0));
#3925=VECTOR('',#3924,0.753000000000000);
#3926=LINE('',#3923,#3925);
#3927=EDGE_CURVE('',#3920,#3922,#3926,.T.);
#3928=ORIENTED_EDGE('',*,*,#3927,.F.);
#3929=CARTESIAN_POINT('',(0.0,-1.766000000000003,-0.500499999999999));
#3930=VERTEX_POINT('',#3929);
#3931=CARTESIAN_POINT('',(0.0,-1.766000000000003,-0.500499999999999));
#3932=DIRECTION('',(-1.0,0.0,0.0));
#3933=VECTOR('',#3932,0.064000000000000);
#3934=LINE('',#3931,#3933);
#3935=EDGE_CURVE('',#3930,#3920,#3934,.T.);
#3936=ORIENTED_EDGE('',*,*,#3935,.F.);
#3937=CARTESIAN_POINT('',(0.0,-2.519000000000003,-0.500499999999999));
#3938=VERTEX_POINT('',#3937);
#3939=CARTESIAN_POINT('',(0.0,-2.519000000000003,-0.500499999999999));
#3940=DIRECTION('',(0.0,1.0,0.0));
#3941=VECTOR('',#3940,0.753000000000000);
#3942=LINE('',#3939,#3941);
#3943=EDGE_CURVE('',#3938,#3930,#3942,.T.);
#3944=ORIENTED_EDGE('',*,*,#3943,.F.);
#3945=CARTESIAN_POINT('',(0.0,-2.519000000000003,-0.500499999999999));
#3946=DIRECTION('',(-1.0,0.0,0.0));
#3947=VECTOR('',#3946,0.064000000000000);
#3948=LINE('',#3945,#3947);
#3949=EDGE_CURVE('',#3938,#3922,#3948,.T.);
#3950=ORIENTED_EDGE('',*,*,#3949,.T.);
#3951=EDGE_LOOP('',(#3928,#3936,#3944,#3950));
#3952=FACE_OUTER_BOUND('',#3951,.T.);
#3953=ADVANCED_FACE('',(#3952),#3918,.F.);
#3954=CARTESIAN_POINT('',(0.0,-2.519000000000002,-0.563000000000000));
#3955=DIRECTION('',(-1.0,0.0,0.0));
#3956=DIRECTION('',(0.0,0.0,-1.0));
#3957=AXIS2_PLACEMENT_3D('',#3954,#3955,#3956);
#3958=CYLINDRICAL_SURFACE('',#3957,0.062500000000000);
#3959=CARTESIAN_POINT('',(-0.064000000000000,-2.519000000000002,-0.625499999999999));
#3960=VERTEX_POINT('',#3959);
#3961=CARTESIAN_POINT('',(-0.064000000000000,-2.519000000000002,-0.563000000000000));
#3962=DIRECTION('',(1.0,0.0,0.0));
#3963=DIRECTION('',(0.0,0.0,-1.0));
#3964=AXIS2_PLACEMENT_3D('',#3961,#3962,#3963);
#3965=CIRCLE('',#3964,0.062500000000000);
#3966=EDGE_CURVE('',#3922,#3960,#3965,.T.);
#3967=ORIENTED_EDGE('',*,*,#3966,.F.);
#3968=ORIENTED_EDGE('',*,*,#3949,.F.);
#3969=CARTESIAN_POINT('',(0.0,-2.519000000000002,-0.625499999999999));
#3970=VERTEX_POINT('',#3969);
#3971=CARTESIAN_POINT('',(0.0,-2.519000000000002,-0.563000000000000));
#3972=DIRECTION('',(-1.0,0.0,0.0));
#3973=DIRECTION('',(0.0,0.0,-1.0));
#3974=AXIS2_PLACEMENT_3D('',#3971,#3972,#3973);
#3975=CIRCLE('',#3974,0.062500000000000);
#3976=EDGE_CURVE('',#3970,#3938,#3975,.T.);
#3977=ORIENTED_EDGE('',*,*,#3976,.F.);
#3978=CARTESIAN_POINT('',(0.0,-2.519000000000002,-0.625499999999999));
#3979=DIRECTION('',(-1.0,0.0,0.0));
#3980=VECTOR('',#3979,0.064000000000000);
#3981=LINE('',#3978,#3980);
#3982=EDGE_CURVE('',#3970,#3960,#3981,.T.);
#3983=ORIENTED_EDGE('',*,*,#3982,.T.);
#3984=EDGE_LOOP('',(#3967,#3968,#3977,#3983));
#3985=FACE_OUTER_BOUND('',#3984,.T.);
#3986=ADVANCED_FACE('',(#3985),#3958,.F.);
#3987=CARTESIAN_POINT('',(0.0,-2.519000000000002,-0.625499999999999));
#3988=DIRECTION('',(0.0,0.0,-1.0));
#3989=DIRECTION('',(-1.0,0.0,0.0));
#3990=AXIS2_PLACEMENT_3D('',#3987,#3988,#3989);
#3991=PLANE('',#3990);
#3992=CARTESIAN_POINT('',(-0.064000000000000,-1.766000000000004,-0.625499999999999));
#3993=VERTEX_POINT('',#3992);
#3994=CARTESIAN_POINT('',(-0.064000000000000,-2.519000000000002,-0.625499999999999));
#3995=DIRECTION('',(0.0,1.0,0.0));
#3996=VECTOR('',#3995,0.752999999999998);
#3997=LINE('',#3994,#3996);
#3998=EDGE_CURVE('',#3960,#3993,#3997,.T.);
#3999=ORIENTED_EDGE('',*,*,#3998,.F.);
#4000=ORIENTED_EDGE('',*,*,#3982,.F.);
#4001=CARTESIAN_POINT('',(0.0,-1.766000000000004,-0.625499999999999));
#4002=VERTEX_POINT('',#4001);
#4003=CARTESIAN_POINT('',(0.0,-1.766000000000004,-0.625499999999999));
#4004=DIRECTION('',(0.0,-1.0,0.0));
#4005=VECTOR('',#4004,0.752999999999998);
#4006=LINE('',#4003,#4005);
#4007=EDGE_CURVE('',#4002,#3970,#4006,.T.);
#4008=ORIENTED_EDGE('',*,*,#4007,.F.);
#4009=CARTESIAN_POINT('',(0.0,-1.766000000000004,-0.625499999999999));
#4010=DIRECTION('',(-1.0,0.0,0.0));
#4011=VECTOR('',#4010,0.064000000000000);
#4012=LINE('',#4009,#4011);
#4013=EDGE_CURVE('',#4002,#3993,#4012,.T.);
#4014=ORIENTED_EDGE('',*,*,#4013,.T.);
#4015=EDGE_LOOP('',(#3999,#4000,#4008,#4014));
#4016=FACE_OUTER_BOUND('',#4015,.T.);
#4017=ADVANCED_FACE('',(#4016),#3991,.F.);
#4018=CARTESIAN_POINT('',(0.0,-1.766000000000002,-0.562999999999999));
#4019=DIRECTION('',(-1.0,0.0,0.0));
#4020=DIRECTION('',(0.0,0.0,1.0));
#4021=AXIS2_PLACEMENT_3D('',#4018,#4019,#4020);
#4022=CYLINDRICAL_SURFACE('',#4021,0.062500000000000);
#4023=CARTESIAN_POINT('',(-0.064000000000000,-1.766000000000002,-0.562999999999999));
#4024=DIRECTION('',(1.0,0.0,0.0));
#4025=DIRECTION('',(0.0,0.0,1.0));
#4026=AXIS2_PLACEMENT_3D('',#4023,#4024,#4025);
#4027=CIRCLE('',#4026,0.062500000000000);
#4028=EDGE_CURVE('',#3993,#3920,#4027,.T.);
#4029=ORIENTED_EDGE('',*,*,#4028,.F.);
#4030=ORIENTED_EDGE('',*,*,#4013,.F.);
#4031=CARTESIAN_POINT('',(0.0,-1.766000000000002,-0.562999999999999));
#4032=DIRECTION('',(-1.0,0.0,0.0));
#4033=DIRECTION('',(0.0,0.0,1.0));
#4034=AXIS2_PLACEMENT_3D('',#4031,#4032,#4033);
#4035=CIRCLE('',#4034,0.062500000000000);
#4036=EDGE_CURVE('',#3930,#4002,#4035,.T.);
#4037=ORIENTED_EDGE('',*,*,#4036,.F.);
#4038=ORIENTED_EDGE('',*,*,#3935,.T.);
#4039=EDGE_LOOP('',(#4029,#4030,#4037,#4038));
#4040=FACE_OUTER_BOUND('',#4039,.T.);
#4041=ADVANCED_FACE('',(#4040),#4022,.F.);
#4042=CARTESIAN_POINT('',(0.0,-1.766000000000002,-0.937999999999999));
#4043=DIRECTION('',(-1.0,0.0,0.0));
#4044=DIRECTION('',(0.0,0.0,1.0));
#4045=AXIS2_PLACEMENT_3D('',#4042,#4043,#4044);
#4046=CYLINDRICAL_SURFACE('',#4045,0.062500000000000);
#4047=CARTESIAN_POINT('',(-0.064000000000000,-1.766000000000004,-1.000499999999999));
#4048=VERTEX_POINT('',#4047);
#4049=CARTESIAN_POINT('',(-0.064000000000000,-1.766000000000003,-0.875499999999999));
#4050=VERTEX_POINT('',#4049);
#4051=CARTESIAN_POINT('',(-0.064000000000000,-1.766000000000002,-0.937999999999999));
#4052=DIRECTION('',(1.0,0.0,0.0));
#4053=DIRECTION('',(0.0,0.0,1.0));
#4054=AXIS2_PLACEMENT_3D('',#4051,#4052,#4053);
#4055=CIRCLE('',#4054,0.062500000000000);
#4056=EDGE_CURVE('',#4048,#4050,#4055,.T.);
#4057=ORIENTED_EDGE('',*,*,#4056,.F.);
#4058=CARTESIAN_POINT('',(0.0,-1.766000000000004,-1.000499999999999));
#4059=VERTEX_POINT('',#4058);
#4060=CARTESIAN_POINT('',(0.0,-1.766000000000004,-1.000499999999999));
#4061=DIRECTION('',(-1.0,0.0,0.0));
#4062=VECTOR('',#4061,0.064000000000000);
#4063=LINE('',#4060,#4062);
#4064=EDGE_CURVE('',#4059,#4048,#4063,.T.);
#4065=ORIENTED_EDGE('',*,*,#4064,.F.);
#4066=CARTESIAN_POINT('',(0.0,-1.766000000000003,-0.875499999999999));
#4067=VERTEX_POINT('',#4066);
#4068=CARTESIAN_POINT('',(0.0,-1.766000000000002,-0.937999999999999));
#4069=DIRECTION('',(-1.0,0.0,0.0));
#4070=DIRECTION('',(0.0,0.0,1.0));
#4071=AXIS2_PLACEMENT_3D('',#4068,#4069,#4070);
#4072=CIRCLE('',#4071,0.062500000000000);
#4073=EDGE_CURVE('',#4067,#4059,#4072,.T.);
#4074=ORIENTED_EDGE('',*,*,#4073,.F.);
#4075=CARTESIAN_POINT('',(0.0,-1.766000000000003,-0.875499999999999));
#4076=DIRECTION('',(-1.0,0.0,0.0));
#4077=VECTOR('',#4076,0.064000000000000);
#4078=LINE('',#4075,#4077);
#4079=EDGE_CURVE('',#4067,#4050,#4078,.T.);
#4080=ORIENTED_EDGE('',*,*,#4079,.T.);
#4081=EDGE_LOOP('',(#4057,#4065,#4074,#4080));
#4082=FACE_OUTER_BOUND('',#4081,.T.);
#4083=ADVANCED_FACE('',(#4082),#4046,.F.);
#4084=CARTESIAN_POINT('',(0.0,-2.519000000000002,-1.000499999999999));
#4085=DIRECTION('',(0.0,0.0,-1.0));
#4086=DIRECTION('',(-1.0,0.0,0.0));
#4087=AXIS2_PLACEMENT_3D('',#4084,#4085,#4086);
#4088=PLANE('',#4087);
#4089=CARTESIAN_POINT('',(-0.064000000000000,-2.519000000000002,-1.000499999999999));
#4090=VERTEX_POINT('',#4089);
#4091=CARTESIAN_POINT('',(-0.064000000000000,-2.519000000000002,-1.000499999999999));
#4092=DIRECTION('',(0.0,1.0,0.0));
#4093=VECTOR('',#4092,0.752999999999998);
#4094=LINE('',#4091,#4093);
#4095=EDGE_CURVE('',#4090,#4048,#4094,.T.);
#4096=ORIENTED_EDGE('',*,*,#4095,.F.);
#4097=CARTESIAN_POINT('',(0.0,-2.519000000000002,-1.000499999999999));
#4098=VERTEX_POINT('',#4097);
#4099=CARTESIAN_POINT('',(0.0,-2.519000000000002,-1.000499999999999));
#4100=DIRECTION('',(-1.0,0.0,0.0));
#4101=VECTOR('',#4100,0.064000000000000);
#4102=LINE('',#4099,#4101);
#4103=EDGE_CURVE('',#4098,#4090,#4102,.T.);
#4104=ORIENTED_EDGE('',*,*,#4103,.F.);
#4105=CARTESIAN_POINT('',(0.0,-1.766000000000004,-1.000499999999999));
#4106=DIRECTION('',(0.0,-1.0,0.0));
#4107=VECTOR('',#4106,0.752999999999998);
#4108=LINE('',#4105,#4107);
#4109=EDGE_CURVE('',#4059,#4098,#4108,.T.);
#4110=ORIENTED_EDGE('',*,*,#4109,.F.);
#4111=ORIENTED_EDGE('',*,*,#4064,.T.);
#4112=EDGE_LOOP('',(#4096,#4104,#4110,#4111));
#4113=FACE_OUTER_BOUND('',#4112,.T.);
#4114=ADVANCED_FACE('',(#4113),#4088,.F.);
#4115=CARTESIAN_POINT('',(0.0,-2.519000000000002,-0.938000000000000));
#4116=DIRECTION('',(-1.0,0.0,0.0));
#4117=DIRECTION('',(0.0,0.0,-1.0));
#4118=AXIS2_PLACEMENT_3D('',#4115,#4116,#4117);
#4119=CYLINDRICAL_SURFACE('',#4118,0.062500000000000);
#4120=CARTESIAN_POINT('',(-0.064000000000000,-2.519000000000003,-0.875499999999999));
#4121=VERTEX_POINT('',#4120);
#4122=CARTESIAN_POINT('',(-0.064000000000000,-2.519000000000002,-0.938000000000000));
#4123=DIRECTION('',(1.0,0.0,0.0));
#4124=DIRECTION('',(0.0,0.0,-1.0));
#4125=AXIS2_PLACEMENT_3D('',#4122,#4123,#4124);
#4126=CIRCLE('',#4125,0.062500000000000);
#4127=EDGE_CURVE('',#4121,#4090,#4126,.T.);
#4128=ORIENTED_EDGE('',*,*,#4127,.F.);
#4129=CARTESIAN_POINT('',(0.0,-2.519000000000003,-0.875499999999999));
#4130=VERTEX_POINT('',#4129);
#4131=CARTESIAN_POINT('',(0.0,-2.519000000000003,-0.875499999999999));
#4132=DIRECTION('',(-1.0,0.0,0.0));
#4133=VECTOR('',#4132,0.064000000000000);
#4134=LINE('',#4131,#4133);
#4135=EDGE_CURVE('',#4130,#4121,#4134,.T.);
#4136=ORIENTED_EDGE('',*,*,#4135,.F.);
#4137=CARTESIAN_POINT('',(0.0,-2.519000000000002,-0.938000000000000));
#4138=DIRECTION('',(-1.0,0.0,0.0));
#4139=DIRECTION('',(0.0,0.0,-1.0));
#4140=AXIS2_PLACEMENT_3D('',#4137,#4138,#4139);
#4141=CIRCLE('',#4140,0.062500000000000);
#4142=EDGE_CURVE('',#4098,#4130,#4141,.T.);
#4143=ORIENTED_EDGE('',*,*,#4142,.F.);
#4144=ORIENTED_EDGE('',*,*,#4103,.T.);
#4145=EDGE_LOOP('',(#4128,#4136,#4143,#4144));
#4146=FACE_OUTER_BOUND('',#4145,.T.);
#4147=ADVANCED_FACE('',(#4146),#4119,.F.);
#4148=CARTESIAN_POINT('',(0.0,-1.766000000000003,-0.875499999999999));
#4149=DIRECTION('',(0.0,0.0,1.0));
#4150=DIRECTION('',(1.0,0.0,0.0));
#4151=AXIS2_PLACEMENT_3D('',#4148,#4149,#4150);
#4152=PLANE('',#4151);
#4153=CARTESIAN_POINT('',(-0.064000000000000,-1.766000000000003,-0.875499999999999));
#4154=DIRECTION('',(0.0,-1.0,0.0));
#4155=VECTOR('',#4154,0.753000000000000);
#4156=LINE('',#4153,#4155);
#4157=EDGE_CURVE('',#4050,#4121,#4156,.T.);
#4158=ORIENTED_EDGE('',*,*,#4157,.F.);
#4159=ORIENTED_EDGE('',*,*,#4079,.F.);
#4160=CARTESIAN_POINT('',(0.0,-2.519000000000003,-0.875499999999999));
#4161=DIRECTION('',(0.0,1.0,0.0));
#4162=VECTOR('',#4161,0.753000000000000);
#4163=LINE('',#4160,#4162);
#4164=EDGE_CURVE('',#4130,#4067,#4163,.T.);
#4165=ORIENTED_EDGE('',*,*,#4164,.F.);
#4166=ORIENTED_EDGE('',*,*,#4135,.T.);
#4167=EDGE_LOOP('',(#4158,#4159,#4165,#4166));
#4168=FACE_OUTER_BOUND('',#4167,.T.);
#4169=ADVANCED_FACE('',(#4168),#4152,.F.);
#4170=CARTESIAN_POINT('',(11.188394812669323,-2.483000000000011,-4.516000000000119));
#4171=DIRECTION('',(1.0,3.614208E-030,-1.652536E-016));
#4172=DIRECTION('',(0.0,0.0,-1.0));
#4173=AXIS2_PLACEMENT_3D('',#4170,#4171,#4172);
#4174=CYLINDRICAL_SURFACE('',#4173,0.109000000000000);
#4175=CARTESIAN_POINT('',(-0.561000000000000,-2.483000000000014,-4.407000000000117));
#4176=VERTEX_POINT('',#4175);
#4177=CARTESIAN_POINT('',(-0.561000000000000,-2.483000000000011,-4.516000000000117));
#4178=DIRECTION('',(-1.0,0.0,0.0));
#4179=DIRECTION('',(0.0,0.0,-1.0));
#4180=AXIS2_PLACEMENT_3D('',#4177,#4178,#4179);
#4181=CIRCLE('',#4180,0.109000000000000);
#4182=EDGE_CURVE('',#4176,#4176,#4181,.T.);
#4183=ORIENTED_EDGE('',*,*,#4182,.F.);
#4184=EDGE_LOOP('',(#4183));
#4185=FACE_OUTER_BOUND('',#4184,.T.);
#4186=CARTESIAN_POINT('',(-0.625000000000000,-2.483000000000009,-4.625000000000116));
#4187=VERTEX_POINT('',#4186);
#4188=CARTESIAN_POINT('',(-0.624999999999999,-2.483000000000011,-4.516000000000117));
#4189=DIRECTION('',(1.0,0.0,0.0));
#4190=DIRECTION('',(0.0,0.0,-1.0));
#4191=AXIS2_PLACEMENT_3D('',#4188,#4189,#4190);
#4192=CIRCLE('',#4191,0.109000000000000);
#4193=EDGE_CURVE('',#4187,#4187,#4192,.T.);
#4194=ORIENTED_EDGE('',*,*,#4193,.F.);
#4195=EDGE_LOOP('',(#4194));
#4196=FACE_BOUND('',#4195,.T.);
#4197=ADVANCED_FACE('',(#4185,#4196),#4174,.F.);
#4198=CARTESIAN_POINT('',(11.188394812669323,2.516999999999989,-4.516000000000010));
#4199=DIRECTION('',(1.0,3.614208E-030,-1.652536E-016));
#4200=DIRECTION('',(0.0,0.0,-1.0));
#4201=AXIS2_PLACEMENT_3D('',#4198,#4199,#4200);
#4202=CYLINDRICAL_SURFACE('',#4201,0.109000000000000);
#4203=CARTESIAN_POINT('',(-0.561000000000000,2.516999999999987,-4.407000000000008));
#4204=VERTEX_POINT('',#4203);
#4205=CARTESIAN_POINT('',(-0.561000000000000,2.516999999999989,-4.516000000000008));
#4206=DIRECTION('',(-1.0,0.0,0.0));
#4207=DIRECTION('',(0.0,0.0,-1.0));
#4208=AXIS2_PLACEMENT_3D('',#4205,#4206,#4207);
#4209=CIRCLE('',#4208,0.109000000000000);
#4210=EDGE_CURVE('',#4204,#4204,#4209,.T.);
#4211=ORIENTED_EDGE('',*,*,#4210,.F.);
#4212=EDGE_LOOP('',(#4211));
#4213=FACE_OUTER_BOUND('',#4212,.T.);
#4214=CARTESIAN_POINT('',(-0.625000000000000,2.516999999999992,-4.625000000000007));
#4215=VERTEX_POINT('',#4214);
#4216=CARTESIAN_POINT('',(-0.624999999999999,2.516999999999989,-4.516000000000008));
#4217=DIRECTION('',(1.0,0.0,0.0));
#4218=DIRECTION('',(0.0,0.0,-1.0));
#4219=AXIS2_PLACEMENT_3D('',#4216,#4217,#4218);
#4220=CIRCLE('',#4219,0.109000000000000);
#4221=EDGE_CURVE('',#4215,#4215,#4220,.T.);
#4222=ORIENTED_EDGE('',*,*,#4221,.F.);
#4223=EDGE_LOOP('',(#4222));
#4224=FACE_BOUND('',#4223,.T.);
#4225=ADVANCED_FACE('',(#4213,#4224),#4202,.F.);
#4226=CARTESIAN_POINT('',(11.188394812669323,1.891999999999989,-4.516000000000023));
#4227=DIRECTION('',(1.0,3.614208E-030,-1.652536E-016));
#4228=DIRECTION('',(0.0,0.0,-1.0));
#4229=AXIS2_PLACEMENT_3D('',#4226,#4227,#4228);
#4230=CYLINDRICAL_SURFACE('',#4229,0.109000000000000);
#4231=CARTESIAN_POINT('',(-0.561000000000000,1.891999999999987,-4.407000000000021));
#4232=VERTEX_POINT('',#4231);
#4233=CARTESIAN_POINT('',(-0.561000000000000,1.891999999999989,-4.516000000000021));
#4234=DIRECTION('',(-1.0,0.0,0.0));
#4235=DIRECTION('',(0.0,0.0,-1.0));
#4236=AXIS2_PLACEMENT_3D('',#4233,#4234,#4235);
#4237=CIRCLE('',#4236,0.109000000000000);
#4238=EDGE_CURVE('',#4232,#4232,#4237,.T.);
#4239=ORIENTED_EDGE('',*,*,#4238,.F.);
#4240=EDGE_LOOP('',(#4239));
#4241=FACE_OUTER_BOUND('',#4240,.T.);
#4242=CARTESIAN_POINT('',(-0.625000000000000,1.891999999999992,-4.625000000000020));
#4243=VERTEX_POINT('',#4242);
#4244=CARTESIAN_POINT('',(-0.624999999999999,1.891999999999989,-4.516000000000021));
#4245=DIRECTION('',(1.0,0.0,0.0));
#4246=DIRECTION('',(0.0,0.0,-1.0));
#4247=AXIS2_PLACEMENT_3D('',#4244,#4245,#4246);
#4248=CIRCLE('',#4247,0.109000000000000);
#4249=EDGE_CURVE('',#4243,#4243,#4248,.T.);
#4250=ORIENTED_EDGE('',*,*,#4249,.F.);
#4251=EDGE_LOOP('',(#4250));
#4252=FACE_BOUND('',#4251,.T.);
#4253=ADVANCED_FACE('',(#4241,#4252),#4230,.F.);
#4254=CARTESIAN_POINT('',(11.188394812669323,1.266999999999989,-4.516000000000037));
#4255=DIRECTION('',(1.0,3.614208E-030,-1.652536E-016));
#4256=DIRECTION('',(0.0,0.0,-1.0));
#4257=AXIS2_PLACEMENT_3D('',#4254,#4255,#4256);
#4258=CYLINDRICAL_SURFACE('',#4257,0.109000000000000);
#4259=CARTESIAN_POINT('',(-0.561000000000000,1.266999999999987,-4.407000000000036));
#4260=VERTEX_POINT('',#4259);
#4261=CARTESIAN_POINT('',(-0.561000000000000,1.266999999999989,-4.516000000000035));
#4262=DIRECTION('',(-1.0,0.0,0.0));
#4263=DIRECTION('',(0.0,0.0,-1.0));
#4264=AXIS2_PLACEMENT_3D('',#4261,#4262,#4263);
#4265=CIRCLE('',#4264,0.109000000000000);
#4266=EDGE_CURVE('',#4260,#4260,#4265,.T.);
#4267=ORIENTED_EDGE('',*,*,#4266,.F.);
#4268=EDGE_LOOP('',(#4267));
#4269=FACE_OUTER_BOUND('',#4268,.T.);
#4270=CARTESIAN_POINT('',(-0.625000000000000,1.266999999999992,-4.625000000000035));
#4271=VERTEX_POINT('',#4270);
#4272=CARTESIAN_POINT('',(-0.624999999999999,1.266999999999989,-4.516000000000035));
#4273=DIRECTION('',(1.0,0.0,0.0));
#4274=DIRECTION('',(0.0,0.0,-1.0));
#4275=AXIS2_PLACEMENT_3D('',#4272,#4273,#4274);
#4276=CIRCLE('',#4275,0.109000000000000);
#4277=EDGE_CURVE('',#4271,#4271,#4276,.T.);
#4278=ORIENTED_EDGE('',*,*,#4277,.F.);
#4279=EDGE_LOOP('',(#4278));
#4280=FACE_BOUND('',#4279,.T.);
#4281=ADVANCED_FACE('',(#4269,#4280),#4258,.F.);
#4282=CARTESIAN_POINT('',(11.188394812669323,0.641999999999989,-4.516000000000051));
#4283=DIRECTION('',(1.0,3.614208E-030,-1.652536E-016));
#4284=DIRECTION('',(0.0,0.0,-1.0));
#4285=AXIS2_PLACEMENT_3D('',#4282,#4283,#4284);
#4286=CYLINDRICAL_SURFACE('',#4285,0.109000000000000);
#4287=CARTESIAN_POINT('',(-0.561000000000000,0.641999999999987,-4.407000000000049));
#4288=VERTEX_POINT('',#4287);
#4289=CARTESIAN_POINT('',(-0.561000000000000,0.641999999999989,-4.516000000000048));
#4290=DIRECTION('',(-1.0,0.0,0.0));
#4291=DIRECTION('',(0.0,0.0,-1.0));
#4292=AXIS2_PLACEMENT_3D('',#4289,#4290,#4291);
#4293=CIRCLE('',#4292,0.109000000000000);
#4294=EDGE_CURVE('',#4288,#4288,#4293,.T.);
#4295=ORIENTED_EDGE('',*,*,#4294,.F.);
#4296=EDGE_LOOP('',(#4295));
#4297=FACE_OUTER_BOUND('',#4296,.T.);
#4298=CARTESIAN_POINT('',(-0.625000000000000,0.641999999999992,-4.625000000000048));
#4299=VERTEX_POINT('',#4298);
#4300=CARTESIAN_POINT('',(-0.624999999999999,0.641999999999989,-4.516000000000048));
#4301=DIRECTION('',(1.0,0.0,0.0));
#4302=DIRECTION('',(0.0,0.0,-1.0));
#4303=AXIS2_PLACEMENT_3D('',#4300,#4301,#4302);
#4304=CIRCLE('',#4303,0.109000000000000);
#4305=EDGE_CURVE('',#4299,#4299,#4304,.T.);
#4306=ORIENTED_EDGE('',*,*,#4305,.F.);
#4307=EDGE_LOOP('',(#4306));
#4308=FACE_BOUND('',#4307,.T.);
#4309=ADVANCED_FACE('',(#4297,#4308),#4286,.F.);
#4310=CARTESIAN_POINT('',(11.188394812669323,0.016999999999989,-4.516000000000064));
#4311=DIRECTION('',(1.0,3.614208E-030,-1.652536E-016));
#4312=DIRECTION('',(0.0,0.0,-1.0));
#4313=AXIS2_PLACEMENT_3D('',#4310,#4311,#4312);
#4314=CYLINDRICAL_SURFACE('',#4313,0.109000000000000);
#4315=CARTESIAN_POINT('',(-0.561000000000000,0.016999999999987,-4.407000000000062));
#4316=VERTEX_POINT('',#4315);
#4317=CARTESIAN_POINT('',(-0.561000000000000,0.016999999999989,-4.516000000000062));
#4318=DIRECTION('',(-1.0,0.0,0.0));
#4319=DIRECTION('',(0.0,0.0,-1.0));
#4320=AXIS2_PLACEMENT_3D('',#4317,#4318,#4319);
#4321=CIRCLE('',#4320,0.109000000000000);
#4322=EDGE_CURVE('',#4316,#4316,#4321,.T.);
#4323=ORIENTED_EDGE('',*,*,#4322,.F.);
#4324=EDGE_LOOP('',(#4323));
#4325=FACE_OUTER_BOUND('',#4324,.T.);
#4326=CARTESIAN_POINT('',(-0.625000000000000,0.016999999999992,-4.625000000000062));
#4327=VERTEX_POINT('',#4326);
#4328=CARTESIAN_POINT('',(-0.624999999999999,0.016999999999989,-4.516000000000062));
#4329=DIRECTION('',(1.0,0.0,0.0));
#4330=DIRECTION('',(0.0,0.0,-1.0));
#4331=AXIS2_PLACEMENT_3D('',#4328,#4329,#4330);
#4332=CIRCLE('',#4331,0.109000000000000);
#4333=EDGE_CURVE('',#4327,#4327,#4332,.T.);
#4334=ORIENTED_EDGE('',*,*,#4333,.F.);
#4335=EDGE_LOOP('',(#4334));
#4336=FACE_BOUND('',#4335,.T.);
#4337=ADVANCED_FACE('',(#4325,#4336),#4314,.F.);
#4338=CARTESIAN_POINT('',(11.188394812669323,-0.608000000000011,-4.516000000000077));
#4339=DIRECTION('',(1.0,3.614208E-030,-1.652536E-016));
#4340=DIRECTION('',(0.0,0.0,-1.0));
#4341=AXIS2_PLACEMENT_3D('',#4338,#4339,#4340);
#4342=CYLINDRICAL_SURFACE('',#4341,0.109000000000000);
#4343=CARTESIAN_POINT('',(-0.561000000000000,-0.608000000000013,-4.407000000000076));
#4344=VERTEX_POINT('',#4343);
#4345=CARTESIAN_POINT('',(-0.561000000000000,-0.608000000000011,-4.516000000000076));
#4346=DIRECTION('',(-1.0,0.0,0.0));
#4347=DIRECTION('',(0.0,0.0,-1.0));
#4348=AXIS2_PLACEMENT_3D('',#4345,#4346,#4347);
#4349=CIRCLE('',#4348,0.109000000000000);
#4350=EDGE_CURVE('',#4344,#4344,#4349,.T.);
#4351=ORIENTED_EDGE('',*,*,#4350,.F.);
#4352=EDGE_LOOP('',(#4351));
#4353=FACE_OUTER_BOUND('',#4352,.T.);
#4354=CARTESIAN_POINT('',(-0.625000000000000,-0.608000000000009,-4.625000000000076));
#4355=VERTEX_POINT('',#4354);
#4356=CARTESIAN_POINT('',(-0.624999999999999,-0.608000000000011,-4.516000000000076));
#4357=DIRECTION('',(1.0,0.0,0.0));
#4358=DIRECTION('',(0.0,0.0,-1.0));
#4359=AXIS2_PLACEMENT_3D('',#4356,#4357,#4358);
#4360=CIRCLE('',#4359,0.109000000000000);
#4361=EDGE_CURVE('',#4355,#4355,#4360,.T.);
#4362=ORIENTED_EDGE('',*,*,#4361,.F.);
#4363=EDGE_LOOP('',(#4362));
#4364=FACE_BOUND('',#4363,.T.);
#4365=ADVANCED_FACE('',(#4353,#4364),#4342,.F.);
#4366=CARTESIAN_POINT('',(11.188394812669323,-1.233000000000011,-4.516000000000092));
#4367=DIRECTION('',(1.0,3.614208E-030,-1.652536E-016));
#4368=DIRECTION('',(0.0,0.0,-1.0));
#4369=AXIS2_PLACEMENT_3D('',#4366,#4367,#4368);
#4370=CYLINDRICAL_SURFACE('',#4369,0.109000000000000);
#4371=CARTESIAN_POINT('',(-0.561000000000000,-1.233000000000013,-4.407000000000090));
#4372=VERTEX_POINT('',#4371);
#4373=CARTESIAN_POINT('',(-0.561000000000000,-1.233000000000011,-4.516000000000090));
#4374=DIRECTION('',(-1.0,0.0,0.0));
#4375=DIRECTION('',(0.0,0.0,-1.0));
#4376=AXIS2_PLACEMENT_3D('',#4373,#4374,#4375);
#4377=CIRCLE('',#4376,0.109000000000000);
#4378=EDGE_CURVE('',#4372,#4372,#4377,.T.);
#4379=ORIENTED_EDGE('',*,*,#4378,.F.);
#4380=EDGE_LOOP('',(#4379));
#4381=FACE_OUTER_BOUND('',#4380,.T.);
#4382=CARTESIAN_POINT('',(-0.625000000000000,-1.233000000000009,-4.625000000000090));
#4383=VERTEX_POINT('',#4382);
#4384=CARTESIAN_POINT('',(-0.624999999999999,-1.233000000000011,-4.516000000000090));
#4385=DIRECTION('',(1.0,0.0,0.0));
#4386=DIRECTION('',(0.0,0.0,-1.0));
#4387=AXIS2_PLACEMENT_3D('',#4384,#4385,#4386);
#4388=CIRCLE('',#4387,0.109000000000000);
#4389=EDGE_CURVE('',#4383,#4383,#4388,.T.);
#4390=ORIENTED_EDGE('',*,*,#4389,.F.);
#4391=EDGE_LOOP('',(#4390));
#4392=FACE_BOUND('',#4391,.T.);
#4393=ADVANCED_FACE('',(#4381,#4392),#4370,.F.);
#4394=CARTESIAN_POINT('',(11.188394812669323,-1.858000000000011,-4.516000000000105));
#4395=DIRECTION('',(1.0,3.614208E-030,-1.652536E-016));
#4396=DIRECTION('',(0.0,0.0,-1.0));
#4397=AXIS2_PLACEMENT_3D('',#4394,#4395,#4396);
#4398=CYLINDRICAL_SURFACE('',#4397,0.109000000000000);
#4399=CARTESIAN_POINT('',(-0.561000000000000,-1.858000000000014,-4.407000000000103));
#4400=VERTEX_POINT('',#4399);
#4401=CARTESIAN_POINT('',(-0.561000000000000,-1.858000000000011,-4.516000000000103));
#4402=DIRECTION('',(-1.0,0.0,0.0));
#4403=DIRECTION('',(0.0,0.0,-1.0));
#4404=AXIS2_PLACEMENT_3D('',#4401,#4402,#4403);
#4405=CIRCLE('',#4404,0.109000000000000);
#4406=EDGE_CURVE('',#4400,#4400,#4405,.T.);
#4407=ORIENTED_EDGE('',*,*,#4406,.F.);
#4408=EDGE_LOOP('',(#4407));
#4409=FACE_OUTER_BOUND('',#4408,.T.);
#4410=CARTESIAN_POINT('',(-0.625000000000000,-1.858000000000009,-4.625000000000102));
#4411=VERTEX_POINT('',#4410);
#4412=CARTESIAN_POINT('',(-0.624999999999999,-1.858000000000011,-4.516000000000103));
#4413=DIRECTION('',(1.0,0.0,0.0));
#4414=DIRECTION('',(0.0,0.0,-1.0));
#4415=AXIS2_PLACEMENT_3D('',#4412,#4413,#4414);
#4416=CIRCLE('',#4415,0.109000000000000);
#4417=EDGE_CURVE('',#4411,#4411,#4416,.T.);
#4418=ORIENTED_EDGE('',*,*,#4417,.F.);
#4419=EDGE_LOOP('',(#4418));
#4420=FACE_BOUND('',#4419,.T.);
#4421=ADVANCED_FACE('',(#4409,#4420),#4398,.F.);
#4422=CARTESIAN_POINT('',(-0.321000000000001,-1.233000000000260,6.860394812669234));
#4423=DIRECTION('',(-1.009459E-016,-2.187068E-014,1.0));
#4424=DIRECTION('',(1.0,0.0,0.0));
#4425=AXIS2_PLACEMENT_3D('',#4422,#4423,#4424);
#4426=CYLINDRICAL_SURFACE('',#4425,0.058000000000000);
#4427=CARTESIAN_POINT('',(-0.379000000000000,-1.233000000000003,-4.889000000000090));
#4428=VERTEX_POINT('',#4427);
#4429=CARTESIAN_POINT('',(-0.321000000000000,-1.233000000000003,-4.889000000000090));
#4430=DIRECTION('',(0.0,0.0,-1.0));
#4431=DIRECTION('',(1.0,0.0,0.0));
#4432=AXIS2_PLACEMENT_3D('',#4429,#4430,#4431);
#4433=CIRCLE('',#4432,0.058000000000000);
#4434=EDGE_CURVE('',#4428,#4428,#4433,.T.);
#4435=ORIENTED_EDGE('',*,*,#4434,.F.);
#4436=EDGE_LOOP('',(#4435));
#4437=FACE_OUTER_BOUND('',#4436,.T.);
#4438=CARTESIAN_POINT('',(-0.263000000000000,-1.233000000000002,-4.953000000000090));
#4439=VERTEX_POINT('',#4438);
#4440=CARTESIAN_POINT('',(-0.321000000000000,-1.233000000000002,-4.953000000000091));
#4441=DIRECTION('',(0.0,0.0,1.0));
#4442=DIRECTION('',(1.0,0.0,0.0));
#4443=AXIS2_PLACEMENT_3D('',#4440,#4441,#4442);
#4444=CIRCLE('',#4443,0.058000000000000);
#4445=EDGE_CURVE('',#4439,#4439,#4444,.T.);
#4446=ORIENTED_EDGE('',*,*,#4445,.F.);
#4447=EDGE_LOOP('',(#4446));
#4448=FACE_BOUND('',#4447,.T.);
#4449=ADVANCED_FACE('',(#4437,#4448),#4426,.F.);
#4450=CARTESIAN_POINT('',(-0.321000000000001,1.266999999999740,6.860394812669288));
#4451=DIRECTION('',(-1.009459E-016,-2.187068E-014,1.0));
#4452=DIRECTION('',(1.0,0.0,0.0));
#4453=AXIS2_PLACEMENT_3D('',#4450,#4451,#4452);
#4454=CYLINDRICAL_SURFACE('',#4453,0.058000000000000);
#4455=CARTESIAN_POINT('',(-0.379000000000000,1.266999999999997,-4.889000000000034));
#4456=VERTEX_POINT('',#4455);
#4457=CARTESIAN_POINT('',(-0.321000000000000,1.266999999999997,-4.889000000000034));
#4458=DIRECTION('',(0.0,0.0,-1.0));
#4459=DIRECTION('',(1.0,0.0,0.0));
#4460=AXIS2_PLACEMENT_3D('',#4457,#4458,#4459);
#4461=CIRCLE('',#4460,0.058000000000000);
#4462=EDGE_CURVE('',#4456,#4456,#4461,.T.);
#4463=ORIENTED_EDGE('',*,*,#4462,.F.);
#4464=EDGE_LOOP('',(#4463));
#4465=FACE_OUTER_BOUND('',#4464,.T.);
#4466=CARTESIAN_POINT('',(-0.263000000000000,1.266999999999999,-4.953000000000035));
#4467=VERTEX_POINT('',#4466);
#4468=CARTESIAN_POINT('',(-0.321000000000000,1.266999999999999,-4.953000000000034));
#4469=DIRECTION('',(0.0,0.0,1.0));
#4470=DIRECTION('',(1.0,0.0,0.0));
#4471=AXIS2_PLACEMENT_3D('',#4468,#4469,#4470);
#4472=CIRCLE('',#4471,0.058000000000000);
#4473=EDGE_CURVE('',#4467,#4467,#4472,.T.);
#4474=ORIENTED_EDGE('',*,*,#4473,.F.);
#4475=EDGE_LOOP('',(#4474));
#4476=FACE_BOUND('',#4475,.T.);
#4477=ADVANCED_FACE('',(#4465,#4476),#4454,.F.);
#4478=CARTESIAN_POINT('',(-0.064000000000000,-2.733000000000005,-4.857000000000122));
#4479=CARTESIAN_POINT('',(-0.064000000000000,2.766999999999998,-4.857000000000002));
#4480=CARTESIAN_POINT('',(-0.064000000000000,-2.733000000000004,-4.889000000000122));
#4481=CARTESIAN_POINT('',(-0.064000000000000,2.766999999999999,-4.889000000000002));
#4482=CARTESIAN_POINT('',(-0.096000000000000,-2.733000000000004,-4.889000000000122));
#4483=CARTESIAN_POINT('',(-0.096000000000000,2.766999999999999,-4.889000000000002));
#4484=CARTESIAN_POINT('',(-0.128000000000000,-2.733000000000004,-4.889000000000122));
#4485=CARTESIAN_POINT('',(-0.128000000000000,2.766999999999999,-4.889000000000002));
#4486=CARTESIAN_POINT('',(-0.128000000000000,-2.733000000000005,-4.857000000000122));
#4487=CARTESIAN_POINT('',(-0.128000000000000,2.766999999999998,-4.857000000000002));
#4488=CARTESIAN_POINT('',(-0.128000000000000,-2.733000000000006,-4.825000000000122));
#4489=CARTESIAN_POINT('',(-0.128000000000000,2.766999999999997,-4.825000000000002));
#4490=CARTESIAN_POINT('',(-0.096000000000000,-2.733000000000006,-4.825000000000122));
#4491=CARTESIAN_POINT('',(-0.096000000000000,2.766999999999997,-4.825000000000002));
#4492=CARTESIAN_POINT('',(-0.064000000000000,-2.733000000000006,-4.825000000000122));
#4493=CARTESIAN_POINT('',(-0.064000000000000,2.766999999999997,-4.825000000000002));
#4494=CARTESIAN_POINT('',(-0.064000000000000,-2.733000000000005,-4.857000000000122));
#4495=CARTESIAN_POINT('',(-0.064000000000000,2.766999999999998,-4.857000000000002));
#4503=(BOUNDED_SURFACE()B_SPLINE_SURFACE(1,2,((#4478,#4480,#4482,#4484,#4486,#4488,#4490,#4492,#4494),(#4479,#4481,#4483,#4485,#4487,#4489,#4491,#4493,#4495)),.UNSPECIFIED.,.F.,.T.,.U.)B_SPLINE_SURFACE_WITH_KNOTS((2,2),(3,2,2,2,3),(-171.875000000000060,2.842171E-014),(0.0,0.050265482457437,0.100530964914873,0.150796447372310,0.201061929829747),.UNSPECIFIED.)GEOMETRIC_REPRESENTATION_ITEM()RATIONAL_B_SPLINE_SURFACE(((1.0,0.707106781186548,1.0,0.707106781186548,1.0,0.707106781186548,1.0,0.707106781186548,1.0),(1.0,0.707106781186548,1.0,0.707106781186548,1.0,0.707106781186548,1.0,0.707106781186548,1.0)))REPRESENTATION_ITEM('')SURFACE());
#4504=CARTESIAN_POINT('',(-0.064000000000000,-2.733000000000004,-4.857000000000123));
#4505=VERTEX_POINT('',#4504);
#4506=CARTESIAN_POINT('',(-0.096000000000000,-2.733000000000003,-4.889000000000122));
#4507=VERTEX_POINT('',#4506);
#4508=CARTESIAN_POINT('',(-0.096000000000000,-2.733000000000004,-4.857000000000123));
#4509=DIRECTION('',(0.0,1.0,0.0));
#4510=DIRECTION('',(-1.0,0.0,0.0));
#4511=AXIS2_PLACEMENT_3D('',#4508,#4509,#4510);
#4512=CIRCLE('',#4511,0.032000000000000);
#4513=EDGE_CURVE('',#4505,#4507,#4512,.T.);
#4514=ORIENTED_EDGE('',*,*,#4513,.F.);
#4515=CARTESIAN_POINT('',(-0.064000000000000,2.766999999999997,-4.857000000000002));
#4516=VERTEX_POINT('',#4515);
#4517=CARTESIAN_POINT('',(-0.064000000000000,-2.733000000000004,-4.857000000000123));
#4518=DIRECTION('',(0.0,1.0,0.0));
#4519=VECTOR('',#4518,5.500000000000001);
#4520=LINE('',#4517,#4519);
#4521=EDGE_CURVE('',#4505,#4516,#4520,.T.);
#4522=ORIENTED_EDGE('',*,*,#4521,.T.);
#4523=CARTESIAN_POINT('',(-0.096000000000000,2.766999999999997,-4.889000000000002));
#4524=VERTEX_POINT('',#4523);
#4525=CARTESIAN_POINT('',(-0.096000000000000,2.766999999999997,-4.857000000000002));
#4526=DIRECTION('',(0.0,-1.0,0.0));
#4527=DIRECTION('',(-1.0,0.0,0.0));
#4528=AXIS2_PLACEMENT_3D('',#4525,#4526,#4527);
#4529=CIRCLE('',#4528,0.032000000000000);
#4530=EDGE_CURVE('',#4524,#4516,#4529,.T.);
#4531=ORIENTED_EDGE('',*,*,#4530,.F.);
#4532=CARTESIAN_POINT('',(-0.096000000000000,2.766999999999997,-4.889000000000002));
#4533=DIRECTION('',(0.0,-1.0,0.0));
#4534=VECTOR('',#4533,5.500000000000000);
#4535=LINE('',#4532,#4534);
#4536=EDGE_CURVE('',#4524,#4507,#4535,.T.);
#4537=ORIENTED_EDGE('',*,*,#4536,.T.);
#4538=EDGE_LOOP('',(#4514,#4522,#4531,#4537));
#4539=FACE_OUTER_BOUND('',#4538,.T.);
#4540=ADVANCED_FACE('',(#4539),#4503,.T.);
#4541=CARTESIAN_POINT('',(-0.096000000000000,2.766999999999997,-4.889000000000002));
#4542=CARTESIAN_POINT('',(-0.529000000000000,2.766999999999997,-4.889000000000002));
#4543=CARTESIAN_POINT('',(-0.096000000000000,-2.733000000000004,-4.889000000000122));
#4544=CARTESIAN_POINT('',(-0.529000000000000,-2.733000000000004,-4.889000000000121));
#4545=B_SPLINE_SURFACE_WITH_KNOTS('',1,1,((#4541,#4543),(#4542,#4544)),.UNSPECIFIED.,.F.,.F.,.U.,(2,2),(2,2),(0.0,0.433000000000000),(0.0,5.500000000000001),.UNSPECIFIED.);
#4546=CARTESIAN_POINT('',(-0.529000000000000,-2.733000000000003,-4.889000000000122));
#4547=VERTEX_POINT('',#4546);
#4548=CARTESIAN_POINT('',(-0.096000000000000,-2.733000000000003,-4.889000000000122));
#4549=DIRECTION('',(-1.0,0.0,0.0));
#4550=VECTOR('',#4549,0.433000000000000);
#4551=LINE('',#4548,#4550);
#4552=EDGE_CURVE('',#4507,#4547,#4551,.T.);
#4553=ORIENTED_EDGE('',*,*,#4552,.F.);
#4554=ORIENTED_EDGE('',*,*,#4536,.F.);
#4555=CARTESIAN_POINT('',(-0.529000000000000,2.766999999999997,-4.889000000000002));
#4556=VERTEX_POINT('',#4555);
#4557=CARTESIAN_POINT('',(-0.529000000000000,2.766999999999997,-4.889000000000002));
#4558=DIRECTION('',(1.0,0.0,0.0));
#4559=VECTOR('',#4558,0.433000000000000);
#4560=LINE('',#4557,#4559);
#4561=EDGE_CURVE('',#4556,#4524,#4560,.T.);
#4562=ORIENTED_EDGE('',*,*,#4561,.F.);
#4563=CARTESIAN_POINT('',(-0.529000000000000,2.766999999999997,-4.889000000000002));
#4564=DIRECTION('',(0.0,-1.0,0.0));
#4565=VECTOR('',#4564,5.500000000000000);
#4566=LINE('',#4563,#4565);
#4567=EDGE_CURVE('',#4556,#4547,#4566,.T.);
#4568=ORIENTED_EDGE('',*,*,#4567,.T.);
#4569=EDGE_LOOP('',(#4553,#4554,#4562,#4568));
#4570=FACE_OUTER_BOUND('',#4569,.T.);
#4571=ORIENTED_EDGE('',*,*,#4434,.T.);
#4572=EDGE_LOOP('',(#4571));
#4573=FACE_BOUND('',#4572,.T.);
#4574=ORIENTED_EDGE('',*,*,#4462,.T.);
#4575=EDGE_LOOP('',(#4574));
#4576=FACE_BOUND('',#4575,.T.);
#4577=ADVANCED_FACE('',(#4570,#4573,#4576),#4545,.T.);
#4578=CARTESIAN_POINT('',(-0.529000000000000,-2.733000000000004,-4.889000000000122));
#4579=CARTESIAN_POINT('',(-0.529000000000000,2.766999999999999,-4.889000000000002));
#4580=CARTESIAN_POINT('',(-0.561000000000000,-2.733000000000004,-4.889000000000122));
#4581=CARTESIAN_POINT('',(-0.561000000000000,2.766999999999999,-4.889000000000002));
#4582=CARTESIAN_POINT('',(-0.561000000000000,-2.733000000000005,-4.857000000000122));
#4583=CARTESIAN_POINT('',(-0.561000000000000,2.766999999999998,-4.857000000000002));
#4584=CARTESIAN_POINT('',(-0.561000000000000,-2.733000000000006,-4.825000000000122));
#4585=CARTESIAN_POINT('',(-0.561000000000000,2.766999999999997,-4.825000000000002));
#4586=CARTESIAN_POINT('',(-0.529000000000000,-2.733000000000006,-4.825000000000122));
#4587=CARTESIAN_POINT('',(-0.529000000000000,2.766999999999997,-4.825000000000002));
#4588=CARTESIAN_POINT('',(-0.497000000000000,-2.733000000000006,-4.825000000000122));
#4589=CARTESIAN_POINT('',(-0.497000000000000,2.766999999999997,-4.825000000000002));
#4590=CARTESIAN_POINT('',(-0.497000000000000,-2.733000000000005,-4.857000000000122));
#4591=CARTESIAN_POINT('',(-0.497000000000000,2.766999999999998,-4.857000000000002));
#4592=CARTESIAN_POINT('',(-0.497000000000000,-2.733000000000004,-4.889000000000122));
#4593=CARTESIAN_POINT('',(-0.497000000000000,2.766999999999999,-4.889000000000002));
#4594=CARTESIAN_POINT('',(-0.529000000000000,-2.733000000000004,-4.889000000000122));
#4595=CARTESIAN_POINT('',(-0.529000000000000,2.766999999999999,-4.889000000000002));
#4603=(BOUNDED_SURFACE()B_SPLINE_SURFACE(1,2,((#4578,#4580,#4582,#4584,#4586,#4588,#4590,#4592,#4594),(#4579,#4581,#4583,#4585,#4587,#4589,#4591,#4593,#4595)),.UNSPECIFIED.,.F.,.T.,.U.)B_SPLINE_SURFACE_WITH_KNOTS((2,2),(3,2,2,2,3),(-171.875000000000060,2.842171E-014),(0.0,0.050265482457437,0.100530964914873,0.150796447372310,0.201061929829747),.UNSPECIFIED.)GEOMETRIC_REPRESENTATION_ITEM()RATIONAL_B_SPLINE_SURFACE(((1.0,0.707106781186548,1.0,0.707106781186548,1.0,0.707106781186548,1.0,0.707106781186548,1.0),(1.0,0.707106781186548,1.0,0.707106781186548,1.0,0.707106781186548,1.0,0.707106781186548,1.0)))REPRESENTATION_ITEM('')SURFACE());
#4604=CARTESIAN_POINT('',(-0.561000000000000,-2.733000000000004,-4.857000000000123));
#4605=VERTEX_POINT('',#4604);
#4606=CARTESIAN_POINT('',(-0.529000000000000,-2.733000000000004,-4.857000000000123));
#4607=DIRECTION('',(0.0,1.0,0.0));
#4608=DIRECTION('',(0.0,0.0,1.0));
#4609=AXIS2_PLACEMENT_3D('',#4606,#4607,#4608);
#4610=CIRCLE('',#4609,0.032000000000000);
#4611=EDGE_CURVE('',#4547,#4605,#4610,.T.);
#4612=ORIENTED_EDGE('',*,*,#4611,.F.);
#4613=ORIENTED_EDGE('',*,*,#4567,.F.);
#4614=CARTESIAN_POINT('',(-0.561000000000000,2.766999999999997,-4.857000000000002));
#4615=VERTEX_POINT('',#4614);
#4616=CARTESIAN_POINT('',(-0.529000000000000,2.766999999999997,-4.857000000000002));
#4617=DIRECTION('',(0.0,-1.0,0.0));
#4618=DIRECTION('',(0.0,0.0,1.0));
#4619=AXIS2_PLACEMENT_3D('',#4616,#4617,#4618);
#4620=CIRCLE('',#4619,0.032000000000000);
#4621=EDGE_CURVE('',#4615,#4556,#4620,.T.);
#4622=ORIENTED_EDGE('',*,*,#4621,.F.);
#4623=CARTESIAN_POINT('',(-0.561000000000000,2.766999999999997,-4.857000000000002));
#4624=DIRECTION('',(0.0,-1.0,0.0));
#4625=VECTOR('',#4624,5.500000000000001);
#4626=LINE('',#4623,#4625);
#4627=EDGE_CURVE('',#4615,#4605,#4626,.T.);
#4628=ORIENTED_EDGE('',*,*,#4627,.T.);
#4629=EDGE_LOOP('',(#4612,#4613,#4622,#4628));
#4630=FACE_OUTER_BOUND('',#4629,.T.);
#4631=ADVANCED_FACE('',(#4630),#4603,.T.);
#4632=CARTESIAN_POINT('',(-0.561000000000000,2.766999999999997,-4.857000000000122));
#4633=CARTESIAN_POINT('',(-0.561000000000000,2.766999999999997,-4.328000000000002));
#4634=CARTESIAN_POINT('',(-0.561000000000000,-2.733000000000016,-4.857000000000122));
#4635=CARTESIAN_POINT('',(-0.561000000000000,-2.733000000000016,-4.328000000000001));
#4636=B_SPLINE_SURFACE_WITH_KNOTS('',1,1,((#4632,#4634),(#4633,#4635)),.UNSPECIFIED.,.F.,.F.,.U.,(2,2),(2,2),(0.0,0.529000000000120),(0.0,5.500000000000012),.UNSPECIFIED.);
#4637=CARTESIAN_POINT('',(-0.561000000000000,-2.733000000000016,-4.328000000000122));
#4638=VERTEX_POINT('',#4637);
#4639=CARTESIAN_POINT('',(-0.561000000000000,-2.733000000000004,-4.857000000000123));
#4640=DIRECTION('',(0.0,0.0,1.0));
#4641=VECTOR('',#4640,0.529000000000001);
#4642=LINE('',#4639,#4641);
#4643=EDGE_CURVE('',#4605,#4638,#4642,.T.);
#4644=ORIENTED_EDGE('',*,*,#4643,.F.);
#4645=ORIENTED_EDGE('',*,*,#4627,.F.);
#4646=CARTESIAN_POINT('',(-0.561000000000000,2.766999999999985,-4.328000000000002));
#4647=VERTEX_POINT('',#4646);
#4648=CARTESIAN_POINT('',(-0.561000000000000,2.766999999999985,-4.328000000000002));
#4649=DIRECTION('',(0.0,0.0,-1.0));
#4650=VECTOR('',#4649,0.529000000000000);
#4651=LINE('',#4648,#4650);
#4652=EDGE_CURVE('',#4647,#4615,#4651,.T.);
#4653=ORIENTED_EDGE('',*,*,#4652,.F.);
#4654=CARTESIAN_POINT('',(-0.561000000000000,2.766999999999985,-4.328000000000002));
#4655=DIRECTION('',(0.0,-1.0,0.0));
#4656=VECTOR('',#4655,5.500000000000001);
#4657=LINE('',#4654,#4656);
#4658=EDGE_CURVE('',#4647,#4638,#4657,.T.);
#4659=ORIENTED_EDGE('',*,*,#4658,.T.);
#4660=EDGE_LOOP('',(#4644,#4645,#4653,#4659));
#4661=FACE_OUTER_BOUND('',#4660,.T.);
#4662=ORIENTED_EDGE('',*,*,#4182,.T.);
#4663=EDGE_LOOP('',(#4662));
#4664=FACE_BOUND('',#4663,.T.);
#4665=ORIENTED_EDGE('',*,*,#4210,.T.);
#4666=EDGE_LOOP('',(#4665));
#4667=FACE_BOUND('',#4666,.T.);
#4668=ORIENTED_EDGE('',*,*,#4238,.T.);
#4669=EDGE_LOOP('',(#4668));
#4670=FACE_BOUND('',#4669,.T.);
#4671=ORIENTED_EDGE('',*,*,#4266,.T.);
#4672=EDGE_LOOP('',(#4671));
#4673=FACE_BOUND('',#4672,.T.);
#4674=ORIENTED_EDGE('',*,*,#4294,.T.);
#4675=EDGE_LOOP('',(#4674));
#4676=FACE_BOUND('',#4675,.T.);
#4677=ORIENTED_EDGE('',*,*,#4322,.T.);
#4678=EDGE_LOOP('',(#4677));
#4679=FACE_BOUND('',#4678,.T.);
#4680=ORIENTED_EDGE('',*,*,#4350,.T.);
#4681=EDGE_LOOP('',(#4680));
#4682=FACE_BOUND('',#4681,.T.);
#4683=ORIENTED_EDGE('',*,*,#4378,.T.);
#4684=EDGE_LOOP('',(#4683));
#4685=FACE_BOUND('',#4684,.T.);
#4686=ORIENTED_EDGE('',*,*,#4406,.T.);
#4687=EDGE_LOOP('',(#4686));
#4688=FACE_BOUND('',#4687,.T.);
#4689=ADVANCED_FACE('',(#4661,#4664,#4667,#4670,#4673,#4676,#4679,#4682,#4685,#4688),#4636,.T.);
#4690=CARTESIAN_POINT('',(-0.561000000000000,2.766999999999985,-4.328000000000002));
#4691=CARTESIAN_POINT('',(-0.625000000000000,2.766999999999985,-4.328000000000002));
#4692=CARTESIAN_POINT('',(-0.561000000000000,-2.733000000000016,-4.328000000000122));
#4693=CARTESIAN_POINT('',(-0.625000000000000,-2.733000000000016,-4.328000000000121));
#4694=B_SPLINE_SURFACE_WITH_KNOTS('',1,1,((#4690,#4692),(#4691,#4693)),.UNSPECIFIED.,.F.,.F.,.U.,(2,2),(2,2),(0.0,0.064000000000000),(0.0,5.500000000000001),.UNSPECIFIED.);
#4695=CARTESIAN_POINT('',(-0.625000000000000,-2.733000000000016,-4.328000000000122));
#4696=VERTEX_POINT('',#4695);
#4697=CARTESIAN_POINT('',(-0.561000000000000,-2.733000000000016,-4.328000000000122));
#4698=DIRECTION('',(-1.0,0.0,0.0));
#4699=VECTOR('',#4698,0.064000000000000);
#4700=LINE('',#4697,#4699);
#4701=EDGE_CURVE('',#4638,#4696,#4700,.T.);
#4702=ORIENTED_EDGE('',*,*,#4701,.F.);
#4703=ORIENTED_EDGE('',*,*,#4658,.F.);
#4704=CARTESIAN_POINT('',(-0.625000000000000,2.766999999999985,-4.328000000000002));
#4705=VERTEX_POINT('',#4704);
#4706=CARTESIAN_POINT('',(-0.625000000000000,2.766999999999985,-4.328000000000002));
#4707=DIRECTION('',(1.0,0.0,0.0));
#4708=VECTOR('',#4707,0.064000000000000);
#4709=LINE('',#4706,#4708);
#4710=EDGE_CURVE('',#4705,#4647,#4709,.T.);
#4711=ORIENTED_EDGE('',*,*,#4710,.F.);
#4712=CARTESIAN_POINT('',(-0.625000000000000,2.766999999999985,-4.328000000000002));
#4713=DIRECTION('',(0.0,-1.0,0.0));
#4714=VECTOR('',#4713,5.500000000000001);
#4715=LINE('',#4712,#4714);
#4716=EDGE_CURVE('',#4705,#4696,#4715,.T.);
#4717=ORIENTED_EDGE('',*,*,#4716,.T.);
#4718=EDGE_LOOP('',(#4702,#4703,#4711,#4717));
#4719=FACE_OUTER_BOUND('',#4718,.T.);
#4720=ADVANCED_FACE('',(#4719),#4694,.T.);
#4721=CARTESIAN_POINT('',(-0.625000000000000,2.766999999999997,-4.328000000000002));
#4722=CARTESIAN_POINT('',(-0.625000000000000,2.766999999999997,-4.857000000000123));
#4723=CARTESIAN_POINT('',(-0.625000000000000,-2.733000000000016,-4.328000000000002));
#4724=CARTESIAN_POINT('',(-0.625000000000000,-2.733000000000016,-4.857000000000123));
#4725=B_SPLINE_SURFACE_WITH_KNOTS('',1,1,((#4721,#4723),(#4722,#4724)),.UNSPECIFIED.,.F.,.F.,.U.,(2,2),(2,2),(0.0,0.529000000000121),(0.0,5.500000000000012),.UNSPECIFIED.);
#4726=CARTESIAN_POINT('',(-0.625000000000000,-2.733000000000004,-4.857000000000123));
#4727=VERTEX_POINT('',#4726);
#4728=CARTESIAN_POINT('',(-0.625000000000000,-2.733000000000016,-4.328000000000122));
#4729=DIRECTION('',(0.0,0.0,-1.0));
#4730=VECTOR('',#4729,0.529000000000001);
#4731=LINE('',#4728,#4730);
#4732=EDGE_CURVE('',#4696,#4727,#4731,.T.);
#4733=ORIENTED_EDGE('',*,*,#4732,.F.);
#4734=ORIENTED_EDGE('',*,*,#4716,.F.);
#4735=CARTESIAN_POINT('',(-0.625000000000000,2.766999999999997,-4.857000000000002));
#4736=VERTEX_POINT('',#4735);
#4737=CARTESIAN_POINT('',(-0.625000000000000,2.766999999999997,-4.857000000000002));
#4738=DIRECTION('',(0.0,0.0,1.0));
#4739=VECTOR('',#4738,0.529000000000000);
#4740=LINE('',#4737,#4739);
#4741=EDGE_CURVE('',#4736,#4705,#4740,.T.);
#4742=ORIENTED_EDGE('',*,*,#4741,.F.);
#4743=CARTESIAN_POINT('',(-0.625000000000000,2.766999999999997,-4.857000000000002));
#4744=DIRECTION('',(0.0,-1.0,0.0));
#4745=VECTOR('',#4744,5.500000000000001);
#4746=LINE('',#4743,#4745);
#4747=EDGE_CURVE('',#4736,#4727,#4746,.T.);
#4748=ORIENTED_EDGE('',*,*,#4747,.T.);
#4749=EDGE_LOOP('',(#4733,#4734,#4742,#4748));
#4750=FACE_OUTER_BOUND('',#4749,.T.);
#4751=ORIENTED_EDGE('',*,*,#4193,.T.);
#4752=EDGE_LOOP('',(#4751));
#4753=FACE_BOUND('',#4752,.T.);
#4754=ORIENTED_EDGE('',*,*,#4221,.T.);
#4755=EDGE_LOOP('',(#4754));
#4756=FACE_BOUND('',#4755,.T.);
#4757=ORIENTED_EDGE('',*,*,#4249,.T.);
#4758=EDGE_LOOP('',(#4757));
#4759=FACE_BOUND('',#4758,.T.);
#4760=ORIENTED_EDGE('',*,*,#4277,.T.);
#4761=EDGE_LOOP('',(#4760));
#4762=FACE_BOUND('',#4761,.T.);
#4763=ORIENTED_EDGE('',*,*,#4305,.T.);
#4764=EDGE_LOOP('',(#4763));
#4765=FACE_BOUND('',#4764,.T.);
#4766=ORIENTED_EDGE('',*,*,#4333,.T.);
#4767=EDGE_LOOP('',(#4766));
#4768=FACE_BOUND('',#4767,.T.);
#4769=ORIENTED_EDGE('',*,*,#4361,.T.);
#4770=EDGE_LOOP('',(#4769));
#4771=FACE_BOUND('',#4770,.T.);
#4772=ORIENTED_EDGE('',*,*,#4389,.T.);
#4773=EDGE_LOOP('',(#4772));
#4774=FACE_BOUND('',#4773,.T.);
#4775=ORIENTED_EDGE('',*,*,#4417,.T.);
#4776=EDGE_LOOP('',(#4775));
#4777=FACE_BOUND('',#4776,.T.);
#4778=ADVANCED_FACE('',(#4750,#4753,#4756,#4759,#4762,#4765,#4768,#4771,#4774,#4777),#4725,.T.);
#4779=CARTESIAN_POINT('',(-0.529000000000000,2.766999999999997,-4.761000000000002));
#4780=CARTESIAN_POINT('',(-0.529000000000000,-2.733000000000009,-4.761000000000122));
#4781=CARTESIAN_POINT('',(-0.433000000000000,2.766999999999997,-4.761000000000002));
#4782=CARTESIAN_POINT('',(-0.433000000000000,-2.733000000000009,-4.761000000000122));
#4783=CARTESIAN_POINT('',(-0.433000000000000,2.766999999999999,-4.857000000000002));
#4784=CARTESIAN_POINT('',(-0.433000000000000,-2.733000000000007,-4.857000000000122));
#4785=CARTESIAN_POINT('',(-0.433000000000000,2.767000000000001,-4.953000000000002));
#4786=CARTESIAN_POINT('',(-0.433000000000000,-2.733000000000005,-4.953000000000122));
#4787=CARTESIAN_POINT('',(-0.529000000000000,2.767000000000001,-4.953000000000002));
#4788=CARTESIAN_POINT('',(-0.529000000000000,-2.733000000000005,-4.953000000000122));
#4789=CARTESIAN_POINT('',(-0.625000000000000,2.767000000000001,-4.953000000000002));
#4790=CARTESIAN_POINT('',(-0.625000000000000,-2.733000000000005,-4.953000000000122));
#4791=CARTESIAN_POINT('',(-0.625000000000000,2.766999999999999,-4.857000000000002));
#4792=CARTESIAN_POINT('',(-0.625000000000000,-2.733000000000007,-4.857000000000122));
#4793=CARTESIAN_POINT('',(-0.625000000000000,2.766999999999997,-4.761000000000002));
#4794=CARTESIAN_POINT('',(-0.625000000000000,-2.733000000000009,-4.761000000000122));
#4795=CARTESIAN_POINT('',(-0.529000000000000,2.766999999999997,-4.761000000000002));
#4796=CARTESIAN_POINT('',(-0.529000000000000,-2.733000000000009,-4.761000000000122));
#4804=(BOUNDED_SURFACE()B_SPLINE_SURFACE(1,2,((#4779,#4781,#4783,#4785,#4787,#4789,#4791,#4793,#4795),(#4780,#4782,#4784,#4786,#4788,#4790,#4792,#4794,#4796)),.UNSPECIFIED.,.F.,.T.,.U.)B_SPLINE_SURFACE_WITH_KNOTS((2,2),(3,2,2,2,3),(-2.312965E-014,57.291666666666700),(0.0,0.150796447372310,0.301592894744620,0.452389342116930,0.603185789489240),.UNSPECIFIED.)GEOMETRIC_REPRESENTATION_ITEM()RATIONAL_B_SPLINE_SURFACE(((1.0,0.707106781186548,1.0,0.707106781186548,1.0,0.707106781186548,1.0,0.707106781186548,1.0),(1.0,0.707106781186548,1.0,0.707106781186548,1.0,0.707106781186548,1.0,0.707106781186548,1.0)))REPRESENTATION_ITEM('')SURFACE());
#4805=CARTESIAN_POINT('',(-0.529000000000000,-2.733000000000002,-4.953000000000123));
#4806=VERTEX_POINT('',#4805);
#4807=CARTESIAN_POINT('',(-0.529000000000000,-2.733000000000004,-4.857000000000123));
#4808=DIRECTION('',(0.0,-1.0,0.0));
#4809=DIRECTION('',(0.0,0.0,-1.0));
#4810=AXIS2_PLACEMENT_3D('',#4807,#4808,#4809);
#4811=CIRCLE('',#4810,0.096000000000000);
#4812=EDGE_CURVE('',#4727,#4806,#4811,.T.);
#4813=ORIENTED_EDGE('',*,*,#4812,.F.);
#4814=ORIENTED_EDGE('',*,*,#4747,.F.);
#4815=CARTESIAN_POINT('',(-0.529000000000000,2.766999999999999,-4.953000000000002));
#4816=VERTEX_POINT('',#4815);
#4817=CARTESIAN_POINT('',(-0.529000000000000,2.766999999999997,-4.857000000000002));
#4818=DIRECTION('',(0.0,1.0,0.0));
#4819=DIRECTION('',(0.0,0.0,-1.0));
#4820=AXIS2_PLACEMENT_3D('',#4817,#4818,#4819);
#4821=CIRCLE('',#4820,0.096000000000000);
#4822=EDGE_CURVE('',#4816,#4736,#4821,.T.);
#4823=ORIENTED_EDGE('',*,*,#4822,.F.);
#4824=CARTESIAN_POINT('',(-0.529000000000000,2.766999999999999,-4.953000000000002));
#4825=DIRECTION('',(0.0,-1.0,0.0));
#4826=VECTOR('',#4825,5.500000000000000);
#4827=LINE('',#4824,#4826);
#4828=EDGE_CURVE('',#4816,#4806,#4827,.T.);
#4829=ORIENTED_EDGE('',*,*,#4828,.T.);
#4830=EDGE_LOOP('',(#4813,#4814,#4823,#4829));
#4831=FACE_OUTER_BOUND('',#4830,.T.);
#4832=ADVANCED_FACE('',(#4831),#4804,.T.);
#4833=CARTESIAN_POINT('',(-0.529000000000000,2.766999999999999,-4.953000000000002));
#4834=CARTESIAN_POINT('',(-0.096000000000000,2.766999999999999,-4.953000000000002));
#4835=CARTESIAN_POINT('',(-0.529000000000000,-2.733000000000002,-4.953000000000122));
#4836=CARTESIAN_POINT('',(-0.096000000000000,-2.733000000000002,-4.953000000000121));
#4837=B_SPLINE_SURFACE_WITH_KNOTS('',1,1,((#4833,#4835),(#4834,#4836)),.UNSPECIFIED.,.F.,.F.,.U.,(2,2),(2,2),(0.0,0.433000000000000),(0.0,5.500000000000001),.UNSPECIFIED.);
#4838=CARTESIAN_POINT('',(-0.096000000000000,-2.733000000000002,-4.953000000000123));
#4839=VERTEX_POINT('',#4838);
#4840=CARTESIAN_POINT('',(-0.529000000000000,-2.733000000000002,-4.953000000000123));
#4841=DIRECTION('',(1.0,0.0,0.0));
#4842=VECTOR('',#4841,0.433000000000000);
#4843=LINE('',#4840,#4842);
#4844=EDGE_CURVE('',#4806,#4839,#4843,.T.);
#4845=ORIENTED_EDGE('',*,*,#4844,.F.);
#4846=ORIENTED_EDGE('',*,*,#4828,.F.);
#4847=CARTESIAN_POINT('',(-0.096000000000000,2.766999999999999,-4.953000000000002));
#4848=VERTEX_POINT('',#4847);
#4849=CARTESIAN_POINT('',(-0.096000000000000,2.766999999999999,-4.953000000000002));
#4850=DIRECTION('',(-1.0,0.0,0.0));
#4851=VECTOR('',#4850,0.433000000000000);
#4852=LINE('',#4849,#4851);
#4853=EDGE_CURVE('',#4848,#4816,#4852,.T.);
#4854=ORIENTED_EDGE('',*,*,#4853,.F.);
#4855=CARTESIAN_POINT('',(-0.096000000000000,2.766999999999999,-4.953000000000002));
#4856=DIRECTION('',(0.0,-1.0,0.0));
#4857=VECTOR('',#4856,5.500000000000000);
#4858=LINE('',#4855,#4857);
#4859=EDGE_CURVE('',#4848,#4839,#4858,.T.);
#4860=ORIENTED_EDGE('',*,*,#4859,.T.);
#4861=EDGE_LOOP('',(#4845,#4846,#4854,#4860));
#4862=FACE_OUTER_BOUND('',#4861,.T.);
#4863=ORIENTED_EDGE('',*,*,#4445,.T.);
#4864=EDGE_LOOP('',(#4863));
#4865=FACE_BOUND('',#4864,.T.);
#4866=ORIENTED_EDGE('',*,*,#4473,.T.);
#4867=EDGE_LOOP('',(#4866));
#4868=FACE_BOUND('',#4867,.T.);
#4869=ADVANCED_FACE('',(#4862,#4865,#4868),#4837,.T.);
#4870=CARTESIAN_POINT('',(-0.192000000000000,2.766999999999999,-4.857000000000002));
#4871=CARTESIAN_POINT('',(-0.192000000000000,-2.733000000000007,-4.857000000000122));
#4872=CARTESIAN_POINT('',(-0.192000000000000,2.766999999999997,-4.761000000000002));
#4873=CARTESIAN_POINT('',(-0.192000000000000,-2.733000000000009,-4.761000000000122));
#4874=CARTESIAN_POINT('',(-0.096000000000000,2.766999999999997,-4.761000000000002));
#4875=CARTESIAN_POINT('',(-0.096000000000000,-2.733000000000009,-4.761000000000122));
#4876=CARTESIAN_POINT('',(-2.775558E-017,2.766999999999997,-4.761000000000002));
#4877=CARTESIAN_POINT('',(-2.775558E-017,-2.733000000000009,-4.761000000000122));
#4878=CARTESIAN_POINT('',(0.0,2.766999999999999,-4.857000000000002));
#4879=CARTESIAN_POINT('',(0.0,-2.733000000000007,-4.857000000000122));
#4880=CARTESIAN_POINT('',(-2.775558E-017,2.767000000000001,-4.953000000000002));
#4881=CARTESIAN_POINT('',(-2.775558E-017,-2.733000000000005,-4.953000000000122));
#4882=CARTESIAN_POINT('',(-0.096000000000000,2.767000000000001,-4.953000000000002));
#4883=CARTESIAN_POINT('',(-0.096000000000000,-2.733000000000005,-4.953000000000122));
#4884=CARTESIAN_POINT('',(-0.192000000000000,2.767000000000001,-4.953000000000002));
#4885=CARTESIAN_POINT('',(-0.192000000000000,-2.733000000000005,-4.953000000000122));
#4886=CARTESIAN_POINT('',(-0.192000000000000,2.766999999999999,-4.857000000000002));
#4887=CARTESIAN_POINT('',(-0.192000000000000,-2.733000000000007,-4.857000000000122));
#4895=(BOUNDED_SURFACE()B_SPLINE_SURFACE(1,2,((#4870,#4872,#4874,#4876,#4878,#4880,#4882,#4884,#4886),(#4871,#4873,#4875,#4877,#4879,#4881,#4883,#4885,#4887)),.UNSPECIFIED.,.F.,.T.,.U.)B_SPLINE_SURFACE_WITH_KNOTS((2,2),(3,2,2,2,3),(-2.312965E-014,57.291666666666700),(0.0,0.150796447372310,0.301592894744620,0.452389342116930,0.603185789489240),.UNSPECIFIED.)GEOMETRIC_REPRESENTATION_ITEM()RATIONAL_B_SPLINE_SURFACE(((1.0,0.707106781186548,1.0,0.707106781186548,1.0,0.707106781186548,1.0,0.707106781186548,1.0),(1.0,0.707106781186548,1.0,0.707106781186548,1.0,0.707106781186548,1.0,0.707106781186548,1.0)))REPRESENTATION_ITEM('')SURFACE());
#4896=CARTESIAN_POINT('',(0.0,-2.733000000000004,-4.857000000000123));
#4897=VERTEX_POINT('',#4896);
#4898=CARTESIAN_POINT('',(-0.096000000000000,-2.733000000000004,-4.857000000000123));
#4899=DIRECTION('',(0.0,-1.0,0.0));
#4900=DIRECTION('',(1.0,0.0,0.0));
#4901=AXIS2_PLACEMENT_3D('',#4898,#4899,#4900);
#4902=CIRCLE('',#4901,0.096000000000000);
#4903=EDGE_CURVE('',#4839,#4897,#4902,.T.);
#4904=ORIENTED_EDGE('',*,*,#4903,.F.);
#4905=ORIENTED_EDGE('',*,*,#4859,.F.);
#4906=CARTESIAN_POINT('',(0.0,2.766999999999997,-4.857000000000002));
#4907=VERTEX_POINT('',#4906);
#4908=CARTESIAN_POINT('',(-0.096000000000000,2.766999999999997,-4.857000000000002));
#4909=DIRECTION('',(0.0,1.0,0.0));
#4910=DIRECTION('',(1.0,0.0,0.0));
#4911=AXIS2_PLACEMENT_3D('',#4908,#4909,#4910);
#4912=CIRCLE('',#4911,0.096000000000000);
#4913=EDGE_CURVE('',#4907,#4848,#4912,.T.);
#4914=ORIENTED_EDGE('',*,*,#4913,.F.);
#4915=CARTESIAN_POINT('',(0.0,2.766999999999997,-4.857000000000002));
#4916=DIRECTION('',(0.0,-1.0,0.0));
#4917=VECTOR('',#4916,5.500000000000001);
#4918=LINE('',#4915,#4917);
#4919=EDGE_CURVE('',#4907,#4897,#4918,.T.);
#4920=ORIENTED_EDGE('',*,*,#4919,.T.);
#4921=EDGE_LOOP('',(#4904,#4905,#4914,#4920));
#4922=FACE_OUTER_BOUND('',#4921,.T.);
#4923=ADVANCED_FACE('',(#4922),#4895,.T.);
#4924=CARTESIAN_POINT('',(0.0,2.766999999999985,-4.328000000000002));
#4925=CARTESIAN_POINT('',(0.0,2.766999999999999,-4.953000000000002));
#4926=CARTESIAN_POINT('',(-0.625000000000000,2.766999999999985,-4.328000000000002));
#4927=CARTESIAN_POINT('',(-0.625000000000000,2.766999999999998,-4.953000000000002));
#4928=B_SPLINE_SURFACE_WITH_KNOTS('',1,1,((#4924,#4926),(#4925,#4927)),.UNSPECIFIED.,.F.,.F.,.U.,(2,2),(2,2),(0.0,0.625000000000000),(0.0,0.625000000000000),.UNSPECIFIED.);
#4929=ORIENTED_EDGE('',*,*,#4913,.T.);
#4930=ORIENTED_EDGE('',*,*,#4853,.T.);
#4931=ORIENTED_EDGE('',*,*,#4822,.T.);
#4932=ORIENTED_EDGE('',*,*,#4741,.T.);
#4933=ORIENTED_EDGE('',*,*,#4710,.T.);
#4934=ORIENTED_EDGE('',*,*,#4652,.T.);
#4935=ORIENTED_EDGE('',*,*,#4621,.T.);
#4936=ORIENTED_EDGE('',*,*,#4561,.T.);
#4937=ORIENTED_EDGE('',*,*,#4530,.T.);
#4938=CARTESIAN_POINT('',(0.0,2.766999999999997,-4.857000000000002));
#4939=DIRECTION('',(-1.0,0.0,0.0));
#4940=VECTOR('',#4939,0.064000000000000);
#4941=LINE('',#4938,#4940);
#4942=EDGE_CURVE('',#4907,#4516,#4941,.T.);
#4943=ORIENTED_EDGE('',*,*,#4942,.F.);
#4944=EDGE_LOOP('',(#4929,#4930,#4931,#4932,#4933,#4934,#4935,#4936,#4937,#4943));
#4945=FACE_OUTER_BOUND('',#4944,.T.);
#4946=ADVANCED_FACE('',(#4945),#4928,.T.);
#4947=CARTESIAN_POINT('',(0.0,-2.733000000000015,-4.328000000000122));
#4948=CARTESIAN_POINT('',(0.0,-2.733000000000001,-4.953000000000123));
#4949=CARTESIAN_POINT('',(-0.625000000000000,-2.733000000000015,-4.328000000000122));
#4950=CARTESIAN_POINT('',(-0.625000000000000,-2.733000000000002,-4.953000000000122));
#4951=B_SPLINE_SURFACE_WITH_KNOTS('',1,1,((#4947,#4949),(#4948,#4950)),.UNSPECIFIED.,.F.,.F.,.U.,(2,2),(2,2),(0.0,0.625000000000001),(0.0,0.625000000000000),.UNSPECIFIED.);
#4952=CARTESIAN_POINT('',(-0.064000000000000,-2.733000000000004,-4.857000000000123));
#4953=DIRECTION('',(1.0,0.0,0.0));
#4954=VECTOR('',#4953,0.064000000000000);
#4955=LINE('',#4952,#4954);
#4956=EDGE_CURVE('',#4505,#4897,#4955,.T.);
#4957=ORIENTED_EDGE('',*,*,#4956,.F.);
#4958=ORIENTED_EDGE('',*,*,#4513,.T.);
#4959=ORIENTED_EDGE('',*,*,#4552,.T.);
#4960=ORIENTED_EDGE('',*,*,#4611,.T.);
#4961=ORIENTED_EDGE('',*,*,#4643,.T.);
#4962=ORIENTED_EDGE('',*,*,#4701,.T.);
#4963=ORIENTED_EDGE('',*,*,#4732,.T.);
#4964=ORIENTED_EDGE('',*,*,#4812,.T.);
#4965=ORIENTED_EDGE('',*,*,#4844,.T.);
#4966=ORIENTED_EDGE('',*,*,#4903,.T.);
#4967=EDGE_LOOP('',(#4957,#4958,#4959,#4960,#4961,#4962,#4963,#4964,#4965,#4966));
#4968=FACE_OUTER_BOUND('',#4967,.T.);
#4969=ADVANCED_FACE('',(#4968),#4951,.F.);
#4970=CARTESIAN_POINT('',(0.0,-8.038952E-016,-4.856999999999999));
#4971=DIRECTION('',(0.0,0.0,-1.0));
#4972=DIRECTION('',(-1.0,0.0,0.0));
#4973=AXIS2_PLACEMENT_3D('',#4970,#4971,#4972);
#4974=PLANE('',#4973);
#4975=ORIENTED_EDGE('',*,*,#4956,.T.);
#4976=CARTESIAN_POINT('',(0.0,-2.796999999999998,-4.857000000000001));
#4977=VERTEX_POINT('',#4976);
#4978=CARTESIAN_POINT('',(0.0,-2.733000000000004,-4.857000000000123));
#4979=DIRECTION('',(0.0,-1.0,1.901257E-012));
#4980=VECTOR('',#4979,0.063999999999994);
#4981=LINE('',#4978,#4980);
#4982=EDGE_CURVE('',#4897,#4977,#4981,.T.);
#4983=ORIENTED_EDGE('',*,*,#4982,.T.);
#4984=CARTESIAN_POINT('',(-0.064000000000000,-2.796999999999998,-4.857000000000001));
#4985=VERTEX_POINT('',#4984);
#4986=CARTESIAN_POINT('',(0.0,-2.796999999999998,-4.857000000000001));
#4987=DIRECTION('',(-1.0,0.0,0.0));
#4988=VECTOR('',#4987,0.064000000000000);
#4989=LINE('',#4986,#4988);
#4990=EDGE_CURVE('',#4977,#4985,#4989,.T.);
#4991=ORIENTED_EDGE('',*,*,#4990,.T.);
#4992=CARTESIAN_POINT('',(-0.064000000000000,-2.796999999999998,-4.857000000000001));
#4993=DIRECTION('',(0.0,1.0,-1.901257E-012));
#4994=VECTOR('',#4993,0.063999999999994);
#4995=LINE('',#4992,#4994);
#4996=EDGE_CURVE('',#4985,#4505,#4995,.T.);
#4997=ORIENTED_EDGE('',*,*,#4996,.T.);
#4998=EDGE_LOOP('',(#4975,#4983,#4991,#4997));
#4999=FACE_OUTER_BOUND('',#4998,.T.);
#5000=ADVANCED_FACE('',(#4999),#4974,.T.);
#5001=CARTESIAN_POINT('',(0.0,-8.038952E-016,-4.856999999999999));
#5002=DIRECTION('',(0.0,0.0,-1.0));
#5003=DIRECTION('',(-1.0,0.0,0.0));
#5004=AXIS2_PLACEMENT_3D('',#5001,#5002,#5003);
#5005=PLANE('',#5004);
#5006=ORIENTED_EDGE('',*,*,#4942,.T.);
#5007=CARTESIAN_POINT('',(-0.064000000000000,2.796999999999998,-4.857000000000001));
#5008=VERTEX_POINT('',#5007);
#5009=CARTESIAN_POINT('',(-0.064000000000000,2.766999999999997,-4.857000000000002));
#5010=DIRECTION('',(0.0,1.0,0.0));
#5011=VECTOR('',#5010,0.030000000000001);
#5012=LINE('',#5009,#5011);
#5013=EDGE_CURVE('',#4516,#5008,#5012,.T.);
#5014=ORIENTED_EDGE('',*,*,#5013,.T.);
#5015=CARTESIAN_POINT('',(0.0,2.796999999999998,-4.857000000000001));
#5016=VERTEX_POINT('',#5015);
#5017=CARTESIAN_POINT('',(0.0,2.796999999999998,-4.857000000000001));
#5018=DIRECTION('',(-1.0,0.0,0.0));
#5019=VECTOR('',#5018,0.064000000000000);
#5020=LINE('',#5017,#5019);
#5021=EDGE_CURVE('',#5016,#5008,#5020,.T.);
#5022=ORIENTED_EDGE('',*,*,#5021,.F.);
#5023=CARTESIAN_POINT('',(0.0,2.796999999999998,-4.857000000000001));
#5024=DIRECTION('',(0.0,-1.0,0.0));
#5025=VECTOR('',#5024,0.030000000000001);
#5026=LINE('',#5023,#5025);
#5027=EDGE_CURVE('',#5016,#4907,#5026,.T.);
#5028=ORIENTED_EDGE('',*,*,#5027,.T.);
#5029=EDGE_LOOP('',(#5006,#5014,#5022,#5028));
#5030=FACE_OUTER_BOUND('',#5029,.T.);
#5031=ADVANCED_FACE('',(#5030),#5005,.T.);
#5032=CARTESIAN_POINT('',(-0.624999999999998,-2.483000000000013,4.407000000000117));
#5033=CARTESIAN_POINT('',(-0.561000000000000,-2.483000000000013,4.407000000000117));
#5034=CARTESIAN_POINT('',(-0.624999999999998,-2.592000000000013,4.407000000000119));
#5035=CARTESIAN_POINT('',(-0.561000000000000,-2.592000000000013,4.407000000000119));
#5036=CARTESIAN_POINT('',(-0.624999999999998,-2.592000000000011,4.516000000000119));
#5037=CARTESIAN_POINT('',(-0.561000000000000,-2.592000000000011,4.516000000000119));
#5038=CARTESIAN_POINT('',(-0.624999999999998,-2.592000000000009,4.625000000000119));
#5039=CARTESIAN_POINT('',(-0.561000000000000,-2.592000000000009,4.625000000000119));
#5040=CARTESIAN_POINT('',(-0.624999999999998,-2.483000000000009,4.625000000000117));
#5041=CARTESIAN_POINT('',(-0.561000000000000,-2.483000000000009,4.625000000000117));
#5042=CARTESIAN_POINT('',(-0.624999999999998,-2.374000000000009,4.625000000000116));
#5043=CARTESIAN_POINT('',(-0.561000000000000,-2.374000000000009,4.625000000000116));
#5044=CARTESIAN_POINT('',(-0.624999999999998,-2.374000000000011,4.516000000000116));
#5045=CARTESIAN_POINT('',(-0.561000000000000,-2.374000000000011,4.516000000000116));
#5046=CARTESIAN_POINT('',(-0.624999999999998,-2.374000000000013,4.407000000000116));
#5047=CARTESIAN_POINT('',(-0.561000000000000,-2.374000000000013,4.407000000000116));
#5048=CARTESIAN_POINT('',(-0.624999999999998,-2.483000000000013,4.407000000000117));
#5049=CARTESIAN_POINT('',(-0.561000000000000,-2.483000000000013,4.407000000000117));
#5057=(BOUNDED_SURFACE()B_SPLINE_SURFACE(1,2,((#5032,#5034,#5036,#5038,#5040,#5042,#5044,#5046,#5048),(#5033,#5035,#5037,#5039,#5041,#5043,#5045,#5047,#5049)),.UNSPECIFIED.,.F.,.T.,.U.)B_SPLINE_SURFACE_WITH_KNOTS((2,2),(3,2,2,2,3),(-108.379768923571750,-107.792612960269010),(0.0,0.171216799620644,0.342433599241287,0.513650398861931,0.684867198482575),.UNSPECIFIED.)GEOMETRIC_REPRESENTATION_ITEM()RATIONAL_B_SPLINE_SURFACE(((1.0,0.707106781186548,1.0,0.707106781186548,1.0,0.707106781186548,1.0,0.707106781186548,1.0),(1.0,0.707106781186548,1.0,0.707106781186548,1.0,0.707106781186548,1.0,0.707106781186548,1.0)))REPRESENTATION_ITEM('')SURFACE());
#5058=CARTESIAN_POINT('',(-0.561000000000000,-2.483000000000014,4.407000000000117));
#5059=VERTEX_POINT('',#5058);
#5060=CARTESIAN_POINT('',(-0.561000000000000,-2.483000000000011,4.516000000000117));
#5061=DIRECTION('',(-1.0,0.0,0.0));
#5062=DIRECTION('',(0.0,0.0,1.0));
#5063=AXIS2_PLACEMENT_3D('',#5060,#5061,#5062);
#5064=CIRCLE('',#5063,0.109000000000000);
#5065=EDGE_CURVE('',#5059,#5059,#5064,.T.);
#5066=ORIENTED_EDGE('',*,*,#5065,.F.);
#5067=EDGE_LOOP('',(#5066));
#5068=FACE_OUTER_BOUND('',#5067,.T.);
#5069=CARTESIAN_POINT('',(-0.625000000000000,-2.483000000000009,4.625000000000116));
#5070=VERTEX_POINT('',#5069);
#5071=CARTESIAN_POINT('',(-0.624999999999999,-2.483000000000011,4.516000000000117));
#5072=DIRECTION('',(1.0,0.0,0.0));
#5073=DIRECTION('',(0.0,0.0,1.0));
#5074=AXIS2_PLACEMENT_3D('',#5071,#5072,#5073);
#5075=CIRCLE('',#5074,0.109000000000000);
#5076=EDGE_CURVE('',#5070,#5070,#5075,.T.);
#5077=ORIENTED_EDGE('',*,*,#5076,.F.);
#5078=EDGE_LOOP('',(#5077));
#5079=FACE_BOUND('',#5078,.T.);
#5080=ADVANCED_FACE('',(#5068,#5079),#5057,.F.);
#5081=CARTESIAN_POINT('',(-0.624999999999998,-1.858000000000014,4.407000000000103));
#5082=CARTESIAN_POINT('',(-0.561000000000000,-1.858000000000014,4.407000000000103));
#5083=CARTESIAN_POINT('',(-0.624999999999998,-1.967000000000014,4.407000000000106));
#5084=CARTESIAN_POINT('',(-0.561000000000000,-1.967000000000014,4.407000000000106));
#5085=CARTESIAN_POINT('',(-0.624999999999998,-1.967000000000011,4.516000000000106));
#5086=CARTESIAN_POINT('',(-0.561000000000000,-1.967000000000011,4.516000000000106));
#5087=CARTESIAN_POINT('',(-0.624999999999998,-1.967000000000009,4.625000000000106));
#5088=CARTESIAN_POINT('',(-0.561000000000000,-1.967000000000009,4.625000000000106));
#5089=CARTESIAN_POINT('',(-0.624999999999998,-1.858000000000009,4.625000000000103));
#5090=CARTESIAN_POINT('',(-0.561000000000000,-1.858000000000009,4.625000000000103));
#5091=CARTESIAN_POINT('',(-0.624999999999998,-1.749000000000009,4.625000000000100));
#5092=CARTESIAN_POINT('',(-0.561000000000000,-1.749000000000009,4.625000000000100));
#5093=CARTESIAN_POINT('',(-0.624999999999998,-1.749000000000011,4.516000000000100));
#5094=CARTESIAN_POINT('',(-0.561000000000000,-1.749000000000011,4.516000000000100));
#5095=CARTESIAN_POINT('',(-0.624999999999998,-1.749000000000014,4.407000000000100));
#5096=CARTESIAN_POINT('',(-0.561000000000000,-1.749000000000014,4.407000000000100));
#5097=CARTESIAN_POINT('',(-0.624999999999998,-1.858000000000014,4.407000000000103));
#5098=CARTESIAN_POINT('',(-0.561000000000000,-1.858000000000014,4.407000000000103));
#5106=(BOUNDED_SURFACE()B_SPLINE_SURFACE(1,2,((#5081,#5083,#5085,#5087,#5089,#5091,#5093,#5095,#5097),(#5082,#5084,#5086,#5088,#5090,#5092,#5094,#5096,#5098)),.UNSPECIFIED.,.F.,.T.,.U.)B_SPLINE_SURFACE_WITH_KNOTS((2,2),(3,2,2,2,3),(-108.379768923571750,-107.792612960269010),(0.0,0.171216799620644,0.342433599241287,0.513650398861931,0.684867198482575),.UNSPECIFIED.)GEOMETRIC_REPRESENTATION_ITEM()RATIONAL_B_SPLINE_SURFACE(((1.0,0.707106781186548,1.0,0.707106781186548,1.0,0.707106781186548,1.0,0.707106781186548,1.0),(1.0,0.707106781186548,1.0,0.707106781186548,1.0,0.707106781186548,1.0,0.707106781186548,1.0)))REPRESENTATION_ITEM('')SURFACE());
#5107=CARTESIAN_POINT('',(-0.561000000000000,-1.858000000000014,4.407000000000103));
#5108=VERTEX_POINT('',#5107);
#5109=CARTESIAN_POINT('',(-0.561000000000000,-1.858000000000011,4.516000000000103));
#5110=DIRECTION('',(-1.0,0.0,0.0));
#5111=DIRECTION('',(0.0,0.0,1.0));
#5112=AXIS2_PLACEMENT_3D('',#5109,#5110,#5111);
#5113=CIRCLE('',#5112,0.109000000000000);
#5114=EDGE_CURVE('',#5108,#5108,#5113,.T.);
#5115=ORIENTED_EDGE('',*,*,#5114,.F.);
#5116=EDGE_LOOP('',(#5115));
#5117=FACE_OUTER_BOUND('',#5116,.T.);
#5118=CARTESIAN_POINT('',(-0.625000000000000,-1.858000000000009,4.625000000000102));
#5119=VERTEX_POINT('',#5118);
#5120=CARTESIAN_POINT('',(-0.624999999999999,-1.858000000000011,4.516000000000103));
#5121=DIRECTION('',(1.0,0.0,0.0));
#5122=DIRECTION('',(0.0,0.0,1.0));
#5123=AXIS2_PLACEMENT_3D('',#5120,#5121,#5122);
#5124=CIRCLE('',#5123,0.109000000000000);
#5125=EDGE_CURVE('',#5119,#5119,#5124,.T.);
#5126=ORIENTED_EDGE('',*,*,#5125,.F.);
#5127=EDGE_LOOP('',(#5126));
#5128=FACE_BOUND('',#5127,.T.);
#5129=ADVANCED_FACE('',(#5117,#5128),#5106,.F.);
#5130=CARTESIAN_POINT('',(-0.624999999999998,-1.233000000000013,4.407000000000090));
#5131=CARTESIAN_POINT('',(-0.561000000000000,-1.233000000000013,4.407000000000090));
#5132=CARTESIAN_POINT('',(-0.624999999999998,-1.342000000000013,4.407000000000092));
#5133=CARTESIAN_POINT('',(-0.561000000000000,-1.342000000000013,4.407000000000092));
#5134=CARTESIAN_POINT('',(-0.624999999999998,-1.342000000000011,4.516000000000092));
#5135=CARTESIAN_POINT('',(-0.561000000000000,-1.342000000000011,4.516000000000092));
#5136=CARTESIAN_POINT('',(-0.624999999999998,-1.342000000000009,4.625000000000092));
#5137=CARTESIAN_POINT('',(-0.561000000000000,-1.342000000000009,4.625000000000092));
#5138=CARTESIAN_POINT('',(-0.624999999999998,-1.233000000000009,4.625000000000090));
#5139=CARTESIAN_POINT('',(-0.561000000000000,-1.233000000000009,4.625000000000090));
#5140=CARTESIAN_POINT('',(-0.624999999999998,-1.124000000000009,4.625000000000087));
#5141=CARTESIAN_POINT('',(-0.561000000000000,-1.124000000000009,4.625000000000087));
#5142=CARTESIAN_POINT('',(-0.624999999999998,-1.124000000000011,4.516000000000087));
#5143=CARTESIAN_POINT('',(-0.561000000000000,-1.124000000000011,4.516000000000087));
#5144=CARTESIAN_POINT('',(-0.624999999999998,-1.124000000000013,4.407000000000087));
#5145=CARTESIAN_POINT('',(-0.561000000000000,-1.124000000000013,4.407000000000087));
#5146=CARTESIAN_POINT('',(-0.624999999999998,-1.233000000000013,4.407000000000090));
#5147=CARTESIAN_POINT('',(-0.561000000000000,-1.233000000000013,4.407000000000090));
#5155=(BOUNDED_SURFACE()B_SPLINE_SURFACE(1,2,((#5130,#5132,#5134,#5136,#5138,#5140,#5142,#5144,#5146),(#5131,#5133,#5135,#5137,#5139,#5141,#5143,#5145,#5147)),.UNSPECIFIED.,.F.,.T.,.U.)B_SPLINE_SURFACE_WITH_KNOTS((2,2),(3,2,2,2,3),(-108.379768923571750,-107.792612960269010),(0.0,0.171216799620644,0.342433599241287,0.513650398861931,0.684867198482575),.UNSPECIFIED.)GEOMETRIC_REPRESENTATION_ITEM()RATIONAL_B_SPLINE_SURFACE(((1.0,0.707106781186548,1.0,0.707106781186548,1.0,0.707106781186548,1.0,0.707106781186548,1.0),(1.0,0.707106781186548,1.0,0.707106781186548,1.0,0.707106781186548,1.0,0.707106781186548,1.0)))REPRESENTATION_ITEM('')SURFACE());
#5156=CARTESIAN_POINT('',(-0.561000000000000,-1.233000000000013,4.407000000000090));
#5157=VERTEX_POINT('',#5156);
#5158=CARTESIAN_POINT('',(-0.561000000000000,-1.233000000000011,4.516000000000090));
#5159=DIRECTION('',(-1.0,0.0,0.0));
#5160=DIRECTION('',(0.0,0.0,1.0));
#5161=AXIS2_PLACEMENT_3D('',#5158,#5159,#5160);
#5162=CIRCLE('',#5161,0.109000000000000);
#5163=EDGE_CURVE('',#5157,#5157,#5162,.T.);
#5164=ORIENTED_EDGE('',*,*,#5163,.F.);
#5165=EDGE_LOOP('',(#5164));
#5166=FACE_OUTER_BOUND('',#5165,.T.);
#5167=CARTESIAN_POINT('',(-0.625000000000000,-1.233000000000009,4.625000000000090));
#5168=VERTEX_POINT('',#5167);
#5169=CARTESIAN_POINT('',(-0.624999999999999,-1.233000000000011,4.516000000000090));
#5170=DIRECTION('',(1.0,0.0,0.0));
#5171=DIRECTION('',(0.0,0.0,1.0));
#5172=AXIS2_PLACEMENT_3D('',#5169,#5170,#5171);
#5173=CIRCLE('',#5172,0.109000000000000);
#5174=EDGE_CURVE('',#5168,#5168,#5173,.T.);
#5175=ORIENTED_EDGE('',*,*,#5174,.F.);
#5176=EDGE_LOOP('',(#5175));
#5177=FACE_BOUND('',#5176,.T.);
#5178=ADVANCED_FACE('',(#5166,#5177),#5155,.F.);
#5179=CARTESIAN_POINT('',(-0.624999999999998,-0.608000000000013,4.407000000000076));
#5180=CARTESIAN_POINT('',(-0.561000000000000,-0.608000000000013,4.407000000000076));
#5181=CARTESIAN_POINT('',(-0.624999999999998,-0.717000000000013,4.407000000000078));
#5182=CARTESIAN_POINT('',(-0.561000000000000,-0.717000000000013,4.407000000000078));
#5183=CARTESIAN_POINT('',(-0.624999999999998,-0.717000000000011,4.516000000000078));
#5184=CARTESIAN_POINT('',(-0.561000000000000,-0.717000000000011,4.516000000000078));
#5185=CARTESIAN_POINT('',(-0.624999999999998,-0.717000000000008,4.625000000000078));
#5186=CARTESIAN_POINT('',(-0.561000000000000,-0.717000000000008,4.625000000000078));
#5187=CARTESIAN_POINT('',(-0.624999999999998,-0.608000000000008,4.625000000000076));
#5188=CARTESIAN_POINT('',(-0.561000000000000,-0.608000000000008,4.625000000000076));
#5189=CARTESIAN_POINT('',(-0.624999999999998,-0.499000000000008,4.625000000000073));
#5190=CARTESIAN_POINT('',(-0.561000000000000,-0.499000000000008,4.625000000000073));
#5191=CARTESIAN_POINT('',(-0.624999999999998,-0.499000000000011,4.516000000000073));
#5192=CARTESIAN_POINT('',(-0.561000000000000,-0.499000000000011,4.516000000000073));
#5193=CARTESIAN_POINT('',(-0.624999999999998,-0.499000000000013,4.407000000000073));
#5194=CARTESIAN_POINT('',(-0.561000000000000,-0.499000000000013,4.407000000000073));
#5195=CARTESIAN_POINT('',(-0.624999999999998,-0.608000000000013,4.407000000000076));
#5196=CARTESIAN_POINT('',(-0.561000000000000,-0.608000000000013,4.407000000000076));
#5204=(BOUNDED_SURFACE()B_SPLINE_SURFACE(1,2,((#5179,#5181,#5183,#5185,#5187,#5189,#5191,#5193,#5195),(#5180,#5182,#5184,#5186,#5188,#5190,#5192,#5194,#5196)),.UNSPECIFIED.,.F.,.T.,.U.)B_SPLINE_SURFACE_WITH_KNOTS((2,2),(3,2,2,2,3),(-108.379768923571750,-107.792612960269010),(0.0,0.171216799620644,0.342433599241287,0.513650398861931,0.684867198482575),.UNSPECIFIED.)GEOMETRIC_REPRESENTATION_ITEM()RATIONAL_B_SPLINE_SURFACE(((1.0,0.707106781186548,1.0,0.707106781186548,1.0,0.707106781186548,1.0,0.707106781186548,1.0),(1.0,0.707106781186548,1.0,0.707106781186548,1.0,0.707106781186548,1.0,0.707106781186548,1.0)))REPRESENTATION_ITEM('')SURFACE());
#5205=CARTESIAN_POINT('',(-0.561000000000000,-0.608000000000013,4.407000000000076));
#5206=VERTEX_POINT('',#5205);
#5207=CARTESIAN_POINT('',(-0.561000000000000,-0.608000000000011,4.516000000000076));
#5208=DIRECTION('',(-1.0,0.0,0.0));
#5209=DIRECTION('',(0.0,0.0,1.0));
#5210=AXIS2_PLACEMENT_3D('',#5207,#5208,#5209);
#5211=CIRCLE('',#5210,0.109000000000000);
#5212=EDGE_CURVE('',#5206,#5206,#5211,.T.);
#5213=ORIENTED_EDGE('',*,*,#5212,.F.);
#5214=EDGE_LOOP('',(#5213));
#5215=FACE_OUTER_BOUND('',#5214,.T.);
#5216=CARTESIAN_POINT('',(-0.625000000000000,-0.608000000000009,4.625000000000076));
#5217=VERTEX_POINT('',#5216);
#5218=CARTESIAN_POINT('',(-0.624999999999999,-0.608000000000011,4.516000000000076));
#5219=DIRECTION('',(1.0,0.0,0.0));
#5220=DIRECTION('',(0.0,0.0,1.0));
#5221=AXIS2_PLACEMENT_3D('',#5218,#5219,#5220);
#5222=CIRCLE('',#5221,0.109000000000000);
#5223=EDGE_CURVE('',#5217,#5217,#5222,.T.);
#5224=ORIENTED_EDGE('',*,*,#5223,.F.);
#5225=EDGE_LOOP('',(#5224));
#5226=FACE_BOUND('',#5225,.T.);
#5227=ADVANCED_FACE('',(#5215,#5226),#5204,.F.);
#5228=CARTESIAN_POINT('',(-0.624999999999998,0.016999999999987,4.407000000000062));
#5229=CARTESIAN_POINT('',(-0.561000000000000,0.016999999999987,4.407000000000062));
#5230=CARTESIAN_POINT('',(-0.624999999999998,-0.092000000000013,4.407000000000065));
#5231=CARTESIAN_POINT('',(-0.561000000000000,-0.092000000000013,4.407000000000065));
#5232=CARTESIAN_POINT('',(-0.624999999999998,-0.092000000000011,4.516000000000065));
#5233=CARTESIAN_POINT('',(-0.561000000000000,-0.092000000000011,4.516000000000065));
#5234=CARTESIAN_POINT('',(-0.624999999999998,-0.092000000000008,4.625000000000065));
#5235=CARTESIAN_POINT('',(-0.561000000000000,-0.092000000000008,4.625000000000065));
#5236=CARTESIAN_POINT('',(-0.624999999999998,0.016999999999992,4.625000000000062));
#5237=CARTESIAN_POINT('',(-0.561000000000000,0.016999999999992,4.625000000000062));
#5238=CARTESIAN_POINT('',(-0.624999999999998,0.125999999999992,4.625000000000060));
#5239=CARTESIAN_POINT('',(-0.561000000000000,0.125999999999992,4.625000000000060));
#5240=CARTESIAN_POINT('',(-0.624999999999998,0.125999999999989,4.516000000000060));
#5241=CARTESIAN_POINT('',(-0.561000000000000,0.125999999999989,4.516000000000060));
#5242=CARTESIAN_POINT('',(-0.624999999999998,0.125999999999987,4.407000000000060));
#5243=CARTESIAN_POINT('',(-0.561000000000000,0.125999999999987,4.407000000000060));
#5244=CARTESIAN_POINT('',(-0.624999999999998,0.016999999999987,4.407000000000062));
#5245=CARTESIAN_POINT('',(-0.561000000000000,0.016999999999987,4.407000000000062));
#5253=(BOUNDED_SURFACE()B_SPLINE_SURFACE(1,2,((#5228,#5230,#5232,#5234,#5236,#5238,#5240,#5242,#5244),(#5229,#5231,#5233,#5235,#5237,#5239,#5241,#5243,#5245)),.UNSPECIFIED.,.F.,.T.,.U.)B_SPLINE_SURFACE_WITH_KNOTS((2,2),(3,2,2,2,3),(-108.379768923571750,-107.792612960269010),(0.0,0.171216799620644,0.342433599241287,0.513650398861931,0.684867198482575),.UNSPECIFIED.)GEOMETRIC_REPRESENTATION_ITEM()RATIONAL_B_SPLINE_SURFACE(((1.0,0.707106781186548,1.0,0.707106781186548,1.0,0.707106781186548,1.0,0.707106781186548,1.0),(1.0,0.707106781186548,1.0,0.707106781186548,1.0,0.707106781186548,1.0,0.707106781186548,1.0)))REPRESENTATION_ITEM('')SURFACE());
#5254=CARTESIAN_POINT('',(-0.561000000000000,0.016999999999987,4.407000000000062));
#5255=VERTEX_POINT('',#5254);
#5256=CARTESIAN_POINT('',(-0.561000000000000,0.016999999999989,4.516000000000062));
#5257=DIRECTION('',(-1.0,0.0,0.0));
#5258=DIRECTION('',(0.0,0.0,1.0));
#5259=AXIS2_PLACEMENT_3D('',#5256,#5257,#5258);
#5260=CIRCLE('',#5259,0.109000000000000);
#5261=EDGE_CURVE('',#5255,#5255,#5260,.T.);
#5262=ORIENTED_EDGE('',*,*,#5261,.F.);
#5263=EDGE_LOOP('',(#5262));
#5264=FACE_OUTER_BOUND('',#5263,.T.);
#5265=CARTESIAN_POINT('',(-0.625000000000000,0.016999999999992,4.625000000000062));
#5266=VERTEX_POINT('',#5265);
#5267=CARTESIAN_POINT('',(-0.624999999999999,0.016999999999989,4.516000000000062));
#5268=DIRECTION('',(1.0,0.0,0.0));
#5269=DIRECTION('',(0.0,0.0,1.0));
#5270=AXIS2_PLACEMENT_3D('',#5267,#5268,#5269);
#5271=CIRCLE('',#5270,0.109000000000000);
#5272=EDGE_CURVE('',#5266,#5266,#5271,.T.);
#5273=ORIENTED_EDGE('',*,*,#5272,.F.);
#5274=EDGE_LOOP('',(#5273));
#5275=FACE_BOUND('',#5274,.T.);
#5276=ADVANCED_FACE('',(#5264,#5275),#5253,.F.);
#5277=CARTESIAN_POINT('',(-0.624999999999998,0.641999999999987,4.407000000000049));
#5278=CARTESIAN_POINT('',(-0.561000000000000,0.641999999999987,4.407000000000049));
#5279=CARTESIAN_POINT('',(-0.624999999999998,0.532999999999987,4.407000000000052));
#5280=CARTESIAN_POINT('',(-0.561000000000000,0.532999999999987,4.407000000000052));
#5281=CARTESIAN_POINT('',(-0.624999999999998,0.532999999999989,4.516000000000052));
#5282=CARTESIAN_POINT('',(-0.561000000000000,0.532999999999989,4.516000000000052));
#5283=CARTESIAN_POINT('',(-0.624999999999998,0.532999999999992,4.625000000000052));
#5284=CARTESIAN_POINT('',(-0.561000000000000,0.532999999999992,4.625000000000052));
#5285=CARTESIAN_POINT('',(-0.624999999999998,0.641999999999992,4.625000000000049));
#5286=CARTESIAN_POINT('',(-0.561000000000000,0.641999999999992,4.625000000000049));
#5287=CARTESIAN_POINT('',(-0.624999999999998,0.750999999999992,4.625000000000046));
#5288=CARTESIAN_POINT('',(-0.561000000000000,0.750999999999992,4.625000000000046));
#5289=CARTESIAN_POINT('',(-0.624999999999998,0.750999999999989,4.516000000000046));
#5290=CARTESIAN_POINT('',(-0.561000000000000,0.750999999999989,4.516000000000046));
#5291=CARTESIAN_POINT('',(-0.624999999999998,0.750999999999987,4.407000000000046));
#5292=CARTESIAN_POINT('',(-0.561000000000000,0.750999999999987,4.407000000000046));
#5293=CARTESIAN_POINT('',(-0.624999999999998,0.641999999999987,4.407000000000049));
#5294=CARTESIAN_POINT('',(-0.561000000000000,0.641999999999987,4.407000000000049));
#5302=(BOUNDED_SURFACE()B_SPLINE_SURFACE(1,2,((#5277,#5279,#5281,#5283,#5285,#5287,#5289,#5291,#5293),(#5278,#5280,#5282,#5284,#5286,#5288,#5290,#5292,#5294)),.UNSPECIFIED.,.F.,.T.,.U.)B_SPLINE_SURFACE_WITH_KNOTS((2,2),(3,2,2,2,3),(-108.379768923571750,-107.792612960269010),(0.0,0.171216799620644,0.342433599241287,0.513650398861931,0.684867198482575),.UNSPECIFIED.)GEOMETRIC_REPRESENTATION_ITEM()RATIONAL_B_SPLINE_SURFACE(((1.0,0.707106781186548,1.0,0.707106781186548,1.0,0.707106781186548,1.0,0.707106781186548,1.0),(1.0,0.707106781186548,1.0,0.707106781186548,1.0,0.707106781186548,1.0,0.707106781186548,1.0)))REPRESENTATION_ITEM('')SURFACE());
#5303=CARTESIAN_POINT('',(-0.561000000000000,0.641999999999987,4.407000000000049));
#5304=VERTEX_POINT('',#5303);
#5305=CARTESIAN_POINT('',(-0.561000000000000,0.641999999999989,4.516000000000048));
#5306=DIRECTION('',(-1.0,0.0,0.0));
#5307=DIRECTION('',(0.0,0.0,1.0));
#5308=AXIS2_PLACEMENT_3D('',#5305,#5306,#5307);
#5309=CIRCLE('',#5308,0.109000000000000);
#5310=EDGE_CURVE('',#5304,#5304,#5309,.T.);
#5311=ORIENTED_EDGE('',*,*,#5310,.F.);
#5312=EDGE_LOOP('',(#5311));
#5313=FACE_OUTER_BOUND('',#5312,.T.);
#5314=CARTESIAN_POINT('',(-0.625000000000000,0.641999999999992,4.625000000000048));
#5315=VERTEX_POINT('',#5314);
#5316=CARTESIAN_POINT('',(-0.624999999999999,0.641999999999989,4.516000000000048));
#5317=DIRECTION('',(1.0,0.0,0.0));
#5318=DIRECTION('',(0.0,0.0,1.0));
#5319=AXIS2_PLACEMENT_3D('',#5316,#5317,#5318);
#5320=CIRCLE('',#5319,0.109000000000000);
#5321=EDGE_CURVE('',#5315,#5315,#5320,.T.);
#5322=ORIENTED_EDGE('',*,*,#5321,.F.);
#5323=EDGE_LOOP('',(#5322));
#5324=FACE_BOUND('',#5323,.T.);
#5325=ADVANCED_FACE('',(#5313,#5324),#5302,.F.);
#5326=CARTESIAN_POINT('',(-0.624999999999998,1.266999999999987,4.407000000000036));
#5327=CARTESIAN_POINT('',(-0.561000000000000,1.266999999999987,4.407000000000036));
#5328=CARTESIAN_POINT('',(-0.624999999999998,1.157999999999987,4.407000000000038));
#5329=CARTESIAN_POINT('',(-0.561000000000000,1.157999999999987,4.407000000000038));
#5330=CARTESIAN_POINT('',(-0.624999999999998,1.157999999999989,4.516000000000038));
#5331=CARTESIAN_POINT('',(-0.561000000000000,1.157999999999989,4.516000000000038));
#5332=CARTESIAN_POINT('',(-0.624999999999998,1.157999999999992,4.625000000000038));
#5333=CARTESIAN_POINT('',(-0.561000000000000,1.157999999999992,4.625000000000038));
#5334=CARTESIAN_POINT('',(-0.624999999999998,1.266999999999992,4.625000000000036));
#5335=CARTESIAN_POINT('',(-0.561000000000000,1.266999999999992,4.625000000000036));
#5336=CARTESIAN_POINT('',(-0.624999999999998,1.375999999999992,4.625000000000033));
#5337=CARTESIAN_POINT('',(-0.561000000000000,1.375999999999992,4.625000000000033));
#5338=CARTESIAN_POINT('',(-0.624999999999998,1.375999999999989,4.516000000000033));
#5339=CARTESIAN_POINT('',(-0.561000000000000,1.375999999999989,4.516000000000033));
#5340=CARTESIAN_POINT('',(-0.624999999999998,1.375999999999987,4.407000000000033));
#5341=CARTESIAN_POINT('',(-0.561000000000000,1.375999999999987,4.407000000000033));
#5342=CARTESIAN_POINT('',(-0.624999999999998,1.266999999999987,4.407000000000036));
#5343=CARTESIAN_POINT('',(-0.561000000000000,1.266999999999987,4.407000000000036));
#5351=(BOUNDED_SURFACE()B_SPLINE_SURFACE(1,2,((#5326,#5328,#5330,#5332,#5334,#5336,#5338,#5340,#5342),(#5327,#5329,#5331,#5333,#5335,#5337,#5339,#5341,#5343)),.UNSPECIFIED.,.F.,.T.,.U.)B_SPLINE_SURFACE_WITH_KNOTS((2,2),(3,2,2,2,3),(-108.379768923571750,-107.792612960269010),(0.0,0.171216799620644,0.342433599241287,0.513650398861931,0.684867198482575),.UNSPECIFIED.)GEOMETRIC_REPRESENTATION_ITEM()RATIONAL_B_SPLINE_SURFACE(((1.0,0.707106781186548,1.0,0.707106781186548,1.0,0.707106781186548,1.0,0.707106781186548,1.0),(1.0,0.707106781186548,1.0,0.707106781186548,1.0,0.707106781186548,1.0,0.707106781186548,1.0)))REPRESENTATION_ITEM('')SURFACE());
#5352=CARTESIAN_POINT('',(-0.561000000000000,1.266999999999987,4.407000000000036));
#5353=VERTEX_POINT('',#5352);
#5354=CARTESIAN_POINT('',(-0.561000000000000,1.266999999999989,4.516000000000035));
#5355=DIRECTION('',(-1.0,0.0,0.0));
#5356=DIRECTION('',(0.0,0.0,1.0));
#5357=AXIS2_PLACEMENT_3D('',#5354,#5355,#5356);
#5358=CIRCLE('',#5357,0.109000000000000);
#5359=EDGE_CURVE('',#5353,#5353,#5358,.T.);
#5360=ORIENTED_EDGE('',*,*,#5359,.F.);
#5361=EDGE_LOOP('',(#5360));
#5362=FACE_OUTER_BOUND('',#5361,.T.);
#5363=CARTESIAN_POINT('',(-0.625000000000000,1.266999999999992,4.625000000000035));
#5364=VERTEX_POINT('',#5363);
#5365=CARTESIAN_POINT('',(-0.624999999999999,1.266999999999989,4.516000000000035));
#5366=DIRECTION('',(1.0,0.0,0.0));
#5367=DIRECTION('',(0.0,0.0,1.0));
#5368=AXIS2_PLACEMENT_3D('',#5365,#5366,#5367);
#5369=CIRCLE('',#5368,0.109000000000000);
#5370=EDGE_CURVE('',#5364,#5364,#5369,.T.);
#5371=ORIENTED_EDGE('',*,*,#5370,.F.);
#5372=EDGE_LOOP('',(#5371));
#5373=FACE_BOUND('',#5372,.T.);
#5374=ADVANCED_FACE('',(#5362,#5373),#5351,.F.);
#5375=CARTESIAN_POINT('',(-0.624999999999998,1.891999999999987,4.407000000000021));
#5376=CARTESIAN_POINT('',(-0.561000000000000,1.891999999999987,4.407000000000021));
#5377=CARTESIAN_POINT('',(-0.624999999999998,1.782999999999987,4.407000000000024));
#5378=CARTESIAN_POINT('',(-0.561000000000000,1.782999999999987,4.407000000000024));
#5379=CARTESIAN_POINT('',(-0.624999999999998,1.782999999999989,4.516000000000024));
#5380=CARTESIAN_POINT('',(-0.561000000000000,1.782999999999989,4.516000000000024));
#5381=CARTESIAN_POINT('',(-0.624999999999998,1.782999999999992,4.625000000000024));
#5382=CARTESIAN_POINT('',(-0.561000000000000,1.782999999999992,4.625000000000024));
#5383=CARTESIAN_POINT('',(-0.624999999999998,1.891999999999992,4.625000000000021));
#5384=CARTESIAN_POINT('',(-0.561000000000000,1.891999999999992,4.625000000000021));
#5385=CARTESIAN_POINT('',(-0.624999999999998,2.000999999999992,4.625000000000019));
#5386=CARTESIAN_POINT('',(-0.561000000000000,2.000999999999992,4.625000000000019));
#5387=CARTESIAN_POINT('',(-0.624999999999998,2.000999999999989,4.516000000000019));
#5388=CARTESIAN_POINT('',(-0.561000000000000,2.000999999999989,4.516000000000019));
#5389=CARTESIAN_POINT('',(-0.624999999999998,2.000999999999987,4.407000000000019));
#5390=CARTESIAN_POINT('',(-0.561000000000000,2.000999999999987,4.407000000000019));
#5391=CARTESIAN_POINT('',(-0.624999999999998,1.891999999999987,4.407000000000021));
#5392=CARTESIAN_POINT('',(-0.561000000000000,1.891999999999987,4.407000000000021));
#5400=(BOUNDED_SURFACE()B_SPLINE_SURFACE(1,2,((#5375,#5377,#5379,#5381,#5383,#5385,#5387,#5389,#5391),(#5376,#5378,#5380,#5382,#5384,#5386,#5388,#5390,#5392)),.UNSPECIFIED.,.F.,.T.,.U.)B_SPLINE_SURFACE_WITH_KNOTS((2,2),(3,2,2,2,3),(-108.379768923571750,-107.792612960269010),(0.0,0.171216799620644,0.342433599241287,0.513650398861931,0.684867198482575),.UNSPECIFIED.)GEOMETRIC_REPRESENTATION_ITEM()RATIONAL_B_SPLINE_SURFACE(((1.0,0.707106781186548,1.0,0.707106781186548,1.0,0.707106781186548,1.0,0.707106781186548,1.0),(1.0,0.707106781186548,1.0,0.707106781186548,1.0,0.707106781186548,1.0,0.707106781186548,1.0)))REPRESENTATION_ITEM('')SURFACE());
#5401=CARTESIAN_POINT('',(-0.561000000000000,1.891999999999987,4.407000000000021));
#5402=VERTEX_POINT('',#5401);
#5403=CARTESIAN_POINT('',(-0.561000000000000,1.891999999999989,4.516000000000021));
#5404=DIRECTION('',(-1.0,0.0,0.0));
#5405=DIRECTION('',(0.0,0.0,1.0));
#5406=AXIS2_PLACEMENT_3D('',#5403,#5404,#5405);
#5407=CIRCLE('',#5406,0.109000000000000);
#5408=EDGE_CURVE('',#5402,#5402,#5407,.T.);
#5409=ORIENTED_EDGE('',*,*,#5408,.F.);
#5410=EDGE_LOOP('',(#5409));
#5411=FACE_OUTER_BOUND('',#5410,.T.);
#5412=CARTESIAN_POINT('',(-0.625000000000000,1.891999999999992,4.625000000000020));
#5413=VERTEX_POINT('',#5412);
#5414=CARTESIAN_POINT('',(-0.624999999999999,1.891999999999989,4.516000000000021));
#5415=DIRECTION('',(1.0,0.0,0.0));
#5416=DIRECTION('',(0.0,0.0,1.0));
#5417=AXIS2_PLACEMENT_3D('',#5414,#5415,#5416);
#5418=CIRCLE('',#5417,0.109000000000000);
#5419=EDGE_CURVE('',#5413,#5413,#5418,.T.);
#5420=ORIENTED_EDGE('',*,*,#5419,.F.);
#5421=EDGE_LOOP('',(#5420));
#5422=FACE_BOUND('',#5421,.T.);
#5423=ADVANCED_FACE('',(#5411,#5422),#5400,.F.);
#5424=CARTESIAN_POINT('',(-0.624999999999998,2.516999999999987,4.407000000000008));
#5425=CARTESIAN_POINT('',(-0.561000000000000,2.516999999999987,4.407000000000008));
#5426=CARTESIAN_POINT('',(-0.624999999999998,2.407999999999987,4.407000000000010));
#5427=CARTESIAN_POINT('',(-0.561000000000000,2.407999999999987,4.407000000000010));
#5428=CARTESIAN_POINT('',(-0.624999999999998,2.407999999999989,4.516000000000011));
#5429=CARTESIAN_POINT('',(-0.561000000000000,2.407999999999989,4.516000000000011));
#5430=CARTESIAN_POINT('',(-0.624999999999998,2.407999999999992,4.625000000000010));
#5431=CARTESIAN_POINT('',(-0.561000000000000,2.407999999999992,4.625000000000010));
#5432=CARTESIAN_POINT('',(-0.624999999999998,2.516999999999992,4.625000000000008));
#5433=CARTESIAN_POINT('',(-0.561000000000000,2.516999999999992,4.625000000000008));
#5434=CARTESIAN_POINT('',(-0.624999999999998,2.625999999999992,4.625000000000006));
#5435=CARTESIAN_POINT('',(-0.561000000000000,2.625999999999992,4.625000000000006));
#5436=CARTESIAN_POINT('',(-0.624999999999998,2.625999999999989,4.516000000000005));
#5437=CARTESIAN_POINT('',(-0.561000000000000,2.625999999999989,4.516000000000005));
#5438=CARTESIAN_POINT('',(-0.624999999999998,2.625999999999987,4.407000000000006));
#5439=CARTESIAN_POINT('',(-0.561000000000000,2.625999999999987,4.407000000000006));
#5440=CARTESIAN_POINT('',(-0.624999999999998,2.516999999999987,4.407000000000008));
#5441=CARTESIAN_POINT('',(-0.561000000000000,2.516999999999987,4.407000000000008));
#5449=(BOUNDED_SURFACE()B_SPLINE_SURFACE(1,2,((#5424,#5426,#5428,#5430,#5432,#5434,#5436,#5438,#5440),(#5425,#5427,#5429,#5431,#5433,#5435,#5437,#5439,#5441)),.UNSPECIFIED.,.F.,.T.,.U.)B_SPLINE_SURFACE_WITH_KNOTS((2,2),(3,2,2,2,3),(-108.379768923571750,-107.792612960269010),(0.0,0.171216799620644,0.342433599241287,0.513650398861931,0.684867198482575),.UNSPECIFIED.)GEOMETRIC_REPRESENTATION_ITEM()RATIONAL_B_SPLINE_SURFACE(((1.0,0.707106781186548,1.0,0.707106781186548,1.0,0.707106781186548,1.0,0.707106781186548,1.0),(1.0,0.707106781186548,1.0,0.707106781186548,1.0,0.707106781186548,1.0,0.707106781186548,1.0)))REPRESENTATION_ITEM('')SURFACE());
#5450=CARTESIAN_POINT('',(-0.561000000000000,2.516999999999987,4.407000000000008));
#5451=VERTEX_POINT('',#5450);
#5452=CARTESIAN_POINT('',(-0.561000000000000,2.516999999999989,4.516000000000008));
#5453=DIRECTION('',(-1.0,0.0,0.0));
#5454=DIRECTION('',(0.0,0.0,1.0));
#5455=AXIS2_PLACEMENT_3D('',#5452,#5453,#5454);
#5456=CIRCLE('',#5455,0.109000000000000);
#5457=EDGE_CURVE('',#5451,#5451,#5456,.T.);
#5458=ORIENTED_EDGE('',*,*,#5457,.F.);
#5459=EDGE_LOOP('',(#5458));
#5460=FACE_OUTER_BOUND('',#5459,.T.);
#5461=CARTESIAN_POINT('',(-0.625000000000000,2.516999999999992,4.625000000000007));
#5462=VERTEX_POINT('',#5461);
#5463=CARTESIAN_POINT('',(-0.624999999999999,2.516999999999989,4.516000000000008));
#5464=DIRECTION('',(1.0,0.0,0.0));
#5465=DIRECTION('',(0.0,0.0,1.0));
#5466=AXIS2_PLACEMENT_3D('',#5463,#5464,#5465);
#5467=CIRCLE('',#5466,0.109000000000000);
#5468=EDGE_CURVE('',#5462,#5462,#5467,.T.);
#5469=ORIENTED_EDGE('',*,*,#5468,.F.);
#5470=EDGE_LOOP('',(#5469));
#5471=FACE_BOUND('',#5470,.T.);
#5472=ADVANCED_FACE('',(#5460,#5471),#5449,.F.);
#5473=CARTESIAN_POINT('',(0.0,-1.595399E-015,-1.639109E-017));
#5474=DIRECTION('',(1.0,0.0,0.0));
#5475=DIRECTION('',(0.0,0.0,-1.0));
#5476=AXIS2_PLACEMENT_3D('',#5473,#5474,#5475);
#5477=PLANE('',#5476);
#5478=CARTESIAN_POINT('',(0.0,-2.796999999999999,4.857000000000001));
#5479=VERTEX_POINT('',#5478);
#5480=CARTESIAN_POINT('',(0.0,-2.733000000000004,4.857000000000123));
#5481=VERTEX_POINT('',#5480);
#5482=CARTESIAN_POINT('',(0.0,-2.796999999999999,4.857000000000001));
#5483=DIRECTION('',(0.0,1.0,1.901257E-012));
#5484=VECTOR('',#5483,0.063999999999995);
#5485=LINE('',#5482,#5484);
#5486=EDGE_CURVE('',#5479,#5481,#5485,.T.);
#5487=ORIENTED_EDGE('',*,*,#5486,.F.);
#5488=CARTESIAN_POINT('',(0.0,-2.796999999999999,4.953000000000001));
#5489=VERTEX_POINT('',#5488);
#5490=CARTESIAN_POINT('',(0.0,-2.796999999999999,4.953000000000001));
#5491=DIRECTION('',(0.0,0.0,-1.0));
#5492=VECTOR('',#5491,0.096000000000000);
#5493=LINE('',#5490,#5492);
#5494=EDGE_CURVE('',#5489,#5479,#5493,.T.);
#5495=ORIENTED_EDGE('',*,*,#5494,.F.);
#5496=CARTESIAN_POINT('',(0.0,-3.203000000000000,4.547000000000000));
#5497=VERTEX_POINT('',#5496);
#5498=CARTESIAN_POINT('',(0.0,-2.797000000000001,4.547000000000000));
#5499=DIRECTION('',(-1.0,0.0,0.0));
#5500=DIRECTION('',(0.0,0.0,-1.0));
#5501=AXIS2_PLACEMENT_3D('',#5498,#5499,#5500);
#5502=CIRCLE('',#5501,0.406000000000000);
#5503=EDGE_CURVE('',#5497,#5489,#5502,.T.);
#5504=ORIENTED_EDGE('',*,*,#5503,.F.);
#5505=CARTESIAN_POINT('',(0.0,-3.202999999999999,-4.547000000000000));
#5506=VERTEX_POINT('',#5505);
#5507=CARTESIAN_POINT('',(0.0,-3.202999999999999,-4.547000000000000));
#5508=DIRECTION('',(0.0,0.0,1.0));
#5509=VECTOR('',#5508,9.093999999999999);
#5510=LINE('',#5507,#5509);
#5511=EDGE_CURVE('',#5506,#5497,#5510,.T.);
#5512=ORIENTED_EDGE('',*,*,#5511,.F.);
#5513=CARTESIAN_POINT('',(0.0,-2.796999999999998,-4.953000000000001));
#5514=VERTEX_POINT('',#5513);
#5515=CARTESIAN_POINT('',(0.0,-2.797000000000000,-4.547000000000000));
#5516=DIRECTION('',(-1.0,0.0,0.0));
#5517=DIRECTION('',(0.0,1.0,0.0));
#5518=AXIS2_PLACEMENT_3D('',#5515,#5516,#5517);
#5519=CIRCLE('',#5518,0.406000000000000);
#5520=EDGE_CURVE('',#5514,#5506,#5519,.T.);
#5521=ORIENTED_EDGE('',*,*,#5520,.F.);
#5522=CARTESIAN_POINT('',(0.0,-2.796999999999998,-4.857000000000001));
#5523=DIRECTION('',(0.0,0.0,-1.0));
#5524=VECTOR('',#5523,0.096000000000000);
#5525=LINE('',#5522,#5524);
#5526=EDGE_CURVE('',#4977,#5514,#5525,.T.);
#5527=ORIENTED_EDGE('',*,*,#5526,.F.);
#5528=ORIENTED_EDGE('',*,*,#4982,.F.);
#5529=ORIENTED_EDGE('',*,*,#4919,.F.);
#5530=ORIENTED_EDGE('',*,*,#5027,.F.);
#5531=CARTESIAN_POINT('',(0.0,2.796999999999999,-4.953000000000001));
#5532=VERTEX_POINT('',#5531);
#5533=CARTESIAN_POINT('',(0.0,2.796999999999999,-4.953000000000001));
#5534=DIRECTION('',(0.0,0.0,1.0));
#5535=VECTOR('',#5534,0.096000000000000);
#5536=LINE('',#5533,#5535);
#5537=EDGE_CURVE('',#5532,#5016,#5536,.T.);
#5538=ORIENTED_EDGE('',*,*,#5537,.F.);
#5539=CARTESIAN_POINT('',(0.0,3.202999999999998,-4.547000000000002));
#5540=VERTEX_POINT('',#5539);
#5541=CARTESIAN_POINT('',(0.0,2.796999999999999,-4.547000000000000));
#5542=DIRECTION('',(-1.0,0.0,0.0));
#5543=DIRECTION('',(0.0,0.0,1.0));
#5544=AXIS2_PLACEMENT_3D('',#5541,#5542,#5543);
#5545=CIRCLE('',#5544,0.406000000000000);
#5546=EDGE_CURVE('',#5540,#5532,#5545,.T.);
#5547=ORIENTED_EDGE('',*,*,#5546,.F.);
#5548=CARTESIAN_POINT('',(0.0,3.202999999999997,4.547000000000002));
#5549=VERTEX_POINT('',#5548);
#5550=CARTESIAN_POINT('',(0.0,3.202999999999997,4.547000000000002));
#5551=DIRECTION('',(0.0,0.0,-1.0));
#5552=VECTOR('',#5551,9.094000000000003);
#5553=LINE('',#5550,#5552);
#5554=EDGE_CURVE('',#5549,#5540,#5553,.T.);
#5555=ORIENTED_EDGE('',*,*,#5554,.F.);
#5556=CARTESIAN_POINT('',(0.0,2.796999999999999,4.953000000000001));
#5557=VERTEX_POINT('',#5556);
#5558=CARTESIAN_POINT('',(0.0,2.796999999999999,4.547000000000000));
#5559=DIRECTION('',(-1.0,0.0,0.0));
#5560=DIRECTION('',(0.0,-1.0,0.0));
#5561=AXIS2_PLACEMENT_3D('',#5558,#5559,#5560);
#5562=CIRCLE('',#5561,0.406000000000000);
#5563=EDGE_CURVE('',#5557,#5549,#5562,.T.);
#5564=ORIENTED_EDGE('',*,*,#5563,.F.);
#5565=CARTESIAN_POINT('',(0.0,2.796999999999997,4.857000000000001));
#5566=VERTEX_POINT('',#5565);
#5567=CARTESIAN_POINT('',(0.0,2.796999999999997,4.857000000000001));
#5568=DIRECTION('',(0.0,0.0,1.0));
#5569=VECTOR('',#5568,0.096000000000000);
#5570=LINE('',#5567,#5569);
#5571=EDGE_CURVE('',#5566,#5557,#5570,.T.);
#5572=ORIENTED_EDGE('',*,*,#5571,.F.);
#5573=CARTESIAN_POINT('',(0.0,2.766999999999997,4.857000000000002));
#5574=VERTEX_POINT('',#5573);
#5575=CARTESIAN_POINT('',(0.0,2.766999999999997,4.857000000000002));
#5576=DIRECTION('',(0.0,1.0,0.0));
#5577=VECTOR('',#5576,0.030000000000000);
#5578=LINE('',#5575,#5577);
#5579=EDGE_CURVE('',#5574,#5566,#5578,.T.);
#5580=ORIENTED_EDGE('',*,*,#5579,.F.);
#5581=CARTESIAN_POINT('',(0.0,-2.733000000000004,4.857000000000123));
#5582=DIRECTION('',(0.0,1.0,0.0));
#5583=VECTOR('',#5582,5.500000000000001);
#5584=LINE('',#5581,#5583);
#5585=EDGE_CURVE('',#5481,#5574,#5584,.T.);
#5586=ORIENTED_EDGE('',*,*,#5585,.F.);
#5587=EDGE_LOOP('',(#5487,#5495,#5504,#5512,#5521,#5527,#5528,#5529,#5530,#5538,#5547,#5555,#5564,#5572,#5580,#5586));
#5588=FACE_OUTER_BOUND('',#5587,.T.);
#5589=ORIENTED_EDGE('',*,*,#105,.T.);
#5590=ORIENTED_EDGE('',*,*,#141,.T.);
#5591=ORIENTED_EDGE('',*,*,#174,.T.);
#5592=ORIENTED_EDGE('',*,*,#196,.T.);
#5593=EDGE_LOOP('',(#5589,#5590,#5591,#5592));
#5594=FACE_BOUND('',#5593,.T.);
#5595=ORIENTED_EDGE('',*,*,#231,.T.);
#5596=ORIENTED_EDGE('',*,*,#324,.T.);
#5597=ORIENTED_EDGE('',*,*,#295,.T.);
#5598=ORIENTED_EDGE('',*,*,#264,.T.);
#5599=EDGE_LOOP('',(#5595,#5596,#5597,#5598));
#5600=FACE_BOUND('',#5599,.T.);
#5601=ORIENTED_EDGE('',*,*,#361,.T.);
#5602=ORIENTED_EDGE('',*,*,#397,.T.);
#5603=ORIENTED_EDGE('',*,*,#430,.T.);
#5604=ORIENTED_EDGE('',*,*,#452,.T.);
#5605=EDGE_LOOP('',(#5601,#5602,#5603,#5604));
#5606=FACE_BOUND('',#5605,.T.);
#5607=ORIENTED_EDGE('',*,*,#487,.T.);
#5608=ORIENTED_EDGE('',*,*,#580,.T.);
#5609=ORIENTED_EDGE('',*,*,#551,.T.);
#5610=ORIENTED_EDGE('',*,*,#520,.T.);
#5611=EDGE_LOOP('',(#5607,#5608,#5609,#5610));
#5612=FACE_BOUND('',#5611,.T.);
#5613=ORIENTED_EDGE('',*,*,#617,.T.);
#5614=ORIENTED_EDGE('',*,*,#653,.T.);
#5615=ORIENTED_EDGE('',*,*,#686,.T.);
#5616=ORIENTED_EDGE('',*,*,#708,.T.);
#5617=EDGE_LOOP('',(#5613,#5614,#5615,#5616));
#5618=FACE_BOUND('',#5617,.T.);
#5619=ORIENTED_EDGE('',*,*,#743,.T.);
#5620=ORIENTED_EDGE('',*,*,#836,.T.);
#5621=ORIENTED_EDGE('',*,*,#807,.T.);
#5622=ORIENTED_EDGE('',*,*,#776,.T.);
#5623=EDGE_LOOP('',(#5619,#5620,#5621,#5622));
#5624=FACE_BOUND('',#5623,.T.);
#5625=ORIENTED_EDGE('',*,*,#873,.T.);
#5626=ORIENTED_EDGE('',*,*,#909,.T.);
#5627=ORIENTED_EDGE('',*,*,#942,.T.);
#5628=ORIENTED_EDGE('',*,*,#964,.T.);
#5629=EDGE_LOOP('',(#5625,#5626,#5627,#5628));
#5630=FACE_BOUND('',#5629,.T.);
#5631=ORIENTED_EDGE('',*,*,#999,.T.);
#5632=ORIENTED_EDGE('',*,*,#1092,.T.);
#5633=ORIENTED_EDGE('',*,*,#1063,.T.);
#5634=ORIENTED_EDGE('',*,*,#1032,.T.);
#5635=EDGE_LOOP('',(#5631,#5632,#5633,#5634));
#5636=FACE_BOUND('',#5635,.T.);
#5637=ORIENTED_EDGE('',*,*,#1127,.T.);
#5638=ORIENTED_EDGE('',*,*,#1220,.T.);
#5639=ORIENTED_EDGE('',*,*,#1191,.T.);
#5640=ORIENTED_EDGE('',*,*,#1160,.T.);
#5641=EDGE_LOOP('',(#5637,#5638,#5639,#5640));
#5642=FACE_BOUND('',#5641,.T.);
#5643=ORIENTED_EDGE('',*,*,#1257,.T.);
#5644=ORIENTED_EDGE('',*,*,#1293,.T.);
#5645=ORIENTED_EDGE('',*,*,#1326,.T.);
#5646=ORIENTED_EDGE('',*,*,#1348,.T.);
#5647=EDGE_LOOP('',(#5643,#5644,#5645,#5646));
#5648=FACE_BOUND('',#5647,.T.);
#5649=ORIENTED_EDGE('',*,*,#1383,.T.);
#5650=ORIENTED_EDGE('',*,*,#1476,.T.);
#5651=ORIENTED_EDGE('',*,*,#1447,.T.);
#5652=ORIENTED_EDGE('',*,*,#1416,.T.);
#5653=EDGE_LOOP('',(#5649,#5650,#5651,#5652));
#5654=FACE_BOUND('',#5653,.T.);
#5655=ORIENTED_EDGE('',*,*,#1513,.T.);
#5656=ORIENTED_EDGE('',*,*,#1549,.T.);
#5657=ORIENTED_EDGE('',*,*,#1582,.T.);
#5658=ORIENTED_EDGE('',*,*,#1604,.T.);
#5659=EDGE_LOOP('',(#5655,#5656,#5657,#5658));
#5660=FACE_BOUND('',#5659,.T.);
#5661=ORIENTED_EDGE('',*,*,#1639,.T.);
#5662=ORIENTED_EDGE('',*,*,#1732,.T.);
#5663=ORIENTED_EDGE('',*,*,#1703,.T.);
#5664=ORIENTED_EDGE('',*,*,#1672,.T.);
#5665=EDGE_LOOP('',(#5661,#5662,#5663,#5664));
#5666=FACE_BOUND('',#5665,.T.);
#5667=ORIENTED_EDGE('',*,*,#1769,.T.);
#5668=ORIENTED_EDGE('',*,*,#1805,.T.);
#5669=ORIENTED_EDGE('',*,*,#1838,.T.);
#5670=ORIENTED_EDGE('',*,*,#1860,.T.);
#5671=EDGE_LOOP('',(#5667,#5668,#5669,#5670));
#5672=FACE_BOUND('',#5671,.T.);
#5673=ORIENTED_EDGE('',*,*,#1895,.T.);
#5674=ORIENTED_EDGE('',*,*,#1988,.T.);
#5675=ORIENTED_EDGE('',*,*,#1959,.T.);
#5676=ORIENTED_EDGE('',*,*,#1928,.T.);
#5677=EDGE_LOOP('',(#5673,#5674,#5675,#5676));
#5678=FACE_BOUND('',#5677,.T.);
#5679=ORIENTED_EDGE('',*,*,#2025,.T.);
#5680=ORIENTED_EDGE('',*,*,#2061,.T.);
#5681=ORIENTED_EDGE('',*,*,#2094,.T.);
#5682=ORIENTED_EDGE('',*,*,#2116,.T.);
#5683=EDGE_LOOP('',(#5679,#5680,#5681,#5682));
#5684=FACE_BOUND('',#5683,.T.);
#5685=ORIENTED_EDGE('',*,*,#2151,.T.);
#5686=ORIENTED_EDGE('',*,*,#2244,.T.);
#5687=ORIENTED_EDGE('',*,*,#2215,.T.);
#5688=ORIENTED_EDGE('',*,*,#2184,.T.);
#5689=EDGE_LOOP('',(#5685,#5686,#5687,#5688));
#5690=FACE_BOUND('',#5689,.T.);
#5691=ORIENTED_EDGE('',*,*,#2281,.T.);
#5692=ORIENTED_EDGE('',*,*,#2317,.T.);
#5693=ORIENTED_EDGE('',*,*,#2350,.T.);
#5694=ORIENTED_EDGE('',*,*,#2372,.T.);
#5695=EDGE_LOOP('',(#5691,#5692,#5693,#5694));
#5696=FACE_BOUND('',#5695,.T.);
#5697=ORIENTED_EDGE('',*,*,#2407,.T.);
#5698=ORIENTED_EDGE('',*,*,#2500,.T.);
#5699=ORIENTED_EDGE('',*,*,#2471,.T.);
#5700=ORIENTED_EDGE('',*,*,#2440,.T.);
#5701=EDGE_LOOP('',(#5697,#5698,#5699,#5700));
#5702=FACE_BOUND('',#5701,.T.);
#5703=ORIENTED_EDGE('',*,*,#2537,.T.);
#5704=ORIENTED_EDGE('',*,*,#2573,.T.);
#5705=ORIENTED_EDGE('',*,*,#2606,.T.);
#5706=ORIENTED_EDGE('',*,*,#2628,.T.);
#5707=EDGE_LOOP('',(#5703,#5704,#5705,#5706));
#5708=FACE_BOUND('',#5707,.T.);
#5709=ORIENTED_EDGE('',*,*,#2663,.T.);
#5710=ORIENTED_EDGE('',*,*,#2756,.T.);
#5711=ORIENTED_EDGE('',*,*,#2727,.T.);
#5712=ORIENTED_EDGE('',*,*,#2696,.T.);
#5713=EDGE_LOOP('',(#5709,#5710,#5711,#5712));
#5714=FACE_BOUND('',#5713,.T.);
#5715=ORIENTED_EDGE('',*,*,#2793,.T.);
#5716=ORIENTED_EDGE('',*,*,#2829,.T.);
#5717=ORIENTED_EDGE('',*,*,#2862,.T.);
#5718=ORIENTED_EDGE('',*,*,#2884,.T.);
#5719=EDGE_LOOP('',(#5715,#5716,#5717,#5718));
#5720=FACE_BOUND('',#5719,.T.);
#5721=ORIENTED_EDGE('',*,*,#2919,.T.);
#5722=ORIENTED_EDGE('',*,*,#3012,.T.);
#5723=ORIENTED_EDGE('',*,*,#2983,.T.);
#5724=ORIENTED_EDGE('',*,*,#2952,.T.);
#5725=EDGE_LOOP('',(#5721,#5722,#5723,#5724));
#5726=FACE_BOUND('',#5725,.T.);
#5727=ORIENTED_EDGE('',*,*,#3049,.T.);
#5728=ORIENTED_EDGE('',*,*,#3085,.T.);
#5729=ORIENTED_EDGE('',*,*,#3118,.T.);
#5730=ORIENTED_EDGE('',*,*,#3140,.T.);
#5731=EDGE_LOOP('',(#5727,#5728,#5729,#5730));
#5732=FACE_BOUND('',#5731,.T.);
#5733=ORIENTED_EDGE('',*,*,#3175,.T.);
#5734=ORIENTED_EDGE('',*,*,#3268,.T.);
#5735=ORIENTED_EDGE('',*,*,#3239,.T.);
#5736=ORIENTED_EDGE('',*,*,#3208,.T.);
#5737=EDGE_LOOP('',(#5733,#5734,#5735,#5736));
#5738=FACE_BOUND('',#5737,.T.);
#5739=ORIENTED_EDGE('',*,*,#3305,.T.);
#5740=ORIENTED_EDGE('',*,*,#3341,.T.);
#5741=ORIENTED_EDGE('',*,*,#3374,.T.);
#5742=ORIENTED_EDGE('',*,*,#3396,.T.);
#5743=EDGE_LOOP('',(#5739,#5740,#5741,#5742));
#5744=FACE_BOUND('',#5743,.T.);
#5745=ORIENTED_EDGE('',*,*,#3431,.T.);
#5746=ORIENTED_EDGE('',*,*,#3524,.T.);
#5747=ORIENTED_EDGE('',*,*,#3495,.T.);
#5748=ORIENTED_EDGE('',*,*,#3464,.T.);
#5749=EDGE_LOOP('',(#5745,#5746,#5747,#5748));
#5750=FACE_BOUND('',#5749,.T.);
#5751=ORIENTED_EDGE('',*,*,#3561,.T.);
#5752=ORIENTED_EDGE('',*,*,#3597,.T.);
#5753=ORIENTED_EDGE('',*,*,#3630,.T.);
#5754=ORIENTED_EDGE('',*,*,#3652,.T.);
#5755=EDGE_LOOP('',(#5751,#5752,#5753,#5754));
#5756=FACE_BOUND('',#5755,.T.);
#5757=ORIENTED_EDGE('',*,*,#3687,.T.);
#5758=ORIENTED_EDGE('',*,*,#3780,.T.);
#5759=ORIENTED_EDGE('',*,*,#3751,.T.);
#5760=ORIENTED_EDGE('',*,*,#3720,.T.);
#5761=EDGE_LOOP('',(#5757,#5758,#5759,#5760));
#5762=FACE_BOUND('',#5761,.T.);
#5763=ORIENTED_EDGE('',*,*,#3817,.T.);
#5764=ORIENTED_EDGE('',*,*,#3853,.T.);
#5765=ORIENTED_EDGE('',*,*,#3886,.T.);
#5766=ORIENTED_EDGE('',*,*,#3908,.T.);
#5767=EDGE_LOOP('',(#5763,#5764,#5765,#5766));
#5768=FACE_BOUND('',#5767,.T.);
#5769=ORIENTED_EDGE('',*,*,#3943,.T.);
#5770=ORIENTED_EDGE('',*,*,#4036,.T.);
#5771=ORIENTED_EDGE('',*,*,#4007,.T.);
#5772=ORIENTED_EDGE('',*,*,#3976,.T.);
#5773=EDGE_LOOP('',(#5769,#5770,#5771,#5772));
#5774=FACE_BOUND('',#5773,.T.);
#5775=ORIENTED_EDGE('',*,*,#4073,.T.);
#5776=ORIENTED_EDGE('',*,*,#4109,.T.);
#5777=ORIENTED_EDGE('',*,*,#4142,.T.);
#5778=ORIENTED_EDGE('',*,*,#4164,.T.);
#5779=EDGE_LOOP('',(#5775,#5776,#5777,#5778));
#5780=FACE_BOUND('',#5779,.T.);
#5781=ADVANCED_FACE('',(#5588,#5594,#5600,#5606,#5612,#5618,#5624,#5630,#5636,#5642,#5648,#5654,#5660,#5666,#5672,#5678,#5684,#5690,#5696,#5702,#5708,#5714,#5720,#5726,#5732,#5738,#5744,#5750,#5756,#5762,#5768,#5774,#5780),#5477,.T.);
#5782=CARTESIAN_POINT('',(-0.064000000000000,-1.682818E-015,1.748383E-016));
#5783=DIRECTION('',(1.0,0.0,0.0));
#5784=DIRECTION('',(0.0,0.0,-1.0));
#5785=AXIS2_PLACEMENT_3D('',#5782,#5783,#5784);
#5786=PLANE('',#5785);
#5787=CARTESIAN_POINT('',(-0.064000000000000,2.796999999999997,4.857000000000001));
#5788=VERTEX_POINT('',#5787);
#5789=CARTESIAN_POINT('',(-0.064000000000000,2.766999999999997,4.857000000000002));
#5790=VERTEX_POINT('',#5789);
#5791=CARTESIAN_POINT('',(-0.064000000000000,2.796999999999997,4.857000000000001));
#5792=DIRECTION('',(0.0,-1.0,0.0));
#5793=VECTOR('',#5792,0.030000000000000);
#5794=LINE('',#5791,#5793);
#5795=EDGE_CURVE('',#5788,#5790,#5794,.T.);
#5796=ORIENTED_EDGE('',*,*,#5795,.F.);
#5797=CARTESIAN_POINT('',(-0.064000000000000,2.796999999999999,4.953000000000001));
#5798=VERTEX_POINT('',#5797);
#5799=CARTESIAN_POINT('',(-0.064000000000000,2.796999999999999,4.953000000000001));
#5800=DIRECTION('',(0.0,0.0,-1.0));
#5801=VECTOR('',#5800,0.096000000000000);
#5802=LINE('',#5799,#5801);
#5803=EDGE_CURVE('',#5798,#5788,#5802,.T.);
#5804=ORIENTED_EDGE('',*,*,#5803,.F.);
#5805=CARTESIAN_POINT('',(-0.064000000000000,3.202999999999997,4.547000000000002));
#5806=VERTEX_POINT('',#5805);
#5807=CARTESIAN_POINT('',(-0.064000000000000,2.796999999999999,4.547000000000000));
#5808=DIRECTION('',(1.0,0.0,0.0));
#5809=DIRECTION('',(0.0,-1.0,0.0));
#5810=AXIS2_PLACEMENT_3D('',#5807,#5808,#5809);
#5811=CIRCLE('',#5810,0.406000000000000);
#5812=EDGE_CURVE('',#5806,#5798,#5811,.T.);
#5813=ORIENTED_EDGE('',*,*,#5812,.F.);
#5814=CARTESIAN_POINT('',(-0.064000000000000,3.202999999999998,-4.547000000000002));
#5815=VERTEX_POINT('',#5814);
#5816=CARTESIAN_POINT('',(-0.064000000000000,3.202999999999998,-4.547000000000002));
#5817=DIRECTION('',(0.0,0.0,1.0));
#5818=VECTOR('',#5817,9.094000000000003);
#5819=LINE('',#5816,#5818);
#5820=EDGE_CURVE('',#5815,#5806,#5819,.T.);
#5821=ORIENTED_EDGE('',*,*,#5820,.F.);
#5822=CARTESIAN_POINT('',(-0.064000000000000,2.796999999999999,-4.953000000000001));
#5823=VERTEX_POINT('',#5822);
#5824=CARTESIAN_POINT('',(-0.064000000000000,2.796999999999999,-4.547000000000000));
#5825=DIRECTION('',(1.0,0.0,0.0));
#5826=DIRECTION('',(0.0,0.0,1.0));
#5827=AXIS2_PLACEMENT_3D('',#5824,#5825,#5826);
#5828=CIRCLE('',#5827,0.406000000000000);
#5829=EDGE_CURVE('',#5823,#5815,#5828,.T.);
#5830=ORIENTED_EDGE('',*,*,#5829,.F.);
#5831=CARTESIAN_POINT('',(-0.064000000000000,2.796999999999998,-4.857000000000001));
#5832=DIRECTION('',(0.0,0.0,-1.0));
#5833=VECTOR('',#5832,0.096000000000000);
#5834=LINE('',#5831,#5833);
#5835=EDGE_CURVE('',#5008,#5823,#5834,.T.);
#5836=ORIENTED_EDGE('',*,*,#5835,.F.);
#5837=ORIENTED_EDGE('',*,*,#5013,.F.);
#5838=ORIENTED_EDGE('',*,*,#4521,.F.);
#5839=ORIENTED_EDGE('',*,*,#4996,.F.);
#5840=CARTESIAN_POINT('',(-0.064000000000000,-2.796999999999998,-4.953000000000001));
#5841=VERTEX_POINT('',#5840);
#5842=CARTESIAN_POINT('',(-0.064000000000000,-2.796999999999998,-4.953000000000001));
#5843=DIRECTION('',(0.0,0.0,1.0));
#5844=VECTOR('',#5843,0.096000000000000);
#5845=LINE('',#5842,#5844);
#5846=EDGE_CURVE('',#5841,#4985,#5845,.T.);
#5847=ORIENTED_EDGE('',*,*,#5846,.F.);
#5848=CARTESIAN_POINT('',(-0.064000000000000,-3.202999999999999,-4.547000000000000));
#5849=VERTEX_POINT('',#5848);
#5850=CARTESIAN_POINT('',(-0.064000000000000,-2.797000000000000,-4.547000000000000));
#5851=DIRECTION('',(1.0,0.0,0.0));
#5852=DIRECTION('',(0.0,1.0,0.0));
#5853=AXIS2_PLACEMENT_3D('',#5850,#5851,#5852);
#5854=CIRCLE('',#5853,0.406000000000000);
#5855=EDGE_CURVE('',#5849,#5841,#5854,.T.);
#5856=ORIENTED_EDGE('',*,*,#5855,.F.);
#5857=CARTESIAN_POINT('',(-0.064000000000000,-3.203000000000000,4.547000000000000));
#5858=VERTEX_POINT('',#5857);
#5859=CARTESIAN_POINT('',(-0.064000000000000,-3.203000000000000,4.547000000000000));
#5860=DIRECTION('',(0.0,0.0,-1.0));
#5861=VECTOR('',#5860,9.093999999999999);
#5862=LINE('',#5859,#5861);
#5863=EDGE_CURVE('',#5858,#5849,#5862,.T.);
#5864=ORIENTED_EDGE('',*,*,#5863,.F.);
#5865=CARTESIAN_POINT('',(-0.064000000000000,-2.796999999999999,4.953000000000001));
#5866=VERTEX_POINT('',#5865);
#5867=CARTESIAN_POINT('',(-0.064000000000000,-2.797000000000001,4.547000000000000));
#5868=DIRECTION('',(1.0,0.0,0.0));
#5869=DIRECTION('',(0.0,0.0,-1.0));
#5870=AXIS2_PLACEMENT_3D('',#5867,#5868,#5869);
#5871=CIRCLE('',#5870,0.406000000000000);
#5872=EDGE_CURVE('',#5866,#5858,#5871,.T.);
#5873=ORIENTED_EDGE('',*,*,#5872,.F.);
#5874=CARTESIAN_POINT('',(-0.064000000000000,-2.796999999999999,4.857000000000001));
#5875=VERTEX_POINT('',#5874);
#5876=CARTESIAN_POINT('',(-0.064000000000000,-2.796999999999999,4.857000000000001));
#5877=DIRECTION('',(0.0,0.0,1.0));
#5878=VECTOR('',#5877,0.096000000000000);
#5879=LINE('',#5876,#5878);
#5880=EDGE_CURVE('',#5875,#5866,#5879,.T.);
#5881=ORIENTED_EDGE('',*,*,#5880,.F.);
#5882=CARTESIAN_POINT('',(-0.064000000000000,-2.733000000000004,4.857000000000123));
#5883=VERTEX_POINT('',#5882);
#5884=CARTESIAN_POINT('',(-0.064000000000000,-2.733000000000004,4.857000000000123));
#5885=DIRECTION('',(0.0,-1.0,-1.901257E-012));
#5886=VECTOR('',#5885,0.063999999999995);
#5887=LINE('',#5884,#5886);
#5888=EDGE_CURVE('',#5883,#5875,#5887,.T.);
#5889=ORIENTED_EDGE('',*,*,#5888,.F.);
#5890=CARTESIAN_POINT('',(-0.064000000000000,2.766999999999997,4.857000000000002));
#5891=DIRECTION('',(0.0,-1.0,0.0));
#5892=VECTOR('',#5891,5.500000000000001);
#5893=LINE('',#5890,#5892);
#5894=EDGE_CURVE('',#5790,#5883,#5893,.T.);
#5895=ORIENTED_EDGE('',*,*,#5894,.F.);
#5896=EDGE_LOOP('',(#5796,#5804,#5813,#5821,#5830,#5836,#5837,#5838,#5839,#5847,#5856,#5864,#5873,#5881,#5889,#5895));
#5897=FACE_OUTER_BOUND('',#5896,.T.);
#5898=ORIENTED_EDGE('',*,*,#88,.T.);
#5899=ORIENTED_EDGE('',*,*,#189,.T.);
#5900=ORIENTED_EDGE('',*,*,#159,.T.);
#5901=ORIENTED_EDGE('',*,*,#127,.T.);
#5902=EDGE_LOOP('',(#5898,#5899,#5900,#5901));
#5903=FACE_BOUND('',#5902,.T.);
#5904=ORIENTED_EDGE('',*,*,#215,.T.);
#5905=ORIENTED_EDGE('',*,*,#254,.T.);
#5906=ORIENTED_EDGE('',*,*,#286,.T.);
#5907=ORIENTED_EDGE('',*,*,#316,.T.);
#5908=EDGE_LOOP('',(#5904,#5905,#5906,#5907));
#5909=FACE_BOUND('',#5908,.T.);
#5910=ORIENTED_EDGE('',*,*,#344,.T.);
#5911=ORIENTED_EDGE('',*,*,#445,.T.);
#5912=ORIENTED_EDGE('',*,*,#415,.T.);
#5913=ORIENTED_EDGE('',*,*,#383,.T.);
#5914=EDGE_LOOP('',(#5910,#5911,#5912,#5913));
#5915=FACE_BOUND('',#5914,.T.);
#5916=ORIENTED_EDGE('',*,*,#471,.T.);
#5917=ORIENTED_EDGE('',*,*,#510,.T.);
#5918=ORIENTED_EDGE('',*,*,#542,.T.);
#5919=ORIENTED_EDGE('',*,*,#572,.T.);
#5920=EDGE_LOOP('',(#5916,#5917,#5918,#5919));
#5921=FACE_BOUND('',#5920,.T.);
#5922=ORIENTED_EDGE('',*,*,#600,.T.);
#5923=ORIENTED_EDGE('',*,*,#701,.T.);
#5924=ORIENTED_EDGE('',*,*,#671,.T.);
#5925=ORIENTED_EDGE('',*,*,#639,.T.);
#5926=EDGE_LOOP('',(#5922,#5923,#5924,#5925));
#5927=FACE_BOUND('',#5926,.T.);
#5928=ORIENTED_EDGE('',*,*,#727,.T.);
#5929=ORIENTED_EDGE('',*,*,#766,.T.);
#5930=ORIENTED_EDGE('',*,*,#798,.T.);
#5931=ORIENTED_EDGE('',*,*,#828,.T.);
#5932=EDGE_LOOP('',(#5928,#5929,#5930,#5931));
#5933=FACE_BOUND('',#5932,.T.);
#5934=ORIENTED_EDGE('',*,*,#856,.T.);
#5935=ORIENTED_EDGE('',*,*,#957,.T.);
#5936=ORIENTED_EDGE('',*,*,#927,.T.);
#5937=ORIENTED_EDGE('',*,*,#895,.T.);
#5938=EDGE_LOOP('',(#5934,#5935,#5936,#5937));
#5939=FACE_BOUND('',#5938,.T.);
#5940=ORIENTED_EDGE('',*,*,#983,.T.);
#5941=ORIENTED_EDGE('',*,*,#1022,.T.);
#5942=ORIENTED_EDGE('',*,*,#1054,.T.);
#5943=ORIENTED_EDGE('',*,*,#1084,.T.);
#5944=EDGE_LOOP('',(#5940,#5941,#5942,#5943));
#5945=FACE_BOUND('',#5944,.T.);
#5946=ORIENTED_EDGE('',*,*,#1111,.T.);
#5947=ORIENTED_EDGE('',*,*,#1150,.T.);
#5948=ORIENTED_EDGE('',*,*,#1182,.T.);
#5949=ORIENTED_EDGE('',*,*,#1212,.T.);
#5950=EDGE_LOOP('',(#5946,#5947,#5948,#5949));
#5951=FACE_BOUND('',#5950,.T.);
#5952=ORIENTED_EDGE('',*,*,#1240,.T.);
#5953=ORIENTED_EDGE('',*,*,#1341,.T.);
#5954=ORIENTED_EDGE('',*,*,#1311,.T.);
#5955=ORIENTED_EDGE('',*,*,#1279,.T.);
#5956=EDGE_LOOP('',(#5952,#5953,#5954,#5955));
#5957=FACE_BOUND('',#5956,.T.);
#5958=ORIENTED_EDGE('',*,*,#1367,.T.);
#5959=ORIENTED_EDGE('',*,*,#1406,.T.);
#5960=ORIENTED_EDGE('',*,*,#1438,.T.);
#5961=ORIENTED_EDGE('',*,*,#1468,.T.);
#5962=EDGE_LOOP('',(#5958,#5959,#5960,#5961));
#5963=FACE_BOUND('',#5962,.T.);
#5964=ORIENTED_EDGE('',*,*,#1496,.T.);
#5965=ORIENTED_EDGE('',*,*,#1597,.T.);
#5966=ORIENTED_EDGE('',*,*,#1567,.T.);
#5967=ORIENTED_EDGE('',*,*,#1535,.T.);
#5968=EDGE_LOOP('',(#5964,#5965,#5966,#5967));
#5969=FACE_BOUND('',#5968,.T.);
#5970=ORIENTED_EDGE('',*,*,#1623,.T.);
#5971=ORIENTED_EDGE('',*,*,#1662,.T.);
#5972=ORIENTED_EDGE('',*,*,#1694,.T.);
#5973=ORIENTED_EDGE('',*,*,#1724,.T.);
#5974=EDGE_LOOP('',(#5970,#5971,#5972,#5973));
#5975=FACE_BOUND('',#5974,.T.);
#5976=ORIENTED_EDGE('',*,*,#1752,.T.);
#5977=ORIENTED_EDGE('',*,*,#1853,.T.);
#5978=ORIENTED_EDGE('',*,*,#1823,.T.);
#5979=ORIENTED_EDGE('',*,*,#1791,.T.);
#5980=EDGE_LOOP('',(#5976,#5977,#5978,#5979));
#5981=FACE_BOUND('',#5980,.T.);
#5982=ORIENTED_EDGE('',*,*,#1879,.T.);
#5983=ORIENTED_EDGE('',*,*,#1918,.T.);
#5984=ORIENTED_EDGE('',*,*,#1950,.T.);
#5985=ORIENTED_EDGE('',*,*,#1980,.T.);
#5986=EDGE_LOOP('',(#5982,#5983,#5984,#5985));
#5987=FACE_BOUND('',#5986,.T.);
#5988=ORIENTED_EDGE('',*,*,#2008,.T.);
#5989=ORIENTED_EDGE('',*,*,#2109,.T.);
#5990=ORIENTED_EDGE('',*,*,#2079,.T.);
#5991=ORIENTED_EDGE('',*,*,#2047,.T.);
#5992=EDGE_LOOP('',(#5988,#5989,#5990,#5991));
#5993=FACE_BOUND('',#5992,.T.);
#5994=ORIENTED_EDGE('',*,*,#2135,.T.);
#5995=ORIENTED_EDGE('',*,*,#2174,.T.);
#5996=ORIENTED_EDGE('',*,*,#2206,.T.);
#5997=ORIENTED_EDGE('',*,*,#2236,.T.);
#5998=EDGE_LOOP('',(#5994,#5995,#5996,#5997));
#5999=FACE_BOUND('',#5998,.T.);
#6000=ORIENTED_EDGE('',*,*,#2264,.T.);
#6001=ORIENTED_EDGE('',*,*,#2365,.T.);
#6002=ORIENTED_EDGE('',*,*,#2335,.T.);
#6003=ORIENTED_EDGE('',*,*,#2303,.T.);
#6004=EDGE_LOOP('',(#6000,#6001,#6002,#6003));
#6005=FACE_BOUND('',#6004,.T.);
#6006=ORIENTED_EDGE('',*,*,#2391,.T.);
#6007=ORIENTED_EDGE('',*,*,#2430,.T.);
#6008=ORIENTED_EDGE('',*,*,#2462,.T.);
#6009=ORIENTED_EDGE('',*,*,#2492,.T.);
#6010=EDGE_LOOP('',(#6006,#6007,#6008,#6009));
#6011=FACE_BOUND('',#6010,.T.);
#6012=ORIENTED_EDGE('',*,*,#2520,.T.);
#6013=ORIENTED_EDGE('',*,*,#2621,.T.);
#6014=ORIENTED_EDGE('',*,*,#2591,.T.);
#6015=ORIENTED_EDGE('',*,*,#2559,.T.);
#6016=EDGE_LOOP('',(#6012,#6013,#6014,#6015));
#6017=FACE_BOUND('',#6016,.T.);
#6018=ORIENTED_EDGE('',*,*,#2647,.T.);
#6019=ORIENTED_EDGE('',*,*,#2686,.T.);
#6020=ORIENTED_EDGE('',*,*,#2718,.T.);
#6021=ORIENTED_EDGE('',*,*,#2748,.T.);
#6022=EDGE_LOOP('',(#6018,#6019,#6020,#6021));
#6023=FACE_BOUND('',#6022,.T.);
#6024=ORIENTED_EDGE('',*,*,#2776,.T.);
#6025=ORIENTED_EDGE('',*,*,#2877,.T.);
#6026=ORIENTED_EDGE('',*,*,#2847,.T.);
#6027=ORIENTED_EDGE('',*,*,#2815,.T.);
#6028=EDGE_LOOP('',(#6024,#6025,#6026,#6027));
#6029=FACE_BOUND('',#6028,.T.);
#6030=ORIENTED_EDGE('',*,*,#2903,.T.);
#6031=ORIENTED_EDGE('',*,*,#2942,.T.);
#6032=ORIENTED_EDGE('',*,*,#2974,.T.);
#6033=ORIENTED_EDGE('',*,*,#3004,.T.);
#6034=EDGE_LOOP('',(#6030,#6031,#6032,#6033));
#6035=FACE_BOUND('',#6034,.T.);
#6036=ORIENTED_EDGE('',*,*,#3032,.T.);
#6037=ORIENTED_EDGE('',*,*,#3133,.T.);
#6038=ORIENTED_EDGE('',*,*,#3103,.T.);
#6039=ORIENTED_EDGE('',*,*,#3071,.T.);
#6040=EDGE_LOOP('',(#6036,#6037,#6038,#6039));
#6041=FACE_BOUND('',#6040,.T.);
#6042=ORIENTED_EDGE('',*,*,#3159,.T.);
#6043=ORIENTED_EDGE('',*,*,#3198,.T.);
#6044=ORIENTED_EDGE('',*,*,#3230,.T.);
#6045=ORIENTED_EDGE('',*,*,#3260,.T.);
#6046=EDGE_LOOP('',(#6042,#6043,#6044,#6045));
#6047=FACE_BOUND('',#6046,.T.);
#6048=ORIENTED_EDGE('',*,*,#3288,.T.);
#6049=ORIENTED_EDGE('',*,*,#3389,.T.);
#6050=ORIENTED_EDGE('',*,*,#3359,.T.);
#6051=ORIENTED_EDGE('',*,*,#3327,.T.);
#6052=EDGE_LOOP('',(#6048,#6049,#6050,#6051));
#6053=FACE_BOUND('',#6052,.T.);
#6054=ORIENTED_EDGE('',*,*,#3415,.T.);
#6055=ORIENTED_EDGE('',*,*,#3454,.T.);
#6056=ORIENTED_EDGE('',*,*,#3486,.T.);
#6057=ORIENTED_EDGE('',*,*,#3516,.T.);
#6058=EDGE_LOOP('',(#6054,#6055,#6056,#6057));
#6059=FACE_BOUND('',#6058,.T.);
#6060=ORIENTED_EDGE('',*,*,#3544,.T.);
#6061=ORIENTED_EDGE('',*,*,#3645,.T.);
#6062=ORIENTED_EDGE('',*,*,#3615,.T.);
#6063=ORIENTED_EDGE('',*,*,#3583,.T.);
#6064=EDGE_LOOP('',(#6060,#6061,#6062,#6063));
#6065=FACE_BOUND('',#6064,.T.);
#6066=ORIENTED_EDGE('',*,*,#3671,.T.);
#6067=ORIENTED_EDGE('',*,*,#3710,.T.);
#6068=ORIENTED_EDGE('',*,*,#3742,.T.);
#6069=ORIENTED_EDGE('',*,*,#3772,.T.);
#6070=EDGE_LOOP('',(#6066,#6067,#6068,#6069));
#6071=FACE_BOUND('',#6070,.T.);
#6072=ORIENTED_EDGE('',*,*,#3800,.T.);
#6073=ORIENTED_EDGE('',*,*,#3901,.T.);
#6074=ORIENTED_EDGE('',*,*,#3871,.T.);
#6075=ORIENTED_EDGE('',*,*,#3839,.T.);
#6076=EDGE_LOOP('',(#6072,#6073,#6074,#6075));
#6077=FACE_BOUND('',#6076,.T.);
#6078=ORIENTED_EDGE('',*,*,#3927,.T.);
#6079=ORIENTED_EDGE('',*,*,#3966,.T.);
#6080=ORIENTED_EDGE('',*,*,#3998,.T.);
#6081=ORIENTED_EDGE('',*,*,#4028,.T.);
#6082=EDGE_LOOP('',(#6078,#6079,#6080,#6081));
#6083=FACE_BOUND('',#6082,.T.);
#6084=ORIENTED_EDGE('',*,*,#4056,.T.);
#6085=ORIENTED_EDGE('',*,*,#4157,.T.);
#6086=ORIENTED_EDGE('',*,*,#4127,.T.);
#6087=ORIENTED_EDGE('',*,*,#4095,.T.);
#6088=EDGE_LOOP('',(#6084,#6085,#6086,#6087));
#6089=FACE_BOUND('',#6088,.T.);
#6090=ADVANCED_FACE('',(#5897,#5903,#5909,#5915,#5921,#5927,#5933,#5939,#5945,#5951,#5957,#5963,#5969,#5975,#5981,#5987,#5993,#5999,#6005,#6011,#6017,#6023,#6029,#6035,#6041,#6047,#6053,#6059,#6065,#6071,#6077,#6083,#6089),#5786,.F.);
#6091=CARTESIAN_POINT('',(-0.379000000000000,-1.233000000000001,4.953000000000093));
#6092=CARTESIAN_POINT('',(-0.379000000000000,-1.233000000000003,4.889000000000087));
#6093=CARTESIAN_POINT('',(-0.379000000000000,-1.291000000000002,4.953000000000094));
#6094=CARTESIAN_POINT('',(-0.379000000000000,-1.291000000000003,4.889000000000088));
#6095=CARTESIAN_POINT('',(-0.321000000000000,-1.291000000000002,4.953000000000094));
#6096=CARTESIAN_POINT('',(-0.321000000000000,-1.291000000000003,4.889000000000088));
#6097=CARTESIAN_POINT('',(-0.263000000000000,-1.291000000000002,4.953000000000094));
#6098=CARTESIAN_POINT('',(-0.263000000000000,-1.291000000000003,4.889000000000088));
#6099=CARTESIAN_POINT('',(-0.263000000000000,-1.233000000000001,4.953000000000093));
#6100=CARTESIAN_POINT('',(-0.263000000000000,-1.233000000000003,4.889000000000087));
#6101=CARTESIAN_POINT('',(-0.263000000000000,-1.175000000000001,4.953000000000092));
#6102=CARTESIAN_POINT('',(-0.263000000000000,-1.175000000000003,4.889000000000086));
#6103=CARTESIAN_POINT('',(-0.321000000000000,-1.175000000000001,4.953000000000092));
#6104=CARTESIAN_POINT('',(-0.321000000000000,-1.175000000000003,4.889000000000086));
#6105=CARTESIAN_POINT('',(-0.379000000000000,-1.175000000000001,4.953000000000092));
#6106=CARTESIAN_POINT('',(-0.379000000000000,-1.175000000000003,4.889000000000086));
#6107=CARTESIAN_POINT('',(-0.379000000000000,-1.233000000000001,4.953000000000093));
#6108=CARTESIAN_POINT('',(-0.379000000000000,-1.233000000000003,4.889000000000087));
#6116=(BOUNDED_SURFACE()B_SPLINE_SURFACE(1,2,((#6091,#6093,#6095,#6097,#6099,#6101,#6103,#6105,#6107),(#6092,#6094,#6096,#6098,#6100,#6102,#6104,#6106,#6108)),.UNSPECIFIED.,.F.,.T.,.U.)B_SPLINE_SURFACE_WITH_KNOTS((2,2),(3,2,2,2,3),(-203.679220908091820,-202.575772632229670),(0.0,0.091106186954104,0.182212373908208,0.273318560862312,0.364424747816416),.UNSPECIFIED.)GEOMETRIC_REPRESENTATION_ITEM()RATIONAL_B_SPLINE_SURFACE(((1.0,0.707106781186548,1.0,0.707106781186548,1.0,0.707106781186548,1.0,0.707106781186548,1.0),(1.0,0.707106781186548,1.0,0.707106781186548,1.0,0.707106781186548,1.0,0.707106781186548,1.0)))REPRESENTATION_ITEM('')SURFACE());
#6117=CARTESIAN_POINT('',(-0.379000000000000,-1.233000000000003,4.889000000000090));
#6118=VERTEX_POINT('',#6117);
#6119=CARTESIAN_POINT('',(-0.321000000000000,-1.233000000000003,4.889000000000090));
#6120=DIRECTION('',(0.0,0.0,1.0));
#6121=DIRECTION('',(1.0,0.0,0.0));
#6122=AXIS2_PLACEMENT_3D('',#6119,#6120,#6121);
#6123=CIRCLE('',#6122,0.058000000000000);
#6124=EDGE_CURVE('',#6118,#6118,#6123,.T.);
#6125=ORIENTED_EDGE('',*,*,#6124,.F.);
#6126=EDGE_LOOP('',(#6125));
#6127=FACE_OUTER_BOUND('',#6126,.T.);
#6128=CARTESIAN_POINT('',(-0.263000000000000,-1.233000000000002,4.953000000000090));
#6129=VERTEX_POINT('',#6128);
#6130=CARTESIAN_POINT('',(-0.321000000000000,-1.233000000000002,4.953000000000091));
#6131=DIRECTION('',(0.0,0.0,-1.0));
#6132=DIRECTION('',(1.0,0.0,0.0));
#6133=AXIS2_PLACEMENT_3D('',#6130,#6131,#6132);
#6134=CIRCLE('',#6133,0.058000000000000);
#6135=EDGE_CURVE('',#6129,#6129,#6134,.T.);
#6136=ORIENTED_EDGE('',*,*,#6135,.F.);
#6137=EDGE_LOOP('',(#6136));
#6138=FACE_BOUND('',#6137,.T.);
#6139=ADVANCED_FACE('',(#6127,#6138),#6116,.F.);
#6140=CARTESIAN_POINT('',(-0.379000000000000,1.266999999999999,4.953000000000037));
#6141=CARTESIAN_POINT('',(-0.379000000000000,1.266999999999997,4.889000000000031));
#6142=CARTESIAN_POINT('',(-0.379000000000000,1.208999999999999,4.953000000000038));
#6143=CARTESIAN_POINT('',(-0.379000000000000,1.208999999999997,4.889000000000032));
#6144=CARTESIAN_POINT('',(-0.321000000000000,1.208999999999999,4.953000000000038));
#6145=CARTESIAN_POINT('',(-0.321000000000000,1.208999999999997,4.889000000000032));
#6146=CARTESIAN_POINT('',(-0.263000000000000,1.208999999999999,4.953000000000038));
#6147=CARTESIAN_POINT('',(-0.263000000000000,1.208999999999997,4.889000000000032));
#6148=CARTESIAN_POINT('',(-0.263000000000000,1.266999999999999,4.953000000000037));
#6149=CARTESIAN_POINT('',(-0.263000000000000,1.266999999999997,4.889000000000031));
#6150=CARTESIAN_POINT('',(-0.263000000000000,1.324999999999999,4.953000000000036));
#6151=CARTESIAN_POINT('',(-0.263000000000000,1.324999999999997,4.889000000000030));
#6152=CARTESIAN_POINT('',(-0.321000000000000,1.324999999999999,4.953000000000036));
#6153=CARTESIAN_POINT('',(-0.321000000000000,1.324999999999997,4.889000000000030));
#6154=CARTESIAN_POINT('',(-0.379000000000000,1.324999999999999,4.953000000000036));
#6155=CARTESIAN_POINT('',(-0.379000000000000,1.324999999999997,4.889000000000030));
#6156=CARTESIAN_POINT('',(-0.379000000000000,1.266999999999999,4.953000000000037));
#6157=CARTESIAN_POINT('',(-0.379000000000000,1.266999999999997,4.889000000000031));
#6165=(BOUNDED_SURFACE()B_SPLINE_SURFACE(1,2,((#6140,#6142,#6144,#6146,#6148,#6150,#6152,#6154,#6156),(#6141,#6143,#6145,#6147,#6149,#6151,#6153,#6155,#6157)),.UNSPECIFIED.,.F.,.T.,.U.)B_SPLINE_SURFACE_WITH_KNOTS((2,2),(3,2,2,2,3),(-203.679220908091790,-202.575772632229620),(0.0,0.091106186954104,0.182212373908208,0.273318560862312,0.364424747816416),.UNSPECIFIED.)GEOMETRIC_REPRESENTATION_ITEM()RATIONAL_B_SPLINE_SURFACE(((1.0,0.707106781186548,1.0,0.707106781186548,1.0,0.707106781186548,1.0,0.707106781186548,1.0),(1.0,0.707106781186548,1.0,0.707106781186548,1.0,0.707106781186548,1.0,0.707106781186548,1.0)))REPRESENTATION_ITEM('')SURFACE());
#6166=CARTESIAN_POINT('',(-0.379000000000000,1.266999999999997,4.889000000000034));
#6167=VERTEX_POINT('',#6166);
#6168=CARTESIAN_POINT('',(-0.321000000000000,1.266999999999997,4.889000000000034));
#6169=DIRECTION('',(0.0,0.0,1.0));
#6170=DIRECTION('',(1.0,0.0,0.0));
#6171=AXIS2_PLACEMENT_3D('',#6168,#6169,#6170);
#6172=CIRCLE('',#6171,0.058000000000000);
#6173=EDGE_CURVE('',#6167,#6167,#6172,.T.);
#6174=ORIENTED_EDGE('',*,*,#6173,.F.);
#6175=EDGE_LOOP('',(#6174));
#6176=FACE_OUTER_BOUND('',#6175,.T.);
#6177=CARTESIAN_POINT('',(-0.263000000000000,1.266999999999999,4.953000000000035));
#6178=VERTEX_POINT('',#6177);
#6179=CARTESIAN_POINT('',(-0.321000000000000,1.266999999999999,4.953000000000034));
#6180=DIRECTION('',(0.0,0.0,-1.0));
#6181=DIRECTION('',(1.0,0.0,0.0));
#6182=AXIS2_PLACEMENT_3D('',#6179,#6180,#6181);
#6183=CIRCLE('',#6182,0.058000000000000);
#6184=EDGE_CURVE('',#6178,#6178,#6183,.T.);
#6185=ORIENTED_EDGE('',*,*,#6184,.F.);
#6186=EDGE_LOOP('',(#6185));
#6187=FACE_BOUND('',#6186,.T.);
#6188=ADVANCED_FACE('',(#6176,#6187),#6165,.F.);
#6189=CARTESIAN_POINT('',(-0.096000000000000,2.766999999999997,4.857000000000002));
#6190=DIRECTION('',(0.0,-1.0,2.187068E-014));
#6191=DIRECTION('',(-1.0,0.0,0.0));
#6192=AXIS2_PLACEMENT_3D('',#6189,#6190,#6191);
#6193=CYLINDRICAL_SURFACE('',#6192,0.032000000000000);
#6194=CARTESIAN_POINT('',(-0.096000000000000,-2.733000000000003,4.889000000000122));
#6195=VERTEX_POINT('',#6194);
#6196=CARTESIAN_POINT('',(-0.096000000000000,-2.733000000000004,4.857000000000123));
#6197=DIRECTION('',(0.0,-1.0,0.0));
#6198=DIRECTION('',(-1.0,0.0,0.0));
#6199=AXIS2_PLACEMENT_3D('',#6196,#6197,#6198);
#6200=CIRCLE('',#6199,0.032000000000000);
#6201=EDGE_CURVE('',#5883,#6195,#6200,.T.);
#6202=ORIENTED_EDGE('',*,*,#6201,.T.);
#6203=CARTESIAN_POINT('',(-0.096000000000000,2.766999999999997,4.889000000000002));
#6204=VERTEX_POINT('',#6203);
#6205=CARTESIAN_POINT('',(-0.096000000000000,2.766999999999997,4.889000000000002));
#6206=DIRECTION('',(0.0,-1.0,0.0));
#6207=VECTOR('',#6206,5.500000000000000);
#6208=LINE('',#6205,#6207);
#6209=EDGE_CURVE('',#6204,#6195,#6208,.T.);
#6210=ORIENTED_EDGE('',*,*,#6209,.F.);
#6211=CARTESIAN_POINT('',(-0.096000000000000,2.766999999999997,4.857000000000002));
#6212=DIRECTION('',(0.0,1.0,0.0));
#6213=DIRECTION('',(-1.0,0.0,0.0));
#6214=AXIS2_PLACEMENT_3D('',#6211,#6212,#6213);
#6215=CIRCLE('',#6214,0.032000000000000);
#6216=EDGE_CURVE('',#6204,#5790,#6215,.T.);
#6217=ORIENTED_EDGE('',*,*,#6216,.T.);
#6218=ORIENTED_EDGE('',*,*,#5894,.T.);
#6219=EDGE_LOOP('',(#6202,#6210,#6217,#6218));
#6220=FACE_OUTER_BOUND('',#6219,.T.);
#6221=ADVANCED_FACE('',(#6220),#6193,.F.);
#6222=CARTESIAN_POINT('',(-0.096000000000000,2.766999999999997,4.889000000000002));
#6223=DIRECTION('',(0.0,0.0,-1.0));
#6224=DIRECTION('',(-1.0,0.0,0.0));
#6225=AXIS2_PLACEMENT_3D('',#6222,#6223,#6224);
#6226=PLANE('',#6225);
#6227=CARTESIAN_POINT('',(-0.529000000000000,-2.733000000000003,4.889000000000122));
#6228=VERTEX_POINT('',#6227);
#6229=CARTESIAN_POINT('',(-0.096000000000000,-2.733000000000003,4.889000000000122));
#6230=DIRECTION('',(-1.0,0.0,0.0));
#6231=VECTOR('',#6230,0.433000000000000);
#6232=LINE('',#6229,#6231);
#6233=EDGE_CURVE('',#6195,#6228,#6232,.T.);
#6234=ORIENTED_EDGE('',*,*,#6233,.T.);
#6235=CARTESIAN_POINT('',(-0.529000000000000,2.766999999999997,4.889000000000002));
#6236=VERTEX_POINT('',#6235);
#6237=CARTESIAN_POINT('',(-0.529000000000000,2.766999999999997,4.889000000000002));
#6238=DIRECTION('',(0.0,-1.0,0.0));
#6239=VECTOR('',#6238,5.500000000000000);
#6240=LINE('',#6237,#6239);
#6241=EDGE_CURVE('',#6236,#6228,#6240,.T.);
#6242=ORIENTED_EDGE('',*,*,#6241,.F.);
#6243=CARTESIAN_POINT('',(-0.529000000000000,2.766999999999997,4.889000000000002));
#6244=DIRECTION('',(1.0,0.0,0.0));
#6245=VECTOR('',#6244,0.433000000000000);
#6246=LINE('',#6243,#6245);
#6247=EDGE_CURVE('',#6236,#6204,#6246,.T.);
#6248=ORIENTED_EDGE('',*,*,#6247,.T.);
#6249=ORIENTED_EDGE('',*,*,#6209,.T.);
#6250=EDGE_LOOP('',(#6234,#6242,#6248,#6249));
#6251=FACE_OUTER_BOUND('',#6250,.T.);
#6252=ORIENTED_EDGE('',*,*,#6124,.T.);
#6253=EDGE_LOOP('',(#6252));
#6254=FACE_BOUND('',#6253,.T.);
#6255=ORIENTED_EDGE('',*,*,#6173,.T.);
#6256=EDGE_LOOP('',(#6255));
#6257=FACE_BOUND('',#6256,.T.);
#6258=ADVANCED_FACE('',(#6251,#6254,#6257),#6226,.T.);
#6259=CARTESIAN_POINT('',(-0.529000000000000,2.766999999999997,4.857000000000002));
#6260=DIRECTION('',(0.0,-1.0,2.187068E-014));
#6261=DIRECTION('',(0.0,0.0,-1.0));
#6262=AXIS2_PLACEMENT_3D('',#6259,#6260,#6261);
#6263=CYLINDRICAL_SURFACE('',#6262,0.032000000000000);
#6264=CARTESIAN_POINT('',(-0.561000000000000,-2.733000000000004,4.857000000000123));
#6265=VERTEX_POINT('',#6264);
#6266=CARTESIAN_POINT('',(-0.529000000000000,-2.733000000000004,4.857000000000123));
#6267=DIRECTION('',(0.0,-1.0,0.0));
#6268=DIRECTION('',(0.0,0.0,-1.0));
#6269=AXIS2_PLACEMENT_3D('',#6266,#6267,#6268);
#6270=CIRCLE('',#6269,0.032000000000000);
#6271=EDGE_CURVE('',#6228,#6265,#6270,.T.);
#6272=ORIENTED_EDGE('',*,*,#6271,.T.);
#6273=CARTESIAN_POINT('',(-0.561000000000000,2.766999999999997,4.857000000000002));
#6274=VERTEX_POINT('',#6273);
#6275=CARTESIAN_POINT('',(-0.561000000000000,2.766999999999997,4.857000000000002));
#6276=DIRECTION('',(0.0,-1.0,0.0));
#6277=VECTOR('',#6276,5.500000000000001);
#6278=LINE('',#6275,#6277);
#6279=EDGE_CURVE('',#6274,#6265,#6278,.T.);
#6280=ORIENTED_EDGE('',*,*,#6279,.F.);
#6281=CARTESIAN_POINT('',(-0.529000000000000,2.766999999999997,4.857000000000002));
#6282=DIRECTION('',(0.0,1.0,0.0));
#6283=DIRECTION('',(0.0,0.0,-1.0));
#6284=AXIS2_PLACEMENT_3D('',#6281,#6282,#6283);
#6285=CIRCLE('',#6284,0.032000000000000);
#6286=EDGE_CURVE('',#6274,#6236,#6285,.T.);
#6287=ORIENTED_EDGE('',*,*,#6286,.T.);
#6288=ORIENTED_EDGE('',*,*,#6241,.T.);
#6289=EDGE_LOOP('',(#6272,#6280,#6287,#6288));
#6290=FACE_OUTER_BOUND('',#6289,.T.);
#6291=ADVANCED_FACE('',(#6290),#6263,.F.);
#6292=CARTESIAN_POINT('',(-0.561000000000000,2.766999999999997,4.857000000000002));
#6293=DIRECTION('',(1.0,0.0,0.0));
#6294=DIRECTION('',(0.0,0.0,-1.0));
#6295=AXIS2_PLACEMENT_3D('',#6292,#6293,#6294);
#6296=PLANE('',#6295);
#6297=CARTESIAN_POINT('',(-0.561000000000000,-2.733000000000016,4.328000000000122));
#6298=VERTEX_POINT('',#6297);
#6299=CARTESIAN_POINT('',(-0.561000000000000,-2.733000000000004,4.857000000000123));
#6300=DIRECTION('',(0.0,0.0,-1.0));
#6301=VECTOR('',#6300,0.529000000000001);
#6302=LINE('',#6299,#6301);
#6303=EDGE_CURVE('',#6265,#6298,#6302,.T.);
#6304=ORIENTED_EDGE('',*,*,#6303,.T.);
#6305=CARTESIAN_POINT('',(-0.561000000000000,2.766999999999985,4.328000000000002));
#6306=VERTEX_POINT('',#6305);
#6307=CARTESIAN_POINT('',(-0.561000000000000,2.766999999999985,4.328000000000002));
#6308=DIRECTION('',(0.0,-1.0,0.0));
#6309=VECTOR('',#6308,5.500000000000001);
#6310=LINE('',#6307,#6309);
#6311=EDGE_CURVE('',#6306,#6298,#6310,.T.);
#6312=ORIENTED_EDGE('',*,*,#6311,.F.);
#6313=CARTESIAN_POINT('',(-0.561000000000000,2.766999999999985,4.328000000000002));
#6314=DIRECTION('',(0.0,0.0,1.0));
#6315=VECTOR('',#6314,0.529000000000000);
#6316=LINE('',#6313,#6315);
#6317=EDGE_CURVE('',#6306,#6274,#6316,.T.);
#6318=ORIENTED_EDGE('',*,*,#6317,.T.);
#6319=ORIENTED_EDGE('',*,*,#6279,.T.);
#6320=EDGE_LOOP('',(#6304,#6312,#6318,#6319));
#6321=FACE_OUTER_BOUND('',#6320,.T.);
#6322=ORIENTED_EDGE('',*,*,#5065,.T.);
#6323=EDGE_LOOP('',(#6322));
#6324=FACE_BOUND('',#6323,.T.);
#6325=ORIENTED_EDGE('',*,*,#5114,.T.);
#6326=EDGE_LOOP('',(#6325));
#6327=FACE_BOUND('',#6326,.T.);
#6328=ORIENTED_EDGE('',*,*,#5163,.T.);
#6329=EDGE_LOOP('',(#6328));
#6330=FACE_BOUND('',#6329,.T.);
#6331=ORIENTED_EDGE('',*,*,#5212,.T.);
#6332=EDGE_LOOP('',(#6331));
#6333=FACE_BOUND('',#6332,.T.);
#6334=ORIENTED_EDGE('',*,*,#5261,.T.);
#6335=EDGE_LOOP('',(#6334));
#6336=FACE_BOUND('',#6335,.T.);
#6337=ORIENTED_EDGE('',*,*,#5310,.T.);
#6338=EDGE_LOOP('',(#6337));
#6339=FACE_BOUND('',#6338,.T.);
#6340=ORIENTED_EDGE('',*,*,#5359,.T.);
#6341=EDGE_LOOP('',(#6340));
#6342=FACE_BOUND('',#6341,.T.);
#6343=ORIENTED_EDGE('',*,*,#5408,.T.);
#6344=EDGE_LOOP('',(#6343));
#6345=FACE_BOUND('',#6344,.T.);
#6346=ORIENTED_EDGE('',*,*,#5457,.T.);
#6347=EDGE_LOOP('',(#6346));
#6348=FACE_BOUND('',#6347,.T.);
#6349=ADVANCED_FACE('',(#6321,#6324,#6327,#6330,#6333,#6336,#6339,#6342,#6345,#6348),#6296,.T.);
#6350=CARTESIAN_POINT('',(-0.561000000000000,2.766999999999985,4.328000000000002));
#6351=DIRECTION('',(0.0,0.0,-1.0));
#6352=DIRECTION('',(-1.0,0.0,0.0));
#6353=AXIS2_PLACEMENT_3D('',#6350,#6351,#6352);
#6354=PLANE('',#6353);
#6355=CARTESIAN_POINT('',(-0.625000000000000,-2.733000000000016,4.328000000000122));
#6356=VERTEX_POINT('',#6355);
#6357=CARTESIAN_POINT('',(-0.561000000000000,-2.733000000000016,4.328000000000122));
#6358=DIRECTION('',(-1.0,0.0,0.0));
#6359=VECTOR('',#6358,0.064000000000000);
#6360=LINE('',#6357,#6359);
#6361=EDGE_CURVE('',#6298,#6356,#6360,.T.);
#6362=ORIENTED_EDGE('',*,*,#6361,.T.);
#6363=CARTESIAN_POINT('',(-0.625000000000000,2.766999999999985,4.328000000000002));
#6364=VERTEX_POINT('',#6363);
#6365=CARTESIAN_POINT('',(-0.625000000000000,2.766999999999985,4.328000000000002));
#6366=DIRECTION('',(0.0,-1.0,0.0));
#6367=VECTOR('',#6366,5.500000000000001);
#6368=LINE('',#6365,#6367);
#6369=EDGE_CURVE('',#6364,#6356,#6368,.T.);
#6370=ORIENTED_EDGE('',*,*,#6369,.F.);
#6371=CARTESIAN_POINT('',(-0.625000000000000,2.766999999999985,4.328000000000002));
#6372=DIRECTION('',(1.0,0.0,0.0));
#6373=VECTOR('',#6372,0.064000000000000);
#6374=LINE('',#6371,#6373);
#6375=EDGE_CURVE('',#6364,#6306,#6374,.T.);
#6376=ORIENTED_EDGE('',*,*,#6375,.T.);
#6377=ORIENTED_EDGE('',*,*,#6311,.T.);
#6378=EDGE_LOOP('',(#6362,#6370,#6376,#6377));
#6379=FACE_OUTER_BOUND('',#6378,.T.);
#6380=ADVANCED_FACE('',(#6379),#6354,.T.);
#6381=CARTESIAN_POINT('',(-0.625000000000000,2.766999999999985,4.328000000000002));
#6382=DIRECTION('',(-1.0,0.0,0.0));
#6383=DIRECTION('',(0.0,0.0,1.0));
#6384=AXIS2_PLACEMENT_3D('',#6381,#6382,#6383);
#6385=PLANE('',#6384);
#6386=CARTESIAN_POINT('',(-0.625000000000000,-2.733000000000004,4.857000000000123));
#6387=VERTEX_POINT('',#6386);
#6388=CARTESIAN_POINT('',(-0.625000000000000,-2.733000000000016,4.328000000000122));
#6389=DIRECTION('',(0.0,0.0,1.0));
#6390=VECTOR('',#6389,0.529000000000001);
#6391=LINE('',#6388,#6390);
#6392=EDGE_CURVE('',#6356,#6387,#6391,.T.);
#6393=ORIENTED_EDGE('',*,*,#6392,.T.);
#6394=CARTESIAN_POINT('',(-0.625000000000000,2.766999999999997,4.857000000000002));
#6395=VERTEX_POINT('',#6394);
#6396=CARTESIAN_POINT('',(-0.625000000000000,2.766999999999997,4.857000000000002));
#6397=DIRECTION('',(0.0,-1.0,0.0));
#6398=VECTOR('',#6397,5.500000000000001);
#6399=LINE('',#6396,#6398);
#6400=EDGE_CURVE('',#6395,#6387,#6399,.T.);
#6401=ORIENTED_EDGE('',*,*,#6400,.F.);
#6402=CARTESIAN_POINT('',(-0.625000000000000,2.766999999999997,4.857000000000002));
#6403=DIRECTION('',(0.0,0.0,-1.0));
#6404=VECTOR('',#6403,0.529000000000000);
#6405=LINE('',#6402,#6404);
#6406=EDGE_CURVE('',#6395,#6364,#6405,.T.);
#6407=ORIENTED_EDGE('',*,*,#6406,.T.);
#6408=ORIENTED_EDGE('',*,*,#6369,.T.);
#6409=EDGE_LOOP('',(#6393,#6401,#6407,#6408));
#6410=FACE_OUTER_BOUND('',#6409,.T.);
#6411=ORIENTED_EDGE('',*,*,#5076,.T.);
#6412=EDGE_LOOP('',(#6411));
#6413=FACE_BOUND('',#6412,.T.);
#6414=ORIENTED_EDGE('',*,*,#5125,.T.);
#6415=EDGE_LOOP('',(#6414));
#6416=FACE_BOUND('',#6415,.T.);
#6417=ORIENTED_EDGE('',*,*,#5174,.T.);
#6418=EDGE_LOOP('',(#6417));
#6419=FACE_BOUND('',#6418,.T.);
#6420=ORIENTED_EDGE('',*,*,#5223,.T.);
#6421=EDGE_LOOP('',(#6420));
#6422=FACE_BOUND('',#6421,.T.);
#6423=ORIENTED_EDGE('',*,*,#5272,.T.);
#6424=EDGE_LOOP('',(#6423));
#6425=FACE_BOUND('',#6424,.T.);
#6426=ORIENTED_EDGE('',*,*,#5321,.T.);
#6427=EDGE_LOOP('',(#6426));
#6428=FACE_BOUND('',#6427,.T.);
#6429=ORIENTED_EDGE('',*,*,#5370,.T.);
#6430=EDGE_LOOP('',(#6429));
#6431=FACE_BOUND('',#6430,.T.);
#6432=ORIENTED_EDGE('',*,*,#5419,.T.);
#6433=EDGE_LOOP('',(#6432));
#6434=FACE_BOUND('',#6433,.T.);
#6435=ORIENTED_EDGE('',*,*,#5468,.T.);
#6436=EDGE_LOOP('',(#6435));
#6437=FACE_BOUND('',#6436,.T.);
#6438=ADVANCED_FACE('',(#6410,#6413,#6416,#6419,#6422,#6425,#6428,#6431,#6434,#6437),#6385,.T.);
#6439=CARTESIAN_POINT('',(-0.529000000000000,2.766999999999997,4.857000000000002));
#6440=DIRECTION('',(0.0,-1.0,2.187068E-014));
#6441=DIRECTION('',(0.0,0.0,1.0));
#6442=AXIS2_PLACEMENT_3D('',#6439,#6440,#6441);
#6443=CYLINDRICAL_SURFACE('',#6442,0.096000000000000);
#6444=CARTESIAN_POINT('',(-0.529000000000000,-2.733000000000002,4.953000000000123));
#6445=VERTEX_POINT('',#6444);
#6446=CARTESIAN_POINT('',(-0.529000000000000,-2.733000000000004,4.857000000000123));
#6447=DIRECTION('',(0.0,1.0,0.0));
#6448=DIRECTION('',(0.0,0.0,1.0));
#6449=AXIS2_PLACEMENT_3D('',#6446,#6447,#6448);
#6450=CIRCLE('',#6449,0.096000000000000);
#6451=EDGE_CURVE('',#6387,#6445,#6450,.T.);
#6452=ORIENTED_EDGE('',*,*,#6451,.T.);
#6453=CARTESIAN_POINT('',(-0.529000000000000,2.766999999999999,4.953000000000002));
#6454=VERTEX_POINT('',#6453);
#6455=CARTESIAN_POINT('',(-0.529000000000000,2.766999999999999,4.953000000000002));
#6456=DIRECTION('',(0.0,-1.0,0.0));
#6457=VECTOR('',#6456,5.500000000000000);
#6458=LINE('',#6455,#6457);
#6459=EDGE_CURVE('',#6454,#6445,#6458,.T.);
#6460=ORIENTED_EDGE('',*,*,#6459,.F.);
#6461=CARTESIAN_POINT('',(-0.529000000000000,2.766999999999997,4.857000000000002));
#6462=DIRECTION('',(0.0,-1.0,0.0));
#6463=DIRECTION('',(0.0,0.0,1.0));
#6464=AXIS2_PLACEMENT_3D('',#6461,#6462,#6463);
#6465=CIRCLE('',#6464,0.096000000000000);
#6466=EDGE_CURVE('',#6454,#6395,#6465,.T.);
#6467=ORIENTED_EDGE('',*,*,#6466,.T.);
#6468=ORIENTED_EDGE('',*,*,#6400,.T.);
#6469=EDGE_LOOP('',(#6452,#6460,#6467,#6468));
#6470=FACE_OUTER_BOUND('',#6469,.T.);
#6471=ADVANCED_FACE('',(#6470),#6443,.T.);
#6472=CARTESIAN_POINT('',(-0.529000000000000,2.766999999999999,4.953000000000002));
#6473=DIRECTION('',(0.0,0.0,1.0));
#6474=DIRECTION('',(1.0,0.0,0.0));
#6475=AXIS2_PLACEMENT_3D('',#6472,#6473,#6474);
#6476=PLANE('',#6475);
#6477=CARTESIAN_POINT('',(-0.096000000000000,-2.733000000000002,4.953000000000123));
#6478=VERTEX_POINT('',#6477);
#6479=CARTESIAN_POINT('',(-0.529000000000000,-2.733000000000002,4.953000000000123));
#6480=DIRECTION('',(1.0,0.0,0.0));
#6481=VECTOR('',#6480,0.433000000000000);
#6482=LINE('',#6479,#6481);
#6483=EDGE_CURVE('',#6445,#6478,#6482,.T.);
#6484=ORIENTED_EDGE('',*,*,#6483,.T.);
#6485=CARTESIAN_POINT('',(-0.096000000000000,2.766999999999999,4.953000000000002));
#6486=VERTEX_POINT('',#6485);
#6487=CARTESIAN_POINT('',(-0.096000000000000,2.766999999999999,4.953000000000002));
#6488=DIRECTION('',(0.0,-1.0,0.0));
#6489=VECTOR('',#6488,5.500000000000000);
#6490=LINE('',#6487,#6489);
#6491=EDGE_CURVE('',#6486,#6478,#6490,.T.);
#6492=ORIENTED_EDGE('',*,*,#6491,.F.);
#6493=CARTESIAN_POINT('',(-0.096000000000000,2.766999999999999,4.953000000000002));
#6494=DIRECTION('',(-1.0,0.0,0.0));
#6495=VECTOR('',#6494,0.433000000000000);
#6496=LINE('',#6493,#6495);
#6497=EDGE_CURVE('',#6486,#6454,#6496,.T.);
#6498=ORIENTED_EDGE('',*,*,#6497,.T.);
#6499=ORIENTED_EDGE('',*,*,#6459,.T.);
#6500=EDGE_LOOP('',(#6484,#6492,#6498,#6499));
#6501=FACE_OUTER_BOUND('',#6500,.T.);
#6502=ORIENTED_EDGE('',*,*,#6135,.T.);
#6503=EDGE_LOOP('',(#6502));
#6504=FACE_BOUND('',#6503,.T.);
#6505=ORIENTED_EDGE('',*,*,#6184,.T.);
#6506=EDGE_LOOP('',(#6505));
#6507=FACE_BOUND('',#6506,.T.);
#6508=ADVANCED_FACE('',(#6501,#6504,#6507),#6476,.T.);
#6509=CARTESIAN_POINT('',(-0.096000000000000,2.766999999999997,4.857000000000002));
#6510=DIRECTION('',(0.0,-1.0,2.187068E-014));
#6511=DIRECTION('',(1.0,0.0,0.0));
#6512=AXIS2_PLACEMENT_3D('',#6509,#6510,#6511);
#6513=CYLINDRICAL_SURFACE('',#6512,0.096000000000000);
#6514=CARTESIAN_POINT('',(-0.096000000000000,-2.733000000000004,4.857000000000123));
#6515=DIRECTION('',(0.0,1.0,0.0));
#6516=DIRECTION('',(1.0,0.0,0.0));
#6517=AXIS2_PLACEMENT_3D('',#6514,#6515,#6516);
#6518=CIRCLE('',#6517,0.096000000000000);
#6519=EDGE_CURVE('',#6478,#5481,#6518,.T.);
#6520=ORIENTED_EDGE('',*,*,#6519,.T.);
#6521=ORIENTED_EDGE('',*,*,#5585,.T.);
#6522=CARTESIAN_POINT('',(-0.096000000000000,2.766999999999997,4.857000000000002));
#6523=DIRECTION('',(0.0,-1.0,0.0));
#6524=DIRECTION('',(1.0,0.0,0.0));
#6525=AXIS2_PLACEMENT_3D('',#6522,#6523,#6524);
#6526=CIRCLE('',#6525,0.096000000000000);
#6527=EDGE_CURVE('',#5574,#6486,#6526,.T.);
#6528=ORIENTED_EDGE('',*,*,#6527,.T.);
#6529=ORIENTED_EDGE('',*,*,#6491,.T.);
#6530=EDGE_LOOP('',(#6520,#6521,#6528,#6529));
#6531=FACE_OUTER_BOUND('',#6530,.T.);
#6532=ADVANCED_FACE('',(#6531),#6513,.T.);
#6533=CARTESIAN_POINT('',(-0.433426659358251,2.766999999999994,4.759926314612195));
#6534=DIRECTION('',(0.0,1.0,0.0));
#6535=DIRECTION('',(0.0,0.0,1.0));
#6536=AXIS2_PLACEMENT_3D('',#6533,#6534,#6535);
#6537=PLANE('',#6536);
#6538=ORIENTED_EDGE('',*,*,#6527,.F.);
#6539=CARTESIAN_POINT('',(-0.064000000000000,2.766999999999997,4.857000000000002));
#6540=DIRECTION('',(1.0,0.0,0.0));
#6541=VECTOR('',#6540,0.064000000000000);
#6542=LINE('',#6539,#6541);
#6543=EDGE_CURVE('',#5790,#5574,#6542,.T.);
#6544=ORIENTED_EDGE('',*,*,#6543,.F.);
#6545=ORIENTED_EDGE('',*,*,#6216,.F.);
#6546=ORIENTED_EDGE('',*,*,#6247,.F.);
#6547=ORIENTED_EDGE('',*,*,#6286,.F.);
#6548=ORIENTED_EDGE('',*,*,#6317,.F.);
#6549=ORIENTED_EDGE('',*,*,#6375,.F.);
#6550=ORIENTED_EDGE('',*,*,#6406,.F.);
#6551=ORIENTED_EDGE('',*,*,#6466,.F.);
#6552=ORIENTED_EDGE('',*,*,#6497,.F.);
#6553=EDGE_LOOP('',(#6538,#6544,#6545,#6546,#6547,#6548,#6549,#6550,#6551,#6552));
#6554=FACE_OUTER_BOUND('',#6553,.T.);
#6555=ADVANCED_FACE('',(#6554),#6537,.T.);
#6556=CARTESIAN_POINT('',(-0.433426659358251,-2.733000000000006,4.759926314612315));
#6557=DIRECTION('',(0.0,1.0,0.0));
#6558=DIRECTION('',(0.0,0.0,1.0));
#6559=AXIS2_PLACEMENT_3D('',#6556,#6557,#6558);
#6560=PLANE('',#6559);
#6561=CARTESIAN_POINT('',(0.0,-2.733000000000004,4.857000000000123));
#6562=DIRECTION('',(-1.0,0.0,0.0));
#6563=VECTOR('',#6562,0.064000000000000);
#6564=LINE('',#6561,#6563);
#6565=EDGE_CURVE('',#5481,#5883,#6564,.T.);
#6566=ORIENTED_EDGE('',*,*,#6565,.F.);
#6567=ORIENTED_EDGE('',*,*,#6519,.F.);
#6568=ORIENTED_EDGE('',*,*,#6483,.F.);
#6569=ORIENTED_EDGE('',*,*,#6451,.F.);
#6570=ORIENTED_EDGE('',*,*,#6392,.F.);
#6571=ORIENTED_EDGE('',*,*,#6361,.F.);
#6572=ORIENTED_EDGE('',*,*,#6303,.F.);
#6573=ORIENTED_EDGE('',*,*,#6271,.F.);
#6574=ORIENTED_EDGE('',*,*,#6233,.F.);
#6575=ORIENTED_EDGE('',*,*,#6201,.F.);
#6576=EDGE_LOOP('',(#6566,#6567,#6568,#6569,#6570,#6571,#6572,#6573,#6574,#6575));
#6577=FACE_OUTER_BOUND('',#6576,.T.);
#6578=ADVANCED_FACE('',(#6577),#6560,.F.);
#6579=CARTESIAN_POINT('',(0.0,-1.398706E-015,4.856999999999999));
#6580=DIRECTION('',(0.0,0.0,1.0));
#6581=DIRECTION('',(1.0,0.0,0.0));
#6582=AXIS2_PLACEMENT_3D('',#6579,#6580,#6581);
#6583=PLANE('',#6582);
#6584=ORIENTED_EDGE('',*,*,#6543,.T.);
#6585=ORIENTED_EDGE('',*,*,#5579,.T.);
#6586=CARTESIAN_POINT('',(0.0,2.796999999999997,4.857000000000001));
#6587=DIRECTION('',(-1.0,0.0,0.0));
#6588=VECTOR('',#6587,0.064000000000000);
#6589=LINE('',#6586,#6588);
#6590=EDGE_CURVE('',#5566,#5788,#6589,.T.);
#6591=ORIENTED_EDGE('',*,*,#6590,.T.);
#6592=ORIENTED_EDGE('',*,*,#5795,.T.);
#6593=EDGE_LOOP('',(#6584,#6585,#6591,#6592));
#6594=FACE_OUTER_BOUND('',#6593,.T.);
#6595=ADVANCED_FACE('',(#6594),#6583,.T.);
#6596=CARTESIAN_POINT('',(0.0,-1.398706E-015,4.856999999999999));
#6597=DIRECTION('',(0.0,0.0,1.0));
#6598=DIRECTION('',(1.0,0.0,0.0));
#6599=AXIS2_PLACEMENT_3D('',#6596,#6597,#6598);
#6600=PLANE('',#6599);
#6601=ORIENTED_EDGE('',*,*,#6565,.T.);
#6602=ORIENTED_EDGE('',*,*,#5888,.T.);
#6603=CARTESIAN_POINT('',(0.0,-2.796999999999999,4.857000000000001));
#6604=DIRECTION('',(-1.0,0.0,0.0));
#6605=VECTOR('',#6604,0.064000000000000);
#6606=LINE('',#6603,#6605);
#6607=EDGE_CURVE('',#5479,#5875,#6606,.T.);
#6608=ORIENTED_EDGE('',*,*,#6607,.F.);
#6609=ORIENTED_EDGE('',*,*,#5486,.T.);
#6610=EDGE_LOOP('',(#6601,#6602,#6608,#6609));
#6611=FACE_OUTER_BOUND('',#6610,.T.);
#6612=ADVANCED_FACE('',(#6611),#6600,.T.);
#6613=CARTESIAN_POINT('',(0.0,-2.796999999999999,4.857000000000001));
#6614=DIRECTION('',(0.0,1.0,0.0));
#6615=DIRECTION('',(0.0,0.0,1.0));
#6616=AXIS2_PLACEMENT_3D('',#6613,#6614,#6615);
#6617=PLANE('',#6616);
#6618=ORIENTED_EDGE('',*,*,#5880,.T.);
#6619=CARTESIAN_POINT('',(0.0,-2.796999999999999,4.953000000000001));
#6620=DIRECTION('',(-1.0,0.0,0.0));
#6621=VECTOR('',#6620,0.064000000000000);
#6622=LINE('',#6619,#6621);
#6623=EDGE_CURVE('',#5489,#5866,#6622,.T.);
#6624=ORIENTED_EDGE('',*,*,#6623,.F.);
#6625=ORIENTED_EDGE('',*,*,#5494,.T.);
#6626=ORIENTED_EDGE('',*,*,#6607,.T.);
#6627=EDGE_LOOP('',(#6618,#6624,#6625,#6626));
#6628=FACE_OUTER_BOUND('',#6627,.T.);
#6629=ADVANCED_FACE('',(#6628),#6617,.T.);
#6630=CARTESIAN_POINT('',(0.0,-2.797000000000001,4.547000000000000));
#6631=DIRECTION('',(-1.0,0.0,0.0));
#6632=DIRECTION('',(0.0,0.0,-1.0));
#6633=AXIS2_PLACEMENT_3D('',#6630,#6631,#6632);
#6634=CYLINDRICAL_SURFACE('',#6633,0.406000000000000);
#6635=ORIENTED_EDGE('',*,*,#5872,.T.);
#6636=CARTESIAN_POINT('',(0.0,-3.203000000000000,4.547000000000000));
#6637=DIRECTION('',(-1.0,0.0,0.0));
#6638=VECTOR('',#6637,0.064000000000000);
#6639=LINE('',#6636,#6638);
#6640=EDGE_CURVE('',#5497,#5858,#6639,.T.);
#6641=ORIENTED_EDGE('',*,*,#6640,.F.);
#6642=ORIENTED_EDGE('',*,*,#5503,.T.);
#6643=ORIENTED_EDGE('',*,*,#6623,.T.);
#6644=EDGE_LOOP('',(#6635,#6641,#6642,#6643));
#6645=FACE_OUTER_BOUND('',#6644,.T.);
#6646=ADVANCED_FACE('',(#6645),#6634,.T.);
#6647=CARTESIAN_POINT('',(0.0,-3.203000000000000,4.547000000000000));
#6648=DIRECTION('',(0.0,-1.0,0.0));
#6649=DIRECTION('',(0.0,0.0,-1.0));
#6650=AXIS2_PLACEMENT_3D('',#6647,#6648,#6649);
#6651=PLANE('',#6650);
#6652=ORIENTED_EDGE('',*,*,#5863,.T.);
#6653=CARTESIAN_POINT('',(0.0,-3.202999999999999,-4.547000000000000));
#6654=DIRECTION('',(-1.0,0.0,0.0));
#6655=VECTOR('',#6654,0.064000000000000);
#6656=LINE('',#6653,#6655);
#6657=EDGE_CURVE('',#5506,#5849,#6656,.T.);
#6658=ORIENTED_EDGE('',*,*,#6657,.F.);
#6659=ORIENTED_EDGE('',*,*,#5511,.T.);
#6660=ORIENTED_EDGE('',*,*,#6640,.T.);
#6661=EDGE_LOOP('',(#6652,#6658,#6659,#6660));
#6662=FACE_OUTER_BOUND('',#6661,.T.);
#6663=ADVANCED_FACE('',(#6662),#6651,.T.);
#6664=CARTESIAN_POINT('',(0.0,-2.797000000000000,-4.547000000000000));
#6665=DIRECTION('',(-1.0,0.0,0.0));
#6666=DIRECTION('',(0.0,1.0,0.0));
#6667=AXIS2_PLACEMENT_3D('',#6664,#6665,#6666);
#6668=CYLINDRICAL_SURFACE('',#6667,0.406000000000000);
#6669=ORIENTED_EDGE('',*,*,#5855,.T.);
#6670=CARTESIAN_POINT('',(0.0,-2.796999999999998,-4.953000000000001));
#6671=DIRECTION('',(-1.0,0.0,0.0));
#6672=VECTOR('',#6671,0.064000000000000);
#6673=LINE('',#6670,#6672);
#6674=EDGE_CURVE('',#5514,#5841,#6673,.T.);
#6675=ORIENTED_EDGE('',*,*,#6674,.F.);
#6676=ORIENTED_EDGE('',*,*,#5520,.T.);
#6677=ORIENTED_EDGE('',*,*,#6657,.T.);
#6678=EDGE_LOOP('',(#6669,#6675,#6676,#6677));
#6679=FACE_OUTER_BOUND('',#6678,.T.);
#6680=ADVANCED_FACE('',(#6679),#6668,.T.);
#6681=CARTESIAN_POINT('',(0.0,-2.796999999999998,-4.953000000000001));
#6682=DIRECTION('',(0.0,1.0,0.0));
#6683=DIRECTION('',(0.0,0.0,1.0));
#6684=AXIS2_PLACEMENT_3D('',#6681,#6682,#6683);
#6685=PLANE('',#6684);
#6686=ORIENTED_EDGE('',*,*,#5846,.T.);
#6687=ORIENTED_EDGE('',*,*,#4990,.F.);
#6688=ORIENTED_EDGE('',*,*,#5526,.T.);
#6689=ORIENTED_EDGE('',*,*,#6674,.T.);
#6690=EDGE_LOOP('',(#6686,#6687,#6688,#6689));
#6691=FACE_OUTER_BOUND('',#6690,.T.);
#6692=ADVANCED_FACE('',(#6691),#6685,.T.);
#6693=CARTESIAN_POINT('',(0.0,2.796999999999998,-4.857000000000001));
#6694=DIRECTION('',(0.0,-1.0,0.0));
#6695=DIRECTION('',(0.0,0.0,-1.0));
#6696=AXIS2_PLACEMENT_3D('',#6693,#6694,#6695);
#6697=PLANE('',#6696);
#6698=ORIENTED_EDGE('',*,*,#5835,.T.);
#6699=CARTESIAN_POINT('',(0.0,2.796999999999999,-4.953000000000001));
#6700=DIRECTION('',(-1.0,0.0,0.0));
#6701=VECTOR('',#6700,0.064000000000000);
#6702=LINE('',#6699,#6701);
#6703=EDGE_CURVE('',#5532,#5823,#6702,.T.);
#6704=ORIENTED_EDGE('',*,*,#6703,.F.);
#6705=ORIENTED_EDGE('',*,*,#5537,.T.);
#6706=ORIENTED_EDGE('',*,*,#5021,.T.);
#6707=EDGE_LOOP('',(#6698,#6704,#6705,#6706));
#6708=FACE_OUTER_BOUND('',#6707,.T.);
#6709=ADVANCED_FACE('',(#6708),#6697,.T.);
#6710=CARTESIAN_POINT('',(0.0,2.796999999999999,-4.547000000000000));
#6711=DIRECTION('',(-1.0,0.0,0.0));
#6712=DIRECTION('',(0.0,0.0,1.0));
#6713=AXIS2_PLACEMENT_3D('',#6710,#6711,#6712);
#6714=CYLINDRICAL_SURFACE('',#6713,0.406000000000000);
#6715=ORIENTED_EDGE('',*,*,#5829,.T.);
#6716=CARTESIAN_POINT('',(0.0,3.202999999999998,-4.547000000000002));
#6717=DIRECTION('',(-1.0,0.0,0.0));
#6718=VECTOR('',#6717,0.064000000000000);
#6719=LINE('',#6716,#6718);
#6720=EDGE_CURVE('',#5540,#5815,#6719,.T.);
#6721=ORIENTED_EDGE('',*,*,#6720,.F.);
#6722=ORIENTED_EDGE('',*,*,#5546,.T.);
#6723=ORIENTED_EDGE('',*,*,#6703,.T.);
#6724=EDGE_LOOP('',(#6715,#6721,#6722,#6723));
#6725=FACE_OUTER_BOUND('',#6724,.T.);
#6726=ADVANCED_FACE('',(#6725),#6714,.T.);
#6727=CARTESIAN_POINT('',(0.0,3.202999999999998,-4.547000000000002));
#6728=DIRECTION('',(0.0,1.0,0.0));
#6729=DIRECTION('',(0.0,0.0,1.0));
#6730=AXIS2_PLACEMENT_3D('',#6727,#6728,#6729);
#6731=PLANE('',#6730);
#6732=ORIENTED_EDGE('',*,*,#5820,.T.);
#6733=CARTESIAN_POINT('',(0.0,3.202999999999997,4.547000000000002));
#6734=DIRECTION('',(-1.0,0.0,0.0));
#6735=VECTOR('',#6734,0.064000000000000);
#6736=LINE('',#6733,#6735);
#6737=EDGE_CURVE('',#5549,#5806,#6736,.T.);
#6738=ORIENTED_EDGE('',*,*,#6737,.F.);
#6739=ORIENTED_EDGE('',*,*,#5554,.T.);
#6740=ORIENTED_EDGE('',*,*,#6720,.T.);
#6741=EDGE_LOOP('',(#6732,#6738,#6739,#6740));
#6742=FACE_OUTER_BOUND('',#6741,.T.);
#6743=ADVANCED_FACE('',(#6742),#6731,.T.);
#6744=CARTESIAN_POINT('',(0.0,2.796999999999999,4.547000000000000));
#6745=DIRECTION('',(-1.0,0.0,0.0));
#6746=DIRECTION('',(0.0,-1.0,0.0));
#6747=AXIS2_PLACEMENT_3D('',#6744,#6745,#6746);
#6748=CYLINDRICAL_SURFACE('',#6747,0.406000000000000);
#6749=ORIENTED_EDGE('',*,*,#5812,.T.);
#6750=CARTESIAN_POINT('',(0.0,2.796999999999999,4.953000000000001));
#6751=DIRECTION('',(-1.0,0.0,0.0));
#6752=VECTOR('',#6751,0.064000000000000);
#6753=LINE('',#6750,#6752);
#6754=EDGE_CURVE('',#5557,#5798,#6753,.T.);
#6755=ORIENTED_EDGE('',*,*,#6754,.F.);
#6756=ORIENTED_EDGE('',*,*,#5563,.T.);
#6757=ORIENTED_EDGE('',*,*,#6737,.T.);
#6758=EDGE_LOOP('',(#6749,#6755,#6756,#6757));
#6759=FACE_OUTER_BOUND('',#6758,.T.);
#6760=ADVANCED_FACE('',(#6759),#6748,.T.);
#6761=CARTESIAN_POINT('',(0.0,2.796999999999999,4.953000000000001));
#6762=DIRECTION('',(0.0,-1.0,0.0));
#6763=DIRECTION('',(0.0,0.0,-1.0));
#6764=AXIS2_PLACEMENT_3D('',#6761,#6762,#6763);
#6765=PLANE('',#6764);
#6766=ORIENTED_EDGE('',*,*,#5803,.T.);
#6767=ORIENTED_EDGE('',*,*,#6590,.F.);
#6768=ORIENTED_EDGE('',*,*,#5571,.T.);
#6769=ORIENTED_EDGE('',*,*,#6754,.T.);
#6770=EDGE_LOOP('',(#6766,#6767,#6768,#6769));
#6771=FACE_OUTER_BOUND('',#6770,.T.);
#6772=ADVANCED_FACE('',(#6771),#6765,.T.);
#6773=CLOSED_SHELL('',(#115,#146,#179,#201,#241,#274,#305,#329,#371,#402,#435,#457,#497,#530,#561,#585,#627,#658,#691,#713,#753,#786,#817,#841,#883,#914,#947,#969,#1009,#1042,#1073,#1097,#1137,#1170,#1201,#1225,#1267,#1298,#1331,#1353,#1393,#1426,#1457,#1481,#1523,#1554,#1587,#1609,#1649,#1682,#1713,#1737,#1779,#1810,#1843,#1865,#1905,#1938,#1969,#1993,#2035,#2066,#2099,#2121,#2161,#2194,#2225,#2249,#2291,#2322,#2355,#2377,#2417,#2450,#2481,#2505,#2547,#2578,#2611,#2633,#2673,#2706,#2737,#2761,#2803,#2834,#2867,#2889,#2929,#2962,#2993,#3017,#3059,#3090,#3123,#3145,#3185,#3218,#3249,#3273,#3315,#3346,#3379,#3401,#3441,#3474,#3505,#3529,#3571,#3602,#3635,#3657,#3697,#3730,#3761,#3785,#3827,#3858,#3891,#3913,#3953,#3986,#4017,#4041,#4083,#4114,#4147,#4169,#4197,#4225,#4253,#4281,#4309,#4337,#4365,#4393,#4421,#4449,#4477,#4540,#4577,#4631,#4689,#4720,#4778,#4832,#4869,#4923,#4946,#4969,#5000,#5031,#5080,#5129,#5178,#5227,#5276,#5325,#5374,#5423,#5472,#5781,#6090,#6139,#6188,#6221,#6258,#6291,#6349,#6380,#6438,#6471,#6508,#6532,#6555,#6578,#6595,#6612,#6629,#6646,#6663,#6680,#6692,#6709,#6726,#6743,#6760,#6772));
#6774=MANIFOLD_SOLID_BREP('',#6773);
#6775=COLOUR_RGB('Default',0.752941012382507,0.752941012382507,0.752941012382507);
#6776=FILL_AREA_STYLE_COLOUR('Default',#6775);
#6777=FILL_AREA_STYLE('Default',(#6776));
#6778=SURFACE_STYLE_FILL_AREA(#6777);
#6779=SURFACE_SIDE_STYLE('Default',(#6778));
#6780=SURFACE_STYLE_USAGE(.BOTH.,#6779);
#6781=PRESENTATION_STYLE_ASSIGNMENT((#6780));
#6782=STYLED_ITEM('',(#6781),#6774);
#6783=MECHANICAL_DESIGN_GEOMETRIC_PRESENTATION_REPRESENTATION('',(#6782),#42);
#6784=ADVANCED_BREP_SHAPE_REPRESENTATION('ABSR',(#6774),#42);
#6785=SHAPE_REPRESENTATION_RELATIONSHIP('SRR','None',#6784,#47);
ENDSEC;
END-ISO-10303-21;
