ISO-10303-21;
HEADER;
/****************************************************************
 * Generated by software with PDE/Lib inside                    *
 * PDElib Version v51a, created Thu 12/14/2006                  *
 * International Technegroup Inc. (www.iti-oh.com)              *
 ****************************************************************/
FILE_DESCRIPTION((''),'2;1');
FILE_NAME('E:\\Eng\\Customer Service\\Drawings\\1401\\3D Files\\1401K\\1401K - End Panel.stp','2007-10-24T08:26:52',('trinas'),(''),'Autodesk Inventor 2008','Autodesk Inventor 2008','');
FILE_SCHEMA(('AUTOMOTIVE_DESIGN { 1 0 10303 214 1 1 1 1 }'));
ENDSEC;
DATA;
#5=APPLICATION_CONTEXT('automotive design');
#6=APPLICATION_PROTOCOL_DEFINITION('International Standard','automotive_design',2001,#5);
#7=PRODUCT_CONTEXT('',#5,'mechanical');
#8=PRODUCT('1401K - End Panel','1401K - End Panel',$,(#7));
#9=PRODUCT_RELATED_PRODUCT_CATEGORY('part',$,(#8));
#10=PRODUCT_DEFINITION_FORMATION('',$,#8);
#11=PRODUCT_DEFINITION_CONTEXT('part definition',#5,'design');
#12=PRODUCT_DEFINITION('',$,#10,#11);
#18=(NAMED_UNIT(*)PLANE_ANGLE_UNIT()SI_UNIT($,.RADIAN.));
#19=DIMENSIONAL_EXPONENTS(0.0,0.0,0.0,0.0,0.0,0.0,0.0);
#20=PLANE_ANGLE_MEASURE_WITH_UNIT(PLANE_ANGLE_MEASURE(0.017453292500000),#18);
#24=(CONVERSION_BASED_UNIT('DEGREE',#20)NAMED_UNIT(#19)PLANE_ANGLE_UNIT());
#28=(NAMED_UNIT(*)SI_UNIT($,.STERADIAN.)SOLID_ANGLE_UNIT());
#32=(LENGTH_UNIT()NAMED_UNIT(*)SI_UNIT(.CENTI.,.METRE.));
#33=DIMENSIONAL_EXPONENTS(1.0,0.0,0.0,0.0,0.0,0.0,0.0);
#34=LENGTH_MEASURE_WITH_UNIT(LENGTH_MEASURE(2.540000000000000),#32);
#38=(CONVERSION_BASED_UNIT('INCH',#34)LENGTH_UNIT()NAMED_UNIT(#33));
#40=UNCERTAINTY_MEASURE_WITH_UNIT(LENGTH_MEASURE(0.000393700787402),#38,'DISTANCE_ACCURACY_VALUE','');
#42=(GEOMETRIC_REPRESENTATION_CONTEXT(3)GLOBAL_UNCERTAINTY_ASSIGNED_CONTEXT((#40))GLOBAL_UNIT_ASSIGNED_CONTEXT((#24,#28,#38))REPRESENTATION_CONTEXT('None','None'));
#43=AXIS2_PLACEMENT_3D('',#44,#45,#46);
#44=CARTESIAN_POINT('',(0.0,0.0,0.0));
#45=DIRECTION('',(0.0,0.0,1.0));
#46=DIRECTION('',(1.0,0.0,0.0));
#47=SHAPE_REPRESENTATION('',(#43),#42);
#48=PRODUCT_DEFINITION_SHAPE('','',#12);
#49=SHAPE_DEFINITION_REPRESENTATION(#48,#47);
#55=(NAMED_UNIT(*)PLANE_ANGLE_UNIT()SI_UNIT($,.RADIAN.));
#56=DIMENSIONAL_EXPONENTS(0.0,0.0,0.0,0.0,0.0,0.0,0.0);
#57=PLANE_ANGLE_MEASURE_WITH_UNIT(PLANE_ANGLE_MEASURE(0.017453292500000),#55);
#61=(CONVERSION_BASED_UNIT('DEGREE',#57)NAMED_UNIT(#56)PLANE_ANGLE_UNIT());
#65=(NAMED_UNIT(*)SI_UNIT($,.STERADIAN.)SOLID_ANGLE_UNIT());
#69=(LENGTH_UNIT()NAMED_UNIT(*)SI_UNIT(.MILLI.,.METRE.));
#71=UNCERTAINTY_MEASURE_WITH_UNIT(LENGTH_MEASURE(0.000001000000000),#69,'DISTANCE_ACCURACY_VALUE','');
#73=(GEOMETRIC_REPRESENTATION_CONTEXT(3)GLOBAL_UNCERTAINTY_ASSIGNED_CONTEXT((#71))GLOBAL_UNIT_ASSIGNED_CONTEXT((#61,#65,#69))REPRESENTATION_CONTEXT('','3D'));
#74=CARTESIAN_POINT('',(11.188394812669323,-2.483000000000011,-4.516000000000119));
#75=DIRECTION('',(1.0,3.614208E-030,-1.652536E-016));
#76=DIRECTION('',(0.0,0.0,-1.0));
#77=AXIS2_PLACEMENT_3D('',#74,#75,#76);
#78=CYLINDRICAL_SURFACE('',#77,0.109000000000000);
#79=CARTESIAN_POINT('',(-0.561000000000000,-2.483000000000014,-4.407000000000117));
#80=VERTEX_POINT('',#79);
#81=CARTESIAN_POINT('',(-0.561000000000000,-2.483000000000011,-4.516000000000117));
#82=DIRECTION('',(-1.0,0.0,0.0));
#83=DIRECTION('',(0.0,0.0,-1.0));
#84=AXIS2_PLACEMENT_3D('',#81,#82,#83);
#85=CIRCLE('',#84,0.109000000000000);
#86=EDGE_CURVE('',#80,#80,#85,.T.);
#87=ORIENTED_EDGE('',*,*,#86,.F.);
#88=EDGE_LOOP('',(#87));
#89=FACE_OUTER_BOUND('',#88,.T.);
#90=CARTESIAN_POINT('',(-0.625000000000000,-2.483000000000009,-4.625000000000116));
#91=VERTEX_POINT('',#90);
#92=CARTESIAN_POINT('',(-0.624999999999999,-2.483000000000011,-4.516000000000117));
#93=DIRECTION('',(1.0,0.0,0.0));
#94=DIRECTION('',(0.0,0.0,-1.0));
#95=AXIS2_PLACEMENT_3D('',#92,#93,#94);
#96=CIRCLE('',#95,0.109000000000000);
#97=EDGE_CURVE('',#91,#91,#96,.T.);
#98=ORIENTED_EDGE('',*,*,#97,.F.);
#99=EDGE_LOOP('',(#98));
#100=FACE_BOUND('',#99,.T.);
#101=ADVANCED_FACE('',(#89,#100),#78,.F.);
#102=CARTESIAN_POINT('',(11.188394812669323,2.516999999999989,-4.516000000000010));
#103=DIRECTION('',(1.0,3.614208E-030,-1.652536E-016));
#104=DIRECTION('',(0.0,0.0,-1.0));
#105=AXIS2_PLACEMENT_3D('',#102,#103,#104);
#106=CYLINDRICAL_SURFACE('',#105,0.109000000000000);
#107=CARTESIAN_POINT('',(-0.561000000000000,2.516999999999987,-4.407000000000008));
#108=VERTEX_POINT('',#107);
#109=CARTESIAN_POINT('',(-0.561000000000000,2.516999999999989,-4.516000000000008));
#110=DIRECTION('',(-1.0,0.0,0.0));
#111=DIRECTION('',(0.0,0.0,-1.0));
#112=AXIS2_PLACEMENT_3D('',#109,#110,#111);
#113=CIRCLE('',#112,0.109000000000000);
#114=EDGE_CURVE('',#108,#108,#113,.T.);
#115=ORIENTED_EDGE('',*,*,#114,.F.);
#116=EDGE_LOOP('',(#115));
#117=FACE_OUTER_BOUND('',#116,.T.);
#118=CARTESIAN_POINT('',(-0.625000000000000,2.516999999999992,-4.625000000000007));
#119=VERTEX_POINT('',#118);
#120=CARTESIAN_POINT('',(-0.624999999999999,2.516999999999989,-4.516000000000008));
#121=DIRECTION('',(1.0,0.0,0.0));
#122=DIRECTION('',(0.0,0.0,-1.0));
#123=AXIS2_PLACEMENT_3D('',#120,#121,#122);
#124=CIRCLE('',#123,0.109000000000000);
#125=EDGE_CURVE('',#119,#119,#124,.T.);
#126=ORIENTED_EDGE('',*,*,#125,.F.);
#127=EDGE_LOOP('',(#126));
#128=FACE_BOUND('',#127,.T.);
#129=ADVANCED_FACE('',(#117,#128),#106,.F.);
#130=CARTESIAN_POINT('',(11.188394812669323,1.891999999999989,-4.516000000000023));
#131=DIRECTION('',(1.0,3.614208E-030,-1.652536E-016));
#132=DIRECTION('',(0.0,0.0,-1.0));
#133=AXIS2_PLACEMENT_3D('',#130,#131,#132);
#134=CYLINDRICAL_SURFACE('',#133,0.109000000000000);
#135=CARTESIAN_POINT('',(-0.561000000000000,1.891999999999987,-4.407000000000021));
#136=VERTEX_POINT('',#135);
#137=CARTESIAN_POINT('',(-0.561000000000000,1.891999999999989,-4.516000000000021));
#138=DIRECTION('',(-1.0,0.0,0.0));
#139=DIRECTION('',(0.0,0.0,-1.0));
#140=AXIS2_PLACEMENT_3D('',#137,#138,#139);
#141=CIRCLE('',#140,0.109000000000000);
#142=EDGE_CURVE('',#136,#136,#141,.T.);
#143=ORIENTED_EDGE('',*,*,#142,.F.);
#144=EDGE_LOOP('',(#143));
#145=FACE_OUTER_BOUND('',#144,.T.);
#146=CARTESIAN_POINT('',(-0.625000000000000,1.891999999999992,-4.625000000000020));
#147=VERTEX_POINT('',#146);
#148=CARTESIAN_POINT('',(-0.624999999999999,1.891999999999989,-4.516000000000021));
#149=DIRECTION('',(1.0,0.0,0.0));
#150=DIRECTION('',(0.0,0.0,-1.0));
#151=AXIS2_PLACEMENT_3D('',#148,#149,#150);
#152=CIRCLE('',#151,0.109000000000000);
#153=EDGE_CURVE('',#147,#147,#152,.T.);
#154=ORIENTED_EDGE('',*,*,#153,.F.);
#155=EDGE_LOOP('',(#154));
#156=FACE_BOUND('',#155,.T.);
#157=ADVANCED_FACE('',(#145,#156),#134,.F.);
#158=CARTESIAN_POINT('',(11.188394812669323,1.266999999999989,-4.516000000000037));
#159=DIRECTION('',(1.0,3.614208E-030,-1.652536E-016));
#160=DIRECTION('',(0.0,0.0,-1.0));
#161=AXIS2_PLACEMENT_3D('',#158,#159,#160);
#162=CYLINDRICAL_SURFACE('',#161,0.109000000000000);
#163=CARTESIAN_POINT('',(-0.561000000000000,1.266999999999987,-4.407000000000036));
#164=VERTEX_POINT('',#163);
#165=CARTESIAN_POINT('',(-0.561000000000000,1.266999999999989,-4.516000000000035));
#166=DIRECTION('',(-1.0,0.0,0.0));
#167=DIRECTION('',(0.0,0.0,-1.0));
#168=AXIS2_PLACEMENT_3D('',#165,#166,#167);
#169=CIRCLE('',#168,0.109000000000000);
#170=EDGE_CURVE('',#164,#164,#169,.T.);
#171=ORIENTED_EDGE('',*,*,#170,.F.);
#172=EDGE_LOOP('',(#171));
#173=FACE_OUTER_BOUND('',#172,.T.);
#174=CARTESIAN_POINT('',(-0.625000000000000,1.266999999999992,-4.625000000000035));
#175=VERTEX_POINT('',#174);
#176=CARTESIAN_POINT('',(-0.624999999999999,1.266999999999989,-4.516000000000035));
#177=DIRECTION('',(1.0,0.0,0.0));
#178=DIRECTION('',(0.0,0.0,-1.0));
#179=AXIS2_PLACEMENT_3D('',#176,#177,#178);
#180=CIRCLE('',#179,0.109000000000000);
#181=EDGE_CURVE('',#175,#175,#180,.T.);
#182=ORIENTED_EDGE('',*,*,#181,.F.);
#183=EDGE_LOOP('',(#182));
#184=FACE_BOUND('',#183,.T.);
#185=ADVANCED_FACE('',(#173,#184),#162,.F.);
#186=CARTESIAN_POINT('',(11.188394812669323,0.641999999999989,-4.516000000000051));
#187=DIRECTION('',(1.0,3.614208E-030,-1.652536E-016));
#188=DIRECTION('',(0.0,0.0,-1.0));
#189=AXIS2_PLACEMENT_3D('',#186,#187,#188);
#190=CYLINDRICAL_SURFACE('',#189,0.109000000000000);
#191=CARTESIAN_POINT('',(-0.561000000000000,0.641999999999987,-4.407000000000049));
#192=VERTEX_POINT('',#191);
#193=CARTESIAN_POINT('',(-0.561000000000000,0.641999999999989,-4.516000000000048));
#194=DIRECTION('',(-1.0,0.0,0.0));
#195=DIRECTION('',(0.0,0.0,-1.0));
#196=AXIS2_PLACEMENT_3D('',#193,#194,#195);
#197=CIRCLE('',#196,0.109000000000000);
#198=EDGE_CURVE('',#192,#192,#197,.T.);
#199=ORIENTED_EDGE('',*,*,#198,.F.);
#200=EDGE_LOOP('',(#199));
#201=FACE_OUTER_BOUND('',#200,.T.);
#202=CARTESIAN_POINT('',(-0.625000000000000,0.641999999999992,-4.625000000000048));
#203=VERTEX_POINT('',#202);
#204=CARTESIAN_POINT('',(-0.624999999999999,0.641999999999989,-4.516000000000048));
#205=DIRECTION('',(1.0,0.0,0.0));
#206=DIRECTION('',(0.0,0.0,-1.0));
#207=AXIS2_PLACEMENT_3D('',#204,#205,#206);
#208=CIRCLE('',#207,0.109000000000000);
#209=EDGE_CURVE('',#203,#203,#208,.T.);
#210=ORIENTED_EDGE('',*,*,#209,.F.);
#211=EDGE_LOOP('',(#210));
#212=FACE_BOUND('',#211,.T.);
#213=ADVANCED_FACE('',(#201,#212),#190,.F.);
#214=CARTESIAN_POINT('',(11.188394812669323,0.016999999999989,-4.516000000000064));
#215=DIRECTION('',(1.0,3.614208E-030,-1.652536E-016));
#216=DIRECTION('',(0.0,0.0,-1.0));
#217=AXIS2_PLACEMENT_3D('',#214,#215,#216);
#218=CYLINDRICAL_SURFACE('',#217,0.109000000000000);
#219=CARTESIAN_POINT('',(-0.561000000000000,0.016999999999987,-4.407000000000062));
#220=VERTEX_POINT('',#219);
#221=CARTESIAN_POINT('',(-0.561000000000000,0.016999999999989,-4.516000000000062));
#222=DIRECTION('',(-1.0,0.0,0.0));
#223=DIRECTION('',(0.0,0.0,-1.0));
#224=AXIS2_PLACEMENT_3D('',#221,#222,#223);
#225=CIRCLE('',#224,0.109000000000000);
#226=EDGE_CURVE('',#220,#220,#225,.T.);
#227=ORIENTED_EDGE('',*,*,#226,.F.);
#228=EDGE_LOOP('',(#227));
#229=FACE_OUTER_BOUND('',#228,.T.);
#230=CARTESIAN_POINT('',(-0.625000000000000,0.016999999999992,-4.625000000000062));
#231=VERTEX_POINT('',#230);
#232=CARTESIAN_POINT('',(-0.624999999999999,0.016999999999989,-4.516000000000062));
#233=DIRECTION('',(1.0,0.0,0.0));
#234=DIRECTION('',(0.0,0.0,-1.0));
#235=AXIS2_PLACEMENT_3D('',#232,#233,#234);
#236=CIRCLE('',#235,0.109000000000000);
#237=EDGE_CURVE('',#231,#231,#236,.T.);
#238=ORIENTED_EDGE('',*,*,#237,.F.);
#239=EDGE_LOOP('',(#238));
#240=FACE_BOUND('',#239,.T.);
#241=ADVANCED_FACE('',(#229,#240),#218,.F.);
#242=CARTESIAN_POINT('',(11.188394812669323,-0.608000000000011,-4.516000000000077));
#243=DIRECTION('',(1.0,3.614208E-030,-1.652536E-016));
#244=DIRECTION('',(0.0,0.0,-1.0));
#245=AXIS2_PLACEMENT_3D('',#242,#243,#244);
#246=CYLINDRICAL_SURFACE('',#245,0.109000000000000);
#247=CARTESIAN_POINT('',(-0.561000000000000,-0.608000000000013,-4.407000000000076));
#248=VERTEX_POINT('',#247);
#249=CARTESIAN_POINT('',(-0.561000000000000,-0.608000000000011,-4.516000000000076));
#250=DIRECTION('',(-1.0,0.0,0.0));
#251=DIRECTION('',(0.0,0.0,-1.0));
#252=AXIS2_PLACEMENT_3D('',#249,#250,#251);
#253=CIRCLE('',#252,0.109000000000000);
#254=EDGE_CURVE('',#248,#248,#253,.T.);
#255=ORIENTED_EDGE('',*,*,#254,.F.);
#256=EDGE_LOOP('',(#255));
#257=FACE_OUTER_BOUND('',#256,.T.);
#258=CARTESIAN_POINT('',(-0.625000000000000,-0.608000000000009,-4.625000000000076));
#259=VERTEX_POINT('',#258);
#260=CARTESIAN_POINT('',(-0.624999999999999,-0.608000000000011,-4.516000000000076));
#261=DIRECTION('',(1.0,0.0,0.0));
#262=DIRECTION('',(0.0,0.0,-1.0));
#263=AXIS2_PLACEMENT_3D('',#260,#261,#262);
#264=CIRCLE('',#263,0.109000000000000);
#265=EDGE_CURVE('',#259,#259,#264,.T.);
#266=ORIENTED_EDGE('',*,*,#265,.F.);
#267=EDGE_LOOP('',(#266));
#268=FACE_BOUND('',#267,.T.);
#269=ADVANCED_FACE('',(#257,#268),#246,.F.);
#270=CARTESIAN_POINT('',(11.188394812669323,-1.233000000000011,-4.516000000000092));
#271=DIRECTION('',(1.0,3.614208E-030,-1.652536E-016));
#272=DIRECTION('',(0.0,0.0,-1.0));
#273=AXIS2_PLACEMENT_3D('',#270,#271,#272);
#274=CYLINDRICAL_SURFACE('',#273,0.109000000000000);
#275=CARTESIAN_POINT('',(-0.561000000000000,-1.233000000000013,-4.407000000000090));
#276=VERTEX_POINT('',#275);
#277=CARTESIAN_POINT('',(-0.561000000000000,-1.233000000000011,-4.516000000000090));
#278=DIRECTION('',(-1.0,0.0,0.0));
#279=DIRECTION('',(0.0,0.0,-1.0));
#280=AXIS2_PLACEMENT_3D('',#277,#278,#279);
#281=CIRCLE('',#280,0.109000000000000);
#282=EDGE_CURVE('',#276,#276,#281,.T.);
#283=ORIENTED_EDGE('',*,*,#282,.F.);
#284=EDGE_LOOP('',(#283));
#285=FACE_OUTER_BOUND('',#284,.T.);
#286=CARTESIAN_POINT('',(-0.625000000000000,-1.233000000000009,-4.625000000000090));
#287=VERTEX_POINT('',#286);
#288=CARTESIAN_POINT('',(-0.624999999999999,-1.233000000000011,-4.516000000000090));
#289=DIRECTION('',(1.0,0.0,0.0));
#290=DIRECTION('',(0.0,0.0,-1.0));
#291=AXIS2_PLACEMENT_3D('',#288,#289,#290);
#292=CIRCLE('',#291,0.109000000000000);
#293=EDGE_CURVE('',#287,#287,#292,.T.);
#294=ORIENTED_EDGE('',*,*,#293,.F.);
#295=EDGE_LOOP('',(#294));
#296=FACE_BOUND('',#295,.T.);
#297=ADVANCED_FACE('',(#285,#296),#274,.F.);
#298=CARTESIAN_POINT('',(11.188394812669323,-1.858000000000011,-4.516000000000105));
#299=DIRECTION('',(1.0,3.614208E-030,-1.652536E-016));
#300=DIRECTION('',(0.0,0.0,-1.0));
#301=AXIS2_PLACEMENT_3D('',#298,#299,#300);
#302=CYLINDRICAL_SURFACE('',#301,0.109000000000000);
#303=CARTESIAN_POINT('',(-0.561000000000000,-1.858000000000014,-4.407000000000103));
#304=VERTEX_POINT('',#303);
#305=CARTESIAN_POINT('',(-0.561000000000000,-1.858000000000011,-4.516000000000103));
#306=DIRECTION('',(-1.0,0.0,0.0));
#307=DIRECTION('',(0.0,0.0,-1.0));
#308=AXIS2_PLACEMENT_3D('',#305,#306,#307);
#309=CIRCLE('',#308,0.109000000000000);
#310=EDGE_CURVE('',#304,#304,#309,.T.);
#311=ORIENTED_EDGE('',*,*,#310,.F.);
#312=EDGE_LOOP('',(#311));
#313=FACE_OUTER_BOUND('',#312,.T.);
#314=CARTESIAN_POINT('',(-0.625000000000000,-1.858000000000009,-4.625000000000102));
#315=VERTEX_POINT('',#314);
#316=CARTESIAN_POINT('',(-0.624999999999999,-1.858000000000011,-4.516000000000103));
#317=DIRECTION('',(1.0,0.0,0.0));
#318=DIRECTION('',(0.0,0.0,-1.0));
#319=AXIS2_PLACEMENT_3D('',#316,#317,#318);
#320=CIRCLE('',#319,0.109000000000000);
#321=EDGE_CURVE('',#315,#315,#320,.T.);
#322=ORIENTED_EDGE('',*,*,#321,.F.);
#323=EDGE_LOOP('',(#322));
#324=FACE_BOUND('',#323,.T.);
#325=ADVANCED_FACE('',(#313,#324),#302,.F.);
#326=CARTESIAN_POINT('',(-0.321000000000001,-1.233000000000260,6.860394812669234));
#327=DIRECTION('',(-1.009459E-016,-2.187068E-014,1.0));
#328=DIRECTION('',(1.0,0.0,0.0));
#329=AXIS2_PLACEMENT_3D('',#326,#327,#328);
#330=CYLINDRICAL_SURFACE('',#329,0.058000000000000);
#331=CARTESIAN_POINT('',(-0.379000000000000,-1.233000000000003,-4.889000000000090));
#332=VERTEX_POINT('',#331);
#333=CARTESIAN_POINT('',(-0.321000000000000,-1.233000000000003,-4.889000000000090));
#334=DIRECTION('',(0.0,0.0,-1.0));
#335=DIRECTION('',(1.0,0.0,0.0));
#336=AXIS2_PLACEMENT_3D('',#333,#334,#335);
#337=CIRCLE('',#336,0.058000000000000);
#338=EDGE_CURVE('',#332,#332,#337,.T.);
#339=ORIENTED_EDGE('',*,*,#338,.F.);
#340=EDGE_LOOP('',(#339));
#341=FACE_OUTER_BOUND('',#340,.T.);
#342=CARTESIAN_POINT('',(-0.263000000000000,-1.233000000000002,-4.953000000000090));
#343=VERTEX_POINT('',#342);
#344=CARTESIAN_POINT('',(-0.321000000000000,-1.233000000000002,-4.953000000000091));
#345=DIRECTION('',(0.0,0.0,1.0));
#346=DIRECTION('',(1.0,0.0,0.0));
#347=AXIS2_PLACEMENT_3D('',#344,#345,#346);
#348=CIRCLE('',#347,0.058000000000000);
#349=EDGE_CURVE('',#343,#343,#348,.T.);
#350=ORIENTED_EDGE('',*,*,#349,.F.);
#351=EDGE_LOOP('',(#350));
#352=FACE_BOUND('',#351,.T.);
#353=ADVANCED_FACE('',(#341,#352),#330,.F.);
#354=CARTESIAN_POINT('',(-0.321000000000001,1.266999999999740,6.860394812669288));
#355=DIRECTION('',(-1.009459E-016,-2.187068E-014,1.0));
#356=DIRECTION('',(1.0,0.0,0.0));
#357=AXIS2_PLACEMENT_3D('',#354,#355,#356);
#358=CYLINDRICAL_SURFACE('',#357,0.058000000000000);
#359=CARTESIAN_POINT('',(-0.379000000000000,1.266999999999997,-4.889000000000034));
#360=VERTEX_POINT('',#359);
#361=CARTESIAN_POINT('',(-0.321000000000000,1.266999999999997,-4.889000000000034));
#362=DIRECTION('',(0.0,0.0,-1.0));
#363=DIRECTION('',(1.0,0.0,0.0));
#364=AXIS2_PLACEMENT_3D('',#361,#362,#363);
#365=CIRCLE('',#364,0.058000000000000);
#366=EDGE_CURVE('',#360,#360,#365,.T.);
#367=ORIENTED_EDGE('',*,*,#366,.F.);
#368=EDGE_LOOP('',(#367));
#369=FACE_OUTER_BOUND('',#368,.T.);
#370=CARTESIAN_POINT('',(-0.263000000000000,1.266999999999999,-4.953000000000035));
#371=VERTEX_POINT('',#370);
#372=CARTESIAN_POINT('',(-0.321000000000000,1.266999999999999,-4.953000000000034));
#373=DIRECTION('',(0.0,0.0,1.0));
#374=DIRECTION('',(1.0,0.0,0.0));
#375=AXIS2_PLACEMENT_3D('',#372,#373,#374);
#376=CIRCLE('',#375,0.058000000000000);
#377=EDGE_CURVE('',#371,#371,#376,.T.);
#378=ORIENTED_EDGE('',*,*,#377,.F.);
#379=EDGE_LOOP('',(#378));
#380=FACE_BOUND('',#379,.T.);
#381=ADVANCED_FACE('',(#369,#380),#358,.F.);
#382=CARTESIAN_POINT('',(-0.064000000000000,-2.733000000000005,-4.857000000000122));
#383=CARTESIAN_POINT('',(-0.064000000000000,2.766999999999998,-4.857000000000002));
#384=CARTESIAN_POINT('',(-0.064000000000000,-2.733000000000004,-4.889000000000122));
#385=CARTESIAN_POINT('',(-0.064000000000000,2.766999999999999,-4.889000000000002));
#386=CARTESIAN_POINT('',(-0.096000000000000,-2.733000000000004,-4.889000000000122));
#387=CARTESIAN_POINT('',(-0.096000000000000,2.766999999999999,-4.889000000000002));
#388=CARTESIAN_POINT('',(-0.128000000000000,-2.733000000000004,-4.889000000000122));
#389=CARTESIAN_POINT('',(-0.128000000000000,2.766999999999999,-4.889000000000002));
#390=CARTESIAN_POINT('',(-0.128000000000000,-2.733000000000005,-4.857000000000122));
#391=CARTESIAN_POINT('',(-0.128000000000000,2.766999999999998,-4.857000000000002));
#392=CARTESIAN_POINT('',(-0.128000000000000,-2.733000000000006,-4.825000000000122));
#393=CARTESIAN_POINT('',(-0.128000000000000,2.766999999999997,-4.825000000000002));
#394=CARTESIAN_POINT('',(-0.096000000000000,-2.733000000000006,-4.825000000000122));
#395=CARTESIAN_POINT('',(-0.096000000000000,2.766999999999997,-4.825000000000002));
#396=CARTESIAN_POINT('',(-0.064000000000000,-2.733000000000006,-4.825000000000122));
#397=CARTESIAN_POINT('',(-0.064000000000000,2.766999999999997,-4.825000000000002));
#398=CARTESIAN_POINT('',(-0.064000000000000,-2.733000000000005,-4.857000000000122));
#399=CARTESIAN_POINT('',(-0.064000000000000,2.766999999999998,-4.857000000000002));
#407=(BOUNDED_SURFACE()B_SPLINE_SURFACE(1,2,((#382,#384,#386,#388,#390,#392,#394,#396,#398),(#383,#385,#387,#389,#391,#393,#395,#397,#399)),.UNSPECIFIED.,.F.,.T.,.U.)B_SPLINE_SURFACE_WITH_KNOTS((2,2),(3,2,2,2,3),(-171.875000000000060,2.842171E-014),(0.0,0.050265482457437,0.100530964914873,0.150796447372310,0.201061929829747),.UNSPECIFIED.)GEOMETRIC_REPRESENTATION_ITEM()RATIONAL_B_SPLINE_SURFACE(((1.0,0.707106781186548,1.0,0.707106781186548,1.0,0.707106781186548,1.0,0.707106781186548,1.0),(1.0,0.707106781186548,1.0,0.707106781186548,1.0,0.707106781186548,1.0,0.707106781186548,1.0)))REPRESENTATION_ITEM('')SURFACE());
#408=CARTESIAN_POINT('',(-0.064000000000000,-2.733000000000004,-4.857000000000123));
#409=VERTEX_POINT('',#408);
#410=CARTESIAN_POINT('',(-0.096000000000000,-2.733000000000003,-4.889000000000122));
#411=VERTEX_POINT('',#410);
#412=CARTESIAN_POINT('',(-0.096000000000000,-2.733000000000004,-4.857000000000123));
#413=DIRECTION('',(0.0,1.0,0.0));
#414=DIRECTION('',(-1.0,0.0,0.0));
#415=AXIS2_PLACEMENT_3D('',#412,#413,#414);
#416=CIRCLE('',#415,0.032000000000000);
#417=EDGE_CURVE('',#409,#411,#416,.T.);
#418=ORIENTED_EDGE('',*,*,#417,.F.);
#419=CARTESIAN_POINT('',(-0.064000000000000,2.766999999999997,-4.857000000000002));
#420=VERTEX_POINT('',#419);
#421=CARTESIAN_POINT('',(-0.064000000000000,-2.733000000000004,-4.857000000000123));
#422=DIRECTION('',(0.0,1.0,0.0));
#423=VECTOR('',#422,5.500000000000001);
#424=LINE('',#421,#423);
#425=EDGE_CURVE('',#409,#420,#424,.T.);
#426=ORIENTED_EDGE('',*,*,#425,.T.);
#427=CARTESIAN_POINT('',(-0.096000000000000,2.766999999999997,-4.889000000000002));
#428=VERTEX_POINT('',#427);
#429=CARTESIAN_POINT('',(-0.096000000000000,2.766999999999997,-4.857000000000002));
#430=DIRECTION('',(0.0,-1.0,0.0));
#431=DIRECTION('',(-1.0,0.0,0.0));
#432=AXIS2_PLACEMENT_3D('',#429,#430,#431);
#433=CIRCLE('',#432,0.032000000000000);
#434=EDGE_CURVE('',#428,#420,#433,.T.);
#435=ORIENTED_EDGE('',*,*,#434,.F.);
#436=CARTESIAN_POINT('',(-0.096000000000000,2.766999999999997,-4.889000000000002));
#437=DIRECTION('',(0.0,-1.0,0.0));
#438=VECTOR('',#437,5.500000000000000);
#439=LINE('',#436,#438);
#440=EDGE_CURVE('',#428,#411,#439,.T.);
#441=ORIENTED_EDGE('',*,*,#440,.T.);
#442=EDGE_LOOP('',(#418,#426,#435,#441));
#443=FACE_OUTER_BOUND('',#442,.T.);
#444=ADVANCED_FACE('',(#443),#407,.T.);
#445=CARTESIAN_POINT('',(-0.096000000000000,2.766999999999997,-4.889000000000002));
#446=CARTESIAN_POINT('',(-0.529000000000000,2.766999999999997,-4.889000000000002));
#447=CARTESIAN_POINT('',(-0.096000000000000,-2.733000000000004,-4.889000000000122));
#448=CARTESIAN_POINT('',(-0.529000000000000,-2.733000000000004,-4.889000000000121));
#449=B_SPLINE_SURFACE_WITH_KNOTS('',1,1,((#445,#447),(#446,#448)),.UNSPECIFIED.,.F.,.F.,.U.,(2,2),(2,2),(0.0,0.433000000000000),(0.0,5.500000000000001),.UNSPECIFIED.);
#450=CARTESIAN_POINT('',(-0.529000000000000,-2.733000000000003,-4.889000000000122));
#451=VERTEX_POINT('',#450);
#452=CARTESIAN_POINT('',(-0.096000000000000,-2.733000000000003,-4.889000000000122));
#453=DIRECTION('',(-1.0,0.0,0.0));
#454=VECTOR('',#453,0.433000000000000);
#455=LINE('',#452,#454);
#456=EDGE_CURVE('',#411,#451,#455,.T.);
#457=ORIENTED_EDGE('',*,*,#456,.F.);
#458=ORIENTED_EDGE('',*,*,#440,.F.);
#459=CARTESIAN_POINT('',(-0.529000000000000,2.766999999999997,-4.889000000000002));
#460=VERTEX_POINT('',#459);
#461=CARTESIAN_POINT('',(-0.529000000000000,2.766999999999997,-4.889000000000002));
#462=DIRECTION('',(1.0,0.0,0.0));
#463=VECTOR('',#462,0.433000000000000);
#464=LINE('',#461,#463);
#465=EDGE_CURVE('',#460,#428,#464,.T.);
#466=ORIENTED_EDGE('',*,*,#465,.F.);
#467=CARTESIAN_POINT('',(-0.529000000000000,2.766999999999997,-4.889000000000002));
#468=DIRECTION('',(0.0,-1.0,0.0));
#469=VECTOR('',#468,5.500000000000000);
#470=LINE('',#467,#469);
#471=EDGE_CURVE('',#460,#451,#470,.T.);
#472=ORIENTED_EDGE('',*,*,#471,.T.);
#473=EDGE_LOOP('',(#457,#458,#466,#472));
#474=FACE_OUTER_BOUND('',#473,.T.);
#475=ORIENTED_EDGE('',*,*,#338,.T.);
#476=EDGE_LOOP('',(#475));
#477=FACE_BOUND('',#476,.T.);
#478=ORIENTED_EDGE('',*,*,#366,.T.);
#479=EDGE_LOOP('',(#478));
#480=FACE_BOUND('',#479,.T.);
#481=ADVANCED_FACE('',(#474,#477,#480),#449,.T.);
#482=CARTESIAN_POINT('',(-0.529000000000000,-2.733000000000004,-4.889000000000122));
#483=CARTESIAN_POINT('',(-0.529000000000000,2.766999999999999,-4.889000000000002));
#484=CARTESIAN_POINT('',(-0.561000000000000,-2.733000000000004,-4.889000000000122));
#485=CARTESIAN_POINT('',(-0.561000000000000,2.766999999999999,-4.889000000000002));
#486=CARTESIAN_POINT('',(-0.561000000000000,-2.733000000000005,-4.857000000000122));
#487=CARTESIAN_POINT('',(-0.561000000000000,2.766999999999998,-4.857000000000002));
#488=CARTESIAN_POINT('',(-0.561000000000000,-2.733000000000006,-4.825000000000122));
#489=CARTESIAN_POINT('',(-0.561000000000000,2.766999999999997,-4.825000000000002));
#490=CARTESIAN_POINT('',(-0.529000000000000,-2.733000000000006,-4.825000000000122));
#491=CARTESIAN_POINT('',(-0.529000000000000,2.766999999999997,-4.825000000000002));
#492=CARTESIAN_POINT('',(-0.497000000000000,-2.733000000000006,-4.825000000000122));
#493=CARTESIAN_POINT('',(-0.497000000000000,2.766999999999997,-4.825000000000002));
#494=CARTESIAN_POINT('',(-0.497000000000000,-2.733000000000005,-4.857000000000122));
#495=CARTESIAN_POINT('',(-0.497000000000000,2.766999999999998,-4.857000000000002));
#496=CARTESIAN_POINT('',(-0.497000000000000,-2.733000000000004,-4.889000000000122));
#497=CARTESIAN_POINT('',(-0.497000000000000,2.766999999999999,-4.889000000000002));
#498=CARTESIAN_POINT('',(-0.529000000000000,-2.733000000000004,-4.889000000000122));
#499=CARTESIAN_POINT('',(-0.529000000000000,2.766999999999999,-4.889000000000002));
#507=(BOUNDED_SURFACE()B_SPLINE_SURFACE(1,2,((#482,#484,#486,#488,#490,#492,#494,#496,#498),(#483,#485,#487,#489,#491,#493,#495,#497,#499)),.UNSPECIFIED.,.F.,.T.,.U.)B_SPLINE_SURFACE_WITH_KNOTS((2,2),(3,2,2,2,3),(-171.875000000000060,2.842171E-014),(0.0,0.050265482457437,0.100530964914873,0.150796447372310,0.201061929829747),.UNSPECIFIED.)GEOMETRIC_REPRESENTATION_ITEM()RATIONAL_B_SPLINE_SURFACE(((1.0,0.707106781186548,1.0,0.707106781186548,1.0,0.707106781186548,1.0,0.707106781186548,1.0),(1.0,0.707106781186548,1.0,0.707106781186548,1.0,0.707106781186548,1.0,0.707106781186548,1.0)))REPRESENTATION_ITEM('')SURFACE());
#508=CARTESIAN_POINT('',(-0.561000000000000,-2.733000000000004,-4.857000000000123));
#509=VERTEX_POINT('',#508);
#510=CARTESIAN_POINT('',(-0.529000000000000,-2.733000000000004,-4.857000000000123));
#511=DIRECTION('',(0.0,1.0,0.0));
#512=DIRECTION('',(0.0,0.0,1.0));
#513=AXIS2_PLACEMENT_3D('',#510,#511,#512);
#514=CIRCLE('',#513,0.032000000000000);
#515=EDGE_CURVE('',#451,#509,#514,.T.);
#516=ORIENTED_EDGE('',*,*,#515,.F.);
#517=ORIENTED_EDGE('',*,*,#471,.F.);
#518=CARTESIAN_POINT('',(-0.561000000000000,2.766999999999997,-4.857000000000002));
#519=VERTEX_POINT('',#518);
#520=CARTESIAN_POINT('',(-0.529000000000000,2.766999999999997,-4.857000000000002));
#521=DIRECTION('',(0.0,-1.0,0.0));
#522=DIRECTION('',(0.0,0.0,1.0));
#523=AXIS2_PLACEMENT_3D('',#520,#521,#522);
#524=CIRCLE('',#523,0.032000000000000);
#525=EDGE_CURVE('',#519,#460,#524,.T.);
#526=ORIENTED_EDGE('',*,*,#525,.F.);
#527=CARTESIAN_POINT('',(-0.561000000000000,2.766999999999997,-4.857000000000002));
#528=DIRECTION('',(0.0,-1.0,0.0));
#529=VECTOR('',#528,5.500000000000001);
#530=LINE('',#527,#529);
#531=EDGE_CURVE('',#519,#509,#530,.T.);
#532=ORIENTED_EDGE('',*,*,#531,.T.);
#533=EDGE_LOOP('',(#516,#517,#526,#532));
#534=FACE_OUTER_BOUND('',#533,.T.);
#535=ADVANCED_FACE('',(#534),#507,.T.);
#536=CARTESIAN_POINT('',(-0.561000000000000,2.766999999999997,-4.857000000000122));
#537=CARTESIAN_POINT('',(-0.561000000000000,2.766999999999997,-4.328000000000002));
#538=CARTESIAN_POINT('',(-0.561000000000000,-2.733000000000016,-4.857000000000122));
#539=CARTESIAN_POINT('',(-0.561000000000000,-2.733000000000016,-4.328000000000001));
#540=B_SPLINE_SURFACE_WITH_KNOTS('',1,1,((#536,#538),(#537,#539)),.UNSPECIFIED.,.F.,.F.,.U.,(2,2),(2,2),(0.0,0.529000000000120),(0.0,5.500000000000012),.UNSPECIFIED.);
#541=CARTESIAN_POINT('',(-0.561000000000000,-2.733000000000016,-4.328000000000122));
#542=VERTEX_POINT('',#541);
#543=CARTESIAN_POINT('',(-0.561000000000000,-2.733000000000004,-4.857000000000123));
#544=DIRECTION('',(0.0,0.0,1.0));
#545=VECTOR('',#544,0.529000000000001);
#546=LINE('',#543,#545);
#547=EDGE_CURVE('',#509,#542,#546,.T.);
#548=ORIENTED_EDGE('',*,*,#547,.F.);
#549=ORIENTED_EDGE('',*,*,#531,.F.);
#550=CARTESIAN_POINT('',(-0.561000000000000,2.766999999999985,-4.328000000000002));
#551=VERTEX_POINT('',#550);
#552=CARTESIAN_POINT('',(-0.561000000000000,2.766999999999985,-4.328000000000002));
#553=DIRECTION('',(0.0,0.0,-1.0));
#554=VECTOR('',#553,0.529000000000000);
#555=LINE('',#552,#554);
#556=EDGE_CURVE('',#551,#519,#555,.T.);
#557=ORIENTED_EDGE('',*,*,#556,.F.);
#558=CARTESIAN_POINT('',(-0.561000000000000,2.766999999999985,-4.328000000000002));
#559=DIRECTION('',(0.0,-1.0,0.0));
#560=VECTOR('',#559,5.500000000000001);
#561=LINE('',#558,#560);
#562=EDGE_CURVE('',#551,#542,#561,.T.);
#563=ORIENTED_EDGE('',*,*,#562,.T.);
#564=EDGE_LOOP('',(#548,#549,#557,#563));
#565=FACE_OUTER_BOUND('',#564,.T.);
#566=ORIENTED_EDGE('',*,*,#86,.T.);
#567=EDGE_LOOP('',(#566));
#568=FACE_BOUND('',#567,.T.);
#569=ORIENTED_EDGE('',*,*,#114,.T.);
#570=EDGE_LOOP('',(#569));
#571=FACE_BOUND('',#570,.T.);
#572=ORIENTED_EDGE('',*,*,#142,.T.);
#573=EDGE_LOOP('',(#572));
#574=FACE_BOUND('',#573,.T.);
#575=ORIENTED_EDGE('',*,*,#170,.T.);
#576=EDGE_LOOP('',(#575));
#577=FACE_BOUND('',#576,.T.);
#578=ORIENTED_EDGE('',*,*,#198,.T.);
#579=EDGE_LOOP('',(#578));
#580=FACE_BOUND('',#579,.T.);
#581=ORIENTED_EDGE('',*,*,#226,.T.);
#582=EDGE_LOOP('',(#581));
#583=FACE_BOUND('',#582,.T.);
#584=ORIENTED_EDGE('',*,*,#254,.T.);
#585=EDGE_LOOP('',(#584));
#586=FACE_BOUND('',#585,.T.);
#587=ORIENTED_EDGE('',*,*,#282,.T.);
#588=EDGE_LOOP('',(#587));
#589=FACE_BOUND('',#588,.T.);
#590=ORIENTED_EDGE('',*,*,#310,.T.);
#591=EDGE_LOOP('',(#590));
#592=FACE_BOUND('',#591,.T.);
#593=ADVANCED_FACE('',(#565,#568,#571,#574,#577,#580,#583,#586,#589,#592),#540,.T.);
#594=CARTESIAN_POINT('',(-0.561000000000000,2.766999999999985,-4.328000000000002));
#595=CARTESIAN_POINT('',(-0.625000000000000,2.766999999999985,-4.328000000000002));
#596=CARTESIAN_POINT('',(-0.561000000000000,-2.733000000000016,-4.328000000000122));
#597=CARTESIAN_POINT('',(-0.625000000000000,-2.733000000000016,-4.328000000000121));
#598=B_SPLINE_SURFACE_WITH_KNOTS('',1,1,((#594,#596),(#595,#597)),.UNSPECIFIED.,.F.,.F.,.U.,(2,2),(2,2),(0.0,0.064000000000000),(0.0,5.500000000000001),.UNSPECIFIED.);
#599=CARTESIAN_POINT('',(-0.625000000000000,-2.733000000000016,-4.328000000000122));
#600=VERTEX_POINT('',#599);
#601=CARTESIAN_POINT('',(-0.561000000000000,-2.733000000000016,-4.328000000000122));
#602=DIRECTION('',(-1.0,0.0,0.0));
#603=VECTOR('',#602,0.064000000000000);
#604=LINE('',#601,#603);
#605=EDGE_CURVE('',#542,#600,#604,.T.);
#606=ORIENTED_EDGE('',*,*,#605,.F.);
#607=ORIENTED_EDGE('',*,*,#562,.F.);
#608=CARTESIAN_POINT('',(-0.625000000000000,2.766999999999985,-4.328000000000002));
#609=VERTEX_POINT('',#608);
#610=CARTESIAN_POINT('',(-0.625000000000000,2.766999999999985,-4.328000000000002));
#611=DIRECTION('',(1.0,0.0,0.0));
#612=VECTOR('',#611,0.064000000000000);
#613=LINE('',#610,#612);
#614=EDGE_CURVE('',#609,#551,#613,.T.);
#615=ORIENTED_EDGE('',*,*,#614,.F.);
#616=CARTESIAN_POINT('',(-0.625000000000000,2.766999999999985,-4.328000000000002));
#617=DIRECTION('',(0.0,-1.0,0.0));
#618=VECTOR('',#617,5.500000000000001);
#619=LINE('',#616,#618);
#620=EDGE_CURVE('',#609,#600,#619,.T.);
#621=ORIENTED_EDGE('',*,*,#620,.T.);
#622=EDGE_LOOP('',(#606,#607,#615,#621));
#623=FACE_OUTER_BOUND('',#622,.T.);
#624=ADVANCED_FACE('',(#623),#598,.T.);
#625=CARTESIAN_POINT('',(-0.625000000000000,2.766999999999997,-4.328000000000002));
#626=CARTESIAN_POINT('',(-0.625000000000000,2.766999999999997,-4.857000000000123));
#627=CARTESIAN_POINT('',(-0.625000000000000,-2.733000000000016,-4.328000000000002));
#628=CARTESIAN_POINT('',(-0.625000000000000,-2.733000000000016,-4.857000000000123));
#629=B_SPLINE_SURFACE_WITH_KNOTS('',1,1,((#625,#627),(#626,#628)),.UNSPECIFIED.,.F.,.F.,.U.,(2,2),(2,2),(0.0,0.529000000000121),(0.0,5.500000000000012),.UNSPECIFIED.);
#630=CARTESIAN_POINT('',(-0.625000000000000,-2.733000000000004,-4.857000000000123));
#631=VERTEX_POINT('',#630);
#632=CARTESIAN_POINT('',(-0.625000000000000,-2.733000000000016,-4.328000000000122));
#633=DIRECTION('',(0.0,0.0,-1.0));
#634=VECTOR('',#633,0.529000000000001);
#635=LINE('',#632,#634);
#636=EDGE_CURVE('',#600,#631,#635,.T.);
#637=ORIENTED_EDGE('',*,*,#636,.F.);
#638=ORIENTED_EDGE('',*,*,#620,.F.);
#639=CARTESIAN_POINT('',(-0.625000000000000,2.766999999999997,-4.857000000000002));
#640=VERTEX_POINT('',#639);
#641=CARTESIAN_POINT('',(-0.625000000000000,2.766999999999997,-4.857000000000002));
#642=DIRECTION('',(0.0,0.0,1.0));
#643=VECTOR('',#642,0.529000000000000);
#644=LINE('',#641,#643);
#645=EDGE_CURVE('',#640,#609,#644,.T.);
#646=ORIENTED_EDGE('',*,*,#645,.F.);
#647=CARTESIAN_POINT('',(-0.625000000000000,2.766999999999997,-4.857000000000002));
#648=DIRECTION('',(0.0,-1.0,0.0));
#649=VECTOR('',#648,5.500000000000001);
#650=LINE('',#647,#649);
#651=EDGE_CURVE('',#640,#631,#650,.T.);
#652=ORIENTED_EDGE('',*,*,#651,.T.);
#653=EDGE_LOOP('',(#637,#638,#646,#652));
#654=FACE_OUTER_BOUND('',#653,.T.);
#655=ORIENTED_EDGE('',*,*,#97,.T.);
#656=EDGE_LOOP('',(#655));
#657=FACE_BOUND('',#656,.T.);
#658=ORIENTED_EDGE('',*,*,#125,.T.);
#659=EDGE_LOOP('',(#658));
#660=FACE_BOUND('',#659,.T.);
#661=ORIENTED_EDGE('',*,*,#153,.T.);
#662=EDGE_LOOP('',(#661));
#663=FACE_BOUND('',#662,.T.);
#664=ORIENTED_EDGE('',*,*,#181,.T.);
#665=EDGE_LOOP('',(#664));
#666=FACE_BOUND('',#665,.T.);
#667=ORIENTED_EDGE('',*,*,#209,.T.);
#668=EDGE_LOOP('',(#667));
#669=FACE_BOUND('',#668,.T.);
#670=ORIENTED_EDGE('',*,*,#237,.T.);
#671=EDGE_LOOP('',(#670));
#672=FACE_BOUND('',#671,.T.);
#673=ORIENTED_EDGE('',*,*,#265,.T.);
#674=EDGE_LOOP('',(#673));
#675=FACE_BOUND('',#674,.T.);
#676=ORIENTED_EDGE('',*,*,#293,.T.);
#677=EDGE_LOOP('',(#676));
#678=FACE_BOUND('',#677,.T.);
#679=ORIENTED_EDGE('',*,*,#321,.T.);
#680=EDGE_LOOP('',(#679));
#681=FACE_BOUND('',#680,.T.);
#682=ADVANCED_FACE('',(#654,#657,#660,#663,#666,#669,#672,#675,#678,#681),#629,.T.);
#683=CARTESIAN_POINT('',(-0.529000000000000,2.766999999999997,-4.761000000000002));
#684=CARTESIAN_POINT('',(-0.529000000000000,-2.733000000000009,-4.761000000000122));
#685=CARTESIAN_POINT('',(-0.433000000000000,2.766999999999997,-4.761000000000002));
#686=CARTESIAN_POINT('',(-0.433000000000000,-2.733000000000009,-4.761000000000122));
#687=CARTESIAN_POINT('',(-0.433000000000000,2.766999999999999,-4.857000000000002));
#688=CARTESIAN_POINT('',(-0.433000000000000,-2.733000000000007,-4.857000000000122));
#689=CARTESIAN_POINT('',(-0.433000000000000,2.767000000000001,-4.953000000000002));
#690=CARTESIAN_POINT('',(-0.433000000000000,-2.733000000000005,-4.953000000000122));
#691=CARTESIAN_POINT('',(-0.529000000000000,2.767000000000001,-4.953000000000002));
#692=CARTESIAN_POINT('',(-0.529000000000000,-2.733000000000005,-4.953000000000122));
#693=CARTESIAN_POINT('',(-0.625000000000000,2.767000000000001,-4.953000000000002));
#694=CARTESIAN_POINT('',(-0.625000000000000,-2.733000000000005,-4.953000000000122));
#695=CARTESIAN_POINT('',(-0.625000000000000,2.766999999999999,-4.857000000000002));
#696=CARTESIAN_POINT('',(-0.625000000000000,-2.733000000000007,-4.857000000000122));
#697=CARTESIAN_POINT('',(-0.625000000000000,2.766999999999997,-4.761000000000002));
#698=CARTESIAN_POINT('',(-0.625000000000000,-2.733000000000009,-4.761000000000122));
#699=CARTESIAN_POINT('',(-0.529000000000000,2.766999999999997,-4.761000000000002));
#700=CARTESIAN_POINT('',(-0.529000000000000,-2.733000000000009,-4.761000000000122));
#708=(BOUNDED_SURFACE()B_SPLINE_SURFACE(1,2,((#683,#685,#687,#689,#691,#693,#695,#697,#699),(#684,#686,#688,#690,#692,#694,#696,#698,#700)),.UNSPECIFIED.,.F.,.T.,.U.)B_SPLINE_SURFACE_WITH_KNOTS((2,2),(3,2,2,2,3),(-2.312965E-014,57.291666666666700),(0.0,0.150796447372310,0.301592894744620,0.452389342116930,0.603185789489240),.UNSPECIFIED.)GEOMETRIC_REPRESENTATION_ITEM()RATIONAL_B_SPLINE_SURFACE(((1.0,0.707106781186548,1.0,0.707106781186548,1.0,0.707106781186548,1.0,0.707106781186548,1.0),(1.0,0.707106781186548,1.0,0.707106781186548,1.0,0.707106781186548,1.0,0.707106781186548,1.0)))REPRESENTATION_ITEM('')SURFACE());
#709=CARTESIAN_POINT('',(-0.529000000000000,-2.733000000000002,-4.953000000000123));
#710=VERTEX_POINT('',#709);
#711=CARTESIAN_POINT('',(-0.529000000000000,-2.733000000000004,-4.857000000000123));
#712=DIRECTION('',(0.0,-1.0,0.0));
#713=DIRECTION('',(0.0,0.0,-1.0));
#714=AXIS2_PLACEMENT_3D('',#711,#712,#713);
#715=CIRCLE('',#714,0.096000000000000);
#716=EDGE_CURVE('',#631,#710,#715,.T.);
#717=ORIENTED_EDGE('',*,*,#716,.F.);
#718=ORIENTED_EDGE('',*,*,#651,.F.);
#719=CARTESIAN_POINT('',(-0.529000000000000,2.766999999999999,-4.953000000000002));
#720=VERTEX_POINT('',#719);
#721=CARTESIAN_POINT('',(-0.529000000000000,2.766999999999997,-4.857000000000002));
#722=DIRECTION('',(0.0,1.0,0.0));
#723=DIRECTION('',(0.0,0.0,-1.0));
#724=AXIS2_PLACEMENT_3D('',#721,#722,#723);
#725=CIRCLE('',#724,0.096000000000000);
#726=EDGE_CURVE('',#720,#640,#725,.T.);
#727=ORIENTED_EDGE('',*,*,#726,.F.);
#728=CARTESIAN_POINT('',(-0.529000000000000,2.766999999999999,-4.953000000000002));
#729=DIRECTION('',(0.0,-1.0,0.0));
#730=VECTOR('',#729,5.500000000000000);
#731=LINE('',#728,#730);
#732=EDGE_CURVE('',#720,#710,#731,.T.);
#733=ORIENTED_EDGE('',*,*,#732,.T.);
#734=EDGE_LOOP('',(#717,#718,#727,#733));
#735=FACE_OUTER_BOUND('',#734,.T.);
#736=ADVANCED_FACE('',(#735),#708,.T.);
#737=CARTESIAN_POINT('',(-0.529000000000000,2.766999999999999,-4.953000000000002));
#738=CARTESIAN_POINT('',(-0.096000000000000,2.766999999999999,-4.953000000000002));
#739=CARTESIAN_POINT('',(-0.529000000000000,-2.733000000000002,-4.953000000000122));
#740=CARTESIAN_POINT('',(-0.096000000000000,-2.733000000000002,-4.953000000000121));
#741=B_SPLINE_SURFACE_WITH_KNOTS('',1,1,((#737,#739),(#738,#740)),.UNSPECIFIED.,.F.,.F.,.U.,(2,2),(2,2),(0.0,0.433000000000000),(0.0,5.500000000000001),.UNSPECIFIED.);
#742=CARTESIAN_POINT('',(-0.096000000000000,-2.733000000000002,-4.953000000000123));
#743=VERTEX_POINT('',#742);
#744=CARTESIAN_POINT('',(-0.529000000000000,-2.733000000000002,-4.953000000000123));
#745=DIRECTION('',(1.0,0.0,0.0));
#746=VECTOR('',#745,0.433000000000000);
#747=LINE('',#744,#746);
#748=EDGE_CURVE('',#710,#743,#747,.T.);
#749=ORIENTED_EDGE('',*,*,#748,.F.);
#750=ORIENTED_EDGE('',*,*,#732,.F.);
#751=CARTESIAN_POINT('',(-0.096000000000000,2.766999999999999,-4.953000000000002));
#752=VERTEX_POINT('',#751);
#753=CARTESIAN_POINT('',(-0.096000000000000,2.766999999999999,-4.953000000000002));
#754=DIRECTION('',(-1.0,0.0,0.0));
#755=VECTOR('',#754,0.433000000000000);
#756=LINE('',#753,#755);
#757=EDGE_CURVE('',#752,#720,#756,.T.);
#758=ORIENTED_EDGE('',*,*,#757,.F.);
#759=CARTESIAN_POINT('',(-0.096000000000000,2.766999999999999,-4.953000000000002));
#760=DIRECTION('',(0.0,-1.0,0.0));
#761=VECTOR('',#760,5.500000000000000);
#762=LINE('',#759,#761);
#763=EDGE_CURVE('',#752,#743,#762,.T.);
#764=ORIENTED_EDGE('',*,*,#763,.T.);
#765=EDGE_LOOP('',(#749,#750,#758,#764));
#766=FACE_OUTER_BOUND('',#765,.T.);
#767=ORIENTED_EDGE('',*,*,#349,.T.);
#768=EDGE_LOOP('',(#767));
#769=FACE_BOUND('',#768,.T.);
#770=ORIENTED_EDGE('',*,*,#377,.T.);
#771=EDGE_LOOP('',(#770));
#772=FACE_BOUND('',#771,.T.);
#773=ADVANCED_FACE('',(#766,#769,#772),#741,.T.);
#774=CARTESIAN_POINT('',(-0.192000000000000,2.766999999999999,-4.857000000000002));
#775=CARTESIAN_POINT('',(-0.192000000000000,-2.733000000000007,-4.857000000000122));
#776=CARTESIAN_POINT('',(-0.192000000000000,2.766999999999997,-4.761000000000002));
#777=CARTESIAN_POINT('',(-0.192000000000000,-2.733000000000009,-4.761000000000122));
#778=CARTESIAN_POINT('',(-0.096000000000000,2.766999999999997,-4.761000000000002));
#779=CARTESIAN_POINT('',(-0.096000000000000,-2.733000000000009,-4.761000000000122));
#780=CARTESIAN_POINT('',(-2.775558E-017,2.766999999999997,-4.761000000000002));
#781=CARTESIAN_POINT('',(-2.775558E-017,-2.733000000000009,-4.761000000000122));
#782=CARTESIAN_POINT('',(0.0,2.766999999999999,-4.857000000000002));
#783=CARTESIAN_POINT('',(0.0,-2.733000000000007,-4.857000000000122));
#784=CARTESIAN_POINT('',(-2.775558E-017,2.767000000000001,-4.953000000000002));
#785=CARTESIAN_POINT('',(-2.775558E-017,-2.733000000000005,-4.953000000000122));
#786=CARTESIAN_POINT('',(-0.096000000000000,2.767000000000001,-4.953000000000002));
#787=CARTESIAN_POINT('',(-0.096000000000000,-2.733000000000005,-4.953000000000122));
#788=CARTESIAN_POINT('',(-0.192000000000000,2.767000000000001,-4.953000000000002));
#789=CARTESIAN_POINT('',(-0.192000000000000,-2.733000000000005,-4.953000000000122));
#790=CARTESIAN_POINT('',(-0.192000000000000,2.766999999999999,-4.857000000000002));
#791=CARTESIAN_POINT('',(-0.192000000000000,-2.733000000000007,-4.857000000000122));
#799=(BOUNDED_SURFACE()B_SPLINE_SURFACE(1,2,((#774,#776,#778,#780,#782,#784,#786,#788,#790),(#775,#777,#779,#781,#783,#785,#787,#789,#791)),.UNSPECIFIED.,.F.,.T.,.U.)B_SPLINE_SURFACE_WITH_KNOTS((2,2),(3,2,2,2,3),(-2.312965E-014,57.291666666666700),(0.0,0.150796447372310,0.301592894744620,0.452389342116930,0.603185789489240),.UNSPECIFIED.)GEOMETRIC_REPRESENTATION_ITEM()RATIONAL_B_SPLINE_SURFACE(((1.0,0.707106781186548,1.0,0.707106781186548,1.0,0.707106781186548,1.0,0.707106781186548,1.0),(1.0,0.707106781186548,1.0,0.707106781186548,1.0,0.707106781186548,1.0,0.707106781186548,1.0)))REPRESENTATION_ITEM('')SURFACE());
#800=CARTESIAN_POINT('',(0.0,-2.733000000000004,-4.857000000000123));
#801=VERTEX_POINT('',#800);
#802=CARTESIAN_POINT('',(-0.096000000000000,-2.733000000000004,-4.857000000000123));
#803=DIRECTION('',(0.0,-1.0,0.0));
#804=DIRECTION('',(1.0,0.0,0.0));
#805=AXIS2_PLACEMENT_3D('',#802,#803,#804);
#806=CIRCLE('',#805,0.096000000000000);
#807=EDGE_CURVE('',#743,#801,#806,.T.);
#808=ORIENTED_EDGE('',*,*,#807,.F.);
#809=ORIENTED_EDGE('',*,*,#763,.F.);
#810=CARTESIAN_POINT('',(0.0,2.766999999999997,-4.857000000000002));
#811=VERTEX_POINT('',#810);
#812=CARTESIAN_POINT('',(-0.096000000000000,2.766999999999997,-4.857000000000002));
#813=DIRECTION('',(0.0,1.0,0.0));
#814=DIRECTION('',(1.0,0.0,0.0));
#815=AXIS2_PLACEMENT_3D('',#812,#813,#814);
#816=CIRCLE('',#815,0.096000000000000);
#817=EDGE_CURVE('',#811,#752,#816,.T.);
#818=ORIENTED_EDGE('',*,*,#817,.F.);
#819=CARTESIAN_POINT('',(0.0,2.766999999999997,-4.857000000000002));
#820=DIRECTION('',(0.0,-1.0,0.0));
#821=VECTOR('',#820,5.500000000000001);
#822=LINE('',#819,#821);
#823=EDGE_CURVE('',#811,#801,#822,.T.);
#824=ORIENTED_EDGE('',*,*,#823,.T.);
#825=EDGE_LOOP('',(#808,#809,#818,#824));
#826=FACE_OUTER_BOUND('',#825,.T.);
#827=ADVANCED_FACE('',(#826),#799,.T.);
#828=CARTESIAN_POINT('',(0.0,2.766999999999985,-4.328000000000002));
#829=CARTESIAN_POINT('',(0.0,2.766999999999999,-4.953000000000002));
#830=CARTESIAN_POINT('',(-0.625000000000000,2.766999999999985,-4.328000000000002));
#831=CARTESIAN_POINT('',(-0.625000000000000,2.766999999999998,-4.953000000000002));
#832=B_SPLINE_SURFACE_WITH_KNOTS('',1,1,((#828,#830),(#829,#831)),.UNSPECIFIED.,.F.,.F.,.U.,(2,2),(2,2),(0.0,0.625000000000000),(0.0,0.625000000000000),.UNSPECIFIED.);
#833=ORIENTED_EDGE('',*,*,#817,.T.);
#834=ORIENTED_EDGE('',*,*,#757,.T.);
#835=ORIENTED_EDGE('',*,*,#726,.T.);
#836=ORIENTED_EDGE('',*,*,#645,.T.);
#837=ORIENTED_EDGE('',*,*,#614,.T.);
#838=ORIENTED_EDGE('',*,*,#556,.T.);
#839=ORIENTED_EDGE('',*,*,#525,.T.);
#840=ORIENTED_EDGE('',*,*,#465,.T.);
#841=ORIENTED_EDGE('',*,*,#434,.T.);
#842=CARTESIAN_POINT('',(0.0,2.766999999999997,-4.857000000000002));
#843=DIRECTION('',(-1.0,0.0,0.0));
#844=VECTOR('',#843,0.064000000000000);
#845=LINE('',#842,#844);
#846=EDGE_CURVE('',#811,#420,#845,.T.);
#847=ORIENTED_EDGE('',*,*,#846,.F.);
#848=EDGE_LOOP('',(#833,#834,#835,#836,#837,#838,#839,#840,#841,#847));
#849=FACE_OUTER_BOUND('',#848,.T.);
#850=ADVANCED_FACE('',(#849),#832,.T.);
#851=CARTESIAN_POINT('',(0.0,-2.733000000000015,-4.328000000000122));
#852=CARTESIAN_POINT('',(0.0,-2.733000000000001,-4.953000000000123));
#853=CARTESIAN_POINT('',(-0.625000000000000,-2.733000000000015,-4.328000000000122));
#854=CARTESIAN_POINT('',(-0.625000000000000,-2.733000000000002,-4.953000000000122));
#855=B_SPLINE_SURFACE_WITH_KNOTS('',1,1,((#851,#853),(#852,#854)),.UNSPECIFIED.,.F.,.F.,.U.,(2,2),(2,2),(0.0,0.625000000000001),(0.0,0.625000000000000),.UNSPECIFIED.);
#856=CARTESIAN_POINT('',(-0.064000000000000,-2.733000000000004,-4.857000000000123));
#857=DIRECTION('',(1.0,0.0,0.0));
#858=VECTOR('',#857,0.064000000000000);
#859=LINE('',#856,#858);
#860=EDGE_CURVE('',#409,#801,#859,.T.);
#861=ORIENTED_EDGE('',*,*,#860,.F.);
#862=ORIENTED_EDGE('',*,*,#417,.T.);
#863=ORIENTED_EDGE('',*,*,#456,.T.);
#864=ORIENTED_EDGE('',*,*,#515,.T.);
#865=ORIENTED_EDGE('',*,*,#547,.T.);
#866=ORIENTED_EDGE('',*,*,#605,.T.);
#867=ORIENTED_EDGE('',*,*,#636,.T.);
#868=ORIENTED_EDGE('',*,*,#716,.T.);
#869=ORIENTED_EDGE('',*,*,#748,.T.);
#870=ORIENTED_EDGE('',*,*,#807,.T.);
#871=EDGE_LOOP('',(#861,#862,#863,#864,#865,#866,#867,#868,#869,#870));
#872=FACE_OUTER_BOUND('',#871,.T.);
#873=ADVANCED_FACE('',(#872),#855,.F.);
#874=CARTESIAN_POINT('',(0.0,-8.038952E-016,-4.856999999999999));
#875=DIRECTION('',(0.0,0.0,-1.0));
#876=DIRECTION('',(-1.0,0.0,0.0));
#877=AXIS2_PLACEMENT_3D('',#874,#875,#876);
#878=PLANE('',#877);
#879=ORIENTED_EDGE('',*,*,#860,.T.);
#880=CARTESIAN_POINT('',(0.0,-2.796999999999998,-4.857000000000001));
#881=VERTEX_POINT('',#880);
#882=CARTESIAN_POINT('',(0.0,-2.733000000000004,-4.857000000000123));
#883=DIRECTION('',(0.0,-1.0,1.901257E-012));
#884=VECTOR('',#883,0.063999999999994);
#885=LINE('',#882,#884);
#886=EDGE_CURVE('',#801,#881,#885,.T.);
#887=ORIENTED_EDGE('',*,*,#886,.T.);
#888=CARTESIAN_POINT('',(-0.064000000000000,-2.796999999999998,-4.857000000000001));
#889=VERTEX_POINT('',#888);
#890=CARTESIAN_POINT('',(0.0,-2.796999999999998,-4.857000000000001));
#891=DIRECTION('',(-1.0,0.0,0.0));
#892=VECTOR('',#891,0.064000000000000);
#893=LINE('',#890,#892);
#894=EDGE_CURVE('',#881,#889,#893,.T.);
#895=ORIENTED_EDGE('',*,*,#894,.T.);
#896=CARTESIAN_POINT('',(-0.064000000000000,-2.796999999999998,-4.857000000000001));
#897=DIRECTION('',(0.0,1.0,-1.901257E-012));
#898=VECTOR('',#897,0.063999999999994);
#899=LINE('',#896,#898);
#900=EDGE_CURVE('',#889,#409,#899,.T.);
#901=ORIENTED_EDGE('',*,*,#900,.T.);
#902=EDGE_LOOP('',(#879,#887,#895,#901));
#903=FACE_OUTER_BOUND('',#902,.T.);
#904=ADVANCED_FACE('',(#903),#878,.T.);
#905=CARTESIAN_POINT('',(0.0,-8.038952E-016,-4.856999999999999));
#906=DIRECTION('',(0.0,0.0,-1.0));
#907=DIRECTION('',(-1.0,0.0,0.0));
#908=AXIS2_PLACEMENT_3D('',#905,#906,#907);
#909=PLANE('',#908);
#910=ORIENTED_EDGE('',*,*,#846,.T.);
#911=CARTESIAN_POINT('',(-0.064000000000000,2.796999999999998,-4.857000000000001));
#912=VERTEX_POINT('',#911);
#913=CARTESIAN_POINT('',(-0.064000000000000,2.766999999999997,-4.857000000000002));
#914=DIRECTION('',(0.0,1.0,0.0));
#915=VECTOR('',#914,0.030000000000001);
#916=LINE('',#913,#915);
#917=EDGE_CURVE('',#420,#912,#916,.T.);
#918=ORIENTED_EDGE('',*,*,#917,.T.);
#919=CARTESIAN_POINT('',(0.0,2.796999999999998,-4.857000000000001));
#920=VERTEX_POINT('',#919);
#921=CARTESIAN_POINT('',(0.0,2.796999999999998,-4.857000000000001));
#922=DIRECTION('',(-1.0,0.0,0.0));
#923=VECTOR('',#922,0.064000000000000);
#924=LINE('',#921,#923);
#925=EDGE_CURVE('',#920,#912,#924,.T.);
#926=ORIENTED_EDGE('',*,*,#925,.F.);
#927=CARTESIAN_POINT('',(0.0,2.796999999999998,-4.857000000000001));
#928=DIRECTION('',(0.0,-1.0,0.0));
#929=VECTOR('',#928,0.030000000000001);
#930=LINE('',#927,#929);
#931=EDGE_CURVE('',#920,#811,#930,.T.);
#932=ORIENTED_EDGE('',*,*,#931,.T.);
#933=EDGE_LOOP('',(#910,#918,#926,#932));
#934=FACE_OUTER_BOUND('',#933,.T.);
#935=ADVANCED_FACE('',(#934),#909,.T.);
#936=CARTESIAN_POINT('',(-0.624999999999998,-2.483000000000013,4.407000000000117));
#937=CARTESIAN_POINT('',(-0.561000000000000,-2.483000000000013,4.407000000000117));
#938=CARTESIAN_POINT('',(-0.624999999999998,-2.592000000000013,4.407000000000119));
#939=CARTESIAN_POINT('',(-0.561000000000000,-2.592000000000013,4.407000000000119));
#940=CARTESIAN_POINT('',(-0.624999999999998,-2.592000000000011,4.516000000000119));
#941=CARTESIAN_POINT('',(-0.561000000000000,-2.592000000000011,4.516000000000119));
#942=CARTESIAN_POINT('',(-0.624999999999998,-2.592000000000009,4.625000000000119));
#943=CARTESIAN_POINT('',(-0.561000000000000,-2.592000000000009,4.625000000000119));
#944=CARTESIAN_POINT('',(-0.624999999999998,-2.483000000000009,4.625000000000117));
#945=CARTESIAN_POINT('',(-0.561000000000000,-2.483000000000009,4.625000000000117));
#946=CARTESIAN_POINT('',(-0.624999999999998,-2.374000000000009,4.625000000000116));
#947=CARTESIAN_POINT('',(-0.561000000000000,-2.374000000000009,4.625000000000116));
#948=CARTESIAN_POINT('',(-0.624999999999998,-2.374000000000011,4.516000000000116));
#949=CARTESIAN_POINT('',(-0.561000000000000,-2.374000000000011,4.516000000000116));
#950=CARTESIAN_POINT('',(-0.624999999999998,-2.374000000000013,4.407000000000116));
#951=CARTESIAN_POINT('',(-0.561000000000000,-2.374000000000013,4.407000000000116));
#952=CARTESIAN_POINT('',(-0.624999999999998,-2.483000000000013,4.407000000000117));
#953=CARTESIAN_POINT('',(-0.561000000000000,-2.483000000000013,4.407000000000117));
#961=(BOUNDED_SURFACE()B_SPLINE_SURFACE(1,2,((#936,#938,#940,#942,#944,#946,#948,#950,#952),(#937,#939,#941,#943,#945,#947,#949,#951,#953)),.UNSPECIFIED.,.F.,.T.,.U.)B_SPLINE_SURFACE_WITH_KNOTS((2,2),(3,2,2,2,3),(-108.379768923571750,-107.792612960269010),(0.0,0.171216799620644,0.342433599241287,0.513650398861931,0.684867198482575),.UNSPECIFIED.)GEOMETRIC_REPRESENTATION_ITEM()RATIONAL_B_SPLINE_SURFACE(((1.0,0.707106781186548,1.0,0.707106781186548,1.0,0.707106781186548,1.0,0.707106781186548,1.0),(1.0,0.707106781186548,1.0,0.707106781186548,1.0,0.707106781186548,1.0,0.707106781186548,1.0)))REPRESENTATION_ITEM('')SURFACE());
#962=CARTESIAN_POINT('',(-0.561000000000000,-2.483000000000014,4.407000000000117));
#963=VERTEX_POINT('',#962);
#964=CARTESIAN_POINT('',(-0.561000000000000,-2.483000000000011,4.516000000000117));
#965=DIRECTION('',(-1.0,0.0,0.0));
#966=DIRECTION('',(0.0,0.0,1.0));
#967=AXIS2_PLACEMENT_3D('',#964,#965,#966);
#968=CIRCLE('',#967,0.109000000000000);
#969=EDGE_CURVE('',#963,#963,#968,.T.);
#970=ORIENTED_EDGE('',*,*,#969,.F.);
#971=EDGE_LOOP('',(#970));
#972=FACE_OUTER_BOUND('',#971,.T.);
#973=CARTESIAN_POINT('',(-0.625000000000000,-2.483000000000009,4.625000000000116));
#974=VERTEX_POINT('',#973);
#975=CARTESIAN_POINT('',(-0.624999999999999,-2.483000000000011,4.516000000000117));
#976=DIRECTION('',(1.0,0.0,0.0));
#977=DIRECTION('',(0.0,0.0,1.0));
#978=AXIS2_PLACEMENT_3D('',#975,#976,#977);
#979=CIRCLE('',#978,0.109000000000000);
#980=EDGE_CURVE('',#974,#974,#979,.T.);
#981=ORIENTED_EDGE('',*,*,#980,.F.);
#982=EDGE_LOOP('',(#981));
#983=FACE_BOUND('',#982,.T.);
#984=ADVANCED_FACE('',(#972,#983),#961,.F.);
#985=CARTESIAN_POINT('',(-0.624999999999998,-1.858000000000014,4.407000000000103));
#986=CARTESIAN_POINT('',(-0.561000000000000,-1.858000000000014,4.407000000000103));
#987=CARTESIAN_POINT('',(-0.624999999999998,-1.967000000000014,4.407000000000106));
#988=CARTESIAN_POINT('',(-0.561000000000000,-1.967000000000014,4.407000000000106));
#989=CARTESIAN_POINT('',(-0.624999999999998,-1.967000000000011,4.516000000000106));
#990=CARTESIAN_POINT('',(-0.561000000000000,-1.967000000000011,4.516000000000106));
#991=CARTESIAN_POINT('',(-0.624999999999998,-1.967000000000009,4.625000000000106));
#992=CARTESIAN_POINT('',(-0.561000000000000,-1.967000000000009,4.625000000000106));
#993=CARTESIAN_POINT('',(-0.624999999999998,-1.858000000000009,4.625000000000103));
#994=CARTESIAN_POINT('',(-0.561000000000000,-1.858000000000009,4.625000000000103));
#995=CARTESIAN_POINT('',(-0.624999999999998,-1.749000000000009,4.625000000000100));
#996=CARTESIAN_POINT('',(-0.561000000000000,-1.749000000000009,4.625000000000100));
#997=CARTESIAN_POINT('',(-0.624999999999998,-1.749000000000011,4.516000000000100));
#998=CARTESIAN_POINT('',(-0.561000000000000,-1.749000000000011,4.516000000000100));
#999=CARTESIAN_POINT('',(-0.624999999999998,-1.749000000000014,4.407000000000100));
#1000=CARTESIAN_POINT('',(-0.561000000000000,-1.749000000000014,4.407000000000100));
#1001=CARTESIAN_POINT('',(-0.624999999999998,-1.858000000000014,4.407000000000103));
#1002=CARTESIAN_POINT('',(-0.561000000000000,-1.858000000000014,4.407000000000103));
#1010=(BOUNDED_SURFACE()B_SPLINE_SURFACE(1,2,((#985,#987,#989,#991,#993,#995,#997,#999,#1001),(#986,#988,#990,#992,#994,#996,#998,#1000,#1002)),.UNSPECIFIED.,.F.,.T.,.U.)B_SPLINE_SURFACE_WITH_KNOTS((2,2),(3,2,2,2,3),(-108.379768923571750,-107.792612960269010),(0.0,0.171216799620644,0.342433599241287,0.513650398861931,0.684867198482575),.UNSPECIFIED.)GEOMETRIC_REPRESENTATION_ITEM()RATIONAL_B_SPLINE_SURFACE(((1.0,0.707106781186548,1.0,0.707106781186548,1.0,0.707106781186548,1.0,0.707106781186548,1.0),(1.0,0.707106781186548,1.0,0.707106781186548,1.0,0.707106781186548,1.0,0.707106781186548,1.0)))REPRESENTATION_ITEM('')SURFACE());
#1011=CARTESIAN_POINT('',(-0.561000000000000,-1.858000000000014,4.407000000000103));
#1012=VERTEX_POINT('',#1011);
#1013=CARTESIAN_POINT('',(-0.561000000000000,-1.858000000000011,4.516000000000103));
#1014=DIRECTION('',(-1.0,0.0,0.0));
#1015=DIRECTION('',(0.0,0.0,1.0));
#1016=AXIS2_PLACEMENT_3D('',#1013,#1014,#1015);
#1017=CIRCLE('',#1016,0.109000000000000);
#1018=EDGE_CURVE('',#1012,#1012,#1017,.T.);
#1019=ORIENTED_EDGE('',*,*,#1018,.F.);
#1020=EDGE_LOOP('',(#1019));
#1021=FACE_OUTER_BOUND('',#1020,.T.);
#1022=CARTESIAN_POINT('',(-0.625000000000000,-1.858000000000009,4.625000000000102));
#1023=VERTEX_POINT('',#1022);
#1024=CARTESIAN_POINT('',(-0.624999999999999,-1.858000000000011,4.516000000000103));
#1025=DIRECTION('',(1.0,0.0,0.0));
#1026=DIRECTION('',(0.0,0.0,1.0));
#1027=AXIS2_PLACEMENT_3D('',#1024,#1025,#1026);
#1028=CIRCLE('',#1027,0.109000000000000);
#1029=EDGE_CURVE('',#1023,#1023,#1028,.T.);
#1030=ORIENTED_EDGE('',*,*,#1029,.F.);
#1031=EDGE_LOOP('',(#1030));
#1032=FACE_BOUND('',#1031,.T.);
#1033=ADVANCED_FACE('',(#1021,#1032),#1010,.F.);
#1034=CARTESIAN_POINT('',(-0.624999999999998,-1.233000000000013,4.407000000000090));
#1035=CARTESIAN_POINT('',(-0.561000000000000,-1.233000000000013,4.407000000000090));
#1036=CARTESIAN_POINT('',(-0.624999999999998,-1.342000000000013,4.407000000000092));
#1037=CARTESIAN_POINT('',(-0.561000000000000,-1.342000000000013,4.407000000000092));
#1038=CARTESIAN_POINT('',(-0.624999999999998,-1.342000000000011,4.516000000000092));
#1039=CARTESIAN_POINT('',(-0.561000000000000,-1.342000000000011,4.516000000000092));
#1040=CARTESIAN_POINT('',(-0.624999999999998,-1.342000000000009,4.625000000000092));
#1041=CARTESIAN_POINT('',(-0.561000000000000,-1.342000000000009,4.625000000000092));
#1042=CARTESIAN_POINT('',(-0.624999999999998,-1.233000000000009,4.625000000000090));
#1043=CARTESIAN_POINT('',(-0.561000000000000,-1.233000000000009,4.625000000000090));
#1044=CARTESIAN_POINT('',(-0.624999999999998,-1.124000000000009,4.625000000000087));
#1045=CARTESIAN_POINT('',(-0.561000000000000,-1.124000000000009,4.625000000000087));
#1046=CARTESIAN_POINT('',(-0.624999999999998,-1.124000000000011,4.516000000000087));
#1047=CARTESIAN_POINT('',(-0.561000000000000,-1.124000000000011,4.516000000000087));
#1048=CARTESIAN_POINT('',(-0.624999999999998,-1.124000000000013,4.407000000000087));
#1049=CARTESIAN_POINT('',(-0.561000000000000,-1.124000000000013,4.407000000000087));
#1050=CARTESIAN_POINT('',(-0.624999999999998,-1.233000000000013,4.407000000000090));
#1051=CARTESIAN_POINT('',(-0.561000000000000,-1.233000000000013,4.407000000000090));
#1059=(BOUNDED_SURFACE()B_SPLINE_SURFACE(1,2,((#1034,#1036,#1038,#1040,#1042,#1044,#1046,#1048,#1050),(#1035,#1037,#1039,#1041,#1043,#1045,#1047,#1049,#1051)),.UNSPECIFIED.,.F.,.T.,.U.)B_SPLINE_SURFACE_WITH_KNOTS((2,2),(3,2,2,2,3),(-108.379768923571750,-107.792612960269010),(0.0,0.171216799620644,0.342433599241287,0.513650398861931,0.684867198482575),.UNSPECIFIED.)GEOMETRIC_REPRESENTATION_ITEM()RATIONAL_B_SPLINE_SURFACE(((1.0,0.707106781186548,1.0,0.707106781186548,1.0,0.707106781186548,1.0,0.707106781186548,1.0),(1.0,0.707106781186548,1.0,0.707106781186548,1.0,0.707106781186548,1.0,0.707106781186548,1.0)))REPRESENTATION_ITEM('')SURFACE());
#1060=CARTESIAN_POINT('',(-0.561000000000000,-1.233000000000013,4.407000000000090));
#1061=VERTEX_POINT('',#1060);
#1062=CARTESIAN_POINT('',(-0.561000000000000,-1.233000000000011,4.516000000000090));
#1063=DIRECTION('',(-1.0,0.0,0.0));
#1064=DIRECTION('',(0.0,0.0,1.0));
#1065=AXIS2_PLACEMENT_3D('',#1062,#1063,#1064);
#1066=CIRCLE('',#1065,0.109000000000000);
#1067=EDGE_CURVE('',#1061,#1061,#1066,.T.);
#1068=ORIENTED_EDGE('',*,*,#1067,.F.);
#1069=EDGE_LOOP('',(#1068));
#1070=FACE_OUTER_BOUND('',#1069,.T.);
#1071=CARTESIAN_POINT('',(-0.625000000000000,-1.233000000000009,4.625000000000090));
#1072=VERTEX_POINT('',#1071);
#1073=CARTESIAN_POINT('',(-0.624999999999999,-1.233000000000011,4.516000000000090));
#1074=DIRECTION('',(1.0,0.0,0.0));
#1075=DIRECTION('',(0.0,0.0,1.0));
#1076=AXIS2_PLACEMENT_3D('',#1073,#1074,#1075);
#1077=CIRCLE('',#1076,0.109000000000000);
#1078=EDGE_CURVE('',#1072,#1072,#1077,.T.);
#1079=ORIENTED_EDGE('',*,*,#1078,.F.);
#1080=EDGE_LOOP('',(#1079));
#1081=FACE_BOUND('',#1080,.T.);
#1082=ADVANCED_FACE('',(#1070,#1081),#1059,.F.);
#1083=CARTESIAN_POINT('',(-0.624999999999998,-0.608000000000013,4.407000000000076));
#1084=CARTESIAN_POINT('',(-0.561000000000000,-0.608000000000013,4.407000000000076));
#1085=CARTESIAN_POINT('',(-0.624999999999998,-0.717000000000013,4.407000000000078));
#1086=CARTESIAN_POINT('',(-0.561000000000000,-0.717000000000013,4.407000000000078));
#1087=CARTESIAN_POINT('',(-0.624999999999998,-0.717000000000011,4.516000000000078));
#1088=CARTESIAN_POINT('',(-0.561000000000000,-0.717000000000011,4.516000000000078));
#1089=CARTESIAN_POINT('',(-0.624999999999998,-0.717000000000008,4.625000000000078));
#1090=CARTESIAN_POINT('',(-0.561000000000000,-0.717000000000008,4.625000000000078));
#1091=CARTESIAN_POINT('',(-0.624999999999998,-0.608000000000008,4.625000000000076));
#1092=CARTESIAN_POINT('',(-0.561000000000000,-0.608000000000008,4.625000000000076));
#1093=CARTESIAN_POINT('',(-0.624999999999998,-0.499000000000008,4.625000000000073));
#1094=CARTESIAN_POINT('',(-0.561000000000000,-0.499000000000008,4.625000000000073));
#1095=CARTESIAN_POINT('',(-0.624999999999998,-0.499000000000011,4.516000000000073));
#1096=CARTESIAN_POINT('',(-0.561000000000000,-0.499000000000011,4.516000000000073));
#1097=CARTESIAN_POINT('',(-0.624999999999998,-0.499000000000013,4.407000000000073));
#1098=CARTESIAN_POINT('',(-0.561000000000000,-0.499000000000013,4.407000000000073));
#1099=CARTESIAN_POINT('',(-0.624999999999998,-0.608000000000013,4.407000000000076));
#1100=CARTESIAN_POINT('',(-0.561000000000000,-0.608000000000013,4.407000000000076));
#1108=(BOUNDED_SURFACE()B_SPLINE_SURFACE(1,2,((#1083,#1085,#1087,#1089,#1091,#1093,#1095,#1097,#1099),(#1084,#1086,#1088,#1090,#1092,#1094,#1096,#1098,#1100)),.UNSPECIFIED.,.F.,.T.,.U.)B_SPLINE_SURFACE_WITH_KNOTS((2,2),(3,2,2,2,3),(-108.379768923571750,-107.792612960269010),(0.0,0.171216799620644,0.342433599241287,0.513650398861931,0.684867198482575),.UNSPECIFIED.)GEOMETRIC_REPRESENTATION_ITEM()RATIONAL_B_SPLINE_SURFACE(((1.0,0.707106781186548,1.0,0.707106781186548,1.0,0.707106781186548,1.0,0.707106781186548,1.0),(1.0,0.707106781186548,1.0,0.707106781186548,1.0,0.707106781186548,1.0,0.707106781186548,1.0)))REPRESENTATION_ITEM('')SURFACE());
#1109=CARTESIAN_POINT('',(-0.561000000000000,-0.608000000000013,4.407000000000076));
#1110=VERTEX_POINT('',#1109);
#1111=CARTESIAN_POINT('',(-0.561000000000000,-0.608000000000011,4.516000000000076));
#1112=DIRECTION('',(-1.0,0.0,0.0));
#1113=DIRECTION('',(0.0,0.0,1.0));
#1114=AXIS2_PLACEMENT_3D('',#1111,#1112,#1113);
#1115=CIRCLE('',#1114,0.109000000000000);
#1116=EDGE_CURVE('',#1110,#1110,#1115,.T.);
#1117=ORIENTED_EDGE('',*,*,#1116,.F.);
#1118=EDGE_LOOP('',(#1117));
#1119=FACE_OUTER_BOUND('',#1118,.T.);
#1120=CARTESIAN_POINT('',(-0.625000000000000,-0.608000000000009,4.625000000000076));
#1121=VERTEX_POINT('',#1120);
#1122=CARTESIAN_POINT('',(-0.624999999999999,-0.608000000000011,4.516000000000076));
#1123=DIRECTION('',(1.0,0.0,0.0));
#1124=DIRECTION('',(0.0,0.0,1.0));
#1125=AXIS2_PLACEMENT_3D('',#1122,#1123,#1124);
#1126=CIRCLE('',#1125,0.109000000000000);
#1127=EDGE_CURVE('',#1121,#1121,#1126,.T.);
#1128=ORIENTED_EDGE('',*,*,#1127,.F.);
#1129=EDGE_LOOP('',(#1128));
#1130=FACE_BOUND('',#1129,.T.);
#1131=ADVANCED_FACE('',(#1119,#1130),#1108,.F.);
#1132=CARTESIAN_POINT('',(-0.624999999999998,0.016999999999987,4.407000000000062));
#1133=CARTESIAN_POINT('',(-0.561000000000000,0.016999999999987,4.407000000000062));
#1134=CARTESIAN_POINT('',(-0.624999999999998,-0.092000000000013,4.407000000000065));
#1135=CARTESIAN_POINT('',(-0.561000000000000,-0.092000000000013,4.407000000000065));
#1136=CARTESIAN_POINT('',(-0.624999999999998,-0.092000000000011,4.516000000000065));
#1137=CARTESIAN_POINT('',(-0.561000000000000,-0.092000000000011,4.516000000000065));
#1138=CARTESIAN_POINT('',(-0.624999999999998,-0.092000000000008,4.625000000000065));
#1139=CARTESIAN_POINT('',(-0.561000000000000,-0.092000000000008,4.625000000000065));
#1140=CARTESIAN_POINT('',(-0.624999999999998,0.016999999999992,4.625000000000062));
#1141=CARTESIAN_POINT('',(-0.561000000000000,0.016999999999992,4.625000000000062));
#1142=CARTESIAN_POINT('',(-0.624999999999998,0.125999999999992,4.625000000000060));
#1143=CARTESIAN_POINT('',(-0.561000000000000,0.125999999999992,4.625000000000060));
#1144=CARTESIAN_POINT('',(-0.624999999999998,0.125999999999989,4.516000000000060));
#1145=CARTESIAN_POINT('',(-0.561000000000000,0.125999999999989,4.516000000000060));
#1146=CARTESIAN_POINT('',(-0.624999999999998,0.125999999999987,4.407000000000060));
#1147=CARTESIAN_POINT('',(-0.561000000000000,0.125999999999987,4.407000000000060));
#1148=CARTESIAN_POINT('',(-0.624999999999998,0.016999999999987,4.407000000000062));
#1149=CARTESIAN_POINT('',(-0.561000000000000,0.016999999999987,4.407000000000062));
#1157=(BOUNDED_SURFACE()B_SPLINE_SURFACE(1,2,((#1132,#1134,#1136,#1138,#1140,#1142,#1144,#1146,#1148),(#1133,#1135,#1137,#1139,#1141,#1143,#1145,#1147,#1149)),.UNSPECIFIED.,.F.,.T.,.U.)B_SPLINE_SURFACE_WITH_KNOTS((2,2),(3,2,2,2,3),(-108.379768923571750,-107.792612960269010),(0.0,0.171216799620644,0.342433599241287,0.513650398861931,0.684867198482575),.UNSPECIFIED.)GEOMETRIC_REPRESENTATION_ITEM()RATIONAL_B_SPLINE_SURFACE(((1.0,0.707106781186548,1.0,0.707106781186548,1.0,0.707106781186548,1.0,0.707106781186548,1.0),(1.0,0.707106781186548,1.0,0.707106781186548,1.0,0.707106781186548,1.0,0.707106781186548,1.0)))REPRESENTATION_ITEM('')SURFACE());
#1158=CARTESIAN_POINT('',(-0.561000000000000,0.016999999999987,4.407000000000062));
#1159=VERTEX_POINT('',#1158);
#1160=CARTESIAN_POINT('',(-0.561000000000000,0.016999999999989,4.516000000000062));
#1161=DIRECTION('',(-1.0,0.0,0.0));
#1162=DIRECTION('',(0.0,0.0,1.0));
#1163=AXIS2_PLACEMENT_3D('',#1160,#1161,#1162);
#1164=CIRCLE('',#1163,0.109000000000000);
#1165=EDGE_CURVE('',#1159,#1159,#1164,.T.);
#1166=ORIENTED_EDGE('',*,*,#1165,.F.);
#1167=EDGE_LOOP('',(#1166));
#1168=FACE_OUTER_BOUND('',#1167,.T.);
#1169=CARTESIAN_POINT('',(-0.625000000000000,0.016999999999992,4.625000000000062));
#1170=VERTEX_POINT('',#1169);
#1171=CARTESIAN_POINT('',(-0.624999999999999,0.016999999999989,4.516000000000062));
#1172=DIRECTION('',(1.0,0.0,0.0));
#1173=DIRECTION('',(0.0,0.0,1.0));
#1174=AXIS2_PLACEMENT_3D('',#1171,#1172,#1173);
#1175=CIRCLE('',#1174,0.109000000000000);
#1176=EDGE_CURVE('',#1170,#1170,#1175,.T.);
#1177=ORIENTED_EDGE('',*,*,#1176,.F.);
#1178=EDGE_LOOP('',(#1177));
#1179=FACE_BOUND('',#1178,.T.);
#1180=ADVANCED_FACE('',(#1168,#1179),#1157,.F.);
#1181=CARTESIAN_POINT('',(-0.624999999999998,0.641999999999987,4.407000000000049));
#1182=CARTESIAN_POINT('',(-0.561000000000000,0.641999999999987,4.407000000000049));
#1183=CARTESIAN_POINT('',(-0.624999999999998,0.532999999999987,4.407000000000052));
#1184=CARTESIAN_POINT('',(-0.561000000000000,0.532999999999987,4.407000000000052));
#1185=CARTESIAN_POINT('',(-0.624999999999998,0.532999999999989,4.516000000000052));
#1186=CARTESIAN_POINT('',(-0.561000000000000,0.532999999999989,4.516000000000052));
#1187=CARTESIAN_POINT('',(-0.624999999999998,0.532999999999992,4.625000000000052));
#1188=CARTESIAN_POINT('',(-0.561000000000000,0.532999999999992,4.625000000000052));
#1189=CARTESIAN_POINT('',(-0.624999999999998,0.641999999999992,4.625000000000049));
#1190=CARTESIAN_POINT('',(-0.561000000000000,0.641999999999992,4.625000000000049));
#1191=CARTESIAN_POINT('',(-0.624999999999998,0.750999999999992,4.625000000000046));
#1192=CARTESIAN_POINT('',(-0.561000000000000,0.750999999999992,4.625000000000046));
#1193=CARTESIAN_POINT('',(-0.624999999999998,0.750999999999989,4.516000000000046));
#1194=CARTESIAN_POINT('',(-0.561000000000000,0.750999999999989,4.516000000000046));
#1195=CARTESIAN_POINT('',(-0.624999999999998,0.750999999999987,4.407000000000046));
#1196=CARTESIAN_POINT('',(-0.561000000000000,0.750999999999987,4.407000000000046));
#1197=CARTESIAN_POINT('',(-0.624999999999998,0.641999999999987,4.407000000000049));
#1198=CARTESIAN_POINT('',(-0.561000000000000,0.641999999999987,4.407000000000049));
#1206=(BOUNDED_SURFACE()B_SPLINE_SURFACE(1,2,((#1181,#1183,#1185,#1187,#1189,#1191,#1193,#1195,#1197),(#1182,#1184,#1186,#1188,#1190,#1192,#1194,#1196,#1198)),.UNSPECIFIED.,.F.,.T.,.U.)B_SPLINE_SURFACE_WITH_KNOTS((2,2),(3,2,2,2,3),(-108.379768923571750,-107.792612960269010),(0.0,0.171216799620644,0.342433599241287,0.513650398861931,0.684867198482575),.UNSPECIFIED.)GEOMETRIC_REPRESENTATION_ITEM()RATIONAL_B_SPLINE_SURFACE(((1.0,0.707106781186548,1.0,0.707106781186548,1.0,0.707106781186548,1.0,0.707106781186548,1.0),(1.0,0.707106781186548,1.0,0.707106781186548,1.0,0.707106781186548,1.0,0.707106781186548,1.0)))REPRESENTATION_ITEM('')SURFACE());
#1207=CARTESIAN_POINT('',(-0.561000000000000,0.641999999999987,4.407000000000049));
#1208=VERTEX_POINT('',#1207);
#1209=CARTESIAN_POINT('',(-0.561000000000000,0.641999999999989,4.516000000000048));
#1210=DIRECTION('',(-1.0,0.0,0.0));
#1211=DIRECTION('',(0.0,0.0,1.0));
#1212=AXIS2_PLACEMENT_3D('',#1209,#1210,#1211);
#1213=CIRCLE('',#1212,0.109000000000000);
#1214=EDGE_CURVE('',#1208,#1208,#1213,.T.);
#1215=ORIENTED_EDGE('',*,*,#1214,.F.);
#1216=EDGE_LOOP('',(#1215));
#1217=FACE_OUTER_BOUND('',#1216,.T.);
#1218=CARTESIAN_POINT('',(-0.625000000000000,0.641999999999992,4.625000000000048));
#1219=VERTEX_POINT('',#1218);
#1220=CARTESIAN_POINT('',(-0.624999999999999,0.641999999999989,4.516000000000048));
#1221=DIRECTION('',(1.0,0.0,0.0));
#1222=DIRECTION('',(0.0,0.0,1.0));
#1223=AXIS2_PLACEMENT_3D('',#1220,#1221,#1222);
#1224=CIRCLE('',#1223,0.109000000000000);
#1225=EDGE_CURVE('',#1219,#1219,#1224,.T.);
#1226=ORIENTED_EDGE('',*,*,#1225,.F.);
#1227=EDGE_LOOP('',(#1226));
#1228=FACE_BOUND('',#1227,.T.);
#1229=ADVANCED_FACE('',(#1217,#1228),#1206,.F.);
#1230=CARTESIAN_POINT('',(-0.624999999999998,1.266999999999987,4.407000000000036));
#1231=CARTESIAN_POINT('',(-0.561000000000000,1.266999999999987,4.407000000000036));
#1232=CARTESIAN_POINT('',(-0.624999999999998,1.157999999999987,4.407000000000038));
#1233=CARTESIAN_POINT('',(-0.561000000000000,1.157999999999987,4.407000000000038));
#1234=CARTESIAN_POINT('',(-0.624999999999998,1.157999999999989,4.516000000000038));
#1235=CARTESIAN_POINT('',(-0.561000000000000,1.157999999999989,4.516000000000038));
#1236=CARTESIAN_POINT('',(-0.624999999999998,1.157999999999992,4.625000000000038));
#1237=CARTESIAN_POINT('',(-0.561000000000000,1.157999999999992,4.625000000000038));
#1238=CARTESIAN_POINT('',(-0.624999999999998,1.266999999999992,4.625000000000036));
#1239=CARTESIAN_POINT('',(-0.561000000000000,1.266999999999992,4.625000000000036));
#1240=CARTESIAN_POINT('',(-0.624999999999998,1.375999999999992,4.625000000000033));
#1241=CARTESIAN_POINT('',(-0.561000000000000,1.375999999999992,4.625000000000033));
#1242=CARTESIAN_POINT('',(-0.624999999999998,1.375999999999989,4.516000000000033));
#1243=CARTESIAN_POINT('',(-0.561000000000000,1.375999999999989,4.516000000000033));
#1244=CARTESIAN_POINT('',(-0.624999999999998,1.375999999999987,4.407000000000033));
#1245=CARTESIAN_POINT('',(-0.561000000000000,1.375999999999987,4.407000000000033));
#1246=CARTESIAN_POINT('',(-0.624999999999998,1.266999999999987,4.407000000000036));
#1247=CARTESIAN_POINT('',(-0.561000000000000,1.266999999999987,4.407000000000036));
#1255=(BOUNDED_SURFACE()B_SPLINE_SURFACE(1,2,((#1230,#1232,#1234,#1236,#1238,#1240,#1242,#1244,#1246),(#1231,#1233,#1235,#1237,#1239,#1241,#1243,#1245,#1247)),.UNSPECIFIED.,.F.,.T.,.U.)B_SPLINE_SURFACE_WITH_KNOTS((2,2),(3,2,2,2,3),(-108.379768923571750,-107.792612960269010),(0.0,0.171216799620644,0.342433599241287,0.513650398861931,0.684867198482575),.UNSPECIFIED.)GEOMETRIC_REPRESENTATION_ITEM()RATIONAL_B_SPLINE_SURFACE(((1.0,0.707106781186548,1.0,0.707106781186548,1.0,0.707106781186548,1.0,0.707106781186548,1.0),(1.0,0.707106781186548,1.0,0.707106781186548,1.0,0.707106781186548,1.0,0.707106781186548,1.0)))REPRESENTATION_ITEM('')SURFACE());
#1256=CARTESIAN_POINT('',(-0.561000000000000,1.266999999999987,4.407000000000036));
#1257=VERTEX_POINT('',#1256);
#1258=CARTESIAN_POINT('',(-0.561000000000000,1.266999999999989,4.516000000000035));
#1259=DIRECTION('',(-1.0,0.0,0.0));
#1260=DIRECTION('',(0.0,0.0,1.0));
#1261=AXIS2_PLACEMENT_3D('',#1258,#1259,#1260);
#1262=CIRCLE('',#1261,0.109000000000000);
#1263=EDGE_CURVE('',#1257,#1257,#1262,.T.);
#1264=ORIENTED_EDGE('',*,*,#1263,.F.);
#1265=EDGE_LOOP('',(#1264));
#1266=FACE_OUTER_BOUND('',#1265,.T.);
#1267=CARTESIAN_POINT('',(-0.625000000000000,1.266999999999992,4.625000000000035));
#1268=VERTEX_POINT('',#1267);
#1269=CARTESIAN_POINT('',(-0.624999999999999,1.266999999999989,4.516000000000035));
#1270=DIRECTION('',(1.0,0.0,0.0));
#1271=DIRECTION('',(0.0,0.0,1.0));
#1272=AXIS2_PLACEMENT_3D('',#1269,#1270,#1271);
#1273=CIRCLE('',#1272,0.109000000000000);
#1274=EDGE_CURVE('',#1268,#1268,#1273,.T.);
#1275=ORIENTED_EDGE('',*,*,#1274,.F.);
#1276=EDGE_LOOP('',(#1275));
#1277=FACE_BOUND('',#1276,.T.);
#1278=ADVANCED_FACE('',(#1266,#1277),#1255,.F.);
#1279=CARTESIAN_POINT('',(-0.624999999999998,1.891999999999987,4.407000000000021));
#1280=CARTESIAN_POINT('',(-0.561000000000000,1.891999999999987,4.407000000000021));
#1281=CARTESIAN_POINT('',(-0.624999999999998,1.782999999999987,4.407000000000024));
#1282=CARTESIAN_POINT('',(-0.561000000000000,1.782999999999987,4.407000000000024));
#1283=CARTESIAN_POINT('',(-0.624999999999998,1.782999999999989,4.516000000000024));
#1284=CARTESIAN_POINT('',(-0.561000000000000,1.782999999999989,4.516000000000024));
#1285=CARTESIAN_POINT('',(-0.624999999999998,1.782999999999992,4.625000000000024));
#1286=CARTESIAN_POINT('',(-0.561000000000000,1.782999999999992,4.625000000000024));
#1287=CARTESIAN_POINT('',(-0.624999999999998,1.891999999999992,4.625000000000021));
#1288=CARTESIAN_POINT('',(-0.561000000000000,1.891999999999992,4.625000000000021));
#1289=CARTESIAN_POINT('',(-0.624999999999998,2.000999999999992,4.625000000000019));
#1290=CARTESIAN_POINT('',(-0.561000000000000,2.000999999999992,4.625000000000019));
#1291=CARTESIAN_POINT('',(-0.624999999999998,2.000999999999989,4.516000000000019));
#1292=CARTESIAN_POINT('',(-0.561000000000000,2.000999999999989,4.516000000000019));
#1293=CARTESIAN_POINT('',(-0.624999999999998,2.000999999999987,4.407000000000019));
#1294=CARTESIAN_POINT('',(-0.561000000000000,2.000999999999987,4.407000000000019));
#1295=CARTESIAN_POINT('',(-0.624999999999998,1.891999999999987,4.407000000000021));
#1296=CARTESIAN_POINT('',(-0.561000000000000,1.891999999999987,4.407000000000021));
#1304=(BOUNDED_SURFACE()B_SPLINE_SURFACE(1,2,((#1279,#1281,#1283,#1285,#1287,#1289,#1291,#1293,#1295),(#1280,#1282,#1284,#1286,#1288,#1290,#1292,#1294,#1296)),.UNSPECIFIED.,.F.,.T.,.U.)B_SPLINE_SURFACE_WITH_KNOTS((2,2),(3,2,2,2,3),(-108.379768923571750,-107.792612960269010),(0.0,0.171216799620644,0.342433599241287,0.513650398861931,0.684867198482575),.UNSPECIFIED.)GEOMETRIC_REPRESENTATION_ITEM()RATIONAL_B_SPLINE_SURFACE(((1.0,0.707106781186548,1.0,0.707106781186548,1.0,0.707106781186548,1.0,0.707106781186548,1.0),(1.0,0.707106781186548,1.0,0.707106781186548,1.0,0.707106781186548,1.0,0.707106781186548,1.0)))REPRESENTATION_ITEM('')SURFACE());
#1305=CARTESIAN_POINT('',(-0.561000000000000,1.891999999999987,4.407000000000021));
#1306=VERTEX_POINT('',#1305);
#1307=CARTESIAN_POINT('',(-0.561000000000000,1.891999999999989,4.516000000000021));
#1308=DIRECTION('',(-1.0,0.0,0.0));
#1309=DIRECTION('',(0.0,0.0,1.0));
#1310=AXIS2_PLACEMENT_3D('',#1307,#1308,#1309);
#1311=CIRCLE('',#1310,0.109000000000000);
#1312=EDGE_CURVE('',#1306,#1306,#1311,.T.);
#1313=ORIENTED_EDGE('',*,*,#1312,.F.);
#1314=EDGE_LOOP('',(#1313));
#1315=FACE_OUTER_BOUND('',#1314,.T.);
#1316=CARTESIAN_POINT('',(-0.625000000000000,1.891999999999992,4.625000000000020));
#1317=VERTEX_POINT('',#1316);
#1318=CARTESIAN_POINT('',(-0.624999999999999,1.891999999999989,4.516000000000021));
#1319=DIRECTION('',(1.0,0.0,0.0));
#1320=DIRECTION('',(0.0,0.0,1.0));
#1321=AXIS2_PLACEMENT_3D('',#1318,#1319,#1320);
#1322=CIRCLE('',#1321,0.109000000000000);
#1323=EDGE_CURVE('',#1317,#1317,#1322,.T.);
#1324=ORIENTED_EDGE('',*,*,#1323,.F.);
#1325=EDGE_LOOP('',(#1324));
#1326=FACE_BOUND('',#1325,.T.);
#1327=ADVANCED_FACE('',(#1315,#1326),#1304,.F.);
#1328=CARTESIAN_POINT('',(-0.624999999999998,2.516999999999987,4.407000000000008));
#1329=CARTESIAN_POINT('',(-0.561000000000000,2.516999999999987,4.407000000000008));
#1330=CARTESIAN_POINT('',(-0.624999999999998,2.407999999999987,4.407000000000010));
#1331=CARTESIAN_POINT('',(-0.561000000000000,2.407999999999987,4.407000000000010));
#1332=CARTESIAN_POINT('',(-0.624999999999998,2.407999999999989,4.516000000000011));
#1333=CARTESIAN_POINT('',(-0.561000000000000,2.407999999999989,4.516000000000011));
#1334=CARTESIAN_POINT('',(-0.624999999999998,2.407999999999992,4.625000000000010));
#1335=CARTESIAN_POINT('',(-0.561000000000000,2.407999999999992,4.625000000000010));
#1336=CARTESIAN_POINT('',(-0.624999999999998,2.516999999999992,4.625000000000008));
#1337=CARTESIAN_POINT('',(-0.561000000000000,2.516999999999992,4.625000000000008));
#1338=CARTESIAN_POINT('',(-0.624999999999998,2.625999999999992,4.625000000000006));
#1339=CARTESIAN_POINT('',(-0.561000000000000,2.625999999999992,4.625000000000006));
#1340=CARTESIAN_POINT('',(-0.624999999999998,2.625999999999989,4.516000000000005));
#1341=CARTESIAN_POINT('',(-0.561000000000000,2.625999999999989,4.516000000000005));
#1342=CARTESIAN_POINT('',(-0.624999999999998,2.625999999999987,4.407000000000006));
#1343=CARTESIAN_POINT('',(-0.561000000000000,2.625999999999987,4.407000000000006));
#1344=CARTESIAN_POINT('',(-0.624999999999998,2.516999999999987,4.407000000000008));
#1345=CARTESIAN_POINT('',(-0.561000000000000,2.516999999999987,4.407000000000008));
#1353=(BOUNDED_SURFACE()B_SPLINE_SURFACE(1,2,((#1328,#1330,#1332,#1334,#1336,#1338,#1340,#1342,#1344),(#1329,#1331,#1333,#1335,#1337,#1339,#1341,#1343,#1345)),.UNSPECIFIED.,.F.,.T.,.U.)B_SPLINE_SURFACE_WITH_KNOTS((2,2),(3,2,2,2,3),(-108.379768923571750,-107.792612960269010),(0.0,0.171216799620644,0.342433599241287,0.513650398861931,0.684867198482575),.UNSPECIFIED.)GEOMETRIC_REPRESENTATION_ITEM()RATIONAL_B_SPLINE_SURFACE(((1.0,0.707106781186548,1.0,0.707106781186548,1.0,0.707106781186548,1.0,0.707106781186548,1.0),(1.0,0.707106781186548,1.0,0.707106781186548,1.0,0.707106781186548,1.0,0.707106781186548,1.0)))REPRESENTATION_ITEM('')SURFACE());
#1354=CARTESIAN_POINT('',(-0.561000000000000,2.516999999999987,4.407000000000008));
#1355=VERTEX_POINT('',#1354);
#1356=CARTESIAN_POINT('',(-0.561000000000000,2.516999999999989,4.516000000000008));
#1357=DIRECTION('',(-1.0,0.0,0.0));
#1358=DIRECTION('',(0.0,0.0,1.0));
#1359=AXIS2_PLACEMENT_3D('',#1356,#1357,#1358);
#1360=CIRCLE('',#1359,0.109000000000000);
#1361=EDGE_CURVE('',#1355,#1355,#1360,.T.);
#1362=ORIENTED_EDGE('',*,*,#1361,.F.);
#1363=EDGE_LOOP('',(#1362));
#1364=FACE_OUTER_BOUND('',#1363,.T.);
#1365=CARTESIAN_POINT('',(-0.625000000000000,2.516999999999992,4.625000000000007));
#1366=VERTEX_POINT('',#1365);
#1367=CARTESIAN_POINT('',(-0.624999999999999,2.516999999999989,4.516000000000008));
#1368=DIRECTION('',(1.0,0.0,0.0));
#1369=DIRECTION('',(0.0,0.0,1.0));
#1370=AXIS2_PLACEMENT_3D('',#1367,#1368,#1369);
#1371=CIRCLE('',#1370,0.109000000000000);
#1372=EDGE_CURVE('',#1366,#1366,#1371,.T.);
#1373=ORIENTED_EDGE('',*,*,#1372,.F.);
#1374=EDGE_LOOP('',(#1373));
#1375=FACE_BOUND('',#1374,.T.);
#1376=ADVANCED_FACE('',(#1364,#1375),#1353,.F.);
#1377=CARTESIAN_POINT('',(0.0,-1.595399E-015,-1.639109E-017));
#1378=DIRECTION('',(1.0,0.0,0.0));
#1379=DIRECTION('',(0.0,0.0,-1.0));
#1380=AXIS2_PLACEMENT_3D('',#1377,#1378,#1379);
#1381=PLANE('',#1380);
#1382=CARTESIAN_POINT('',(0.0,-2.796999999999999,4.857000000000001));
#1383=VERTEX_POINT('',#1382);
#1384=CARTESIAN_POINT('',(0.0,-2.733000000000004,4.857000000000123));
#1385=VERTEX_POINT('',#1384);
#1386=CARTESIAN_POINT('',(0.0,-2.796999999999999,4.857000000000001));
#1387=DIRECTION('',(0.0,1.0,1.901257E-012));
#1388=VECTOR('',#1387,0.063999999999995);
#1389=LINE('',#1386,#1388);
#1390=EDGE_CURVE('',#1383,#1385,#1389,.T.);
#1391=ORIENTED_EDGE('',*,*,#1390,.F.);
#1392=CARTESIAN_POINT('',(0.0,-2.796999999999999,4.953000000000001));
#1393=VERTEX_POINT('',#1392);
#1394=CARTESIAN_POINT('',(0.0,-2.796999999999999,4.953000000000001));
#1395=DIRECTION('',(0.0,0.0,-1.0));
#1396=VECTOR('',#1395,0.096000000000000);
#1397=LINE('',#1394,#1396);
#1398=EDGE_CURVE('',#1393,#1383,#1397,.T.);
#1399=ORIENTED_EDGE('',*,*,#1398,.F.);
#1400=CARTESIAN_POINT('',(0.0,-3.203000000000000,4.547000000000000));
#1401=VERTEX_POINT('',#1400);
#1402=CARTESIAN_POINT('',(0.0,-2.797000000000001,4.547000000000000));
#1403=DIRECTION('',(-1.0,0.0,0.0));
#1404=DIRECTION('',(0.0,0.0,-1.0));
#1405=AXIS2_PLACEMENT_3D('',#1402,#1403,#1404);
#1406=CIRCLE('',#1405,0.406000000000000);
#1407=EDGE_CURVE('',#1401,#1393,#1406,.T.);
#1408=ORIENTED_EDGE('',*,*,#1407,.F.);
#1409=CARTESIAN_POINT('',(0.0,-3.202999999999999,-4.547000000000000));
#1410=VERTEX_POINT('',#1409);
#1411=CARTESIAN_POINT('',(0.0,-3.202999999999999,-4.547000000000000));
#1412=DIRECTION('',(0.0,0.0,1.0));
#1413=VECTOR('',#1412,9.093999999999999);
#1414=LINE('',#1411,#1413);
#1415=EDGE_CURVE('',#1410,#1401,#1414,.T.);
#1416=ORIENTED_EDGE('',*,*,#1415,.F.);
#1417=CARTESIAN_POINT('',(0.0,-2.796999999999998,-4.953000000000001));
#1418=VERTEX_POINT('',#1417);
#1419=CARTESIAN_POINT('',(0.0,-2.797000000000000,-4.547000000000000));
#1420=DIRECTION('',(-1.0,0.0,0.0));
#1421=DIRECTION('',(0.0,1.0,0.0));
#1422=AXIS2_PLACEMENT_3D('',#1419,#1420,#1421);
#1423=CIRCLE('',#1422,0.406000000000000);
#1424=EDGE_CURVE('',#1418,#1410,#1423,.T.);
#1425=ORIENTED_EDGE('',*,*,#1424,.F.);
#1426=CARTESIAN_POINT('',(0.0,-2.796999999999998,-4.857000000000001));
#1427=DIRECTION('',(0.0,0.0,-1.0));
#1428=VECTOR('',#1427,0.096000000000000);
#1429=LINE('',#1426,#1428);
#1430=EDGE_CURVE('',#881,#1418,#1429,.T.);
#1431=ORIENTED_EDGE('',*,*,#1430,.F.);
#1432=ORIENTED_EDGE('',*,*,#886,.F.);
#1433=ORIENTED_EDGE('',*,*,#823,.F.);
#1434=ORIENTED_EDGE('',*,*,#931,.F.);
#1435=CARTESIAN_POINT('',(0.0,2.796999999999999,-4.953000000000001));
#1436=VERTEX_POINT('',#1435);
#1437=CARTESIAN_POINT('',(0.0,2.796999999999999,-4.953000000000001));
#1438=DIRECTION('',(0.0,0.0,1.0));
#1439=VECTOR('',#1438,0.096000000000000);
#1440=LINE('',#1437,#1439);
#1441=EDGE_CURVE('',#1436,#920,#1440,.T.);
#1442=ORIENTED_EDGE('',*,*,#1441,.F.);
#1443=CARTESIAN_POINT('',(0.0,3.202999999999998,-4.547000000000002));
#1444=VERTEX_POINT('',#1443);
#1445=CARTESIAN_POINT('',(0.0,2.796999999999999,-4.547000000000000));
#1446=DIRECTION('',(-1.0,0.0,0.0));
#1447=DIRECTION('',(0.0,0.0,1.0));
#1448=AXIS2_PLACEMENT_3D('',#1445,#1446,#1447);
#1449=CIRCLE('',#1448,0.406000000000000);
#1450=EDGE_CURVE('',#1444,#1436,#1449,.T.);
#1451=ORIENTED_EDGE('',*,*,#1450,.F.);
#1452=CARTESIAN_POINT('',(0.0,3.202999999999997,4.547000000000002));
#1453=VERTEX_POINT('',#1452);
#1454=CARTESIAN_POINT('',(0.0,3.202999999999997,4.547000000000002));
#1455=DIRECTION('',(0.0,0.0,-1.0));
#1456=VECTOR('',#1455,9.094000000000003);
#1457=LINE('',#1454,#1456);
#1458=EDGE_CURVE('',#1453,#1444,#1457,.T.);
#1459=ORIENTED_EDGE('',*,*,#1458,.F.);
#1460=CARTESIAN_POINT('',(0.0,2.796999999999999,4.953000000000001));
#1461=VERTEX_POINT('',#1460);
#1462=CARTESIAN_POINT('',(0.0,2.796999999999999,4.547000000000000));
#1463=DIRECTION('',(-1.0,0.0,0.0));
#1464=DIRECTION('',(0.0,-1.0,0.0));
#1465=AXIS2_PLACEMENT_3D('',#1462,#1463,#1464);
#1466=CIRCLE('',#1465,0.406000000000000);
#1467=EDGE_CURVE('',#1461,#1453,#1466,.T.);
#1468=ORIENTED_EDGE('',*,*,#1467,.F.);
#1469=CARTESIAN_POINT('',(0.0,2.796999999999997,4.857000000000001));
#1470=VERTEX_POINT('',#1469);
#1471=CARTESIAN_POINT('',(0.0,2.796999999999997,4.857000000000001));
#1472=DIRECTION('',(0.0,0.0,1.0));
#1473=VECTOR('',#1472,0.096000000000000);
#1474=LINE('',#1471,#1473);
#1475=EDGE_CURVE('',#1470,#1461,#1474,.T.);
#1476=ORIENTED_EDGE('',*,*,#1475,.F.);
#1477=CARTESIAN_POINT('',(0.0,2.766999999999997,4.857000000000002));
#1478=VERTEX_POINT('',#1477);
#1479=CARTESIAN_POINT('',(0.0,2.766999999999997,4.857000000000002));
#1480=DIRECTION('',(0.0,1.0,0.0));
#1481=VECTOR('',#1480,0.030000000000000);
#1482=LINE('',#1479,#1481);
#1483=EDGE_CURVE('',#1478,#1470,#1482,.T.);
#1484=ORIENTED_EDGE('',*,*,#1483,.F.);
#1485=CARTESIAN_POINT('',(0.0,-2.733000000000004,4.857000000000123));
#1486=DIRECTION('',(0.0,1.0,0.0));
#1487=VECTOR('',#1486,5.500000000000001);
#1488=LINE('',#1485,#1487);
#1489=EDGE_CURVE('',#1385,#1478,#1488,.T.);
#1490=ORIENTED_EDGE('',*,*,#1489,.F.);
#1491=EDGE_LOOP('',(#1391,#1399,#1408,#1416,#1425,#1431,#1432,#1433,#1434,#1442,#1451,#1459,#1468,#1476,#1484,#1490));
#1492=FACE_OUTER_BOUND('',#1491,.T.);
#1493=ADVANCED_FACE('',(#1492),#1381,.T.);
#1494=CARTESIAN_POINT('',(-0.064000000000000,-1.682818E-015,1.748383E-016));
#1495=DIRECTION('',(1.0,0.0,0.0));
#1496=DIRECTION('',(0.0,0.0,-1.0));
#1497=AXIS2_PLACEMENT_3D('',#1494,#1495,#1496);
#1498=PLANE('',#1497);
#1499=CARTESIAN_POINT('',(-0.064000000000000,2.796999999999997,4.857000000000001));
#1500=VERTEX_POINT('',#1499);
#1501=CARTESIAN_POINT('',(-0.064000000000000,2.766999999999997,4.857000000000002));
#1502=VERTEX_POINT('',#1501);
#1503=CARTESIAN_POINT('',(-0.064000000000000,2.796999999999997,4.857000000000001));
#1504=DIRECTION('',(0.0,-1.0,0.0));
#1505=VECTOR('',#1504,0.030000000000000);
#1506=LINE('',#1503,#1505);
#1507=EDGE_CURVE('',#1500,#1502,#1506,.T.);
#1508=ORIENTED_EDGE('',*,*,#1507,.F.);
#1509=CARTESIAN_POINT('',(-0.064000000000000,2.796999999999999,4.953000000000001));
#1510=VERTEX_POINT('',#1509);
#1511=CARTESIAN_POINT('',(-0.064000000000000,2.796999999999999,4.953000000000001));
#1512=DIRECTION('',(0.0,0.0,-1.0));
#1513=VECTOR('',#1512,0.096000000000000);
#1514=LINE('',#1511,#1513);
#1515=EDGE_CURVE('',#1510,#1500,#1514,.T.);
#1516=ORIENTED_EDGE('',*,*,#1515,.F.);
#1517=CARTESIAN_POINT('',(-0.064000000000000,3.202999999999997,4.547000000000002));
#1518=VERTEX_POINT('',#1517);
#1519=CARTESIAN_POINT('',(-0.064000000000000,2.796999999999999,4.547000000000000));
#1520=DIRECTION('',(1.0,0.0,0.0));
#1521=DIRECTION('',(0.0,-1.0,0.0));
#1522=AXIS2_PLACEMENT_3D('',#1519,#1520,#1521);
#1523=CIRCLE('',#1522,0.406000000000000);
#1524=EDGE_CURVE('',#1518,#1510,#1523,.T.);
#1525=ORIENTED_EDGE('',*,*,#1524,.F.);
#1526=CARTESIAN_POINT('',(-0.064000000000000,3.202999999999998,-4.547000000000002));
#1527=VERTEX_POINT('',#1526);
#1528=CARTESIAN_POINT('',(-0.064000000000000,3.202999999999998,-4.547000000000002));
#1529=DIRECTION('',(0.0,0.0,1.0));
#1530=VECTOR('',#1529,9.094000000000003);
#1531=LINE('',#1528,#1530);
#1532=EDGE_CURVE('',#1527,#1518,#1531,.T.);
#1533=ORIENTED_EDGE('',*,*,#1532,.F.);
#1534=CARTESIAN_POINT('',(-0.064000000000000,2.796999999999999,-4.953000000000001));
#1535=VERTEX_POINT('',#1534);
#1536=CARTESIAN_POINT('',(-0.064000000000000,2.796999999999999,-4.547000000000000));
#1537=DIRECTION('',(1.0,0.0,0.0));
#1538=DIRECTION('',(0.0,0.0,1.0));
#1539=AXIS2_PLACEMENT_3D('',#1536,#1537,#1538);
#1540=CIRCLE('',#1539,0.406000000000000);
#1541=EDGE_CURVE('',#1535,#1527,#1540,.T.);
#1542=ORIENTED_EDGE('',*,*,#1541,.F.);
#1543=CARTESIAN_POINT('',(-0.064000000000000,2.796999999999998,-4.857000000000001));
#1544=DIRECTION('',(0.0,0.0,-1.0));
#1545=VECTOR('',#1544,0.096000000000000);
#1546=LINE('',#1543,#1545);
#1547=EDGE_CURVE('',#912,#1535,#1546,.T.);
#1548=ORIENTED_EDGE('',*,*,#1547,.F.);
#1549=ORIENTED_EDGE('',*,*,#917,.F.);
#1550=ORIENTED_EDGE('',*,*,#425,.F.);
#1551=ORIENTED_EDGE('',*,*,#900,.F.);
#1552=CARTESIAN_POINT('',(-0.064000000000000,-2.796999999999998,-4.953000000000001));
#1553=VERTEX_POINT('',#1552);
#1554=CARTESIAN_POINT('',(-0.064000000000000,-2.796999999999998,-4.953000000000001));
#1555=DIRECTION('',(0.0,0.0,1.0));
#1556=VECTOR('',#1555,0.096000000000000);
#1557=LINE('',#1554,#1556);
#1558=EDGE_CURVE('',#1553,#889,#1557,.T.);
#1559=ORIENTED_EDGE('',*,*,#1558,.F.);
#1560=CARTESIAN_POINT('',(-0.064000000000000,-3.202999999999999,-4.547000000000000));
#1561=VERTEX_POINT('',#1560);
#1562=CARTESIAN_POINT('',(-0.064000000000000,-2.797000000000000,-4.547000000000000));
#1563=DIRECTION('',(1.0,0.0,0.0));
#1564=DIRECTION('',(0.0,1.0,0.0));
#1565=AXIS2_PLACEMENT_3D('',#1562,#1563,#1564);
#1566=CIRCLE('',#1565,0.406000000000000);
#1567=EDGE_CURVE('',#1561,#1553,#1566,.T.);
#1568=ORIENTED_EDGE('',*,*,#1567,.F.);
#1569=CARTESIAN_POINT('',(-0.064000000000000,-3.203000000000000,4.547000000000000));
#1570=VERTEX_POINT('',#1569);
#1571=CARTESIAN_POINT('',(-0.064000000000000,-3.203000000000000,4.547000000000000));
#1572=DIRECTION('',(0.0,0.0,-1.0));
#1573=VECTOR('',#1572,9.093999999999999);
#1574=LINE('',#1571,#1573);
#1575=EDGE_CURVE('',#1570,#1561,#1574,.T.);
#1576=ORIENTED_EDGE('',*,*,#1575,.F.);
#1577=CARTESIAN_POINT('',(-0.064000000000000,-2.796999999999999,4.953000000000001));
#1578=VERTEX_POINT('',#1577);
#1579=CARTESIAN_POINT('',(-0.064000000000000,-2.797000000000001,4.547000000000000));
#1580=DIRECTION('',(1.0,0.0,0.0));
#1581=DIRECTION('',(0.0,0.0,-1.0));
#1582=AXIS2_PLACEMENT_3D('',#1579,#1580,#1581);
#1583=CIRCLE('',#1582,0.406000000000000);
#1584=EDGE_CURVE('',#1578,#1570,#1583,.T.);
#1585=ORIENTED_EDGE('',*,*,#1584,.F.);
#1586=CARTESIAN_POINT('',(-0.064000000000000,-2.796999999999999,4.857000000000001));
#1587=VERTEX_POINT('',#1586);
#1588=CARTESIAN_POINT('',(-0.064000000000000,-2.796999999999999,4.857000000000001));
#1589=DIRECTION('',(0.0,0.0,1.0));
#1590=VECTOR('',#1589,0.096000000000000);
#1591=LINE('',#1588,#1590);
#1592=EDGE_CURVE('',#1587,#1578,#1591,.T.);
#1593=ORIENTED_EDGE('',*,*,#1592,.F.);
#1594=CARTESIAN_POINT('',(-0.064000000000000,-2.733000000000004,4.857000000000123));
#1595=VERTEX_POINT('',#1594);
#1596=CARTESIAN_POINT('',(-0.064000000000000,-2.733000000000004,4.857000000000123));
#1597=DIRECTION('',(0.0,-1.0,-1.901257E-012));
#1598=VECTOR('',#1597,0.063999999999995);
#1599=LINE('',#1596,#1598);
#1600=EDGE_CURVE('',#1595,#1587,#1599,.T.);
#1601=ORIENTED_EDGE('',*,*,#1600,.F.);
#1602=CARTESIAN_POINT('',(-0.064000000000000,2.766999999999997,4.857000000000002));
#1603=DIRECTION('',(0.0,-1.0,0.0));
#1604=VECTOR('',#1603,5.500000000000001);
#1605=LINE('',#1602,#1604);
#1606=EDGE_CURVE('',#1502,#1595,#1605,.T.);
#1607=ORIENTED_EDGE('',*,*,#1606,.F.);
#1608=EDGE_LOOP('',(#1508,#1516,#1525,#1533,#1542,#1548,#1549,#1550,#1551,#1559,#1568,#1576,#1585,#1593,#1601,#1607));
#1609=FACE_OUTER_BOUND('',#1608,.T.);
#1610=ADVANCED_FACE('',(#1609),#1498,.F.);
#1611=CARTESIAN_POINT('',(-0.379000000000000,-1.233000000000001,4.953000000000093));
#1612=CARTESIAN_POINT('',(-0.379000000000000,-1.233000000000003,4.889000000000087));
#1613=CARTESIAN_POINT('',(-0.379000000000000,-1.291000000000002,4.953000000000094));
#1614=CARTESIAN_POINT('',(-0.379000000000000,-1.291000000000003,4.889000000000088));
#1615=CARTESIAN_POINT('',(-0.321000000000000,-1.291000000000002,4.953000000000094));
#1616=CARTESIAN_POINT('',(-0.321000000000000,-1.291000000000003,4.889000000000088));
#1617=CARTESIAN_POINT('',(-0.263000000000000,-1.291000000000002,4.953000000000094));
#1618=CARTESIAN_POINT('',(-0.263000000000000,-1.291000000000003,4.889000000000088));
#1619=CARTESIAN_POINT('',(-0.263000000000000,-1.233000000000001,4.953000000000093));
#1620=CARTESIAN_POINT('',(-0.263000000000000,-1.233000000000003,4.889000000000087));
#1621=CARTESIAN_POINT('',(-0.263000000000000,-1.175000000000001,4.953000000000092));
#1622=CARTESIAN_POINT('',(-0.263000000000000,-1.175000000000003,4.889000000000086));
#1623=CARTESIAN_POINT('',(-0.321000000000000,-1.175000000000001,4.953000000000092));
#1624=CARTESIAN_POINT('',(-0.321000000000000,-1.175000000000003,4.889000000000086));
#1625=CARTESIAN_POINT('',(-0.379000000000000,-1.175000000000001,4.953000000000092));
#1626=CARTESIAN_POINT('',(-0.379000000000000,-1.175000000000003,4.889000000000086));
#1627=CARTESIAN_POINT('',(-0.379000000000000,-1.233000000000001,4.953000000000093));
#1628=CARTESIAN_POINT('',(-0.379000000000000,-1.233000000000003,4.889000000000087));
#1636=(BOUNDED_SURFACE()B_SPLINE_SURFACE(1,2,((#1611,#1613,#1615,#1617,#1619,#1621,#1623,#1625,#1627),(#1612,#1614,#1616,#1618,#1620,#1622,#1624,#1626,#1628)),.UNSPECIFIED.,.F.,.T.,.U.)B_SPLINE_SURFACE_WITH_KNOTS((2,2),(3,2,2,2,3),(-203.679220908091820,-202.575772632229670),(0.0,0.091106186954104,0.182212373908208,0.273318560862312,0.364424747816416),.UNSPECIFIED.)GEOMETRIC_REPRESENTATION_ITEM()RATIONAL_B_SPLINE_SURFACE(((1.0,0.707106781186548,1.0,0.707106781186548,1.0,0.707106781186548,1.0,0.707106781186548,1.0),(1.0,0.707106781186548,1.0,0.707106781186548,1.0,0.707106781186548,1.0,0.707106781186548,1.0)))REPRESENTATION_ITEM('')SURFACE());
#1637=CARTESIAN_POINT('',(-0.379000000000000,-1.233000000000003,4.889000000000090));
#1638=VERTEX_POINT('',#1637);
#1639=CARTESIAN_POINT('',(-0.321000000000000,-1.233000000000003,4.889000000000090));
#1640=DIRECTION('',(0.0,0.0,1.0));
#1641=DIRECTION('',(1.0,0.0,0.0));
#1642=AXIS2_PLACEMENT_3D('',#1639,#1640,#1641);
#1643=CIRCLE('',#1642,0.058000000000000);
#1644=EDGE_CURVE('',#1638,#1638,#1643,.T.);
#1645=ORIENTED_EDGE('',*,*,#1644,.F.);
#1646=EDGE_LOOP('',(#1645));
#1647=FACE_OUTER_BOUND('',#1646,.T.);
#1648=CARTESIAN_POINT('',(-0.263000000000000,-1.233000000000002,4.953000000000090));
#1649=VERTEX_POINT('',#1648);
#1650=CARTESIAN_POINT('',(-0.321000000000000,-1.233000000000002,4.953000000000091));
#1651=DIRECTION('',(0.0,0.0,-1.0));
#1652=DIRECTION('',(1.0,0.0,0.0));
#1653=AXIS2_PLACEMENT_3D('',#1650,#1651,#1652);
#1654=CIRCLE('',#1653,0.058000000000000);
#1655=EDGE_CURVE('',#1649,#1649,#1654,.T.);
#1656=ORIENTED_EDGE('',*,*,#1655,.F.);
#1657=EDGE_LOOP('',(#1656));
#1658=FACE_BOUND('',#1657,.T.);
#1659=ADVANCED_FACE('',(#1647,#1658),#1636,.F.);
#1660=CARTESIAN_POINT('',(-0.379000000000000,1.266999999999999,4.953000000000037));
#1661=CARTESIAN_POINT('',(-0.379000000000000,1.266999999999997,4.889000000000031));
#1662=CARTESIAN_POINT('',(-0.379000000000000,1.208999999999999,4.953000000000038));
#1663=CARTESIAN_POINT('',(-0.379000000000000,1.208999999999997,4.889000000000032));
#1664=CARTESIAN_POINT('',(-0.321000000000000,1.208999999999999,4.953000000000038));
#1665=CARTESIAN_POINT('',(-0.321000000000000,1.208999999999997,4.889000000000032));
#1666=CARTESIAN_POINT('',(-0.263000000000000,1.208999999999999,4.953000000000038));
#1667=CARTESIAN_POINT('',(-0.263000000000000,1.208999999999997,4.889000000000032));
#1668=CARTESIAN_POINT('',(-0.263000000000000,1.266999999999999,4.953000000000037));
#1669=CARTESIAN_POINT('',(-0.263000000000000,1.266999999999997,4.889000000000031));
#1670=CARTESIAN_POINT('',(-0.263000000000000,1.324999999999999,4.953000000000036));
#1671=CARTESIAN_POINT('',(-0.263000000000000,1.324999999999997,4.889000000000030));
#1672=CARTESIAN_POINT('',(-0.321000000000000,1.324999999999999,4.953000000000036));
#1673=CARTESIAN_POINT('',(-0.321000000000000,1.324999999999997,4.889000000000030));
#1674=CARTESIAN_POINT('',(-0.379000000000000,1.324999999999999,4.953000000000036));
#1675=CARTESIAN_POINT('',(-0.379000000000000,1.324999999999997,4.889000000000030));
#1676=CARTESIAN_POINT('',(-0.379000000000000,1.266999999999999,4.953000000000037));
#1677=CARTESIAN_POINT('',(-0.379000000000000,1.266999999999997,4.889000000000031));
#1685=(BOUNDED_SURFACE()B_SPLINE_SURFACE(1,2,((#1660,#1662,#1664,#1666,#1668,#1670,#1672,#1674,#1676),(#1661,#1663,#1665,#1667,#1669,#1671,#1673,#1675,#1677)),.UNSPECIFIED.,.F.,.T.,.U.)B_SPLINE_SURFACE_WITH_KNOTS((2,2),(3,2,2,2,3),(-203.679220908091790,-202.575772632229620),(0.0,0.091106186954104,0.182212373908208,0.273318560862312,0.364424747816416),.UNSPECIFIED.)GEOMETRIC_REPRESENTATION_ITEM()RATIONAL_B_SPLINE_SURFACE(((1.0,0.707106781186548,1.0,0.707106781186548,1.0,0.707106781186548,1.0,0.707106781186548,1.0),(1.0,0.707106781186548,1.0,0.707106781186548,1.0,0.707106781186548,1.0,0.707106781186548,1.0)))REPRESENTATION_ITEM('')SURFACE());
#1686=CARTESIAN_POINT('',(-0.379000000000000,1.266999999999997,4.889000000000034));
#1687=VERTEX_POINT('',#1686);
#1688=CARTESIAN_POINT('',(-0.321000000000000,1.266999999999997,4.889000000000034));
#1689=DIRECTION('',(0.0,0.0,1.0));
#1690=DIRECTION('',(1.0,0.0,0.0));
#1691=AXIS2_PLACEMENT_3D('',#1688,#1689,#1690);
#1692=CIRCLE('',#1691,0.058000000000000);
#1693=EDGE_CURVE('',#1687,#1687,#1692,.T.);
#1694=ORIENTED_EDGE('',*,*,#1693,.F.);
#1695=EDGE_LOOP('',(#1694));
#1696=FACE_OUTER_BOUND('',#1695,.T.);
#1697=CARTESIAN_POINT('',(-0.263000000000000,1.266999999999999,4.953000000000035));
#1698=VERTEX_POINT('',#1697);
#1699=CARTESIAN_POINT('',(-0.321000000000000,1.266999999999999,4.953000000000034));
#1700=DIRECTION('',(0.0,0.0,-1.0));
#1701=DIRECTION('',(1.0,0.0,0.0));
#1702=AXIS2_PLACEMENT_3D('',#1699,#1700,#1701);
#1703=CIRCLE('',#1702,0.058000000000000);
#1704=EDGE_CURVE('',#1698,#1698,#1703,.T.);
#1705=ORIENTED_EDGE('',*,*,#1704,.F.);
#1706=EDGE_LOOP('',(#1705));
#1707=FACE_BOUND('',#1706,.T.);
#1708=ADVANCED_FACE('',(#1696,#1707),#1685,.F.);
#1709=CARTESIAN_POINT('',(-0.096000000000000,2.766999999999997,4.857000000000002));
#1710=DIRECTION('',(0.0,-1.0,2.187068E-014));
#1711=DIRECTION('',(-1.0,0.0,0.0));
#1712=AXIS2_PLACEMENT_3D('',#1709,#1710,#1711);
#1713=CYLINDRICAL_SURFACE('',#1712,0.032000000000000);
#1714=CARTESIAN_POINT('',(-0.096000000000000,-2.733000000000003,4.889000000000122));
#1715=VERTEX_POINT('',#1714);
#1716=CARTESIAN_POINT('',(-0.096000000000000,-2.733000000000004,4.857000000000123));
#1717=DIRECTION('',(0.0,-1.0,0.0));
#1718=DIRECTION('',(-1.0,0.0,0.0));
#1719=AXIS2_PLACEMENT_3D('',#1716,#1717,#1718);
#1720=CIRCLE('',#1719,0.032000000000000);
#1721=EDGE_CURVE('',#1595,#1715,#1720,.T.);
#1722=ORIENTED_EDGE('',*,*,#1721,.T.);
#1723=CARTESIAN_POINT('',(-0.096000000000000,2.766999999999997,4.889000000000002));
#1724=VERTEX_POINT('',#1723);
#1725=CARTESIAN_POINT('',(-0.096000000000000,2.766999999999997,4.889000000000002));
#1726=DIRECTION('',(0.0,-1.0,0.0));
#1727=VECTOR('',#1726,5.500000000000000);
#1728=LINE('',#1725,#1727);
#1729=EDGE_CURVE('',#1724,#1715,#1728,.T.);
#1730=ORIENTED_EDGE('',*,*,#1729,.F.);
#1731=CARTESIAN_POINT('',(-0.096000000000000,2.766999999999997,4.857000000000002));
#1732=DIRECTION('',(0.0,1.0,0.0));
#1733=DIRECTION('',(-1.0,0.0,0.0));
#1734=AXIS2_PLACEMENT_3D('',#1731,#1732,#1733);
#1735=CIRCLE('',#1734,0.032000000000000);
#1736=EDGE_CURVE('',#1724,#1502,#1735,.T.);
#1737=ORIENTED_EDGE('',*,*,#1736,.T.);
#1738=ORIENTED_EDGE('',*,*,#1606,.T.);
#1739=EDGE_LOOP('',(#1722,#1730,#1737,#1738));
#1740=FACE_OUTER_BOUND('',#1739,.T.);
#1741=ADVANCED_FACE('',(#1740),#1713,.F.);
#1742=CARTESIAN_POINT('',(-0.096000000000000,2.766999999999997,4.889000000000002));
#1743=DIRECTION('',(0.0,0.0,-1.0));
#1744=DIRECTION('',(-1.0,0.0,0.0));
#1745=AXIS2_PLACEMENT_3D('',#1742,#1743,#1744);
#1746=PLANE('',#1745);
#1747=CARTESIAN_POINT('',(-0.529000000000000,-2.733000000000003,4.889000000000122));
#1748=VERTEX_POINT('',#1747);
#1749=CARTESIAN_POINT('',(-0.096000000000000,-2.733000000000003,4.889000000000122));
#1750=DIRECTION('',(-1.0,0.0,0.0));
#1751=VECTOR('',#1750,0.433000000000000);
#1752=LINE('',#1749,#1751);
#1753=EDGE_CURVE('',#1715,#1748,#1752,.T.);
#1754=ORIENTED_EDGE('',*,*,#1753,.T.);
#1755=CARTESIAN_POINT('',(-0.529000000000000,2.766999999999997,4.889000000000002));
#1756=VERTEX_POINT('',#1755);
#1757=CARTESIAN_POINT('',(-0.529000000000000,2.766999999999997,4.889000000000002));
#1758=DIRECTION('',(0.0,-1.0,0.0));
#1759=VECTOR('',#1758,5.500000000000000);
#1760=LINE('',#1757,#1759);
#1761=EDGE_CURVE('',#1756,#1748,#1760,.T.);
#1762=ORIENTED_EDGE('',*,*,#1761,.F.);
#1763=CARTESIAN_POINT('',(-0.529000000000000,2.766999999999997,4.889000000000002));
#1764=DIRECTION('',(1.0,0.0,0.0));
#1765=VECTOR('',#1764,0.433000000000000);
#1766=LINE('',#1763,#1765);
#1767=EDGE_CURVE('',#1756,#1724,#1766,.T.);
#1768=ORIENTED_EDGE('',*,*,#1767,.T.);
#1769=ORIENTED_EDGE('',*,*,#1729,.T.);
#1770=EDGE_LOOP('',(#1754,#1762,#1768,#1769));
#1771=FACE_OUTER_BOUND('',#1770,.T.);
#1772=ORIENTED_EDGE('',*,*,#1644,.T.);
#1773=EDGE_LOOP('',(#1772));
#1774=FACE_BOUND('',#1773,.T.);
#1775=ORIENTED_EDGE('',*,*,#1693,.T.);
#1776=EDGE_LOOP('',(#1775));
#1777=FACE_BOUND('',#1776,.T.);
#1778=ADVANCED_FACE('',(#1771,#1774,#1777),#1746,.T.);
#1779=CARTESIAN_POINT('',(-0.529000000000000,2.766999999999997,4.857000000000002));
#1780=DIRECTION('',(0.0,-1.0,2.187068E-014));
#1781=DIRECTION('',(0.0,0.0,-1.0));
#1782=AXIS2_PLACEMENT_3D('',#1779,#1780,#1781);
#1783=CYLINDRICAL_SURFACE('',#1782,0.032000000000000);
#1784=CARTESIAN_POINT('',(-0.561000000000000,-2.733000000000004,4.857000000000123));
#1785=VERTEX_POINT('',#1784);
#1786=CARTESIAN_POINT('',(-0.529000000000000,-2.733000000000004,4.857000000000123));
#1787=DIRECTION('',(0.0,-1.0,0.0));
#1788=DIRECTION('',(0.0,0.0,-1.0));
#1789=AXIS2_PLACEMENT_3D('',#1786,#1787,#1788);
#1790=CIRCLE('',#1789,0.032000000000000);
#1791=EDGE_CURVE('',#1748,#1785,#1790,.T.);
#1792=ORIENTED_EDGE('',*,*,#1791,.T.);
#1793=CARTESIAN_POINT('',(-0.561000000000000,2.766999999999997,4.857000000000002));
#1794=VERTEX_POINT('',#1793);
#1795=CARTESIAN_POINT('',(-0.561000000000000,2.766999999999997,4.857000000000002));
#1796=DIRECTION('',(0.0,-1.0,0.0));
#1797=VECTOR('',#1796,5.500000000000001);
#1798=LINE('',#1795,#1797);
#1799=EDGE_CURVE('',#1794,#1785,#1798,.T.);
#1800=ORIENTED_EDGE('',*,*,#1799,.F.);
#1801=CARTESIAN_POINT('',(-0.529000000000000,2.766999999999997,4.857000000000002));
#1802=DIRECTION('',(0.0,1.0,0.0));
#1803=DIRECTION('',(0.0,0.0,-1.0));
#1804=AXIS2_PLACEMENT_3D('',#1801,#1802,#1803);
#1805=CIRCLE('',#1804,0.032000000000000);
#1806=EDGE_CURVE('',#1794,#1756,#1805,.T.);
#1807=ORIENTED_EDGE('',*,*,#1806,.T.);
#1808=ORIENTED_EDGE('',*,*,#1761,.T.);
#1809=EDGE_LOOP('',(#1792,#1800,#1807,#1808));
#1810=FACE_OUTER_BOUND('',#1809,.T.);
#1811=ADVANCED_FACE('',(#1810),#1783,.F.);
#1812=CARTESIAN_POINT('',(-0.561000000000000,2.766999999999997,4.857000000000002));
#1813=DIRECTION('',(1.0,0.0,0.0));
#1814=DIRECTION('',(0.0,0.0,-1.0));
#1815=AXIS2_PLACEMENT_3D('',#1812,#1813,#1814);
#1816=PLANE('',#1815);
#1817=CARTESIAN_POINT('',(-0.561000000000000,-2.733000000000016,4.328000000000122));
#1818=VERTEX_POINT('',#1817);
#1819=CARTESIAN_POINT('',(-0.561000000000000,-2.733000000000004,4.857000000000123));
#1820=DIRECTION('',(0.0,0.0,-1.0));
#1821=VECTOR('',#1820,0.529000000000001);
#1822=LINE('',#1819,#1821);
#1823=EDGE_CURVE('',#1785,#1818,#1822,.T.);
#1824=ORIENTED_EDGE('',*,*,#1823,.T.);
#1825=CARTESIAN_POINT('',(-0.561000000000000,2.766999999999985,4.328000000000002));
#1826=VERTEX_POINT('',#1825);
#1827=CARTESIAN_POINT('',(-0.561000000000000,2.766999999999985,4.328000000000002));
#1828=DIRECTION('',(0.0,-1.0,0.0));
#1829=VECTOR('',#1828,5.500000000000001);
#1830=LINE('',#1827,#1829);
#1831=EDGE_CURVE('',#1826,#1818,#1830,.T.);
#1832=ORIENTED_EDGE('',*,*,#1831,.F.);
#1833=CARTESIAN_POINT('',(-0.561000000000000,2.766999999999985,4.328000000000002));
#1834=DIRECTION('',(0.0,0.0,1.0));
#1835=VECTOR('',#1834,0.529000000000000);
#1836=LINE('',#1833,#1835);
#1837=EDGE_CURVE('',#1826,#1794,#1836,.T.);
#1838=ORIENTED_EDGE('',*,*,#1837,.T.);
#1839=ORIENTED_EDGE('',*,*,#1799,.T.);
#1840=EDGE_LOOP('',(#1824,#1832,#1838,#1839));
#1841=FACE_OUTER_BOUND('',#1840,.T.);
#1842=ORIENTED_EDGE('',*,*,#969,.T.);
#1843=EDGE_LOOP('',(#1842));
#1844=FACE_BOUND('',#1843,.T.);
#1845=ORIENTED_EDGE('',*,*,#1018,.T.);
#1846=EDGE_LOOP('',(#1845));
#1847=FACE_BOUND('',#1846,.T.);
#1848=ORIENTED_EDGE('',*,*,#1067,.T.);
#1849=EDGE_LOOP('',(#1848));
#1850=FACE_BOUND('',#1849,.T.);
#1851=ORIENTED_EDGE('',*,*,#1116,.T.);
#1852=EDGE_LOOP('',(#1851));
#1853=FACE_BOUND('',#1852,.T.);
#1854=ORIENTED_EDGE('',*,*,#1165,.T.);
#1855=EDGE_LOOP('',(#1854));
#1856=FACE_BOUND('',#1855,.T.);
#1857=ORIENTED_EDGE('',*,*,#1214,.T.);
#1858=EDGE_LOOP('',(#1857));
#1859=FACE_BOUND('',#1858,.T.);
#1860=ORIENTED_EDGE('',*,*,#1263,.T.);
#1861=EDGE_LOOP('',(#1860));
#1862=FACE_BOUND('',#1861,.T.);
#1863=ORIENTED_EDGE('',*,*,#1312,.T.);
#1864=EDGE_LOOP('',(#1863));
#1865=FACE_BOUND('',#1864,.T.);
#1866=ORIENTED_EDGE('',*,*,#1361,.T.);
#1867=EDGE_LOOP('',(#1866));
#1868=FACE_BOUND('',#1867,.T.);
#1869=ADVANCED_FACE('',(#1841,#1844,#1847,#1850,#1853,#1856,#1859,#1862,#1865,#1868),#1816,.T.);
#1870=CARTESIAN_POINT('',(-0.561000000000000,2.766999999999985,4.328000000000002));
#1871=DIRECTION('',(0.0,0.0,-1.0));
#1872=DIRECTION('',(-1.0,0.0,0.0));
#1873=AXIS2_PLACEMENT_3D('',#1870,#1871,#1872);
#1874=PLANE('',#1873);
#1875=CARTESIAN_POINT('',(-0.625000000000000,-2.733000000000016,4.328000000000122));
#1876=VERTEX_POINT('',#1875);
#1877=CARTESIAN_POINT('',(-0.561000000000000,-2.733000000000016,4.328000000000122));
#1878=DIRECTION('',(-1.0,0.0,0.0));
#1879=VECTOR('',#1878,0.064000000000000);
#1880=LINE('',#1877,#1879);
#1881=EDGE_CURVE('',#1818,#1876,#1880,.T.);
#1882=ORIENTED_EDGE('',*,*,#1881,.T.);
#1883=CARTESIAN_POINT('',(-0.625000000000000,2.766999999999985,4.328000000000002));
#1884=VERTEX_POINT('',#1883);
#1885=CARTESIAN_POINT('',(-0.625000000000000,2.766999999999985,4.328000000000002));
#1886=DIRECTION('',(0.0,-1.0,0.0));
#1887=VECTOR('',#1886,5.500000000000001);
#1888=LINE('',#1885,#1887);
#1889=EDGE_CURVE('',#1884,#1876,#1888,.T.);
#1890=ORIENTED_EDGE('',*,*,#1889,.F.);
#1891=CARTESIAN_POINT('',(-0.625000000000000,2.766999999999985,4.328000000000002));
#1892=DIRECTION('',(1.0,0.0,0.0));
#1893=VECTOR('',#1892,0.064000000000000);
#1894=LINE('',#1891,#1893);
#1895=EDGE_CURVE('',#1884,#1826,#1894,.T.);
#1896=ORIENTED_EDGE('',*,*,#1895,.T.);
#1897=ORIENTED_EDGE('',*,*,#1831,.T.);
#1898=EDGE_LOOP('',(#1882,#1890,#1896,#1897));
#1899=FACE_OUTER_BOUND('',#1898,.T.);
#1900=ADVANCED_FACE('',(#1899),#1874,.T.);
#1901=CARTESIAN_POINT('',(-0.625000000000000,2.766999999999985,4.328000000000002));
#1902=DIRECTION('',(-1.0,0.0,0.0));
#1903=DIRECTION('',(0.0,0.0,1.0));
#1904=AXIS2_PLACEMENT_3D('',#1901,#1902,#1903);
#1905=PLANE('',#1904);
#1906=CARTESIAN_POINT('',(-0.625000000000000,-2.733000000000004,4.857000000000123));
#1907=VERTEX_POINT('',#1906);
#1908=CARTESIAN_POINT('',(-0.625000000000000,-2.733000000000016,4.328000000000122));
#1909=DIRECTION('',(0.0,0.0,1.0));
#1910=VECTOR('',#1909,0.529000000000001);
#1911=LINE('',#1908,#1910);
#1912=EDGE_CURVE('',#1876,#1907,#1911,.T.);
#1913=ORIENTED_EDGE('',*,*,#1912,.T.);
#1914=CARTESIAN_POINT('',(-0.625000000000000,2.766999999999997,4.857000000000002));
#1915=VERTEX_POINT('',#1914);
#1916=CARTESIAN_POINT('',(-0.625000000000000,2.766999999999997,4.857000000000002));
#1917=DIRECTION('',(0.0,-1.0,0.0));
#1918=VECTOR('',#1917,5.500000000000001);
#1919=LINE('',#1916,#1918);
#1920=EDGE_CURVE('',#1915,#1907,#1919,.T.);
#1921=ORIENTED_EDGE('',*,*,#1920,.F.);
#1922=CARTESIAN_POINT('',(-0.625000000000000,2.766999999999997,4.857000000000002));
#1923=DIRECTION('',(0.0,0.0,-1.0));
#1924=VECTOR('',#1923,0.529000000000000);
#1925=LINE('',#1922,#1924);
#1926=EDGE_CURVE('',#1915,#1884,#1925,.T.);
#1927=ORIENTED_EDGE('',*,*,#1926,.T.);
#1928=ORIENTED_EDGE('',*,*,#1889,.T.);
#1929=EDGE_LOOP('',(#1913,#1921,#1927,#1928));
#1930=FACE_OUTER_BOUND('',#1929,.T.);
#1931=ORIENTED_EDGE('',*,*,#980,.T.);
#1932=EDGE_LOOP('',(#1931));
#1933=FACE_BOUND('',#1932,.T.);
#1934=ORIENTED_EDGE('',*,*,#1029,.T.);
#1935=EDGE_LOOP('',(#1934));
#1936=FACE_BOUND('',#1935,.T.);
#1937=ORIENTED_EDGE('',*,*,#1078,.T.);
#1938=EDGE_LOOP('',(#1937));
#1939=FACE_BOUND('',#1938,.T.);
#1940=ORIENTED_EDGE('',*,*,#1127,.T.);
#1941=EDGE_LOOP('',(#1940));
#1942=FACE_BOUND('',#1941,.T.);
#1943=ORIENTED_EDGE('',*,*,#1176,.T.);
#1944=EDGE_LOOP('',(#1943));
#1945=FACE_BOUND('',#1944,.T.);
#1946=ORIENTED_EDGE('',*,*,#1225,.T.);
#1947=EDGE_LOOP('',(#1946));
#1948=FACE_BOUND('',#1947,.T.);
#1949=ORIENTED_EDGE('',*,*,#1274,.T.);
#1950=EDGE_LOOP('',(#1949));
#1951=FACE_BOUND('',#1950,.T.);
#1952=ORIENTED_EDGE('',*,*,#1323,.T.);
#1953=EDGE_LOOP('',(#1952));
#1954=FACE_BOUND('',#1953,.T.);
#1955=ORIENTED_EDGE('',*,*,#1372,.T.);
#1956=EDGE_LOOP('',(#1955));
#1957=FACE_BOUND('',#1956,.T.);
#1958=ADVANCED_FACE('',(#1930,#1933,#1936,#1939,#1942,#1945,#1948,#1951,#1954,#1957),#1905,.T.);
#1959=CARTESIAN_POINT('',(-0.529000000000000,2.766999999999997,4.857000000000002));
#1960=DIRECTION('',(0.0,-1.0,2.187068E-014));
#1961=DIRECTION('',(0.0,0.0,1.0));
#1962=AXIS2_PLACEMENT_3D('',#1959,#1960,#1961);
#1963=CYLINDRICAL_SURFACE('',#1962,0.096000000000000);
#1964=CARTESIAN_POINT('',(-0.529000000000000,-2.733000000000002,4.953000000000123));
#1965=VERTEX_POINT('',#1964);
#1966=CARTESIAN_POINT('',(-0.529000000000000,-2.733000000000004,4.857000000000123));
#1967=DIRECTION('',(0.0,1.0,0.0));
#1968=DIRECTION('',(0.0,0.0,1.0));
#1969=AXIS2_PLACEMENT_3D('',#1966,#1967,#1968);
#1970=CIRCLE('',#1969,0.096000000000000);
#1971=EDGE_CURVE('',#1907,#1965,#1970,.T.);
#1972=ORIENTED_EDGE('',*,*,#1971,.T.);
#1973=CARTESIAN_POINT('',(-0.529000000000000,2.766999999999999,4.953000000000002));
#1974=VERTEX_POINT('',#1973);
#1975=CARTESIAN_POINT('',(-0.529000000000000,2.766999999999999,4.953000000000002));
#1976=DIRECTION('',(0.0,-1.0,0.0));
#1977=VECTOR('',#1976,5.500000000000000);
#1978=LINE('',#1975,#1977);
#1979=EDGE_CURVE('',#1974,#1965,#1978,.T.);
#1980=ORIENTED_EDGE('',*,*,#1979,.F.);
#1981=CARTESIAN_POINT('',(-0.529000000000000,2.766999999999997,4.857000000000002));
#1982=DIRECTION('',(0.0,-1.0,0.0));
#1983=DIRECTION('',(0.0,0.0,1.0));
#1984=AXIS2_PLACEMENT_3D('',#1981,#1982,#1983);
#1985=CIRCLE('',#1984,0.096000000000000);
#1986=EDGE_CURVE('',#1974,#1915,#1985,.T.);
#1987=ORIENTED_EDGE('',*,*,#1986,.T.);
#1988=ORIENTED_EDGE('',*,*,#1920,.T.);
#1989=EDGE_LOOP('',(#1972,#1980,#1987,#1988));
#1990=FACE_OUTER_BOUND('',#1989,.T.);
#1991=ADVANCED_FACE('',(#1990),#1963,.T.);
#1992=CARTESIAN_POINT('',(-0.529000000000000,2.766999999999999,4.953000000000002));
#1993=DIRECTION('',(0.0,0.0,1.0));
#1994=DIRECTION('',(1.0,0.0,0.0));
#1995=AXIS2_PLACEMENT_3D('',#1992,#1993,#1994);
#1996=PLANE('',#1995);
#1997=CARTESIAN_POINT('',(-0.096000000000000,-2.733000000000002,4.953000000000123));
#1998=VERTEX_POINT('',#1997);
#1999=CARTESIAN_POINT('',(-0.529000000000000,-2.733000000000002,4.953000000000123));
#2000=DIRECTION('',(1.0,0.0,0.0));
#2001=VECTOR('',#2000,0.433000000000000);
#2002=LINE('',#1999,#2001);
#2003=EDGE_CURVE('',#1965,#1998,#2002,.T.);
#2004=ORIENTED_EDGE('',*,*,#2003,.T.);
#2005=CARTESIAN_POINT('',(-0.096000000000000,2.766999999999999,4.953000000000002));
#2006=VERTEX_POINT('',#2005);
#2007=CARTESIAN_POINT('',(-0.096000000000000,2.766999999999999,4.953000000000002));
#2008=DIRECTION('',(0.0,-1.0,0.0));
#2009=VECTOR('',#2008,5.500000000000000);
#2010=LINE('',#2007,#2009);
#2011=EDGE_CURVE('',#2006,#1998,#2010,.T.);
#2012=ORIENTED_EDGE('',*,*,#2011,.F.);
#2013=CARTESIAN_POINT('',(-0.096000000000000,2.766999999999999,4.953000000000002));
#2014=DIRECTION('',(-1.0,0.0,0.0));
#2015=VECTOR('',#2014,0.433000000000000);
#2016=LINE('',#2013,#2015);
#2017=EDGE_CURVE('',#2006,#1974,#2016,.T.);
#2018=ORIENTED_EDGE('',*,*,#2017,.T.);
#2019=ORIENTED_EDGE('',*,*,#1979,.T.);
#2020=EDGE_LOOP('',(#2004,#2012,#2018,#2019));
#2021=FACE_OUTER_BOUND('',#2020,.T.);
#2022=ORIENTED_EDGE('',*,*,#1655,.T.);
#2023=EDGE_LOOP('',(#2022));
#2024=FACE_BOUND('',#2023,.T.);
#2025=ORIENTED_EDGE('',*,*,#1704,.T.);
#2026=EDGE_LOOP('',(#2025));
#2027=FACE_BOUND('',#2026,.T.);
#2028=ADVANCED_FACE('',(#2021,#2024,#2027),#1996,.T.);
#2029=CARTESIAN_POINT('',(-0.096000000000000,2.766999999999997,4.857000000000002));
#2030=DIRECTION('',(0.0,-1.0,2.187068E-014));
#2031=DIRECTION('',(1.0,0.0,0.0));
#2032=AXIS2_PLACEMENT_3D('',#2029,#2030,#2031);
#2033=CYLINDRICAL_SURFACE('',#2032,0.096000000000000);
#2034=CARTESIAN_POINT('',(-0.096000000000000,-2.733000000000004,4.857000000000123));
#2035=DIRECTION('',(0.0,1.0,0.0));
#2036=DIRECTION('',(1.0,0.0,0.0));
#2037=AXIS2_PLACEMENT_3D('',#2034,#2035,#2036);
#2038=CIRCLE('',#2037,0.096000000000000);
#2039=EDGE_CURVE('',#1998,#1385,#2038,.T.);
#2040=ORIENTED_EDGE('',*,*,#2039,.T.);
#2041=ORIENTED_EDGE('',*,*,#1489,.T.);
#2042=CARTESIAN_POINT('',(-0.096000000000000,2.766999999999997,4.857000000000002));
#2043=DIRECTION('',(0.0,-1.0,0.0));
#2044=DIRECTION('',(1.0,0.0,0.0));
#2045=AXIS2_PLACEMENT_3D('',#2042,#2043,#2044);
#2046=CIRCLE('',#2045,0.096000000000000);
#2047=EDGE_CURVE('',#1478,#2006,#2046,.T.);
#2048=ORIENTED_EDGE('',*,*,#2047,.T.);
#2049=ORIENTED_EDGE('',*,*,#2011,.T.);
#2050=EDGE_LOOP('',(#2040,#2041,#2048,#2049));
#2051=FACE_OUTER_BOUND('',#2050,.T.);
#2052=ADVANCED_FACE('',(#2051),#2033,.T.);
#2053=CARTESIAN_POINT('',(-0.433426659358251,2.766999999999994,4.759926314612195));
#2054=DIRECTION('',(0.0,1.0,0.0));
#2055=DIRECTION('',(0.0,0.0,1.0));
#2056=AXIS2_PLACEMENT_3D('',#2053,#2054,#2055);
#2057=PLANE('',#2056);
#2058=ORIENTED_EDGE('',*,*,#2047,.F.);
#2059=CARTESIAN_POINT('',(-0.064000000000000,2.766999999999997,4.857000000000002));
#2060=DIRECTION('',(1.0,0.0,0.0));
#2061=VECTOR('',#2060,0.064000000000000);
#2062=LINE('',#2059,#2061);
#2063=EDGE_CURVE('',#1502,#1478,#2062,.T.);
#2064=ORIENTED_EDGE('',*,*,#2063,.F.);
#2065=ORIENTED_EDGE('',*,*,#1736,.F.);
#2066=ORIENTED_EDGE('',*,*,#1767,.F.);
#2067=ORIENTED_EDGE('',*,*,#1806,.F.);
#2068=ORIENTED_EDGE('',*,*,#1837,.F.);
#2069=ORIENTED_EDGE('',*,*,#1895,.F.);
#2070=ORIENTED_EDGE('',*,*,#1926,.F.);
#2071=ORIENTED_EDGE('',*,*,#1986,.F.);
#2072=ORIENTED_EDGE('',*,*,#2017,.F.);
#2073=EDGE_LOOP('',(#2058,#2064,#2065,#2066,#2067,#2068,#2069,#2070,#2071,#2072));
#2074=FACE_OUTER_BOUND('',#2073,.T.);
#2075=ADVANCED_FACE('',(#2074),#2057,.T.);
#2076=CARTESIAN_POINT('',(-0.433426659358251,-2.733000000000006,4.759926314612315));
#2077=DIRECTION('',(0.0,1.0,0.0));
#2078=DIRECTION('',(0.0,0.0,1.0));
#2079=AXIS2_PLACEMENT_3D('',#2076,#2077,#2078);
#2080=PLANE('',#2079);
#2081=CARTESIAN_POINT('',(0.0,-2.733000000000004,4.857000000000123));
#2082=DIRECTION('',(-1.0,0.0,0.0));
#2083=VECTOR('',#2082,0.064000000000000);
#2084=LINE('',#2081,#2083);
#2085=EDGE_CURVE('',#1385,#1595,#2084,.T.);
#2086=ORIENTED_EDGE('',*,*,#2085,.F.);
#2087=ORIENTED_EDGE('',*,*,#2039,.F.);
#2088=ORIENTED_EDGE('',*,*,#2003,.F.);
#2089=ORIENTED_EDGE('',*,*,#1971,.F.);
#2090=ORIENTED_EDGE('',*,*,#1912,.F.);
#2091=ORIENTED_EDGE('',*,*,#1881,.F.);
#2092=ORIENTED_EDGE('',*,*,#1823,.F.);
#2093=ORIENTED_EDGE('',*,*,#1791,.F.);
#2094=ORIENTED_EDGE('',*,*,#1753,.F.);
#2095=ORIENTED_EDGE('',*,*,#1721,.F.);
#2096=EDGE_LOOP('',(#2086,#2087,#2088,#2089,#2090,#2091,#2092,#2093,#2094,#2095));
#2097=FACE_OUTER_BOUND('',#2096,.T.);
#2098=ADVANCED_FACE('',(#2097),#2080,.F.);
#2099=CARTESIAN_POINT('',(0.0,-1.398706E-015,4.856999999999999));
#2100=DIRECTION('',(0.0,0.0,1.0));
#2101=DIRECTION('',(1.0,0.0,0.0));
#2102=AXIS2_PLACEMENT_3D('',#2099,#2100,#2101);
#2103=PLANE('',#2102);
#2104=ORIENTED_EDGE('',*,*,#2063,.T.);
#2105=ORIENTED_EDGE('',*,*,#1483,.T.);
#2106=CARTESIAN_POINT('',(0.0,2.796999999999997,4.857000000000001));
#2107=DIRECTION('',(-1.0,0.0,0.0));
#2108=VECTOR('',#2107,0.064000000000000);
#2109=LINE('',#2106,#2108);
#2110=EDGE_CURVE('',#1470,#1500,#2109,.T.);
#2111=ORIENTED_EDGE('',*,*,#2110,.T.);
#2112=ORIENTED_EDGE('',*,*,#1507,.T.);
#2113=EDGE_LOOP('',(#2104,#2105,#2111,#2112));
#2114=FACE_OUTER_BOUND('',#2113,.T.);
#2115=ADVANCED_FACE('',(#2114),#2103,.T.);
#2116=CARTESIAN_POINT('',(0.0,-1.398706E-015,4.856999999999999));
#2117=DIRECTION('',(0.0,0.0,1.0));
#2118=DIRECTION('',(1.0,0.0,0.0));
#2119=AXIS2_PLACEMENT_3D('',#2116,#2117,#2118);
#2120=PLANE('',#2119);
#2121=ORIENTED_EDGE('',*,*,#2085,.T.);
#2122=ORIENTED_EDGE('',*,*,#1600,.T.);
#2123=CARTESIAN_POINT('',(0.0,-2.796999999999999,4.857000000000001));
#2124=DIRECTION('',(-1.0,0.0,0.0));
#2125=VECTOR('',#2124,0.064000000000000);
#2126=LINE('',#2123,#2125);
#2127=EDGE_CURVE('',#1383,#1587,#2126,.T.);
#2128=ORIENTED_EDGE('',*,*,#2127,.F.);
#2129=ORIENTED_EDGE('',*,*,#1390,.T.);
#2130=EDGE_LOOP('',(#2121,#2122,#2128,#2129));
#2131=FACE_OUTER_BOUND('',#2130,.T.);
#2132=ADVANCED_FACE('',(#2131),#2120,.T.);
#2133=CARTESIAN_POINT('',(0.0,-2.796999999999999,4.857000000000001));
#2134=DIRECTION('',(0.0,1.0,0.0));
#2135=DIRECTION('',(0.0,0.0,1.0));
#2136=AXIS2_PLACEMENT_3D('',#2133,#2134,#2135);
#2137=PLANE('',#2136);
#2138=ORIENTED_EDGE('',*,*,#1592,.T.);
#2139=CARTESIAN_POINT('',(0.0,-2.796999999999999,4.953000000000001));
#2140=DIRECTION('',(-1.0,0.0,0.0));
#2141=VECTOR('',#2140,0.064000000000000);
#2142=LINE('',#2139,#2141);
#2143=EDGE_CURVE('',#1393,#1578,#2142,.T.);
#2144=ORIENTED_EDGE('',*,*,#2143,.F.);
#2145=ORIENTED_EDGE('',*,*,#1398,.T.);
#2146=ORIENTED_EDGE('',*,*,#2127,.T.);
#2147=EDGE_LOOP('',(#2138,#2144,#2145,#2146));
#2148=FACE_OUTER_BOUND('',#2147,.T.);
#2149=ADVANCED_FACE('',(#2148),#2137,.T.);
#2150=CARTESIAN_POINT('',(0.0,-2.797000000000001,4.547000000000000));
#2151=DIRECTION('',(-1.0,0.0,0.0));
#2152=DIRECTION('',(0.0,0.0,-1.0));
#2153=AXIS2_PLACEMENT_3D('',#2150,#2151,#2152);
#2154=CYLINDRICAL_SURFACE('',#2153,0.406000000000000);
#2155=ORIENTED_EDGE('',*,*,#1584,.T.);
#2156=CARTESIAN_POINT('',(0.0,-3.203000000000000,4.547000000000000));
#2157=DIRECTION('',(-1.0,0.0,0.0));
#2158=VECTOR('',#2157,0.064000000000000);
#2159=LINE('',#2156,#2158);
#2160=EDGE_CURVE('',#1401,#1570,#2159,.T.);
#2161=ORIENTED_EDGE('',*,*,#2160,.F.);
#2162=ORIENTED_EDGE('',*,*,#1407,.T.);
#2163=ORIENTED_EDGE('',*,*,#2143,.T.);
#2164=EDGE_LOOP('',(#2155,#2161,#2162,#2163));
#2165=FACE_OUTER_BOUND('',#2164,.T.);
#2166=ADVANCED_FACE('',(#2165),#2154,.T.);
#2167=CARTESIAN_POINT('',(0.0,-3.203000000000000,4.547000000000000));
#2168=DIRECTION('',(0.0,-1.0,0.0));
#2169=DIRECTION('',(0.0,0.0,-1.0));
#2170=AXIS2_PLACEMENT_3D('',#2167,#2168,#2169);
#2171=PLANE('',#2170);
#2172=ORIENTED_EDGE('',*,*,#1575,.T.);
#2173=CARTESIAN_POINT('',(0.0,-3.202999999999999,-4.547000000000000));
#2174=DIRECTION('',(-1.0,0.0,0.0));
#2175=VECTOR('',#2174,0.064000000000000);
#2176=LINE('',#2173,#2175);
#2177=EDGE_CURVE('',#1410,#1561,#2176,.T.);
#2178=ORIENTED_EDGE('',*,*,#2177,.F.);
#2179=ORIENTED_EDGE('',*,*,#1415,.T.);
#2180=ORIENTED_EDGE('',*,*,#2160,.T.);
#2181=EDGE_LOOP('',(#2172,#2178,#2179,#2180));
#2182=FACE_OUTER_BOUND('',#2181,.T.);
#2183=ADVANCED_FACE('',(#2182),#2171,.T.);
#2184=CARTESIAN_POINT('',(0.0,-2.797000000000000,-4.547000000000000));
#2185=DIRECTION('',(-1.0,0.0,0.0));
#2186=DIRECTION('',(0.0,1.0,0.0));
#2187=AXIS2_PLACEMENT_3D('',#2184,#2185,#2186);
#2188=CYLINDRICAL_SURFACE('',#2187,0.406000000000000);
#2189=ORIENTED_EDGE('',*,*,#1567,.T.);
#2190=CARTESIAN_POINT('',(0.0,-2.796999999999998,-4.953000000000001));
#2191=DIRECTION('',(-1.0,0.0,0.0));
#2192=VECTOR('',#2191,0.064000000000000);
#2193=LINE('',#2190,#2192);
#2194=EDGE_CURVE('',#1418,#1553,#2193,.T.);
#2195=ORIENTED_EDGE('',*,*,#2194,.F.);
#2196=ORIENTED_EDGE('',*,*,#1424,.T.);
#2197=ORIENTED_EDGE('',*,*,#2177,.T.);
#2198=EDGE_LOOP('',(#2189,#2195,#2196,#2197));
#2199=FACE_OUTER_BOUND('',#2198,.T.);
#2200=ADVANCED_FACE('',(#2199),#2188,.T.);
#2201=CARTESIAN_POINT('',(0.0,-2.796999999999998,-4.953000000000001));
#2202=DIRECTION('',(0.0,1.0,0.0));
#2203=DIRECTION('',(0.0,0.0,1.0));
#2204=AXIS2_PLACEMENT_3D('',#2201,#2202,#2203);
#2205=PLANE('',#2204);
#2206=ORIENTED_EDGE('',*,*,#1558,.T.);
#2207=ORIENTED_EDGE('',*,*,#894,.F.);
#2208=ORIENTED_EDGE('',*,*,#1430,.T.);
#2209=ORIENTED_EDGE('',*,*,#2194,.T.);
#2210=EDGE_LOOP('',(#2206,#2207,#2208,#2209));
#2211=FACE_OUTER_BOUND('',#2210,.T.);
#2212=ADVANCED_FACE('',(#2211),#2205,.T.);
#2213=CARTESIAN_POINT('',(0.0,2.796999999999998,-4.857000000000001));
#2214=DIRECTION('',(0.0,-1.0,0.0));
#2215=DIRECTION('',(0.0,0.0,-1.0));
#2216=AXIS2_PLACEMENT_3D('',#2213,#2214,#2215);
#2217=PLANE('',#2216);
#2218=ORIENTED_EDGE('',*,*,#1547,.T.);
#2219=CARTESIAN_POINT('',(0.0,2.796999999999999,-4.953000000000001));
#2220=DIRECTION('',(-1.0,0.0,0.0));
#2221=VECTOR('',#2220,0.064000000000000);
#2222=LINE('',#2219,#2221);
#2223=EDGE_CURVE('',#1436,#1535,#2222,.T.);
#2224=ORIENTED_EDGE('',*,*,#2223,.F.);
#2225=ORIENTED_EDGE('',*,*,#1441,.T.);
#2226=ORIENTED_EDGE('',*,*,#925,.T.);
#2227=EDGE_LOOP('',(#2218,#2224,#2225,#2226));
#2228=FACE_OUTER_BOUND('',#2227,.T.);
#2229=ADVANCED_FACE('',(#2228),#2217,.T.);
#2230=CARTESIAN_POINT('',(0.0,2.796999999999999,-4.547000000000000));
#2231=DIRECTION('',(-1.0,0.0,0.0));
#2232=DIRECTION('',(0.0,0.0,1.0));
#2233=AXIS2_PLACEMENT_3D('',#2230,#2231,#2232);
#2234=CYLINDRICAL_SURFACE('',#2233,0.406000000000000);
#2235=ORIENTED_EDGE('',*,*,#1541,.T.);
#2236=CARTESIAN_POINT('',(0.0,3.202999999999998,-4.547000000000002));
#2237=DIRECTION('',(-1.0,0.0,0.0));
#2238=VECTOR('',#2237,0.064000000000000);
#2239=LINE('',#2236,#2238);
#2240=EDGE_CURVE('',#1444,#1527,#2239,.T.);
#2241=ORIENTED_EDGE('',*,*,#2240,.F.);
#2242=ORIENTED_EDGE('',*,*,#1450,.T.);
#2243=ORIENTED_EDGE('',*,*,#2223,.T.);
#2244=EDGE_LOOP('',(#2235,#2241,#2242,#2243));
#2245=FACE_OUTER_BOUND('',#2244,.T.);
#2246=ADVANCED_FACE('',(#2245),#2234,.T.);
#2247=CARTESIAN_POINT('',(0.0,3.202999999999998,-4.547000000000002));
#2248=DIRECTION('',(0.0,1.0,0.0));
#2249=DIRECTION('',(0.0,0.0,1.0));
#2250=AXIS2_PLACEMENT_3D('',#2247,#2248,#2249);
#2251=PLANE('',#2250);
#2252=ORIENTED_EDGE('',*,*,#1532,.T.);
#2253=CARTESIAN_POINT('',(0.0,3.202999999999997,4.547000000000002));
#2254=DIRECTION('',(-1.0,0.0,0.0));
#2255=VECTOR('',#2254,0.064000000000000);
#2256=LINE('',#2253,#2255);
#2257=EDGE_CURVE('',#1453,#1518,#2256,.T.);
#2258=ORIENTED_EDGE('',*,*,#2257,.F.);
#2259=ORIENTED_EDGE('',*,*,#1458,.T.);
#2260=ORIENTED_EDGE('',*,*,#2240,.T.);
#2261=EDGE_LOOP('',(#2252,#2258,#2259,#2260));
#2262=FACE_OUTER_BOUND('',#2261,.T.);
#2263=ADVANCED_FACE('',(#2262),#2251,.T.);
#2264=CARTESIAN_POINT('',(0.0,2.796999999999999,4.547000000000000));
#2265=DIRECTION('',(-1.0,0.0,0.0));
#2266=DIRECTION('',(0.0,-1.0,0.0));
#2267=AXIS2_PLACEMENT_3D('',#2264,#2265,#2266);
#2268=CYLINDRICAL_SURFACE('',#2267,0.406000000000000);
#2269=ORIENTED_EDGE('',*,*,#1524,.T.);
#2270=CARTESIAN_POINT('',(0.0,2.796999999999999,4.953000000000001));
#2271=DIRECTION('',(-1.0,0.0,0.0));
#2272=VECTOR('',#2271,0.064000000000000);
#2273=LINE('',#2270,#2272);
#2274=EDGE_CURVE('',#1461,#1510,#2273,.T.);
#2275=ORIENTED_EDGE('',*,*,#2274,.F.);
#2276=ORIENTED_EDGE('',*,*,#1467,.T.);
#2277=ORIENTED_EDGE('',*,*,#2257,.T.);
#2278=EDGE_LOOP('',(#2269,#2275,#2276,#2277));
#2279=FACE_OUTER_BOUND('',#2278,.T.);
#2280=ADVANCED_FACE('',(#2279),#2268,.T.);
#2281=CARTESIAN_POINT('',(0.0,2.796999999999999,4.953000000000001));
#2282=DIRECTION('',(0.0,-1.0,0.0));
#2283=DIRECTION('',(0.0,0.0,-1.0));
#2284=AXIS2_PLACEMENT_3D('',#2281,#2282,#2283);
#2285=PLANE('',#2284);
#2286=ORIENTED_EDGE('',*,*,#1515,.T.);
#2287=ORIENTED_EDGE('',*,*,#2110,.F.);
#2288=ORIENTED_EDGE('',*,*,#1475,.T.);
#2289=ORIENTED_EDGE('',*,*,#2274,.T.);
#2290=EDGE_LOOP('',(#2286,#2287,#2288,#2289));
#2291=FACE_OUTER_BOUND('',#2290,.T.);
#2292=ADVANCED_FACE('',(#2291),#2285,.T.);
#2293=CLOSED_SHELL('',(#101,#129,#157,#185,#213,#241,#269,#297,#325,#353,#381,#444,#481,#535,#593,#624,#682,#736,#773,#827,#850,#873,#904,#935,#984,#1033,#1082,#1131,#1180,#1229,#1278,#1327,#1376,#1493,#1610,#1659,#1708,#1741,#1778,#1811,#1869,#1900,#1958,#1991,#2028,#2052,#2075,#2098,#2115,#2132,#2149,#2166,#2183,#2200,#2212,#2229,#2246,#2263,#2280,#2292));
#2294=MANIFOLD_SOLID_BREP('',#2293);
#2295=COLOUR_RGB('Default',0.752941012382507,0.752941012382507,0.752941012382507);
#2296=FILL_AREA_STYLE_COLOUR('Default',#2295);
#2297=FILL_AREA_STYLE('Default',(#2296));
#2298=SURFACE_STYLE_FILL_AREA(#2297);
#2299=SURFACE_SIDE_STYLE('Default',(#2298));
#2300=SURFACE_STYLE_USAGE(.BOTH.,#2299);
#2301=PRESENTATION_STYLE_ASSIGNMENT((#2300));
#2302=STYLED_ITEM('',(#2301),#2294);
#2303=MECHANICAL_DESIGN_GEOMETRIC_PRESENTATION_REPRESENTATION('',(#2302),#42);
#2304=ADVANCED_BREP_SHAPE_REPRESENTATION('ABSR',(#2294),#42);
#2305=SHAPE_REPRESENTATION_RELATIONSHIP('SRR','None',#2304,#47);
ENDSEC;
END-ISO-10303-21;
