                                                                        S      1
,,20H1401K - Vented Panel,27HNo Iges File Name specified,23HAutoDesk InvG      1
entor R12.0,37HAutoDesk Inventor Iges Exporter R12.0,32,38,6,99,15,20H14G      2
01K - Vented Panel,1.0D0,1,2HIN,1,.08D0,15H20071024.082631,             G      3
3.93700787401575D-4,10000.0D0,,,11,0,,;                                 G      4
     406       1       0       0       1       0       0       000000000D      1
     406       0       0       1       3                               0D      2
     128       2       0       0       0       0       0       000010000D      3
     128       0       0      21       0                               0D      4
     502      23       0       0       0       0       0       000010000D      5
     502       0       0     237       1                               0D      6
     110     260       0       0       0       0       0       000010000D      7
     110       0       0       2       0                               0D      8
     504     262       0       0       0       0       0       000010001D      9
     504       0       0     160       1                               0D     10
     100     422       0       0       0       0      13       000010000D     11
     100       0       0       2       0                               0D     12
     124     424       0       0       0       0       0       000000000D     13
     124       0       0       2       0                               0D     14
     110     426       0       0       0       0       0       000010000D     15
     110       0       0       2       0                               0D     16
     100     428       0       0       0       0      19       000010000D     17
     100       0       0       2       0                               0D     18
     124     430       0       0       0       0       0       000000000D     19
     124       0       0       2       0                               0D     20
     508     432       0       0       0       0       0       000010000D     21
     508       0       0       1       1                               0D     22
     510     433       0       0       0       0       0       000010001D     23
     510       0       0       1       1                               0D     24
     128     434       0       0       0       0       0       000010000D     25
     128       0       0      21       0                               0D     26
     110     455       0       0       0       0       0       000010000D     27
     110       0       0       2       0                               0D     28
     100     457       0       0       0       0      31       000010000D     29
     100       0       0       2       0                               0D     30
     124     459       0       0       0       0       0       000000000D     31
     124       0       0       2       0                               0D     32
     110     461       0       0       0       0       0       000010000D     33
     110       0       0       2       0                               0D     34
     100     463       0       0       0       0      37       000010000D     35
     100       0       0       1       0                               0D     36
     124     464       0       0       0       0       0       000000000D     37
     124       0       0       2       0                               0D     38
     508     466       0       0       0       0       0       000010000D     39
     508       0       0       1       1                               0D     40
     510     467       0       0       0       0       0       000010001D     41
     510       0       0       1       1                               0D     42
     128     468       0       0       0       0       0       000010000D     43
     128       0       0      28       0                               0D     44
     110     496       0       0       0       0       0       000010000D     45
     110       0       0       2       0                               0D     46
     100     498       0       0       0       0      49       000010000D     47
     100       0       0       2       0                               0D     48
     124     500       0       0       0       0       0       000000000D     49
     124       0       0       2       0                               0D     50
     110     502       0       0       0       0       0       000010000D     51
     110       0       0       2       0                               0D     52
     100     504       0       0       0       0      55       000010000D     53
     100       0       0       2       0                               0D     54
     124     506       0       0       0       0       0       000000000D     55
     124       0       0       2       0                               0D     56
     508     508       0       0       0       0       0       000010000D     57
     508       0       0       1       1                               0D     58
     510     509       0       0       0       0       0       000010001D     59
     510       0       0       1       1                               0D     60
     128     510       0       0       0       0       0       000010000D     61
     128       0       0      28       0                               0D     62
     110     538       0       0       0       0       0       000010000D     63
     110       0       0       2       0                               0D     64
     100     540       0       0       0       0      67       000010000D     65
     100       0       0       2       0                               0D     66
     124     542       0       0       0       0       0       000000000D     67
     124       0       0       2       0                               0D     68
     110     544       0       0       0       0       0       000010000D     69
     110       0       0       2       0                               0D     70
     100     546       0       0       0       0      73       000010000D     71
     100       0       0       2       0                               0D     72
     124     548       0       0       0       0       0       000000000D     73
     124       0       0       2       0                               0D     74
     508     550       0       0       0       0       0       000010000D     75
     508       0       0       1       1                               0D     76
     510     551       0       0       0       0       0       000010001D     77
     510       0       0       1       1                               0D     78
     128     552       0       0       0       0       0       000010000D     79
     128       0       0      28       0                               0D     80
     110     580       0       0       0       0       0       000010000D     81
     110       0       0       2       0                               0D     82
     100     582       0       0       0       0      85       000010000D     83
     100       0       0       2       0                               0D     84
     124     584       0       0       0       0       0       000000000D     85
     124       0       0       2       0                               0D     86
     110     586       0       0       0       0       0       000010000D     87
     110       0       0       2       0                               0D     88
     100     588       0       0       0       0      91       000010000D     89
     100       0       0       2       0                               0D     90
     124     590       0       0       0       0       0       000000000D     91
     124       0       0       2       0                               0D     92
     508     592       0       0       0       0       0       000010000D     93
     508       0       0       1       1                               0D     94
     510     593       0       0       0       0       0       000010001D     95
     510       0       0       1       1                               0D     96
     128     594       0       0       0       0       0       000010000D     97
     128       0       0      27       0                               0D     98
     110     621       0       0       0       0       0       000010000D     99
     110       0       0       2       0                               0D    100
     100     623       0       0       0       0     103       000010000D    101
     100       0       0       2       0                               0D    102
     124     625       0       0       0       0       0       000000000D    103
     124       0       0       2       0                               0D    104
     110     627       0       0       0       0       0       000010000D    105
     110       0       0       2       0                               0D    106
     100     629       0       0       0       0     109       000010000D    107
     100       0       0       2       0                               0D    108
     124     631       0       0       0       0       0       000000000D    109
     124       0       0       2       0                               0D    110
     508     633       0       0       0       0       0       000010000D    111
     508       0       0       1       1                               0D    112
     510     634       0       0       0       0       0       000010001D    113
     510       0       0       1       1                               0D    114
     128     635       0       0       0       0       0       000010000D    115
     128       0       0      28       0                               0D    116
     110     663       0       0       0       0       0       000010000D    117
     110       0       0       2       0                               0D    118
     100     665       0       0       0       0     121       000010000D    119
     100       0       0       2       0                               0D    120
     124     667       0       0       0       0       0       000000000D    121
     124       0       0       2       0                               0D    122
     110     669       0       0       0       0       0       000010000D    123
     110       0       0       2       0                               0D    124
     100     671       0       0       0       0     127       000010000D    125
     100       0       0       2       0                               0D    126
     124     673       0       0       0       0       0       000000000D    127
     124       0       0       2       0                               0D    128
     508     675       0       0       0       0       0       000010000D    129
     508       0       0       1       1                               0D    130
     510     676       0       0       0       0       0       000010001D    131
     510       0       0       1       1                               0D    132
     128     677       0       0       0       0       0       000010000D    133
     128       0       0      28       0                               0D    134
     110     705       0       0       0       0       0       000010000D    135
     110       0       0       2       0                               0D    136
     100     707       0       0       0       0     139       000010000D    137
     100       0       0       2       0                               0D    138
     124     709       0       0       0       0       0       000000000D    139
     124       0       0       2       0                               0D    140
     110     711       0       0       0       0       0       000010000D    141
     110       0       0       2       0                               0D    142
     100     713       0       0       0       0     145       000010000D    143
     100       0       0       2       0                               0D    144
     124     715       0       0       0       0       0       000000000D    145
     124       0       0       2       0                               0D    146
     508     717       0       0       0       0       0       000010000D    147
     508       0       0       1       1                               0D    148
     510     718       0       0       0       0       0       000010001D    149
     510       0       0       1       1                               0D    150
     128     719       0       0       0       0       0       000010000D    151
     128       0       0      28       0                               0D    152
     110     747       0       0       0       0       0       000010000D    153
     110       0       0       2       0                               0D    154
     100     749       0       0       0       0     157       000010000D    155
     100       0       0       2       0                               0D    156
     124     751       0       0       0       0       0       000000000D    157
     124       0       0       2       0                               0D    158
     110     753       0       0       0       0       0       000010000D    159
     110       0       0       2       0                               0D    160
     100     755       0       0       0       0     163       000010000D    161
     100       0       0       2       0                               0D    162
     124     757       0       0       0       0       0       000000000D    163
     124       0       0       2       0                               0D    164
     508     759       0       0       0       0       0       000010000D    165
     508       0       0       1       1                               0D    166
     510     760       0       0       0       0       0       000010001D    167
     510       0       0       1       1                               0D    168
     128     761       0       0       0       0       0       000010000D    169
     128       0       0      28       0                               0D    170
     110     789       0       0       0       0       0       000010000D    171
     110       0       0       2       0                               0D    172
     100     791       0       0       0       0     175       000010000D    173
     100       0       0       2       0                               0D    174
     124     793       0       0       0       0       0       000000000D    175
     124       0       0       2       0                               0D    176
     110     795       0       0       0       0       0       000010000D    177
     110       0       0       2       0                               0D    178
     100     797       0       0       0       0     181       000010000D    179
     100       0       0       2       0                               0D    180
     124     799       0       0       0       0       0       000000000D    181
     124       0       0       2       0                               0D    182
     508     801       0       0       0       0       0       000010000D    183
     508       0       0       1       1                               0D    184
     510     802       0       0       0       0       0       000010001D    185
     510       0       0       1       1                               0D    186
     128     803       0       0       0       0       0       000010000D    187
     128       0       0      28       0                               0D    188
     110     831       0       0       0       0       0       000010000D    189
     110       0       0       2       0                               0D    190
     100     833       0       0       0       0     193       000010000D    191
     100       0       0       2       0                               0D    192
     124     835       0       0       0       0       0       000000000D    193
     124       0       0       2       0                               0D    194
     110     837       0       0       0       0       0       000010000D    195
     110       0       0       2       0                               0D    196
     100     839       0       0       0       0     199       000010000D    197
     100       0       0       2       0                               0D    198
     124     841       0       0       0       0       0       000000000D    199
     124       0       0       2       0                               0D    200
     508     843       0       0       0       0       0       000010000D    201
     508       0       0       1       1                               0D    202
     510     844       0       0       0       0       0       000010001D    203
     510       0       0       1       1                               0D    204
     120     845       0       0       0       0       0       000010000D    205
     120       0       0       1       0                               0D    206
     110     846       0       0       0       0       0       000010000D    207
     110       0       0       2       0                               0D    208
     110     848       0       0       0       0       0       001010000D    209
     110       0       0       2       0                               0D    210
     110     850       0       0       0       0       0       000010000D    211
     110       0       0       2       0                               0D    212
     100     852       0       0       0       0     215       000010000D    213
     100       0       0       2       0                               0D    214
     124     854       0       0       0       0       0       000000000D    215
     124       0       0       2       0                               0D    216
     110     856       0       0       0       0       0       000010000D    217
     110       0       0       2       0                               0D    218
     100     858       0       0       0       0     221       000010000D    219
     100       0       0       2       0                               0D    220
     124     860       0       0       0       0       0       000000000D    221
     124       0       0       2       0                               0D    222
     508     862       0       0       0       0       0       000010000D    223
     508       0       0       1       1                               0D    224
     510     863       0       0       0       0       0       000010001D    225
     510       0       0       1       1                               0D    226
     120     864       0       0       0       0       0       000010000D    227
     120       0       0       1       0                               0D    228
     110     865       0       0       0       0       0       000010000D    229
     110       0       0       2       0                               0D    230
     110     867       0       0       0       0       0       001010000D    231
     110       0       0       2       0                               0D    232
     110     869       0       0       0       0       0       000010000D    233
     110       0       0       2       0                               0D    234
     100     871       0       0       0       0     237       000010000D    235
     100       0       0       2       0                               0D    236
     124     873       0       0       0       0       0       000000000D    237
     124       0       0       2       0                               0D    238
     110     875       0       0       0       0       0       000010000D    239
     110       0       0       2       0                               0D    240
     100     877       0       0       0       0     243       000010000D    241
     100       0       0       1       0                               0D    242
     124     878       0       0       0       0       0       000000000D    243
     124       0       0       2       0                               0D    244
     508     880       0       0       0       0       0       000010000D    245
     508       0       0       1       1                               0D    246
     510     881       0       0       0       0       0       000010001D    247
     510       0       0       1       1                               0D    248
     120     882       0       0       0       0       0       000010000D    249
     120       0       0       1       0                               0D    250
     110     883       0       0       0       0       0       000010000D    251
     110       0       0       2       0                               0D    252
     110     885       0       0       0       0       0       001010000D    253
     110       0       0       2       0                               0D    254
     110     887       0       0       0       0       0       000010000D    255
     110       0       0       2       0                               0D    256
     100     889       0       0       0       0     259       000010000D    257
     100       0       0       2       0                               0D    258
     124     891       0       0       0       0       0       000000000D    259
     124       0       0       2       0                               0D    260
     110     893       0       0       0       0       0       000010000D    261
     110       0       0       2       0                               0D    262
     100     895       0       0       0       0     265       000010000D    263
     100       0       0       2       0                               0D    264
     124     897       0       0       0       0       0       000000000D    265
     124       0       0       2       0                               0D    266
     508     899       0       0       0       0       0       000010000D    267
     508       0       0       1       1                               0D    268
     510     900       0       0       0       0       0       000010001D    269
     510       0       0       1       1                               0D    270
     120     901       0       0       0       0       0       000010000D    271
     120       0       0       1       0                               0D    272
     110     902       0       0       0       0       0       000010000D    273
     110       0       0       2       0                               0D    274
     110     904       0       0       0       0       0       001010000D    275
     110       0       0       2       0                               0D    276
     110     906       0       0       0       0       0       000010000D    277
     110       0       0       2       0                               0D    278
     100     908       0       0       0       0     281       000010000D    279
     100       0       0       2       0                               0D    280
     124     910       0       0       0       0       0       000000000D    281
     124       0       0       2       0                               0D    282
     110     912       0       0       0       0       0       000010000D    283
     110       0       0       2       0                               0D    284
     100     914       0       0       0       0     287       000010000D    285
     100       0       0       2       0                               0D    286
     124     916       0       0       0       0       0       000000000D    287
     124       0       0       2       0                               0D    288
     508     918       0       0       0       0       0       000010000D    289
     508       0       0       1       1                               0D    290
     510     919       0       0       0       0       0       000010001D    291
     510       0       0       1       1                               0D    292
     120     920       0       0       0       0       0       000010000D    293
     120       0       0       1       0                               0D    294
     110     921       0       0       0       0       0       000010000D    295
     110       0       0       2       0                               0D    296
     110     923       0       0       0       0       0       001010000D    297
     110       0       0       2       0                               0D    298
     110     925       0       0       0       0       0       000010000D    299
     110       0       0       2       0                               0D    300
     100     927       0       0       0       0     303       000010000D    301
     100       0       0       2       0                               0D    302
     124     929       0       0       0       0       0       000000000D    303
     124       0       0       2       0                               0D    304
     110     931       0       0       0       0       0       000010000D    305
     110       0       0       2       0                               0D    306
     100     933       0       0       0       0     309       000010000D    307
     100       0       0       2       0                               0D    308
     124     935       0       0       0       0       0       000000000D    309
     124       0       0       2       0                               0D    310
     508     937       0       0       0       0       0       000010000D    311
     508       0       0       1       1                               0D    312
     510     938       0       0       0       0       0       000010001D    313
     510       0       0       1       1                               0D    314
     120     939       0       0       0       0       0       000010000D    315
     120       0       0       1       0                               0D    316
     110     940       0       0       0       0       0       000010000D    317
     110       0       0       2       0                               0D    318
     110     942       0       0       0       0       0       001010000D    319
     110       0       0       2       0                               0D    320
     110     944       0       0       0       0       0       000010000D    321
     110       0       0       2       0                               0D    322
     100     946       0       0       0       0     325       000010000D    323
     100       0       0       2       0                               0D    324
     124     948       0       0       0       0       0       000000000D    325
     124       0       0       2       0                               0D    326
     110     950       0       0       0       0       0       000010000D    327
     110       0       0       2       0                               0D    328
     100     952       0       0       0       0     331       000010000D    329
     100       0       0       2       0                               0D    330
     124     954       0       0       0       0       0       000000000D    331
     124       0       0       2       0                               0D    332
     508     956       0       0       0       0       0       000010000D    333
     508       0       0       1       1                               0D    334
     510     957       0       0       0       0       0       000010001D    335
     510       0       0       1       1                               0D    336
     120     958       0       0       0       0       0       000010000D    337
     120       0       0       1       0                               0D    338
     110     959       0       0       0       0       0       000010000D    339
     110       0       0       2       0                               0D    340
     110     961       0       0       0       0       0       001010000D    341
     110       0       0       2       0                               0D    342
     110     963       0       0       0       0       0       000010000D    343
     110       0       0       2       0                               0D    344
     100     965       0       0       0       0     347       000010000D    345
     100       0       0       2       0                               0D    346
     124     967       0       0       0       0       0       000000000D    347
     124       0       0       2       0                               0D    348
     110     969       0       0       0       0       0       000010000D    349
     110       0       0       2       0                               0D    350
     100     971       0       0       0       0     353       000010000D    351
     100       0       0       2       0                               0D    352
     124     973       0       0       0       0       0       000000000D    353
     124       0       0       2       0                               0D    354
     508     975       0       0       0       0       0       000010000D    355
     508       0       0       1       1                               0D    356
     510     976       0       0       0       0       0       000010001D    357
     510       0       0       1       1                               0D    358
     120     977       0       0       0       0       0       000010000D    359
     120       0       0       1       0                               0D    360
     110     978       0       0       0       0       0       000010000D    361
     110       0       0       2       0                               0D    362
     110     980       0       0       0       0       0       001010000D    363
     110       0       0       2       0                               0D    364
     110     982       0       0       0       0       0       000010000D    365
     110       0       0       2       0                               0D    366
     100     984       0       0       0       0     369       000010000D    367
     100       0       0       2       0                               0D    368
     124     986       0       0       0       0       0       000000000D    369
     124       0       0       2       0                               0D    370
     110     988       0       0       0       0       0       000010000D    371
     110       0       0       2       0                               0D    372
     100     990       0       0       0       0     375       000010000D    373
     100       0       0       2       0                               0D    374
     124     992       0       0       0       0       0       000000000D    375
     124       0       0       2       0                               0D    376
     508     994       0       0       0       0       0       000010000D    377
     508       0       0       1       1                               0D    378
     510     995       0       0       0       0       0       000010001D    379
     510       0       0       1       1                               0D    380
     120     996       0       0       0       0       0       000010000D    381
     120       0       0       1       0                               0D    382
     110     997       0       0       0       0       0       000010000D    383
     110       0       0       2       0                               0D    384
     110     999       0       0       0       0       0       001010000D    385
     110       0       0       2       0                               0D    386
     110    1001       0       0       0       0       0       000010000D    387
     110       0       0       2       0                               0D    388
     100    1003       0       0       0       0     391       000010000D    389
     100       0       0       2       0                               0D    390
     124    1005       0       0       0       0       0       000000000D    391
     124       0       0       2       0                               0D    392
     110    1007       0       0       0       0       0       000010000D    393
     110       0       0       2       0                               0D    394
     100    1009       0       0       0       0     397       000010000D    395
     100       0       0       2       0                               0D    396
     124    1011       0       0       0       0       0       000000000D    397
     124       0       0       2       0                               0D    398
     508    1013       0       0       0       0       0       000010000D    399
     508       0       0       1       1                               0D    400
     510    1014       0       0       0       0       0       000010001D    401
     510       0       0       1       1                               0D    402
     120    1015       0       0       0       0       0       000010000D    403
     120       0       0       1       0                               0D    404
     110    1016       0       0       0       0       0       000010000D    405
     110       0       0       2       0                               0D    406
     110    1018       0       0       0       0       0       001010000D    407
     110       0       0       2       0                               0D    408
     110    1020       0       0       0       0       0       000010000D    409
     110       0       0       2       0                               0D    410
     100    1022       0       0       0       0     413       000010000D    411
     100       0       0       2       0                               0D    412
     124    1024       0       0       0       0       0       000000000D    413
     124       0       0       2       0                               0D    414
     110    1026       0       0       0       0       0       000010000D    415
     110       0       0       2       0                               0D    416
     100    1028       0       0       0       0     419       000010000D    417
     100       0       0       2       0                               0D    418
     124    1030       0       0       0       0       0       000000000D    419
     124       0       0       2       0                               0D    420
     508    1032       0       0       0       0       0       000010000D    421
     508       0       0       1       1                               0D    422
     510    1033       0       0       0       0       0       000010001D    423
     510       0       0       1       1                               0D    424
     120    1034       0       0       0       0       0       000010000D    425
     120       0       0       1       0                               0D    426
     110    1035       0       0       0       0       0       000010000D    427
     110       0       0       2       0                               0D    428
     110    1037       0       0       0       0       0       001010000D    429
     110       0       0       2       0                               0D    430
     110    1039       0       0       0       0       0       000010000D    431
     110       0       0       2       0                               0D    432
     100    1041       0       0       0       0     435       000010000D    433
     100       0       0       2       0                               0D    434
     124    1043       0       0       0       0       0       000000000D    435
     124       0       0       2       0                               0D    436
     110    1045       0       0       0       0       0       000010000D    437
     110       0       0       2       0                               0D    438
     100    1047       0       0       0       0     441       000010000D    439
     100       0       0       2       0                               0D    440
     124    1049       0       0       0       0       0       000000000D    441
     124       0       0       2       0                               0D    442
     508    1051       0       0       0       0       0       000010000D    443
     508       0       0       1       1                               0D    444
     510    1052       0       0       0       0       0       000010001D    445
     510       0       0       1       1                               0D    446
     120    1053       0       0       0       0       0       000010000D    447
     120       0       0       1       0                               0D    448
     110    1054       0       0       0       0       0       000010000D    449
     110       0       0       1       0                               0D    450
     110    1055       0       0       0       0       0       001010000D    451
     110       0       0       1       0                               0D    452
     100    1056       0       0       0       0     455       000010000D    453
     100       0       0       2       0                               0D    454
     124    1058       0       0       0       0       0       000000000D    455
     124       0       0       2       0                               0D    456
     110    1060       0       0       0       0       0       000010000D    457
     110       0       0       1       0                               0D    458
     100    1061       0       0       0       0     461       000010000D    459
     100       0       0       2       0                               0D    460
     124    1063       0       0       0       0       0       000000000D    461
     124       0       0       2       0                               0D    462
     110    1065       0       0       0       0       0       000010000D    463
     110       0       0       1       0                               0D    464
     508    1066       0       0       0       0       0       000010000D    465
     508       0       0       1       1                               0D    466
     510    1067       0       0       0       0       0       000010001D    467
     510       0       0       1       1                               0D    468
     116    1068       0       0       0       0       0       000010000D    469
     116       0       0       1       0                               0D    470
     123    1069       0       0       0       0       0       000010200D    471
     123       0       0       1       0                               0D    472
     190    1070       0       0       0       0       0       000010000D    473
     190       0       0       1       1                               0D    474
     123    1071       0       0       0       0       0       000010200D    475
     123       0       0       1       0                               0D    476
     110    1072       0       0       0       0       0       000010000D    477
     110       0       0       1       0                               0D    478
     110    1073       0       0       0       0       0       000010000D    479
     110       0       0       1       0                               0D    480
     110    1074       0       0       0       0       0       000010000D    481
     110       0       0       1       0                               0D    482
     508    1075       0       0       0       0       0       000010000D    483
     508       0       0       1       1                               0D    484
     510    1076       0       0       0       0       0       000010001D    485
     510       0       0       1       1                               0D    486
     120    1077       0       0       0       0       0       000010000D    487
     120       0       0       1       0                               0D    488
     110    1078       0       0       0       0       0       000010000D    489
     110       0       0       1       0                               0D    490
     110    1079       0       0       0       0       0       001010000D    491
     110       0       0       1       0                               0D    492
     100    1080       0       0       0       0     495       000010000D    493
     100       0       0       2       0                               0D    494
     124    1082       0       0       0       0       0       000000000D    495
     124       0       0       2       0                               0D    496
     110    1084       0       0       0       0       0       000010000D    497
     110       0       0       1       0                               0D    498
     100    1085       0       0       0       0     501       000010000D    499
     100       0       0       2       0                               0D    500
     124    1087       0       0       0       0       0       000000000D    501
     124       0       0       2       0                               0D    502
     508    1089       0       0       0       0       0       000010000D    503
     508       0       0       1       1                               0D    504
     510    1090       0       0       0       0       0       000010001D    505
     510       0       0       1       1                               0D    506
     116    1091       0       0       0       0       0       000010000D    507
     116       0       0       1       0                               0D    508
     123    1092       0       0       0       0       0       000010200D    509
     123       0       0       1       0                               0D    510
     190    1093       0       0       0       0       0       000010000D    511
     190       0       0       1       1                               0D    512
     123    1094       0       0       0       0       0       000010200D    513
     123       0       0       1       0                               0D    514
     110    1095       0       0       0       0       0       000010000D    515
     110       0       0       1       0                               0D    516
     110    1096       0       0       0       0       0       000010000D    517
     110       0       0       1       0                               0D    518
     508    1097       0       0       0       0       0       000010000D    519
     508       0       0       1       1                               0D    520
     510    1098       0       0       0       0       0       000010001D    521
     510       0       0       1       1                               0D    522
     116    1099       0       0       0       0       0       000010000D    523
     116       0       0       1       0                               0D    524
     123    1100       0       0       0       0       0       000010200D    525
     123       0       0       1       0                               0D    526
     190    1101       0       0       0       0       0       000010000D    527
     190       0       0       1       1                               0D    528
     123    1102       0       0       0       0       0       000010200D    529
     123       0       0       1       0                               0D    530
     110    1103       0       0       0       0       0       000010000D    531
     110       0       0       1       0                               0D    532
     110    1104       0       0       0       0       0       000010000D    533
     110       0       0       1       0                               0D    534
     110    1105       0       0       0       0       0       000010000D    535
     110       0       0       1       0                               0D    536
     110    1106       0       0       0       0       0       000010000D    537
     110       0       0       1       0                               0D    538
     508    1107       0       0       0       0       0       000010000D    539
     508       0       0       1       1                               0D    540
     510    1108       0       0       0       0       0       000010001D    541
     510       0       0       1       1                               0D    542
     120    1109       0       0       0       0       0       000010000D    543
     120       0       0       1       0                               0D    544
     110    1110       0       0       0       0       0       000010000D    545
     110       0       0       1       0                               0D    546
     110    1111       0       0       0       0       0       001010000D    547
     110       0       0       1       0                               0D    548
     100    1112       0       0       0       0     551       000010000D    549
     100       0       0       2       0                               0D    550
     124    1114       0       0       0       0       0       000000000D    551
     124       0       0       2       0                               0D    552
     100    1116       0       0       0       0     555       000010000D    553
     100       0       0       2       0                               0D    554
     124    1118       0       0       0       0       0       000000000D    555
     124       0       0       2       0                               0D    556
     110    1120       0       0       0       0       0       000010000D    557
     110       0       0       1       0                               0D    558
     508    1121       0       0       0       0       0       000010000D    559
     508       0       0       1       1                               0D    560
     510    1122       0       0       0       0       0       000010001D    561
     510       0       0       1       1                               0D    562
     116    1123       0       0       0       0       0       000010000D    563
     116       0       0       1       0                               0D    564
     123    1124       0       0       0       0       0       000010200D    565
     123       0       0       1       0                               0D    566
     190    1125       0       0       0       0       0       000010000D    567
     190       0       0       1       1                               0D    568
     123    1126       0       0       0       0       0       000010200D    569
     123       0       0       1       0                               0D    570
     110    1127       0       0       0       0       0       000010000D    571
     110       0       0       1       0                               0D    572
     110    1128       0       0       0       0       0       000010000D    573
     110       0       0       1       0                               0D    574
     110    1129       0       0       0       0       0       000010000D    575
     110       0       0       1       0                               0D    576
     508    1130       0       0       0       0       0       000010000D    577
     508       0       0       1       1                               0D    578
     510    1131       0       0       0       0       0       000010001D    579
     510       0       0       1       1                               0D    580
     120    1132       0       0       0       0       0       000010000D    581
     120       0       0       1       0                               0D    582
     110    1133       0       0       0       0       0       000010000D    583
     110       0       0       1       0                               0D    584
     110    1134       0       0       0       0       0       001010000D    585
     110       0       0       1       0                               0D    586
     100    1135       0       0       0       0     589       000010000D    587
     100       0       0       2       0                               0D    588
     124    1137       0       0       0       0       0       000000000D    589
     124       0       0       2       0                               0D    590
     100    1139       0       0       0       0     593       000010000D    591
     100       0       0       2       0                               0D    592
     124    1141       0       0       0       0       0       000000000D    593
     124       0       0       2       0                               0D    594
     508    1143       0       0       0       0       0       000010000D    595
     508       0       0       1       1                               0D    596
     510    1144       0       0       0       0       0       000010001D    597
     510       0       0       1       1                               0D    598
     120    1145       0       0       0       0       0       000010000D    599
     120       0       0       1       0                               0D    600
     110    1146       0       0       0       0       0       000010000D    601
     110       0       0       1       0                               0D    602
     110    1147       0       0       0       0       0       001010000D    603
     110       0       0       1       0                               0D    604
     100    1148       0       0       0       0     607       000010000D    605
     100       0       0       2       0                               0D    606
     124    1150       0       0       0       0       0       000000000D    607
     124       0       0       2       0                               0D    608
     110    1152       0       0       0       0       0       000010000D    609
     110       0       0       1       0                               0D    610
     100    1153       0       0       0       0     613       000010000D    611
     100       0       0       2       0                               0D    612
     124    1155       0       0       0       0       0       000000000D    613
     124       0       0       2       0                               0D    614
     110    1157       0       0       0       0       0       000010000D    615
     110       0       0       1       0                               0D    616
     508    1158       0       0       0       0       0       000010000D    617
     508       0       0       1       1                               0D    618
     510    1159       0       0       0       0       0       000010001D    619
     510       0       0       1       1                               0D    620
     116    1160       0       0       0       0       0       000010000D    621
     116       0       0       1       0                               0D    622
     123    1161       0       0       0       0       0       000010200D    623
     123       0       0       1       0                               0D    624
     190    1162       0       0       0       0       0       000010000D    625
     190       0       0       1       1                               0D    626
     123    1163       0       0       0       0       0       000010200D    627
     123       0       0       1       0                               0D    628
     110    1164       0       0       0       0       0       000010000D    629
     110       0       0       1       0                               0D    630
     110    1165       0       0       0       0       0       000010000D    631
     110       0       0       1       0                               0D    632
     110    1166       0       0       0       0       0       000010000D    633
     110       0       0       1       0                               0D    634
     508    1167       0       0       0       0       0       000010000D    635
     508       0       0       1       1                               0D    636
     510    1168       0       0       0       0       0       000010001D    637
     510       0       0       1       1                               0D    638
     120    1169       0       0       0       0       0       000010000D    639
     120       0       0       1       0                               0D    640
     110    1170       0       0       0       0       0       000010000D    641
     110       0       0       1       0                               0D    642
     110    1171       0       0       0       0       0       001010000D    643
     110       0       0       1       0                               0D    644
     100    1172       0       0       0       0     647       000010000D    645
     100       0       0       2       0                               0D    646
     124    1174       0       0       0       0       0       000000000D    647
     124       0       0       2       0                               0D    648
     110    1176       0       0       0       0       0       000010000D    649
     110       0       0       1       0                               0D    650
     100    1177       0       0       0       0     653       000010000D    651
     100       0       0       2       0                               0D    652
     124    1179       0       0       0       0       0       000000000D    653
     124       0       0       2       0                               0D    654
     508    1181       0       0       0       0       0       000010000D    655
     508       0       0       1       1                               0D    656
     510    1182       0       0       0       0       0       000010001D    657
     510       0       0       1       1                               0D    658
     116    1183       0       0       0       0       0       000010000D    659
     116       0       0       1       0                               0D    660
     123    1184       0       0       0       0       0       000010200D    661
     123       0       0       1       0                               0D    662
     190    1185       0       0       0       0       0       000010000D    663
     190       0       0       1       1                               0D    664
     123    1186       0       0       0       0       0       000010200D    665
     123       0       0       1       0                               0D    666
     110    1187       0       0       0       0       0       000010000D    667
     110       0       0       1       0                               0D    668
     110    1188       0       0       0       0       0       000010000D    669
     110       0       0       1       0                               0D    670
     508    1189       0       0       0       0       0       000010000D    671
     508       0       0       1       1                               0D    672
     510    1190       0       0       0       0       0       000010001D    673
     510       0       0       1       1                               0D    674
     116    1191       0       0       0       0       0       000010000D    675
     116       0       0       1       0                               0D    676
     123    1192       0       0       0       0       0       000010200D    677
     123       0       0       1       0                               0D    678
     190    1193       0       0       0       0       0       000010000D    679
     190       0       0       1       1                               0D    680
     123    1194       0       0       0       0       0       000010200D    681
     123       0       0       1       0                               0D    682
     110    1195       0       0       0       0       0       000010000D    683
     110       0       0       1       0                               0D    684
     110    1196       0       0       0       0       0       000010000D    685
     110       0       0       1       0                               0D    686
     110    1197       0       0       0       0       0       000010000D    687
     110       0       0       1       0                               0D    688
     110    1198       0       0       0       0       0       000010000D    689
     110       0       0       1       0                               0D    690
     508    1199       0       0       0       0       0       000010000D    691
     508       0       0       1       1                               0D    692
     510    1200       0       0       0       0       0       000010001D    693
     510       0       0       1       1                               0D    694
     120    1201       0       0       0       0       0       000010000D    695
     120       0       0       1       0                               0D    696
     110    1202       0       0       0       0       0       000010000D    697
     110       0       0       1       0                               0D    698
     110    1203       0       0       0       0       0       001010000D    699
     110       0       0       1       0                               0D    700
     100    1204       0       0       0       0     703       000010000D    701
     100       0       0       2       0                               0D    702
     124    1206       0       0       0       0       0       000000000D    703
     124       0       0       2       0                               0D    704
     100    1208       0       0       0       0     707       000010000D    705
     100       0       0       2       0                               0D    706
     124    1210       0       0       0       0       0       000000000D    707
     124       0       0       2       0                               0D    708
     110    1212       0       0       0       0       0       000010000D    709
     110       0       0       1       0                               0D    710
     508    1213       0       0       0       0       0       000010000D    711
     508       0       0       1       1                               0D    712
     510    1214       0       0       0       0       0       000010001D    713
     510       0       0       1       1                               0D    714
     116    1215       0       0       0       0       0       000010000D    715
     116       0       0       1       0                               0D    716
     123    1216       0       0       0       0       0       000010200D    717
     123       0       0       1       0                               0D    718
     190    1217       0       0       0       0       0       000010000D    719
     190       0       0       1       1                               0D    720
     123    1218       0       0       0       0       0       000010200D    721
     123       0       0       1       0                               0D    722
     110    1219       0       0       0       0       0       000010000D    723
     110       0       0       1       0                               0D    724
     110    1220       0       0       0       0       0       000010000D    725
     110       0       0       1       0                               0D    726
     110    1221       0       0       0       0       0       000010000D    727
     110       0       0       1       0                               0D    728
     508    1222       0       0       0       0       0       000010000D    729
     508       0       0       1       1                               0D    730
     510    1223       0       0       0       0       0       000010001D    731
     510       0       0       1       1                               0D    732
     120    1224       0       0       0       0       0       000010000D    733
     120       0       0       1       0                               0D    734
     110    1225       0       0       0       0       0       000010000D    735
     110       0       0       1       0                               0D    736
     110    1226       0       0       0       0       0       001010000D    737
     110       0       0       1       0                               0D    738
     100    1227       0       0       0       0     741       000010000D    739
     100       0       0       2       0                               0D    740
     124    1229       0       0       0       0       0       000000000D    741
     124       0       0       2       0                               0D    742
     100    1231       0       0       0       0     745       000010000D    743
     100       0       0       2       0                               0D    744
     124    1233       0       0       0       0       0       000000000D    745
     124       0       0       2       0                               0D    746
     508    1235       0       0       0       0       0       000010000D    747
     508       0       0       1       1                               0D    748
     510    1236       0       0       0       0       0       000010001D    749
     510       0       0       1       1                               0D    750
     120    1237       0       0       0       0       0       000010000D    751
     120       0       0       1       0                               0D    752
     110    1238       0       0       0       0       0       000010000D    753
     110       0       0       1       0                               0D    754
     110    1239       0       0       0       0       0       001010000D    755
     110       0       0       1       0                               0D    756
     100    1240       0       0       0       0     759       000010000D    757
     100       0       0       2       0                               0D    758
     124    1242       0       0       0       0       0       000000000D    759
     124       0       0       2       0                               0D    760
     110    1244       0       0       0       0       0       000010000D    761
     110       0       0       1       0                               0D    762
     100    1245       0       0       0       0     765       000010000D    763
     100       0       0       2       0                               0D    764
     124    1247       0       0       0       0       0       000000000D    765
     124       0       0       2       0                               0D    766
     110    1249       0       0       0       0       0       000010000D    767
     110       0       0       1       0                               0D    768
     508    1250       0       0       0       0       0       000010000D    769
     508       0       0       1       1                               0D    770
     510    1251       0       0       0       0       0       000010001D    771
     510       0       0       1       1                               0D    772
     116    1252       0       0       0       0       0       000010000D    773
     116       0       0       1       0                               0D    774
     123    1253       0       0       0       0       0       000010200D    775
     123       0       0       1       0                               0D    776
     190    1254       0       0       0       0       0       000010000D    777
     190       0       0       1       1                               0D    778
     123    1255       0       0       0       0       0       000010200D    779
     123       0       0       1       0                               0D    780
     110    1256       0       0       0       0       0       000010000D    781
     110       0       0       1       0                               0D    782
     110    1257       0       0       0       0       0       000010000D    783
     110       0       0       1       0                               0D    784
     110    1258       0       0       0       0       0       000010000D    785
     110       0       0       1       0                               0D    786
     508    1259       0       0       0       0       0       000010000D    787
     508       0       0       1       1                               0D    788
     510    1260       0       0       0       0       0       000010001D    789
     510       0       0       1       1                               0D    790
     120    1261       0       0       0       0       0       000010000D    791
     120       0       0       1       0                               0D    792
     110    1262       0       0       0       0       0       000010000D    793
     110       0       0       1       0                               0D    794
     110    1263       0       0       0       0       0       001010000D    795
     110       0       0       1       0                               0D    796
     100    1264       0       0       0       0     799       000010000D    797
     100       0       0       2       0                               0D    798
     124    1266       0       0       0       0       0       000000000D    799
     124       0       0       2       0                               0D    800
     110    1268       0       0       0       0       0       000010000D    801
     110       0       0       1       0                               0D    802
     100    1269       0       0       0       0     805       000010000D    803
     100       0       0       2       0                               0D    804
     124    1271       0       0       0       0       0       000000000D    805
     124       0       0       2       0                               0D    806
     508    1273       0       0       0       0       0       000010000D    807
     508       0       0       1       1                               0D    808
     510    1274       0       0       0       0       0       000010001D    809
     510       0       0       1       1                               0D    810
     116    1275       0       0       0       0       0       000010000D    811
     116       0       0       1       0                               0D    812
     123    1276       0       0       0       0       0       000010200D    813
     123       0       0       1       0                               0D    814
     190    1277       0       0       0       0       0       000010000D    815
     190       0       0       1       1                               0D    816
     123    1278       0       0       0       0       0       000010200D    817
     123       0       0       1       0                               0D    818
     110    1279       0       0       0       0       0       000010000D    819
     110       0       0       1       0                               0D    820
     110    1280       0       0       0       0       0       000010000D    821
     110       0       0       1       0                               0D    822
     508    1281       0       0       0       0       0       000010000D    823
     508       0       0       1       1                               0D    824
     510    1282       0       0       0       0       0       000010001D    825
     510       0       0       1       1                               0D    826
     116    1283       0       0       0       0       0       000010000D    827
     116       0       0       1       0                               0D    828
     123    1284       0       0       0       0       0       000010200D    829
     123       0       0       1       0                               0D    830
     190    1285       0       0       0       0       0       000010000D    831
     190       0       0       1       1                               0D    832
     123    1286       0       0       0       0       0       000010200D    833
     123       0       0       1       0                               0D    834
     110    1287       0       0       0       0       0       000010000D    835
     110       0       0       1       0                               0D    836
     110    1288       0       0       0       0       0       000010000D    837
     110       0       0       1       0                               0D    838
     110    1289       0       0       0       0       0       000010000D    839
     110       0       0       1       0                               0D    840
     110    1290       0       0       0       0       0       000010000D    841
     110       0       0       1       0                               0D    842
     508    1291       0       0       0       0       0       000010000D    843
     508       0       0       1       1                               0D    844
     510    1292       0       0       0       0       0       000010001D    845
     510       0       0       1       1                               0D    846
     120    1293       0       0       0       0       0       000010000D    847
     120       0       0       1       0                               0D    848
     110    1294       0       0       0       0       0       000010000D    849
     110       0       0       1       0                               0D    850
     110    1295       0       0       0       0       0       001010000D    851
     110       0       0       1       0                               0D    852
     100    1296       0       0       0       0     855       000010000D    853
     100       0       0       2       0                               0D    854
     124    1298       0       0       0       0       0       000000000D    855
     124       0       0       2       0                               0D    856
     100    1300       0       0       0       0     859       000010000D    857
     100       0       0       2       0                               0D    858
     124    1302       0       0       0       0       0       000000000D    859
     124       0       0       2       0                               0D    860
     110    1304       0       0       0       0       0       000010000D    861
     110       0       0       1       0                               0D    862
     508    1305       0       0       0       0       0       000010000D    863
     508       0       0       1       1                               0D    864
     510    1306       0       0       0       0       0       000010001D    865
     510       0       0       1       1                               0D    866
     116    1307       0       0       0       0       0       000010000D    867
     116       0       0       1       0                               0D    868
     123    1308       0       0       0       0       0       000010200D    869
     123       0       0       1       0                               0D    870
     190    1309       0       0       0       0       0       000010000D    871
     190       0       0       1       1                               0D    872
     123    1310       0       0       0       0       0       000010200D    873
     123       0       0       1       0                               0D    874
     110    1311       0       0       0       0       0       000010000D    875
     110       0       0       1       0                               0D    876
     110    1312       0       0       0       0       0       000010000D    877
     110       0       0       1       0                               0D    878
     110    1313       0       0       0       0       0       000010000D    879
     110       0       0       1       0                               0D    880
     508    1314       0       0       0       0       0       000010000D    881
     508       0       0       1       1                               0D    882
     510    1315       0       0       0       0       0       000010001D    883
     510       0       0       1       1                               0D    884
     120    1316       0       0       0       0       0       000010000D    885
     120       0       0       1       0                               0D    886
     110    1317       0       0       0       0       0       000010000D    887
     110       0       0       1       0                               0D    888
     110    1318       0       0       0       0       0       001010000D    889
     110       0       0       1       0                               0D    890
     100    1319       0       0       0       0     893       000010000D    891
     100       0       0       2       0                               0D    892
     124    1321       0       0       0       0       0       000000000D    893
     124       0       0       2       0                               0D    894
     100    1323       0       0       0       0     897       000010000D    895
     100       0       0       2       0                               0D    896
     124    1325       0       0       0       0       0       000000000D    897
     124       0       0       2       0                               0D    898
     508    1327       0       0       0       0       0       000010000D    899
     508       0       0       1       1                               0D    900
     510    1328       0       0       0       0       0       000010001D    901
     510       0       0       1       1                               0D    902
     120    1329       0       0       0       0       0       000010000D    903
     120       0       0       1       0                               0D    904
     110    1330       0       0       0       0       0       000010000D    905
     110       0       0       1       0                               0D    906
     110    1331       0       0       0       0       0       001010000D    907
     110       0       0       1       0                               0D    908
     100    1332       0       0       0       0     911       000010000D    909
     100       0       0       2       0                               0D    910
     124    1334       0       0       0       0       0       000000000D    911
     124       0       0       2       0                               0D    912
     110    1336       0       0       0       0       0       000010000D    913
     110       0       0       1       0                               0D    914
     100    1337       0       0       0       0     917       000010000D    915
     100       0       0       2       0                               0D    916
     124    1339       0       0       0       0       0       000000000D    917
     124       0       0       2       0                               0D    918
     110    1341       0       0       0       0       0       000010000D    919
     110       0       0       1       0                               0D    920
     508    1342       0       0       0       0       0       000010000D    921
     508       0       0       1       1                               0D    922
     510    1343       0       0       0       0       0       000010001D    923
     510       0       0       1       1                               0D    924
     116    1344       0       0       0       0       0       000010000D    925
     116       0       0       1       0                               0D    926
     123    1345       0       0       0       0       0       000010200D    927
     123       0       0       1       0                               0D    928
     190    1346       0       0       0       0       0       000010000D    929
     190       0       0       1       1                               0D    930
     123    1347       0       0       0       0       0       000010200D    931
     123       0       0       1       0                               0D    932
     110    1348       0       0       0       0       0       000010000D    933
     110       0       0       1       0                               0D    934
     110    1349       0       0       0       0       0       000010000D    935
     110       0       0       1       0                               0D    936
     110    1350       0       0       0       0       0       000010000D    937
     110       0       0       1       0                               0D    938
     508    1351       0       0       0       0       0       000010000D    939
     508       0       0       1       1                               0D    940
     510    1352       0       0       0       0       0       000010001D    941
     510       0       0       1       1                               0D    942
     120    1353       0       0       0       0       0       000010000D    943
     120       0       0       1       0                               0D    944
     110    1354       0       0       0       0       0       000010000D    945
     110       0       0       1       0                               0D    946
     110    1355       0       0       0       0       0       001010000D    947
     110       0       0       1       0                               0D    948
     100    1356       0       0       0       0     951       000010000D    949
     100       0       0       2       0                               0D    950
     124    1358       0       0       0       0       0       000000000D    951
     124       0       0       2       0                               0D    952
     110    1360       0       0       0       0       0       000010000D    953
     110       0       0       1       0                               0D    954
     100    1361       0       0       0       0     957       000010000D    955
     100       0       0       2       0                               0D    956
     124    1363       0       0       0       0       0       000000000D    957
     124       0       0       2       0                               0D    958
     508    1365       0       0       0       0       0       000010000D    959
     508       0       0       1       1                               0D    960
     510    1366       0       0       0       0       0       000010001D    961
     510       0       0       1       1                               0D    962
     116    1367       0       0       0       0       0       000010000D    963
     116       0       0       1       0                               0D    964
     123    1368       0       0       0       0       0       000010200D    965
     123       0       0       1       0                               0D    966
     190    1369       0       0       0       0       0       000010000D    967
     190       0       0       1       1                               0D    968
     123    1370       0       0       0       0       0       000010200D    969
     123       0       0       1       0                               0D    970
     110    1371       0       0       0       0       0       000010000D    971
     110       0       0       1       0                               0D    972
     110    1372       0       0       0       0       0       000010000D    973
     110       0       0       1       0                               0D    974
     508    1373       0       0       0       0       0       000010000D    975
     508       0       0       1       1                               0D    976
     510    1374       0       0       0       0       0       000010001D    977
     510       0       0       1       1                               0D    978
     116    1375       0       0       0       0       0       000010000D    979
     116       0       0       1       0                               0D    980
     123    1376       0       0       0       0       0       000010200D    981
     123       0       0       1       0                               0D    982
     190    1377       0       0       0       0       0       000010000D    983
     190       0       0       1       1                               0D    984
     123    1378       0       0       0       0       0       000010200D    985
     123       0       0       1       0                               0D    986
     110    1379       0       0       0       0       0       000010000D    987
     110       0       0       1       0                               0D    988
     110    1380       0       0       0       0       0       000010000D    989
     110       0       0       1       0                               0D    990
     110    1381       0       0       0       0       0       000010000D    991
     110       0       0       1       0                               0D    992
     110    1382       0       0       0       0       0       000010000D    993
     110       0       0       1       0                               0D    994
     508    1383       0       0       0       0       0       000010000D    995
     508       0       0       1       1                               0D    996
     510    1384       0       0       0       0       0       000010001D    997
     510       0       0       1       1                               0D    998
     120    1385       0       0       0       0       0       000010000D    999
     120       0       0       1       0                               0D   1000
     110    1386       0       0       0       0       0       000010000D   1001
     110       0       0       1       0                               0D   1002
     110    1387       0       0       0       0       0       001010000D   1003
     110       0       0       1       0                               0D   1004
     100    1388       0       0       0       0    1007       000010000D   1005
     100       0       0       2       0                               0D   1006
     124    1390       0       0       0       0       0       000000000D   1007
     124       0       0       2       0                               0D   1008
     100    1392       0       0       0       0    1011       000010000D   1009
     100       0       0       2       0                               0D   1010
     124    1394       0       0       0       0       0       000000000D   1011
     124       0       0       2       0                               0D   1012
     110    1396       0       0       0       0       0       000010000D   1013
     110       0       0       1       0                               0D   1014
     508    1397       0       0       0       0       0       000010000D   1015
     508       0       0       1       1                               0D   1016
     510    1398       0       0       0       0       0       000010001D   1017
     510       0       0       1       1                               0D   1018
     116    1399       0       0       0       0       0       000010000D   1019
     116       0       0       1       0                               0D   1020
     123    1400       0       0       0       0       0       000010200D   1021
     123       0       0       1       0                               0D   1022
     190    1401       0       0       0       0       0       000010000D   1023
     190       0       0       1       1                               0D   1024
     123    1402       0       0       0       0       0       000010200D   1025
     123       0       0       1       0                               0D   1026
     110    1403       0       0       0       0       0       000010000D   1027
     110       0       0       1       0                               0D   1028
     110    1404       0       0       0       0       0       000010000D   1029
     110       0       0       1       0                               0D   1030
     110    1405       0       0       0       0       0       000010000D   1031
     110       0       0       1       0                               0D   1032
     508    1406       0       0       0       0       0       000010000D   1033
     508       0       0       1       1                               0D   1034
     510    1407       0       0       0       0       0       000010001D   1035
     510       0       0       1       1                               0D   1036
     120    1408       0       0       0       0       0       000010000D   1037
     120       0       0       1       0                               0D   1038
     110    1409       0       0       0       0       0       000010000D   1039
     110       0       0       1       0                               0D   1040
     110    1410       0       0       0       0       0       001010000D   1041
     110       0       0       1       0                               0D   1042
     100    1411       0       0       0       0    1045       000010000D   1043
     100       0       0       2       0                               0D   1044
     124    1413       0       0       0       0       0       000000000D   1045
     124       0       0       2       0                               0D   1046
     100    1415       0       0       0       0    1049       000010000D   1047
     100       0       0       2       0                               0D   1048
     124    1417       0       0       0       0       0       000000000D   1049
     124       0       0       2       0                               0D   1050
     508    1419       0       0       0       0       0       000010000D   1051
     508       0       0       1       1                               0D   1052
     510    1420       0       0       0       0       0       000010001D   1053
     510       0       0       1       1                               0D   1054
     116    1421       0       0       0       0       0       000010000D   1055
     116       0       0       1       0                               0D   1056
     123    1422       0       0       0       0       0       000010200D   1057
     123       0       0       1       0                               0D   1058
     190    1423       0       0       0       0       0       000010000D   1059
     190       0       0       1       1                               0D   1060
     123    1424       0       0       0       0       0       000010200D   1061
     123       0       0       1       0                               0D   1062
     110    1425       0       0       0       0       0       000010000D   1063
     110       0       0       1       0                               0D   1064
     110    1426       0       0       0       0       0       000010000D   1065
     110       0       0       1       0                               0D   1066
     110    1427       0       0       0       0       0       000010000D   1067
     110       0       0       1       0                               0D   1068
     110    1428       0       0       0       0       0       000010000D   1069
     110       0       0       1       0                               0D   1070
     508    1429       0       0       0       0       0       000010000D   1071
     508       0       0       1       1                               0D   1072
     510    1430       0       0       0       0       0       000010001D   1073
     510       0       0       1       1                               0D   1074
     120    1431       0       0       0       0       0       000010000D   1075
     120       0       0       1       0                               0D   1076
     110    1432       0       0       0       0       0       000010000D   1077
     110       0       0       1       0                               0D   1078
     110    1433       0       0       0       0       0       001010000D   1079
     110       0       0       1       0                               0D   1080
     100    1434       0       0       0       0    1083       000010000D   1081
     100       0       0       2       0                               0D   1082
     124    1436       0       0       0       0       0       000000000D   1083
     124       0       0       2       0                               0D   1084
     100    1438       0       0       0       0    1087       000010000D   1085
     100       0       0       2       0                               0D   1086
     124    1440       0       0       0       0       0       000000000D   1087
     124       0       0       2       0                               0D   1088
     110    1442       0       0       0       0       0       000010000D   1089
     110       0       0       1       0                               0D   1090
     508    1443       0       0       0       0       0       000010000D   1091
     508       0       0       1       1                               0D   1092
     510    1444       0       0       0       0       0       000010001D   1093
     510       0       0       1       1                               0D   1094
     116    1445       0       0       0       0       0       000010000D   1095
     116       0       0       1       0                               0D   1096
     123    1446       0       0       0       0       0       000010200D   1097
     123       0       0       1       0                               0D   1098
     190    1447       0       0       0       0       0       000010000D   1099
     190       0       0       1       1                               0D   1100
     123    1448       0       0       0       0       0       000010200D   1101
     123       0       0       1       0                               0D   1102
     110    1449       0       0       0       0       0       000010000D   1103
     110       0       0       1       0                               0D   1104
     110    1450       0       0       0       0       0       000010000D   1105
     110       0       0       1       0                               0D   1106
     110    1451       0       0       0       0       0       000010000D   1107
     110       0       0       1       0                               0D   1108
     508    1452       0       0       0       0       0       000010000D   1109
     508       0       0       1       1                               0D   1110
     510    1453       0       0       0       0       0       000010001D   1111
     510       0       0       1       1                               0D   1112
     120    1454       0       0       0       0       0       000010000D   1113
     120       0       0       1       0                               0D   1114
     110    1455       0       0       0       0       0       000010000D   1115
     110       0       0       1       0                               0D   1116
     110    1456       0       0       0       0       0       001010000D   1117
     110       0       0       1       0                               0D   1118
     100    1457       0       0       0       0    1121       000010000D   1119
     100       0       0       2       0                               0D   1120
     124    1459       0       0       0       0       0       000000000D   1121
     124       0       0       2       0                               0D   1122
     100    1461       0       0       0       0    1125       000010000D   1123
     100       0       0       2       0                               0D   1124
     124    1463       0       0       0       0       0       000000000D   1125
     124       0       0       2       0                               0D   1126
     508    1465       0       0       0       0       0       000010000D   1127
     508       0       0       1       1                               0D   1128
     510    1466       0       0       0       0       0       000010001D   1129
     510       0       0       1       1                               0D   1130
     120    1467       0       0       0       0       0       000010000D   1131
     120       0       0       1       0                               0D   1132
     110    1468       0       0       0       0       0       000010000D   1133
     110       0       0       1       0                               0D   1134
     110    1469       0       0       0       0       0       001010000D   1135
     110       0       0       1       0                               0D   1136
     100    1470       0       0       0       0    1139       000010000D   1137
     100       0       0       2       0                               0D   1138
     124    1472       0       0       0       0       0       000000000D   1139
     124       0       0       2       0                               0D   1140
     110    1474       0       0       0       0       0       000010000D   1141
     110       0       0       1       0                               0D   1142
     100    1475       0       0       0       0    1145       000010000D   1143
     100       0       0       2       0                               0D   1144
     124    1477       0       0       0       0       0       000000000D   1145
     124       0       0       2       0                               0D   1146
     110    1479       0       0       0       0       0       000010000D   1147
     110       0       0       1       0                               0D   1148
     508    1480       0       0       0       0       0       000010000D   1149
     508       0       0       1       1                               0D   1150
     510    1481       0       0       0       0       0       000010001D   1151
     510       0       0       1       1                               0D   1152
     116    1482       0       0       0       0       0       000010000D   1153
     116       0       0       1       0                               0D   1154
     123    1483       0       0       0       0       0       000010200D   1155
     123       0       0       1       0                               0D   1156
     190    1484       0       0       0       0       0       000010000D   1157
     190       0       0       1       1                               0D   1158
     123    1485       0       0       0       0       0       000010200D   1159
     123       0       0       1       0                               0D   1160
     110    1486       0       0       0       0       0       000010000D   1161
     110       0       0       1       0                               0D   1162
     110    1487       0       0       0       0       0       000010000D   1163
     110       0       0       1       0                               0D   1164
     110    1488       0       0       0       0       0       000010000D   1165
     110       0       0       1       0                               0D   1166
     508    1489       0       0       0       0       0       000010000D   1167
     508       0       0       1       1                               0D   1168
     510    1490       0       0       0       0       0       000010001D   1169
     510       0       0       1       1                               0D   1170
     120    1491       0       0       0       0       0       000010000D   1171
     120       0       0       1       0                               0D   1172
     110    1492       0       0       0       0       0       000010000D   1173
     110       0       0       1       0                               0D   1174
     110    1493       0       0       0       0       0       001010000D   1175
     110       0       0       1       0                               0D   1176
     100    1494       0       0       0       0    1179       000010000D   1177
     100       0       0       2       0                               0D   1178
     124    1496       0       0       0       0       0       000000000D   1179
     124       0       0       2       0                               0D   1180
     110    1498       0       0       0       0       0       000010000D   1181
     110       0       0       1       0                               0D   1182
     100    1499       0       0       0       0    1185       000010000D   1183
     100       0       0       2       0                               0D   1184
     124    1501       0       0       0       0       0       000000000D   1185
     124       0       0       2       0                               0D   1186
     508    1503       0       0       0       0       0       000010000D   1187
     508       0       0       1       1                               0D   1188
     510    1504       0       0       0       0       0       000010001D   1189
     510       0       0       1       1                               0D   1190
     116    1505       0       0       0       0       0       000010000D   1191
     116       0       0       1       0                               0D   1192
     123    1506       0       0       0       0       0       000010200D   1193
     123       0       0       1       0                               0D   1194
     190    1507       0       0       0       0       0       000010000D   1195
     190       0       0       1       1                               0D   1196
     123    1508       0       0       0       0       0       000010200D   1197
     123       0       0       1       0                               0D   1198
     110    1509       0       0       0       0       0       000010000D   1199
     110       0       0       1       0                               0D   1200
     110    1510       0       0       0       0       0       000010000D   1201
     110       0       0       1       0                               0D   1202
     508    1511       0       0       0       0       0       000010000D   1203
     508       0       0       1       1                               0D   1204
     510    1512       0       0       0       0       0       000010001D   1205
     510       0       0       1       1                               0D   1206
     116    1513       0       0       0       0       0       000010000D   1207
     116       0       0       1       0                               0D   1208
     123    1514       0       0       0       0       0       000010200D   1209
     123       0       0       1       0                               0D   1210
     190    1515       0       0       0       0       0       000010000D   1211
     190       0       0       1       1                               0D   1212
     123    1516       0       0       0       0       0       000010200D   1213
     123       0       0       1       0                               0D   1214
     110    1517       0       0       0       0       0       000010000D   1215
     110       0       0       1       0                               0D   1216
     110    1518       0       0       0       0       0       000010000D   1217
     110       0       0       1       0                               0D   1218
     110    1519       0       0       0       0       0       000010000D   1219
     110       0       0       1       0                               0D   1220
     110    1520       0       0       0       0       0       000010000D   1221
     110       0       0       1       0                               0D   1222
     508    1521       0       0       0       0       0       000010000D   1223
     508       0       0       1       1                               0D   1224
     510    1522       0       0       0       0       0       000010001D   1225
     510       0       0       1       1                               0D   1226
     120    1523       0       0       0       0       0       000010000D   1227
     120       0       0       1       0                               0D   1228
     110    1524       0       0       0       0       0       000010000D   1229
     110       0       0       1       0                               0D   1230
     110    1525       0       0       0       0       0       001010000D   1231
     110       0       0       1       0                               0D   1232
     100    1526       0       0       0       0    1235       000010000D   1233
     100       0       0       2       0                               0D   1234
     124    1528       0       0       0       0       0       000000000D   1235
     124       0       0       2       0                               0D   1236
     100    1530       0       0       0       0    1239       000010000D   1237
     100       0       0       2       0                               0D   1238
     124    1532       0       0       0       0       0       000000000D   1239
     124       0       0       2       0                               0D   1240
     110    1534       0       0       0       0       0       000010000D   1241
     110       0       0       1       0                               0D   1242
     508    1535       0       0       0       0       0       000010000D   1243
     508       0       0       1       1                               0D   1244
     510    1536       0       0       0       0       0       000010001D   1245
     510       0       0       1       1                               0D   1246
     116    1537       0       0       0       0       0       000010000D   1247
     116       0       0       1       0                               0D   1248
     123    1538       0       0       0       0       0       000010200D   1249
     123       0       0       1       0                               0D   1250
     190    1539       0       0       0       0       0       000010000D   1251
     190       0       0       1       1                               0D   1252
     123    1540       0       0       0       0       0       000010200D   1253
     123       0       0       1       0                               0D   1254
     110    1541       0       0       0       0       0       000010000D   1255
     110       0       0       1       0                               0D   1256
     110    1542       0       0       0       0       0       000010000D   1257
     110       0       0       1       0                               0D   1258
     110    1543       0       0       0       0       0       000010000D   1259
     110       0       0       1       0                               0D   1260
     508    1544       0       0       0       0       0       000010000D   1261
     508       0       0       1       1                               0D   1262
     510    1545       0       0       0       0       0       000010001D   1263
     510       0       0       1       1                               0D   1264
     120    1546       0       0       0       0       0       000010000D   1265
     120       0       0       1       0                               0D   1266
     110    1547       0       0       0       0       0       000010000D   1267
     110       0       0       1       0                               0D   1268
     110    1548       0       0       0       0       0       001010000D   1269
     110       0       0       1       0                               0D   1270
     100    1549       0       0       0       0    1273       000010000D   1271
     100       0       0       2       0                               0D   1272
     124    1551       0       0       0       0       0       000000000D   1273
     124       0       0       2       0                               0D   1274
     100    1553       0       0       0       0    1277       000010000D   1275
     100       0       0       2       0                               0D   1276
     124    1555       0       0       0       0       0       000000000D   1277
     124       0       0       2       0                               0D   1278
     508    1557       0       0       0       0       0       000010000D   1279
     508       0       0       1       1                               0D   1280
     510    1558       0       0       0       0       0       000010001D   1281
     510       0       0       1       1                               0D   1282
     120    1559       0       0       0       0       0       000010000D   1283
     120       0       0       1       0                               0D   1284
     110    1560       0       0       0       0       0       000010000D   1285
     110       0       0       1       0                               0D   1286
     110    1561       0       0       0       0       0       001010000D   1287
     110       0       0       1       0                               0D   1288
     100    1562       0       0       0       0    1291       000010000D   1289
     100       0       0       2       0                               0D   1290
     124    1564       0       0       0       0       0       000000000D   1291
     124       0       0       2       0                               0D   1292
     110    1566       0       0       0       0       0       000010000D   1293
     110       0       0       1       0                               0D   1294
     100    1567       0       0       0       0    1297       000010000D   1295
     100       0       0       2       0                               0D   1296
     124    1569       0       0       0       0       0       000000000D   1297
     124       0       0       2       0                               0D   1298
     110    1571       0       0       0       0       0       000010000D   1299
     110       0       0       1       0                               0D   1300
     508    1572       0       0       0       0       0       000010000D   1301
     508       0       0       1       1                               0D   1302
     510    1573       0       0       0       0       0       000010001D   1303
     510       0       0       1       1                               0D   1304
     116    1574       0       0       0       0       0       000010000D   1305
     116       0       0       1       0                               0D   1306
     123    1575       0       0       0       0       0       000010200D   1307
     123       0       0       1       0                               0D   1308
     190    1576       0       0       0       0       0       000010000D   1309
     190       0       0       1       1                               0D   1310
     123    1577       0       0       0       0       0       000010200D   1311
     123       0       0       1       0                               0D   1312
     110    1578       0       0       0       0       0       000010000D   1313
     110       0       0       1       0                               0D   1314
     110    1579       0       0       0       0       0       000010000D   1315
     110       0       0       1       0                               0D   1316
     110    1580       0       0       0       0       0       000010000D   1317
     110       0       0       1       0                               0D   1318
     508    1581       0       0       0       0       0       000010000D   1319
     508       0       0       1       1                               0D   1320
     510    1582       0       0       0       0       0       000010001D   1321
     510       0       0       1       1                               0D   1322
     120    1583       0       0       0       0       0       000010000D   1323
     120       0       0       1       0                               0D   1324
     110    1584       0       0       0       0       0       000010000D   1325
     110       0       0       1       0                               0D   1326
     110    1585       0       0       0       0       0       001010000D   1327
     110       0       0       1       0                               0D   1328
     100    1586       0       0       0       0    1331       000010000D   1329
     100       0       0       2       0                               0D   1330
     124    1588       0       0       0       0       0       000000000D   1331
     124       0       0       2       0                               0D   1332
     110    1590       0       0       0       0       0       000010000D   1333
     110       0       0       1       0                               0D   1334
     100    1591       0       0       0       0    1337       000010000D   1335
     100       0       0       2       0                               0D   1336
     124    1593       0       0       0       0       0       000000000D   1337
     124       0       0       2       0                               0D   1338
     508    1595       0       0       0       0       0       000010000D   1339
     508       0       0       1       1                               0D   1340
     510    1596       0       0       0       0       0       000010001D   1341
     510       0       0       1       1                               0D   1342
     116    1597       0       0       0       0       0       000010000D   1343
     116       0       0       1       0                               0D   1344
     123    1598       0       0       0       0       0       000010200D   1345
     123       0       0       1       0                               0D   1346
     190    1599       0       0       0       0       0       000010000D   1347
     190       0       0       1       1                               0D   1348
     123    1600       0       0       0       0       0       000010200D   1349
     123       0       0       1       0                               0D   1350
     110    1601       0       0       0       0       0       000010000D   1351
     110       0       0       1       0                               0D   1352
     110    1602       0       0       0       0       0       000010000D   1353
     110       0       0       1       0                               0D   1354
     508    1603       0       0       0       0       0       000010000D   1355
     508       0       0       1       1                               0D   1356
     510    1604       0       0       0       0       0       000010001D   1357
     510       0       0       1       1                               0D   1358
     116    1605       0       0       0       0       0       000010000D   1359
     116       0       0       1       0                               0D   1360
     123    1606       0       0       0       0       0       000010200D   1361
     123       0       0       1       0                               0D   1362
     190    1607       0       0       0       0       0       000010000D   1363
     190       0       0       1       1                               0D   1364
     123    1608       0       0       0       0       0       000010200D   1365
     123       0       0       1       0                               0D   1366
     110    1609       0       0       0       0       0       000010000D   1367
     110       0       0       1       0                               0D   1368
     110    1610       0       0       0       0       0       000010000D   1369
     110       0       0       1       0                               0D   1370
     110    1611       0       0       0       0       0       000010000D   1371
     110       0       0       1       0                               0D   1372
     110    1612       0       0       0       0       0       000010000D   1373
     110       0       0       1       0                               0D   1374
     508    1613       0       0       0       0       0       000010000D   1375
     508       0       0       1       1                               0D   1376
     510    1614       0       0       0       0       0       000010001D   1377
     510       0       0       1       1                               0D   1378
     120    1615       0       0       0       0       0       000010000D   1379
     120       0       0       1       0                               0D   1380
     110    1616       0       0       0       0       0       000010000D   1381
     110       0       0       1       0                               0D   1382
     110    1617       0       0       0       0       0       001010000D   1383
     110       0       0       1       0                               0D   1384
     100    1618       0       0       0       0    1387       000010000D   1385
     100       0       0       2       0                               0D   1386
     124    1620       0       0       0       0       0       000000000D   1387
     124       0       0       2       0                               0D   1388
     100    1622       0       0       0       0    1391       000010000D   1389
     100       0       0       2       0                               0D   1390
     124    1624       0       0       0       0       0       000000000D   1391
     124       0       0       2       0                               0D   1392
     110    1626       0       0       0       0       0       000010000D   1393
     110       0       0       1       0                               0D   1394
     508    1627       0       0       0       0       0       000010000D   1395
     508       0       0       1       1                               0D   1396
     510    1628       0       0       0       0       0       000010001D   1397
     510       0       0       1       1                               0D   1398
     116    1629       0       0       0       0       0       000010000D   1399
     116       0       0       1       0                               0D   1400
     123    1630       0       0       0       0       0       000010200D   1401
     123       0       0       1       0                               0D   1402
     190    1631       0       0       0       0       0       000010000D   1403
     190       0       0       1       1                               0D   1404
     123    1632       0       0       0       0       0       000010200D   1405
     123       0       0       1       0                               0D   1406
     110    1633       0       0       0       0       0       000010000D   1407
     110       0       0       1       0                               0D   1408
     110    1634       0       0       0       0       0       000010000D   1409
     110       0       0       1       0                               0D   1410
     110    1635       0       0       0       0       0       000010000D   1411
     110       0       0       1       0                               0D   1412
     508    1636       0       0       0       0       0       000010000D   1413
     508       0       0       1       1                               0D   1414
     510    1637       0       0       0       0       0       000010001D   1415
     510       0       0       1       1                               0D   1416
     120    1638       0       0       0       0       0       000010000D   1417
     120       0       0       1       0                               0D   1418
     110    1639       0       0       0       0       0       000010000D   1419
     110       0       0       1       0                               0D   1420
     110    1640       0       0       0       0       0       001010000D   1421
     110       0       0       1       0                               0D   1422
     100    1641       0       0       0       0    1425       000010000D   1423
     100       0       0       2       0                               0D   1424
     124    1643       0       0       0       0       0       000000000D   1425
     124       0       0       2       0                               0D   1426
     100    1645       0       0       0       0    1429       000010000D   1427
     100       0       0       2       0                               0D   1428
     124    1647       0       0       0       0       0       000000000D   1429
     124       0       0       2       0                               0D   1430
     508    1649       0       0       0       0       0       000010000D   1431
     508       0       0       1       1                               0D   1432
     510    1650       0       0       0       0       0       000010001D   1433
     510       0       0       1       1                               0D   1434
     120    1651       0       0       0       0       0       000010000D   1435
     120       0       0       1       0                               0D   1436
     110    1652       0       0       0       0       0       000010000D   1437
     110       0       0       1       0                               0D   1438
     110    1653       0       0       0       0       0       001010000D   1439
     110       0       0       1       0                               0D   1440
     100    1654       0       0       0       0    1443       000010000D   1441
     100       0       0       2       0                               0D   1442
     124    1656       0       0       0       0       0       000000000D   1443
     124       0       0       2       0                               0D   1444
     110    1658       0       0       0       0       0       000010000D   1445
     110       0       0       1       0                               0D   1446
     100    1659       0       0       0       0    1449       000010000D   1447
     100       0       0       2       0                               0D   1448
     124    1661       0       0       0       0       0       000000000D   1449
     124       0       0       2       0                               0D   1450
     110    1663       0       0       0       0       0       000010000D   1451
     110       0       0       1       0                               0D   1452
     508    1664       0       0       0       0       0       000010000D   1453
     508       0       0       1       1                               0D   1454
     510    1665       0       0       0       0       0       000010001D   1455
     510       0       0       1       1                               0D   1456
     116    1666       0       0       0       0       0       000010000D   1457
     116       0       0       1       0                               0D   1458
     123    1667       0       0       0       0       0       000010200D   1459
     123       0       0       1       0                               0D   1460
     190    1668       0       0       0       0       0       000010000D   1461
     190       0       0       1       1                               0D   1462
     123    1669       0       0       0       0       0       000010200D   1463
     123       0       0       1       0                               0D   1464
     110    1670       0       0       0       0       0       000010000D   1465
     110       0       0       1       0                               0D   1466
     110    1671       0       0       0       0       0       000010000D   1467
     110       0       0       1       0                               0D   1468
     110    1672       0       0       0       0       0       000010000D   1469
     110       0       0       1       0                               0D   1470
     508    1673       0       0       0       0       0       000010000D   1471
     508       0       0       1       1                               0D   1472
     510    1674       0       0       0       0       0       000010001D   1473
     510       0       0       1       1                               0D   1474
     120    1675       0       0       0       0       0       000010000D   1475
     120       0       0       1       0                               0D   1476
     110    1676       0       0       0       0       0       000010000D   1477
     110       0       0       1       0                               0D   1478
     110    1677       0       0       0       0       0       001010000D   1479
     110       0       0       1       0                               0D   1480
     100    1678       0       0       0       0    1483       000010000D   1481
     100       0       0       2       0                               0D   1482
     124    1680       0       0       0       0       0       000000000D   1483
     124       0       0       2       0                               0D   1484
     110    1682       0       0       0       0       0       000010000D   1485
     110       0       0       1       0                               0D   1486
     100    1683       0       0       0       0    1489       000010000D   1487
     100       0       0       2       0                               0D   1488
     124    1685       0       0       0       0       0       000000000D   1489
     124       0       0       2       0                               0D   1490
     508    1687       0       0       0       0       0       000010000D   1491
     508       0       0       1       1                               0D   1492
     510    1688       0       0       0       0       0       000010001D   1493
     510       0       0       1       1                               0D   1494
     116    1689       0       0       0       0       0       000010000D   1495
     116       0       0       1       0                               0D   1496
     123    1690       0       0       0       0       0       000010200D   1497
     123       0       0       1       0                               0D   1498
     190    1691       0       0       0       0       0       000010000D   1499
     190       0       0       1       1                               0D   1500
     123    1692       0       0       0       0       0       000010200D   1501
     123       0       0       1       0                               0D   1502
     110    1693       0       0       0       0       0       000010000D   1503
     110       0       0       1       0                               0D   1504
     110    1694       0       0       0       0       0       000010000D   1505
     110       0       0       1       0                               0D   1506
     508    1695       0       0       0       0       0       000010000D   1507
     508       0       0       1       1                               0D   1508
     510    1696       0       0       0       0       0       000010001D   1509
     510       0       0       1       1                               0D   1510
     116    1697       0       0       0       0       0       000010000D   1511
     116       0       0       1       0                               0D   1512
     123    1698       0       0       0       0       0       000010200D   1513
     123       0       0       1       0                               0D   1514
     190    1699       0       0       0       0       0       000010000D   1515
     190       0       0       1       1                               0D   1516
     123    1700       0       0       0       0       0       000010200D   1517
     123       0       0       1       0                               0D   1518
     110    1701       0       0       0       0       0       000010000D   1519
     110       0       0       2       0                               0D   1520
     110    1703       0       0       0       0       0       000010000D   1521
     110       0       0       2       0                               0D   1522
     110    1705       0       0       0       0       0       000010000D   1523
     110       0       0       2       0                               0D   1524
     110    1707       0       0       0       0       0       000010000D   1525
     110       0       0       2       0                               0D   1526
     508    1709       0       0       0       0       0       000010000D   1527
     508       0       0       1       1                               0D   1528
     510    1710       0       0       0       0       0       000010001D   1529
     510       0       0       1       1                               0D   1530
     120    1711       0       0       0       0       0       000010000D   1531
     120       0       0       1       0                               0D   1532
     110    1712       0       0       0       0       0       000010000D   1533
     110       0       0       2       0                               0D   1534
     110    1714       0       0       0       0       0       001010000D   1535
     110       0       0       2       0                               0D   1536
     100    1716       0       0       0       0    1539       000010000D   1537
     100       0       0       2       0                               0D   1538
     124    1718       0       0       0       0       0       000000000D   1539
     124       0       0       2       0                               0D   1540
     100    1720       0       0       0       0    1543       000010000D   1541
     100       0       0       2       0                               0D   1542
     124    1722       0       0       0       0       0       000000000D   1543
     124       0       0       2       0                               0D   1544
     110    1724       0       0       0       0       0       000010000D   1545
     110       0       0       2       0                               0D   1546
     508    1726       0       0       0       0       0       000010000D   1547
     508       0       0       1       1                               0D   1548
     510    1727       0       0       0       0       0       000010001D   1549
     510       0       0       1       1                               0D   1550
     116    1728       0       0       0       0       0       000010000D   1551
     116       0       0       1       0                               0D   1552
     123    1729       0       0       0       0       0       000010200D   1553
     123       0       0       1       0                               0D   1554
     190    1730       0       0       0       0       0       000010000D   1555
     190       0       0       1       1                               0D   1556
     123    1731       0       0       0       0       0       000010200D   1557
     123       0       0       1       0                               0D   1558
     110    1732       0       0       0       0       0       000010000D   1559
     110       0       0       2       0                               0D   1560
     110    1734       0       0       0       0       0       000010000D   1561
     110       0       0       2       0                               0D   1562
     110    1736       0       0       0       0       0       000010000D   1563
     110       0       0       2       0                               0D   1564
     508    1738       0       0       0       0       0       000010000D   1565
     508       0       0       1       1                               0D   1566
     510    1739       0       0       0       0       0       000010001D   1567
     510       0       0       1       1                               0D   1568
     120    1740       0       0       0       0       0       000010000D   1569
     120       0       0       1       0                               0D   1570
     110    1741       0       0       0       0       0       000010000D   1571
     110       0       0       2       0                               0D   1572
     110    1743       0       0       0       0       0       001010000D   1573
     110       0       0       2       0                               0D   1574
     100    1745       0       0       0       0    1577       000010000D   1575
     100       0       0       2       0                               0D   1576
     124    1747       0       0       0       0       0       000000000D   1577
     124       0       0       2       0                               0D   1578
     100    1749       0       0       0       0    1581       000010000D   1579
     100       0       0       2       0                               0D   1580
     124    1751       0       0       0       0       0       000000000D   1581
     124       0       0       2       0                               0D   1582
     508    1753       0       0       0       0       0       000010000D   1583
     508       0       0       1       1                               0D   1584
     510    1754       0       0       0       0       0       000010001D   1585
     510       0       0       1       1                               0D   1586
     120    1755       0       0       0       0       0       000010000D   1587
     120       0       0       1       0                               0D   1588
     110    1756       0       0       0       0       0       000010000D   1589
     110       0       0       2       0                               0D   1590
     110    1758       0       0       0       0       0       001010000D   1591
     110       0       0       2       0                               0D   1592
     100    1760       0       0       0       0    1595       000010000D   1593
     100       0       0       2       0                               0D   1594
     124    1762       0       0       0       0       0       000000000D   1595
     124       0       0       2       0                               0D   1596
     110    1764       0       0       0       0       0       000010000D   1597
     110       0       0       2       0                               0D   1598
     100    1766       0       0       0       0    1601       000010000D   1599
     100       0       0       2       0                               0D   1600
     124    1768       0       0       0       0       0       000000000D   1601
     124       0       0       2       0                               0D   1602
     110    1770       0       0       0       0       0       000010000D   1603
     110       0       0       2       0                               0D   1604
     508    1772       0       0       0       0       0       000010000D   1605
     508       0       0       1       1                               0D   1606
     510    1773       0       0       0       0       0       000010001D   1607
     510       0       0       1       1                               0D   1608
     116    1774       0       0       0       0       0       000010000D   1609
     116       0       0       1       0                               0D   1610
     123    1775       0       0       0       0       0       000010200D   1611
     123       0       0       1       0                               0D   1612
     190    1776       0       0       0       0       0       000010000D   1613
     190       0       0       1       1                               0D   1614
     123    1777       0       0       0       0       0       000010200D   1615
     123       0       0       1       0                               0D   1616
     110    1778       0       0       0       0       0       000010000D   1617
     110       0       0       2       0                               0D   1618
     110    1780       0       0       0       0       0       000010000D   1619
     110       0       0       2       0                               0D   1620
     110    1782       0       0       0       0       0       000010000D   1621
     110       0       0       2       0                               0D   1622
     508    1784       0       0       0       0       0       000010000D   1623
     508       0       0       1       1                               0D   1624
     510    1785       0       0       0       0       0       000010001D   1625
     510       0       0       1       1                               0D   1626
     120    1786       0       0       0       0       0       000010000D   1627
     120       0       0       1       0                               0D   1628
     110    1787       0       0       0       0       0       000010000D   1629
     110       0       0       2       0                               0D   1630
     110    1789       0       0       0       0       0       001010000D   1631
     110       0       0       2       0                               0D   1632
     100    1791       0       0       0       0    1635       000010000D   1633
     100       0       0       2       0                               0D   1634
     124    1793       0       0       0       0       0       000000000D   1635
     124       0       0       2       0                               0D   1636
     110    1795       0       0       0       0       0       000010000D   1637
     110       0       0       2       0                               0D   1638
     100    1797       0       0       0       0    1641       000010000D   1639
     100       0       0       2       0                               0D   1640
     124    1799       0       0       0       0       0       000000000D   1641
     124       0       0       2       0                               0D   1642
     508    1801       0       0       0       0       0       000010000D   1643
     508       0       0       1       1                               0D   1644
     510    1802       0       0       0       0       0       000010001D   1645
     510       0       0       1       1                               0D   1646
     116    1803       0       0       0       0       0       000010000D   1647
     116       0       0       1       0                               0D   1648
     123    1804       0       0       0       0       0       000010200D   1649
     123       0       0       1       0                               0D   1650
     190    1805       0       0       0       0       0       000010000D   1651
     190       0       0       1       1                               0D   1652
     123    1806       0       0       0       0       0       000010200D   1653
     123       0       0       1       0                               0D   1654
     110    1807       0       0       0       0       0       000010000D   1655
     110       0       0       2       0                               0D   1656
     110    1809       0       0       0       0       0       000010000D   1657
     110       0       0       2       0                               0D   1658
     508    1811       0       0       0       0       0       000010000D   1659
     508       0       0       1       1                               0D   1660
     510    1812       0       0       0       0       0       000010001D   1661
     510       0       0       1       1                               0D   1662
     116    1813       0       0       0       0       0       000010000D   1663
     116       0       0       1       0                               0D   1664
     123    1814       0       0       0       0       0       000010200D   1665
     123       0       0       1       0                               0D   1666
     190    1815       0       0       0       0       0       000010000D   1667
     190       0       0       1       1                               0D   1668
     123    1816       0       0       0       0       0       000010200D   1669
     123       0       0       1       0                               0D   1670
     110    1817       0       0       0       0       0       000010000D   1671
     110       0       0       2       0                               0D   1672
     110    1819       0       0       0       0       0       000010000D   1673
     110       0       0       2       0                               0D   1674
     110    1821       0       0       0       0       0       000010000D   1675
     110       0       0       2       0                               0D   1676
     110    1823       0       0       0       0       0       000010000D   1677
     110       0       0       2       0                               0D   1678
     508    1825       0       0       0       0       0       000010000D   1679
     508       0       0       1       1                               0D   1680
     510    1826       0       0       0       0       0       000010001D   1681
     510       0       0       1       1                               0D   1682
     120    1827       0       0       0       0       0       000010000D   1683
     120       0       0       1       0                               0D   1684
     110    1828       0       0       0       0       0       000010000D   1685
     110       0       0       2       0                               0D   1686
     110    1830       0       0       0       0       0       001010000D   1687
     110       0       0       2       0                               0D   1688
     100    1832       0       0       0       0    1691       000010000D   1689
     100       0       0       2       0                               0D   1690
     124    1834       0       0       0       0       0       000000000D   1691
     124       0       0       2       0                               0D   1692
     100    1836       0       0       0       0    1695       000010000D   1693
     100       0       0       2       0                               0D   1694
     124    1838       0       0       0       0       0       000000000D   1695
     124       0       0       2       0                               0D   1696
     110    1840       0       0       0       0       0       000010000D   1697
     110       0       0       2       0                               0D   1698
     508    1842       0       0       0       0       0       000010000D   1699
     508       0       0       1       1                               0D   1700
     510    1843       0       0       0       0       0       000010001D   1701
     510       0       0       1       1                               0D   1702
     116    1844       0       0       0       0       0       000010000D   1703
     116       0       0       1       0                               0D   1704
     123    1845       0       0       0       0       0       000010200D   1705
     123       0       0       1       0                               0D   1706
     190    1846       0       0       0       0       0       000010000D   1707
     190       0       0       1       1                               0D   1708
     123    1847       0       0       0       0       0       000010200D   1709
     123       0       0       1       0                               0D   1710
     110    1848       0       0       0       0       0       000010000D   1711
     110       0       0       2       0                               0D   1712
     110    1850       0       0       0       0       0       000010000D   1713
     110       0       0       2       0                               0D   1714
     110    1852       0       0       0       0       0       000010000D   1715
     110       0       0       2       0                               0D   1716
     508    1854       0       0       0       0       0       000010000D   1717
     508       0       0       1       1                               0D   1718
     510    1855       0       0       0       0       0       000010001D   1719
     510       0       0       1       1                               0D   1720
     120    1856       0       0       0       0       0       000010000D   1721
     120       0       0       1       0                               0D   1722
     110    1857       0       0       0       0       0       000010000D   1723
     110       0       0       2       0                               0D   1724
     110    1859       0       0       0       0       0       001010000D   1725
     110       0       0       2       0                               0D   1726
     100    1861       0       0       0       0    1729       000010000D   1727
     100       0       0       2       0                               0D   1728
     124    1863       0       0       0       0       0       000000000D   1729
     124       0       0       2       0                               0D   1730
     100    1865       0       0       0       0    1733       000010000D   1731
     100       0       0       2       0                               0D   1732
     124    1867       0       0       0       0       0       000000000D   1733
     124       0       0       2       0                               0D   1734
     508    1869       0       0       0       0       0       000010000D   1735
     508       0       0       1       1                               0D   1736
     510    1870       0       0       0       0       0       000010001D   1737
     510       0       0       1       1                               0D   1738
     120    1871       0       0       0       0       0       000010000D   1739
     120       0       0       1       0                               0D   1740
     110    1872       0       0       0       0       0       000010000D   1741
     110       0       0       2       0                               0D   1742
     110    1874       0       0       0       0       0       001010000D   1743
     110       0       0       2       0                               0D   1744
     100    1876       0       0       0       0    1747       000010000D   1745
     100       0       0       2       0                               0D   1746
     124    1878       0       0       0       0       0       000000000D   1747
     124       0       0       2       0                               0D   1748
     110    1880       0       0       0       0       0       000010000D   1749
     110       0       0       2       0                               0D   1750
     100    1882       0       0       0       0    1753       000010000D   1751
     100       0       0       2       0                               0D   1752
     124    1884       0       0       0       0       0       000000000D   1753
     124       0       0       2       0                               0D   1754
     110    1886       0       0       0       0       0       000010000D   1755
     110       0       0       2       0                               0D   1756
     508    1888       0       0       0       0       0       000010000D   1757
     508       0       0       1       1                               0D   1758
     510    1889       0       0       0       0       0       000010001D   1759
     510       0       0       1       1                               0D   1760
     116    1890       0       0       0       0       0       000010000D   1761
     116       0       0       1       0                               0D   1762
     123    1891       0       0       0       0       0       000010200D   1763
     123       0       0       1       0                               0D   1764
     190    1892       0       0       0       0       0       000010000D   1765
     190       0       0       1       1                               0D   1766
     123    1893       0       0       0       0       0       000010200D   1767
     123       0       0       1       0                               0D   1768
     110    1894       0       0       0       0       0       000010000D   1769
     110       0       0       2       0                               0D   1770
     110    1896       0       0       0       0       0       000010000D   1771
     110       0       0       2       0                               0D   1772
     110    1898       0       0       0       0       0       000010000D   1773
     110       0       0       2       0                               0D   1774
     508    1900       0       0       0       0       0       000010000D   1775
     508       0       0       1       1                               0D   1776
     510    1901       0       0       0       0       0       000010001D   1777
     510       0       0       1       1                               0D   1778
     120    1902       0       0       0       0       0       000010000D   1779
     120       0       0       1       0                               0D   1780
     110    1903       0       0       0       0       0       000010000D   1781
     110       0       0       2       0                               0D   1782
     110    1905       0       0       0       0       0       001010000D   1783
     110       0       0       2       0                               0D   1784
     100    1907       0       0       0       0    1787       000010000D   1785
     100       0       0       2       0                               0D   1786
     124    1909       0       0       0       0       0       000000000D   1787
     124       0       0       2       0                               0D   1788
     110    1911       0       0       0       0       0       000010000D   1789
     110       0       0       2       0                               0D   1790
     100    1913       0       0       0       0    1793       000010000D   1791
     100       0       0       2       0                               0D   1792
     124    1915       0       0       0       0       0       000000000D   1793
     124       0       0       2       0                               0D   1794
     508    1917       0       0       0       0       0       000010000D   1795
     508       0       0       1       1                               0D   1796
     510    1918       0       0       0       0       0       000010001D   1797
     510       0       0       1       1                               0D   1798
     116    1919       0       0       0       0       0       000010000D   1799
     116       0       0       1       0                               0D   1800
     123    1920       0       0       0       0       0       000010200D   1801
     123       0       0       1       0                               0D   1802
     190    1921       0       0       0       0       0       000010000D   1803
     190       0       0       1       1                               0D   1804
     123    1922       0       0       0       0       0       000010200D   1805
     123       0       0       1       0                               0D   1806
     110    1923       0       0       0       0       0       000010000D   1807
     110       0       0       2       0                               0D   1808
     110    1925       0       0       0       0       0       000010000D   1809
     110       0       0       2       0                               0D   1810
     508    1927       0       0       0       0       0       000010000D   1811
     508       0       0       1       1                               0D   1812
     510    1928       0       0       0       0       0       000010001D   1813
     510       0       0       1       1                               0D   1814
     116    1929       0       0       0       0       0       000010000D   1815
     116       0       0       1       0                               0D   1816
     123    1930       0       0       0       0       0       000010200D   1817
     123       0       0       1       0                               0D   1818
     190    1931       0       0       0       0       0       000010000D   1819
     190       0       0       1       1                               0D   1820
     123    1932       0       0       0       0       0       000010200D   1821
     123       0       0       1       0                               0D   1822
     110    1933       0       0       0       0       0       000010000D   1823
     110       0       0       2       0                               0D   1824
     110    1935       0       0       0       0       0       000010000D   1825
     110       0       0       2       0                               0D   1826
     110    1937       0       0       0       0       0       000010000D   1827
     110       0       0       2       0                               0D   1828
     110    1939       0       0       0       0       0       000010000D   1829
     110       0       0       2       0                               0D   1830
     508    1941       0       0       0       0       0       000010000D   1831
     508       0       0       1       1                               0D   1832
     510    1942       0       0       0       0       0       000010001D   1833
     510       0       0       1       1                               0D   1834
     120    1943       0       0       0       0       0       000010000D   1835
     120       0       0       1       0                               0D   1836
     110    1944       0       0       0       0       0       000010000D   1837
     110       0       0       2       0                               0D   1838
     110    1946       0       0       0       0       0       001010000D   1839
     110       0       0       2       0                               0D   1840
     100    1948       0       0       0       0    1843       000010000D   1841
     100       0       0       2       0                               0D   1842
     124    1950       0       0       0       0       0       000000000D   1843
     124       0       0       2       0                               0D   1844
     100    1952       0       0       0       0    1847       000010000D   1845
     100       0       0       2       0                               0D   1846
     124    1954       0       0       0       0       0       000000000D   1847
     124       0       0       2       0                               0D   1848
     110    1956       0       0       0       0       0       000010000D   1849
     110       0       0       2       0                               0D   1850
     508    1958       0       0       0       0       0       000010000D   1851
     508       0       0       1       1                               0D   1852
     510    1959       0       0       0       0       0       000010001D   1853
     510       0       0       1       1                               0D   1854
     116    1960       0       0       0       0       0       000010000D   1855
     116       0       0       1       0                               0D   1856
     123    1961       0       0       0       0       0       000010200D   1857
     123       0       0       1       0                               0D   1858
     190    1962       0       0       0       0       0       000010000D   1859
     190       0       0       1       1                               0D   1860
     123    1963       0       0       0       0       0       000010200D   1861
     123       0       0       1       0                               0D   1862
     110    1964       0       0       0       0       0       000010000D   1863
     110       0       0       2       0                               0D   1864
     110    1966       0       0       0       0       0       000010000D   1865
     110       0       0       2       0                               0D   1866
     110    1968       0       0       0       0       0       000010000D   1867
     110       0       0       2       0                               0D   1868
     508    1970       0       0       0       0       0       000010000D   1869
     508       0       0       1       1                               0D   1870
     510    1971       0       0       0       0       0       000010001D   1871
     510       0       0       1       1                               0D   1872
     120    1972       0       0       0       0       0       000010000D   1873
     120       0       0       1       0                               0D   1874
     110    1973       0       0       0       0       0       000010000D   1875
     110       0       0       2       0                               0D   1876
     110    1975       0       0       0       0       0       001010000D   1877
     110       0       0       2       0                               0D   1878
     100    1977       0       0       0       0    1881       000010000D   1879
     100       0       0       2       0                               0D   1880
     124    1979       0       0       0       0       0       000000000D   1881
     124       0       0       2       0                               0D   1882
     100    1981       0       0       0       0    1885       000010000D   1883
     100       0       0       2       0                               0D   1884
     124    1983       0       0       0       0       0       000000000D   1885
     124       0       0       2       0                               0D   1886
     508    1985       0       0       0       0       0       000010000D   1887
     508       0       0       1       1                               0D   1888
     510    1986       0       0       0       0       0       000010001D   1889
     510       0       0       1       1                               0D   1890
     120    1987       0       0       0       0       0       000010000D   1891
     120       0       0       1       0                               0D   1892
     110    1988       0       0       0       0       0       000010000D   1893
     110       0       0       2       0                               0D   1894
     110    1990       0       0       0       0       0       001010000D   1895
     110       0       0       2       0                               0D   1896
     100    1992       0       0       0       0    1899       000010000D   1897
     100       0       0       2       0                               0D   1898
     124    1994       0       0       0       0       0       000000000D   1899
     124       0       0       2       0                               0D   1900
     110    1996       0       0       0       0       0       000010000D   1901
     110       0       0       1       0                               0D   1902
     100    1997       0       0       0       0    1905       000010000D   1903
     100       0       0       2       0                               0D   1904
     124    1999       0       0       0       0       0       000000000D   1905
     124       0       0       2       0                               0D   1906
     110    2001       0       0       0       0       0       000010000D   1907
     110       0       0       2       0                               0D   1908
     508    2003       0       0       0       0       0       000010000D   1909
     508       0       0       1       1                               0D   1910
     510    2004       0       0       0       0       0       000010001D   1911
     510       0       0       1       1                               0D   1912
     116    2005       0       0       0       0       0       000010000D   1913
     116       0       0       1       0                               0D   1914
     123    2006       0       0       0       0       0       000010200D   1915
     123       0       0       1       0                               0D   1916
     190    2007       0       0       0       0       0       000010000D   1917
     190       0       0       1       1                               0D   1918
     123    2008       0       0       0       0       0       000010200D   1919
     123       0       0       1       0                               0D   1920
     110    2009       0       0       0       0       0       000010000D   1921
     110       0       0       1       0                               0D   1922
     110    2010       0       0       0       0       0       000010000D   1923
     110       0       0       1       0                               0D   1924
     110    2011       0       0       0       0       0       000010000D   1925
     110       0       0       1       0                               0D   1926
     508    2012       0       0       0       0       0       000010000D   1927
     508       0       0       1       1                               0D   1928
     510    2013       0       0       0       0       0       000010001D   1929
     510       0       0       1       1                               0D   1930
     120    2014       0       0       0       0       0       000010000D   1931
     120       0       0       1       0                               0D   1932
     110    2015       0       0       0       0       0       000010000D   1933
     110       0       0       1       0                               0D   1934
     110    2016       0       0       0       0       0       001010000D   1935
     110       0       0       2       0                               0D   1936
     100    2018       0       0       0       0    1939       000010000D   1937
     100       0       0       2       0                               0D   1938
     124    2020       0       0       0       0       0       000000000D   1939
     124       0       0       2       0                               0D   1940
     110    2022       0       0       0       0       0       000010000D   1941
     110       0       0       2       0                               0D   1942
     100    2024       0       0       0       0    1945       000010000D   1943
     100       0       0       2       0                               0D   1944
     124    2026       0       0       0       0       0       000000000D   1945
     124       0       0       2       0                               0D   1946
     508    2028       0       0       0       0       0       000010000D   1947
     508       0       0       1       1                               0D   1948
     510    2029       0       0       0       0       0       000010001D   1949
     510       0       0       1       1                               0D   1950
     116    2030       0       0       0       0       0       000010000D   1951
     116       0       0       1       0                               0D   1952
     123    2031       0       0       0       0       0       000010200D   1953
     123       0       0       1       0                               0D   1954
     190    2032       0       0       0       0       0       000010000D   1955
     190       0       0       1       1                               0D   1956
     123    2033       0       0       0       0       0       000010200D   1957
     123       0       0       1       0                               0D   1958
     110    2034       0       0       0       0       0       000010000D   1959
     110       0       0       2       0                               0D   1960
     110    2036       0       0       0       0       0       000010000D   1961
     110       0       0       2       0                               0D   1962
     508    2038       0       0       0       0       0       000010000D   1963
     508       0       0       1       1                               0D   1964
     510    2039       0       0       0       0       0       000010001D   1965
     510       0       0       1       1                               0D   1966
     116    2040       0       0       0       0       0       000010000D   1967
     116       0       0       1       0                               0D   1968
     123    2041       0       0       0       0       0       000010200D   1969
     123       0       0       1       0                               0D   1970
     190    2042       0       0       0       0       0       000010000D   1971
     190       0       0       1       1                               0D   1972
     123    2043       0       0       0       0       0       000010200D   1973
     123       0       0       1       0                               0D   1974
     110    2044       0       0       0       0       0       000010000D   1975
     110       0       0       1       0                               0D   1976
     110    2045       0       0       0       0       0       000010000D   1977
     110       0       0       1       0                               0D   1978
     110    2046       0       0       0       0       0       000010000D   1979
     110       0       0       1       0                               0D   1980
     110    2047       0       0       0       0       0       000010000D   1981
     110       0       0       1       0                               0D   1982
     508    2048       0       0       0       0       0       000010000D   1983
     508       0       0       1       1                               0D   1984
     510    2049       0       0       0       0       0       000010001D   1985
     510       0       0       1       1                               0D   1986
     120    2050       0       0       0       0       0       000010000D   1987
     120       0       0       1       0                               0D   1988
     110    2051       0       0       0       0       0       000010000D   1989
     110       0       0       1       0                               0D   1990
     110    2052       0       0       0       0       0       001010000D   1991
     110       0       0       1       0                               0D   1992
     100    2053       0       0       0       0    1995       000010000D   1993
     100       0       0       2       0                               0D   1994
     124    2055       0       0       0       0       0       000000000D   1995
     124       0       0       2       0                               0D   1996
     100    2057       0       0       0       0    1999       000010000D   1997
     100       0       0       2       0                               0D   1998
     124    2059       0       0       0       0       0       000000000D   1999
     124       0       0       2       0                               0D   2000
     110    2061       0       0       0       0       0       000010000D   2001
     110       0       0       1       0                               0D   2002
     508    2062       0       0       0       0       0       000010000D   2003
     508       0       0       1       1                               0D   2004
     510    2063       0       0       0       0       0       000010001D   2005
     510       0       0       1       1                               0D   2006
     116    2064       0       0       0       0       0       000010000D   2007
     116       0       0       1       0                               0D   2008
     123    2065       0       0       0       0       0       000010200D   2009
     123       0       0       1       0                               0D   2010
     190    2066       0       0       0       0       0       000010000D   2011
     190       0       0       1       1                               0D   2012
     123    2067       0       0       0       0       0       000010200D   2013
     123       0       0       1       0                               0D   2014
     110    2068       0       0       0       0       0       000010000D   2015
     110       0       0       1       0                               0D   2016
     110    2069       0       0       0       0       0       000010000D   2017
     110       0       0       1       0                               0D   2018
     110    2070       0       0       0       0       0       000010000D   2019
     110       0       0       1       0                               0D   2020
     508    2071       0       0       0       0       0       000010000D   2021
     508       0       0       1       1                               0D   2022
     510    2072       0       0       0       0       0       000010001D   2023
     510       0       0       1       1                               0D   2024
     120    2073       0       0       0       0       0       000010000D   2025
     120       0       0       1       0                               0D   2026
     110    2074       0       0       0       0       0       000010000D   2027
     110       0       0       1       0                               0D   2028
     110    2075       0       0       0       0       0       001010000D   2029
     110       0       0       1       0                               0D   2030
     100    2076       0       0       0       0    2033       000010000D   2031
     100       0       0       2       0                               0D   2032
     124    2078       0       0       0       0       0       000000000D   2033
     124       0       0       2       0                               0D   2034
     100    2080       0       0       0       0    2037       000010000D   2035
     100       0       0       2       0                               0D   2036
     124    2082       0       0       0       0       0       000000000D   2037
     124       0       0       2       0                               0D   2038
     508    2084       0       0       0       0       0       000010000D   2039
     508       0       0       1       1                               0D   2040
     510    2085       0       0       0       0       0       000010001D   2041
     510       0       0       1       1                               0D   2042
     120    2086       0       0       0       0       0       000010000D   2043
     120       0       0       1       0                               0D   2044
     110    2087       0       0       0       0       0       000010000D   2045
     110       0       0       1       0                               0D   2046
     110    2088       0       0       0       0       0       001010000D   2047
     110       0       0       1       0                               0D   2048
     100    2089       0       0       0       0    2051       000010000D   2049
     100       0       0       2       0                               0D   2050
     124    2091       0       0       0       0       0       000000000D   2051
     124       0       0       2       0                               0D   2052
     110    2093       0       0       0       0       0       000010000D   2053
     110       0       0       1       0                               0D   2054
     100    2094       0       0       0       0    2057       000010000D   2055
     100       0       0       2       0                               0D   2056
     124    2096       0       0       0       0       0       000000000D   2057
     124       0       0       2       0                               0D   2058
     110    2098       0       0       0       0       0       000010000D   2059
     110       0       0       1       0                               0D   2060
     508    2099       0       0       0       0       0       000010000D   2061
     508       0       0       1       1                               0D   2062
     510    2100       0       0       0       0       0       000010001D   2063
     510       0       0       1       1                               0D   2064
     116    2101       0       0       0       0       0       000010000D   2065
     116       0       0       1       0                               0D   2066
     123    2102       0       0       0       0       0       000010200D   2067
     123       0       0       1       0                               0D   2068
     190    2103       0       0       0       0       0       000010000D   2069
     190       0       0       1       1                               0D   2070
     123    2104       0       0       0       0       0       000010200D   2071
     123       0       0       1       0                               0D   2072
     110    2105       0       0       0       0       0       000010000D   2073
     110       0       0       1       0                               0D   2074
     110    2106       0       0       0       0       0       000010000D   2075
     110       0       0       1       0                               0D   2076
     110    2107       0       0       0       0       0       000010000D   2077
     110       0       0       1       0                               0D   2078
     508    2108       0       0       0       0       0       000010000D   2079
     508       0       0       1       1                               0D   2080
     510    2109       0       0       0       0       0       000010001D   2081
     510       0       0       1       1                               0D   2082
     120    2110       0       0       0       0       0       000010000D   2083
     120       0       0       1       0                               0D   2084
     110    2111       0       0       0       0       0       000010000D   2085
     110       0       0       1       0                               0D   2086
     110    2112       0       0       0       0       0       001010000D   2087
     110       0       0       1       0                               0D   2088
     100    2113       0       0       0       0    2091       000010000D   2089
     100       0       0       2       0                               0D   2090
     124    2115       0       0       0       0       0       000000000D   2091
     124       0       0       2       0                               0D   2092
     110    2117       0       0       0       0       0       000010000D   2093
     110       0       0       1       0                               0D   2094
     100    2118       0       0       0       0    2097       000010000D   2095
     100       0       0       2       0                               0D   2096
     124    2120       0       0       0       0       0       000000000D   2097
     124       0       0       2       0                               0D   2098
     508    2122       0       0       0       0       0       000010000D   2099
     508       0       0       1       1                               0D   2100
     510    2123       0       0       0       0       0       000010001D   2101
     510       0       0       1       1                               0D   2102
     116    2124       0       0       0       0       0       000010000D   2103
     116       0       0       1       0                               0D   2104
     123    2125       0       0       0       0       0       000010200D   2105
     123       0       0       1       0                               0D   2106
     190    2126       0       0       0       0       0       000010000D   2107
     190       0       0       1       1                               0D   2108
     123    2127       0       0       0       0       0       000010200D   2109
     123       0       0       1       0                               0D   2110
     110    2128       0       0       0       0       0       000010000D   2111
     110       0       0       1       0                               0D   2112
     110    2129       0       0       0       0       0       000010000D   2113
     110       0       0       1       0                               0D   2114
     508    2130       0       0       0       0       0       000010000D   2115
     508       0       0       1       1                               0D   2116
     510    2131       0       0       0       0       0       000010001D   2117
     510       0       0       1       1                               0D   2118
     116    2132       0       0       0       0       0       000010000D   2119
     116       0       0       1       0                               0D   2120
     123    2133       0       0       0       0       0       000010200D   2121
     123       0       0       1       0                               0D   2122
     190    2134       0       0       0       0       0       000010000D   2123
     190       0       0       1       1                               0D   2124
     123    2135       0       0       0       0       0       000010200D   2125
     123       0       0       1       0                               0D   2126
     110    2136       0       0       0       0       0       000010000D   2127
     110       0       0       1       0                               0D   2128
     110    2137       0       0       0       0       0       000010000D   2129
     110       0       0       1       0                               0D   2130
     110    2138       0       0       0       0       0       000010000D   2131
     110       0       0       1       0                               0D   2132
     110    2139       0       0       0       0       0       000010000D   2133
     110       0       0       1       0                               0D   2134
     508    2140       0       0       0       0       0       000010000D   2135
     508       0       0       1       1                               0D   2136
     510    2141       0       0       0       0       0       000010001D   2137
     510       0       0       1       1                               0D   2138
     120    2142       0       0       0       0       0       000010000D   2139
     120       0       0       1       0                               0D   2140
     110    2143       0       0       0       0       0       000010000D   2141
     110       0       0       1       0                               0D   2142
     110    2144       0       0       0       0       0       001010000D   2143
     110       0       0       1       0                               0D   2144
     100    2145       0       0       0       0    2147       000010000D   2145
     100       0       0       2       0                               0D   2146
     124    2147       0       0       0       0       0       000000000D   2147
     124       0       0       2       0                               0D   2148
     100    2149       0       0       0       0    2151       000010000D   2149
     100       0       0       2       0                               0D   2150
     124    2151       0       0       0       0       0       000000000D   2151
     124       0       0       2       0                               0D   2152
     110    2153       0       0       0       0       0       000010000D   2153
     110       0       0       1       0                               0D   2154
     508    2154       0       0       0       0       0       000010000D   2155
     508       0       0       1       1                               0D   2156
     510    2155       0       0       0       0       0       000010001D   2157
     510       0       0       1       1                               0D   2158
     116    2156       0       0       0       0       0       000010000D   2159
     116       0       0       1       0                               0D   2160
     123    2157       0       0       0       0       0       000010200D   2161
     123       0       0       1       0                               0D   2162
     190    2158       0       0       0       0       0       000010000D   2163
     190       0       0       1       1                               0D   2164
     123    2159       0       0       0       0       0       000010200D   2165
     123       0       0       1       0                               0D   2166
     110    2160       0       0       0       0       0       000010000D   2167
     110       0       0       1       0                               0D   2168
     110    2161       0       0       0       0       0       000010000D   2169
     110       0       0       1       0                               0D   2170
     110    2162       0       0       0       0       0       000010000D   2171
     110       0       0       1       0                               0D   2172
     508    2163       0       0       0       0       0       000010000D   2173
     508       0       0       1       1                               0D   2174
     510    2164       0       0       0       0       0       000010001D   2175
     510       0       0       1       1                               0D   2176
     120    2165       0       0       0       0       0       000010000D   2177
     120       0       0       1       0                               0D   2178
     110    2166       0       0       0       0       0       000010000D   2179
     110       0       0       1       0                               0D   2180
     110    2167       0       0       0       0       0       001010000D   2181
     110       0       0       1       0                               0D   2182
     100    2168       0       0       0       0    2185       000010000D   2183
     100       0       0       2       0                               0D   2184
     124    2170       0       0       0       0       0       000000000D   2185
     124       0       0       2       0                               0D   2186
     100    2172       0       0       0       0    2189       000010000D   2187
     100       0       0       2       0                               0D   2188
     124    2174       0       0       0       0       0       000000000D   2189
     124       0       0       2       0                               0D   2190
     508    2176       0       0       0       0       0       000010000D   2191
     508       0       0       1       1                               0D   2192
     510    2177       0       0       0       0       0       000010001D   2193
     510       0       0       1       1                               0D   2194
     120    2178       0       0       0       0       0       000010000D   2195
     120       0       0       1       0                               0D   2196
     110    2179       0       0       0       0       0       000010000D   2197
     110       0       0       1       0                               0D   2198
     110    2180       0       0       0       0       0       001010000D   2199
     110       0       0       1       0                               0D   2200
     100    2181       0       0       0       0    2203       000010000D   2201
     100       0       0       2       0                               0D   2202
     124    2183       0       0       0       0       0       000000000D   2203
     124       0       0       2       0                               0D   2204
     110    2185       0       0       0       0       0       000010000D   2205
     110       0       0       1       0                               0D   2206
     100    2186       0       0       0       0    2209       000010000D   2207
     100       0       0       2       0                               0D   2208
     124    2188       0       0       0       0       0       000000000D   2209
     124       0       0       2       0                               0D   2210
     110    2190       0       0       0       0       0       000010000D   2211
     110       0       0       1       0                               0D   2212
     508    2191       0       0       0       0       0       000010000D   2213
     508       0       0       1       1                               0D   2214
     510    2192       0       0       0       0       0       000010001D   2215
     510       0       0       1       1                               0D   2216
     116    2193       0       0       0       0       0       000010000D   2217
     116       0       0       1       0                               0D   2218
     123    2194       0       0       0       0       0       000010200D   2219
     123       0       0       1       0                               0D   2220
     190    2195       0       0       0       0       0       000010000D   2221
     190       0       0       1       1                               0D   2222
     123    2196       0       0       0       0       0       000010200D   2223
     123       0       0       1       0                               0D   2224
     110    2197       0       0       0       0       0       000010000D   2225
     110       0       0       1       0                               0D   2226
     110    2198       0       0       0       0       0       000010000D   2227
     110       0       0       1       0                               0D   2228
     110    2199       0       0       0       0       0       000010000D   2229
     110       0       0       1       0                               0D   2230
     508    2200       0       0       0       0       0       000010000D   2231
     508       0       0       1       1                               0D   2232
     510    2201       0       0       0       0       0       000010001D   2233
     510       0       0       1       1                               0D   2234
     120    2202       0       0       0       0       0       000010000D   2235
     120       0       0       1       0                               0D   2236
     110    2203       0       0       0       0       0       000010000D   2237
     110       0       0       1       0                               0D   2238
     110    2204       0       0       0       0       0       001010000D   2239
     110       0       0       1       0                               0D   2240
     100    2205       0       0       0       0    2243       000010000D   2241
     100       0       0       2       0                               0D   2242
     124    2207       0       0       0       0       0       000000000D   2243
     124       0       0       2       0                               0D   2244
     110    2209       0       0       0       0       0       000010000D   2245
     110       0       0       1       0                               0D   2246
     100    2210       0       0       0       0    2249       000010000D   2247
     100       0       0       2       0                               0D   2248
     124    2212       0       0       0       0       0       000000000D   2249
     124       0       0       2       0                               0D   2250
     508    2214       0       0       0       0       0       000010000D   2251
     508       0       0       1       1                               0D   2252
     510    2215       0       0       0       0       0       000010001D   2253
     510       0       0       1       1                               0D   2254
     116    2216       0       0       0       0       0       000010000D   2255
     116       0       0       1       0                               0D   2256
     123    2217       0       0       0       0       0       000010200D   2257
     123       0       0       1       0                               0D   2258
     190    2218       0       0       0       0       0       000010000D   2259
     190       0       0       1       1                               0D   2260
     123    2219       0       0       0       0       0       000010200D   2261
     123       0       0       1       0                               0D   2262
     110    2220       0       0       0       0       0       000010000D   2263
     110       0       0       1       0                               0D   2264
     110    2221       0       0       0       0       0       000010000D   2265
     110       0       0       1       0                               0D   2266
     508    2222       0       0       0       0       0       000010000D   2267
     508       0       0       1       1                               0D   2268
     510    2223       0       0       0       0       0       000010001D   2269
     510       0       0       1       1                               0D   2270
     116    2224       0       0       0       0       0       000010000D   2271
     116       0       0       1       0                               0D   2272
     123    2225       0       0       0       0       0       000010200D   2273
     123       0       0       1       0                               0D   2274
     190    2226       0       0       0       0       0       000010000D   2275
     190       0       0       1       1                               0D   2276
     123    2227       0       0       0       0       0       000010200D   2277
     123       0       0       1       0                               0D   2278
     110    2228       0       0       0       0       0       000010000D   2279
     110       0       0       1       0                               0D   2280
     110    2229       0       0       0       0       0       000010000D   2281
     110       0       0       1       0                               0D   2282
     110    2230       0       0       0       0       0       000010000D   2283
     110       0       0       1       0                               0D   2284
     110    2231       0       0       0       0       0       000010000D   2285
     110       0       0       1       0                               0D   2286
     508    2232       0       0       0       0       0       000010000D   2287
     508       0       0       1       1                               0D   2288
     510    2233       0       0       0       0       0       000010001D   2289
     510       0       0       1       1                               0D   2290
     120    2234       0       0       0       0       0       000010000D   2291
     120       0       0       1       0                               0D   2292
     110    2235       0       0       0       0       0       000010000D   2293
     110       0       0       1       0                               0D   2294
     110    2236       0       0       0       0       0       001010000D   2295
     110       0       0       1       0                               0D   2296
     100    2237       0       0       0       0    2299       000010000D   2297
     100       0       0       2       0                               0D   2298
     124    2239       0       0       0       0       0       000000000D   2299
     124       0       0       2       0                               0D   2300
     100    2241       0       0       0       0    2303       000010000D   2301
     100       0       0       2       0                               0D   2302
     124    2243       0       0       0       0       0       000000000D   2303
     124       0       0       2       0                               0D   2304
     110    2245       0       0       0       0       0       000010000D   2305
     110       0       0       1       0                               0D   2306
     508    2246       0       0       0       0       0       000010000D   2307
     508       0       0       1       1                               0D   2308
     510    2247       0       0       0       0       0       000010001D   2309
     510       0       0       1       1                               0D   2310
     116    2248       0       0       0       0       0       000010000D   2311
     116       0       0       1       0                               0D   2312
     123    2249       0       0       0       0       0       000010200D   2313
     123       0       0       1       0                               0D   2314
     190    2250       0       0       0       0       0       000010000D   2315
     190       0       0       1       1                               0D   2316
     123    2251       0       0       0       0       0       000010200D   2317
     123       0       0       1       0                               0D   2318
     110    2252       0       0       0       0       0       000010000D   2319
     110       0       0       1       0                               0D   2320
     110    2253       0       0       0       0       0       000010000D   2321
     110       0       0       1       0                               0D   2322
     110    2254       0       0       0       0       0       000010000D   2323
     110       0       0       1       0                               0D   2324
     508    2255       0       0       0       0       0       000010000D   2325
     508       0       0       1       1                               0D   2326
     510    2256       0       0       0       0       0       000010001D   2327
     510       0       0       1       1                               0D   2328
     120    2257       0       0       0       0       0       000010000D   2329
     120       0       0       1       0                               0D   2330
     110    2258       0       0       0       0       0       000010000D   2331
     110       0       0       1       0                               0D   2332
     110    2259       0       0       0       0       0       001010000D   2333
     110       0       0       1       0                               0D   2334
     100    2260       0       0       0       0    2337       000010000D   2335
     100       0       0       2       0                               0D   2336
     124    2262       0       0       0       0       0       000000000D   2337
     124       0       0       2       0                               0D   2338
     100    2264       0       0       0       0    2341       000010000D   2339
     100       0       0       2       0                               0D   2340
     124    2266       0       0       0       0       0       000000000D   2341
     124       0       0       2       0                               0D   2342
     508    2268       0       0       0       0       0       000010000D   2343
     508       0       0       1       1                               0D   2344
     510    2269       0       0       0       0       0       000010001D   2345
     510       0       0       1       1                               0D   2346
     120    2270       0       0       0       0       0       000010000D   2347
     120       0       0       1       0                               0D   2348
     110    2271       0       0       0       0       0       000010000D   2349
     110       0       0       1       0                               0D   2350
     110    2272       0       0       0       0       0       001010000D   2351
     110       0       0       1       0                               0D   2352
     100    2273       0       0       0       0    2355       000010000D   2353
     100       0       0       2       0                               0D   2354
     124    2275       0       0       0       0       0       000000000D   2355
     124       0       0       2       0                               0D   2356
     110    2277       0       0       0       0       0       000010000D   2357
     110       0       0       1       0                               0D   2358
     100    2278       0       0       0       0    2361       000010000D   2359
     100       0       0       2       0                               0D   2360
     124    2280       0       0       0       0       0       000000000D   2361
     124       0       0       2       0                               0D   2362
     110    2282       0       0       0       0       0       000010000D   2363
     110       0       0       1       0                               0D   2364
     508    2283       0       0       0       0       0       000010000D   2365
     508       0       0       1       1                               0D   2366
     510    2284       0       0       0       0       0       000010001D   2367
     510       0       0       1       1                               0D   2368
     116    2285       0       0       0       0       0       000010000D   2369
     116       0       0       1       0                               0D   2370
     123    2286       0       0       0       0       0       000010200D   2371
     123       0       0       1       0                               0D   2372
     190    2287       0       0       0       0       0       000010000D   2373
     190       0       0       1       1                               0D   2374
     123    2288       0       0       0       0       0       000010200D   2375
     123       0       0       1       0                               0D   2376
     110    2289       0       0       0       0       0       000010000D   2377
     110       0       0       1       0                               0D   2378
     110    2290       0       0       0       0       0       000010000D   2379
     110       0       0       1       0                               0D   2380
     110    2291       0       0       0       0       0       000010000D   2381
     110       0       0       1       0                               0D   2382
     508    2292       0       0       0       0       0       000010000D   2383
     508       0       0       1       1                               0D   2384
     510    2293       0       0       0       0       0       000010001D   2385
     510       0       0       1       1                               0D   2386
     120    2294       0       0       0       0       0       000010000D   2387
     120       0       0       1       0                               0D   2388
     110    2295       0       0       0       0       0       000010000D   2389
     110       0       0       1       0                               0D   2390
     110    2296       0       0       0       0       0       001010000D   2391
     110       0       0       1       0                               0D   2392
     100    2297       0       0       0       0    2395       000010000D   2393
     100       0       0       2       0                               0D   2394
     124    2299       0       0       0       0       0       000000000D   2395
     124       0       0       2       0                               0D   2396
     110    2301       0       0       0       0       0       000010000D   2397
     110       0       0       1       0                               0D   2398
     100    2302       0       0       0       0    2401       000010000D   2399
     100       0       0       2       0                               0D   2400
     124    2304       0       0       0       0       0       000000000D   2401
     124       0       0       2       0                               0D   2402
     508    2306       0       0       0       0       0       000010000D   2403
     508       0       0       1       1                               0D   2404
     510    2307       0       0       0       0       0       000010001D   2405
     510       0       0       1       1                               0D   2406
     116    2308       0       0       0       0       0       000010000D   2407
     116       0       0       1       0                               0D   2408
     123    2309       0       0       0       0       0       000010200D   2409
     123       0       0       1       0                               0D   2410
     190    2310       0       0       0       0       0       000010000D   2411
     190       0       0       1       1                               0D   2412
     123    2311       0       0       0       0       0       000010200D   2413
     123       0       0       1       0                               0D   2414
     110    2312       0       0       0       0       0       000010000D   2415
     110       0       0       1       0                               0D   2416
     110    2313       0       0       0       0       0       000010000D   2417
     110       0       0       1       0                               0D   2418
     508    2314       0       0       0       0       0       000010000D   2419
     508       0       0       1       1                               0D   2420
     510    2315       0       0       0       0       0       000010001D   2421
     510       0       0       1       1                               0D   2422
     116    2316       0       0       0       0       0       000010000D   2423
     116       0       0       1       0                               0D   2424
     123    2317       0       0       0       0       0       000010200D   2425
     123       0       0       1       0                               0D   2426
     190    2318       0       0       0       0       0       000010000D   2427
     190       0       0       1       1                               0D   2428
     123    2319       0       0       0       0       0       000010200D   2429
     123       0       0       1       0                               0D   2430
     110    2320       0       0       0       0       0       000010000D   2431
     110       0       0       2       0                               0D   2432
     110    2322       0       0       0       0       0       000010000D   2433
     110       0       0       2       0                               0D   2434
     110    2324       0       0       0       0       0       000010000D   2435
     110       0       0       2       0                               0D   2436
     110    2326       0       0       0       0       0       000010000D   2437
     110       0       0       2       0                               0D   2438
     508    2328       0       0       0       0       0       000010000D   2439
     508       0       0       1       1                               0D   2440
     510    2329       0       0       0       0       0       000010001D   2441
     510       0       0       1       1                               0D   2442
     120    2330       0       0       0       0       0       000010000D   2443
     120       0       0       1       0                               0D   2444
     110    2331       0       0       0       0       0       000010000D   2445
     110       0       0       2       0                               0D   2446
     110    2333       0       0       0       0       0       001010000D   2447
     110       0       0       1       0                               0D   2448
     100    2334       0       0       0       0    2451       000010000D   2449
     100       0       0       2       0                               0D   2450
     124    2336       0       0       0       0       0       000000000D   2451
     124       0       0       2       0                               0D   2452
     100    2338       0       0       0       0    2455       000010000D   2453
     100       0       0       2       0                               0D   2454
     124    2340       0       0       0       0       0       000000000D   2455
     124       0       0       2       0                               0D   2456
     110    2342       0       0       0       0       0       000010000D   2457
     110       0       0       2       0                               0D   2458
     508    2344       0       0       0       0       0       000010000D   2459
     508       0       0       1       1                               0D   2460
     510    2345       0       0       0       0       0       000010001D   2461
     510       0       0       1       1                               0D   2462
     116    2346       0       0       0       0       0       000010000D   2463
     116       0       0       1       0                               0D   2464
     123    2347       0       0       0       0       0       000010200D   2465
     123       0       0       1       0                               0D   2466
     190    2348       0       0       0       0       0       000010000D   2467
     190       0       0       1       1                               0D   2468
     123    2349       0       0       0       0       0       000010200D   2469
     123       0       0       1       0                               0D   2470
     110    2350       0       0       0       0       0       000010000D   2471
     110       0       0       2       0                               0D   2472
     110    2352       0       0       0       0       0       000010000D   2473
     110       0       0       2       0                               0D   2474
     110    2354       0       0       0       0       0       000010000D   2475
     110       0       0       2       0                               0D   2476
     508    2356       0       0       0       0       0       000010000D   2477
     508       0       0       1       1                               0D   2478
     510    2357       0       0       0       0       0       000010001D   2479
     510       0       0       1       1                               0D   2480
     120    2358       0       0       0       0       0       000010000D   2481
     120       0       0       1       0                               0D   2482
     110    2359       0       0       0       0       0       000010000D   2483
     110       0       0       2       0                               0D   2484
     110    2361       0       0       0       0       0       001010000D   2485
     110       0       0       2       0                               0D   2486
     100    2363       0       0       0       0    2489       000010000D   2487
     100       0       0       2       0                               0D   2488
     124    2365       0       0       0       0       0       000000000D   2489
     124       0       0       2       0                               0D   2490
     100    2367       0       0       0       0    2493       000010000D   2491
     100       0       0       2       0                               0D   2492
     124    2369       0       0       0       0       0       000000000D   2493
     124       0       0       2       0                               0D   2494
     508    2371       0       0       0       0       0       000010000D   2495
     508       0       0       1       1                               0D   2496
     510    2372       0       0       0       0       0       000010001D   2497
     510       0       0       1       1                               0D   2498
     120    2373       0       0       0       0       0       000010000D   2499
     120       0       0       1       0                               0D   2500
     110    2374       0       0       0       0       0       000010000D   2501
     110       0       0       1       0                               0D   2502
     110    2375       0       0       0       0       0       001010000D   2503
     110       0       0       2       0                               0D   2504
     100    2377       0       0       0       0    2507       000010000D   2505
     100       0       0       2       0                               0D   2506
     124    2379       0       0       0       0       0       000000000D   2507
     124       0       0       2       0                               0D   2508
     110    2381       0       0       0       0       0       000010000D   2509
     110       0       0       2       0                               0D   2510
     100    2383       0       0       0       0    2513       000010000D   2511
     100       0       0       2       0                               0D   2512
     124    2385       0       0       0       0       0       000000000D   2513
     124       0       0       2       0                               0D   2514
     110    2387       0       0       0       0       0       000010000D   2515
     110       0       0       2       0                               0D   2516
     508    2389       0       0       0       0       0       000010000D   2517
     508       0       0       1       1                               0D   2518
     510    2390       0       0       0       0       0       000010001D   2519
     510       0       0       1       1                               0D   2520
     116    2391       0       0       0       0       0       000010000D   2521
     116       0       0       1       0                               0D   2522
     123    2392       0       0       0       0       0       000010200D   2523
     123       0       0       1       0                               0D   2524
     190    2393       0       0       0       0       0       000010000D   2525
     190       0       0       1       1                               0D   2526
     123    2394       0       0       0       0       0       000010200D   2527
     123       0       0       1       0                               0D   2528
     110    2395       0       0       0       0       0       000010000D   2529
     110       0       0       2       0                               0D   2530
     110    2397       0       0       0       0       0       000010000D   2531
     110       0       0       2       0                               0D   2532
     110    2399       0       0       0       0       0       000010000D   2533
     110       0       0       2       0                               0D   2534
     508    2401       0       0       0       0       0       000010000D   2535
     508       0       0       1       1                               0D   2536
     510    2402       0       0       0       0       0       000010001D   2537
     510       0       0       1       1                               0D   2538
     120    2403       0       0       0       0       0       000010000D   2539
     120       0       0       1       0                               0D   2540
     110    2404       0       0       0       0       0       000010000D   2541
     110       0       0       2       0                               0D   2542
     110    2406       0       0       0       0       0       001010000D   2543
     110       0       0       1       0                               0D   2544
     100    2407       0       0       0       0    2547       000010000D   2545
     100       0       0       2       0                               0D   2546
     124    2409       0       0       0       0       0       000000000D   2547
     124       0       0       2       0                               0D   2548
     110    2411       0       0       0       0       0       000010000D   2549
     110       0       0       2       0                               0D   2550
     100    2413       0       0       0       0    2553       000010000D   2551
     100       0       0       2       0                               0D   2552
     124    2415       0       0       0       0       0       000000000D   2553
     124       0       0       2       0                               0D   2554
     508    2417       0       0       0       0       0       000010000D   2555
     508       0       0       1       1                               0D   2556
     510    2418       0       0       0       0       0       000010001D   2557
     510       0       0       1       1                               0D   2558
     116    2419       0       0       0       0       0       000010000D   2559
     116       0       0       1       0                               0D   2560
     123    2420       0       0       0       0       0       000010200D   2561
     123       0       0       1       0                               0D   2562
     190    2421       0       0       0       0       0       000010000D   2563
     190       0       0       1       1                               0D   2564
     123    2422       0       0       0       0       0       000010200D   2565
     123       0       0       1       0                               0D   2566
     110    2423       0       0       0       0       0       000010000D   2567
     110       0       0       2       0                               0D   2568
     110    2425       0       0       0       0       0       000010000D   2569
     110       0       0       2       0                               0D   2570
     508    2427       0       0       0       0       0       000010000D   2571
     508       0       0       1       1                               0D   2572
     510    2428       0       0       0       0       0       000010001D   2573
     510       0       0       1       1                               0D   2574
     116    2429       0       0       0       0       0       000010000D   2575
     116       0       0       1       0                               0D   2576
     123    2430       0       0       0       0       0       000010200D   2577
     123       0       0       1       0                               0D   2578
     190    2431       0       0       0       0       0       000010000D   2579
     190       0       0       1       1                               0D   2580
     123    2432       0       0       0       0       0       000010200D   2581
     123       0       0       1       0                               0D   2582
     110    2433       0       0       0       0       0       000010000D   2583
     110       0       0       2       0                               0D   2584
     110    2435       0       0       0       0       0       000010000D   2585
     110       0       0       2       0                               0D   2586
     110    2437       0       0       0       0       0       000010000D   2587
     110       0       0       2       0                               0D   2588
     110    2439       0       0       0       0       0       000010000D   2589
     110       0       0       2       0                               0D   2590
     508    2441       0       0       0       0       0       000010000D   2591
     508       0       0       1       1                               0D   2592
     510    2442       0       0       0       0       0       000010001D   2593
     510       0       0       1       1                               0D   2594
     120    2443       0       0       0       0       0       000010000D   2595
     120       0       0       1       0                               0D   2596
     110    2444       0       0       0       0       0       000010000D   2597
     110       0       0       2       0                               0D   2598
     110    2446       0       0       0       0       0       001010000D   2599
     110       0       0       2       0                               0D   2600
     100    2448       0       0       0       0    2603       000010000D   2601
     100       0       0       2       0                               0D   2602
     124    2450       0       0       0       0       0       000000000D   2603
     124       0       0       2       0                               0D   2604
     100    2452       0       0       0       0    2607       000010000D   2605
     100       0       0       2       0                               0D   2606
     124    2454       0       0       0       0       0       000000000D   2607
     124       0       0       2       0                               0D   2608
     110    2456       0       0       0       0       0       000010000D   2609
     110       0       0       2       0                               0D   2610
     508    2458       0       0       0       0       0       000010000D   2611
     508       0       0       1       1                               0D   2612
     510    2459       0       0       0       0       0       000010001D   2613
     510       0       0       1       1                               0D   2614
     116    2460       0       0       0       0       0       000010000D   2615
     116       0       0       1       0                               0D   2616
     123    2461       0       0       0       0       0       000010200D   2617
     123       0       0       1       0                               0D   2618
     190    2462       0       0       0       0       0       000010000D   2619
     190       0       0       1       1                               0D   2620
     123    2463       0       0       0       0       0       000010200D   2621
     123       0       0       1       0                               0D   2622
     110    2464       0       0       0       0       0       000010000D   2623
     110       0       0       2       0                               0D   2624
     110    2466       0       0       0       0       0       000010000D   2625
     110       0       0       2       0                               0D   2626
     110    2468       0       0       0       0       0       000010000D   2627
     110       0       0       2       0                               0D   2628
     508    2470       0       0       0       0       0       000010000D   2629
     508       0       0       1       1                               0D   2630
     510    2471       0       0       0       0       0       000010001D   2631
     510       0       0       1       1                               0D   2632
     120    2472       0       0       0       0       0       000010000D   2633
     120       0       0       1       0                               0D   2634
     110    2473       0       0       0       0       0       000010000D   2635
     110       0       0       2       0                               0D   2636
     110    2475       0       0       0       0       0       001010000D   2637
     110       0       0       2       0                               0D   2638
     100    2477       0       0       0       0    2641       000010000D   2639
     100       0       0       2       0                               0D   2640
     124    2479       0       0       0       0       0       000000000D   2641
     124       0       0       2       0                               0D   2642
     100    2481       0       0       0       0    2645       000010000D   2643
     100       0       0       2       0                               0D   2644
     124    2483       0       0       0       0       0       000000000D   2645
     124       0       0       2       0                               0D   2646
     508    2485       0       0       0       0       0       000010000D   2647
     508       0       0       1       1                               0D   2648
     510    2486       0       0       0       0       0       000010001D   2649
     510       0       0       1       1                               0D   2650
     120    2487       0       0       0       0       0       000010000D   2651
     120       0       0       1       0                               0D   2652
     110    2488       0       0       0       0       0       000010000D   2653
     110       0       0       2       0                               0D   2654
     110    2490       0       0       0       0       0       001010000D   2655
     110       0       0       2       0                               0D   2656
     100    2492       0       0       0       0    2659       000010000D   2657
     100       0       0       2       0                               0D   2658
     124    2494       0       0       0       0       0       000000000D   2659
     124       0       0       2       0                               0D   2660
     110    2496       0       0       0       0       0       000010000D   2661
     110       0       0       2       0                               0D   2662
     100    2498       0       0       0       0    2665       000010000D   2663
     100       0       0       2       0                               0D   2664
     124    2500       0       0       0       0       0       000000000D   2665
     124       0       0       2       0                               0D   2666
     110    2502       0       0       0       0       0       000010000D   2667
     110       0       0       2       0                               0D   2668
     508    2504       0       0       0       0       0       000010000D   2669
     508       0       0       1       1                               0D   2670
     510    2505       0       0       0       0       0       000010001D   2671
     510       0       0       1       1                               0D   2672
     116    2506       0       0       0       0       0       000010000D   2673
     116       0       0       1       0                               0D   2674
     123    2507       0       0       0       0       0       000010200D   2675
     123       0       0       1       0                               0D   2676
     190    2508       0       0       0       0       0       000010000D   2677
     190       0       0       1       1                               0D   2678
     123    2509       0       0       0       0       0       000010200D   2679
     123       0       0       1       0                               0D   2680
     110    2510       0       0       0       0       0       000010000D   2681
     110       0       0       2       0                               0D   2682
     110    2512       0       0       0       0       0       000010000D   2683
     110       0       0       2       0                               0D   2684
     110    2514       0       0       0       0       0       000010000D   2685
     110       0       0       2       0                               0D   2686
     508    2516       0       0       0       0       0       000010000D   2687
     508       0       0       1       1                               0D   2688
     510    2517       0       0       0       0       0       000010001D   2689
     510       0       0       1       1                               0D   2690
     120    2518       0       0       0       0       0       000010000D   2691
     120       0       0       1       0                               0D   2692
     110    2519       0       0       0       0       0       000010000D   2693
     110       0       0       2       0                               0D   2694
     110    2521       0       0       0       0       0       001010000D   2695
     110       0       0       2       0                               0D   2696
     100    2523       0       0       0       0    2699       000010000D   2697
     100       0       0       2       0                               0D   2698
     124    2525       0       0       0       0       0       000000000D   2699
     124       0       0       2       0                               0D   2700
     110    2527       0       0       0       0       0       000010000D   2701
     110       0       0       2       0                               0D   2702
     100    2529       0       0       0       0    2705       000010000D   2703
     100       0       0       2       0                               0D   2704
     124    2531       0       0       0       0       0       000000000D   2705
     124       0       0       2       0                               0D   2706
     508    2533       0       0       0       0       0       000010000D   2707
     508       0       0       1       1                               0D   2708
     510    2534       0       0       0       0       0       000010001D   2709
     510       0       0       1       1                               0D   2710
     116    2535       0       0       0       0       0       000010000D   2711
     116       0       0       1       0                               0D   2712
     123    2536       0       0       0       0       0       000010200D   2713
     123       0       0       1       0                               0D   2714
     190    2537       0       0       0       0       0       000010000D   2715
     190       0       0       1       1                               0D   2716
     123    2538       0       0       0       0       0       000010200D   2717
     123       0       0       1       0                               0D   2718
     110    2539       0       0       0       0       0       000010000D   2719
     110       0       0       2       0                               0D   2720
     110    2541       0       0       0       0       0       000010000D   2721
     110       0       0       2       0                               0D   2722
     508    2543       0       0       0       0       0       000010000D   2723
     508       0       0       1       1                               0D   2724
     510    2544       0       0       0       0       0       000010001D   2725
     510       0       0       1       1                               0D   2726
     116    2545       0       0       0       0       0       000010000D   2727
     116       0       0       1       0                               0D   2728
     123    2546       0       0       0       0       0       000010200D   2729
     123       0       0       1       0                               0D   2730
     190    2547       0       0       0       0       0       000010000D   2731
     190       0       0       1       1                               0D   2732
     123    2548       0       0       0       0       0       000010200D   2733
     123       0       0       1       0                               0D   2734
     110    2549       0       0       0       0       0       000010000D   2735
     110       0       0       2       0                               0D   2736
     110    2551       0       0       0       0       0       000010000D   2737
     110       0       0       2       0                               0D   2738
     110    2553       0       0       0       0       0       000010000D   2739
     110       0       0       2       0                               0D   2740
     110    2555       0       0       0       0       0       000010000D   2741
     110       0       0       2       0                               0D   2742
     508    2557       0       0       0       0       0       000010000D   2743
     508       0       0       1       1                               0D   2744
     510    2558       0       0       0       0       0       000010001D   2745
     510       0       0       1       1                               0D   2746
     120    2559       0       0       0       0       0       000010000D   2747
     120       0       0       1       0                               0D   2748
     110    2560       0       0       0       0       0       000010000D   2749
     110       0       0       2       0                               0D   2750
     110    2562       0       0       0       0       0       001010000D   2751
     110       0       0       1       0                               0D   2752
     100    2563       0       0       0       0    2755       000010000D   2753
     100       0       0       2       0                               0D   2754
     124    2565       0       0       0       0       0       000000000D   2755
     124       0       0       2       0                               0D   2756
     100    2567       0       0       0       0    2759       000010000D   2757
     100       0       0       2       0                               0D   2758
     124    2569       0       0       0       0       0       000000000D   2759
     124       0       0       2       0                               0D   2760
     110    2571       0       0       0       0       0       000010000D   2761
     110       0       0       2       0                               0D   2762
     508    2573       0       0       0       0       0       000010000D   2763
     508       0       0       1       1                               0D   2764
     510    2574       0       0       0       0       0       000010001D   2765
     510       0       0       1       1                               0D   2766
     116    2575       0       0       0       0       0       000010000D   2767
     116       0       0       1       0                               0D   2768
     123    2576       0       0       0       0       0       000010200D   2769
     123       0       0       1       0                               0D   2770
     190    2577       0       0       0       0       0       000010000D   2771
     190       0       0       1       1                               0D   2772
     123    2578       0       0       0       0       0       000010200D   2773
     123       0       0       1       0                               0D   2774
     110    2579       0       0       0       0       0       000010000D   2775
     110       0       0       2       0                               0D   2776
     110    2581       0       0       0       0       0       000010000D   2777
     110       0       0       2       0                               0D   2778
     110    2583       0       0       0       0       0       000010000D   2779
     110       0       0       2       0                               0D   2780
     508    2585       0       0       0       0       0       000010000D   2781
     508       0       0       1       1                               0D   2782
     510    2586       0       0       0       0       0       000010001D   2783
     510       0       0       1       1                               0D   2784
     120    2587       0       0       0       0       0       000010000D   2785
     120       0       0       1       0                               0D   2786
     110    2588       0       0       0       0       0       000010000D   2787
     110       0       0       1       0                               0D   2788
     110    2589       0       0       0       0       0       001010000D   2789
     110       0       0       2       0                               0D   2790
     100    2591       0       0       0       0    2793       000010000D   2791
     100       0       0       2       0                               0D   2792
     124    2593       0       0       0       0       0       000000000D   2793
     124       0       0       2       0                               0D   2794
     100    2595       0       0       0       0    2797       000010000D   2795
     100       0       0       2       0                               0D   2796
     124    2597       0       0       0       0       0       000000000D   2797
     124       0       0       2       0                               0D   2798
     508    2599       0       0       0       0       0       000010000D   2799
     508       0       0       1       1                               0D   2800
     510    2600       0       0       0       0       0       000010001D   2801
     510       0       0       1       1                               0D   2802
     120    2601       0       0       0       0       0       000010000D   2803
     120       0       0       1       0                               0D   2804
     110    2602       0       0       0       0       0       000010000D   2805
     110       0       0       1       0                               0D   2806
     110    2603       0       0       0       0       0       001010000D   2807
     110       0       0       2       0                               0D   2808
     100    2605       0       0       0       0    2811       000010000D   2809
     100       0       0       2       0                               0D   2810
     124    2607       0       0       0       0       0       000000000D   2811
     124       0       0       2       0                               0D   2812
     110    2609       0       0       0       0       0       000010000D   2813
     110       0       0       1       0                               0D   2814
     100    2610       0       0       0       0    2817       000010000D   2815
     100       0       0       2       0                               0D   2816
     124    2612       0       0       0       0       0       000000000D   2817
     124       0       0       2       0                               0D   2818
     110    2614       0       0       0       0       0       000010000D   2819
     110       0       0       2       0                               0D   2820
     508    2616       0       0       0       0       0       000010000D   2821
     508       0       0       1       1                               0D   2822
     510    2617       0       0       0       0       0       000010001D   2823
     510       0       0       1       1                               0D   2824
     116    2618       0       0       0       0       0       000010000D   2825
     116       0       0       1       0                               0D   2826
     123    2619       0       0       0       0       0       000010200D   2827
     123       0       0       1       0                               0D   2828
     190    2620       0       0       0       0       0       000010000D   2829
     190       0       0       1       1                               0D   2830
     123    2621       0       0       0       0       0       000010200D   2831
     123       0       0       1       0                               0D   2832
     110    2622       0       0       0       0       0       000010000D   2833
     110       0       0       1       0                               0D   2834
     110    2623       0       0       0       0       0       000010000D   2835
     110       0       0       1       0                               0D   2836
     110    2624       0       0       0       0       0       000010000D   2837
     110       0       0       1       0                               0D   2838
     508    2625       0       0       0       0       0       000010000D   2839
     508       0       0       1       1                               0D   2840
     510    2626       0       0       0       0       0       000010001D   2841
     510       0       0       1       1                               0D   2842
     120    2627       0       0       0       0       0       000010000D   2843
     120       0       0       1       0                               0D   2844
     110    2628       0       0       0       0       0       000010000D   2845
     110       0       0       1       0                               0D   2846
     110    2629       0       0       0       0       0       001010000D   2847
     110       0       0       1       0                               0D   2848
     100    2630       0       0       0       0    2851       000010000D   2849
     100       0       0       2       0                               0D   2850
     124    2632       0       0       0       0       0       000000000D   2851
     124       0       0       2       0                               0D   2852
     110    2634       0       0       0       0       0       000010000D   2853
     110       0       0       2       0                               0D   2854
     100    2636       0       0       0       0    2857       000010000D   2855
     100       0       0       2       0                               0D   2856
     124    2638       0       0       0       0       0       000000000D   2857
     124       0       0       2       0                               0D   2858
     508    2640       0       0       0       0       0       000010000D   2859
     508       0       0       1       1                               0D   2860
     510    2641       0       0       0       0       0       000010001D   2861
     510       0       0       1       1                               0D   2862
     116    2642       0       0       0       0       0       000010000D   2863
     116       0       0       1       0                               0D   2864
     123    2643       0       0       0       0       0       000010200D   2865
     123       0       0       1       0                               0D   2866
     190    2644       0       0       0       0       0       000010000D   2867
     190       0       0       1       1                               0D   2868
     123    2645       0       0       0       0       0       000010200D   2869
     123       0       0       1       0                               0D   2870
     110    2646       0       0       0       0       0       000010000D   2871
     110       0       0       2       0                               0D   2872
     110    2648       0       0       0       0       0       000010000D   2873
     110       0       0       2       0                               0D   2874
     508    2650       0       0       0       0       0       000010000D   2875
     508       0       0       1       1                               0D   2876
     510    2651       0       0       0       0       0       000010001D   2877
     510       0       0       1       1                               0D   2878
     120    2652       0       0       0       0       0       000010000D   2879
     120       0       0       1       0                               0D   2880
     110    2653       0       0       0       0       0       000010000D   2881
     110       0       0       2       0                               0D   2882
     110    2655       0       0       0       0       0       001010000D   2883
     110       0       0       2       0                               0D   2884
     100    2657       0       0       0       0     441       000010000D   2885
     100       0       0       2       0                               0D   2886
     100    2659       0       0       0       0     435       000010000D   2887
     100       0       0       2       0                               0D   2888
     508    2661       0       0       0       0       0       000010000D   2889
     508       0       0       1       1                               0D   2890
     510    2662       0       0       0       0       0       000010001D   2891
     510       0       0       1       1                               0D   2892
     120    2663       0       0       0       0       0       000010000D   2893
     120       0       0       1       0                               0D   2894
     110    2664       0       0       0       0       0       000010000D   2895
     110       0       0       2       0                               0D   2896
     110    2666       0       0       0       0       0       001010000D   2897
     110       0       0       2       0                               0D   2898
     100    2668       0       0       0       0     419       000010000D   2899
     100       0       0       2       0                               0D   2900
     100    2670       0       0       0       0     413       000010000D   2901
     100       0       0       2       0                               0D   2902
     508    2672       0       0       0       0       0       000010000D   2903
     508       0       0       1       1                               0D   2904
     510    2673       0       0       0       0       0       000010001D   2905
     510       0       0       1       1                               0D   2906
     120    2674       0       0       0       0       0       000010000D   2907
     120       0       0       1       0                               0D   2908
     110    2675       0       0       0       0       0       000010000D   2909
     110       0       0       2       0                               0D   2910
     110    2677       0       0       0       0       0       001010000D   2911
     110       0       0       2       0                               0D   2912
     100    2679       0       0       0       0     397       000010000D   2913
     100       0       0       2       0                               0D   2914
     100    2681       0       0       0       0     391       000010000D   2915
     100       0       0       2       0                               0D   2916
     508    2683       0       0       0       0       0       000010000D   2917
     508       0       0       1       1                               0D   2918
     510    2684       0       0       0       0       0       000010001D   2919
     510       0       0       1       1                               0D   2920
     120    2685       0       0       0       0       0       000010000D   2921
     120       0       0       1       0                               0D   2922
     110    2686       0       0       0       0       0       000010000D   2923
     110       0       0       2       0                               0D   2924
     110    2688       0       0       0       0       0       001010000D   2925
     110       0       0       2       0                               0D   2926
     100    2690       0       0       0       0     375       000010000D   2927
     100       0       0       2       0                               0D   2928
     100    2692       0       0       0       0     369       000010000D   2929
     100       0       0       2       0                               0D   2930
     508    2694       0       0       0       0       0       000010000D   2931
     508       0       0       1       1                               0D   2932
     510    2695       0       0       0       0       0       000010001D   2933
     510       0       0       1       1                               0D   2934
     120    2696       0       0       0       0       0       000010000D   2935
     120       0       0       1       0                               0D   2936
     110    2697       0       0       0       0       0       000010000D   2937
     110       0       0       2       0                               0D   2938
     110    2699       0       0       0       0       0       001010000D   2939
     110       0       0       2       0                               0D   2940
     100    2701       0       0       0       0     353       000010000D   2941
     100       0       0       2       0                               0D   2942
     100    2703       0       0       0       0     347       000010000D   2943
     100       0       0       2       0                               0D   2944
     508    2705       0       0       0       0       0       000010000D   2945
     508       0       0       1       1                               0D   2946
     510    2706       0       0       0       0       0       000010001D   2947
     510       0       0       1       1                               0D   2948
     120    2707       0       0       0       0       0       000010000D   2949
     120       0       0       1       0                               0D   2950
     110    2708       0       0       0       0       0       000010000D   2951
     110       0       0       2       0                               0D   2952
     110    2710       0       0       0       0       0       001010000D   2953
     110       0       0       2       0                               0D   2954
     100    2712       0       0       0       0     331       000010000D   2955
     100       0       0       2       0                               0D   2956
     100    2714       0       0       0       0     325       000010000D   2957
     100       0       0       2       0                               0D   2958
     508    2716       0       0       0       0       0       000010000D   2959
     508       0       0       1       1                               0D   2960
     510    2717       0       0       0       0       0       000010001D   2961
     510       0       0       1       1                               0D   2962
     120    2718       0       0       0       0       0       000010000D   2963
     120       0       0       1       0                               0D   2964
     110    2719       0       0       0       0       0       000010000D   2965
     110       0       0       2       0                               0D   2966
     110    2721       0       0       0       0       0       001010000D   2967
     110       0       0       2       0                               0D   2968
     100    2723       0       0       0       0     309       000010000D   2969
     100       0       0       2       0                               0D   2970
     100    2725       0       0       0       0     303       000010000D   2971
     100       0       0       2       0                               0D   2972
     508    2727       0       0       0       0       0       000010000D   2973
     508       0       0       1       1                               0D   2974
     510    2728       0       0       0       0       0       000010001D   2975
     510       0       0       1       1                               0D   2976
     120    2729       0       0       0       0       0       000010000D   2977
     120       0       0       1       0                               0D   2978
     110    2730       0       0       0       0       0       000010000D   2979
     110       0       0       2       0                               0D   2980
     110    2732       0       0       0       0       0       001010000D   2981
     110       0       0       2       0                               0D   2982
     100    2734       0       0       0       0     287       000010000D   2983
     100       0       0       2       0                               0D   2984
     100    2736       0       0       0       0     281       000010000D   2985
     100       0       0       2       0                               0D   2986
     508    2738       0       0       0       0       0       000010000D   2987
     508       0       0       1       1                               0D   2988
     510    2739       0       0       0       0       0       000010001D   2989
     510       0       0       1       1                               0D   2990
     120    2740       0       0       0       0       0       000010000D   2991
     120       0       0       1       0                               0D   2992
     110    2741       0       0       0       0       0       000010000D   2993
     110       0       0       2       0                               0D   2994
     110    2743       0       0       0       0       0       001010000D   2995
     110       0       0       2       0                               0D   2996
     100    2745       0       0       0       0     265       000010000D   2997
     100       0       0       2       0                               0D   2998
     100    2747       0       0       0       0     259       000010000D   2999
     100       0       0       2       0                               0D   3000
     508    2749       0       0       0       0       0       000010000D   3001
     508       0       0       1       1                               0D   3002
     510    2750       0       0       0       0       0       000010001D   3003
     510       0       0       1       1                               0D   3004
     120    2751       0       0       0       0       0       000010000D   3005
     120       0       0       1       0                               0D   3006
     110    2752       0       0       0       0       0       000010000D   3007
     110       0       0       2       0                               0D   3008
     110    2754       0       0       0       0       0       001010000D   3009
     110       0       0       2       0                               0D   3010
     100    2756       0       0       0       0     243       000010000D   3011
     100       0       0       2       0                               0D   3012
     100    2758       0       0       0       0     237       000010000D   3013
     100       0       0       1       0                               0D   3014
     508    2759       0       0       0       0       0       000010000D   3015
     508       0       0       1       1                               0D   3016
     510    2760       0       0       0       0       0       000010001D   3017
     510       0       0       1       1                               0D   3018
     120    2761       0       0       0       0       0       000010000D   3019
     120       0       0       1       0                               0D   3020
     110    2762       0       0       0       0       0       000010000D   3021
     110       0       0       2       0                               0D   3022
     110    2764       0       0       0       0       0       001010000D   3023
     110       0       0       2       0                               0D   3024
     100    2766       0       0       0       0     221       000010000D   3025
     100       0       0       2       0                               0D   3026
     100    2768       0       0       0       0     215       000010000D   3027
     100       0       0       1       0                               0D   3028
     508    2769       0       0       0       0       0       000010000D   3029
     508       0       0       1       1                               0D   3030
     510    2770       0       0       0       0       0       000010001D   3031
     510       0       0       1       1                               0D   3032
     128    2771       0       0       0       0       0       000010000D   3033
     128       0       0      20       0                               0D   3034
     100    2791       0       0       0       0    3037       000010000D   3035
     100       0       0       2       0                               0D   3036
     124    2793       0       0       0       0       0       000000000D   3037
     124       0       0       2       0                               0D   3038
     110    2795       0       0       0       0       0       000010000D   3039
     110       0       0       2       0                               0D   3040
     100    2797       0       0       0       0    3043       000010000D   3041
     100       0       0       2       0                               0D   3042
     124    2799       0       0       0       0       0       000000000D   3043
     124       0       0       2       0                               0D   3044
     110    2801       0       0       0       0       0       000010000D   3045
     110       0       0       2       0                               0D   3046
     508    2803       0       0       0       0       0       000010000D   3047
     508       0       0       1       1                               0D   3048
     510    2804       0       0       0       0       0       000010001D   3049
     510       0       0       1       1                               0D   3050
     128    2805       0       0       0       0       0       000010000D   3051
     128       0       0       4       0                               0D   3052
     110    2809       0       0       0       0       0       000010000D   3053
     110       0       0       2       0                               0D   3054
     110    2811       0       0       0       0       0       000010000D   3055
     110       0       0       1       0                               0D   3056
     110    2812       0       0       0       0       0       000010000D   3057
     110       0       0       2       0                               0D   3058
     508    2814       0       0       0       0       0       000010000D   3059
     508       0       0       1       1                               0D   3060
     508    2815       0       0       0       0       0       000010000D   3061
     508       0       0       1       1                               0D   3062
     508    2816       0       0       0       0       0       000010000D   3063
     508       0       0       1       1                               0D   3064
     510    2817       0       0       0       0       0       000010001D   3065
     510       0       0       1       1                               0D   3066
     128    2818       0       0       0       0       0       000010000D   3067
     128       0       0      20       0                               0D   3068
     100    2838       0       0       0       0    3071       000010000D   3069
     100       0       0       2       0                               0D   3070
     124    2840       0       0       0       0       0       000000000D   3071
     124       0       0       2       0                               0D   3072
     100    2842       0       0       0       0    3075       000010000D   3073
     100       0       0       2       0                               0D   3074
     124    2844       0       0       0       0       0       000000000D   3075
     124       0       0       2       0                               0D   3076
     110    2846       0       0       0       0       0       000010000D   3077
     110       0       0       2       0                               0D   3078
     508    2848       0       0       0       0       0       000010000D   3079
     508       0       0       1       1                               0D   3080
     510    2849       0       0       0       0       0       000010001D   3081
     510       0       0       1       1                               0D   3082
     128    2850       0       0       0       0       0       000010000D   3083
     128       0       0       7       0                               0D   3084
     110    2857       0       0       0       0       0       000010000D   3085
     110       0       0       2       0                               0D   3086
     110    2859       0       0       0       0       0       000010000D   3087
     110       0       0       2       0                               0D   3088
     110    2861       0       0       0       0       0       000010000D   3089
     110       0       0       2       0                               0D   3090
     508    2863       0       0       0       0       0       000010000D   3091
     508       0       0       1       1                               0D   3092
     508    2864       0       0       0       0       0       000010000D   3093
     508       0       0       1       1                               0D   3094
     508    2865       0       0       0       0       0       000010000D   3095
     508       0       0       1       1                               0D   3096
     508    2866       0       0       0       0       0       000010000D   3097
     508       0       0       1       1                               0D   3098
     508    2867       0       0       0       0       0       000010000D   3099
     508       0       0       1       1                               0D   3100
     508    2868       0       0       0       0       0       000010000D   3101
     508       0       0       1       1                               0D   3102
     508    2869       0       0       0       0       0       000010000D   3103
     508       0       0       1       1                               0D   3104
     508    2870       0       0       0       0       0       000010000D   3105
     508       0       0       1       1                               0D   3106
     508    2871       0       0       0       0       0       000010000D   3107
     508       0       0       1       1                               0D   3108
     508    2872       0       0       0       0       0       000010000D   3109
     508       0       0       1       1                               0D   3110
     510    2873       0       0       0       0       0       000010001D   3111
     510       0       0       1       1                               0D   3112
     128    2874       0       0       0       0       0       000010000D   3113
     128       0       0       6       0                               0D   3114
     110    2880       0       0       0       0       0       000010000D   3115
     110       0       0       2       0                               0D   3116
     110    2882       0       0       0       0       0       000010000D   3117
     110       0       0       2       0                               0D   3118
     110    2884       0       0       0       0       0       000010000D   3119
     110       0       0       2       0                               0D   3120
     508    2886       0       0       0       0       0       000010000D   3121
     508       0       0       1       1                               0D   3122
     510    2887       0       0       0       0       0       000010001D   3123
     510       0       0       1       1                               0D   3124
     128    2888       0       0       0       0       0       000010000D   3125
     128       0       0       7       0                               0D   3126
     110    2895       0       0       0       0       0       000010000D   3127
     110       0       0       2       0                               0D   3128
     110    2897       0       0       0       0       0       000010000D   3129
     110       0       0       2       0                               0D   3130
     110    2899       0       0       0       0       0       000010000D   3131
     110       0       0       2       0                               0D   3132
     508    2901       0       0       0       0       0       000010000D   3133
     508       0       0       1       1                               0D   3134
     508    2902       0       0       0       0       0       000010000D   3135
     508       0       0       1       1                               0D   3136
     508    2903       0       0       0       0       0       000010000D   3137
     508       0       0       1       1                               0D   3138
     508    2904       0       0       0       0       0       000010000D   3139
     508       0       0       1       1                               0D   3140
     508    2905       0       0       0       0       0       000010000D   3141
     508       0       0       1       1                               0D   3142
     508    2906       0       0       0       0       0       000010000D   3143
     508       0       0       1       1                               0D   3144
     508    2907       0       0       0       0       0       000010000D   3145
     508       0       0       1       1                               0D   3146
     508    2908       0       0       0       0       0       000010000D   3147
     508       0       0       1       1                               0D   3148
     508    2909       0       0       0       0       0       000010000D   3149
     508       0       0       1       1                               0D   3150
     508    2910       0       0       0       0       0       000010000D   3151
     508       0       0       1       1                               0D   3152
     510    2911       0       0       0       0       0       000010001D   3153
     510       0       0       1       1                               0D   3154
     128    2912       0       0       0       0       0       000010000D   3155
     128       0       0      22       0                               0D   3156
     100    2934       0       0       0       0    3159       000010000D   3157
     100       0       0       2       0                               0D   3158
     124    2936       0       0       0       0       0       000000000D   3159
     124       0       0       2       0                               0D   3160
     100    2938       0       0       0       0    3163       000010000D   3161
     100       0       0       1       0                               0D   3162
     124    2939       0       0       0       0       0       000000000D   3163
     124       0       0       2       0                               0D   3164
     110    2941       0       0       0       0       0       000010000D   3165
     110       0       0       2       0                               0D   3166
     508    2943       0       0       0       0       0       000010000D   3167
     508       0       0       1       1                               0D   3168
     510    2944       0       0       0       0       0       000010001D   3169
     510       0       0       1       1                               0D   3170
     128    2945       0       0       0       0       0       000010000D   3171
     128       0       0       4       0                               0D   3172
     110    2949       0       0       0       0       0       000010000D   3173
     110       0       0       2       0                               0D   3174
     110    2951       0       0       0       0       0       000010000D   3175
     110       0       0       1       0                               0D   3176
     110    2952       0       0       0       0       0       000010000D   3177
     110       0       0       2       0                               0D   3178
     508    2954       0       0       0       0       0       000010000D   3179
     508       0       0       1       1                               0D   3180
     508    2955       0       0       0       0       0       000010000D   3181
     508       0       0       1       1                               0D   3182
     508    2956       0       0       0       0       0       000010000D   3183
     508       0       0       1       1                               0D   3184
     510    2957       0       0       0       0       0       000010001D   3185
     510       0       0       1       1                               0D   3186
     128    2958       0       0       0       0       0       000010000D   3187
     128       0       0      23       0                               0D   3188
     100    2981       0       0       0       0    3191       000010000D   3189
     100       0       0       2       0                               0D   3190
     124    2983       0       0       0       0       0       000000000D   3191
     124       0       0       2       0                               0D   3192
     100    2985       0       0       0       0    3195       000010000D   3193
     100       0       0       1       0                               0D   3194
     124    2986       0       0       0       0       0       000000000D   3195
     124       0       0       2       0                               0D   3196
     110    2988       0       0       0       0       0       000010000D   3197
     110       0       0       1       0                               0D   3198
     508    2989       0       0       0       0       0       000010000D   3199
     508       0       0       1       1                               0D   3200
     510    2990       0       0       0       0       0       000010001D   3201
     510       0       0       1       1                               0D   3202
     128    2991       0       0       0       0       0       000010000D   3203
     128       0       0       4       0                               0D   3204
     110    2995       0       0       0       0       0       000010000D   3205
     110       0       0       1       0                               0D   3206
     508    2996       0       0       0       0       0       000010000D   3207
     508       0       0       2       1                               0D   3208
     510    2998       0       0       0       0       0       000010001D   3209
     510       0       0       1       1                               0D   3210
     128    2999       0       0       0       0       0       000010000D   3211
     128       0       0       6       0                               0D   3212
     110    3005       0       0       0       0       0       000010000D   3213
     110       0       0       2       0                               0D   3214
     508    3007       0       0       0       0       0       000010000D   3215
     508       0       0       2       1                               0D   3216
     510    3009       0       0       0       0       0       000010001D   3217
     510       0       0       1       1                               0D   3218
     116    3010       0       0       0       0       0       000010000D   3219
     116       0       0       1       0                               0D   3220
     123    3011       0       0       0       0       0       000010200D   3221
     123       0       0       1       0                               0D   3222
     190    3012       0       0       0       0       0       000010000D   3223
     190       0       0       1       1                               0D   3224
     123    3013       0       0       0       0       0       000010200D   3225
     123       0       0       1       0                               0D   3226
     110    3014       0       0       0       0       0       000010000D   3227
     110       0       0       1       0                               0D   3228
     110    3015       0       0       0       0       0       000010000D   3229
     110       0       0       1       0                               0D   3230
     110    3016       0       0       0       0       0       000010000D   3231
     110       0       0       2       0                               0D   3232
     508    3018       0       0       0       0       0       000010000D   3233
     508       0       0       1       1                               0D   3234
     510    3019       0       0       0       0       0       000010001D   3235
     510       0       0       1       1                               0D   3236
     116    3020       0       0       0       0       0       000010000D   3237
     116       0       0       1       0                               0D   3238
     123    3021       0       0       0       0       0       000010200D   3239
     123       0       0       1       0                               0D   3240
     190    3022       0       0       0       0       0       000010000D   3241
     190       0       0       1       1                               0D   3242
     123    3023       0       0       0       0       0       000010200D   3243
     123       0       0       1       0                               0D   3244
     110    3024       0       0       0       0       0       000010000D   3245
     110       0       0       1       0                               0D   3246
     110    3025       0       0       0       0       0       000010000D   3247
     110       0       0       1       0                               0D   3248
     110    3026       0       0       0       0       0       000010000D   3249
     110       0       0       1       0                               0D   3250
     508    3027       0       0       0       0       0       000010000D   3251
     508       0       0       1       1                               0D   3252
     510    3028       0       0       0       0       0       000010001D   3253
     510       0       0       1       1                               0D   3254
     128    3029       0       0       0       0       0       000010000D   3255
     128       0       0      28       0                               0D   3256
     100    3057       0       0       0       0     199       000010000D   3257
     100       0       0       2       0                               0D   3258
     100    3059       0       0       0       0     193       000010000D   3259
     100       0       0       2       0                               0D   3260
     508    3061       0       0       0       0       0       000010000D   3261
     508       0       0       1       1                               0D   3262
     510    3062       0       0       0       0       0       000010001D   3263
     510       0       0       1       1                               0D   3264
     128    3063       0       0       0       0       0       000010000D   3265
     128       0       0      28       0                               0D   3266
     100    3091       0       0       0       0     181       000010000D   3267
     100       0       0       2       0                               0D   3268
     100    3093       0       0       0       0     175       000010000D   3269
     100       0       0       2       0                               0D   3270
     508    3095       0       0       0       0       0       000010000D   3271
     508       0       0       1       1                               0D   3272
     510    3096       0       0       0       0       0       000010001D   3273
     510       0       0       1       1                               0D   3274
     128    3097       0       0       0       0       0       000010000D   3275
     128       0       0      28       0                               0D   3276
     100    3125       0       0       0       0     163       000010000D   3277
     100       0       0       2       0                               0D   3278
     100    3127       0       0       0       0     157       000010000D   3279
     100       0       0       2       0                               0D   3280
     508    3129       0       0       0       0       0       000010000D   3281
     508       0       0       1       1                               0D   3282
     510    3130       0       0       0       0       0       000010001D   3283
     510       0       0       1       1                               0D   3284
     128    3131       0       0       0       0       0       000010000D   3285
     128       0       0      28       0                               0D   3286
     100    3159       0       0       0       0     145       000010000D   3287
     100       0       0       2       0                               0D   3288
     100    3161       0       0       0       0     139       000010000D   3289
     100       0       0       2       0                               0D   3290
     508    3163       0       0       0       0       0       000010000D   3291
     508       0       0       1       1                               0D   3292
     510    3164       0       0       0       0       0       000010001D   3293
     510       0       0       1       1                               0D   3294
     128    3165       0       0       0       0       0       000010000D   3295
     128       0       0      28       0                               0D   3296
     100    3193       0       0       0       0     127       000010000D   3297
     100       0       0       2       0                               0D   3298
     100    3195       0       0       0       0     121       000010000D   3299
     100       0       0       2       0                               0D   3300
     508    3197       0       0       0       0       0       000010000D   3301
     508       0       0       1       1                               0D   3302
     510    3198       0       0       0       0       0       000010001D   3303
     510       0       0       1       1                               0D   3304
     128    3199       0       0       0       0       0       000010000D   3305
     128       0       0      27       0                               0D   3306
     100    3226       0       0       0       0     109       000010000D   3307
     100       0       0       2       0                               0D   3308
     100    3228       0       0       0       0     103       000010000D   3309
     100       0       0       2       0                               0D   3310
     508    3230       0       0       0       0       0       000010000D   3311
     508       0       0       1       1                               0D   3312
     510    3231       0       0       0       0       0       000010001D   3313
     510       0       0       1       1                               0D   3314
     128    3232       0       0       0       0       0       000010000D   3315
     128       0       0      28       0                               0D   3316
     100    3260       0       0       0       0      91       000010000D   3317
     100       0       0       2       0                               0D   3318
     100    3262       0       0       0       0      85       000010000D   3319
     100       0       0       2       0                               0D   3320
     508    3264       0       0       0       0       0       000010000D   3321
     508       0       0       1       1                               0D   3322
     510    3265       0       0       0       0       0       000010001D   3323
     510       0       0       1       1                               0D   3324
     128    3266       0       0       0       0       0       000010000D   3325
     128       0       0      28       0                               0D   3326
     100    3294       0       0       0       0      73       000010000D   3327
     100       0       0       2       0                               0D   3328
     100    3296       0       0       0       0      67       000010000D   3329
     100       0       0       2       0                               0D   3330
     508    3298       0       0       0       0       0       000010000D   3331
     508       0       0       1       1                               0D   3332
     510    3299       0       0       0       0       0       000010001D   3333
     510       0       0       1       1                               0D   3334
     128    3300       0       0       0       0       0       000010000D   3335
     128       0       0      28       0                               0D   3336
     100    3328       0       0       0       0      55       000010000D   3337
     100       0       0       2       0                               0D   3338
     100    3330       0       0       0       0      49       000010000D   3339
     100       0       0       2       0                               0D   3340
     508    3332       0       0       0       0       0       000010000D   3341
     508       0       0       1       1                               0D   3342
     510    3333       0       0       0       0       0       000010001D   3343
     510       0       0       1       1                               0D   3344
     116    3334       0       0       0       0       0       000010000D   3345
     116       0       0       1       0                               0D   3346
     123    3335       0       0       0       0       0       000010200D   3347
     123       0       0       1       0                               0D   3348
     190    3336       0       0       0       0       0       000010000D   3349
     190       0       0       1       1                               0D   3350
     123    3337       0       0       0       0       0       000010200D   3351
     123       0       0       1       0                               0D   3352
     110    3338       0       0       0       0       0       000010000D   3353
     110       0       0       1       0                               0D   3354
     110    3339       0       0       0       0       0       000010000D   3355
     110       0       0       1       0                               0D   3356
     100    3340       0       0       0       0    3359       000010000D   3357
     100       0       0       2       0                               0D   3358
     124    3342       0       0       0       0       0       000000000D   3359
     124       0       0       2       0                               0D   3360
     110    3344       0       0       0       0       0       000010000D   3361
     110       0       0       1       0                               0D   3362
     100    3345       0       0       0       0    3365       000010000D   3363
     100       0       0       2       0                               0D   3364
     124    3347       0       0       0       0       0       000000000D   3365
     124       0       0       2       0                               0D   3366
     110    3349       0       0       0       0       0       000010000D   3367
     110       0       0       1       0                               0D   3368
     110    3350       0       0       0       0       0       000010000D   3369
     110       0       0       1       0                               0D   3370
     100    3351       0       0       0       0    3373       000010000D   3371
     100       0       0       2       0                               0D   3372
     124    3353       0       0       0       0       0       000000000D   3373
     124       0       0       2       0                               0D   3374
     110    3355       0       0       0       0       0       000010000D   3375
     110       0       0       1       0                               0D   3376
     100    3356       0       0       0       0    3379       000010000D   3377
     100       0       0       2       0                               0D   3378
     124    3358       0       0       0       0       0       000000000D   3379
     124       0       0       2       0                               0D   3380
     110    3360       0       0       0       0       0       000010000D   3381
     110       0       0       1       0                               0D   3382
     110    3361       0       0       0       0       0       000010000D   3383
     110       0       0       1       0                               0D   3384
     110    3362       0       0       0       0       0       000010000D   3385
     110       0       0       1       0                               0D   3386
     508    3363       0       0       0       0       0       000010000D   3387
     508       0       0       4       1                               0D   3388
     508    3367       0       0       0       0       0       000010000D   3389
     508       0       0       1       1                               0D   3390
     508    3368       0       0       0       0       0       000010000D   3391
     508       0       0       1       1                               0D   3392
     508    3369       0       0       0       0       0       000010000D   3393
     508       0       0       1       1                               0D   3394
     508    3370       0       0       0       0       0       000010000D   3395
     508       0       0       1       1                               0D   3396
     508    3371       0       0       0       0       0       000010000D   3397
     508       0       0       1       1                               0D   3398
     508    3372       0       0       0       0       0       000010000D   3399
     508       0       0       1       1                               0D   3400
     508    3373       0       0       0       0       0       000010000D   3401
     508       0       0       1       1                               0D   3402
     508    3374       0       0       0       0       0       000010000D   3403
     508       0       0       1       1                               0D   3404
     508    3375       0       0       0       0       0       000010000D   3405
     508       0       0       1       1                               0D   3406
     508    3376       0       0       0       0       0       000010000D   3407
     508       0       0       1       1                               0D   3408
     508    3377       0       0       0       0       0       000010000D   3409
     508       0       0       1       1                               0D   3410
     508    3378       0       0       0       0       0       000010000D   3411
     508       0       0       1       1                               0D   3412
     508    3379       0       0       0       0       0       000010000D   3413
     508       0       0       1       1                               0D   3414
     508    3380       0       0       0       0       0       000010000D   3415
     508       0       0       1       1                               0D   3416
     508    3381       0       0       0       0       0       000010000D   3417
     508       0       0       1       1                               0D   3418
     508    3382       0       0       0       0       0       000010000D   3419
     508       0       0       1       1                               0D   3420
     508    3383       0       0       0       0       0       000010000D   3421
     508       0       0       1       1                               0D   3422
     508    3384       0       0       0       0       0       000010000D   3423
     508       0       0       1       1                               0D   3424
     508    3385       0       0       0       0       0       000010000D   3425
     508       0       0       1       1                               0D   3426
     508    3386       0       0       0       0       0       000010000D   3427
     508       0       0       1       1                               0D   3428
     508    3387       0       0       0       0       0       000010000D   3429
     508       0       0       1       1                               0D   3430
     508    3388       0       0       0       0       0       000010000D   3431
     508       0       0       1       1                               0D   3432
     508    3389       0       0       0       0       0       000010000D   3433
     508       0       0       1       1                               0D   3434
     508    3390       0       0       0       0       0       000010000D   3435
     508       0       0       1       1                               0D   3436
     508    3391       0       0       0       0       0       000010000D   3437
     508       0       0       1       1                               0D   3438
     508    3392       0       0       0       0       0       000010000D   3439
     508       0       0       1       1                               0D   3440
     508    3393       0       0       0       0       0       000010000D   3441
     508       0       0       1       1                               0D   3442
     508    3394       0       0       0       0       0       000010000D   3443
     508       0       0       1       1                               0D   3444
     508    3395       0       0       0       0       0       000010000D   3445
     508       0       0       1       1                               0D   3446
     508    3396       0       0       0       0       0       000010000D   3447
     508       0       0       1       1                               0D   3448
     508    3397       0       0       0       0       0       000010000D   3449
     508       0       0       1       1                               0D   3450
     508    3398       0       0       0       0       0       000010000D   3451
     508       0       0       1       1                               0D   3452
     510    3399       0       0       0       0       0       000010001D   3453
     510       0       0       3       1                               0D   3454
     116    3402       0       0       0       0       0       000010000D   3455
     116       0       0       1       0                               0D   3456
     123    3403       0       0       0       0       0       000010200D   3457
     123       0       0       1       0                               0D   3458
     190    3404       0       0       0       0       0       000010000D   3459
     190       0       0       1       1                               0D   3460
     123    3405       0       0       0       0       0       000010200D   3461
     123       0       0       1       0                               0D   3462
     110    3406       0       0       0       0       0       000010000D   3463
     110       0       0       1       0                               0D   3464
     110    3407       0       0       0       0       0       000010000D   3465
     110       0       0       1       0                               0D   3466
     100    3408       0       0       0       0    3469       000010000D   3467
     100       0       0       2       0                               0D   3468
     124    3410       0       0       0       0       0       000000000D   3469
     124       0       0       2       0                               0D   3470
     110    3412       0       0       0       0       0       000010000D   3471
     110       0       0       1       0                               0D   3472
     100    3413       0       0       0       0    3475       000010000D   3473
     100       0       0       2       0                               0D   3474
     124    3415       0       0       0       0       0       000000000D   3475
     124       0       0       2       0                               0D   3476
     110    3417       0       0       0       0       0       000010000D   3477
     110       0       0       1       0                               0D   3478
     110    3418       0       0       0       0       0       000010000D   3479
     110       0       0       1       0                               0D   3480
     100    3419       0       0       0       0    3483       000010000D   3481
     100       0       0       2       0                               0D   3482
     124    3421       0       0       0       0       0       000000000D   3483
     124       0       0       2       0                               0D   3484
     110    3423       0       0       0       0       0       000010000D   3485
     110       0       0       1       0                               0D   3486
     100    3424       0       0       0       0    3489       000010000D   3487
     100       0       0       2       0                               0D   3488
     124    3426       0       0       0       0       0       000000000D   3489
     124       0       0       2       0                               0D   3490
     110    3428       0       0       0       0       0       000010000D   3491
     110       0       0       1       0                               0D   3492
     110    3429       0       0       0       0       0       000010000D   3493
     110       0       0       2       0                               0D   3494
     110    3431       0       0       0       0       0       000010000D   3495
     110       0       0       1       0                               0D   3496
     508    3432       0       0       0       0       0       000010000D   3497
     508       0       0       4       1                               0D   3498
     508    3436       0       0       0       0       0       000010000D   3499
     508       0       0       1       1                               0D   3500
     508    3437       0       0       0       0       0       000010000D   3501
     508       0       0       1       1                               0D   3502
     508    3438       0       0       0       0       0       000010000D   3503
     508       0       0       1       1                               0D   3504
     508    3439       0       0       0       0       0       000010000D   3505
     508       0       0       1       1                               0D   3506
     508    3440       0       0       0       0       0       000010000D   3507
     508       0       0       1       1                               0D   3508
     508    3441       0       0       0       0       0       000010000D   3509
     508       0       0       1       1                               0D   3510
     508    3442       0       0       0       0       0       000010000D   3511
     508       0       0       1       1                               0D   3512
     508    3443       0       0       0       0       0       000010000D   3513
     508       0       0       1       1                               0D   3514
     508    3444       0       0       0       0       0       000010000D   3515
     508       0       0       1       1                               0D   3516
     508    3445       0       0       0       0       0       000010000D   3517
     508       0       0       1       1                               0D   3518
     508    3446       0       0       0       0       0       000010000D   3519
     508       0       0       1       1                               0D   3520
     508    3447       0       0       0       0       0       000010000D   3521
     508       0       0       1       1                               0D   3522
     508    3448       0       0       0       0       0       000010000D   3523
     508       0       0       1       1                               0D   3524
     508    3449       0       0       0       0       0       000010000D   3525
     508       0       0       1       1                               0D   3526
     508    3450       0       0       0       0       0       000010000D   3527
     508       0       0       1       1                               0D   3528
     508    3451       0       0       0       0       0       000010000D   3529
     508       0       0       1       1                               0D   3530
     508    3452       0       0       0       0       0       000010000D   3531
     508       0       0       1       1                               0D   3532
     508    3453       0       0       0       0       0       000010000D   3533
     508       0       0       1       1                               0D   3534
     508    3454       0       0       0       0       0       000010000D   3535
     508       0       0       1       1                               0D   3536
     508    3455       0       0       0       0       0       000010000D   3537
     508       0       0       1       1                               0D   3538
     508    3456       0       0       0       0       0       000010000D   3539
     508       0       0       1       1                               0D   3540
     508    3457       0       0       0       0       0       000010000D   3541
     508       0       0       1       1                               0D   3542
     508    3458       0       0       0       0       0       000010000D   3543
     508       0       0       1       1                               0D   3544
     508    3459       0       0       0       0       0       000010000D   3545
     508       0       0       1       1                               0D   3546
     508    3460       0       0       0       0       0       000010000D   3547
     508       0       0       1       1                               0D   3548
     508    3461       0       0       0       0       0       000010000D   3549
     508       0       0       1       1                               0D   3550
     508    3462       0       0       0       0       0       000010000D   3551
     508       0       0       1       1                               0D   3552
     508    3463       0       0       0       0       0       000010000D   3553
     508       0       0       1       1                               0D   3554
     508    3464       0       0       0       0       0       000010000D   3555
     508       0       0       1       1                               0D   3556
     508    3465       0       0       0       0       0       000010000D   3557
     508       0       0       1       1                               0D   3558
     508    3466       0       0       0       0       0       000010000D   3559
     508       0       0       1       1                               0D   3560
     508    3467       0       0       0       0       0       000010000D   3561
     508       0       0       1       1                               0D   3562
     510    3468       0       0       0       0       0       000010001D   3563
     510       0       0       3       1                               0D   3564
     128    3471       0       0       0       0       0       000010000D   3565
     128       0       0      21       0                               0D   3566
     100    3492       0       0       0       0      37       000010000D   3567
     100       0       0       2       0                               0D   3568
     100    3494       0       0       0       0      31       000010000D   3569
     100       0       0       2       0                               0D   3570
     508    3496       0       0       0       0       0       000010000D   3571
     508       0       0       1       1                               0D   3572
     510    3497       0       0       0       0       0       000010001D   3573
     510       0       0       1       1                               0D   3574
     128    3498       0       0       0       0       0       000010000D   3575
     128       0       0      21       0                               0D   3576
     100    3519       0       0       0       0      19       000010000D   3577
     100       0       0       2       0                               0D   3578
     100    3521       0       0       0       0      13       000010000D   3579
     100       0       0       1       0                               0D   3580
     508    3522       0       0       0       0       0       000010000D   3581
     508       0       0       1       1                               0D   3582
     510    3523       0       0       0       0       0       000010001D   3583
     510       0       0       1       1                               0D   3584
     120    3524       0       0       0       0       0       000010000D   3585
     120       0       0       1       0                               0D   3586
     110    3525       0       0       0       0       0       000010000D   3587
     110       0       0       1       0                               0D   3588
     110    3526       0       0       0       0       0       001010000D   3589
     110       0       0       1       0                               0D   3590
     100    3527       0       0       0       0    3593       000010000D   3591
     100       0       0       2       0                               0D   3592
     124    3529       0       0       0       0       0       000000000D   3593
     124       0       0       2       0                               0D   3594
     110    3531       0       0       0       0       0       000010000D   3595
     110       0       0       1       0                               0D   3596
     100    3532       0       0       0       0    3599       000010000D   3597
     100       0       0       2       0                               0D   3598
     124    3534       0       0       0       0       0       000000000D   3599
     124       0       0       2       0                               0D   3600
     508    3536       0       0       0       0       0       000010000D   3601
     508       0       0       1       1                               0D   3602
     510    3537       0       0       0       0       0       000010001D   3603
     510       0       0       1       1                               0D   3604
     116    3538       0       0       0       0       0       000010000D   3605
     116       0       0       1       0                               0D   3606
     123    3539       0       0       0       0       0       000010200D   3607
     123       0       0       1       0                               0D   3608
     190    3540       0       0       0       0       0       000010000D   3609
     190       0       0       1       1                               0D   3610
     123    3541       0       0       0       0       0       000010200D   3611
     123       0       0       1       0                               0D   3612
     110    3542       0       0       0       0       0       000010000D   3613
     110       0       0       2       0                               0D   3614
     110    3544       0       0       0       0       0       000010000D   3615
     110       0       0       1       0                               0D   3616
     110    3545       0       0       0       0       0       000010000D   3617
     110       0       0       1       0                               0D   3618
     508    3546       0       0       0       0       0       000010000D   3619
     508       0       0       1       1                               0D   3620
     508    3547       0       0       0       0       0       000010000D   3621
     508       0       0       1       1                               0D   3622
     508    3548       0       0       0       0       0       000010000D   3623
     508       0       0       1       1                               0D   3624
     510    3549       0       0       0       0       0       000010001D   3625
     510       0       0       1       1                               0D   3626
     120    3550       0       0       0       0       0       000010000D   3627
     120       0       0       1       0                               0D   3628
     110    3551       0       0       0       0       0       000010000D   3629
     110       0       0       1       0                               0D   3630
     110    3552       0       0       0       0       0       001010000D   3631
     110       0       0       1       0                               0D   3632
     100    3553       0       0       0       0    3635       000010000D   3633
     100       0       0       2       0                               0D   3634
     124    3555       0       0       0       0       0       000000000D   3635
     124       0       0       2       0                               0D   3636
     110    3557       0       0       0       0       0       000010000D   3637
     110       0       0       1       0                               0D   3638
     100    3558       0       0       0       0    3641       000010000D   3639
     100       0       0       2       0                               0D   3640
     124    3560       0       0       0       0       0       000000000D   3641
     124       0       0       2       0                               0D   3642
     508    3562       0       0       0       0       0       000010000D   3643
     508       0       0       1       1                               0D   3644
     510    3563       0       0       0       0       0       000010001D   3645
     510       0       0       1       1                               0D   3646
     116    3564       0       0       0       0       0       000010000D   3647
     116       0       0       1       0                               0D   3648
     123    3565       0       0       0       0       0       000010200D   3649
     123       0       0       1       0                               0D   3650
     190    3566       0       0       0       0       0       000010000D   3651
     190       0       0       1       1                               0D   3652
     123    3567       0       0       0       0       0       000010200D   3653
     123       0       0       1       0                               0D   3654
     110    3568       0       0       0       0       0       000010000D   3655
     110       0       0       2       0                               0D   3656
     110    3570       0       0       0       0       0       000010000D   3657
     110       0       0       2       0                               0D   3658
     110    3572       0       0       0       0       0       000010000D   3659
     110       0       0       1       0                               0D   3660
     508    3573       0       0       0       0       0       000010000D   3661
     508       0       0       1       1                               0D   3662
     508    3574       0       0       0       0       0       000010000D   3663
     508       0       0       1       1                               0D   3664
     508    3575       0       0       0       0       0       000010000D   3665
     508       0       0       1       1                               0D   3666
     508    3576       0       0       0       0       0       000010000D   3667
     508       0       0       1       1                               0D   3668
     508    3577       0       0       0       0       0       000010000D   3669
     508       0       0       1       1                               0D   3670
     508    3578       0       0       0       0       0       000010000D   3671
     508       0       0       1       1                               0D   3672
     508    3579       0       0       0       0       0       000010000D   3673
     508       0       0       1       1                               0D   3674
     508    3580       0       0       0       0       0       000010000D   3675
     508       0       0       1       1                               0D   3676
     508    3581       0       0       0       0       0       000010000D   3677
     508       0       0       1       1                               0D   3678
     508    3582       0       0       0       0       0       000010000D   3679
     508       0       0       1       1                               0D   3680
     510    3583       0       0       0       0       0       000010001D   3681
     510       0       0       1       1                               0D   3682
     116    3584       0       0       0       0       0       000010000D   3683
     116       0       0       1       0                               0D   3684
     123    3585       0       0       0       0       0       000010200D   3685
     123       0       0       1       0                               0D   3686
     190    3586       0       0       0       0       0       000010000D   3687
     190       0       0       1       1                               0D   3688
     123    3587       0       0       0       0       0       000010200D   3689
     123       0       0       1       0                               0D   3690
     110    3588       0       0       0       0       0       000010000D   3691
     110       0       0       2       0                               0D   3692
     110    3590       0       0       0       0       0       000010000D   3693
     110       0       0       2       0                               0D   3694
     110    3592       0       0       0       0       0       000010000D   3695
     110       0       0       2       0                               0D   3696
     508    3594       0       0       0       0       0       000010000D   3697
     508       0       0       1       1                               0D   3698
     510    3595       0       0       0       0       0       000010001D   3699
     510       0       0       1       1                               0D   3700
     116    3596       0       0       0       0       0       000010000D   3701
     116       0       0       1       0                               0D   3702
     123    3597       0       0       0       0       0       000010200D   3703
     123       0       0       1       0                               0D   3704
     190    3598       0       0       0       0       0       000010000D   3705
     190       0       0       1       1                               0D   3706
     123    3599       0       0       0       0       0       000010200D   3707
     123       0       0       1       0                               0D   3708
     110    3600       0       0       0       0       0       000010000D   3709
     110       0       0       2       0                               0D   3710
     110    3602       0       0       0       0       0       000010000D   3711
     110       0       0       1       0                               0D   3712
     110    3603       0       0       0       0       0       000010000D   3713
     110       0       0       1       0                               0D   3714
     508    3604       0       0       0       0       0       000010000D   3715
     508       0       0       1       1                               0D   3716
     508    3605       0       0       0       0       0       000010000D   3717
     508       0       0       1       1                               0D   3718
     508    3606       0       0       0       0       0       000010000D   3719
     508       0       0       1       1                               0D   3720
     508    3607       0       0       0       0       0       000010000D   3721
     508       0       0       1       1                               0D   3722
     508    3608       0       0       0       0       0       000010000D   3723
     508       0       0       1       1                               0D   3724
     508    3609       0       0       0       0       0       000010000D   3725
     508       0       0       1       1                               0D   3726
     508    3610       0       0       0       0       0       000010000D   3727
     508       0       0       1       1                               0D   3728
     508    3611       0       0       0       0       0       000010000D   3729
     508       0       0       1       1                               0D   3730
     508    3612       0       0       0       0       0       000010000D   3731
     508       0       0       1       1                               0D   3732
     508    3613       0       0       0       0       0       000010000D   3733
     508       0       0       1       1                               0D   3734
     510    3614       0       0       0       0       0       000010001D   3735
     510       0       0       1       1                               0D   3736
     116    3615       0       0       0       0       0       000010000D   3737
     116       0       0       1       0                               0D   3738
     123    3616       0       0       0       0       0       000010200D   3739
     123       0       0       1       0                               0D   3740
     192    3617       0       0       0       0       0       000010000D   3741
     192       0       0       1       1                               0D   3742
     123    3618       0       0       0       0       0       000010200D   3743
     123       0       0       1       0                               0D   3744
     100    3619       0       0       0       0    3747       000010000D   3745
     100       0       0       2       0                               0D   3746
     124    3621       0       0       0       0       0       000000000D   3747
     124       0       0       2       0                               0D   3748
     110    3623       0       0       0       0       0       000010000D   3749
     110       0       0       1       0                               0D   3750
     100    3624       0       0       0       0    3753       000010000D   3751
     100       0       0       1       0                               0D   3752
     124    3625       0       0       0       0       0       000000000D   3753
     124       0       0       2       0                               0D   3754
     508    3627       0       0       0       0       0       000010000D   3755
     508       0       0       1       1                               0D   3756
     510    3628       0       0       0       0       0       000010001D   3757
     510       0       0       1       1                               0D   3758
     116    3629       0       0       0       0       0       000010000D   3759
     116       0       0       1       0                               0D   3760
     123    3630       0       0       0       0       0       000010200D   3761
     123       0       0       1       0                               0D   3762
     190    3631       0       0       0       0       0       000010000D   3763
     190       0       0       1       1                               0D   3764
     123    3632       0       0       0       0       0       000010200D   3765
     123       0       0       1       0                               0D   3766
     110    3633       0       0       0       0       0       000010000D   3767
     110       0       0       2       0                               0D   3768
     110    3635       0       0       0       0       0       000010000D   3769
     110       0       0       1       0                               0D   3770
     110    3636       0       0       0       0       0       000010000D   3771
     110       0       0       1       0                               0D   3772
     508    3637       0       0       0       0       0       000010000D   3773
     508       0       0       1       1                               0D   3774
     508    3638       0       0       0       0       0       000010000D   3775
     508       0       0       1       1                               0D   3776
     508    3639       0       0       0       0       0       000010000D   3777
     508       0       0       1       1                               0D   3778
     510    3640       0       0       0       0       0       000010001D   3779
     510       0       0       1       1                               0D   3780
     116    3641       0       0       0       0       0       000010000D   3781
     116       0       0       1       0                               0D   3782
     123    3642       0       0       0       0       0       000010200D   3783
     123       0       0       1       0                               0D   3784
     192    3643       0       0       0       0       0       000010000D   3785
     192       0       0       1       1                               0D   3786
     123    3644       0       0       0       0       0       000010200D   3787
     123       0       0       1       0                               0D   3788
     100    3645       0       0       0       0    3791       000010000D   3789
     100       0       0       2       0                               0D   3790
     124    3647       0       0       0       0       0       000000000D   3791
     124       0       0       2       0                               0D   3792
     100    3649       0       0       0       0    3795       000010000D   3793
     100       0       0       1       0                               0D   3794
     124    3650       0       0       0       0       0       000000000D   3795
     124       0       0       2       0                               0D   3796
     508    3652       0       0       0       0       0       000010000D   3797
     508       0       0       1       1                               0D   3798
     510    3653       0       0       0       0       0       000010001D   3799
     510       0       0       1       1                               0D   3800
     116    3654       0       0       0       0       0       000010000D   3801
     116       0       0       1       0                               0D   3802
     123    3655       0       0       0       0       0       000010200D   3803
     123       0       0       1       0                               0D   3804
     190    3656       0       0       0       0       0       000010000D   3805
     190       0       0       1       1                               0D   3806
     123    3657       0       0       0       0       0       000010200D   3807
     123       0       0       1       0                               0D   3808
     110    3658       0       0       0       0       0       000010000D   3809
     110       0       0       1       0                               0D   3810
     508    3659       0       0       0       0       0       000010000D   3811
     508       0       0       2       1                               0D   3812
     510    3661       0       0       0       0       0       000010001D   3813
     510       0       0       1       1                               0D   3814
     116    3662       0       0       0       0       0       000010000D   3815
     116       0       0       2       0                               0D   3816
     123    3664       0       0       0       0       0       000010200D   3817
     123       0       0       1       0                               0D   3818
     190    3665       0       0       0       0       0       000010000D   3819
     190       0       0       1       1                               0D   3820
     123    3666       0       0       0       0       0       000010200D   3821
     123       0       0       1       0                               0D   3822
     110    3667       0       0       0       0       0       000010000D   3823
     110       0       0       2       0                               0D   3824
     508    3669       0       0       0       0       0       000010000D   3825
     508       0       0       2       1                               0D   3826
     510    3671       0       0       0       0       0       000010001D   3827
     510       0       0       1       1                               0D   3828
     116    3672       0       0       0       0       0       000010000D   3829
     116       0       0       1       0                               0D   3830
     123    3673       0       0       0       0       0       000010200D   3831
     123       0       0       1       0                               0D   3832
     190    3674       0       0       0       0       0       000010000D   3833
     190       0       0       1       1                               0D   3834
     123    3675       0       0       0       0       0       000010200D   3835
     123       0       0       1       0                               0D   3836
     110    3676       0       0       0       0       0       000010000D   3837
     110       0       0       1       0                               0D   3838
     508    3677       0       0       0       0       0       000010000D   3839
     508       0       0       1       1                               0D   3840
     510    3678       0       0       0       0       0       000010001D   3841
     510       0       0       1       1                               0D   3842
     116    3679       0       0       0       0       0       000010000D   3843
     116       0       0       1       0                               0D   3844
     123    3680       0       0       0       0       0       000010200D   3845
     123       0       0       1       0                               0D   3846
     190    3681       0       0       0       0       0       000010000D   3847
     190       0       0       1       1                               0D   3848
     123    3682       0       0       0       0       0       000010200D   3849
     123       0       0       1       0                               0D   3850
     110    3683       0       0       0       0       0       000010000D   3851
     110       0       0       1       0                               0D   3852
     508    3684       0       0       0       0       0       000010000D   3853
     508       0       0       1       1                               0D   3854
     510    3685       0       0       0       0       0       000010001D   3855
     510       0       0       1       1                               0D   3856
     116    3686       0       0       0       0       0       000010000D   3857
     116       0       0       1       0                               0D   3858
     123    3687       0       0       0       0       0       000010200D   3859
     123       0       0       1       0                               0D   3860
     190    3688       0       0       0       0       0       000010000D   3861
     190       0       0       1       1                               0D   3862
     123    3689       0       0       0       0       0       000010200D   3863
     123       0       0       1       0                               0D   3864
     110    3690       0       0       0       0       0       000010000D   3865
     110       0       0       1       0                               0D   3866
     508    3691       0       0       0       0       0       000010000D   3867
     508       0       0       1       1                               0D   3868
     510    3692       0       0       0       0       0       000010001D   3869
     510       0       0       1       1                               0D   3870
     116    3693       0       0       0       0       0       000010000D   3871
     116       0       0       1       0                               0D   3872
     123    3694       0       0       0       0       0       000010200D   3873
     123       0       0       1       0                               0D   3874
     192    3695       0       0       0       0       0       000010000D   3875
     192       0       0       1       1                               0D   3876
     123    3696       0       0       0       0       0       000010200D   3877
     123       0       0       1       0                               0D   3878
     110    3697       0       0       0       0       0       000010000D   3879
     110       0       0       1       0                               0D   3880
     508    3698       0       0       0       0       0       000010000D   3881
     508       0       0       1       1                               0D   3882
     510    3699       0       0       0       0       0       000010001D   3883
     510       0       0       1       1                               0D   3884
     116    3700       0       0       0       0       0       000010000D   3885
     116       0       0       1       0                               0D   3886
     123    3701       0       0       0       0       0       000010200D   3887
     123       0       0       1       0                               0D   3888
     190    3702       0       0       0       0       0       000010000D   3889
     190       0       0       1       1                               0D   3890
     123    3703       0       0       0       0       0       000010200D   3891
     123       0       0       1       0                               0D   3892
     110    3704       0       0       0       0       0       000010000D   3893
     110       0       0       1       0                               0D   3894
     508    3705       0       0       0       0       0       000010000D   3895
     508       0       0       1       1                               0D   3896
     510    3706       0       0       0       0       0       000010001D   3897
     510       0       0       1       1                               0D   3898
     116    3707       0       0       0       0       0       000010000D   3899
     116       0       0       1       0                               0D   3900
     123    3708       0       0       0       0       0       000010200D   3901
     123       0       0       1       0                               0D   3902
     192    3709       0       0       0       0       0       000010000D   3903
     192       0       0       1       1                               0D   3904
     123    3710       0       0       0       0       0       000010200D   3905
     123       0       0       1       0                               0D   3906
     110    3711       0       0       0       0       0       000010000D   3907
     110       0       0       1       0                               0D   3908
     508    3712       0       0       0       0       0       000010000D   3909
     508       0       0       1       1                               0D   3910
     510    3713       0       0       0       0       0       000010001D   3911
     510       0       0       1       1                               0D   3912
     116    3714       0       0       0       0       0       000010000D   3913
     116       0       0       1       0                               0D   3914
     123    3715       0       0       0       0       0       000010200D   3915
     123       0       0       1       0                               0D   3916
     190    3716       0       0       0       0       0       000010000D   3917
     190       0       0       1       1                               0D   3918
     123    3717       0       0       0       0       0       000010200D   3919
     123       0       0       1       0                               0D   3920
     508    3718       0       0       0       0       0       000010000D   3921
     508       0       0       1       1                               0D   3922
     510    3719       0       0       0       0       0       000010001D   3923
     510       0       0       1       1                               0D   3924
     116    3720       0       0       0       0       0       000010000D   3925
     116       0       0       1       0                               0D   3926
     123    3721       0       0       0       0       0       000010200D   3927
     123       0       0       1       0                               0D   3928
     190    3722       0       0       0       0       0       000010000D   3929
     190       0       0       1       1                               0D   3930
     123    3723       0       0       0       0       0       000010200D   3931
     123       0       0       1       0                               0D   3932
     110    3724       0       0       0       0       0       000010000D   3933
     110       0       0       1       0                               0D   3934
     508    3725       0       0       0       0       0       000010000D   3935
     508       0       0       1       1                               0D   3936
     510    3726       0       0       0       0       0       000010001D   3937
     510       0       0       1       1                               0D   3938
     116    3727       0       0       0       0       0       000010000D   3939
     116       0       0       1       0                               0D   3940
     123    3728       0       0       0       0       0       000010200D   3941
     123       0       0       1       0                               0D   3942
     192    3729       0       0       0       0       0       000010000D   3943
     192       0       0       1       1                               0D   3944
     123    3730       0       0       0       0       0       000010200D   3945
     123       0       0       1       0                               0D   3946
     110    3731       0       0       0       0       0       000010000D   3947
     110       0       0       1       0                               0D   3948
     508    3732       0       0       0       0       0       000010000D   3949
     508       0       0       1       1                               0D   3950
     510    3733       0       0       0       0       0       000010001D   3951
     510       0       0       1       1                               0D   3952
     116    3734       0       0       0       0       0       000010000D   3953
     116       0       0       1       0                               0D   3954
     123    3735       0       0       0       0       0       000010200D   3955
     123       0       0       1       0                               0D   3956
     190    3736       0       0       0       0       0       000010000D   3957
     190       0       0       1       1                               0D   3958
     123    3737       0       0       0       0       0       000010200D   3959
     123       0       0       1       0                               0D   3960
     110    3738       0       0       0       0       0       000010000D   3961
     110       0       0       1       0                               0D   3962
     508    3739       0       0       0       0       0       000010000D   3963
     508       0       0       1       1                               0D   3964
     510    3740       0       0       0       0       0       000010001D   3965
     510       0       0       1       1                               0D   3966
     116    3741       0       0       0       0       0       000010000D   3967
     116       0       0       1       0                               0D   3968
     123    3742       0       0       0       0       0       000010200D   3969
     123       0       0       1       0                               0D   3970
     192    3743       0       0       0       0       0       000010000D   3971
     192       0       0       1       1                               0D   3972
     123    3744       0       0       0       0       0       000010200D   3973
     123       0       0       1       0                               0D   3974
     110    3745       0       0       0       0       0       000010000D   3975
     110       0       0       1       0                               0D   3976
     508    3746       0       0       0       0       0       000010000D   3977
     508       0       0       1       1                               0D   3978
     510    3747       0       0       0       0       0       000010001D   3979
     510       0       0       1       1                               0D   3980
     116    3748       0       0       0       0       0       000010000D   3981
     116       0       0       1       0                               0D   3982
     123    3749       0       0       0       0       0       000010200D   3983
     123       0       0       1       0                               0D   3984
     190    3750       0       0       0       0       0       000010000D   3985
     190       0       0       1       1                               0D   3986
     123    3751       0       0       0       0       0       000010200D   3987
     123       0       0       1       0                               0D   3988
     508    3752       0       0       0       0       0       000010000D   3989
     508       0       0       1       1                               0D   3990
     510    3753       0       0       0       0       0       000010001D   3991
     510       0       0       1       1                               0D   3992
     514    3754       0       0       0       0       0       000010000D   3993
     514       0       0      23       1                               0D   3994
     186    3777       0       0       1       0       0       000000000D   3995
     186       0   -3997       1       0                               0D   3996
     314    3778       0       0       0       0       0       000000200D   3997
     314       0       0       2       0                               0D   3998
406,2,0,20H1401K - Vented Panel;                                       1P      1
128,1,8,1,2,0,1,0,0,0,-203.679220908092D0,-203.679220908092D0,         3P      2
-202.57577263223D0,-202.57577263223D0,0.0D0,0.0D0,0.0D0,               3P      3
.091106186954104D0,.091106186954104D0,.182212373908208D0,              3P      4
.182212373908208D0,.273318560862312D0,.273318560862312D0,              3P      5
.364424747816416D0,.364424747816416D0,.364424747816416D0,1.0D0,        3P      6
1.0D0,.707106781186548D0,.707106781186548D0,1.0D0,1.0D0,               3P      7
.707106781186548D0,.707106781186548D0,1.0D0,1.0D0,                     3P      8
.707106781186548D0,.707106781186548D0,1.0D0,1.0D0,                     3P      9
.707106781186548D0,.707106781186548D0,1.0D0,1.0D0,-.379D0,             3P     10
1.267D0,4.88900000000003D0,-.379D0,1.267D0,4.95300000000004D0,         3P     11
-.379D0,1.209D0,4.88900000000003D0,-.379D0,1.209D0,                    3P     12
4.95300000000004D0,-.321D0,1.209D0,4.88900000000003D0,-.321D0,         3P     13
1.209D0,4.95300000000004D0,-.263D0,1.209D0,4.88900000000003D0,         3P     14
-.263D0,1.209D0,4.95300000000004D0,-.263D0,1.267D0,                    3P     15
4.88900000000003D0,-.263D0,1.267D0,4.95300000000004D0,-.263D0,         3P     16
1.325D0,4.88900000000003D0,-.263D0,1.325D0,4.95300000000004D0,         3P     17
-.321D0,1.325D0,4.88900000000003D0,-.321D0,1.325D0,                    3P     18
4.95300000000004D0,-.379D0,1.325D0,4.88900000000003D0,-.379D0,         3P     19
1.325D0,4.95300000000004D0,-.379D0,1.267D0,4.88900000000003D0,         3P     20
-.379D0,1.267D0,4.95300000000004D0,-203.679220908092D0,                3P     21
-202.57577263223D0,0.0D0,.364424747816416D0;                           3P     22
502,408,-.263D0,1.267D0,4.95300000000004D0,-.263D0,1.267D0,            5P     23
4.88900000000004D0,-.379D0,1.267D0,4.95300000000004D0,-.379D0,         5P     24
1.267D0,4.88900000000003D0,-.263D0,-1.233D0,4.95300000000009D0,        5P     25
-.263D0,-1.233D0,4.88900000000009D0,-.379D0,-1.233D0,                  5P     26
4.95300000000009D0,-.379D0,-1.233D0,4.88900000000009D0,-.625D0,        5P     27
2.51699999999999D0,4.62500000000001D0,-.561D0,                         5P     28
2.51699999999999D0,4.62500000000001D0,-.625D0,                         5P     29
2.51699999999999D0,4.40700000000001D0,-.561D0,                         5P     30
2.51699999999999D0,4.40700000000001D0,-.625D0,                         5P     31
1.89199999999999D0,4.62500000000002D0,-.561D0,                         5P     32
1.89199999999999D0,4.62500000000002D0,-.625D0,                         5P     33
1.89199999999999D0,4.40700000000002D0,-.561D0,                         5P     34
1.89199999999999D0,4.40700000000002D0,-.625D0,                         5P     35
1.26699999999999D0,4.62500000000003D0,-.561D0,                         5P     36
1.26699999999999D0,4.62500000000004D0,-.625D0,                         5P     37
1.26699999999999D0,4.40700000000004D0,-.561D0,                         5P     38
1.26699999999999D0,4.40700000000004D0,-.625D0,                         5P     39
.641999999999992D0,4.62500000000005D0,-.561D0,                         5P     40
.641999999999992D0,4.62500000000005D0,-.625D0,                         5P     41
.641999999999987D0,4.40700000000005D0,-.561D0,                         5P     42
.641999999999987D0,4.40700000000005D0,-.625D0,                         5P     43
1.69999999999917D-2,4.62500000000006D0,-.561D0,                        5P     44
1.69999999999917D-2,4.62500000000006D0,-.625D0,                        5P     45
1.69999999999869D-2,4.40700000000006D0,-.561D0,                        5P     46
1.69999999999869D-2,4.40700000000006D0,-.625D0,                        5P     47
-.608000000000009D0,4.62500000000008D0,-.561D0,                        5P     48
-.608000000000009D0,4.62500000000008D0,-.625D0,                        5P     49
-.608000000000013D0,4.40700000000008D0,-.561D0,                        5P     50
-.608000000000013D0,4.40700000000008D0,-.625D0,                        5P     51
-1.23300000000001D0,4.62500000000009D0,-.561D0,                        5P     52
-1.23300000000001D0,4.62500000000009D0,-.625D0,                        5P     53
-1.23300000000001D0,4.40700000000009D0,-.561D0,                        5P     54
-1.23300000000001D0,4.40700000000009D0,-.625D0,                        5P     55
-1.85800000000001D0,4.6250000000001D0,-.561D0,                         5P     56
-1.85800000000001D0,4.6250000000001D0,-.625D0,                         5P     57
-1.85800000000001D0,4.4070000000001D0,-.561D0,                         5P     58
-1.85800000000001D0,4.4070000000001D0,-.625D0,                         5P     59
-2.48300000000001D0,4.62500000000012D0,-.561D0,                        5P     60
-2.48300000000001D0,4.62500000000012D0,-.625D0,                        5P     61
-2.48300000000001D0,4.40700000000012D0,-.561D0,                        5P     62
-2.48300000000001D0,4.40700000000012D0,-.263D0,1.267D0,                5P     63
-4.95300000000004D0,-.263D0,1.267D0,-4.88900000000004D0,-.379D0,       5P     64
1.267D0,-4.95300000000004D0,-.379D0,1.267D0,-4.88900000000003D0,       5P     65
-.263D0,-1.233D0,-4.95300000000009D0,-.263D0,-1.233D0,                 5P     66
-4.88900000000009D0,-.379D0,-1.233D0,-4.95300000000009D0,              5P     67
-.379D0,-1.233D0,-4.88900000000009D0,-.625D0,                          5P     68
-1.85800000000001D0,-4.6250000000001D0,-.561D0,                        5P     69
-1.85800000000001D0,-4.6250000000001D0,-.625D0,                        5P     70
-1.85800000000001D0,-4.4070000000001D0,-.561D0,                        5P     71
-1.85800000000001D0,-4.4070000000001D0,-.625D0,                        5P     72
-1.23300000000001D0,-4.62500000000009D0,-.561D0,                       5P     73
-1.23300000000001D0,-4.62500000000009D0,-.625D0,                       5P     74
-1.23300000000001D0,-4.40700000000009D0,-.561D0,                       5P     75
-1.23300000000001D0,-4.40700000000009D0,-.625D0,                       5P     76
-.608000000000009D0,-4.62500000000008D0,-.561D0,                       5P     77
-.608000000000009D0,-4.62500000000008D0,-.625D0,                       5P     78
-.608000000000013D0,-4.40700000000008D0,-.561D0,                       5P     79
-.608000000000013D0,-4.40700000000008D0,-.625D0,                       5P     80
1.69999999999917D-2,-4.62500000000006D0,-.561D0,                       5P     81
1.69999999999917D-2,-4.62500000000006D0,-.625D0,                       5P     82
1.69999999999869D-2,-4.40700000000006D0,-.561D0,                       5P     83
1.69999999999869D-2,-4.40700000000006D0,-.625D0,                       5P     84
.641999999999992D0,-4.62500000000005D0,-.561D0,                        5P     85
.641999999999992D0,-4.62500000000005D0,-.625D0,                        5P     86
.641999999999987D0,-4.40700000000005D0,-.561D0,                        5P     87
.641999999999987D0,-4.40700000000005D0,-.625D0,                        5P     88
1.26699999999999D0,-4.62500000000003D0,-.561D0,                        5P     89
1.26699999999999D0,-4.62500000000004D0,-.625D0,                        5P     90
1.26699999999999D0,-4.40700000000004D0,-.561D0,                        5P     91
1.26699999999999D0,-4.40700000000004D0,-.625D0,                        5P     92
1.89199999999999D0,-4.62500000000002D0,-.561D0,                        5P     93
1.89199999999999D0,-4.62500000000002D0,-.625D0,                        5P     94
1.89199999999999D0,-4.40700000000002D0,-.561D0,                        5P     95
1.89199999999999D0,-4.40700000000002D0,-.625D0,                        5P     96
2.51699999999999D0,-4.62500000000001D0,-.561D0,                        5P     97
2.51699999999999D0,-4.62500000000001D0,-.625D0,                        5P     98
2.51699999999999D0,-4.40700000000001D0,-.561D0,                        5P     99
2.51699999999999D0,-4.40700000000001D0,-.625D0,                        5P    100
-2.48300000000001D0,-4.62500000000012D0,-.561D0,                       5P    101
-2.48300000000001D0,-4.62500000000012D0,-.625D0,                       5P    102
-2.48300000000001D0,-4.40700000000012D0,-.561D0,                       5P    103
-2.48300000000001D0,-4.40700000000012D0,-.064D0,2.515D0,               5P    104
-1.7505D0,-.064D0,2.515D0,-1.6255D0,0.0D0,2.515D0,-1.7505D0,           5P    105
0.0D0,2.515D0,-1.6255D0,-.064D0,1.762D0,-1.7505D0,0.0D0,1.762D0,       5P    106
-1.7505D0,-.064D0,1.762D0,-1.6255D0,0.0D0,1.762D0,-1.6255D0,           5P    107
-.064D0,2.515D0,-2.0005D0,-.064D0,1.762D0,-2.0005D0,0.0D0,             5P    108
2.515D0,-2.0005D0,0.0D0,1.762D0,-2.0005D0,-.064D0,1.762D0,             5P    109
-2.1255D0,0.0D0,1.762D0,-2.1255D0,-.064D0,2.515D0,-2.1255D0,           5P    110
0.0D0,2.515D0,-2.1255D0,-.064D0,2.515D0,-2.5005D0,-.064D0,             5P    111
2.515D0,-2.3755D0,0.0D0,2.515D0,-2.5005D0,0.0D0,2.515D0,               5P    112
-2.3755D0,-.064D0,1.762D0,-2.5005D0,0.0D0,1.762D0,-2.5005D0,           5P    113
-.064D0,1.762D0,-2.3755D0,0.0D0,1.762D0,-2.3755D0,-.064D0,             5P    114
2.515D0,-2.7505D0,-.064D0,1.762D0,-2.7505D0,0.0D0,2.515D0,             5P    115
-2.7505D0,0.0D0,1.762D0,-2.7505D0,-.064D0,1.762D0,-2.8755D0,           5P    116
0.0D0,1.762D0,-2.8755D0,-.064D0,2.515D0,-2.8755D0,0.0D0,2.515D0,       5P    117
-2.8755D0,-.064D0,-1.766D0,-1.7505D0,-.064D0,-1.766D0,-1.6255D0,       5P    118
0.0D0,-1.766D0,-1.7505D0,0.0D0,-1.766D0,-1.6255D0,-.064D0,             5P    119
-2.519D0,-1.7505D0,0.0D0,-2.519D0,-1.7505D0,-.064D0,-2.519D0,          5P    120
-1.6255D0,0.0D0,-2.519D0,-1.6255D0,-.064D0,-1.766D0,-2.0005D0,         5P    121
-.064D0,-2.519D0,-2.0005D0,0.0D0,-1.766D0,-2.0005D0,0.0D0,             5P    122
-2.519D0,-2.0005D0,-.064D0,-2.519D0,-2.1255D0,0.0D0,-2.519D0,          5P    123
-2.1255D0,-.064D0,-1.766D0,-2.1255D0,0.0D0,-1.766D0,-2.1255D0,         5P    124
-.064D0,-1.766D0,-2.8755D0,-.064D0,-1.766D0,-2.7505D0,0.0D0,           5P    125
-1.766D0,-2.8755D0,0.0D0,-1.766D0,-2.7505D0,-.064D0,-2.519D0,          5P    126
-2.8755D0,0.0D0,-2.519D0,-2.8755D0,-.064D0,-2.519D0,-2.7505D0,         5P    127
0.0D0,-2.519D0,-2.7505D0,-.064D0,-1.766D0,-2.3755D0,-.064D0,           5P    128
-2.519D0,-2.3755D0,0.0D0,-1.766D0,-2.3755D0,0.0D0,-2.519D0,            5P    129
-2.3755D0,-.064D0,-2.519D0,-2.5005D0,0.0D0,-2.519D0,-2.5005D0,         5P    130
-.064D0,-1.766D0,-2.5005D0,0.0D0,-1.766D0,-2.5005D0,-.064D0,           5P    131
-1.766D0,-1.2505D0,-.064D0,-2.519D0,-1.2505D0,0.0D0,-1.766D0,          5P    132
-1.2505D0,0.0D0,-2.519D0,-1.2505D0,-.064D0,-2.519D0,-1.3755D0,         5P    133
0.0D0,-2.519D0,-1.3755D0,-.064D0,-1.766D0,-1.3755D0,0.0D0,             5P    134
-1.766D0,-1.3755D0,-.064D0,2.515D0,2.7495D0,-.064D0,2.515D0,           5P    135
2.8745D0,0.0D0,2.515D0,2.7495D0,0.0D0,2.515D0,2.8745D0,-.064D0,        5P    136
1.762D0,2.7495D0,0.0D0,1.762D0,2.7495D0,-.064D0,1.762D0,               5P    137
2.8745D0,0.0D0,1.762D0,2.8745D0,-.064D0,2.515D0,2.4995D0,              5P    138
-.064D0,1.762D0,2.4995D0,0.0D0,2.515D0,2.4995D0,0.0D0,1.762D0,         5P    139
2.4995D0,-.064D0,1.762D0,2.3745D0,0.0D0,1.762D0,2.3745D0,              5P    140
-.064D0,2.515D0,2.3745D0,0.0D0,2.515D0,2.3745D0,-.064D0,2.515D0,       5P    141
1.9995D0,-.064D0,2.515D0,2.1245D0,0.0D0,2.515D0,1.9995D0,0.0D0,        5P    142
2.515D0,2.1245D0,-.064D0,1.762D0,1.9995D0,0.0D0,1.762D0,               5P    143
1.9995D0,-.064D0,1.762D0,2.1245D0,0.0D0,1.762D0,2.1245D0,              5P    144
-.064D0,2.515D0,1.7495D0,-.064D0,1.762D0,1.7495D0,0.0D0,2.515D0,       5P    145
1.7495D0,0.0D0,1.762D0,1.7495D0,-.064D0,1.762D0,1.6245D0,0.0D0,        5P    146
1.762D0,1.6245D0,-.064D0,2.515D0,1.6245D0,0.0D0,2.515D0,               5P    147
1.6245D0,-.064D0,2.515D0,1.2495D0,-.064D0,2.515D0,1.3745D0,            5P    148
0.0D0,2.515D0,1.2495D0,0.0D0,2.515D0,1.3745D0,-.064D0,1.762D0,         5P    149
1.2495D0,0.0D0,1.762D0,1.2495D0,-.064D0,1.762D0,1.3745D0,0.0D0,        5P    150
1.762D0,1.3745D0,-.064D0,2.515D0,.999500000000002D0,-.064D0,           5P    151
1.762D0,.999500000000002D0,0.0D0,2.515D0,.999500000000002D0,           5P    152
0.0D0,1.762D0,.999500000000002D0,-.064D0,1.762D0,                      5P    153
.874500000000002D0,0.0D0,1.762D0,.874500000000002D0,-.064D0,           5P    154
2.515D0,.874500000000002D0,0.0D0,2.515D0,.874500000000002D0,           5P    155
-.064D0,2.515D0,.499500000000002D0,-.064D0,2.515D0,                    5P    156
.624500000000002D0,0.0D0,2.515D0,.499500000000002D0,0.0D0,             5P    157
2.515D0,.624500000000002D0,-.064D0,1.762D0,.499500000000002D0,         5P    158
0.0D0,1.762D0,.499500000000002D0,-.064D0,1.762D0,                      5P    159
.624500000000002D0,0.0D0,1.762D0,.624500000000002D0,-.064D0,           5P    160
2.515D0,.249500000000002D0,-.064D0,1.762D0,.249500000000002D0,         5P    161
0.0D0,2.515D0,.249500000000002D0,0.0D0,1.762D0,                        5P    162
.249500000000002D0,-.064D0,1.762D0,.124500000000002D0,0.0D0,           5P    163
1.762D0,.124500000000002D0,-.064D0,2.515D0,.124500000000002D0,         5P    164
0.0D0,2.515D0,.124500000000002D0,-.064D0,2.515D0,                      5P    165
-.250499999999998D0,-.064D0,2.515D0,-.125499999999998D0,0.0D0,         5P    166
2.515D0,-.250499999999998D0,0.0D0,2.515D0,-.125499999999998D0,         5P    167
-.064D0,1.762D0,-.250499999999998D0,0.0D0,1.762D0,                     5P    168
-.250499999999998D0,-.064D0,1.762D0,-.125499999999998D0,0.0D0,         5P    169
1.762D0,-.125499999999998D0,-.064D0,2.515D0,-.500499999999998D0,       5P    170
-.064D0,1.762D0,-.500499999999998D0,0.0D0,2.515D0,                     5P    171
-.500499999999998D0,0.0D0,1.762D0,-.500499999999998D0,-.064D0,         5P    172
1.762D0,-.625499999999998D0,0.0D0,1.762D0,-.625499999999998D0,         5P    173
-.064D0,2.515D0,-.625499999999998D0,0.0D0,2.515D0,                     5P    174
-.625499999999998D0,-.064D0,2.515D0,-1.0005D0,-.064D0,2.515D0,         5P    175
-.875499999999998D0,0.0D0,2.515D0,-1.0005D0,0.0D0,2.515D0,             5P    176
-.875499999999998D0,-.064D0,1.762D0,-1.0005D0,0.0D0,1.762D0,           5P    177
-1.0005D0,-.064D0,1.762D0,-.875499999999998D0,0.0D0,1.762D0,           5P    178
-.875499999999998D0,-.064D0,2.515D0,-1.2505D0,-.064D0,1.762D0,         5P    179
-1.2505D0,0.0D0,2.515D0,-1.2505D0,0.0D0,1.762D0,-1.2505D0,             5P    180
-.064D0,1.762D0,-1.3755D0,0.0D0,1.762D0,-1.3755D0,-.064D0,             5P    181
2.515D0,-1.3755D0,0.0D0,2.515D0,-1.3755D0,-.064D0,-1.766D0,            5P    182
2.7495D0,-.064D0,-1.766D0,2.8745D0,0.0D0,-1.766D0,2.7495D0,            5P    183
0.0D0,-1.766D0,2.8745D0,-.064D0,-2.519D0,2.7495D0,0.0D0,               5P    184
-2.519D0,2.7495D0,-.064D0,-2.519D0,2.8745D0,0.0D0,-2.519D0,            5P    185
2.8745D0,-.064D0,-1.766D0,2.4995D0,-.064D0,-2.519D0,2.4995D0,          5P    186
0.0D0,-1.766D0,2.4995D0,0.0D0,-2.519D0,2.4995D0,-.064D0,               5P    187
-2.519D0,2.3745D0,0.0D0,-2.519D0,2.3745D0,-.064D0,-1.766D0,            5P    188
2.3745D0,0.0D0,-1.766D0,2.3745D0,-.064D0,-1.766D0,1.9995D0,            5P    189
-.064D0,-1.766D0,2.1245D0,0.0D0,-1.766D0,1.9995D0,0.0D0,               5P    190
-1.766D0,2.1245D0,-.064D0,-2.519D0,1.9995D0,0.0D0,-2.519D0,            5P    191
1.9995D0,-.064D0,-2.519D0,2.1245D0,0.0D0,-2.519D0,2.1245D0,            5P    192
-.064D0,-1.766D0,1.7495D0,-.064D0,-2.519D0,1.7495D0,0.0D0,             5P    193
-1.766D0,1.7495D0,0.0D0,-2.519D0,1.7495D0,-.064D0,-2.519D0,            5P    194
1.6245D0,0.0D0,-2.519D0,1.6245D0,-.064D0,-1.766D0,1.6245D0,            5P    195
0.0D0,-1.766D0,1.6245D0,-.064D0,-1.766D0,1.2495D0,-.064D0,             5P    196
-1.766D0,1.3745D0,0.0D0,-1.766D0,1.2495D0,0.0D0,-1.766D0,              5P    197
1.3745D0,-.064D0,-2.519D0,1.2495D0,0.0D0,-2.519D0,1.2495D0,            5P    198
-.064D0,-2.519D0,1.3745D0,0.0D0,-2.519D0,1.3745D0,-.064D0,             5P    199
-1.766D0,.999500000000001D0,-.064D0,-2.519D0,.999500000000001D0,       5P    200
0.0D0,-1.766D0,.999500000000001D0,0.0D0,-2.519D0,                      5P    201
.999500000000001D0,-.064D0,-2.519D0,.874500000000001D0,0.0D0,          5P    202
-2.519D0,.874500000000001D0,-.064D0,-1.766D0,.874500000000001D0,       5P    203
0.0D0,-1.766D0,.874500000000001D0,-.064D0,-1.766D0,                    5P    204
.499500000000001D0,-.064D0,-1.766D0,.624500000000001D0,0.0D0,          5P    205
-1.766D0,.499500000000001D0,0.0D0,-1.766D0,.624500000000001D0,         5P    206
-.064D0,-2.519D0,.499500000000001D0,0.0D0,-2.519D0,                    5P    207
.499500000000001D0,-.064D0,-2.519D0,.624500000000001D0,0.0D0,          5P    208
-2.519D0,.624500000000001D0,-.064D0,-1.766D0,.249500000000001D0,       5P    209
-.064D0,-2.519D0,.249500000000001D0,0.0D0,-1.766D0,                    5P    210
.249500000000001D0,0.0D0,-2.519D0,.249500000000001D0,-.064D0,          5P    211
-2.519D0,.124500000000001D0,0.0D0,-2.519D0,.124500000000001D0,         5P    212
-.064D0,-1.766D0,.124500000000001D0,0.0D0,-1.766D0,                    5P    213
.124500000000001D0,-.064D0,-1.766D0,-.250499999999999D0,-.064D0,       5P    214
-1.766D0,-.125499999999999D0,0.0D0,-1.766D0,-.250499999999999D0,       5P    215
0.0D0,-1.766D0,-.125499999999999D0,-.064D0,-2.519D0,                   5P    216
-.250499999999999D0,0.0D0,-2.519D0,-.250499999999999D0,-.064D0,        5P    217
-2.519D0,-.125499999999999D0,0.0D0,-2.519D0,-.125499999999999D0,       5P    218
-.064D0,-1.766D0,-.500499999999999D0,-.064D0,-2.519D0,                 5P    219
-.500499999999999D0,0.0D0,-1.766D0,-.500499999999999D0,0.0D0,          5P    220
-2.519D0,-.500499999999999D0,-.064D0,-2.519D0,                         5P    221
-.625499999999999D0,0.0D0,-2.519D0,-.625499999999999D0,-.064D0,        5P    222
-1.766D0,-.625499999999999D0,0.0D0,-1.766D0,-.625499999999999D0,       5P    223
-.064D0,-1.766D0,-1.0005D0,-.064D0,-1.766D0,-.875499999999999D0,       5P    224
0.0D0,-1.766D0,-1.0005D0,0.0D0,-1.766D0,-.875499999999999D0,           5P    225
-.064D0,-2.519D0,-1.0005D0,0.0D0,-2.519D0,-1.0005D0,-.064D0,           5P    226
-2.519D0,-.875499999999999D0,0.0D0,-2.519D0,-.875499999999999D0,       5P    227
-.064D0,-2.733D0,-4.85700000000012D0,-.096D0,-2.733D0,                 5P    228
-4.88900000000012D0,-.064D0,2.767D0,-4.857D0,-.096D0,2.767D0,          5P    229
-4.889D0,-.529D0,-2.733D0,-4.88900000000012D0,-.529D0,2.767D0,         5P    230
-4.889D0,-.561D0,-2.733D0,-4.85700000000012D0,-.561D0,2.767D0,         5P    231
-4.857D0,-.561D0,-2.73300000000002D0,-4.32800000000012D0,              5P    232
-.561D0,2.76699999999999D0,-4.328D0,-.625D0,-2.73300000000002D0,       5P    233
-4.32800000000012D0,-.625D0,2.76699999999999D0,-4.328D0,-.625D0,       5P    234
-2.733D0,-4.85700000000012D0,-.625D0,2.767D0,-4.857D0,-.529D0,         5P    235
-2.733D0,-4.95300000000012D0,-.529D0,2.767D0,-4.953D0,-.096D0,         5P    236
-2.733D0,-4.95300000000012D0,-.096D0,2.767D0,-4.953D0,0.0D0,           5P    237
-2.733D0,-4.85700000000012D0,0.0D0,2.767D0,-4.857D0,0.0D0,             5P    238
-2.797D0,-4.857D0,-.064D0,-2.797D0,-4.857D0,-.064D0,2.797D0,           5P    239
-4.857D0,0.0D0,2.797D0,-4.857D0,0.0D0,-2.797D0,4.857D0,0.0D0,          5P    240
-2.733D0,4.85700000000012D0,0.0D0,-2.797D0,4.953D0,0.0D0,              5P    241
-3.203D0,4.547D0,0.0D0,-3.203D0,-4.547D0,0.0D0,-2.797D0,               5P    242
-4.953D0,0.0D0,2.797D0,-4.953D0,0.0D0,3.203D0,-4.547D0,0.0D0,          5P    243
3.203D0,4.547D0,0.0D0,2.797D0,4.953D0,0.0D0,2.797D0,4.857D0,           5P    244
0.0D0,2.767D0,4.857D0,-.064D0,2.797D0,4.857D0,-.064D0,2.767D0,         5P    245
4.857D0,-.064D0,2.797D0,4.953D0,-.064D0,3.203D0,4.547D0,-.064D0,       5P    246
3.203D0,-4.547D0,-.064D0,2.797D0,-4.953D0,-.064D0,-2.797D0,            5P    247
-4.953D0,-.064D0,-3.203D0,-4.547D0,-.064D0,-3.203D0,4.547D0,           5P    248
-.064D0,-2.797D0,4.953D0,-.064D0,-2.797D0,4.857D0,-.064D0,             5P    249
-2.733D0,4.85700000000012D0,-.096D0,-2.733D0,4.88900000000012D0,       5P    250
-.096D0,2.767D0,4.889D0,-.529D0,-2.733D0,4.88900000000012D0,           5P    251
-.529D0,2.767D0,4.889D0,-.561D0,-2.733D0,4.85700000000012D0,           5P    252
-.561D0,2.767D0,4.857D0,-.561D0,-2.73300000000002D0,                   5P    253
4.32800000000012D0,-.561D0,2.76699999999999D0,4.328D0,-.625D0,         5P    254
-2.73300000000002D0,4.32800000000012D0,-.625D0,                        5P    255
2.76699999999999D0,4.328D0,-.625D0,-2.733D0,4.85700000000012D0,        5P    256
-.625D0,2.767D0,4.857D0,-.529D0,-2.733D0,4.95300000000012D0,           5P    257
-.529D0,2.767D0,4.953D0,-.096D0,-2.733D0,4.95300000000012D0,           5P    258
-.096D0,2.767D0,4.953D0;                                               5P    259
110,-.263D0,1.267D0,4.95300000000004D0,-.263D0,1.267D0,                7P    260
4.88900000000004D0;                                                    7P    261
504,616,7,5,1,5,2,11,5,3,5,1,15,5,3,5,4,17,5,2,5,4,27,5,5,5,6,         9P    262
29,5,7,5,5,33,5,7,5,8,35,5,6,5,8,45,5,9,5,10,47,5,11,5,9,51,5,         9P    263
11,5,12,53,5,10,5,12,63,5,13,5,14,65,5,15,5,13,69,5,15,5,16,71,        9P    264
5,14,5,16,81,5,17,5,18,83,5,19,5,17,87,5,19,5,20,89,5,18,5,20,         9P    265
99,5,21,5,22,101,5,23,5,21,105,5,23,5,24,107,5,22,5,24,117,5,25,       9P    266
5,26,119,5,27,5,25,123,5,27,5,28,125,5,26,5,28,135,5,29,5,30,          9P    267
137,5,31,5,29,141,5,31,5,32,143,5,30,5,32,153,5,33,5,34,155,5,         9P    268
35,5,33,159,5,35,5,36,161,5,34,5,36,171,5,37,5,38,173,5,39,5,37,       9P    269
177,5,39,5,40,179,5,38,5,40,189,5,41,5,42,191,5,43,5,41,195,5,         9P    270
43,5,44,197,5,42,5,44,211,5,45,5,46,213,5,47,5,45,217,5,47,5,48,       9P    271
219,5,46,5,48,233,5,49,5,50,235,5,51,5,49,239,5,51,5,52,241,5,         9P    272
50,5,52,255,5,53,5,54,257,5,55,5,53,261,5,55,5,56,263,5,54,5,56,       9P    273
277,5,57,5,58,279,5,59,5,57,283,5,59,5,60,285,5,58,5,60,299,5,         9P    274
61,5,62,301,5,63,5,61,305,5,63,5,64,307,5,62,5,64,321,5,65,5,66,       9P    275
323,5,67,5,65,327,5,67,5,68,329,5,66,5,68,343,5,69,5,70,345,5,         9P    276
71,5,69,349,5,71,5,72,351,5,70,5,72,365,5,73,5,74,367,5,75,5,73,       9P    277
371,5,75,5,76,373,5,74,5,76,387,5,77,5,78,389,5,79,5,77,393,5,         9P    278
79,5,80,395,5,78,5,80,409,5,81,5,82,411,5,83,5,81,415,5,83,5,84,       9P    279
417,5,82,5,84,431,5,85,5,86,433,5,87,5,85,437,5,87,5,88,439,5,         9P    280
86,5,88,453,5,89,5,90,457,5,91,5,89,459,5,92,5,91,463,5,92,5,90,       9P    281
477,5,93,5,89,479,5,94,5,93,481,5,91,5,94,493,5,95,5,93,497,5,         9P    282
96,5,95,499,5,94,5,96,515,5,90,5,95,517,5,96,5,92,531,5,97,5,98,       9P    283
533,5,99,5,97,535,5,100,5,99,537,5,100,5,98,549,5,98,5,101,553,        9P    284
5,102,5,100,557,5,102,5,101,571,5,101,5,103,573,5,104,5,102,575,       9P    285
5,104,5,103,587,5,103,5,97,591,5,99,5,104,605,5,105,5,106,609,5,       9P    286
107,5,105,611,5,108,5,107,615,5,108,5,106,629,5,109,5,105,631,5,       9P    287
110,5,109,633,5,107,5,110,645,5,111,5,109,649,5,112,5,111,651,5,       9P    288
110,5,112,667,5,106,5,111,669,5,112,5,108,683,5,113,5,114,685,5,       9P    289
115,5,113,687,5,116,5,115,689,5,116,5,114,701,5,114,5,117,705,5,       9P    290
118,5,116,709,5,118,5,117,723,5,117,5,119,725,5,120,5,118,727,5,       9P    291
120,5,119,739,5,119,5,113,743,5,115,5,120,757,5,121,5,122,761,5,       9P    292
123,5,121,763,5,124,5,123,767,5,124,5,122,781,5,125,5,121,783,5,       9P    293
126,5,125,785,5,123,5,126,797,5,127,5,125,801,5,128,5,127,803,5,       9P    294
126,5,128,819,5,122,5,127,821,5,128,5,124,835,5,129,5,130,837,5,       9P    295
131,5,129,839,5,132,5,131,841,5,132,5,130,853,5,130,5,133,857,5,       9P    296
134,5,132,861,5,134,5,133,875,5,133,5,135,877,5,136,5,134,879,5,       9P    297
136,5,135,891,5,135,5,129,895,5,131,5,136,909,5,137,5,138,913,5,       9P    298
139,5,137,915,5,140,5,139,919,5,140,5,138,933,5,141,5,137,935,5,       9P    299
142,5,141,937,5,139,5,142,949,5,143,5,141,953,5,144,5,143,955,5,       9P    300
142,5,144,971,5,138,5,143,973,5,144,5,140,987,5,145,5,146,989,5,       9P    301
147,5,145,991,5,148,5,147,993,5,148,5,146,1005,5,146,5,149,1009,       9P    302
5,150,5,148,1013,5,150,5,149,1027,5,149,5,151,1029,5,152,5,150,        9P    303
1031,5,152,5,151,1043,5,151,5,145,1047,5,147,5,152,1063,5,153,5,       9P    304
154,1065,5,155,5,153,1067,5,156,5,155,1069,5,156,5,154,1081,5,         9P    305
154,5,157,1085,5,158,5,156,1089,5,158,5,157,1103,5,157,5,159,          9P    306
1105,5,160,5,158,1107,5,160,5,159,1119,5,159,5,153,1123,5,155,5,       9P    307
160,1137,5,161,5,162,1141,5,163,5,161,1143,5,164,5,163,1147,5,         9P    308
164,5,162,1161,5,165,5,161,1163,5,166,5,165,1165,5,163,5,166,          9P    309
1177,5,167,5,165,1181,5,168,5,167,1183,5,166,5,168,1199,5,162,5,       9P    310
167,1201,5,168,5,164,1215,5,169,5,170,1217,5,171,5,169,1219,5,         9P    311
172,5,171,1221,5,172,5,170,1233,5,170,5,173,1237,5,174,5,172,          9P    312
1241,5,174,5,173,1255,5,173,5,175,1257,5,176,5,174,1259,5,176,5,       9P    313
175,1271,5,175,5,169,1275,5,171,5,176,1289,5,177,5,178,1293,5,         9P    314
179,5,177,1295,5,180,5,179,1299,5,180,5,178,1313,5,181,5,177,          9P    315
1315,5,182,5,181,1317,5,179,5,182,1329,5,183,5,181,1333,5,184,5,       9P    316
183,1335,5,182,5,184,1351,5,178,5,183,1353,5,184,5,180,1367,5,         9P    317
185,5,186,1369,5,187,5,185,1371,5,188,5,187,1373,5,188,5,186,          9P    318
1385,5,186,5,189,1389,5,190,5,188,1393,5,190,5,189,1407,5,189,5,       9P    319
191,1409,5,192,5,190,1411,5,192,5,191,1423,5,191,5,185,1427,5,         9P    320
187,5,192,1441,5,193,5,194,1445,5,195,5,193,1447,5,196,5,195,          9P    321
1451,5,196,5,194,1465,5,197,5,193,1467,5,198,5,197,1469,5,195,5,       9P    322
198,1481,5,199,5,197,1485,5,200,5,199,1487,5,198,5,200,1503,5,         9P    323
194,5,199,1505,5,200,5,196,1519,5,201,5,202,1521,5,203,5,201,          9P    324
1523,5,204,5,203,1525,5,204,5,202,1537,5,202,5,205,1541,5,206,5,       9P    325
204,1545,5,206,5,205,1559,5,205,5,207,1561,5,208,5,206,1563,5,         9P    326
208,5,207,1575,5,207,5,201,1579,5,203,5,208,1593,5,209,5,210,          9P    327
1597,5,211,5,209,1599,5,212,5,211,1603,5,212,5,210,1617,5,213,5,       9P    328
209,1619,5,214,5,213,1621,5,211,5,214,1633,5,215,5,213,1637,5,         9P    329
216,5,215,1639,5,214,5,216,1655,5,210,5,215,1657,5,216,5,212,          9P    330
1671,5,217,5,218,1673,5,219,5,217,1675,5,220,5,219,1677,5,220,5,       9P    331
218,1689,5,218,5,221,1693,5,222,5,220,1697,5,222,5,221,1711,5,         9P    332
221,5,223,1713,5,224,5,222,1715,5,224,5,223,1727,5,223,5,217,          9P    333
1731,5,219,5,224,1745,5,225,5,226,1749,5,227,5,225,1751,5,228,5,       9P    334
227,1755,5,228,5,226,1769,5,229,5,225,1771,5,230,5,229,1773,5,         9P    335
227,5,230,1785,5,231,5,229,1789,5,232,5,231,1791,5,230,5,232,          9P    336
1807,5,226,5,231,1809,5,232,5,228,1823,5,233,5,234,1825,5,235,5,       9P    337
233,1827,5,236,5,235,1829,5,236,5,234,1841,5,234,5,237,1845,5,         9P    338
238,5,236,1849,5,238,5,237,1863,5,237,5,239,1865,5,240,5,238,          9P    339
1867,5,240,5,239,1879,5,239,5,233,1883,5,235,5,240,1897,5,241,5,       9P    340
242,1901,5,243,5,241,1903,5,244,5,243,1907,5,244,5,242,1921,5,         9P    341
245,5,241,1923,5,246,5,245,1925,5,243,5,246,1937,5,247,5,245,          9P    342
1941,5,248,5,247,1943,5,246,5,248,1959,5,242,5,247,1961,5,248,5,       9P    343
244,1975,5,249,5,250,1977,5,251,5,249,1979,5,252,5,251,1981,5,         9P    344
252,5,250,1993,5,250,5,253,1997,5,254,5,252,2001,5,254,5,253,          9P    345
2015,5,253,5,255,2017,5,256,5,254,2019,5,256,5,255,2031,5,255,5,       9P    346
249,2035,5,251,5,256,2049,5,257,5,258,2053,5,259,5,257,2055,5,         9P    347
260,5,259,2059,5,260,5,258,2073,5,261,5,257,2075,5,262,5,261,          9P    348
2077,5,259,5,262,2089,5,263,5,261,2093,5,264,5,263,2095,5,262,5,       9P    349
264,2111,5,258,5,263,2113,5,264,5,260,2127,5,265,5,266,2129,5,         9P    350
267,5,265,2131,5,268,5,267,2133,5,268,5,266,2145,5,266,5,269,          9P    351
2149,5,270,5,268,2153,5,270,5,269,2167,5,269,5,271,2169,5,272,5,       9P    352
270,2171,5,272,5,271,2183,5,271,5,265,2187,5,267,5,272,2201,5,         9P    353
273,5,274,2205,5,275,5,273,2207,5,276,5,275,2211,5,276,5,274,          9P    354
2225,5,277,5,273,2227,5,278,5,277,2229,5,275,5,278,2241,5,279,5,       9P    355
277,2245,5,280,5,279,2247,5,278,5,280,2263,5,274,5,279,2265,5,         9P    356
280,5,276,2279,5,281,5,282,2281,5,283,5,281,2283,5,284,5,283,          9P    357
2285,5,284,5,282,2297,5,282,5,285,2301,5,286,5,284,2305,5,286,5,       9P    358
285,2319,5,285,5,287,2321,5,288,5,286,2323,5,288,5,287,2335,5,         9P    359
287,5,281,2339,5,283,5,288,2353,5,289,5,290,2357,5,291,5,289,          9P    360
2359,5,292,5,291,2363,5,292,5,290,2377,5,293,5,289,2379,5,294,5,       9P    361
293,2381,5,291,5,294,2393,5,295,5,293,2397,5,296,5,295,2399,5,         9P    362
294,5,296,2415,5,290,5,295,2417,5,296,5,292,2431,5,297,5,298,          9P    363
2433,5,299,5,297,2435,5,300,5,299,2437,5,300,5,298,2449,5,298,5,       9P    364
301,2453,5,302,5,300,2457,5,302,5,301,2471,5,301,5,303,2473,5,         9P    365
304,5,302,2475,5,304,5,303,2487,5,303,5,297,2491,5,299,5,304,          9P    366
2505,5,305,5,306,2509,5,307,5,305,2511,5,308,5,307,2515,5,308,5,       9P    367
306,2529,5,309,5,305,2531,5,310,5,309,2533,5,307,5,310,2545,5,         9P    368
311,5,309,2549,5,312,5,311,2551,5,310,5,312,2567,5,306,5,311,          9P    369
2569,5,312,5,308,2583,5,313,5,314,2585,5,315,5,313,2587,5,316,5,       9P    370
315,2589,5,316,5,314,2601,5,314,5,317,2605,5,318,5,316,2609,5,         9P    371
318,5,317,2623,5,317,5,319,2625,5,320,5,318,2627,5,320,5,319,          9P    372
2639,5,319,5,313,2643,5,315,5,320,2657,5,321,5,322,2661,5,323,5,       9P    373
321,2663,5,324,5,323,2667,5,324,5,322,2681,5,325,5,321,2683,5,         9P    374
326,5,325,2685,5,323,5,326,2697,5,327,5,325,2701,5,328,5,327,          9P    375
2703,5,326,5,328,2719,5,322,5,327,2721,5,328,5,324,2735,5,329,5,       9P    376
330,2737,5,331,5,329,2739,5,332,5,331,2741,5,332,5,330,2753,5,         9P    377
330,5,333,2757,5,334,5,332,2761,5,334,5,333,2775,5,333,5,335,          9P    378
2777,5,336,5,334,2779,5,336,5,335,2791,5,335,5,329,2795,5,331,5,       9P    379
336,2809,5,337,5,338,2813,5,339,5,337,2815,5,340,5,339,2819,5,         9P    380
340,5,338,2833,5,341,5,337,2835,5,342,5,341,2837,5,339,5,342,          9P    381
2849,5,343,5,341,2853,5,344,5,343,2855,5,342,5,344,2871,5,338,5,       9P    382
343,2873,5,344,5,340,2885,5,88,5,86,2887,5,85,5,87,2899,5,84,5,        9P    383
82,2901,5,81,5,83,2913,5,80,5,78,2915,5,77,5,79,2927,5,76,5,74,        9P    384
2929,5,73,5,75,2941,5,72,5,70,2943,5,69,5,71,2955,5,68,5,66,           9P    385
2957,5,65,5,67,2969,5,64,5,62,2971,5,61,5,63,2983,5,60,5,58,           9P    386
2985,5,57,5,59,2997,5,56,5,54,2999,5,53,5,55,3011,5,52,5,50,           9P    387
3013,5,49,5,51,3025,5,48,5,46,3027,5,45,5,47,3035,5,345,5,346,         9P    388
3039,5,345,5,347,3041,5,348,5,347,3045,5,348,5,346,3053,5,346,5,       9P    389
349,3055,5,350,5,348,3057,5,350,5,349,3069,5,349,5,351,3073,5,         9P    390
352,5,350,3077,5,352,5,351,3085,5,351,5,353,3087,5,354,5,352,          9P    391
3089,5,354,5,353,3115,5,353,5,355,3117,5,356,5,354,3119,5,356,5,       9P    392
355,3127,5,355,5,357,3129,5,358,5,356,3131,5,358,5,357,3157,5,         9P    393
357,5,359,3161,5,360,5,358,3165,5,360,5,359,3173,5,359,5,361,          9P    394
3175,5,362,5,360,3177,5,362,5,361,3189,5,361,5,363,3193,5,364,5,       9P    395
362,3197,5,364,5,363,3205,5,364,5,347,3213,5,345,5,363,3227,5,         9P    396
363,5,365,3229,5,365,5,366,3231,5,366,5,345,3245,5,347,5,367,          9P    397
3247,5,368,5,367,3249,5,368,5,364,3257,5,44,5,42,3259,5,41,5,43,       9P    398
3267,5,40,5,38,3269,5,37,5,39,3277,5,36,5,34,3279,5,33,5,35,           9P    399
3287,5,32,5,30,3289,5,29,5,31,3297,5,28,5,26,3299,5,25,5,27,           9P    400
3307,5,24,5,22,3309,5,21,5,23,3317,5,20,5,18,3319,5,17,5,19,           9P    401
3327,5,16,5,14,3329,5,13,5,15,3337,5,12,5,10,3339,5,9,5,11,3353,       9P    402
5,369,5,370,3355,5,371,5,369,3357,5,372,5,371,3361,5,373,5,372,        9P    403
3363,5,374,5,373,3367,5,365,5,374,3369,5,375,5,368,3371,5,376,5,       9P    404
375,3375,5,377,5,376,3377,5,378,5,377,3381,5,379,5,378,3383,5,         9P    405
380,5,379,3385,5,370,5,380,3463,5,381,5,382,3465,5,383,5,381,          9P    406
3467,5,384,5,383,3471,5,385,5,384,3473,5,386,5,385,3477,5,367,5,       9P    407
386,3479,5,387,5,366,3481,5,388,5,387,3485,5,389,5,388,3487,5,         9P    408
390,5,389,3491,5,391,5,390,3493,5,392,5,391,3495,5,382,5,392,          9P    409
3567,5,8,5,6,3569,5,5,5,7,3577,5,4,5,2,3579,5,1,5,3,3591,5,392,        9P    410
5,393,3595,5,394,5,393,3597,5,394,5,382,3613,5,393,5,395,3615,5,       9P    411
396,5,395,3617,5,396,5,394,3633,5,395,5,397,3637,5,398,5,397,          9P    412
3639,5,398,5,396,3655,5,397,5,399,3657,5,400,5,399,3659,5,400,5,       9P    413
398,3691,5,399,5,401,3693,5,402,5,401,3695,5,402,5,400,3709,5,         9P    414
401,5,403,3711,5,404,5,403,3713,5,404,5,402,3745,5,403,5,405,          9P    415
3749,5,406,5,405,3751,5,406,5,404,3767,5,405,5,407,3769,5,408,5,       9P    416
407,3771,5,408,5,406,3789,5,407,5,370,3793,5,380,5,408,3809,5,         9P    417
382,5,380,3823,5,370,5,392,3837,5,379,5,381,3851,5,369,5,391,          9P    418
3865,5,371,5,390,3879,5,372,5,389,3893,5,373,5,388,3907,5,374,5,       9P    419
387,3933,5,375,5,386,3947,5,376,5,385,3961,5,377,5,384,3975,5,         9P    420
378,5,383;                                                             9P    421
100,0.0D0,0.0D0,0.0D0,-.058D0,7.10295143505465D-18,.058D0,            11P    422
-1.42059028701093D-17;                                                11P    423
124,1.0D0,0.0D0,0.0D0,-.321D0,0.0D0,-1.0D0,0.0D0,1.267D0,0.0D0,       13P    424
0.0D0,-1.0D0,4.95300000000003D0;                                      13P    425
110,-.379D0,1.267D0,4.95300000000004D0,-.379D0,1.267D0,               15P    426
4.88900000000003D0;                                                   15P    427
100,0.0D0,0.0D0,0.0D0,.058D0,-2.20263296240538D-16,-.058D0,           17P    428
2.13088543051639D-17;                                                 17P    429
124,1.0D0,0.0D0,0.0D0,-.321D0,0.0D0,1.0D0,0.0D0,1.267D0,0.0D0,        19P    430
0.0D0,1.0D0,4.88900000000003D0;                                       19P    431
508,4,0,9,1,0,0,0,9,2,0,0,0,9,3,1,0,0,9,4,0,0;                        21P    432
510,3,1,1,21;                                                         23P    433
128,1,8,1,2,0,1,0,0,0,-203.679220908092D0,-203.679220908092D0,        25P    434
-202.57577263223D0,-202.57577263223D0,0.0D0,0.0D0,0.0D0,              25P    435
.091106186954104D0,.091106186954104D0,.182212373908208D0,             25P    436
.182212373908208D0,.273318560862312D0,.273318560862312D0,             25P    437
.364424747816416D0,.364424747816416D0,.364424747816416D0,1.0D0,       25P    438
1.0D0,.707106781186548D0,.707106781186548D0,1.0D0,1.0D0,              25P    439
.707106781186548D0,.707106781186548D0,1.0D0,1.0D0,                    25P    440
.707106781186548D0,.707106781186548D0,1.0D0,1.0D0,                    25P    441
.707106781186548D0,.707106781186548D0,1.0D0,1.0D0,-.379D0,            25P    442
-1.233D0,4.88900000000009D0,-.379D0,-1.233D0,4.95300000000009D0,      25P    443
-.379D0,-1.291D0,4.88900000000009D0,-.379D0,-1.291D0,                 25P    444
4.95300000000009D0,-.321D0,-1.291D0,4.88900000000009D0,-.321D0,       25P    445
-1.291D0,4.95300000000009D0,-.263D0,-1.291D0,4.88900000000009D0,      25P    446
-.263D0,-1.291D0,4.95300000000009D0,-.263D0,-1.233D0,                 25P    447
4.88900000000009D0,-.263D0,-1.233D0,4.95300000000009D0,-.263D0,       25P    448
-1.175D0,4.88900000000009D0,-.263D0,-1.175D0,4.95300000000009D0,      25P    449
-.321D0,-1.175D0,4.88900000000009D0,-.321D0,-1.175D0,                 25P    450
4.95300000000009D0,-.379D0,-1.175D0,4.88900000000009D0,-.379D0,       25P    451
-1.175D0,4.95300000000009D0,-.379D0,-1.233D0,4.88900000000009D0,      25P    452
-.379D0,-1.233D0,4.95300000000009D0,-203.679220908092D0,              25P    453
-202.57577263223D0,0.0D0,.364424747816416D0;                          25P    454
110,-.263D0,-1.233D0,4.95300000000009D0,-.263D0,-1.233D0,             27P    455
4.88900000000009D0;                                                   27P    456
100,0.0D0,0.0D0,0.0D0,-.058D0,-1.98954441935374D-16,.058D0,           29P    457
-1.42059028701093D-17;                                                29P    458
124,1.0D0,0.0D0,0.0D0,-.321D0,0.0D0,-1.0D0,0.0D0,-1.233D0,0.0D0,      31P    459
0.0D0,-1.0D0,4.95300000000009D0;                                      31P    460
110,-.379D0,-1.233D0,4.95300000000009D0,-.379D0,-1.233D0,             33P    461
4.88900000000009D0;                                                   33P    462
100,0.0D0,0.0D0,0.0D0,.058D0,0.0D0,-.058D0,7.10295143505465D-18;      35P    463
124,1.0D0,0.0D0,0.0D0,-.321D0,0.0D0,1.0D0,0.0D0,-1.233D0,0.0D0,       37P    464
0.0D0,1.0D0,4.88900000000009D0;                                       37P    465
508,4,0,9,5,0,0,0,9,6,0,0,0,9,7,1,0,0,9,8,0,0;                        39P    466
510,25,1,1,39;                                                        41P    467
128,1,8,1,2,0,1,0,0,0,-108.379768923572D0,-108.379768923572D0,        43P    468
-107.792612960269D0,-107.792612960269D0,0.0D0,0.0D0,0.0D0,            43P    469
.171216799620644D0,.171216799620644D0,.342433599241287D0,             43P    470
.342433599241287D0,.513650398861931D0,.513650398861931D0,             43P    471
.684867198482575D0,.684867198482575D0,.684867198482575D0,1.0D0,       43P    472
1.0D0,.707106781186548D0,.707106781186548D0,1.0D0,1.0D0,              43P    473
.707106781186548D0,.707106781186548D0,1.0D0,1.0D0,                    43P    474
.707106781186548D0,.707106781186548D0,1.0D0,1.0D0,                    43P    475
.707106781186548D0,.707106781186548D0,1.0D0,1.0D0,-.561D0,            43P    476
2.51699999999999D0,4.40700000000001D0,-.625D0,                        43P    477
2.51699999999999D0,4.40700000000001D0,-.561D0,                        43P    478
2.40799999999999D0,4.40700000000001D0,-.625D0,                        43P    479
2.40799999999999D0,4.40700000000001D0,-.561D0,                        43P    480
2.40799999999999D0,4.51600000000001D0,-.625D0,                        43P    481
2.40799999999999D0,4.51600000000001D0,-.561D0,                        43P    482
2.40799999999999D0,4.62500000000001D0,-.625D0,                        43P    483
2.40799999999999D0,4.62500000000001D0,-.561D0,                        43P    484
2.51699999999999D0,4.62500000000001D0,-.625D0,                        43P    485
2.51699999999999D0,4.62500000000001D0,-.561D0,                        43P    486
2.62599999999999D0,4.62500000000001D0,-.625D0,                        43P    487
2.62599999999999D0,4.62500000000001D0,-.561D0,                        43P    488
2.62599999999999D0,4.51600000000001D0,-.625D0,                        43P    489
2.62599999999999D0,4.51600000000001D0,-.561D0,                        43P    490
2.62599999999999D0,4.40700000000001D0,-.625D0,                        43P    491
2.62599999999999D0,4.40700000000001D0,-.561D0,                        43P    492
2.51699999999999D0,4.40700000000001D0,-.625D0,                        43P    493
2.51699999999999D0,4.40700000000001D0,-108.379768923572D0,            43P    494
-107.792612960269D0,0.0D0,.684867198482575D0;                         43P    495
110,-.625D0,2.51699999999999D0,4.62500000000001D0,-.561D0,            45P    496
2.51699999999999D0,4.62500000000001D0;                                45P    497
100,0.0D0,0.0D0,0.0D0,-.109D0,2.24001194829892D-15,.109D0,            47P    498
-2.73741783714619D-15;                                                47P    499
124,0.0D0,0.0D0,1.0D0,-.624999999999999D0,0.0D0,-1.0D0,0.0D0,         49P    500
2.51699999999999D0,1.0D0,0.0D0,0.0D0,4.51600000000001D0;              49P    501
110,-.625D0,2.51699999999999D0,4.40700000000001D0,-.561D0,            51P    502
2.51699999999999D0,4.40700000000001D0;                                51P    503
100,0.0D0,0.0D0,0.0D0,.109D0,2.22044604925031D-15,-.109D0,            53P    504
-2.21331464807751D-15;                                                53P    505
124,0.0D0,0.0D0,-1.0D0,-.561D0,0.0D0,1.0D0,0.0D0,                     55P    506
2.51699999999999D0,1.0D0,0.0D0,0.0D0,4.51600000000001D0;              55P    507
508,4,0,9,9,0,0,0,9,10,0,0,0,9,11,1,0,0,9,12,0,0;                     57P    508
510,43,1,1,57;                                                        59P    509
128,1,8,1,2,0,1,0,0,0,-108.379768923572D0,-108.379768923572D0,        61P    510
-107.792612960269D0,-107.792612960269D0,0.0D0,0.0D0,0.0D0,            61P    511
.171216799620644D0,.171216799620644D0,.342433599241287D0,             61P    512
.342433599241287D0,.513650398861931D0,.513650398861931D0,             61P    513
.684867198482575D0,.684867198482575D0,.684867198482575D0,1.0D0,       61P    514
1.0D0,.707106781186548D0,.707106781186548D0,1.0D0,1.0D0,              61P    515
.707106781186548D0,.707106781186548D0,1.0D0,1.0D0,                    61P    516
.707106781186548D0,.707106781186548D0,1.0D0,1.0D0,                    61P    517
.707106781186548D0,.707106781186548D0,1.0D0,1.0D0,-.561D0,            61P    518
1.89199999999999D0,4.40700000000002D0,-.625D0,                        61P    519
1.89199999999999D0,4.40700000000002D0,-.561D0,                        61P    520
1.78299999999999D0,4.40700000000002D0,-.625D0,                        61P    521
1.78299999999999D0,4.40700000000002D0,-.561D0,                        61P    522
1.78299999999999D0,4.51600000000002D0,-.625D0,                        61P    523
1.78299999999999D0,4.51600000000002D0,-.561D0,                        61P    524
1.78299999999999D0,4.62500000000002D0,-.625D0,                        61P    525
1.78299999999999D0,4.62500000000002D0,-.561D0,                        61P    526
1.89199999999999D0,4.62500000000002D0,-.625D0,                        61P    527
1.89199999999999D0,4.62500000000002D0,-.561D0,                        61P    528
2.00099999999999D0,4.62500000000002D0,-.625D0,                        61P    529
2.00099999999999D0,4.62500000000002D0,-.561D0,                        61P    530
2.00099999999999D0,4.51600000000002D0,-.625D0,                        61P    531
2.00099999999999D0,4.51600000000002D0,-.561D0,                        61P    532
2.00099999999999D0,4.40700000000002D0,-.625D0,                        61P    533
2.00099999999999D0,4.40700000000002D0,-.561D0,                        61P    534
1.89199999999999D0,4.40700000000002D0,-.625D0,                        61P    535
1.89199999999999D0,4.40700000000002D0,-108.379768923572D0,            61P    536
-107.792612960269D0,0.0D0,.684867198482575D0;                         61P    537
110,-.625D0,1.89199999999999D0,4.62500000000002D0,-.561D0,            63P    538
1.89199999999999D0,4.62500000000002D0;                                63P    539
100,0.0D0,0.0D0,0.0D0,-.109D0,2.43363484379355D-15,.109D0,            65P    540
-2.44698349390425D-15;                                                65P    541
124,0.0D0,0.0D0,1.0D0,-.624999999999999D0,0.0D0,-1.0D0,0.0D0,         67P    542
1.89199999999999D0,1.0D0,0.0D0,0.0D0,4.51600000000002D0;              67P    543
110,-.625D0,1.89199999999999D0,4.40700000000002D0,-.561D0,            69P    544
1.89199999999999D0,4.40700000000002D0;                                69P    545
100,0.0D0,0.0D0,0.0D0,.109D0,2.44249065417534D-15,-.109D0,            71P    546
-2.40693754357213D-15;                                                71P    547
124,0.0D0,0.0D0,-1.0D0,-.561D0,0.0D0,1.0D0,0.0D0,                     73P    548
1.89199999999999D0,1.0D0,0.0D0,0.0D0,4.51600000000002D0;              73P    549
508,4,0,9,13,0,0,0,9,14,0,0,0,9,15,1,0,0,9,16,0,0;                    75P    550
510,61,1,1,75;                                                        77P    551
128,1,8,1,2,0,1,0,0,0,-108.379768923572D0,-108.379768923572D0,        79P    552
-107.792612960269D0,-107.792612960269D0,0.0D0,0.0D0,0.0D0,            79P    553
.171216799620644D0,.171216799620644D0,.342433599241287D0,             79P    554
.342433599241287D0,.513650398861931D0,.513650398861931D0,             79P    555
.684867198482575D0,.684867198482575D0,.684867198482575D0,1.0D0,       79P    556
1.0D0,.707106781186548D0,.707106781186548D0,1.0D0,1.0D0,              79P    557
.707106781186548D0,.707106781186548D0,1.0D0,1.0D0,                    79P    558
.707106781186548D0,.707106781186548D0,1.0D0,1.0D0,                    79P    559
.707106781186548D0,.707106781186548D0,1.0D0,1.0D0,-.561D0,            79P    560
1.26699999999999D0,4.40700000000004D0,-.625D0,                        79P    561
1.26699999999999D0,4.40700000000004D0,-.561D0,                        79P    562
1.15799999999999D0,4.40700000000004D0,-.625D0,                        79P    563
1.15799999999999D0,4.40700000000004D0,-.561D0,                        79P    564
1.15799999999999D0,4.51600000000004D0,-.625D0,                        79P    565
1.15799999999999D0,4.51600000000004D0,-.561D0,                        79P    566
1.15799999999999D0,4.62500000000004D0,-.625D0,                        79P    567
1.15799999999999D0,4.62500000000004D0,-.561D0,                        79P    568
1.26699999999999D0,4.62500000000004D0,-.625D0,                        79P    569
1.26699999999999D0,4.62500000000004D0,-.561D0,                        79P    570
1.37599999999999D0,4.62500000000003D0,-.625D0,                        79P    571
1.37599999999999D0,4.62500000000003D0,-.561D0,                        79P    572
1.37599999999999D0,4.51600000000003D0,-.625D0,                        79P    573
1.37599999999999D0,4.51600000000003D0,-.561D0,                        79P    574
1.37599999999999D0,4.40700000000003D0,-.625D0,                        79P    575
1.37599999999999D0,4.40700000000003D0,-.561D0,                        79P    576
1.26699999999999D0,4.40700000000004D0,-.625D0,                        79P    577
1.26699999999999D0,4.40700000000004D0,-108.379768923572D0,            79P    578
-107.792612960269D0,0.0D0,.684867198482575D0;                         79P    579
110,-.625D0,1.26699999999999D0,4.62500000000003D0,-.561D0,            81P    580
1.26699999999999D0,4.62500000000004D0;                                81P    581
100,0.0D0,0.0D0,0.0D0,-.109D0,2.43363484379355D-15,.109D0,            83P    582
-2.44698349390425D-15;                                                83P    583
124,0.0D0,0.0D0,1.0D0,-.624999999999999D0,0.0D0,-1.0D0,0.0D0,         85P    584
1.26699999999999D0,1.0D0,0.0D0,0.0D0,4.51600000000004D0;              85P    585
110,-.625D0,1.26699999999999D0,4.40700000000004D0,-.561D0,            87P    586
1.26699999999999D0,4.40700000000004D0;                                87P    587
100,0.0D0,0.0D0,0.0D0,.109D0,2.44249065417532D-15,-.109D0,            89P    588
-2.40693754357213D-15;                                                89P    589
124,0.0D0,0.0D0,-1.0D0,-.561D0,0.0D0,1.0D0,0.0D0,                     91P    590
1.26699999999999D0,1.0D0,0.0D0,0.0D0,4.51600000000004D0;              91P    591
508,4,0,9,17,0,0,0,9,18,0,0,0,9,19,1,0,0,9,20,0,0;                    93P    592
510,79,1,1,93;                                                        95P    593
128,1,8,1,2,0,1,0,0,0,-108.379768923572D0,-108.379768923572D0,        97P    594
-107.792612960269D0,-107.792612960269D0,0.0D0,0.0D0,0.0D0,            97P    595
.171216799620644D0,.171216799620644D0,.342433599241287D0,             97P    596
.342433599241287D0,.513650398861931D0,.513650398861931D0,             97P    597
.684867198482575D0,.684867198482575D0,.684867198482575D0,1.0D0,       97P    598
1.0D0,.707106781186548D0,.707106781186548D0,1.0D0,1.0D0,              97P    599
.707106781186548D0,.707106781186548D0,1.0D0,1.0D0,                    97P    600
.707106781186548D0,.707106781186548D0,1.0D0,1.0D0,                    97P    601
.707106781186548D0,.707106781186548D0,1.0D0,1.0D0,-.561D0,            97P    602
.641999999999987D0,4.40700000000005D0,-.625D0,                        97P    603
.641999999999987D0,4.40700000000005D0,-.561D0,                        97P    604
.532999999999987D0,4.40700000000005D0,-.625D0,                        97P    605
.532999999999987D0,4.40700000000005D0,-.561D0,                        97P    606
.532999999999989D0,4.51600000000005D0,-.625D0,                        97P    607
.532999999999989D0,4.51600000000005D0,-.561D0,                        97P    608
.532999999999992D0,4.62500000000005D0,-.625D0,                        97P    609
.532999999999992D0,4.62500000000005D0,-.561D0,                        97P    610
.641999999999992D0,4.62500000000005D0,-.625D0,                        97P    611
.641999999999992D0,4.62500000000005D0,-.561D0,                        97P    612
.750999999999992D0,4.62500000000005D0,-.625D0,                        97P    613
.750999999999992D0,4.62500000000005D0,-.561D0,.75099999999999D0,      97P    614
4.51600000000005D0,-.625D0,.75099999999999D0,4.51600000000005D0,      97P    615
-.561D0,.750999999999987D0,4.40700000000005D0,-.625D0,                97P    616
.750999999999987D0,4.40700000000005D0,-.561D0,                        97P    617
.641999999999987D0,4.40700000000005D0,-.625D0,                        97P    618
.641999999999987D0,4.40700000000005D0,-108.379768923572D0,            97P    619
-107.792612960269D0,0.0D0,.684867198482575D0;                         97P    620
110,-.625D0,.641999999999992D0,4.62500000000005D0,-.561D0,            99P    621
.641999999999992D0,4.62500000000005D0;                                99P    622
100,0.0D0,0.0D0,0.0D0,-.109D0,2.43363484379355D-15,.109D0,           101P    623
-2.44698349390425D-15;                                               101P    624
124,0.0D0,0.0D0,1.0D0,-.624999999999999D0,0.0D0,-1.0D0,0.0D0,        103P    625
.641999999999989D0,1.0D0,0.0D0,0.0D0,4.51600000000005D0;             103P    626
110,-.625D0,.641999999999987D0,4.40700000000005D0,-.561D0,           105P    627
.641999999999987D0,4.40700000000005D0;                               105P    628
100,0.0D0,0.0D0,0.0D0,.109D0,2.33146835171281D-15,-.109D0,           107P    629
-2.31012609582482D-15;                                               107P    630
124,0.0D0,0.0D0,-1.0D0,-.561D0,0.0D0,1.0D0,0.0D0,                    109P    631
.641999999999989D0,1.0D0,0.0D0,0.0D0,4.51600000000005D0;             109P    632
508,4,0,9,21,0,0,0,9,22,0,0,0,9,23,1,0,0,9,24,0,0;                   111P    633
510,97,1,1,111;                                                      113P    634
128,1,8,1,2,0,1,0,0,0,-108.379768923572D0,-108.379768923572D0,       115P    635
-107.792612960269D0,-107.792612960269D0,0.0D0,0.0D0,0.0D0,           115P    636
.171216799620644D0,.171216799620644D0,.342433599241287D0,            115P    637
.342433599241287D0,.513650398861931D0,.513650398861931D0,            115P    638
.684867198482575D0,.684867198482575D0,.684867198482575D0,1.0D0,      115P    639
1.0D0,.707106781186548D0,.707106781186548D0,1.0D0,1.0D0,             115P    640
.707106781186548D0,.707106781186548D0,1.0D0,1.0D0,                   115P    641
.707106781186548D0,.707106781186548D0,1.0D0,1.0D0,                   115P    642
.707106781186548D0,.707106781186548D0,1.0D0,1.0D0,-.561D0,           115P    643
1.69999999999869D-2,4.40700000000006D0,-.625D0,                      115P    644
1.69999999999869D-2,4.40700000000006D0,-.561D0,                      115P    645
-.092000000000013D0,4.40700000000006D0,-.625D0,                      115P    646
-.092000000000013D0,4.40700000000006D0,-.561D0,                      115P    647
-9.20000000000107D-2,4.51600000000006D0,-.625D0,                     115P    648
-9.20000000000107D-2,4.51600000000006D0,-.561D0,                     115P    649
-9.20000000000082D-2,4.62500000000006D0,-.625D0,                     115P    650
-9.20000000000082D-2,4.62500000000006D0,-.561D0,                     115P    651
1.69999999999917D-2,4.62500000000006D0,-.625D0,                      115P    652
1.69999999999917D-2,4.62500000000006D0,-.561D0,                      115P    653
.125999999999992D0,4.62500000000006D0,-.625D0,                       115P    654
.125999999999992D0,4.62500000000006D0,-.561D0,                       115P    655
.125999999999989D0,4.51600000000006D0,-.625D0,                       115P    656
.125999999999989D0,4.51600000000006D0,-.561D0,                       115P    657
.125999999999987D0,4.40700000000006D0,-.625D0,                       115P    658
.125999999999987D0,4.40700000000006D0,-.561D0,                       115P    659
1.69999999999869D-2,4.40700000000006D0,-.625D0,                      115P    660
1.69999999999869D-2,4.40700000000006D0,-108.379768923572D0,          115P    661
-107.792612960269D0,0.0D0,.684867198482575D0;                        115P    662
110,-.625D0,1.69999999999917D-2,4.62500000000006D0,-.561D0,          117P    663
1.69999999999917D-2,4.62500000000006D0;                              117P    664
100,0.0D0,0.0D0,0.0D0,-.109D0,2.38522911991989D-15,.109D0,           119P    665
-2.44698349390425D-15;                                               119P    666
124,0.0D0,0.0D0,1.0D0,-.624999999999999D0,0.0D0,-1.0D0,0.0D0,        121P    667
1.69999999999893D-2,1.0D0,0.0D0,0.0D0,4.51600000000006D0;            121P    668
110,-.625D0,1.69999999999869D-2,4.40700000000006D0,-.561D0,          123P    669
1.69999999999869D-2,4.40700000000006D0;                              123P    670
100,0.0D0,0.0D0,0.0D0,.109D0,2.37657116208823D-15,-.109D0,           125P    671
-2.35853181969848D-15;                                               125P    672
124,0.0D0,0.0D0,-1.0D0,-.561D0,0.0D0,1.0D0,0.0D0,                    127P    673
1.69999999999893D-2,1.0D0,0.0D0,0.0D0,4.51600000000006D0;            127P    674
508,4,0,9,25,0,0,0,9,26,0,0,0,9,27,1,0,0,9,28,0,0;                   129P    675
510,115,1,1,129;                                                     131P    676
128,1,8,1,2,0,1,0,0,0,-108.379768923572D0,-108.379768923572D0,       133P    677
-107.792612960269D0,-107.792612960269D0,0.0D0,0.0D0,0.0D0,           133P    678
.171216799620644D0,.171216799620644D0,.342433599241287D0,            133P    679
.342433599241287D0,.513650398861931D0,.513650398861931D0,            133P    680
.684867198482575D0,.684867198482575D0,.684867198482575D0,1.0D0,      133P    681
1.0D0,.707106781186548D0,.707106781186548D0,1.0D0,1.0D0,             133P    682
.707106781186548D0,.707106781186548D0,1.0D0,1.0D0,                   133P    683
.707106781186548D0,.707106781186548D0,1.0D0,1.0D0,                   133P    684
.707106781186548D0,.707106781186548D0,1.0D0,1.0D0,-.561D0,           133P    685
-.608000000000013D0,4.40700000000008D0,-.625D0,                      133P    686
-.608000000000013D0,4.40700000000008D0,-.561D0,                      133P    687
-.717000000000013D0,4.40700000000008D0,-.625D0,                      133P    688
-.717000000000013D0,4.40700000000008D0,-.561D0,                      133P    689
-.717000000000011D0,4.51600000000008D0,-.625D0,                      133P    690
-.717000000000011D0,4.51600000000008D0,-.561D0,                      133P    691
-.717000000000008D0,4.62500000000008D0,-.625D0,                      133P    692
-.717000000000008D0,4.62500000000008D0,-.561D0,                      133P    693
-.608000000000008D0,4.62500000000008D0,-.625D0,                      133P    694
-.608000000000008D0,4.62500000000008D0,-.561D0,                      133P    695
-.499000000000008D0,4.62500000000007D0,-.625D0,                      133P    696
-.499000000000008D0,4.62500000000007D0,-.561D0,                      133P    697
-.499000000000011D0,4.51600000000007D0,-.625D0,                      133P    698
-.499000000000011D0,4.51600000000007D0,-.561D0,                      133P    699
-.499000000000013D0,4.40700000000007D0,-.625D0,                      133P    700
-.499000000000013D0,4.40700000000007D0,-.561D0,                      133P    701
-.608000000000013D0,4.40700000000008D0,-.625D0,                      133P    702
-.608000000000013D0,4.40700000000008D0,-108.379768923572D0,          133P    703
-107.792612960269D0,0.0D0,.684867198482575D0;                        133P    704
110,-.625D0,-.608000000000009D0,4.62500000000008D0,-.561D0,          135P    705
-.608000000000009D0,4.62500000000008D0;                              135P    706
100,0.0D0,0.0D0,0.0D0,-.109D0,2.43363484379355D-15,.109D0,           137P    707
-2.35017204615694D-15;                                               137P    708
124,0.0D0,0.0D0,1.0D0,-.624999999999999D0,0.0D0,-1.0D0,0.0D0,        139P    709
-.608000000000011D0,1.0D0,0.0D0,0.0D0,4.51600000000008D0;            139P    710
110,-.625D0,-.608000000000013D0,4.40700000000008D0,-.561D0,          141P    711
-.608000000000013D0,4.40700000000008D0;                              141P    712
100,0.0D0,0.0D0,0.0D0,.109D0,2.33146835171283D-15,-.109D0,           143P    713
-2.31012609582482D-15;                                               143P    714
124,0.0D0,0.0D0,-1.0D0,-.561D0,0.0D0,1.0D0,0.0D0,                    145P    715
-.608000000000011D0,1.0D0,0.0D0,0.0D0,4.51600000000008D0;            145P    716
508,4,0,9,29,0,0,0,9,30,0,0,0,9,31,1,0,0,9,32,0,0;                   147P    717
510,133,1,1,147;                                                     149P    718
128,1,8,1,2,0,1,0,0,0,-108.379768923572D0,-108.379768923572D0,       151P    719
-107.792612960269D0,-107.792612960269D0,0.0D0,0.0D0,0.0D0,           151P    720
.171216799620644D0,.171216799620644D0,.342433599241287D0,            151P    721
.342433599241287D0,.513650398861931D0,.513650398861931D0,            151P    722
.684867198482575D0,.684867198482575D0,.684867198482575D0,1.0D0,      151P    723
1.0D0,.707106781186548D0,.707106781186548D0,1.0D0,1.0D0,             151P    724
.707106781186548D0,.707106781186548D0,1.0D0,1.0D0,                   151P    725
.707106781186548D0,.707106781186548D0,1.0D0,1.0D0,                   151P    726
.707106781186548D0,.707106781186548D0,1.0D0,1.0D0,-.561D0,           151P    727
-1.23300000000001D0,4.40700000000009D0,-.625D0,                      151P    728
-1.23300000000001D0,4.40700000000009D0,-.561D0,                      151P    729
-1.34200000000001D0,4.40700000000009D0,-.625D0,                      151P    730
-1.34200000000001D0,4.40700000000009D0,-.561D0,                      151P    731
-1.34200000000001D0,4.51600000000009D0,-.625D0,                      151P    732
-1.34200000000001D0,4.51600000000009D0,-.561D0,                      151P    733
-1.34200000000001D0,4.62500000000009D0,-.625D0,                      151P    734
-1.34200000000001D0,4.62500000000009D0,-.561D0,                      151P    735
-1.23300000000001D0,4.62500000000009D0,-.625D0,                      151P    736
-1.23300000000001D0,4.62500000000009D0,-.561D0,                      151P    737
-1.12400000000001D0,4.62500000000009D0,-.625D0,                      151P    738
-1.12400000000001D0,4.62500000000009D0,-.561D0,                      151P    739
-1.12400000000001D0,4.51600000000009D0,-.625D0,                      151P    740
-1.12400000000001D0,4.51600000000009D0,-.561D0,                      151P    741
-1.12400000000001D0,4.40700000000009D0,-.625D0,                      151P    742
-1.12400000000001D0,4.40700000000009D0,-.561D0,                      151P    743
-1.23300000000001D0,4.40700000000009D0,-.625D0,                      151P    744
-1.23300000000001D0,4.40700000000009D0,-108.379768923572D0,          151P    745
-107.792612960269D0,0.0D0,.684867198482575D0;                        151P    746
110,-.625D0,-1.23300000000001D0,4.62500000000009D0,-.561D0,          153P    747
-1.23300000000001D0,4.62500000000009D0;                              153P    748
100,0.0D0,0.0D0,0.0D0,-.109D0,2.43363484379355D-15,.109D0,           155P    749
-2.44698349390425D-15;                                               155P    750
124,0.0D0,0.0D0,1.0D0,-.624999999999999D0,0.0D0,-1.0D0,0.0D0,        157P    751
-1.23300000000001D0,1.0D0,0.0D0,0.0D0,4.51600000000009D0;            157P    752
110,-.625D0,-1.23300000000001D0,4.40700000000009D0,-.561D0,          159P    753
-1.23300000000001D0,4.40700000000009D0;                              159P    754
100,0.0D0,0.0D0,0.0D0,.109D0,2.44249065417534D-15,-.109D0,           161P    755
-2.40693754357213D-15;                                               161P    756
124,0.0D0,0.0D0,-1.0D0,-.561D0,0.0D0,1.0D0,0.0D0,                    163P    757
-1.23300000000001D0,1.0D0,0.0D0,0.0D0,4.51600000000009D0;            163P    758
508,4,0,9,33,0,0,0,9,34,0,0,0,9,35,1,0,0,9,36,0,0;                   165P    759
510,151,1,1,165;                                                     167P    760
128,1,8,1,2,0,1,0,0,0,-108.379768923572D0,-108.379768923572D0,       169P    761
-107.792612960269D0,-107.792612960269D0,0.0D0,0.0D0,0.0D0,           169P    762
.171216799620644D0,.171216799620644D0,.342433599241287D0,            169P    763
.342433599241287D0,.513650398861931D0,.513650398861931D0,            169P    764
.684867198482575D0,.684867198482575D0,.684867198482575D0,1.0D0,      169P    765
1.0D0,.707106781186548D0,.707106781186548D0,1.0D0,1.0D0,             169P    766
.707106781186548D0,.707106781186548D0,1.0D0,1.0D0,                   169P    767
.707106781186548D0,.707106781186548D0,1.0D0,1.0D0,                   169P    768
.707106781186548D0,.707106781186548D0,1.0D0,1.0D0,-.561D0,           169P    769
-1.85800000000001D0,4.4070000000001D0,-.625D0,                       169P    770
-1.85800000000001D0,4.4070000000001D0,-.561D0,                       169P    771
-1.96700000000001D0,4.40700000000011D0,-.625D0,                      169P    772
-1.96700000000001D0,4.40700000000011D0,-.561D0,                      169P    773
-1.96700000000001D0,4.51600000000011D0,-.625D0,                      169P    774
-1.96700000000001D0,4.51600000000011D0,-.561D0,                      169P    775
-1.96700000000001D0,4.62500000000011D0,-.625D0,                      169P    776
-1.96700000000001D0,4.62500000000011D0,-.561D0,                      169P    777
-1.85800000000001D0,4.6250000000001D0,-.625D0,                       169P    778
-1.85800000000001D0,4.6250000000001D0,-.561D0,                       169P    779
-1.74900000000001D0,4.6250000000001D0,-.625D0,                       169P    780
-1.74900000000001D0,4.6250000000001D0,-.561D0,                       169P    781
-1.74900000000001D0,4.5160000000001D0,-.625D0,                       169P    782
-1.74900000000001D0,4.5160000000001D0,-.561D0,                       169P    783
-1.74900000000001D0,4.4070000000001D0,-.625D0,                       169P    784
-1.74900000000001D0,4.4070000000001D0,-.561D0,                       169P    785
-1.85800000000001D0,4.4070000000001D0,-.625D0,                       169P    786
-1.85800000000001D0,4.4070000000001D0,-108.379768923572D0,           169P    787
-107.792612960269D0,0.0D0,.684867198482575D0;                        169P    788
110,-.625D0,-1.85800000000001D0,4.6250000000001D0,-.561D0,           171P    789
-1.85800000000001D0,4.6250000000001D0;                               171P    790
100,0.0D0,0.0D0,0.0D0,-.109D0,2.43363484379355D-15,.109D0,           173P    791
-2.44698349390425D-15;                                               173P    792
124,0.0D0,0.0D0,1.0D0,-.624999999999999D0,0.0D0,-1.0D0,0.0D0,        175P    793
-1.85800000000001D0,1.0D0,0.0D0,0.0D0,4.5160000000001D0;             175P    794
110,-.625D0,-1.85800000000001D0,4.4070000000001D0,-.561D0,           177P    795
-1.85800000000001D0,4.4070000000001D0;                               177P    796
100,0.0D0,0.0D0,0.0D0,.109D0,2.44249065417534D-15,-.109D0,           179P    797
-2.40693754357213D-15;                                               179P    798
124,0.0D0,0.0D0,-1.0D0,-.561D0,0.0D0,1.0D0,0.0D0,                    181P    799
-1.85800000000001D0,1.0D0,0.0D0,0.0D0,4.5160000000001D0;             181P    800
508,4,0,9,37,0,0,0,9,38,0,0,0,9,39,1,0,0,9,40,0,0;                   183P    801
510,169,1,1,183;                                                     185P    802
128,1,8,1,2,0,1,0,0,0,-108.379768923572D0,-108.379768923572D0,       187P    803
-107.792612960269D0,-107.792612960269D0,0.0D0,0.0D0,0.0D0,           187P    804
.171216799620644D0,.171216799620644D0,.342433599241287D0,            187P    805
.342433599241287D0,.513650398861931D0,.513650398861931D0,            187P    806
.684867198482575D0,.684867198482575D0,.684867198482575D0,1.0D0,      187P    807
1.0D0,.707106781186548D0,.707106781186548D0,1.0D0,1.0D0,             187P    808
.707106781186548D0,.707106781186548D0,1.0D0,1.0D0,                   187P    809
.707106781186548D0,.707106781186548D0,1.0D0,1.0D0,                   187P    810
.707106781186548D0,.707106781186548D0,1.0D0,1.0D0,-.561D0,           187P    811
-2.48300000000001D0,4.40700000000012D0,-.625D0,                      187P    812
-2.48300000000001D0,4.40700000000012D0,-.561D0,                      187P    813
-2.59200000000001D0,4.40700000000012D0,-.625D0,                      187P    814
-2.59200000000001D0,4.40700000000012D0,-.561D0,                      187P    815
-2.59200000000001D0,4.51600000000012D0,-.625D0,                      187P    816
-2.59200000000001D0,4.51600000000012D0,-.561D0,                      187P    817
-2.59200000000001D0,4.62500000000012D0,-.625D0,                      187P    818
-2.59200000000001D0,4.62500000000012D0,-.561D0,                      187P    819
-2.48300000000001D0,4.62500000000012D0,-.625D0,                      187P    820
-2.48300000000001D0,4.62500000000012D0,-.561D0,                      187P    821
-2.37400000000001D0,4.62500000000012D0,-.625D0,                      187P    822
-2.37400000000001D0,4.62500000000012D0,-.561D0,                      187P    823
-2.37400000000001D0,4.51600000000012D0,-.625D0,                      187P    824
-2.37400000000001D0,4.51600000000012D0,-.561D0,                      187P    825
-2.37400000000001D0,4.40700000000012D0,-.625D0,                      187P    826
-2.37400000000001D0,4.40700000000012D0,-.561D0,                      187P    827
-2.48300000000001D0,4.40700000000012D0,-.625D0,                      187P    828
-2.48300000000001D0,4.40700000000012D0,-108.379768923572D0,          187P    829
-107.792612960269D0,0.0D0,.684867198482575D0;                        187P    830
110,-.625D0,-2.48300000000001D0,4.62500000000012D0,-.561D0,          189P    831
-2.48300000000001D0,4.62500000000012D0;                              189P    832
100,0.0D0,0.0D0,0.0D0,-.109D0,2.24001194829892D-15,.109D0,           191P    833
-2.25336059840963D-15;                                               191P    834
124,0.0D0,0.0D0,1.0D0,-.624999999999999D0,0.0D0,-1.0D0,0.0D0,        193P    835
-2.48300000000001D0,1.0D0,0.0D0,0.0D0,4.51600000000012D0;            193P    836
110,-.625D0,-2.48300000000001D0,4.40700000000012D0,-.561D0,          195P    837
-2.48300000000001D0,4.40700000000012D0;                              195P    838
100,0.0D0,0.0D0,0.0D0,.109D0,2.22044604925031D-15,-.109D0,           197P    839
-2.64896616294042D-15;                                               197P    840
124,0.0D0,0.0D0,-1.0D0,-.561D0,0.0D0,1.0D0,0.0D0,                    199P    841
-2.48300000000001D0,1.0D0,0.0D0,0.0D0,4.51600000000012D0;            199P    842
508,4,0,9,41,0,0,0,9,42,0,0,0,9,43,1,0,0,9,44,0,0;                   201P    843
510,187,1,1,201;                                                     203P    844
120,209,207,0.0D0,6.28318530717959D0;                                205P    845
110,-.263000000000001D0,1.26699999999974D0,-4.95620000000003D0,      207P    846
-.263000000000001D0,1.26699999999974D0,-4.88580000000003D0;          207P    847
110,-.321000000000001D0,1.26699999999974D0,-4.95620000000003D0,      209P    848
-.321000000000001D0,1.26699999999974D0,-3.95620000000003D0;          209P    849
110,-.263D0,1.267D0,-4.95300000000004D0,-.263D0,1.267D0,             211P    850
-4.88900000000004D0;                                                 211P    851
100,0.0D0,0.0D0,0.0D0,-.058D0,7.10295143505465D-18,.058D0,           213P    852
-1.42059028701093D-17;                                               213P    853
124,1.0D0,0.0D0,0.0D0,-.321D0,0.0D0,1.0D0,0.0D0,1.267D0,0.0D0,       215P    854
0.0D0,1.0D0,-4.95300000000003D0;                                     215P    855
110,-.379D0,1.267D0,-4.95300000000004D0,-.379D0,1.267D0,             217P    856
-4.88900000000003D0;                                                 217P    857
100,0.0D0,0.0D0,0.0D0,.058D0,2.22044604925031D-16,-.058D0,           219P    858
7.10295143505465D-18;                                                219P    859
124,1.0D0,0.0D0,0.0D0,-.321D0,0.0D0,-1.0D0,0.0D0,1.267D0,0.0D0,      221P    860
0.0D0,-1.0D0,-4.88900000000003D0;                                    221P    861
508,4,0,9,45,0,0,0,9,46,0,0,0,9,47,1,0,0,9,48,0,0;                   223P    862
510,205,1,1,223;                                                     225P    863
120,231,229,0.0D0,6.28318530717959D0;                                227P    864
110,-.263000000000001D0,-1.23300000000026D0,-4.95620000000009D0,     229P    865
-.263000000000001D0,-1.23300000000026D0,-4.88580000000009D0;         229P    866
110,-.321000000000001D0,-1.23300000000026D0,-4.95620000000009D0,     231P    867
-.321000000000001D0,-1.23300000000026D0,-3.95620000000009D0;         231P    868
110,-.263D0,-1.233D0,-4.95300000000009D0,-.263D0,-1.233D0,           233P    869
-4.88900000000009D0;                                                 233P    870
100,0.0D0,0.0D0,0.0D0,-.058D0,2.13160344805484D-16,.058D0,           235P    871
-1.42059028701093D-17;                                               235P    872
124,1.0D0,0.0D0,0.0D0,-.321D0,0.0D0,1.0D0,0.0D0,-1.233D0,0.0D0,      237P    873
0.0D0,1.0D0,-4.95300000000009D0;                                     237P    874
110,-.379D0,-1.233D0,-4.95300000000009D0,-.379D0,-1.233D0,           239P    875
-4.88900000000009D0;                                                 239P    876
100,0.0D0,0.0D0,0.0D0,.058D0,0.0D0,-.058D0,7.10295143505465D-18;     241P    877
124,1.0D0,0.0D0,0.0D0,-.321D0,0.0D0,-1.0D0,0.0D0,-1.233D0,0.0D0,     243P    878
0.0D0,-1.0D0,-4.88900000000009D0;                                    243P    879
508,4,0,9,49,0,0,0,9,50,0,0,0,9,51,1,0,0,9,52,0,0;                   245P    880
510,227,1,1,245;                                                     247P    881
120,253,251,0.0D0,6.28318530717959D0;                                249P    882
110,-.6282D0,-1.85800000000001D0,-4.62500000000011D0,-.5578D0,       251P    883
-1.85800000000001D0,-4.62500000000011D0;                             251P    884
110,-.6282D0,-1.85800000000001D0,-4.51600000000011D0,.3718D0,        253P    885
-1.85800000000001D0,-4.51600000000011D0;                             253P    886
110,-.625D0,-1.85800000000001D0,-4.6250000000001D0,-.561D0,          255P    887
-1.85800000000001D0,-4.6250000000001D0;                              255P    888
100,0.0D0,0.0D0,0.0D0,-.109D0,-2.40693754357213D-15,.109D0,          257P    889
2.39358889346143D-15;                                                257P    890
124,0.0D0,0.0D0,1.0D0,-.624999999999999D0,0.0D0,1.0D0,0.0D0,         259P    891
-1.85800000000001D0,-1.0D0,0.0D0,0.0D0,-4.5160000000001D0;           259P    892
110,-.625D0,-1.85800000000001D0,-4.4070000000001D0,-.561D0,          261P    893
-1.85800000000001D0,-4.4070000000001D0;                              261P    894
100,0.0D0,0.0D0,0.0D0,.109D0,-2.44698349390425D-15,-.109D0,          263P    895
2.36352069626765D-15;                                                263P    896
124,0.0D0,0.0D0,-1.0D0,-.561D0,0.0D0,-1.0D0,0.0D0,                   265P    897
-1.85800000000001D0,-1.0D0,0.0D0,0.0D0,-4.5160000000001D0;           265P    898
508,4,0,9,53,0,0,0,9,54,0,0,0,9,55,1,0,0,9,56,0,0;                   267P    899
510,249,1,1,267;                                                     269P    900
120,275,273,0.0D0,6.28318530717959D0;                                271P    901
110,-.6282D0,-1.23300000000001D0,-4.62500000000009D0,-.5578D0,       273P    902
-1.23300000000001D0,-4.62500000000009D0;                             273P    903
110,-.6282D0,-1.23300000000001D0,-4.51600000000009D0,.3718D0,        275P    904
-1.23300000000001D0,-4.51600000000009D0;                             275P    905
110,-.625D0,-1.23300000000001D0,-4.62500000000009D0,-.561D0,         277P    906
-1.23300000000001D0,-4.62500000000009D0;                             277P    907
100,0.0D0,0.0D0,0.0D0,-.109D0,-2.40693754357213D-15,.109D0,          279P    908
2.39358889346143D-15;                                                279P    909
124,0.0D0,0.0D0,1.0D0,-.624999999999999D0,0.0D0,1.0D0,0.0D0,         281P    910
-1.23300000000001D0,-1.0D0,0.0D0,0.0D0,-4.51600000000009D0;          281P    911
110,-.625D0,-1.23300000000001D0,-4.40700000000009D0,-.561D0,         283P    912
-1.23300000000001D0,-4.40700000000009D0;                             283P    913
100,0.0D0,0.0D0,0.0D0,.109D0,-2.44698349390425D-15,-.109D0,          285P    914
2.36352069626765D-15;                                                285P    915
124,0.0D0,0.0D0,-1.0D0,-.561D0,0.0D0,-1.0D0,0.0D0,                   287P    916
-1.23300000000001D0,-1.0D0,0.0D0,0.0D0,-4.51600000000009D0;          287P    917
508,4,0,9,57,0,0,0,9,58,0,0,0,9,59,1,0,0,9,60,0,0;                   289P    918
510,271,1,1,289;                                                     291P    919
120,297,295,0.0D0,6.28318530717959D0;                                293P    920
110,-.6282D0,-.608000000000011D0,-4.62500000000008D0,-.5578D0,       295P    921
-.608000000000011D0,-4.62500000000008D0;                             295P    922
110,-.6282D0,-.608000000000011D0,-4.51600000000008D0,.3718D0,        297P    923
-.608000000000011D0,-4.51600000000008D0;                             297P    924
110,-.625D0,-.608000000000009D0,-4.62500000000008D0,-.561D0,         299P    925
-.608000000000009D0,-4.62500000000008D0;                             299P    926
100,0.0D0,0.0D0,0.0D0,-.109D0,-2.40693754357213D-15,.109D0,          301P    927
2.29677744571412D-15;                                                301P    928
124,0.0D0,0.0D0,1.0D0,-.624999999999999D0,0.0D0,1.0D0,0.0D0,         303P    929
-.608000000000011D0,-1.0D0,0.0D0,0.0D0,-4.51600000000008D0;          303P    930
110,-.625D0,-.608000000000013D0,-4.40700000000008D0,-.561D0,         305P    931
-.608000000000013D0,-4.40700000000008D0;                             305P    932
100,0.0D0,0.0D0,0.0D0,.109D0,-2.35017204615694D-15,-.109D0,          307P    933
2.36352069626765D-15;                                                307P    934
124,0.0D0,0.0D0,-1.0D0,-.561D0,0.0D0,-1.0D0,0.0D0,                   309P    935
-.608000000000011D0,-1.0D0,0.0D0,0.0D0,-4.51600000000008D0;          309P    936
508,4,0,9,61,0,0,0,9,62,0,0,0,9,63,1,0,0,9,64,0,0;                   311P    937
510,293,1,1,311;                                                     313P    938
120,319,317,0.0D0,6.28318530717959D0;                                315P    939
110,-.6282D0,1.69999999999893D-2,-4.62500000000006D0,-.5578D0,       317P    940
1.69999999999893D-2,-4.62500000000006D0;                             317P    941
110,-.6282D0,1.69999999999893D-2,-4.51600000000006D0,.3718D0,        319P    942
1.69999999999893D-2,-4.51600000000006D0;                             319P    943
110,-.625D0,1.69999999999917D-2,-4.62500000000006D0,-.561D0,         321P    944
1.69999999999917D-2,-4.62500000000006D0;                             321P    945
100,0.0D0,0.0D0,0.0D0,-.109D0,-2.35853181969848D-15,.109D0,          323P    946
2.39358889346143D-15;                                                323P    947
124,0.0D0,0.0D0,1.0D0,-.624999999999999D0,0.0D0,1.0D0,0.0D0,         325P    948
1.69999999999893D-2,-1.0D0,0.0D0,0.0D0,-4.51600000000006D0;          325P    949
110,-.625D0,1.69999999999869D-2,-4.40700000000006D0,-.561D0,         327P    950
1.69999999999869D-2,-4.40700000000006D0;                             327P    951
100,0.0D0,0.0D0,0.0D0,.109D0,-2.44698349390425D-15,-.109D0,          329P    952
2.36352069626765D-15;                                                329P    953
124,0.0D0,0.0D0,-1.0D0,-.561D0,0.0D0,-1.0D0,0.0D0,                   331P    954
1.69999999999893D-2,-1.0D0,0.0D0,0.0D0,-4.51600000000006D0;          331P    955
508,4,0,9,65,0,0,0,9,66,0,0,0,9,67,1,0,0,9,68,0,0;                   333P    956
510,315,1,1,333;                                                     335P    957
120,341,339,0.0D0,6.28318530717959D0;                                337P    958
110,-.6282D0,.641999999999989D0,-4.62500000000005D0,-.5578D0,        339P    959
.641999999999989D0,-4.62500000000005D0;                              339P    960
110,-.6282D0,.641999999999989D0,-4.51600000000005D0,.3718D0,         341P    961
.641999999999989D0,-4.51600000000005D0;                              341P    962
110,-.625D0,.641999999999992D0,-4.62500000000005D0,-.561D0,          343P    963
.641999999999992D0,-4.62500000000005D0;                              343P    964
100,0.0D0,0.0D0,0.0D0,-.109D0,-2.40693754357213D-15,.109D0,          345P    965
2.39358889346143D-15;                                                345P    966
124,0.0D0,0.0D0,1.0D0,-.624999999999999D0,0.0D0,1.0D0,0.0D0,         347P    967
.641999999999989D0,-1.0D0,0.0D0,0.0D0,-4.51600000000005D0;           347P    968
110,-.625D0,.641999999999987D0,-4.40700000000005D0,-.561D0,          349P    969
.641999999999987D0,-4.40700000000005D0;                              349P    970
100,0.0D0,0.0D0,0.0D0,.109D0,-2.35017204615694D-15,-.109D0,          351P    971
2.36352069626765D-15;                                                351P    972
124,0.0D0,0.0D0,-1.0D0,-.561D0,0.0D0,-1.0D0,0.0D0,                   353P    973
.641999999999989D0,-1.0D0,0.0D0,0.0D0,-4.51600000000005D0;           353P    974
508,4,0,9,69,0,0,0,9,70,0,0,0,9,71,1,0,0,9,72,0,0;                   355P    975
510,337,1,1,355;                                                     357P    976
120,363,361,0.0D0,6.28318530717959D0;                                359P    977
110,-.6282D0,1.26699999999999D0,-4.62500000000004D0,-.5578D0,        361P    978
1.26699999999999D0,-4.62500000000004D0;                              361P    979
110,-.6282D0,1.26699999999999D0,-4.51600000000004D0,.3718D0,         363P    980
1.26699999999999D0,-4.51600000000004D0;                              363P    981
110,-.625D0,1.26699999999999D0,-4.62500000000003D0,-.561D0,          365P    982
1.26699999999999D0,-4.62500000000004D0;                              365P    983
100,0.0D0,0.0D0,0.0D0,-.109D0,-2.40693754357213D-15,.109D0,          367P    984
2.39358889346143D-15;                                                367P    985
124,0.0D0,0.0D0,1.0D0,-.624999999999999D0,0.0D0,1.0D0,0.0D0,         369P    986
1.26699999999999D0,-1.0D0,0.0D0,0.0D0,-4.51600000000004D0;           369P    987
110,-.625D0,1.26699999999999D0,-4.40700000000004D0,-.561D0,          371P    988
1.26699999999999D0,-4.40700000000004D0;                              371P    989
100,0.0D0,0.0D0,0.0D0,.109D0,-2.44698349390425D-15,-.109D0,          373P    990
2.36352069626765D-15;                                                373P    991
124,0.0D0,0.0D0,-1.0D0,-.561D0,0.0D0,-1.0D0,0.0D0,                   375P    992
1.26699999999999D0,-1.0D0,0.0D0,0.0D0,-4.51600000000004D0;           375P    993
508,4,0,9,73,0,0,0,9,74,0,0,0,9,75,1,0,0,9,76,0,0;                   377P    994
510,359,1,1,377;                                                     379P    995
120,385,383,0.0D0,6.28318530717959D0;                                381P    996
110,-.6282D0,1.89199999999999D0,-4.62500000000002D0,-.5578D0,        383P    997
1.89199999999999D0,-4.62500000000002D0;                              383P    998
110,-.6282D0,1.89199999999999D0,-4.51600000000002D0,.3718D0,         385P    999
1.89199999999999D0,-4.51600000000002D0;                              385P   1000
110,-.625D0,1.89199999999999D0,-4.62500000000002D0,-.561D0,          387P   1001
1.89199999999999D0,-4.62500000000002D0;                              387P   1002
100,0.0D0,0.0D0,0.0D0,-.109D0,-2.40693754357213D-15,.109D0,          389P   1003
2.39358889346143D-15;                                                389P   1004
124,0.0D0,0.0D0,1.0D0,-.624999999999999D0,0.0D0,1.0D0,0.0D0,         391P   1005
1.89199999999999D0,-1.0D0,0.0D0,0.0D0,-4.51600000000002D0;           391P   1006
110,-.625D0,1.89199999999999D0,-4.40700000000002D0,-.561D0,          393P   1007
1.89199999999999D0,-4.40700000000002D0;                              393P   1008
100,0.0D0,0.0D0,0.0D0,.109D0,-2.44698349390425D-15,-.109D0,          395P   1009
2.36352069626765D-15;                                                395P   1010
124,0.0D0,0.0D0,-1.0D0,-.561D0,0.0D0,-1.0D0,0.0D0,                   397P   1011
1.89199999999999D0,-1.0D0,0.0D0,0.0D0,-4.51600000000002D0;           397P   1012
508,4,0,9,77,0,0,0,9,78,0,0,0,9,79,1,0,0,9,80,0,0;                   399P   1013
510,381,1,1,399;                                                     401P   1014
120,407,405,0.0D0,6.28318530717959D0;                                403P   1015
110,-.6282D0,2.51699999999999D0,-4.62500000000001D0,-.5578D0,        405P   1016
2.51699999999999D0,-4.62500000000001D0;                              405P   1017
110,-.6282D0,2.51699999999999D0,-4.51600000000001D0,.3718D0,         407P   1018
2.51699999999999D0,-4.51600000000001D0;                              407P   1019
110,-.625D0,2.51699999999999D0,-4.62500000000001D0,-.561D0,          409P   1020
2.51699999999999D0,-4.62500000000001D0;                              409P   1021
100,0.0D0,0.0D0,0.0D0,-.109D0,-2.21331464807751D-15,.109D0,          411P   1022
2.68402323670337D-15;                                                411P   1023
124,0.0D0,0.0D0,1.0D0,-.624999999999999D0,0.0D0,1.0D0,0.0D0,         413P   1024
2.51699999999999D0,-1.0D0,0.0D0,0.0D0,-4.51600000000001D0;           413P   1025
110,-.625D0,2.51699999999999D0,-4.40700000000001D0,-.561D0,          415P   1026
2.51699999999999D0,-4.40700000000001D0;                              415P   1027
100,0.0D0,0.0D0,0.0D0,.109D0,-2.25336059840963D-15,-.109D0,          417P   1028
2.36352069626765D-15;                                                417P   1029
124,0.0D0,0.0D0,-1.0D0,-.561D0,0.0D0,-1.0D0,0.0D0,                   419P   1030
2.51699999999999D0,-1.0D0,0.0D0,0.0D0,-4.51600000000001D0;           419P   1031
508,4,0,9,81,0,0,0,9,82,0,0,0,9,83,1,0,0,9,84,0,0;                   421P   1032
510,403,1,1,421;                                                     423P   1033
120,429,427,0.0D0,6.28318530717959D0;                                425P   1034
110,-.6282D0,-2.48300000000001D0,-4.62500000000012D0,-.5578D0,       427P   1035
-2.48300000000001D0,-4.62500000000012D0;                             427P   1036
110,-.6282D0,-2.48300000000001D0,-4.51600000000012D0,.3718D0,        429P   1037
-2.48300000000001D0,-4.51600000000012D0;                             429P   1038
110,-.625D0,-2.48300000000001D0,-4.62500000000012D0,-.561D0,         431P   1039
-2.48300000000001D0,-4.62500000000012D0;                             431P   1040
100,0.0D0,0.0D0,0.0D0,-.109D0,-2.21331464807751D-15,.109D0,          433P   1041
2.1999659979668D-15;                                                 433P   1042
124,0.0D0,0.0D0,1.0D0,-.624999999999999D0,0.0D0,1.0D0,0.0D0,         435P   1043
-2.48300000000001D0,-1.0D0,0.0D0,0.0D0,-4.51600000000012D0;          435P   1044
110,-.625D0,-2.48300000000001D0,-4.40700000000012D0,-.561D0,         437P   1045
-2.48300000000001D0,-4.40700000000012D0;                             437P   1046
100,0.0D0,0.0D0,0.0D0,.109D0,-2.25336059840963D-15,-.109D0,          439P   1047
2.7507664872569D-15;                                                 439P   1048
124,0.0D0,0.0D0,-1.0D0,-.561D0,0.0D0,-1.0D0,0.0D0,                   441P   1049
-2.48300000000001D0,-1.0D0,0.0D0,0.0D0,-4.51600000000012D0;          441P   1050
508,4,0,9,85,0,0,0,9,86,0,0,0,9,87,1,0,0,9,88,0,0;                   443P   1051
510,425,1,1,443;                                                     445P   1052
120,451,449,0.0D0,6.28318530717959D0;                                447P   1053
110,.0032D0,2.515D0,-1.6255D0,-.0672D0,2.515D0,-1.6255D0;            449P   1054
110,.0032D0,2.515D0,-1.688D0,-.9968D0,2.515D0,-1.688D0;              451P   1055
100,0.0D0,0.0D0,0.0D0,-6.24999999999998D-2,1.78401088189492D-15,     453P   1056
6.24999999999998D-2,8.7287033471078D-16;                             453P   1057
124,0.0D0,0.0D0,1.0D0,-.064D0,0.0D0,-1.0D0,0.0D0,2.515D0,1.0D0,      455P   1058
0.0D0,0.0D0,-1.688D0;                                                455P   1059
110,0.0D0,2.515D0,-1.7505D0,-.064D0,2.515D0,-1.7505D0;               457P   1060
100,0.0D0,0.0D0,0.0D0,6.24999999999998D-2,-9.03486504689464D-16,     459P   1061
-6.24999999999998D-2,-1.75339471191623D-15;                          459P   1062
124,0.0D0,0.0D0,-1.0D0,0.0D0,0.0D0,1.0D0,0.0D0,2.515D0,1.0D0,        461P   1063
0.0D0,0.0D0,-1.688D0;                                                461P   1064
110,0.0D0,2.515D0,-1.6255D0,-.064D0,2.515D0,-1.6255D0;               463P   1065
508,4,0,9,89,0,0,0,9,90,0,0,0,9,91,0,0,0,9,92,1,0;                   465P   1066
510,447,1,1,465;                                                     467P   1067
116,0.0D0,1.762D0,-1.7505D0,0;                                       469P   1068
123,0.0D0,0.0D0,1.0D0;                                               471P   1069
190,469,471,475;                                                     473P   1070
123,1.0D0,0.0D0,0.0D0;                                               475P   1071
110,-.064D0,1.762D0,-1.7505D0,-.064D0,2.515D0,-1.7505D0;             477P   1072
110,0.0D0,1.762D0,-1.7505D0,-.064D0,1.762D0,-1.7505D0;               479P   1073
110,0.0D0,2.515D0,-1.7505D0,0.0D0,1.762D0,-1.7505D0;                 481P   1074
508,4,0,9,93,0,0,0,9,94,0,0,0,9,95,0,0,0,9,90,1,0;                   483P   1075
510,473,1,1,483;                                                     485P   1076
120,491,489,0.0D0,6.28318530717959D0;                                487P   1077
110,.0032D0,1.762D0,-1.7505D0,-.0672D0,1.762D0,-1.7505D0;            489P   1078
110,.0032D0,1.762D0,-1.688D0,-.9968D0,1.762D0,-1.688D0;              491P   1079
100,0.0D0,0.0D0,0.0D0,-6.24999999999998D-2,                          493P   1080
-1.10256898213048D-15,6.24999999999998D-2,-1.1255311096145D-15;      493P   1081
124,0.0D0,0.0D0,1.0D0,-.064D0,0.0D0,1.0D0,0.0D0,1.762D0,-1.0D0,      495P   1082
0.0D0,0.0D0,-1.688D0;                                                495P   1083
110,0.0D0,1.762D0,-1.6255D0,-.064D0,1.762D0,-1.6255D0;               497P   1084
100,0.0D0,0.0D0,0.0D0,6.24999999999998D-2,1.11022302462516D-15,      499P   1085
-6.24999999999998D-2,1.11787706711982D-15;                           499P   1086
124,0.0D0,0.0D0,-1.0D0,0.0D0,0.0D0,-1.0D0,0.0D0,1.762D0,-1.0D0,      501P   1087
0.0D0,0.0D0,-1.688D0;                                                501P   1088
508,4,0,9,96,0,0,0,9,97,0,0,0,9,98,0,0,0,9,94,1,0;                   503P   1089
510,487,1,1,503;                                                     505P   1090
116,0.0D0,2.515D0,-1.6255D0,0;                                       507P   1091
123,0.0D0,0.0D0,-1.0D0;                                              509P   1092
190,507,509,513;                                                     511P   1093
123,-1.0D0,0.0D0,0.0D0;                                              513P   1094
110,-.064D0,2.515D0,-1.6255D0,-.064D0,1.762D0,-1.6255D0;             515P   1095
110,0.0D0,1.762D0,-1.6255D0,0.0D0,2.515D0,-1.6255D0;                 517P   1096
508,4,0,9,99,0,0,0,9,92,0,0,0,9,100,0,0,0,9,97,1,0;                  519P   1097
510,511,1,1,519;                                                     521P   1098
116,0.0D0,2.515D0,-2.0005D0,0;                                       523P   1099
123,0.0D0,0.0D0,-1.0D0;                                              525P   1100
190,523,525,529;                                                     527P   1101
123,-1.0D0,0.0D0,0.0D0;                                              529P   1102
110,-.064D0,2.515D0,-2.0005D0,-.064D0,1.762D0,-2.0005D0;             531P   1103
110,0.0D0,2.515D0,-2.0005D0,-.064D0,2.515D0,-2.0005D0;               533P   1104
110,0.0D0,1.762D0,-2.0005D0,0.0D0,2.515D0,-2.0005D0;                 535P   1105
110,0.0D0,1.762D0,-2.0005D0,-.064D0,1.762D0,-2.0005D0;               537P   1106
508,4,0,9,101,0,0,0,9,102,0,0,0,9,103,0,0,0,9,104,1,0;               539P   1107
510,527,1,1,539;                                                     541P   1108
120,547,545,0.0D0,6.28318530717959D0;                                543P   1109
110,.0032D0,1.762D0,-2.1255D0,-.0672D0,1.762D0,-2.1255D0;            545P   1110
110,.0032D0,1.762D0,-2.063D0,-.9968D0,1.762D0,-2.063D0;              547P   1111
100,0.0D0,0.0D0,0.0D0,-6.24999999999998D-2,                          549P   1112
-1.54665819198054D-15,6.24999999999998D-2,-1.56962031946456D-15;     549P   1113
124,0.0D0,0.0D0,1.0D0,-.064D0,0.0D0,1.0D0,0.0D0,1.762D0,-1.0D0,      551P   1114
0.0D0,0.0D0,-2.063D0;                                                551P   1115
100,0.0D0,0.0D0,0.0D0,6.24999999999998D-2,1.55431223447521D-15,      553P   1116
-6.24999999999998D-2,1.56196627696989D-15;                           553P   1117
124,0.0D0,0.0D0,-1.0D0,0.0D0,0.0D0,-1.0D0,0.0D0,1.762D0,-1.0D0,      555P   1118
0.0D0,0.0D0,-2.063D0;                                                555P   1119
110,0.0D0,1.762D0,-2.1255D0,-.064D0,1.762D0,-2.1255D0;               557P   1120
508,4,0,9,105,0,0,0,9,104,0,0,0,9,106,0,0,0,9,107,1,0;               559P   1121
510,543,1,1,559;                                                     561P   1122
116,0.0D0,1.762D0,-2.1255D0,0;                                       563P   1123
123,0.0D0,0.0D0,1.0D0;                                               565P   1124
190,563,565,569;                                                     567P   1125
123,1.0D0,0.0D0,0.0D0;                                               569P   1126
110,-.064D0,1.762D0,-2.1255D0,-.064D0,2.515D0,-2.1255D0;             571P   1127
110,0.0D0,2.515D0,-2.1255D0,0.0D0,1.762D0,-2.1255D0;                 573P   1128
110,0.0D0,2.515D0,-2.1255D0,-.064D0,2.515D0,-2.1255D0;               575P   1129
508,4,0,9,108,0,0,0,9,107,0,0,0,9,109,0,0,0,9,110,1,0;               577P   1130
510,567,1,1,577;                                                     579P   1131
120,585,583,0.0D0,6.28318530717959D0;                                581P   1132
110,.0032D0,2.515D0,-2.0005D0,-.0672D0,2.515D0,-2.0005D0;            583P   1133
110,.0032D0,2.515D0,-2.063D0,-.9968D0,2.515D0,-2.063D0;              585P   1134
100,0.0D0,0.0D0,0.0D0,-6.24999999999998D-2,2.22810009174498D-15,     587P   1135
6.24999999999998D-2,1.31695954456084D-15;                            587P   1136
124,0.0D0,0.0D0,1.0D0,-.064D0,0.0D0,-1.0D0,0.0D0,2.515D0,1.0D0,      589P   1137
0.0D0,0.0D0,-2.063D0;                                                589P   1138
100,0.0D0,0.0D0,0.0D0,6.24999999999998D-2,-1.34757571453953D-15,     591P   1139
-6.24999999999998D-2,-2.19748392176629D-15;                          591P   1140
124,0.0D0,0.0D0,-1.0D0,0.0D0,0.0D0,1.0D0,0.0D0,2.515D0,1.0D0,        593P   1141
0.0D0,0.0D0,-2.063D0;                                                593P   1142
508,4,0,9,111,0,0,0,9,110,0,0,0,9,112,0,0,0,9,102,1,0;               595P   1143
510,581,1,1,595;                                                     597P   1144
120,603,601,0.0D0,6.28318530717959D0;                                599P   1145
110,.0032D0,2.515D0,-2.3755D0,-.0672D0,2.515D0,-2.3755D0;            601P   1146
110,.0032D0,2.515D0,-2.438D0,-.9968D0,2.515D0,-2.438D0;              603P   1147
100,0.0D0,0.0D0,0.0D0,-6.24999999999998D-2,2.22810009174498D-15,     605P   1148
6.24999999999998D-2,1.31695954456084D-15;                            605P   1149
124,0.0D0,0.0D0,1.0D0,-.064D0,0.0D0,-1.0D0,0.0D0,2.515D0,1.0D0,      607P   1150
0.0D0,0.0D0,-2.438D0;                                                607P   1151
110,0.0D0,2.515D0,-2.5005D0,-.064D0,2.515D0,-2.5005D0;               609P   1152
100,0.0D0,0.0D0,0.0D0,6.24999999999998D-2,-1.34757571453953D-15,     611P   1153
-6.24999999999998D-2,-2.19748392176629D-15;                          611P   1154
124,0.0D0,0.0D0,-1.0D0,0.0D0,0.0D0,1.0D0,0.0D0,2.515D0,1.0D0,        613P   1155
0.0D0,0.0D0,-2.438D0;                                                613P   1156
110,0.0D0,2.515D0,-2.3755D0,-.064D0,2.515D0,-2.3755D0;               615P   1157
508,4,0,9,113,0,0,0,9,114,0,0,0,9,115,0,0,0,9,116,1,0;               617P   1158
510,599,1,1,617;                                                     619P   1159
116,0.0D0,1.762D0,-2.5005D0,0;                                       621P   1160
123,0.0D0,0.0D0,1.0D0;                                               623P   1161
190,621,623,627;                                                     625P   1162
123,1.0D0,0.0D0,0.0D0;                                               627P   1163
110,-.064D0,1.762D0,-2.5005D0,-.064D0,2.515D0,-2.5005D0;             629P   1164
110,0.0D0,1.762D0,-2.5005D0,-.064D0,1.762D0,-2.5005D0;               631P   1165
110,0.0D0,2.515D0,-2.5005D0,0.0D0,1.762D0,-2.5005D0;                 633P   1166
508,4,0,9,117,0,0,0,9,118,0,0,0,9,119,0,0,0,9,114,1,0;               635P   1167
510,625,1,1,635;                                                     637P   1168
120,643,641,0.0D0,6.28318530717959D0;                                639P   1169
110,.0032D0,1.762D0,-2.5005D0,-.0672D0,1.762D0,-2.5005D0;            641P   1170
110,.0032D0,1.762D0,-2.438D0,-.9968D0,1.762D0,-2.438D0;              643P   1171
100,0.0D0,0.0D0,0.0D0,-6.24999999999998D-2,                          645P   1172
-1.54665819198054D-15,6.24999999999998D-2,-1.56962031946456D-15;     645P   1173
124,0.0D0,0.0D0,1.0D0,-.064D0,0.0D0,1.0D0,0.0D0,1.762D0,-1.0D0,      647P   1174
0.0D0,0.0D0,-2.438D0;                                                647P   1175
110,0.0D0,1.762D0,-2.3755D0,-.064D0,1.762D0,-2.3755D0;               649P   1176
100,0.0D0,0.0D0,0.0D0,6.24999999999998D-2,1.55431223447521D-15,      651P   1177
-6.24999999999998D-2,1.56196627696989D-15;                           651P   1178
124,0.0D0,0.0D0,-1.0D0,0.0D0,0.0D0,-1.0D0,0.0D0,1.762D0,-1.0D0,      653P   1179
0.0D0,0.0D0,-2.438D0;                                                653P   1180
508,4,0,9,120,0,0,0,9,121,0,0,0,9,122,0,0,0,9,118,1,0;               655P   1181
510,639,1,1,655;                                                     657P   1182
116,0.0D0,2.515D0,-2.3755D0,0;                                       659P   1183
123,0.0D0,0.0D0,-1.0D0;                                              661P   1184
190,659,661,665;                                                     663P   1185
123,-1.0D0,0.0D0,0.0D0;                                              665P   1186
110,-.064D0,2.515D0,-2.3755D0,-.064D0,1.762D0,-2.3755D0;             667P   1187
110,0.0D0,1.762D0,-2.3755D0,0.0D0,2.515D0,-2.3755D0;                 669P   1188
508,4,0,9,123,0,0,0,9,116,0,0,0,9,124,0,0,0,9,121,1,0;               671P   1189
510,663,1,1,671;                                                     673P   1190
116,0.0D0,2.515D0,-2.7505D0,0;                                       675P   1191
123,0.0D0,0.0D0,-1.0D0;                                              677P   1192
190,675,677,681;                                                     679P   1193
123,-1.0D0,0.0D0,0.0D0;                                              681P   1194
110,-.064D0,2.515D0,-2.7505D0,-.064D0,1.762D0,-2.7505D0;             683P   1195
110,0.0D0,2.515D0,-2.7505D0,-.064D0,2.515D0,-2.7505D0;               685P   1196
110,0.0D0,1.762D0,-2.7505D0,0.0D0,2.515D0,-2.7505D0;                 687P   1197
110,0.0D0,1.762D0,-2.7505D0,-.064D0,1.762D0,-2.7505D0;               689P   1198
508,4,0,9,125,0,0,0,9,126,0,0,0,9,127,0,0,0,9,128,1,0;               691P   1199
510,679,1,1,691;                                                     693P   1200
120,699,697,0.0D0,6.28318530717959D0;                                695P   1201
110,.0032D0,1.762D0,-2.8755D0,-.0672D0,1.762D0,-2.8755D0;            697P   1202
110,.0032D0,1.762D0,-2.813D0,-.9968D0,1.762D0,-2.813D0;              699P   1203
100,0.0D0,0.0D0,0.0D0,-6.24999999999998D-2,                          701P   1204
-1.54665819198054D-15,6.24999999999998D-2,-1.56962031946456D-15;     701P   1205
124,0.0D0,0.0D0,1.0D0,-.064D0,0.0D0,1.0D0,0.0D0,1.762D0,-1.0D0,      703P   1206
0.0D0,0.0D0,-2.813D0;                                                703P   1207
100,0.0D0,0.0D0,0.0D0,6.24999999999998D-2,1.55431223447524D-15,      705P   1208
-6.24999999999998D-2,1.56196627696989D-15;                           705P   1209
124,0.0D0,0.0D0,-1.0D0,0.0D0,0.0D0,-1.0D0,0.0D0,1.762D0,-1.0D0,      707P   1210
0.0D0,0.0D0,-2.813D0;                                                707P   1211
110,0.0D0,1.762D0,-2.8755D0,-.064D0,1.762D0,-2.8755D0;               709P   1212
508,4,0,9,129,0,0,0,9,128,0,0,0,9,130,0,0,0,9,131,1,0;               711P   1213
510,695,1,1,711;                                                     713P   1214
116,0.0D0,1.762D0,-2.8755D0,0;                                       715P   1215
123,0.0D0,0.0D0,1.0D0;                                               717P   1216
190,715,717,721;                                                     719P   1217
123,1.0D0,0.0D0,0.0D0;                                               721P   1218
110,-.064D0,1.762D0,-2.8755D0,-.064D0,2.515D0,-2.8755D0;             723P   1219
110,0.0D0,2.515D0,-2.8755D0,0.0D0,1.762D0,-2.8755D0;                 725P   1220
110,0.0D0,2.515D0,-2.8755D0,-.064D0,2.515D0,-2.8755D0;               727P   1221
508,4,0,9,132,0,0,0,9,131,0,0,0,9,133,0,0,0,9,134,1,0;               729P   1222
510,719,1,1,729;                                                     731P   1223
120,737,735,0.0D0,6.28318530717959D0;                                733P   1224
110,.0032D0,2.515D0,-2.7505D0,-.0672D0,2.515D0,-2.7505D0;            735P   1225
110,.0032D0,2.515D0,-2.813D0,-.9968D0,2.515D0,-2.813D0;              737P   1226
100,0.0D0,0.0D0,0.0D0,-6.24999999999998D-2,2.67218930159504D-15,     739P   1227
6.24999999999998D-2,1.7610487544109D-15;                             739P   1228
124,0.0D0,0.0D0,1.0D0,-.064D0,0.0D0,-1.0D0,0.0D0,2.515D0,1.0D0,      741P   1229
0.0D0,0.0D0,-2.813D0;                                                741P   1230
100,0.0D0,0.0D0,0.0D0,6.24999999999998D-2,-1.79166492438959D-15,     743P   1231
-6.24999999999998D-2,-2.64157313161635D-15;                          743P   1232
124,0.0D0,0.0D0,-1.0D0,0.0D0,0.0D0,1.0D0,0.0D0,2.515D0,1.0D0,        745P   1233
0.0D0,0.0D0,-2.813D0;                                                745P   1234
508,4,0,9,135,0,0,0,9,134,0,0,0,9,136,0,0,0,9,126,1,0;               747P   1235
510,733,1,1,747;                                                     749P   1236
120,755,753,0.0D0,6.28318530717959D0;                                751P   1237
110,.0032D0,-1.766D0,-1.6255D0,-.0672D0,-1.766D0,-1.6255D0;          753P   1238
110,.0032D0,-1.766D0,-1.688D0,-.9968D0,-1.766D0,-1.688D0;            755P   1239
100,0.0D0,0.0D0,0.0D0,-6.24999999999998D-2,2.45014469667001D-15,     757P   1240
6.24999999999998D-2,1.31695954456084D-15;                            757P   1241
124,0.0D0,0.0D0,1.0D0,-.064D0,0.0D0,-1.0D0,0.0D0,-1.766D0,1.0D0,     759P   1242
0.0D0,0.0D0,-1.688D0;                                                759P   1243
110,0.0D0,-1.766D0,-1.7505D0,-.064D0,-1.766D0,-1.7505D0;             761P   1244
100,0.0D0,0.0D0,0.0D0,6.24999999999998D-2,-1.34757571453953D-15,     763P   1245
-6.24999999999998D-2,-2.41952852669132D-15;                          763P   1246
124,0.0D0,0.0D0,-1.0D0,0.0D0,0.0D0,1.0D0,0.0D0,-1.766D0,1.0D0,       765P   1247
0.0D0,0.0D0,-1.688D0;                                                765P   1248
110,0.0D0,-1.766D0,-1.6255D0,-.064D0,-1.766D0,-1.6255D0;             767P   1249
508,4,0,9,137,0,0,0,9,138,0,0,0,9,139,0,0,0,9,140,1,0;               769P   1250
510,751,1,1,769;                                                     771P   1251
116,0.0D0,-2.519D0,-1.7505D0,0;                                      773P   1252
123,0.0D0,0.0D0,1.0D0;                                               775P   1253
190,773,775,779;                                                     777P   1254
123,1.0D0,0.0D0,0.0D0;                                               779P   1255
110,-.064D0,-2.519D0,-1.7505D0,-.064D0,-1.766D0,-1.7505D0;           781P   1256
110,0.0D0,-2.519D0,-1.7505D0,-.064D0,-2.519D0,-1.7505D0;             783P   1257
110,0.0D0,-1.766D0,-1.7505D0,0.0D0,-2.519D0,-1.7505D0;               785P   1258
508,4,0,9,141,0,0,0,9,142,0,0,0,9,143,0,0,0,9,138,1,0;               787P   1259
510,777,1,1,787;                                                     789P   1260
120,795,793,0.0D0,6.28318530717959D0;                                791P   1261
110,.0032D0,-2.519D0,-1.7505D0,-.0672D0,-2.519D0,-1.7505D0;          793P   1262
110,.0032D0,-2.519D0,-1.688D0,-.9968D0,-2.519D0,-1.688D0;            795P   1263
100,0.0D0,0.0D0,0.0D0,-6.24999999999998D-2,                          797P   1264
-1.32461358705551D-15,6.24999999999998D-2,-4.59397294839403D-16;     797P   1265
124,0.0D0,0.0D0,1.0D0,-.064D0,0.0D0,1.0D0,0.0D0,-2.519D0,-1.0D0,     799P   1266
0.0D0,0.0D0,-1.688D0;                                                799P   1267
110,0.0D0,-2.519D0,-1.6255D0,-.064D0,-2.519D0,-1.6255D0;             801P   1268
100,0.0D0,0.0D0,0.0D0,6.24999999999998D-2,4.44089209850066D-16,      803P   1269
-6.24999999999998D-2,1.33992167204485D-15;                           803P   1270
124,0.0D0,0.0D0,-1.0D0,0.0D0,0.0D0,-1.0D0,0.0D0,-2.519D0,-1.0D0,     805P   1271
0.0D0,0.0D0,-1.688D0;                                                805P   1272
508,4,0,9,144,0,0,0,9,145,0,0,0,9,146,0,0,0,9,142,1,0;               807P   1273
510,791,1,1,807;                                                     809P   1274
116,0.0D0,-1.766D0,-1.6255D0,0;                                      811P   1275
123,0.0D0,0.0D0,-1.0D0;                                              813P   1276
190,811,813,817;                                                     815P   1277
123,-1.0D0,0.0D0,0.0D0;                                              817P   1278
110,-.064D0,-1.766D0,-1.6255D0,-.064D0,-2.519D0,-1.6255D0;           819P   1279
110,0.0D0,-2.519D0,-1.6255D0,0.0D0,-1.766D0,-1.6255D0;               821P   1280
508,4,0,9,147,0,0,0,9,140,0,0,0,9,148,0,0,0,9,145,1,0;               823P   1281
510,815,1,1,823;                                                     825P   1282
116,0.0D0,-1.766D0,-2.0005D0,0;                                      827P   1283
123,0.0D0,0.0D0,-1.0D0;                                              829P   1284
190,827,829,833;                                                     831P   1285
123,-1.0D0,0.0D0,0.0D0;                                              833P   1286
110,-.064D0,-1.766D0,-2.0005D0,-.064D0,-2.519D0,-2.0005D0;           835P   1287
110,0.0D0,-1.766D0,-2.0005D0,-.064D0,-1.766D0,-2.0005D0;             837P   1288
110,0.0D0,-2.519D0,-2.0005D0,0.0D0,-1.766D0,-2.0005D0;               839P   1289
110,0.0D0,-2.519D0,-2.0005D0,-.064D0,-2.519D0,-2.0005D0;             841P   1290
508,4,0,9,149,0,0,0,9,150,0,0,0,9,151,0,0,0,9,152,1,0;               843P   1291
510,831,1,1,843;                                                     845P   1292
120,851,849,0.0D0,6.28318530717959D0;                                847P   1293
110,.0032D0,-2.519D0,-2.1255D0,-.0672D0,-2.519D0,-2.1255D0;          849P   1294
110,.0032D0,-2.519D0,-2.063D0,-.9968D0,-2.519D0,-2.063D0;            851P   1295
100,0.0D0,0.0D0,0.0D0,-6.24999999999998D-2,                          853P   1296
-1.32461358705551D-15,6.24999999999998D-2,-4.59397294839403D-16;     853P   1297
124,0.0D0,0.0D0,1.0D0,-.064D0,0.0D0,1.0D0,0.0D0,-2.519D0,-1.0D0,     855P   1298
0.0D0,0.0D0,-2.063D0;                                                855P   1299
100,0.0D0,0.0D0,0.0D0,6.24999999999998D-2,4.44089209850067D-16,      857P   1300
-6.24999999999998D-2,1.33992167204485D-15;                           857P   1301
124,0.0D0,0.0D0,-1.0D0,0.0D0,0.0D0,-1.0D0,0.0D0,-2.519D0,-1.0D0,     859P   1302
0.0D0,0.0D0,-2.063D0;                                                859P   1303
110,0.0D0,-2.519D0,-2.1255D0,-.064D0,-2.519D0,-2.1255D0;             861P   1304
508,4,0,9,153,0,0,0,9,152,0,0,0,9,154,0,0,0,9,155,1,0;               863P   1305
510,847,1,1,863;                                                     865P   1306
116,0.0D0,-2.519D0,-2.1255D0,0;                                      867P   1307
123,0.0D0,0.0D0,1.0D0;                                               869P   1308
190,867,869,873;                                                     871P   1309
123,1.0D0,0.0D0,0.0D0;                                               873P   1310
110,-.064D0,-2.519D0,-2.1255D0,-.064D0,-1.766D0,-2.1255D0;           875P   1311
110,0.0D0,-1.766D0,-2.1255D0,0.0D0,-2.519D0,-2.1255D0;               877P   1312
110,0.0D0,-1.766D0,-2.1255D0,-.064D0,-1.766D0,-2.1255D0;             879P   1313
508,4,0,9,156,0,0,0,9,155,0,0,0,9,157,0,0,0,9,158,1,0;               881P   1314
510,871,1,1,881;                                                     883P   1315
120,889,887,0.0D0,6.28318530717959D0;                                885P   1316
110,.0032D0,-1.766D0,-2.0005D0,-.0672D0,-1.766D0,-2.0005D0;          887P   1317
110,.0032D0,-1.766D0,-2.063D0,-.9968D0,-1.766D0,-2.063D0;            889P   1318
100,0.0D0,0.0D0,0.0D0,-6.24999999999998D-2,2.45014469667001D-15,     891P   1319
6.24999999999998D-2,1.31695954456084D-15;                            891P   1320
124,0.0D0,0.0D0,1.0D0,-.064D0,0.0D0,-1.0D0,0.0D0,-1.766D0,1.0D0,     893P   1321
0.0D0,0.0D0,-2.063D0;                                                893P   1322
100,0.0D0,0.0D0,0.0D0,6.24999999999998D-2,-1.34757571453953D-15,     895P   1323
-6.24999999999998D-2,-2.41952852669132D-15;                          895P   1324
124,0.0D0,0.0D0,-1.0D0,0.0D0,0.0D0,1.0D0,0.0D0,-1.766D0,1.0D0,       897P   1325
0.0D0,0.0D0,-2.063D0;                                                897P   1326
508,4,0,9,159,0,0,0,9,158,0,0,0,9,160,0,0,0,9,150,1,0;               899P   1327
510,885,1,1,899;                                                     901P   1328
120,907,905,0.0D0,6.28318530717959D0;                                903P   1329
110,.0032D0,-1.766D0,-2.7505D0,-.0672D0,-1.766D0,-2.7505D0;          905P   1330
110,.0032D0,-1.766D0,-2.813D0,-.9968D0,-1.766D0,-2.813D0;            907P   1331
100,0.0D0,0.0D0,0.0D0,-6.24999999999998D-2,2.45014469667001D-15,     909P   1332
6.24999999999998D-2,1.31695954456084D-15;                            909P   1333
124,0.0D0,0.0D0,1.0D0,-.064D0,0.0D0,-1.0D0,0.0D0,-1.766D0,1.0D0,     911P   1334
0.0D0,0.0D0,-2.813D0;                                                911P   1335
110,0.0D0,-1.766D0,-2.8755D0,-.064D0,-1.766D0,-2.8755D0;             913P   1336
100,0.0D0,0.0D0,0.0D0,6.24999999999998D-2,-1.34757571453953D-15,     915P   1337
-6.24999999999998D-2,-2.41952852669132D-15;                          915P   1338
124,0.0D0,0.0D0,-1.0D0,0.0D0,0.0D0,1.0D0,0.0D0,-1.766D0,1.0D0,       917P   1339
0.0D0,0.0D0,-2.813D0;                                                917P   1340
110,0.0D0,-1.766D0,-2.7505D0,-.064D0,-1.766D0,-2.7505D0;             919P   1341
508,4,0,9,161,0,0,0,9,162,0,0,0,9,163,0,0,0,9,164,1,0;               921P   1342
510,903,1,1,921;                                                     923P   1343
116,0.0D0,-2.519D0,-2.8755D0,0;                                      925P   1344
123,0.0D0,0.0D0,1.0D0;                                               927P   1345
190,925,927,931;                                                     929P   1346
123,1.0D0,0.0D0,0.0D0;                                               931P   1347
110,-.064D0,-2.519D0,-2.8755D0,-.064D0,-1.766D0,-2.8755D0;           933P   1348
110,0.0D0,-2.519D0,-2.8755D0,-.064D0,-2.519D0,-2.8755D0;             935P   1349
110,0.0D0,-1.766D0,-2.8755D0,0.0D0,-2.519D0,-2.8755D0;               937P   1350
508,4,0,9,165,0,0,0,9,166,0,0,0,9,167,0,0,0,9,162,1,0;               939P   1351
510,929,1,1,939;                                                     941P   1352
120,947,945,0.0D0,6.28318530717959D0;                                943P   1353
110,.0032D0,-2.519D0,-2.8755D0,-.0672D0,-2.519D0,-2.8755D0;          945P   1354
110,.0032D0,-2.519D0,-2.813D0,-.9968D0,-2.519D0,-2.813D0;            947P   1355
100,0.0D0,0.0D0,0.0D0,-6.24999999999998D-2,                          949P   1356
-1.32461358705551D-15,6.24999999999998D-2,-4.59397294839403D-16;     949P   1357
124,0.0D0,0.0D0,1.0D0,-.064D0,0.0D0,1.0D0,0.0D0,-2.519D0,-1.0D0,     951P   1358
0.0D0,0.0D0,-2.813D0;                                                951P   1359
110,0.0D0,-2.519D0,-2.7505D0,-.064D0,-2.519D0,-2.7505D0;             953P   1360
100,0.0D0,0.0D0,0.0D0,6.24999999999998D-2,4.44089209850067D-16,      955P   1361
-6.24999999999998D-2,1.33992167204485D-15;                           955P   1362
124,0.0D0,0.0D0,-1.0D0,0.0D0,0.0D0,-1.0D0,0.0D0,-2.519D0,-1.0D0,     957P   1363
0.0D0,0.0D0,-2.813D0;                                                957P   1364
508,4,0,9,168,0,0,0,9,169,0,0,0,9,170,0,0,0,9,166,1,0;               959P   1365
510,943,1,1,959;                                                     961P   1366
116,0.0D0,-1.766D0,-2.7505D0,0;                                      963P   1367
123,0.0D0,0.0D0,-1.0D0;                                              965P   1368
190,963,965,969;                                                     967P   1369
123,-1.0D0,0.0D0,0.0D0;                                              969P   1370
110,-.064D0,-1.766D0,-2.7505D0,-.064D0,-2.519D0,-2.7505D0;           971P   1371
110,0.0D0,-2.519D0,-2.7505D0,0.0D0,-1.766D0,-2.7505D0;               973P   1372
508,4,0,9,171,0,0,0,9,164,0,0,0,9,172,0,0,0,9,169,1,0;               975P   1373
510,967,1,1,975;                                                     977P   1374
116,0.0D0,-1.766D0,-2.3755D0,0;                                      979P   1375
123,0.0D0,0.0D0,-1.0D0;                                              981P   1376
190,979,981,985;                                                     983P   1377
123,-1.0D0,0.0D0,0.0D0;                                              985P   1378
110,-.064D0,-1.766D0,-2.3755D0,-.064D0,-2.519D0,-2.3755D0;           987P   1379
110,0.0D0,-1.766D0,-2.3755D0,-.064D0,-1.766D0,-2.3755D0;             989P   1380
110,0.0D0,-2.519D0,-2.3755D0,0.0D0,-1.766D0,-2.3755D0;               991P   1381
110,0.0D0,-2.519D0,-2.3755D0,-.064D0,-2.519D0,-2.3755D0;             993P   1382
508,4,0,9,173,0,0,0,9,174,0,0,0,9,175,0,0,0,9,176,1,0;               995P   1383
510,983,1,1,995;                                                     997P   1384
120,1003,1001,0.0D0,6.28318530717959D0;                              999P   1385
110,.0032D0,-2.519D0,-2.5005D0,-.0672D0,-2.519D0,-2.5005D0;         1001P   1386
110,.0032D0,-2.519D0,-2.438D0,-.9968D0,-2.519D0,-2.438D0;           1003P   1387
100,0.0D0,0.0D0,0.0D0,-6.24999999999998D-2,                         1005P   1388
-1.32461358705551D-15,6.24999999999998D-2,-4.59397294839403D-16;    1005P   1389
124,0.0D0,0.0D0,1.0D0,-.064D0,0.0D0,1.0D0,0.0D0,-2.519D0,-1.0D0,    1007P   1390
0.0D0,0.0D0,-2.438D0;                                               1007P   1391
100,0.0D0,0.0D0,0.0D0,6.24999999999998D-2,4.44089209850064D-16,     1009P   1392
-6.24999999999998D-2,1.33992167204485D-15;                          1009P   1393
124,0.0D0,0.0D0,-1.0D0,0.0D0,0.0D0,-1.0D0,0.0D0,-2.519D0,-1.0D0,    1011P   1394
0.0D0,0.0D0,-2.438D0;                                               1011P   1395
110,0.0D0,-2.519D0,-2.5005D0,-.064D0,-2.519D0,-2.5005D0;            1013P   1396
508,4,0,9,177,0,0,0,9,176,0,0,0,9,178,0,0,0,9,179,1,0;              1015P   1397
510,999,1,1,1015;                                                   1017P   1398
116,0.0D0,-2.519D0,-2.5005D0,0;                                     1019P   1399
123,0.0D0,0.0D0,1.0D0;                                              1021P   1400
190,1019,1021,1025;                                                 1023P   1401
123,1.0D0,0.0D0,0.0D0;                                              1025P   1402
110,-.064D0,-2.519D0,-2.5005D0,-.064D0,-1.766D0,-2.5005D0;          1027P   1403
110,0.0D0,-1.766D0,-2.5005D0,0.0D0,-2.519D0,-2.5005D0;              1029P   1404
110,0.0D0,-1.766D0,-2.5005D0,-.064D0,-1.766D0,-2.5005D0;            1031P   1405
508,4,0,9,180,0,0,0,9,179,0,0,0,9,181,0,0,0,9,182,1,0;              1033P   1406
510,1023,1,1,1033;                                                  1035P   1407
120,1041,1039,0.0D0,6.28318530717959D0;                             1037P   1408
110,.0032D0,-1.766D0,-2.3755D0,-.0672D0,-1.766D0,-2.3755D0;         1039P   1409
110,.0032D0,-1.766D0,-2.438D0,-.9968D0,-1.766D0,-2.438D0;           1041P   1410
100,0.0D0,0.0D0,0.0D0,-6.24999999999998D-2,2.45014469667001D-15,    1043P   1411
6.24999999999998D-2,1.31695954456084D-15;                           1043P   1412
124,0.0D0,0.0D0,1.0D0,-.064D0,0.0D0,-1.0D0,0.0D0,-1.766D0,1.0D0,    1045P   1413
0.0D0,0.0D0,-2.438D0;                                               1045P   1414
100,0.0D0,0.0D0,0.0D0,6.24999999999998D-2,-1.34757571453953D-15,    1047P   1415
-6.24999999999998D-2,-2.41952852669132D-15;                         1047P   1416
124,0.0D0,0.0D0,-1.0D0,0.0D0,0.0D0,1.0D0,0.0D0,-1.766D0,1.0D0,      1049P   1417
0.0D0,0.0D0,-2.438D0;                                               1049P   1418
508,4,0,9,183,0,0,0,9,182,0,0,0,9,184,0,0,0,9,174,1,0;              1051P   1419
510,1037,1,1,1051;                                                  1053P   1420
116,0.0D0,-1.766D0,-1.2505D0,0;                                     1055P   1421
123,0.0D0,0.0D0,-1.0D0;                                             1057P   1422
190,1055,1057,1061;                                                 1059P   1423
123,-1.0D0,0.0D0,0.0D0;                                             1061P   1424
110,-.064D0,-1.766D0,-1.2505D0,-.064D0,-2.519D0,-1.2505D0;          1063P   1425
110,0.0D0,-1.766D0,-1.2505D0,-.064D0,-1.766D0,-1.2505D0;            1065P   1426
110,0.0D0,-2.519D0,-1.2505D0,0.0D0,-1.766D0,-1.2505D0;              1067P   1427
110,0.0D0,-2.519D0,-1.2505D0,-.064D0,-2.519D0,-1.2505D0;            1069P   1428
508,4,0,9,185,0,0,0,9,186,0,0,0,9,187,0,0,0,9,188,1,0;              1071P   1429
510,1059,1,1,1071;                                                  1073P   1430
120,1079,1077,0.0D0,6.28318530717959D0;                             1075P   1431
110,.0032D0,-2.519D0,-1.3755D0,-.0672D0,-2.519D0,-1.3755D0;         1077P   1432
110,.0032D0,-2.519D0,-1.313D0,-.9968D0,-2.519D0,-1.313D0;           1079P   1433
100,0.0D0,0.0D0,0.0D0,-6.24999999999998D-2,                         1081P   1434
-1.32461358705551D-15,6.24999999999998D-2,-4.59397294839403D-16;    1081P   1435
124,0.0D0,0.0D0,1.0D0,-.064D0,0.0D0,1.0D0,0.0D0,-2.519D0,-1.0D0,    1083P   1436
0.0D0,0.0D0,-1.313D0;                                               1083P   1437
100,0.0D0,0.0D0,0.0D0,6.24999999999998D-2,4.44089209850064D-16,     1085P   1438
-6.24999999999998D-2,1.33992167204485D-15;                          1085P   1439
124,0.0D0,0.0D0,-1.0D0,0.0D0,0.0D0,-1.0D0,0.0D0,-2.519D0,-1.0D0,    1087P   1440
0.0D0,0.0D0,-1.313D0;                                               1087P   1441
110,0.0D0,-2.519D0,-1.3755D0,-.064D0,-2.519D0,-1.3755D0;            1089P   1442
508,4,0,9,189,0,0,0,9,188,0,0,0,9,190,0,0,0,9,191,1,0;              1091P   1443
510,1075,1,1,1091;                                                  1093P   1444
116,0.0D0,-2.519D0,-1.3755D0,0;                                     1095P   1445
123,0.0D0,0.0D0,1.0D0;                                              1097P   1446
190,1095,1097,1101;                                                 1099P   1447
123,1.0D0,0.0D0,0.0D0;                                              1101P   1448
110,-.064D0,-2.519D0,-1.3755D0,-.064D0,-1.766D0,-1.3755D0;          1103P   1449
110,0.0D0,-1.766D0,-1.3755D0,0.0D0,-2.519D0,-1.3755D0;              1105P   1450
110,0.0D0,-1.766D0,-1.3755D0,-.064D0,-1.766D0,-1.3755D0;            1107P   1451
508,4,0,9,192,0,0,0,9,191,0,0,0,9,193,0,0,0,9,194,1,0;              1109P   1452
510,1099,1,1,1109;                                                  1111P   1453
120,1117,1115,0.0D0,6.28318530717959D0;                             1113P   1454
110,.0032D0,-1.766D0,-1.2505D0,-.0672D0,-1.766D0,-1.2505D0;         1115P   1455
110,.0032D0,-1.766D0,-1.313D0,-.9968D0,-1.766D0,-1.313D0;           1117P   1456
100,0.0D0,0.0D0,0.0D0,-6.24999999999998D-2,2.45014469667001D-15,    1119P   1457
6.24999999999998D-2,1.31695954456084D-15;                           1119P   1458
124,0.0D0,0.0D0,1.0D0,-.064D0,0.0D0,-1.0D0,0.0D0,-1.766D0,1.0D0,    1121P   1459
0.0D0,0.0D0,-1.313D0;                                               1121P   1460
100,0.0D0,0.0D0,0.0D0,6.24999999999998D-2,-1.34757571453953D-15,    1123P   1461
-6.24999999999998D-2,-2.41952852669132D-15;                         1123P   1462
124,0.0D0,0.0D0,-1.0D0,0.0D0,0.0D0,1.0D0,0.0D0,-1.766D0,1.0D0,      1125P   1463
0.0D0,0.0D0,-1.313D0;                                               1125P   1464
508,4,0,9,195,0,0,0,9,194,0,0,0,9,196,0,0,0,9,186,1,0;              1127P   1465
510,1113,1,1,1127;                                                  1129P   1466
120,1135,1133,0.0D0,6.28318530717959D0;                             1131P   1467
110,.0032D0,2.515D0,2.7495D0,-.0672D0,2.515D0,2.7495D0;             1133P   1468
110,.0032D0,2.515D0,2.812D0,-.9968D0,2.515D0,2.812D0;               1135P   1469
100,0.0D0,0.0D0,0.0D0,6.24999999999998D-2,-9.03486504689464D-16,    1137P   1470
-6.24999999999998D-2,2.29621274840128D-17;                          1137P   1471
124,0.0D0,0.0D0,1.0D0,-.064D0,0.0D0,1.0D0,0.0D0,2.515D0,-1.0D0,     1139P   1472
0.0D0,0.0D0,2.812D0;                                                1139P   1473
110,0.0D0,2.515D0,2.7495D0,-.064D0,2.515D0,2.7495D0;                1141P   1474
100,0.0D0,0.0D0,0.0D0,-6.24999999999998D-2,7.65404249467093D-18,    1143P   1475
6.24999999999998D-2,8.7287033471078D-16;                            1143P   1476
124,0.0D0,0.0D0,-1.0D0,0.0D0,0.0D0,-1.0D0,0.0D0,2.515D0,-1.0D0,     1145P   1477
0.0D0,0.0D0,2.812D0;                                                1145P   1478
110,0.0D0,2.515D0,2.8745D0,-.064D0,2.515D0,2.8745D0;                1147P   1479
508,4,0,9,197,0,0,0,9,198,0,0,0,9,199,0,0,0,9,200,1,0;              1149P   1480
510,1131,1,1,1149;                                                  1151P   1481
116,0.0D0,1.762D0,2.7495D0,0;                                       1153P   1482
123,0.0D0,0.0D0,1.0D0;                                              1155P   1483
190,1153,1155,1159;                                                 1157P   1484
123,1.0D0,0.0D0,0.0D0;                                              1159P   1485
110,-.064D0,1.762D0,2.7495D0,-.064D0,2.515D0,2.7495D0;              1161P   1486
110,0.0D0,1.762D0,2.7495D0,-.064D0,1.762D0,2.7495D0;                1163P   1487
110,0.0D0,2.515D0,2.7495D0,0.0D0,1.762D0,2.7495D0;                  1165P   1488
508,4,0,9,201,0,0,0,9,202,0,0,0,9,203,0,0,0,9,198,1,0;              1167P   1489
510,1157,1,1,1167;                                                  1169P   1490
120,1175,1173,0.0D0,6.28318530717959D0;                             1171P   1491
110,.0032D0,1.762D0,2.8745D0,-.0672D0,1.762D0,2.8745D0;             1173P   1492
110,.0032D0,1.762D0,2.812D0,-.9968D0,1.762D0,2.812D0;               1175P   1493
100,0.0D0,0.0D0,0.0D0,6.24999999999998D-2,0.0D0,                    1177P   1494
-6.24999999999998D-2,7.65404249467094D-18;                          1177P   1495
124,0.0D0,0.0D0,1.0D0,-.064D0,0.0D0,-1.0D0,0.0D0,1.762D0,1.0D0,     1179P   1496
0.0D0,0.0D0,2.812D0;                                                1179P   1497
110,0.0D0,1.762D0,2.8745D0,-.064D0,1.762D0,2.8745D0;                1181P   1498
100,0.0D0,0.0D0,0.0D0,-6.24999999999998D-2,7.65404249467094D-18,    1183P   1499
6.24999999999998D-2,-1.53080849893419D-17;                          1183P   1500
124,0.0D0,0.0D0,-1.0D0,0.0D0,0.0D0,1.0D0,0.0D0,1.762D0,1.0D0,       1185P   1501
0.0D0,0.0D0,2.812D0;                                                1185P   1502
508,4,0,9,204,0,0,0,9,205,0,0,0,9,206,0,0,0,9,202,1,0;              1187P   1503
510,1171,1,1,1187;                                                  1189P   1504
116,0.0D0,2.515D0,2.8745D0,0;                                       1191P   1505
123,0.0D0,0.0D0,-1.0D0;                                             1193P   1506
190,1191,1193,1197;                                                 1195P   1507
123,-1.0D0,0.0D0,0.0D0;                                             1197P   1508
110,-.064D0,2.515D0,2.8745D0,-.064D0,1.762D0,2.8745D0;              1199P   1509
110,0.0D0,1.762D0,2.8745D0,0.0D0,2.515D0,2.8745D0;                  1201P   1510
508,4,0,9,207,0,0,0,9,200,0,0,0,9,208,0,0,0,9,205,1,0;              1203P   1511
510,1195,1,1,1203;                                                  1205P   1512
116,0.0D0,2.515D0,2.4995D0,0;                                       1207P   1513
123,0.0D0,0.0D0,-1.0D0;                                             1209P   1514
190,1207,1209,1213;                                                 1211P   1515
123,-1.0D0,0.0D0,0.0D0;                                             1213P   1516
110,-.064D0,2.515D0,2.4995D0,-.064D0,1.762D0,2.4995D0;              1215P   1517
110,0.0D0,2.515D0,2.4995D0,-.064D0,2.515D0,2.4995D0;                1217P   1518
110,0.0D0,1.762D0,2.4995D0,0.0D0,2.515D0,2.4995D0;                  1219P   1519
110,0.0D0,1.762D0,2.4995D0,-.064D0,1.762D0,2.4995D0;                1221P   1520
508,4,0,9,209,0,0,0,9,210,0,0,0,9,211,0,0,0,9,212,1,0;              1223P   1521
510,1211,1,1,1223;                                                  1225P   1522
120,1231,1229,0.0D0,6.28318530717959D0;                             1227P   1523
110,.0032D0,1.762D0,2.3745D0,-.0672D0,1.762D0,2.3745D0;             1229P   1524
110,.0032D0,1.762D0,2.437D0,-.9968D0,1.762D0,2.437D0;               1231P   1525
100,0.0D0,0.0D0,0.0D0,-6.24999999999998D-2,7.65404249467094D-18,    1233P   1526
6.24999999999998D-2,-1.53080849893419D-17;                          1233P   1527
124,0.0D0,0.0D0,1.0D0,-.064D0,0.0D0,1.0D0,0.0D0,1.762D0,-1.0D0,     1235P   1528
0.0D0,0.0D0,2.437D0;                                                1235P   1529
100,0.0D0,0.0D0,0.0D0,6.24999999999998D-2,0.0D0,                    1237P   1530
-6.24999999999998D-2,7.65404249467094D-18;                          1237P   1531
124,0.0D0,0.0D0,-1.0D0,0.0D0,0.0D0,-1.0D0,0.0D0,1.762D0,-1.0D0,     1239P   1532
0.0D0,0.0D0,2.437D0;                                                1239P   1533
110,0.0D0,1.762D0,2.3745D0,-.064D0,1.762D0,2.3745D0;                1241P   1534
508,4,0,9,213,0,0,0,9,212,0,0,0,9,214,0,0,0,9,215,1,0;              1243P   1535
510,1227,1,1,1243;                                                  1245P   1536
116,0.0D0,1.762D0,2.3745D0,0;                                       1247P   1537
123,0.0D0,0.0D0,1.0D0;                                              1249P   1538
190,1247,1249,1253;                                                 1251P   1539
123,1.0D0,0.0D0,0.0D0;                                              1253P   1540
110,-.064D0,1.762D0,2.3745D0,-.064D0,2.515D0,2.3745D0;              1255P   1541
110,0.0D0,2.515D0,2.3745D0,0.0D0,1.762D0,2.3745D0;                  1257P   1542
110,0.0D0,2.515D0,2.3745D0,-.064D0,2.515D0,2.3745D0;                1259P   1543
508,4,0,9,216,0,0,0,9,215,0,0,0,9,217,0,0,0,9,218,1,0;              1261P   1544
510,1251,1,1,1261;                                                  1263P   1545
120,1269,1267,0.0D0,6.28318530717959D0;                             1265P   1546
110,.0032D0,2.515D0,2.4995D0,-.0672D0,2.515D0,2.4995D0;             1267P   1547
110,.0032D0,2.515D0,2.437D0,-.9968D0,2.515D0,2.437D0;               1269P   1548
100,0.0D0,0.0D0,0.0D0,-6.24999999999998D-2,8.95832462194793D-16,    1271P   1549
6.24999999999998D-2,-1.53080849893419D-17;                          1271P   1550
124,0.0D0,0.0D0,1.0D0,-.064D0,0.0D0,-1.0D0,0.0D0,2.515D0,1.0D0,     1273P   1551
0.0D0,0.0D0,2.437D0;                                                1273P   1552
100,0.0D0,0.0D0,0.0D0,6.24999999999998D-2,0.0D0,                    1275P   1553
-6.24999999999998D-2,-8.80524377205452D-16;                         1275P   1554
124,0.0D0,0.0D0,-1.0D0,0.0D0,0.0D0,1.0D0,0.0D0,2.515D0,1.0D0,       1277P   1555
0.0D0,0.0D0,2.437D0;                                                1277P   1556
508,4,0,9,219,0,0,0,9,218,0,0,0,9,220,0,0,0,9,210,1,0;              1279P   1557
510,1265,1,1,1279;                                                  1281P   1558
120,1287,1285,0.0D0,6.28318530717959D0;                             1283P   1559
110,.0032D0,2.515D0,2.1245D0,-.0672D0,2.515D0,2.1245D0;             1285P   1560
110,.0032D0,2.515D0,2.062D0,-.9968D0,2.515D0,2.062D0;               1287P   1561
100,0.0D0,0.0D0,0.0D0,-6.24999999999998D-2,8.95832462194793D-16,    1289P   1562
6.24999999999998D-2,-1.53080849893419D-17;                          1289P   1563
124,0.0D0,0.0D0,1.0D0,-.064D0,0.0D0,-1.0D0,0.0D0,2.515D0,1.0D0,     1291P   1564
0.0D0,0.0D0,2.062D0;                                                1291P   1565
110,0.0D0,2.515D0,1.9995D0,-.064D0,2.515D0,1.9995D0;                1293P   1566
100,0.0D0,0.0D0,0.0D0,6.24999999999998D-2,0.0D0,                    1295P   1567
-6.24999999999998D-2,-8.80524377205452D-16;                         1295P   1568
124,0.0D0,0.0D0,-1.0D0,0.0D0,0.0D0,1.0D0,0.0D0,2.515D0,1.0D0,       1297P   1569
0.0D0,0.0D0,2.062D0;                                                1297P   1570
110,0.0D0,2.515D0,2.1245D0,-.064D0,2.515D0,2.1245D0;                1299P   1571
508,4,0,9,221,0,0,0,9,222,0,0,0,9,223,0,0,0,9,224,1,0;              1301P   1572
510,1283,1,1,1301;                                                  1303P   1573
116,0.0D0,1.762D0,1.9995D0,0;                                       1305P   1574
123,0.0D0,0.0D0,1.0D0;                                              1307P   1575
190,1305,1307,1311;                                                 1309P   1576
123,1.0D0,0.0D0,0.0D0;                                              1311P   1577
110,-.064D0,1.762D0,1.9995D0,-.064D0,2.515D0,1.9995D0;              1313P   1578
110,0.0D0,1.762D0,1.9995D0,-.064D0,1.762D0,1.9995D0;                1315P   1579
110,0.0D0,2.515D0,1.9995D0,0.0D0,1.762D0,1.9995D0;                  1317P   1580
508,4,0,9,225,0,0,0,9,226,0,0,0,9,227,0,0,0,9,222,1,0;              1319P   1581
510,1309,1,1,1319;                                                  1321P   1582
120,1327,1325,0.0D0,6.28318530717959D0;                             1323P   1583
110,.0032D0,1.762D0,1.9995D0,-.0672D0,1.762D0,1.9995D0;             1325P   1584
110,.0032D0,1.762D0,2.062D0,-.9968D0,1.762D0,2.062D0;               1327P   1585
100,0.0D0,0.0D0,0.0D0,-6.24999999999998D-2,7.65404249467094D-18,    1329P   1586
6.24999999999998D-2,-1.53080849893419D-17;                          1329P   1587
124,0.0D0,0.0D0,1.0D0,-.064D0,0.0D0,1.0D0,0.0D0,1.762D0,-1.0D0,     1331P   1588
0.0D0,0.0D0,2.062D0;                                                1331P   1589
110,0.0D0,1.762D0,2.1245D0,-.064D0,1.762D0,2.1245D0;                1333P   1590
100,0.0D0,0.0D0,0.0D0,6.24999999999998D-2,0.0D0,                    1335P   1591
-6.24999999999998D-2,7.65404249467094D-18;                          1335P   1592
124,0.0D0,0.0D0,-1.0D0,0.0D0,0.0D0,-1.0D0,0.0D0,1.762D0,-1.0D0,     1337P   1593
0.0D0,0.0D0,2.062D0;                                                1337P   1594
508,4,0,9,228,0,0,0,9,229,0,0,0,9,230,0,0,0,9,226,1,0;              1339P   1595
510,1323,1,1,1339;                                                  1341P   1596
116,0.0D0,2.515D0,2.1245D0,0;                                       1343P   1597
123,0.0D0,0.0D0,-1.0D0;                                             1345P   1598
190,1343,1345,1349;                                                 1347P   1599
123,-1.0D0,0.0D0,0.0D0;                                             1349P   1600
110,-.064D0,2.515D0,2.1245D0,-.064D0,1.762D0,2.1245D0;              1351P   1601
110,0.0D0,1.762D0,2.1245D0,0.0D0,2.515D0,2.1245D0;                  1353P   1602
508,4,0,9,231,0,0,0,9,224,0,0,0,9,232,0,0,0,9,229,1,0;              1355P   1603
510,1347,1,1,1355;                                                  1357P   1604
116,0.0D0,2.515D0,1.7495D0,0;                                       1359P   1605
123,0.0D0,0.0D0,-1.0D0;                                             1361P   1606
190,1359,1361,1365;                                                 1363P   1607
123,-1.0D0,0.0D0,0.0D0;                                             1365P   1608
110,-.064D0,2.515D0,1.7495D0,-.064D0,1.762D0,1.7495D0;              1367P   1609
110,0.0D0,2.515D0,1.7495D0,-.064D0,2.515D0,1.7495D0;                1369P   1610
110,0.0D0,1.762D0,1.7495D0,0.0D0,2.515D0,1.7495D0;                  1371P   1611
110,0.0D0,1.762D0,1.7495D0,-.064D0,1.762D0,1.7495D0;                1373P   1612
508,4,0,9,233,0,0,0,9,234,0,0,0,9,235,0,0,0,9,236,1,0;              1375P   1613
510,1363,1,1,1375;                                                  1377P   1614
120,1383,1381,0.0D0,6.28318530717959D0;                             1379P   1615
110,.0032D0,1.762D0,1.6245D0,-.0672D0,1.762D0,1.6245D0;             1381P   1616
110,.0032D0,1.762D0,1.687D0,-.9968D0,1.762D0,1.687D0;               1383P   1617
100,0.0D0,0.0D0,0.0D0,-6.24999999999998D-2,7.65404249467094D-18,    1385P   1618
6.24999999999998D-2,-1.53080849893419D-17;                          1385P   1619
124,0.0D0,0.0D0,1.0D0,-.064D0,0.0D0,1.0D0,0.0D0,1.762D0,-1.0D0,     1387P   1620
0.0D0,0.0D0,1.687D0;                                                1387P   1621
100,0.0D0,0.0D0,0.0D0,6.24999999999998D-2,0.0D0,                    1389P   1622
-6.24999999999998D-2,7.65404249467094D-18;                          1389P   1623
124,0.0D0,0.0D0,-1.0D0,0.0D0,0.0D0,-1.0D0,0.0D0,1.762D0,-1.0D0,     1391P   1624
0.0D0,0.0D0,1.687D0;                                                1391P   1625
110,0.0D0,1.762D0,1.6245D0,-.064D0,1.762D0,1.6245D0;                1393P   1626
508,4,0,9,237,0,0,0,9,236,0,0,0,9,238,0,0,0,9,239,1,0;              1395P   1627
510,1379,1,1,1395;                                                  1397P   1628
116,0.0D0,1.762D0,1.6245D0,0;                                       1399P   1629
123,0.0D0,0.0D0,1.0D0;                                              1401P   1630
190,1399,1401,1405;                                                 1403P   1631
123,1.0D0,0.0D0,0.0D0;                                              1405P   1632
110,-.064D0,1.762D0,1.6245D0,-.064D0,2.515D0,1.6245D0;              1407P   1633
110,0.0D0,2.515D0,1.6245D0,0.0D0,1.762D0,1.6245D0;                  1409P   1634
110,0.0D0,2.515D0,1.6245D0,-.064D0,2.515D0,1.6245D0;                1411P   1635
508,4,0,9,240,0,0,0,9,239,0,0,0,9,241,0,0,0,9,242,1,0;              1413P   1636
510,1403,1,1,1413;                                                  1415P   1637
120,1421,1419,0.0D0,6.28318530717959D0;                             1417P   1638
110,.0032D0,2.515D0,1.7495D0,-.0672D0,2.515D0,1.7495D0;             1419P   1639
110,.0032D0,2.515D0,1.687D0,-.9968D0,2.515D0,1.687D0;               1421P   1640
100,0.0D0,0.0D0,0.0D0,-6.24999999999998D-2,8.95832462194793D-16,    1423P   1641
6.24999999999998D-2,-1.53080849893419D-17;                          1423P   1642
124,0.0D0,0.0D0,1.0D0,-.064D0,0.0D0,-1.0D0,0.0D0,2.515D0,1.0D0,     1425P   1643
0.0D0,0.0D0,1.687D0;                                                1425P   1644
100,0.0D0,0.0D0,0.0D0,6.24999999999998D-2,0.0D0,                    1427P   1645
-6.24999999999998D-2,-8.80524377205452D-16;                         1427P   1646
124,0.0D0,0.0D0,-1.0D0,0.0D0,0.0D0,1.0D0,0.0D0,2.515D0,1.0D0,       1429P   1647
0.0D0,0.0D0,1.687D0;                                                1429P   1648
508,4,0,9,243,0,0,0,9,242,0,0,0,9,244,0,0,0,9,234,1,0;              1431P   1649
510,1417,1,1,1431;                                                  1433P   1650
120,1439,1437,0.0D0,6.28318530717959D0;                             1435P   1651
110,.0032D0,2.515D0,1.3745D0,-.0672D0,2.515D0,1.3745D0;             1437P   1652
110,.0032D0,2.515D0,1.312D0,-.9968D0,2.515D0,1.312D0;               1439P   1653
100,0.0D0,0.0D0,0.0D0,-6.24999999999998D-2,8.95832462194793D-16,    1441P   1654
6.24999999999998D-2,-1.53080849893419D-17;                          1441P   1655
124,0.0D0,0.0D0,1.0D0,-.064D0,0.0D0,-1.0D0,0.0D0,2.515D0,1.0D0,     1443P   1656
0.0D0,0.0D0,1.312D0;                                                1443P   1657
110,0.0D0,2.515D0,1.2495D0,-.064D0,2.515D0,1.2495D0;                1445P   1658
100,0.0D0,0.0D0,0.0D0,6.24999999999998D-2,0.0D0,                    1447P   1659
-6.24999999999998D-2,-8.80524377205452D-16;                         1447P   1660
124,0.0D0,0.0D0,-1.0D0,0.0D0,0.0D0,1.0D0,0.0D0,2.515D0,1.0D0,       1449P   1661
0.0D0,0.0D0,1.312D0;                                                1449P   1662
110,0.0D0,2.515D0,1.3745D0,-.064D0,2.515D0,1.3745D0;                1451P   1663
508,4,0,9,245,0,0,0,9,246,0,0,0,9,247,0,0,0,9,248,1,0;              1453P   1664
510,1435,1,1,1453;                                                  1455P   1665
116,0.0D0,1.762D0,1.2495D0,0;                                       1457P   1666
123,0.0D0,0.0D0,1.0D0;                                              1459P   1667
190,1457,1459,1463;                                                 1461P   1668
123,1.0D0,0.0D0,0.0D0;                                              1463P   1669
110,-.064D0,1.762D0,1.2495D0,-.064D0,2.515D0,1.2495D0;              1465P   1670
110,0.0D0,1.762D0,1.2495D0,-.064D0,1.762D0,1.2495D0;                1467P   1671
110,0.0D0,2.515D0,1.2495D0,0.0D0,1.762D0,1.2495D0;                  1469P   1672
508,4,0,9,249,0,0,0,9,250,0,0,0,9,251,0,0,0,9,246,1,0;              1471P   1673
510,1461,1,1,1471;                                                  1473P   1674
120,1479,1477,0.0D0,6.28318530717959D0;                             1475P   1675
110,.0032D0,1.762D0,1.2495D0,-.0672D0,1.762D0,1.2495D0;             1477P   1676
110,.0032D0,1.762D0,1.312D0,-.9968D0,1.762D0,1.312D0;               1479P   1677
100,0.0D0,0.0D0,0.0D0,-6.24999999999998D-2,-4.3643516735539D-16,    1481P   1678
6.24999999999998D-2,-4.59397294839403D-16;                          1481P   1679
124,0.0D0,0.0D0,1.0D0,-.064D0,0.0D0,1.0D0,0.0D0,1.762D0,-1.0D0,     1483P   1680
0.0D0,0.0D0,1.312D0;                                                1483P   1681
110,0.0D0,1.762D0,1.3745D0,-.064D0,1.762D0,1.3745D0;                1485P   1682
100,0.0D0,0.0D0,0.0D0,6.24999999999998D-2,4.44089209850063D-16,     1487P   1683
-6.24999999999998D-2,4.51743252344732D-16;                          1487P   1684
124,0.0D0,0.0D0,-1.0D0,0.0D0,0.0D0,-1.0D0,0.0D0,1.762D0,-1.0D0,     1489P   1685
0.0D0,0.0D0,1.312D0;                                                1489P   1686
508,4,0,9,252,0,0,0,9,253,0,0,0,9,254,0,0,0,9,250,1,0;              1491P   1687
510,1475,1,1,1491;                                                  1493P   1688
116,0.0D0,2.515D0,1.3745D0,0;                                       1495P   1689
123,0.0D0,0.0D0,-1.0D0;                                             1497P   1690
190,1495,1497,1501;                                                 1499P   1691
123,-1.0D0,0.0D0,0.0D0;                                             1501P   1692
110,-.064D0,2.515D0,1.3745D0,-.064D0,1.762D0,1.3745D0;              1503P   1693
110,0.0D0,1.762D0,1.3745D0,0.0D0,2.515D0,1.3745D0;                  1505P   1694
508,4,0,9,255,0,0,0,9,248,0,0,0,9,256,0,0,0,9,253,1,0;              1507P   1695
510,1499,1,1,1507;                                                  1509P   1696
116,0.0D0,2.515D0,.999500000000002D0,0;                             1511P   1697
123,0.0D0,0.0D0,-1.0D0;                                             1513P   1698
190,1511,1513,1517;                                                 1515P   1699
123,-1.0D0,0.0D0,0.0D0;                                             1517P   1700
110,-.064D0,2.515D0,.999500000000002D0,-.064D0,1.762D0,             1519P   1701
.999500000000002D0;                                                 1519P   1702
110,0.0D0,2.515D0,.999500000000002D0,-.064D0,2.515D0,               1521P   1703
.999500000000002D0;                                                 1521P   1704
110,0.0D0,1.762D0,.999500000000002D0,0.0D0,2.515D0,                 1523P   1705
.999500000000002D0;                                                 1523P   1706
110,0.0D0,1.762D0,.999500000000002D0,-.064D0,1.762D0,               1525P   1707
.999500000000002D0;                                                 1525P   1708
508,4,0,9,257,0,0,0,9,258,0,0,0,9,259,0,0,0,9,260,1,0;              1527P   1709
510,1515,1,1,1527;                                                  1529P   1710
120,1535,1533,0.0D0,6.28318530717959D0;                             1531P   1711
110,.0032D0,1.762D0,.874500000000002D0,-.0672D0,1.762D0,            1533P   1712
.874500000000002D0;                                                 1533P   1713
110,.0032D0,1.762D0,.937000000000002D0,-.9968D0,1.762D0,            1535P   1714
.937000000000002D0;                                                 1535P   1715
100,0.0D0,0.0D0,0.0D0,-6.24999999999998D-2,-4.3643516735539D-16,    1537P   1716
6.24999999999998D-2,-4.59397294839403D-16;                          1537P   1717
124,0.0D0,0.0D0,1.0D0,-.064D0,0.0D0,1.0D0,0.0D0,1.762D0,-1.0D0,     1539P   1718
0.0D0,0.0D0,.937000000000002D0;                                     1539P   1719
100,0.0D0,0.0D0,0.0D0,6.24999999999998D-2,4.44089209850063D-16,     1541P   1720
-6.24999999999998D-2,4.51743252344732D-16;                          1541P   1721
124,0.0D0,0.0D0,-1.0D0,0.0D0,0.0D0,-1.0D0,0.0D0,1.762D0,-1.0D0,     1543P   1722
0.0D0,0.0D0,.937000000000002D0;                                     1543P   1723
110,0.0D0,1.762D0,.874500000000002D0,-.064D0,1.762D0,               1545P   1724
.874500000000002D0;                                                 1545P   1725
508,4,0,9,261,0,0,0,9,260,0,0,0,9,262,0,0,0,9,263,1,0;              1547P   1726
510,1531,1,1,1547;                                                  1549P   1727
116,0.0D0,1.762D0,.874500000000002D0,0;                             1551P   1728
123,0.0D0,0.0D0,1.0D0;                                              1553P   1729
190,1551,1553,1557;                                                 1555P   1730
123,1.0D0,0.0D0,0.0D0;                                              1557P   1731
110,-.064D0,1.762D0,.874500000000002D0,-.064D0,2.515D0,             1559P   1732
.874500000000002D0;                                                 1559P   1733
110,0.0D0,2.515D0,.874500000000002D0,0.0D0,1.762D0,                 1561P   1734
.874500000000002D0;                                                 1561P   1735
110,0.0D0,2.515D0,.874500000000002D0,-.064D0,2.515D0,               1563P   1736
.874500000000002D0;                                                 1563P   1737
508,4,0,9,264,0,0,0,9,263,0,0,0,9,265,0,0,0,9,266,1,0;              1565P   1738
510,1555,1,1,1565;                                                  1567P   1739
120,1573,1571,0.0D0,6.28318530717959D0;                             1569P   1740
110,.0032D0,2.515D0,.999500000000001D0,-.0672D0,2.515D0,            1571P   1741
.999500000000001D0;                                                 1571P   1742
110,.0032D0,2.515D0,.937000000000002D0,-.9968D0,2.515D0,            1573P   1743
.937000000000002D0;                                                 1573P   1744
100,0.0D0,0.0D0,0.0D0,-6.24999999999998D-2,8.95832462194793D-16,    1575P   1745
6.24999999999998D-2,-1.53080849893419D-17;                          1575P   1746
124,0.0D0,0.0D0,1.0D0,-.064D0,0.0D0,-1.0D0,0.0D0,2.515D0,1.0D0,     1577P   1747
0.0D0,0.0D0,.937000000000002D0;                                     1577P   1748
100,0.0D0,0.0D0,0.0D0,6.24999999999998D-2,0.0D0,                    1579P   1749
-6.24999999999998D-2,-8.80524377205452D-16;                         1579P   1750
124,0.0D0,0.0D0,-1.0D0,0.0D0,0.0D0,1.0D0,0.0D0,2.515D0,1.0D0,       1581P   1751
0.0D0,0.0D0,.937000000000002D0;                                     1581P   1752
508,4,0,9,267,0,0,0,9,266,0,0,0,9,268,0,0,0,9,258,1,0;              1583P   1753
510,1569,1,1,1583;                                                  1585P   1754
120,1591,1589,0.0D0,6.28318530717959D0;                             1587P   1755
110,.0032D0,2.515D0,.624500000000002D0,-.0672D0,2.515D0,            1589P   1756
.624500000000002D0;                                                 1589P   1757
110,.0032D0,2.515D0,.562000000000002D0,-.9968D0,2.515D0,            1591P   1758
.562000000000002D0;                                                 1591P   1759
100,0.0D0,0.0D0,0.0D0,-6.24999999999998D-2,1.33992167204485D-15,    1593P   1760
6.24999999999998D-2,4.28781124860719D-16;                           1593P   1761
124,0.0D0,0.0D0,1.0D0,-.064D0,0.0D0,-1.0D0,0.0D0,2.515D0,1.0D0,     1595P   1762
0.0D0,0.0D0,.562000000000002D0;                                     1595P   1763
110,0.0D0,2.515D0,.499500000000002D0,-.064D0,2.515D0,               1597P   1764
.499500000000002D0;                                                 1597P   1765
100,0.0D0,0.0D0,0.0D0,6.24999999999998D-2,-4.59397294839403D-16,    1599P   1766
-6.24999999999998D-2,-1.30930550206617D-15;                         1599P   1767
124,0.0D0,0.0D0,-1.0D0,0.0D0,0.0D0,1.0D0,0.0D0,2.515D0,1.0D0,       1601P   1768
0.0D0,0.0D0,.562000000000002D0;                                     1601P   1769
110,0.0D0,2.515D0,.624500000000002D0,-.064D0,2.515D0,               1603P   1770
.624500000000002D0;                                                 1603P   1771
508,4,0,9,269,0,0,0,9,270,0,0,0,9,271,0,0,0,9,272,1,0;              1605P   1772
510,1587,1,1,1605;                                                  1607P   1773
116,0.0D0,1.762D0,.499500000000002D0,0;                             1609P   1774
123,0.0D0,0.0D0,1.0D0;                                              1611P   1775
190,1609,1611,1615;                                                 1613P   1776
123,1.0D0,0.0D0,0.0D0;                                              1615P   1777
110,-.064D0,1.762D0,.499500000000002D0,-.064D0,2.515D0,             1617P   1778
.499500000000002D0;                                                 1617P   1779
110,0.0D0,1.762D0,.499500000000002D0,-.064D0,1.762D0,               1619P   1780
.499500000000002D0;                                                 1619P   1781
110,0.0D0,2.515D0,.499500000000002D0,0.0D0,1.762D0,                 1621P   1782
.499500000000002D0;                                                 1621P   1783
508,4,0,9,273,0,0,0,9,274,0,0,0,9,275,0,0,0,9,270,1,0;              1623P   1784
510,1613,1,1,1623;                                                  1625P   1785
120,1631,1629,0.0D0,6.28318530717959D0;                             1627P   1786
110,.0032D0,1.762D0,.499500000000002D0,-.0672D0,1.762D0,            1629P   1787
.499500000000002D0;                                                 1629P   1788
110,.0032D0,1.762D0,.562000000000002D0,-.9968D0,1.762D0,            1631P   1789
.562000000000002D0;                                                 1631P   1790
100,0.0D0,0.0D0,0.0D0,-6.24999999999998D-2,                         1633P   1791
-8.80524377205452D-16,6.24999999999998D-2,-9.03486504689464D-16;    1633P   1792
124,0.0D0,0.0D0,1.0D0,-.064D0,0.0D0,1.0D0,0.0D0,1.762D0,-1.0D0,     1635P   1793
0.0D0,0.0D0,.562000000000002D0;                                     1635P   1794
110,0.0D0,1.762D0,.624500000000002D0,-.064D0,1.762D0,               1637P   1795
.624500000000002D0;                                                 1637P   1796
100,0.0D0,0.0D0,0.0D0,6.24999999999998D-2,8.88178419700125D-16,     1639P   1797
-6.24999999999998D-2,8.95832462194793D-16;                          1639P   1798
124,0.0D0,0.0D0,-1.0D0,0.0D0,0.0D0,-1.0D0,0.0D0,1.762D0,-1.0D0,     1641P   1799
0.0D0,0.0D0,.562000000000002D0;                                     1641P   1800
508,4,0,9,276,0,0,0,9,277,0,0,0,9,278,0,0,0,9,274,1,0;              1643P   1801
510,1627,1,1,1643;                                                  1645P   1802
116,0.0D0,2.515D0,.624500000000002D0,0;                             1647P   1803
123,0.0D0,0.0D0,-1.0D0;                                             1649P   1804
190,1647,1649,1653;                                                 1651P   1805
123,-1.0D0,0.0D0,0.0D0;                                             1653P   1806
110,-.064D0,2.515D0,.624500000000002D0,-.064D0,1.762D0,             1655P   1807
.624500000000002D0;                                                 1655P   1808
110,0.0D0,1.762D0,.624500000000002D0,0.0D0,2.515D0,                 1657P   1809
.624500000000002D0;                                                 1657P   1810
508,4,0,9,279,0,0,0,9,272,0,0,0,9,280,0,0,0,9,277,1,0;              1659P   1811
510,1651,1,1,1659;                                                  1661P   1812
116,0.0D0,2.515D0,.249500000000002D0,0;                             1663P   1813
123,0.0D0,0.0D0,-1.0D0;                                             1665P   1814
190,1663,1665,1669;                                                 1667P   1815
123,-1.0D0,0.0D0,0.0D0;                                             1669P   1816
110,-.064D0,2.515D0,.249500000000002D0,-.064D0,1.762D0,             1671P   1817
.249500000000002D0;                                                 1671P   1818
110,0.0D0,2.515D0,.249500000000002D0,-.064D0,2.515D0,               1673P   1819
.249500000000002D0;                                                 1673P   1820
110,0.0D0,1.762D0,.249500000000002D0,0.0D0,2.515D0,                 1675P   1821
.249500000000002D0;                                                 1675P   1822
110,0.0D0,1.762D0,.249500000000002D0,-.064D0,1.762D0,               1677P   1823
.249500000000002D0;                                                 1677P   1824
508,4,0,9,281,0,0,0,9,282,0,0,0,9,283,0,0,0,9,284,1,0;              1679P   1825
510,1667,1,1,1679;                                                  1681P   1826
120,1687,1685,0.0D0,6.28318530717959D0;                             1683P   1827
110,.0032D0,1.762D0,.124500000000002D0,-.0672D0,1.762D0,            1685P   1828
.124500000000002D0;                                                 1685P   1829
110,.0032D0,1.762D0,.187000000000002D0,-.9968D0,1.762D0,            1687P   1830
.187000000000002D0;                                                 1687P   1831
100,0.0D0,0.0D0,0.0D0,-6.24999999999998D-2,                         1689P   1832
-8.80524377205452D-16,6.24999999999998D-2,-9.03486504689464D-16;    1689P   1833
124,0.0D0,0.0D0,1.0D0,-.064D0,0.0D0,1.0D0,0.0D0,1.762D0,-1.0D0,     1691P   1834
0.0D0,0.0D0,.187000000000002D0;                                     1691P   1835
100,0.0D0,0.0D0,0.0D0,6.24999999999998D-2,8.88178419700124D-16,     1693P   1836
-6.24999999999998D-2,8.95832462194793D-16;                          1693P   1837
124,0.0D0,0.0D0,-1.0D0,0.0D0,0.0D0,-1.0D0,0.0D0,1.762D0,-1.0D0,     1695P   1838
0.0D0,0.0D0,.187000000000002D0;                                     1695P   1839
110,0.0D0,1.762D0,.124500000000002D0,-.064D0,1.762D0,               1697P   1840
.124500000000002D0;                                                 1697P   1841
508,4,0,9,285,0,0,0,9,284,0,0,0,9,286,0,0,0,9,287,1,0;              1699P   1842
510,1683,1,1,1699;                                                  1701P   1843
116,0.0D0,1.762D0,.124500000000002D0,0;                             1703P   1844
123,0.0D0,0.0D0,1.0D0;                                              1705P   1845
190,1703,1705,1709;                                                 1707P   1846
123,1.0D0,0.0D0,0.0D0;                                              1709P   1847
110,-.064D0,1.762D0,.124500000000002D0,-.064D0,2.515D0,             1711P   1848
.124500000000002D0;                                                 1711P   1849
110,0.0D0,2.515D0,.124500000000002D0,0.0D0,1.762D0,                 1713P   1850
.124500000000002D0;                                                 1713P   1851
110,0.0D0,2.515D0,.124500000000002D0,-.064D0,2.515D0,               1715P   1852
.124500000000002D0;                                                 1715P   1853
508,4,0,9,288,0,0,0,9,287,0,0,0,9,289,0,0,0,9,290,1,0;              1717P   1854
510,1707,1,1,1717;                                                  1719P   1855
120,1725,1723,0.0D0,6.28318530717959D0;                             1721P   1856
110,.0032D0,2.515D0,.249500000000002D0,-.0672D0,2.515D0,            1723P   1857
.249500000000002D0;                                                 1723P   1858
110,.0032D0,2.515D0,.187000000000002D0,-.9968D0,2.515D0,            1725P   1859
.187000000000002D0;                                                 1725P   1860
100,0.0D0,0.0D0,0.0D0,-6.24999999999998D-2,1.78401088189492D-15,    1727P   1861
6.24999999999998D-2,8.7287033471078D-16;                            1727P   1862
124,0.0D0,0.0D0,1.0D0,-.064D0,0.0D0,-1.0D0,0.0D0,2.515D0,1.0D0,     1729P   1863
0.0D0,0.0D0,.187000000000002D0;                                     1729P   1864
100,0.0D0,0.0D0,0.0D0,6.24999999999998D-2,-9.03486504689464D-16,    1731P   1865
-6.24999999999998D-2,-1.75339471191623D-15;                         1731P   1866
124,0.0D0,0.0D0,-1.0D0,0.0D0,0.0D0,1.0D0,0.0D0,2.515D0,1.0D0,       1733P   1867
0.0D0,0.0D0,.187000000000002D0;                                     1733P   1868
508,4,0,9,291,0,0,0,9,290,0,0,0,9,292,0,0,0,9,282,1,0;              1735P   1869
510,1721,1,1,1735;                                                  1737P   1870
120,1743,1741,0.0D0,6.28318530717959D0;                             1739P   1871
110,.0032D0,2.515D0,-.125499999999998D0,-.0672D0,2.515D0,           1741P   1872
-.125499999999998D0;                                                1741P   1873
110,.0032D0,2.515D0,-.187999999999998D0,-.9968D0,2.515D0,           1743P   1874
-.187999999999998D0;                                                1743P   1875
100,0.0D0,0.0D0,0.0D0,-6.24999999999998D-2,1.78401088189492D-15,    1745P   1876
6.24999999999998D-2,8.7287033471078D-16;                            1745P   1877
124,0.0D0,0.0D0,1.0D0,-.064D0,0.0D0,-1.0D0,0.0D0,2.515D0,1.0D0,     1747P   1878
0.0D0,0.0D0,-.187999999999998D0;                                    1747P   1879
110,0.0D0,2.515D0,-.250499999999998D0,-.064D0,2.515D0,              1749P   1880
-.250499999999998D0;                                                1749P   1881
100,0.0D0,0.0D0,0.0D0,6.24999999999998D-2,-9.03486504689464D-16,    1751P   1882
-6.24999999999998D-2,-1.75339471191623D-15;                         1751P   1883
124,0.0D0,0.0D0,-1.0D0,0.0D0,0.0D0,1.0D0,0.0D0,2.515D0,1.0D0,       1753P   1884
0.0D0,0.0D0,-.187999999999998D0;                                    1753P   1885
110,0.0D0,2.515D0,-.125499999999998D0,-.064D0,2.515D0,              1755P   1886
-.125499999999998D0;                                                1755P   1887
508,4,0,9,293,0,0,0,9,294,0,0,0,9,295,0,0,0,9,296,1,0;              1757P   1888
510,1739,1,1,1757;                                                  1759P   1889
116,0.0D0,1.762D0,-.250499999999998D0,0;                            1761P   1890
123,0.0D0,0.0D0,1.0D0;                                              1763P   1891
190,1761,1763,1767;                                                 1765P   1892
123,1.0D0,0.0D0,0.0D0;                                              1767P   1893
110,-.064D0,1.762D0,-.250499999999998D0,-.064D0,2.515D0,            1769P   1894
-.250499999999998D0;                                                1769P   1895
110,0.0D0,1.762D0,-.250499999999998D0,-.064D0,1.762D0,              1771P   1896
-.250499999999998D0;                                                1771P   1897
110,0.0D0,2.515D0,-.250499999999998D0,0.0D0,1.762D0,                1773P   1898
-.250499999999998D0;                                                1773P   1899
508,4,0,9,297,0,0,0,9,298,0,0,0,9,299,0,0,0,9,294,1,0;              1775P   1900
510,1765,1,1,1775;                                                  1777P   1901
120,1783,1781,0.0D0,6.28318530717959D0;                             1779P   1902
110,.0032D0,1.762D0,-.250499999999998D0,-.0672D0,1.762D0,           1781P   1903
-.250499999999998D0;                                                1781P   1904
110,.0032D0,1.762D0,-.187999999999998D0,-.9968D0,1.762D0,           1783P   1905
-.187999999999998D0;                                                1783P   1906
100,0.0D0,0.0D0,0.0D0,-6.24999999999998D-2,                         1785P   1907
-8.80524377205452D-16,6.24999999999998D-2,-9.03486504689464D-16;    1785P   1908
124,0.0D0,0.0D0,1.0D0,-.064D0,0.0D0,1.0D0,0.0D0,1.762D0,-1.0D0,     1787P   1909
0.0D0,0.0D0,-.187999999999998D0;                                    1787P   1910
110,0.0D0,1.762D0,-.125499999999998D0,-.064D0,1.762D0,              1789P   1911
-.125499999999998D0;                                                1789P   1912
100,0.0D0,0.0D0,0.0D0,6.24999999999998D-2,8.88178419700124D-16,     1791P   1913
-6.24999999999998D-2,8.95832462194793D-16;                          1791P   1914
124,0.0D0,0.0D0,-1.0D0,0.0D0,0.0D0,-1.0D0,0.0D0,1.762D0,-1.0D0,     1793P   1915
0.0D0,0.0D0,-.187999999999998D0;                                    1793P   1916
508,4,0,9,300,0,0,0,9,301,0,0,0,9,302,0,0,0,9,298,1,0;              1795P   1917
510,1779,1,1,1795;                                                  1797P   1918
116,0.0D0,2.515D0,-.125499999999998D0,0;                            1799P   1919
123,0.0D0,0.0D0,-1.0D0;                                             1801P   1920
190,1799,1801,1805;                                                 1803P   1921
123,-1.0D0,0.0D0,0.0D0;                                             1805P   1922
110,-.064D0,2.515D0,-.125499999999998D0,-.064D0,1.762D0,            1807P   1923
-.125499999999998D0;                                                1807P   1924
110,0.0D0,1.762D0,-.125499999999998D0,0.0D0,2.515D0,                1809P   1925
-.125499999999998D0;                                                1809P   1926
508,4,0,9,303,0,0,0,9,296,0,0,0,9,304,0,0,0,9,301,1,0;              1811P   1927
510,1803,1,1,1811;                                                  1813P   1928
116,0.0D0,2.515D0,-.500499999999998D0,0;                            1815P   1929
123,0.0D0,0.0D0,-1.0D0;                                             1817P   1930
190,1815,1817,1821;                                                 1819P   1931
123,-1.0D0,0.0D0,0.0D0;                                             1821P   1932
110,-.064D0,2.515D0,-.500499999999998D0,-.064D0,1.762D0,            1823P   1933
-.500499999999998D0;                                                1823P   1934
110,0.0D0,2.515D0,-.500499999999998D0,-.064D0,2.515D0,              1825P   1935
-.500499999999998D0;                                                1825P   1936
110,0.0D0,1.762D0,-.500499999999998D0,0.0D0,2.515D0,                1827P   1937
-.500499999999998D0;                                                1827P   1938
110,0.0D0,1.762D0,-.500499999999998D0,-.064D0,1.762D0,              1829P   1939
-.500499999999998D0;                                                1829P   1940
508,4,0,9,305,0,0,0,9,306,0,0,0,9,307,0,0,0,9,308,1,0;              1831P   1941
510,1819,1,1,1831;                                                  1833P   1942
120,1839,1837,0.0D0,6.28318530717959D0;                             1835P   1943
110,.0032D0,1.762D0,-.625499999999998D0,-.0672D0,1.762D0,           1837P   1944
-.625499999999998D0;                                                1837P   1945
110,.0032D0,1.762D0,-.562999999999998D0,-.9968D0,1.762D0,           1839P   1946
-.562999999999998D0;                                                1839P   1947
100,0.0D0,0.0D0,0.0D0,-6.24999999999998D-2,                         1841P   1948
-8.80524377205452D-16,6.24999999999998D-2,-9.03486504689464D-16;    1841P   1949
124,0.0D0,0.0D0,1.0D0,-.064D0,0.0D0,1.0D0,0.0D0,1.762D0,-1.0D0,     1843P   1950
0.0D0,0.0D0,-.562999999999998D0;                                    1843P   1951
100,0.0D0,0.0D0,0.0D0,6.24999999999998D-2,8.88178419700125D-16,     1845P   1952
-6.24999999999998D-2,8.95832462194793D-16;                          1845P   1953
124,0.0D0,0.0D0,-1.0D0,0.0D0,0.0D0,-1.0D0,0.0D0,1.762D0,-1.0D0,     1847P   1954
0.0D0,0.0D0,-.562999999999998D0;                                    1847P   1955
110,0.0D0,1.762D0,-.625499999999998D0,-.064D0,1.762D0,              1849P   1956
-.625499999999998D0;                                                1849P   1957
508,4,0,9,309,0,0,0,9,308,0,0,0,9,310,0,0,0,9,311,1,0;              1851P   1958
510,1835,1,1,1851;                                                  1853P   1959
116,0.0D0,1.762D0,-.625499999999998D0,0;                            1855P   1960
123,0.0D0,0.0D0,1.0D0;                                              1857P   1961
190,1855,1857,1861;                                                 1859P   1962
123,1.0D0,0.0D0,0.0D0;                                              1861P   1963
110,-.064D0,1.762D0,-.625499999999998D0,-.064D0,2.515D0,            1863P   1964
-.625499999999998D0;                                                1863P   1965
110,0.0D0,2.515D0,-.625499999999998D0,0.0D0,1.762D0,                1865P   1966
-.625499999999998D0;                                                1865P   1967
110,0.0D0,2.515D0,-.625499999999998D0,-.064D0,2.515D0,              1867P   1968
-.625499999999998D0;                                                1867P   1969
508,4,0,9,312,0,0,0,9,311,0,0,0,9,313,0,0,0,9,314,1,0;              1869P   1970
510,1859,1,1,1869;                                                  1871P   1971
120,1877,1875,0.0D0,6.28318530717959D0;                             1873P   1972
110,.0032D0,2.515D0,-.500499999999998D0,-.0672D0,2.515D0,           1875P   1973
-.500499999999998D0;                                                1875P   1974
110,.0032D0,2.515D0,-.562999999999998D0,-.9968D0,2.515D0,           1877P   1975
-.562999999999998D0;                                                1877P   1976
100,0.0D0,0.0D0,0.0D0,-6.24999999999998D-2,1.78401088189492D-15,    1879P   1977
6.24999999999998D-2,8.7287033471078D-16;                            1879P   1978
124,0.0D0,0.0D0,1.0D0,-.064D0,0.0D0,-1.0D0,0.0D0,2.515D0,1.0D0,     1881P   1979
0.0D0,0.0D0,-.562999999999998D0;                                    1881P   1980
100,0.0D0,0.0D0,0.0D0,6.24999999999998D-2,-9.03486504689464D-16,    1883P   1981
-6.24999999999998D-2,-1.75339471191623D-15;                         1883P   1982
124,0.0D0,0.0D0,-1.0D0,0.0D0,0.0D0,1.0D0,0.0D0,2.515D0,1.0D0,       1885P   1983
0.0D0,0.0D0,-.562999999999998D0;                                    1885P   1984
508,4,0,9,315,0,0,0,9,314,0,0,0,9,316,0,0,0,9,306,1,0;              1887P   1985
510,1873,1,1,1887;                                                  1889P   1986
120,1895,1893,0.0D0,6.28318530717959D0;                             1891P   1987
110,.0032D0,2.515D0,-.875499999999999D0,-.0672D0,2.515D0,           1893P   1988
-.875499999999999D0;                                                1893P   1989
110,.0032D0,2.515D0,-.937999999999998D0,-.9968D0,2.515D0,           1895P   1990
-.937999999999998D0;                                                1895P   1991
100,0.0D0,0.0D0,0.0D0,-6.24999999999998D-2,1.78401088189492D-15,    1897P   1992
6.24999999999998D-2,8.7287033471078D-16;                            1897P   1993
124,0.0D0,0.0D0,1.0D0,-.064D0,0.0D0,-1.0D0,0.0D0,2.515D0,1.0D0,     1899P   1994
0.0D0,0.0D0,-.937999999999998D0;                                    1899P   1995
110,0.0D0,2.515D0,-1.0005D0,-.064D0,2.515D0,-1.0005D0;              1901P   1996
100,0.0D0,0.0D0,0.0D0,6.24999999999998D-2,-9.03486504689464D-16,    1903P   1997
-6.24999999999998D-2,-1.75339471191623D-15;                         1903P   1998
124,0.0D0,0.0D0,-1.0D0,0.0D0,0.0D0,1.0D0,0.0D0,2.515D0,1.0D0,       1905P   1999
0.0D0,0.0D0,-.937999999999998D0;                                    1905P   2000
110,0.0D0,2.515D0,-.875499999999998D0,-.064D0,2.515D0,              1907P   2001
-.875499999999998D0;                                                1907P   2002
508,4,0,9,317,0,0,0,9,318,0,0,0,9,319,0,0,0,9,320,1,0;              1909P   2003
510,1891,1,1,1909;                                                  1911P   2004
116,0.0D0,1.762D0,-1.0005D0,0;                                      1913P   2005
123,0.0D0,0.0D0,1.0D0;                                              1915P   2006
190,1913,1915,1919;                                                 1917P   2007
123,1.0D0,0.0D0,0.0D0;                                              1919P   2008
110,-.064D0,1.762D0,-1.0005D0,-.064D0,2.515D0,-1.0005D0;            1921P   2009
110,0.0D0,1.762D0,-1.0005D0,-.064D0,1.762D0,-1.0005D0;              1923P   2010
110,0.0D0,2.515D0,-1.0005D0,0.0D0,1.762D0,-1.0005D0;                1925P   2011
508,4,0,9,321,0,0,0,9,322,0,0,0,9,323,0,0,0,9,318,1,0;              1927P   2012
510,1917,1,1,1927;                                                  1929P   2013
120,1935,1933,0.0D0,6.28318530717959D0;                             1931P   2014
110,.0032D0,1.762D0,-1.0005D0,-.0672D0,1.762D0,-1.0005D0;           1933P   2015
110,.0032D0,1.762D0,-.937999999999999D0,-.9968D0,1.762D0,           1935P   2016
-.937999999999999D0;                                                1935P   2017
100,0.0D0,0.0D0,0.0D0,-6.24999999999998D-2,                         1937P   2018
-8.80524377205452D-16,6.24999999999998D-2,-9.03486504689464D-16;    1937P   2019
124,0.0D0,0.0D0,1.0D0,-.064D0,0.0D0,1.0D0,0.0D0,1.762D0,-1.0D0,     1939P   2020
0.0D0,0.0D0,-.937999999999999D0;                                    1939P   2021
110,0.0D0,1.762D0,-.875499999999998D0,-.064D0,1.762D0,              1941P   2022
-.875499999999998D0;                                                1941P   2023
100,0.0D0,0.0D0,0.0D0,6.24999999999998D-2,8.88178419700127D-16,     1943P   2024
-6.24999999999998D-2,8.95832462194793D-16;                          1943P   2025
124,0.0D0,0.0D0,-1.0D0,0.0D0,0.0D0,-1.0D0,0.0D0,1.762D0,-1.0D0,     1945P   2026
0.0D0,0.0D0,-.937999999999999D0;                                    1945P   2027
508,4,0,9,324,0,0,0,9,325,0,0,0,9,326,0,0,0,9,322,1,0;              1947P   2028
510,1931,1,1,1947;                                                  1949P   2029
116,0.0D0,2.515D0,-.875499999999998D0,0;                            1951P   2030
123,0.0D0,0.0D0,-1.0D0;                                             1953P   2031
190,1951,1953,1957;                                                 1955P   2032
123,-1.0D0,0.0D0,0.0D0;                                             1957P   2033
110,-.064D0,2.515D0,-.875499999999998D0,-.064D0,1.762D0,            1959P   2034
-.875499999999998D0;                                                1959P   2035
110,0.0D0,1.762D0,-.875499999999998D0,0.0D0,2.515D0,                1961P   2036
-.875499999999998D0;                                                1961P   2037
508,4,0,9,327,0,0,0,9,320,0,0,0,9,328,0,0,0,9,325,1,0;              1963P   2038
510,1955,1,1,1963;                                                  1965P   2039
116,0.0D0,2.515D0,-1.2505D0,0;                                      1967P   2040
123,0.0D0,0.0D0,-1.0D0;                                             1969P   2041
190,1967,1969,1973;                                                 1971P   2042
123,-1.0D0,0.0D0,0.0D0;                                             1973P   2043
110,-.064D0,2.515D0,-1.2505D0,-.064D0,1.762D0,-1.2505D0;            1975P   2044
110,0.0D0,2.515D0,-1.2505D0,-.064D0,2.515D0,-1.2505D0;              1977P   2045
110,0.0D0,1.762D0,-1.2505D0,0.0D0,2.515D0,-1.2505D0;                1979P   2046
110,0.0D0,1.762D0,-1.2505D0,-.064D0,1.762D0,-1.2505D0;              1981P   2047
508,4,0,9,329,0,0,0,9,330,0,0,0,9,331,0,0,0,9,332,1,0;              1983P   2048
510,1971,1,1,1983;                                                  1985P   2049
120,1991,1989,0.0D0,6.28318530717959D0;                             1987P   2050
110,.0032D0,1.762D0,-1.3755D0,-.0672D0,1.762D0,-1.3755D0;           1989P   2051
110,.0032D0,1.762D0,-1.313D0,-.9968D0,1.762D0,-1.313D0;             1991P   2052
100,0.0D0,0.0D0,0.0D0,-6.24999999999998D-2,                         1993P   2053
-1.10256898213048D-15,6.24999999999998D-2,-1.1255311096145D-15;     1993P   2054
124,0.0D0,0.0D0,1.0D0,-.064D0,0.0D0,1.0D0,0.0D0,1.762D0,-1.0D0,     1995P   2055
0.0D0,0.0D0,-1.313D0;                                               1995P   2056
100,0.0D0,0.0D0,0.0D0,6.24999999999998D-2,1.11022302462516D-15,     1997P   2057
-6.24999999999998D-2,1.11787706711982D-15;                          1997P   2058
124,0.0D0,0.0D0,-1.0D0,0.0D0,0.0D0,-1.0D0,0.0D0,1.762D0,-1.0D0,     1999P   2059
0.0D0,0.0D0,-1.313D0;                                               1999P   2060
110,0.0D0,1.762D0,-1.3755D0,-.064D0,1.762D0,-1.3755D0;              2001P   2061
508,4,0,9,333,0,0,0,9,332,0,0,0,9,334,0,0,0,9,335,1,0;              2003P   2062
510,1987,1,1,2003;                                                  2005P   2063
116,0.0D0,1.762D0,-1.3755D0,0;                                      2007P   2064
123,0.0D0,0.0D0,1.0D0;                                              2009P   2065
190,2007,2009,2013;                                                 2011P   2066
123,1.0D0,0.0D0,0.0D0;                                              2013P   2067
110,-.064D0,1.762D0,-1.3755D0,-.064D0,2.515D0,-1.3755D0;            2015P   2068
110,0.0D0,2.515D0,-1.3755D0,0.0D0,1.762D0,-1.3755D0;                2017P   2069
110,0.0D0,2.515D0,-1.3755D0,-.064D0,2.515D0,-1.3755D0;              2019P   2070
508,4,0,9,336,0,0,0,9,335,0,0,0,9,337,0,0,0,9,338,1,0;              2021P   2071
510,2011,1,1,2021;                                                  2023P   2072
120,2029,2027,0.0D0,6.28318530717959D0;                             2025P   2073
110,.0032D0,2.515D0,-1.2505D0,-.0672D0,2.515D0,-1.2505D0;           2027P   2074
110,.0032D0,2.515D0,-1.313D0,-.9968D0,2.515D0,-1.313D0;             2029P   2075
100,0.0D0,0.0D0,0.0D0,-6.24999999999998D-2,1.78401088189492D-15,    2031P   2076
6.24999999999998D-2,8.7287033471078D-16;                            2031P   2077
124,0.0D0,0.0D0,1.0D0,-.064D0,0.0D0,-1.0D0,0.0D0,2.515D0,1.0D0,     2033P   2078
0.0D0,0.0D0,-1.313D0;                                               2033P   2079
100,0.0D0,0.0D0,0.0D0,6.24999999999998D-2,-9.03486504689464D-16,    2035P   2080
-6.24999999999998D-2,-1.75339471191623D-15;                         2035P   2081
124,0.0D0,0.0D0,-1.0D0,0.0D0,0.0D0,1.0D0,0.0D0,2.515D0,1.0D0,       2037P   2082
0.0D0,0.0D0,-1.313D0;                                               2037P   2083
508,4,0,9,339,0,0,0,9,338,0,0,0,9,340,0,0,0,9,330,1,0;              2039P   2084
510,2025,1,1,2039;                                                  2041P   2085
120,2047,2045,0.0D0,6.28318530717959D0;                             2043P   2086
110,.0032D0,-1.766D0,2.8745D0,-.0672D0,-1.766D0,2.8745D0;           2045P   2087
110,.0032D0,-1.766D0,2.812D0,-.9968D0,-1.766D0,2.812D0;             2047P   2088
100,0.0D0,0.0D0,0.0D0,-6.24999999999998D-2,1.11787706711982D-15,    2049P   2089
6.24999999999998D-2,-1.53080849893419D-17;                          2049P   2090
124,0.0D0,0.0D0,1.0D0,-.064D0,0.0D0,-1.0D0,0.0D0,-1.766D0,1.0D0,    2051P   2091
0.0D0,0.0D0,2.812D0;                                                2051P   2092
110,0.0D0,-1.766D0,2.7495D0,-.064D0,-1.766D0,2.7495D0;              2053P   2093
100,0.0D0,0.0D0,0.0D0,6.24999999999998D-2,0.0D0,                    2055P   2094
-6.24999999999998D-2,-1.10256898213048D-15;                         2055P   2095
124,0.0D0,0.0D0,-1.0D0,0.0D0,0.0D0,1.0D0,0.0D0,-1.766D0,1.0D0,      2057P   2096
0.0D0,0.0D0,2.812D0;                                                2057P   2097
110,0.0D0,-1.766D0,2.8745D0,-.064D0,-1.766D0,2.8745D0;              2059P   2098
508,4,0,9,341,0,0,0,9,342,0,0,0,9,343,0,0,0,9,344,1,0;              2061P   2099
510,2043,1,1,2061;                                                  2063P   2100
116,0.0D0,-2.519D0,2.7495D0,0;                                      2065P   2101
123,0.0D0,0.0D0,1.0D0;                                              2067P   2102
190,2065,2067,2071;                                                 2069P   2103
123,1.0D0,0.0D0,0.0D0;                                              2071P   2104
110,-.064D0,-2.519D0,2.7495D0,-.064D0,-1.766D0,2.7495D0;            2073P   2105
110,0.0D0,-2.519D0,2.7495D0,-.064D0,-2.519D0,2.7495D0;              2075P   2106
110,0.0D0,-1.766D0,2.7495D0,0.0D0,-2.519D0,2.7495D0;                2077P   2107
508,4,0,9,345,0,0,0,9,346,0,0,0,9,347,0,0,0,9,342,1,0;              2079P   2108
510,2069,1,1,2079;                                                  2081P   2109
120,2087,2085,0.0D0,6.28318530717959D0;                             2083P   2110
110,.0032D0,-2.519D0,2.7495D0,-.0672D0,-2.519D0,2.7495D0;           2085P   2111
110,.0032D0,-2.519D0,2.812D0,-.9968D0,-2.519D0,2.812D0;             2087P   2112
100,0.0D0,0.0D0,0.0D0,-6.24999999999998D-2,                         2089P   2113
-8.80524377205452D-16,6.24999999999998D-2,-1.53080849893419D-17;    2089P   2114
124,0.0D0,0.0D0,1.0D0,-.064D0,0.0D0,1.0D0,0.0D0,-2.519D0,-1.0D0,    2091P   2115
0.0D0,0.0D0,2.812D0;                                                2091P   2116
110,0.0D0,-2.519D0,2.8745D0,-.064D0,-2.519D0,2.8745D0;              2093P   2117
100,0.0D0,0.0D0,0.0D0,6.24999999999998D-2,0.0D0,                    2095P   2118
-6.24999999999998D-2,8.95832462194793D-16;                          2095P   2119
124,0.0D0,0.0D0,-1.0D0,0.0D0,0.0D0,-1.0D0,0.0D0,-2.519D0,-1.0D0,    2097P   2120
0.0D0,0.0D0,2.812D0;                                                2097P   2121
508,4,0,9,348,0,0,0,9,349,0,0,0,9,350,0,0,0,9,346,1,0;              2099P   2122
510,2083,1,1,2099;                                                  2101P   2123
116,0.0D0,-1.766D0,2.8745D0,0;                                      2103P   2124
123,0.0D0,0.0D0,-1.0D0;                                             2105P   2125
190,2103,2105,2109;                                                 2107P   2126
123,-1.0D0,0.0D0,0.0D0;                                             2109P   2127
110,-.064D0,-1.766D0,2.8745D0,-.064D0,-2.519D0,2.8745D0;            2111P   2128
110,0.0D0,-2.519D0,2.8745D0,0.0D0,-1.766D0,2.8745D0;                2113P   2129
508,4,0,9,351,0,0,0,9,344,0,0,0,9,352,0,0,0,9,349,1,0;              2115P   2130
510,2107,1,1,2115;                                                  2117P   2131
116,0.0D0,-1.766D0,2.4995D0,0;                                      2119P   2132
123,0.0D0,0.0D0,-1.0D0;                                             2121P   2133
190,2119,2121,2125;                                                 2123P   2134
123,-1.0D0,0.0D0,0.0D0;                                             2125P   2135
110,-.064D0,-1.766D0,2.4995D0,-.064D0,-2.519D0,2.4995D0;            2127P   2136
110,0.0D0,-1.766D0,2.4995D0,-.064D0,-1.766D0,2.4995D0;              2129P   2137
110,0.0D0,-2.519D0,2.4995D0,0.0D0,-1.766D0,2.4995D0;                2131P   2138
110,0.0D0,-2.519D0,2.4995D0,-.064D0,-2.519D0,2.4995D0;              2133P   2139
508,4,0,9,353,0,0,0,9,354,0,0,0,9,355,0,0,0,9,356,1,0;              2135P   2140
510,2123,1,1,2135;                                                  2137P   2141
120,2143,2141,0.0D0,6.28318530717959D0;                             2139P   2142
110,.0032D0,-2.519D0,2.3745D0,-.0672D0,-2.519D0,2.3745D0;           2141P   2143
110,.0032D0,-2.519D0,2.437D0,-.9968D0,-2.519D0,2.437D0;             2143P   2144
100,0.0D0,0.0D0,0.0D0,-6.24999999999998D-2,-4.3643516735539D-16,    2145P   2145
6.24999999999998D-2,4.28781124860719D-16;                           2145P   2146
124,0.0D0,0.0D0,1.0D0,-.064D0,0.0D0,1.0D0,0.0D0,-2.519D0,-1.0D0,    2147P   2147
0.0D0,0.0D0,2.437D0;                                                2147P   2148
100,0.0D0,0.0D0,0.0D0,6.24999999999998D-2,-4.59397294839403D-16,    2149P   2149
-6.24999999999998D-2,4.67051337334074D-16;                          2149P   2150
124,0.0D0,0.0D0,-1.0D0,0.0D0,0.0D0,-1.0D0,0.0D0,-2.519D0,-1.0D0,    2151P   2151
0.0D0,0.0D0,2.437D0;                                                2151P   2152
110,0.0D0,-2.519D0,2.3745D0,-.064D0,-2.519D0,2.3745D0;              2153P   2153
508,4,0,9,357,0,0,0,9,356,0,0,0,9,358,0,0,0,9,359,1,0;              2155P   2154
510,2139,1,1,2155;                                                  2157P   2155
116,0.0D0,-2.519D0,2.3745D0,0;                                      2159P   2156
123,0.0D0,0.0D0,1.0D0;                                              2161P   2157
190,2159,2161,2165;                                                 2163P   2158
123,1.0D0,0.0D0,0.0D0;                                              2165P   2159
110,-.064D0,-2.519D0,2.3745D0,-.064D0,-1.766D0,2.3745D0;            2167P   2160
110,0.0D0,-1.766D0,2.3745D0,0.0D0,-2.519D0,2.3745D0;                2169P   2161
110,0.0D0,-1.766D0,2.3745D0,-.064D0,-1.766D0,2.3745D0;              2171P   2162
508,4,0,9,360,0,0,0,9,359,0,0,0,9,361,0,0,0,9,362,1,0;              2173P   2163
510,2163,1,1,2173;                                                  2175P   2164
120,2181,2179,0.0D0,6.28318530717959D0;                             2177P   2165
110,.0032D0,-1.766D0,2.4995D0,-.0672D0,-1.766D0,2.4995D0;           2179P   2166
110,.0032D0,-1.766D0,2.437D0,-.9968D0,-1.766D0,2.437D0;             2181P   2167
100,0.0D0,0.0D0,0.0D0,-6.24999999999998D-2,1.11787706711982D-15,    2183P   2168
6.24999999999998D-2,-1.53080849893419D-17;                          2183P   2169
124,0.0D0,0.0D0,1.0D0,-.064D0,0.0D0,-1.0D0,0.0D0,-1.766D0,1.0D0,    2185P   2170
0.0D0,0.0D0,2.437D0;                                                2185P   2171
100,0.0D0,0.0D0,0.0D0,6.24999999999998D-2,0.0D0,                    2187P   2172
-6.24999999999998D-2,-1.10256898213048D-15;                         2187P   2173
124,0.0D0,0.0D0,-1.0D0,0.0D0,0.0D0,1.0D0,0.0D0,-1.766D0,1.0D0,      2189P   2174
0.0D0,0.0D0,2.437D0;                                                2189P   2175
508,4,0,9,363,0,0,0,9,362,0,0,0,9,364,0,0,0,9,354,1,0;              2191P   2176
510,2177,1,1,2191;                                                  2193P   2177
120,2199,2197,0.0D0,6.28318530717959D0;                             2195P   2178
110,.0032D0,-1.766D0,2.1245D0,-.0672D0,-1.766D0,2.1245D0;           2197P   2179
110,.0032D0,-1.766D0,2.062D0,-.9968D0,-1.766D0,2.062D0;             2199P   2180
100,0.0D0,0.0D0,0.0D0,-6.24999999999998D-2,1.11787706711982D-15,    2201P   2181
6.24999999999998D-2,-1.53080849893419D-17;                          2201P   2182
124,0.0D0,0.0D0,1.0D0,-.064D0,0.0D0,-1.0D0,0.0D0,-1.766D0,1.0D0,    2203P   2183
0.0D0,0.0D0,2.062D0;                                                2203P   2184
110,0.0D0,-1.766D0,1.9995D0,-.064D0,-1.766D0,1.9995D0;              2205P   2185
100,0.0D0,0.0D0,0.0D0,6.24999999999998D-2,0.0D0,                    2207P   2186
-6.24999999999998D-2,-1.10256898213048D-15;                         2207P   2187
124,0.0D0,0.0D0,-1.0D0,0.0D0,0.0D0,1.0D0,0.0D0,-1.766D0,1.0D0,      2209P   2188
0.0D0,0.0D0,2.062D0;                                                2209P   2189
110,0.0D0,-1.766D0,2.1245D0,-.064D0,-1.766D0,2.1245D0;              2211P   2190
508,4,0,9,365,0,0,0,9,366,0,0,0,9,367,0,0,0,9,368,1,0;              2213P   2191
510,2195,1,1,2213;                                                  2215P   2192
116,0.0D0,-2.519D0,1.9995D0,0;                                      2217P   2193
123,0.0D0,0.0D0,1.0D0;                                              2219P   2194
190,2217,2219,2223;                                                 2221P   2195
123,1.0D0,0.0D0,0.0D0;                                              2223P   2196
110,-.064D0,-2.519D0,1.9995D0,-.064D0,-1.766D0,1.9995D0;            2225P   2197
110,0.0D0,-2.519D0,1.9995D0,-.064D0,-2.519D0,1.9995D0;              2227P   2198
110,0.0D0,-1.766D0,1.9995D0,0.0D0,-2.519D0,1.9995D0;                2229P   2199
508,4,0,9,369,0,0,0,9,370,0,0,0,9,371,0,0,0,9,366,1,0;              2231P   2200
510,2221,1,1,2231;                                                  2233P   2201
120,2239,2237,0.0D0,6.28318530717959D0;                             2235P   2202
110,.0032D0,-2.519D0,1.9995D0,-.0672D0,-2.519D0,1.9995D0;           2237P   2203
110,.0032D0,-2.519D0,2.062D0,-.9968D0,-2.519D0,2.062D0;             2239P   2204
100,0.0D0,0.0D0,0.0D0,-6.24999999999998D-2,-4.3643516735539D-16,    2241P   2205
6.24999999999998D-2,4.28781124860719D-16;                           2241P   2206
124,0.0D0,0.0D0,1.0D0,-.064D0,0.0D0,1.0D0,0.0D0,-2.519D0,-1.0D0,    2243P   2207
0.0D0,0.0D0,2.062D0;                                                2243P   2208
110,0.0D0,-2.519D0,2.1245D0,-.064D0,-2.519D0,2.1245D0;              2245P   2209
100,0.0D0,0.0D0,0.0D0,6.24999999999998D-2,-4.59397294839403D-16,    2247P   2210
-6.24999999999998D-2,4.67051337334074D-16;                          2247P   2211
124,0.0D0,0.0D0,-1.0D0,0.0D0,0.0D0,-1.0D0,0.0D0,-2.519D0,-1.0D0,    2249P   2212
0.0D0,0.0D0,2.062D0;                                                2249P   2213
508,4,0,9,372,0,0,0,9,373,0,0,0,9,374,0,0,0,9,370,1,0;              2251P   2214
510,2235,1,1,2251;                                                  2253P   2215
116,0.0D0,-1.766D0,2.1245D0,0;                                      2255P   2216
123,0.0D0,0.0D0,-1.0D0;                                             2257P   2217
190,2255,2257,2261;                                                 2259P   2218
123,-1.0D0,0.0D0,0.0D0;                                             2261P   2219
110,-.064D0,-1.766D0,2.1245D0,-.064D0,-2.519D0,2.1245D0;            2263P   2220
110,0.0D0,-2.519D0,2.1245D0,0.0D0,-1.766D0,2.1245D0;                2265P   2221
508,4,0,9,375,0,0,0,9,368,0,0,0,9,376,0,0,0,9,373,1,0;              2267P   2222
510,2259,1,1,2267;                                                  2269P   2223
116,0.0D0,-1.766D0,1.7495D0,0;                                      2271P   2224
123,0.0D0,0.0D0,-1.0D0;                                             2273P   2225
190,2271,2273,2277;                                                 2275P   2226
123,-1.0D0,0.0D0,0.0D0;                                             2277P   2227
110,-.064D0,-1.766D0,1.7495D0,-.064D0,-2.519D0,1.7495D0;            2279P   2228
110,0.0D0,-1.766D0,1.7495D0,-.064D0,-1.766D0,1.7495D0;              2281P   2229
110,0.0D0,-2.519D0,1.7495D0,0.0D0,-1.766D0,1.7495D0;                2283P   2230
110,0.0D0,-2.519D0,1.7495D0,-.064D0,-2.519D0,1.7495D0;              2285P   2231
508,4,0,9,377,0,0,0,9,378,0,0,0,9,379,0,0,0,9,380,1,0;              2287P   2232
510,2275,1,1,2287;                                                  2289P   2233
120,2295,2293,0.0D0,6.28318530717959D0;                             2291P   2234
110,.0032D0,-2.519D0,1.6245D0,-.0672D0,-2.519D0,1.6245D0;           2293P   2235
110,.0032D0,-2.519D0,1.687D0,-.9968D0,-2.519D0,1.687D0;             2295P   2236
100,0.0D0,0.0D0,0.0D0,-6.24999999999998D-2,-4.3643516735539D-16,    2297P   2237
6.24999999999998D-2,4.28781124860719D-16;                           2297P   2238
124,0.0D0,0.0D0,1.0D0,-.064D0,0.0D0,1.0D0,0.0D0,-2.519D0,-1.0D0,    2299P   2239
0.0D0,0.0D0,1.687D0;                                                2299P   2240
100,0.0D0,0.0D0,0.0D0,6.24999999999998D-2,-4.59397294839403D-16,    2301P   2241
-6.24999999999998D-2,4.67051337334074D-16;                          2301P   2242
124,0.0D0,0.0D0,-1.0D0,0.0D0,0.0D0,-1.0D0,0.0D0,-2.519D0,-1.0D0,    2303P   2243
0.0D0,0.0D0,1.687D0;                                                2303P   2244
110,0.0D0,-2.519D0,1.6245D0,-.064D0,-2.519D0,1.6245D0;              2305P   2245
508,4,0,9,381,0,0,0,9,380,0,0,0,9,382,0,0,0,9,383,1,0;              2307P   2246
510,2291,1,1,2307;                                                  2309P   2247
116,0.0D0,-2.519D0,1.6245D0,0;                                      2311P   2248
123,0.0D0,0.0D0,1.0D0;                                              2313P   2249
190,2311,2313,2317;                                                 2315P   2250
123,1.0D0,0.0D0,0.0D0;                                              2317P   2251
110,-.064D0,-2.519D0,1.6245D0,-.064D0,-1.766D0,1.6245D0;            2319P   2252
110,0.0D0,-1.766D0,1.6245D0,0.0D0,-2.519D0,1.6245D0;                2321P   2253
110,0.0D0,-1.766D0,1.6245D0,-.064D0,-1.766D0,1.6245D0;              2323P   2254
508,4,0,9,384,0,0,0,9,383,0,0,0,9,385,0,0,0,9,386,1,0;              2325P   2255
510,2315,1,1,2325;                                                  2327P   2256
120,2333,2331,0.0D0,6.28318530717959D0;                             2329P   2257
110,.0032D0,-1.766D0,1.7495D0,-.0672D0,-1.766D0,1.7495D0;           2331P   2258
110,.0032D0,-1.766D0,1.687D0,-.9968D0,-1.766D0,1.687D0;             2333P   2259
100,0.0D0,0.0D0,0.0D0,-6.24999999999998D-2,1.33992167204485D-15,    2335P   2260
6.24999999999998D-2,2.06736519935689D-16;                           2335P   2261
124,0.0D0,0.0D0,1.0D0,-.064D0,0.0D0,-1.0D0,0.0D0,-1.766D0,1.0D0,    2337P   2262
0.0D0,0.0D0,1.687D0;                                                2337P   2263
100,0.0D0,0.0D0,0.0D0,6.24999999999998D-2,-2.37352689914372D-16,    2339P   2264
-6.24999999999998D-2,-1.30930550206617D-15;                         2339P   2265
124,0.0D0,0.0D0,-1.0D0,0.0D0,0.0D0,1.0D0,0.0D0,-1.766D0,1.0D0,      2341P   2266
0.0D0,0.0D0,1.687D0;                                                2341P   2267
508,4,0,9,387,0,0,0,9,386,0,0,0,9,388,0,0,0,9,378,1,0;              2343P   2268
510,2329,1,1,2343;                                                  2345P   2269
120,2351,2349,0.0D0,6.28318530717959D0;                             2347P   2270
110,.0032D0,-1.766D0,1.3745D0,-.0672D0,-1.766D0,1.3745D0;           2349P   2271
110,.0032D0,-1.766D0,1.312D0,-.9968D0,-1.766D0,1.312D0;             2351P   2272
100,0.0D0,0.0D0,0.0D0,-6.24999999999998D-2,1.33992167204485D-15,    2353P   2273
6.24999999999998D-2,2.06736519935689D-16;                           2353P   2274
124,0.0D0,0.0D0,1.0D0,-.064D0,0.0D0,-1.0D0,0.0D0,-1.766D0,1.0D0,    2355P   2275
0.0D0,0.0D0,1.312D0;                                                2355P   2276
110,0.0D0,-1.766D0,1.2495D0,-.064D0,-1.766D0,1.2495D0;              2357P   2277
100,0.0D0,0.0D0,0.0D0,6.24999999999998D-2,-2.37352689914372D-16,    2359P   2278
-6.24999999999998D-2,-1.30930550206617D-15;                         2359P   2279
124,0.0D0,0.0D0,-1.0D0,0.0D0,0.0D0,1.0D0,0.0D0,-1.766D0,1.0D0,      2361P   2280
0.0D0,0.0D0,1.312D0;                                                2361P   2281
110,0.0D0,-1.766D0,1.3745D0,-.064D0,-1.766D0,1.3745D0;              2363P   2282
508,4,0,9,389,0,0,0,9,390,0,0,0,9,391,0,0,0,9,392,1,0;              2365P   2283
510,2347,1,1,2365;                                                  2367P   2284
116,0.0D0,-2.519D0,1.2495D0,0;                                      2369P   2285
123,0.0D0,0.0D0,1.0D0;                                              2371P   2286
190,2369,2371,2375;                                                 2373P   2287
123,1.0D0,0.0D0,0.0D0;                                              2375P   2288
110,-.064D0,-2.519D0,1.2495D0,-.064D0,-1.766D0,1.2495D0;            2377P   2289
110,0.0D0,-2.519D0,1.2495D0,-.064D0,-2.519D0,1.2495D0;              2379P   2290
110,0.0D0,-1.766D0,1.2495D0,0.0D0,-2.519D0,1.2495D0;                2381P   2291
508,4,0,9,393,0,0,0,9,394,0,0,0,9,395,0,0,0,9,390,1,0;              2383P   2292
510,2373,1,1,2383;                                                  2385P   2293
120,2391,2389,0.0D0,6.28318530717959D0;                             2387P   2294
110,.0032D0,-2.519D0,1.2495D0,-.0672D0,-2.519D0,1.2495D0;           2389P   2295
110,.0032D0,-2.519D0,1.312D0,-.9968D0,-2.519D0,1.312D0;             2391P   2296
100,0.0D0,0.0D0,0.0D0,-6.24999999999998D-2,                         2393P   2297
-8.80524377205452D-16,6.24999999999998D-2,-1.53080849893419D-17;    2393P   2298
124,0.0D0,0.0D0,1.0D0,-.064D0,0.0D0,1.0D0,0.0D0,-2.519D0,-1.0D0,    2395P   2299
0.0D0,0.0D0,1.312D0;                                                2395P   2300
110,0.0D0,-2.519D0,1.3745D0,-.064D0,-2.519D0,1.3745D0;              2397P   2301
100,0.0D0,0.0D0,0.0D0,6.24999999999998D-2,0.0D0,                    2399P   2302
-6.24999999999998D-2,8.95832462194793D-16;                          2399P   2303
124,0.0D0,0.0D0,-1.0D0,0.0D0,0.0D0,-1.0D0,0.0D0,-2.519D0,-1.0D0,    2401P   2304
0.0D0,0.0D0,1.312D0;                                                2401P   2305
508,4,0,9,396,0,0,0,9,397,0,0,0,9,398,0,0,0,9,394,1,0;              2403P   2306
510,2387,1,1,2403;                                                  2405P   2307
116,0.0D0,-1.766D0,1.3745D0,0;                                      2407P   2308
123,0.0D0,0.0D0,-1.0D0;                                             2409P   2309
190,2407,2409,2413;                                                 2411P   2310
123,-1.0D0,0.0D0,0.0D0;                                             2413P   2311
110,-.064D0,-1.766D0,1.3745D0,-.064D0,-2.519D0,1.3745D0;            2415P   2312
110,0.0D0,-2.519D0,1.3745D0,0.0D0,-1.766D0,1.3745D0;                2417P   2313
508,4,0,9,399,0,0,0,9,392,0,0,0,9,400,0,0,0,9,397,1,0;              2419P   2314
510,2411,1,1,2419;                                                  2421P   2315
116,0.0D0,-1.766D0,.999500000000001D0,0;                            2423P   2316
123,0.0D0,0.0D0,-1.0D0;                                             2425P   2317
190,2423,2425,2429;                                                 2427P   2318
123,-1.0D0,0.0D0,0.0D0;                                             2429P   2319
110,-.064D0,-1.766D0,.999500000000001D0,-.064D0,-2.519D0,           2431P   2320
.999500000000001D0;                                                 2431P   2321
110,0.0D0,-1.766D0,.999500000000001D0,-.064D0,-1.766D0,             2433P   2322
.999500000000001D0;                                                 2433P   2323
110,0.0D0,-2.519D0,.999500000000001D0,0.0D0,-1.766D0,               2435P   2324
.999500000000001D0;                                                 2435P   2325
110,0.0D0,-2.519D0,.999500000000001D0,-.064D0,-2.519D0,             2437P   2326
.999500000000001D0;                                                 2437P   2327
508,4,0,9,401,0,0,0,9,402,0,0,0,9,403,0,0,0,9,404,1,0;              2439P   2328
510,2427,1,1,2439;                                                  2441P   2329
120,2447,2445,0.0D0,6.28318530717959D0;                             2443P   2330
110,.0032D0,-2.519D0,.874500000000001D0,-.0672D0,-2.519D0,          2445P   2331
.874500000000001D0;                                                 2445P   2332
110,.0032D0,-2.519D0,.937D0,-.9968D0,-2.519D0,.937D0;               2447P   2333
100,0.0D0,0.0D0,0.0D0,-6.24999999999998D-2,                         2449P   2334
-8.80524377205452D-16,6.24999999999998D-2,-1.53080849893419D-17;    2449P   2335
124,0.0D0,0.0D0,1.0D0,-.064D0,0.0D0,1.0D0,0.0D0,-2.519D0,-1.0D0,    2451P   2336
0.0D0,0.0D0,.937D0;                                                 2451P   2337
100,0.0D0,0.0D0,0.0D0,6.24999999999998D-2,0.0D0,                    2453P   2338
-6.24999999999998D-2,8.95832462194793D-16;                          2453P   2339
124,0.0D0,0.0D0,-1.0D0,0.0D0,0.0D0,-1.0D0,0.0D0,-2.519D0,-1.0D0,    2455P   2340
0.0D0,0.0D0,.937D0;                                                 2455P   2341
110,0.0D0,-2.519D0,.874500000000001D0,-.064D0,-2.519D0,             2457P   2342
.874500000000001D0;                                                 2457P   2343
508,4,0,9,405,0,0,0,9,404,0,0,0,9,406,0,0,0,9,407,1,0;              2459P   2344
510,2443,1,1,2459;                                                  2461P   2345
116,0.0D0,-2.519D0,.874500000000001D0,0;                            2463P   2346
123,0.0D0,0.0D0,1.0D0;                                              2465P   2347
190,2463,2465,2469;                                                 2467P   2348
123,1.0D0,0.0D0,0.0D0;                                              2469P   2349
110,-.064D0,-2.519D0,.874500000000001D0,-.064D0,-1.766D0,           2471P   2350
.874500000000001D0;                                                 2471P   2351
110,0.0D0,-1.766D0,.874500000000001D0,0.0D0,-2.519D0,               2473P   2352
.874500000000001D0;                                                 2473P   2353
110,0.0D0,-1.766D0,.874500000000001D0,-.064D0,-1.766D0,             2475P   2354
.874500000000001D0;                                                 2475P   2355
508,4,0,9,408,0,0,0,9,407,0,0,0,9,409,0,0,0,9,410,1,0;              2477P   2356
510,2467,1,1,2477;                                                  2479P   2357
120,2485,2483,0.0D0,6.28318530717959D0;                             2481P   2358
110,.0032D0,-1.766D0,.999500000000001D0,-.0672D0,-1.766D0,          2483P   2359
.999500000000001D0;                                                 2483P   2360
110,.0032D0,-1.766D0,.937000000000001D0,-.9968D0,-1.766D0,          2485P   2361
.937000000000001D0;                                                 2485P   2362
100,0.0D0,0.0D0,0.0D0,-6.24999999999998D-2,1.33992167204485D-15,    2487P   2363
6.24999999999998D-2,2.06736519935689D-16;                           2487P   2364
124,0.0D0,0.0D0,1.0D0,-.064D0,0.0D0,-1.0D0,0.0D0,-1.766D0,1.0D0,    2489P   2365
0.0D0,0.0D0,.937000000000001D0;                                     2489P   2366
100,0.0D0,0.0D0,0.0D0,6.24999999999998D-2,-2.37352689914372D-16,    2491P   2367
-6.24999999999998D-2,-1.30930550206617D-15;                         2491P   2368
124,0.0D0,0.0D0,-1.0D0,0.0D0,0.0D0,1.0D0,0.0D0,-1.766D0,1.0D0,      2493P   2369
0.0D0,0.0D0,.937000000000001D0;                                     2493P   2370
508,4,0,9,411,0,0,0,9,410,0,0,0,9,412,0,0,0,9,402,1,0;              2495P   2371
510,2481,1,1,2495;                                                  2497P   2372
120,2503,2501,0.0D0,6.28318530717959D0;                             2499P   2373
110,.0032D0,-1.766D0,.6245D0,-.0672D0,-1.766D0,.6245D0;             2501P   2374
110,.0032D0,-1.766D0,.562000000000001D0,-.9968D0,-1.766D0,          2503P   2375
.562000000000001D0;                                                 2503P   2376
100,0.0D0,0.0D0,0.0D0,-6.24999999999998D-2,1.78401088189492D-15,    2505P   2377
6.24999999999998D-2,6.5082572978575D-16;                            2505P   2378
124,0.0D0,0.0D0,1.0D0,-.064D0,0.0D0,-1.0D0,0.0D0,-1.766D0,1.0D0,    2507P   2379
0.0D0,0.0D0,.562000000000001D0;                                     2507P   2380
110,0.0D0,-1.766D0,.499500000000001D0,-.064D0,-1.766D0,             2509P   2381
.499500000000001D0;                                                 2509P   2382
100,0.0D0,0.0D0,0.0D0,6.24999999999998D-2,-6.81441899764434D-16,    2511P   2383
-6.24999999999998D-2,-1.75339471191623D-15;                         2511P   2384
124,0.0D0,0.0D0,-1.0D0,0.0D0,0.0D0,1.0D0,0.0D0,-1.766D0,1.0D0,      2513P   2385
0.0D0,0.0D0,.562000000000001D0;                                     2513P   2386
110,0.0D0,-1.766D0,.624500000000001D0,-.064D0,-1.766D0,             2515P   2387
.624500000000001D0;                                                 2515P   2388
508,4,0,9,413,0,0,0,9,414,0,0,0,9,415,0,0,0,9,416,1,0;              2517P   2389
510,2499,1,1,2517;                                                  2519P   2390
116,0.0D0,-2.519D0,.499500000000001D0,0;                            2521P   2391
123,0.0D0,0.0D0,1.0D0;                                              2523P   2392
190,2521,2523,2527;                                                 2525P   2393
123,1.0D0,0.0D0,0.0D0;                                              2527P   2394
110,-.064D0,-2.519D0,.499500000000001D0,-.064D0,-1.766D0,           2529P   2395
.499500000000001D0;                                                 2529P   2396
110,0.0D0,-2.519D0,.499500000000001D0,-.064D0,-2.519D0,             2531P   2397
.499500000000001D0;                                                 2531P   2398
110,0.0D0,-1.766D0,.499500000000001D0,0.0D0,-2.519D0,               2533P   2399
.499500000000001D0;                                                 2533P   2400
508,4,0,9,417,0,0,0,9,418,0,0,0,9,419,0,0,0,9,414,1,0;              2535P   2401
510,2525,1,1,2535;                                                  2537P   2402
120,2543,2541,0.0D0,6.28318530717959D0;                             2539P   2403
110,.0032D0,-2.519D0,.499500000000001D0,-.0672D0,-2.519D0,          2541P   2404
.499500000000001D0;                                                 2541P   2405
110,.0032D0,-2.519D0,.562D0,-.9968D0,-2.519D0,.562D0;               2543P   2406
100,0.0D0,0.0D0,0.0D0,-6.24999999999998D-2,                         2545P   2407
-8.80524377205452D-16,6.24999999999998D-2,-1.53080849893419D-17;    2545P   2408
124,0.0D0,0.0D0,1.0D0,-.064D0,0.0D0,1.0D0,0.0D0,-2.519D0,-1.0D0,    2547P   2409
0.0D0,0.0D0,.562D0;                                                 2547P   2410
110,0.0D0,-2.519D0,.624500000000001D0,-.064D0,-2.519D0,             2549P   2411
.624500000000001D0;                                                 2549P   2412
100,0.0D0,0.0D0,0.0D0,6.24999999999998D-2,0.0D0,                    2551P   2413
-6.24999999999998D-2,8.95832462194793D-16;                          2551P   2414
124,0.0D0,0.0D0,-1.0D0,0.0D0,0.0D0,-1.0D0,0.0D0,-2.519D0,-1.0D0,    2553P   2415
0.0D0,0.0D0,.562D0;                                                 2553P   2416
508,4,0,9,420,0,0,0,9,421,0,0,0,9,422,0,0,0,9,418,1,0;              2555P   2417
510,2539,1,1,2555;                                                  2557P   2418
116,0.0D0,-1.766D0,.624500000000001D0,0;                            2559P   2419
123,0.0D0,0.0D0,-1.0D0;                                             2561P   2420
190,2559,2561,2565;                                                 2563P   2421
123,-1.0D0,0.0D0,0.0D0;                                             2565P   2422
110,-.064D0,-1.766D0,.624500000000001D0,-.064D0,-2.519D0,           2567P   2423
.624500000000001D0;                                                 2567P   2424
110,0.0D0,-2.519D0,.624500000000001D0,0.0D0,-1.766D0,               2569P   2425
.624500000000001D0;                                                 2569P   2426
508,4,0,9,423,0,0,0,9,416,0,0,0,9,424,0,0,0,9,421,1,0;              2571P   2427
510,2563,1,1,2571;                                                  2573P   2428
116,0.0D0,-1.766D0,.249500000000001D0,0;                            2575P   2429
123,0.0D0,0.0D0,-1.0D0;                                             2577P   2430
190,2575,2577,2581;                                                 2579P   2431
123,-1.0D0,0.0D0,0.0D0;                                             2581P   2432
110,-.064D0,-1.766D0,.249500000000001D0,-.064D0,-2.519D0,           2583P   2433
.249500000000001D0;                                                 2583P   2434
110,0.0D0,-1.766D0,.249500000000001D0,-.064D0,-1.766D0,             2585P   2435
.249500000000001D0;                                                 2585P   2436
110,0.0D0,-2.519D0,.249500000000001D0,0.0D0,-1.766D0,               2587P   2437
.249500000000001D0;                                                 2587P   2438
110,0.0D0,-2.519D0,.249500000000001D0,-.064D0,-2.519D0,             2589P   2439
.249500000000001D0;                                                 2589P   2440
508,4,0,9,425,0,0,0,9,426,0,0,0,9,427,0,0,0,9,428,1,0;              2591P   2441
510,2579,1,1,2591;                                                  2593P   2442
120,2599,2597,0.0D0,6.28318530717959D0;                             2595P   2443
110,.0032D0,-2.519D0,.124500000000001D0,-.0672D0,-2.519D0,          2597P   2444
.124500000000001D0;                                                 2597P   2445
110,.0032D0,-2.519D0,.187000000000001D0,-.9968D0,-2.519D0,          2599P   2446
.187000000000001D0;                                                 2599P   2447
100,0.0D0,0.0D0,0.0D0,-6.24999999999998D-2,                         2601P   2448
-8.80524377205452D-16,6.24999999999998D-2,-1.53080849893419D-17;    2601P   2449
124,0.0D0,0.0D0,1.0D0,-.064D0,0.0D0,1.0D0,0.0D0,-2.519D0,-1.0D0,    2603P   2450
0.0D0,0.0D0,.187000000000001D0;                                     2603P   2451
100,0.0D0,0.0D0,0.0D0,6.24999999999998D-2,0.0D0,                    2605P   2452
-6.24999999999998D-2,8.95832462194793D-16;                          2605P   2453
124,0.0D0,0.0D0,-1.0D0,0.0D0,0.0D0,-1.0D0,0.0D0,-2.519D0,-1.0D0,    2607P   2454
0.0D0,0.0D0,.187000000000001D0;                                     2607P   2455
110,0.0D0,-2.519D0,.124500000000001D0,-.064D0,-2.519D0,             2609P   2456
.124500000000001D0;                                                 2609P   2457
508,4,0,9,429,0,0,0,9,428,0,0,0,9,430,0,0,0,9,431,1,0;              2611P   2458
510,2595,1,1,2611;                                                  2613P   2459
116,0.0D0,-2.519D0,.124500000000001D0,0;                            2615P   2460
123,0.0D0,0.0D0,1.0D0;                                              2617P   2461
190,2615,2617,2621;                                                 2619P   2462
123,1.0D0,0.0D0,0.0D0;                                              2621P   2463
110,-.064D0,-2.519D0,.124500000000001D0,-.064D0,-1.766D0,           2623P   2464
.124500000000001D0;                                                 2623P   2465
110,0.0D0,-1.766D0,.124500000000001D0,0.0D0,-2.519D0,               2625P   2466
.124500000000001D0;                                                 2625P   2467
110,0.0D0,-1.766D0,.124500000000001D0,-.064D0,-1.766D0,             2627P   2468
.124500000000001D0;                                                 2627P   2469
508,4,0,9,432,0,0,0,9,431,0,0,0,9,433,0,0,0,9,434,1,0;              2629P   2470
510,2619,1,1,2629;                                                  2631P   2471
120,2637,2635,0.0D0,6.28318530717959D0;                             2633P   2472
110,.0032D0,-1.766D0,.249500000000001D0,-.0672D0,-1.766D0,          2635P   2473
.249500000000001D0;                                                 2635P   2474
110,.0032D0,-1.766D0,.187000000000001D0,-.9968D0,-1.766D0,          2637P   2475
.187000000000001D0;                                                 2637P   2476
100,0.0D0,0.0D0,0.0D0,-6.24999999999998D-2,1.78401088189492D-15,    2639P   2477
6.24999999999998D-2,6.5082572978575D-16;                            2639P   2478
124,0.0D0,0.0D0,1.0D0,-.064D0,0.0D0,-1.0D0,0.0D0,-1.766D0,1.0D0,    2641P   2479
0.0D0,0.0D0,.187000000000001D0;                                     2641P   2480
100,0.0D0,0.0D0,0.0D0,6.24999999999998D-2,-6.81441899764434D-16,    2643P   2481
-6.24999999999998D-2,-1.75339471191623D-15;                         2643P   2482
124,0.0D0,0.0D0,-1.0D0,0.0D0,0.0D0,1.0D0,0.0D0,-1.766D0,1.0D0,      2645P   2483
0.0D0,0.0D0,.187000000000001D0;                                     2645P   2484
508,4,0,9,435,0,0,0,9,434,0,0,0,9,436,0,0,0,9,426,1,0;              2647P   2485
510,2633,1,1,2647;                                                  2649P   2486
120,2655,2653,0.0D0,6.28318530717959D0;                             2651P   2487
110,.0032D0,-1.766D0,-.125499999999999D0,-.0672D0,-1.766D0,         2653P   2488
-.125499999999999D0;                                                2653P   2489
110,.0032D0,-1.766D0,-.187999999999999D0,-.9968D0,-1.766D0,         2655P   2490
-.187999999999999D0;                                                2655P   2491
100,0.0D0,0.0D0,0.0D0,-6.24999999999998D-2,1.78401088189492D-15,    2657P   2492
6.24999999999998D-2,6.5082572978575D-16;                            2657P   2493
124,0.0D0,0.0D0,1.0D0,-.064D0,0.0D0,-1.0D0,0.0D0,-1.766D0,1.0D0,    2659P   2494
0.0D0,0.0D0,-.187999999999999D0;                                    2659P   2495
110,0.0D0,-1.766D0,-.250499999999999D0,-.064D0,-1.766D0,            2661P   2496
-.250499999999999D0;                                                2661P   2497
100,0.0D0,0.0D0,0.0D0,6.24999999999998D-2,-6.81441899764434D-16,    2663P   2498
-6.24999999999998D-2,-1.75339471191623D-15;                         2663P   2499
124,0.0D0,0.0D0,-1.0D0,0.0D0,0.0D0,1.0D0,0.0D0,-1.766D0,1.0D0,      2665P   2500
0.0D0,0.0D0,-.187999999999999D0;                                    2665P   2501
110,0.0D0,-1.766D0,-.125499999999999D0,-.064D0,-1.766D0,            2667P   2502
-.125499999999999D0;                                                2667P   2503
508,4,0,9,437,0,0,0,9,438,0,0,0,9,439,0,0,0,9,440,1,0;              2669P   2504
510,2651,1,1,2669;                                                  2671P   2505
116,0.0D0,-2.519D0,-.250499999999999D0,0;                           2673P   2506
123,0.0D0,0.0D0,1.0D0;                                              2675P   2507
190,2673,2675,2679;                                                 2677P   2508
123,1.0D0,0.0D0,0.0D0;                                              2679P   2509
110,-.064D0,-2.519D0,-.250499999999999D0,-.064D0,-1.766D0,          2681P   2510
-.250499999999999D0;                                                2681P   2511
110,0.0D0,-2.519D0,-.250499999999999D0,-.064D0,-2.519D0,            2683P   2512
-.250499999999999D0;                                                2683P   2513
110,0.0D0,-1.766D0,-.250499999999999D0,0.0D0,-2.519D0,              2685P   2514
-.250499999999999D0;                                                2685P   2515
508,4,0,9,441,0,0,0,9,442,0,0,0,9,443,0,0,0,9,438,1,0;              2687P   2516
510,2677,1,1,2687;                                                  2689P   2517
120,2695,2693,0.0D0,6.28318530717959D0;                             2691P   2518
110,.0032D0,-2.519D0,-.250499999999999D0,-.0672D0,-2.519D0,         2693P   2519
-.250499999999999D0;                                                2693P   2520
110,.0032D0,-2.519D0,-.187999999999999D0,-.9968D0,-2.519D0,         2695P   2521
-.187999999999999D0;                                                2695P   2522
100,0.0D0,0.0D0,0.0D0,-6.24999999999998D-2,                         2697P   2523
-1.32461358705551D-15,6.24999999999998D-2,-4.59397294839403D-16;    2697P   2524
124,0.0D0,0.0D0,1.0D0,-.064D0,0.0D0,1.0D0,0.0D0,-2.519D0,-1.0D0,    2699P   2525
0.0D0,0.0D0,-.187999999999999D0;                                    2699P   2526
110,0.0D0,-2.519D0,-.125499999999999D0,-.064D0,-2.519D0,            2701P   2527
-.125499999999999D0;                                                2701P   2528
100,0.0D0,0.0D0,0.0D0,6.24999999999998D-2,4.44089209850065D-16,     2703P   2529
-6.24999999999998D-2,1.33992167204485D-15;                          2703P   2530
124,0.0D0,0.0D0,-1.0D0,0.0D0,0.0D0,-1.0D0,0.0D0,-2.519D0,-1.0D0,    2705P   2531
0.0D0,0.0D0,-.187999999999999D0;                                    2705P   2532
508,4,0,9,444,0,0,0,9,445,0,0,0,9,446,0,0,0,9,442,1,0;              2707P   2533
510,2691,1,1,2707;                                                  2709P   2534
116,0.0D0,-1.766D0,-.125499999999999D0,0;                           2711P   2535
123,0.0D0,0.0D0,-1.0D0;                                             2713P   2536
190,2711,2713,2717;                                                 2715P   2537
123,-1.0D0,0.0D0,0.0D0;                                             2717P   2538
110,-.064D0,-1.766D0,-.125499999999999D0,-.064D0,-2.519D0,          2719P   2539
-.125499999999999D0;                                                2719P   2540
110,0.0D0,-2.519D0,-.125499999999999D0,0.0D0,-1.766D0,              2721P   2541
-.125499999999999D0;                                                2721P   2542
508,4,0,9,447,0,0,0,9,440,0,0,0,9,448,0,0,0,9,445,1,0;              2723P   2543
510,2715,1,1,2723;                                                  2725P   2544
116,0.0D0,-1.766D0,-.500499999999999D0,0;                           2727P   2545
123,0.0D0,0.0D0,-1.0D0;                                             2729P   2546
190,2727,2729,2733;                                                 2731P   2547
123,-1.0D0,0.0D0,0.0D0;                                             2733P   2548
110,-.064D0,-1.766D0,-.500499999999999D0,-.064D0,-2.519D0,          2735P   2549
-.500499999999999D0;                                                2735P   2550
110,0.0D0,-1.766D0,-.500499999999999D0,-.064D0,-1.766D0,            2737P   2551
-.500499999999999D0;                                                2737P   2552
110,0.0D0,-2.519D0,-.500499999999999D0,0.0D0,-1.766D0,              2739P   2553
-.500499999999999D0;                                                2739P   2554
110,0.0D0,-2.519D0,-.500499999999999D0,-.064D0,-2.519D0,            2741P   2555
-.500499999999999D0;                                                2741P   2556
508,4,0,9,449,0,0,0,9,450,0,0,0,9,451,0,0,0,9,452,1,0;              2743P   2557
510,2731,1,1,2743;                                                  2745P   2558
120,2751,2749,0.0D0,6.28318530717959D0;                             2747P   2559
110,.0032D0,-2.519D0,-.625499999999999D0,-.0672D0,-2.519D0,         2749P   2560
-.625499999999999D0;                                                2749P   2561
110,.0032D0,-2.519D0,-.563D0,-.9968D0,-2.519D0,-.563D0;             2751P   2562
100,0.0D0,0.0D0,0.0D0,-6.24999999999998D-2,                         2753P   2563
-1.32461358705551D-15,6.24999999999998D-2,-4.59397294839403D-16;    2753P   2564
124,0.0D0,0.0D0,1.0D0,-.064D0,0.0D0,1.0D0,0.0D0,-2.519D0,-1.0D0,    2755P   2565
0.0D0,0.0D0,-.563D0;                                                2755P   2566
100,0.0D0,0.0D0,0.0D0,6.24999999999998D-2,4.44089209850065D-16,     2757P   2567
-6.24999999999998D-2,1.33992167204485D-15;                          2757P   2568
124,0.0D0,0.0D0,-1.0D0,0.0D0,0.0D0,-1.0D0,0.0D0,-2.519D0,-1.0D0,    2759P   2569
0.0D0,0.0D0,-.563D0;                                                2759P   2570
110,0.0D0,-2.519D0,-.625499999999999D0,-.064D0,-2.519D0,            2761P   2571
-.625499999999999D0;                                                2761P   2572
508,4,0,9,453,0,0,0,9,452,0,0,0,9,454,0,0,0,9,455,1,0;              2763P   2573
510,2747,1,1,2763;                                                  2765P   2574
116,0.0D0,-2.519D0,-.625499999999999D0,0;                           2767P   2575
123,0.0D0,0.0D0,1.0D0;                                              2769P   2576
190,2767,2769,2773;                                                 2771P   2577
123,1.0D0,0.0D0,0.0D0;                                              2773P   2578
110,-.064D0,-2.519D0,-.625499999999999D0,-.064D0,-1.766D0,          2775P   2579
-.625499999999999D0;                                                2775P   2580
110,0.0D0,-1.766D0,-.625499999999999D0,0.0D0,-2.519D0,              2777P   2581
-.625499999999999D0;                                                2777P   2582
110,0.0D0,-1.766D0,-.625499999999999D0,-.064D0,-1.766D0,            2779P   2583
-.625499999999999D0;                                                2779P   2584
508,4,0,9,456,0,0,0,9,455,0,0,0,9,457,0,0,0,9,458,1,0;              2781P   2585
510,2771,1,1,2781;                                                  2783P   2586
120,2789,2787,0.0D0,6.28318530717959D0;                             2785P   2587
110,.0032D0,-1.766D0,-.5005D0,-.0672D0,-1.766D0,-.5005D0;           2787P   2588
110,.0032D0,-1.766D0,-.562999999999999D0,-.9968D0,-1.766D0,         2789P   2589
-.562999999999999D0;                                                2789P   2590
100,0.0D0,0.0D0,0.0D0,-6.24999999999998D-2,2.22810009174498D-15,    2791P   2591
6.24999999999998D-2,1.09491493963581D-15;                           2791P   2592
124,0.0D0,0.0D0,1.0D0,-.064D0,0.0D0,-1.0D0,0.0D0,-1.766D0,1.0D0,    2793P   2593
0.0D0,0.0D0,-.562999999999999D0;                                    2793P   2594
100,0.0D0,0.0D0,0.0D0,6.24999999999998D-2,-1.1255311096145D-15,     2795P   2595
-6.24999999999998D-2,-2.19748392176629D-15;                         2795P   2596
124,0.0D0,0.0D0,-1.0D0,0.0D0,0.0D0,1.0D0,0.0D0,-1.766D0,1.0D0,      2797P   2597
0.0D0,0.0D0,-.562999999999999D0;                                    2797P   2598
508,4,0,9,459,0,0,0,9,458,0,0,0,9,460,0,0,0,9,450,1,0;              2799P   2599
510,2785,1,1,2799;                                                  2801P   2600
120,2807,2805,0.0D0,6.28318530717959D0;                             2803P   2601
110,.0032D0,-1.766D0,-.8755D0,-.0672D0,-1.766D0,-.8755D0;           2805P   2602
110,.0032D0,-1.766D0,-.937999999999999D0,-.9968D0,-1.766D0,         2807P   2603
-.937999999999999D0;                                                2807P   2604
100,0.0D0,0.0D0,0.0D0,-6.24999999999998D-2,2.22810009174498D-15,    2809P   2605
6.24999999999998D-2,1.09491493963581D-15;                           2809P   2606
124,0.0D0,0.0D0,1.0D0,-.064D0,0.0D0,-1.0D0,0.0D0,-1.766D0,1.0D0,    2811P   2607
0.0D0,0.0D0,-.937999999999999D0;                                    2811P   2608
110,0.0D0,-1.766D0,-1.0005D0,-.064D0,-1.766D0,-1.0005D0;            2813P   2609
100,0.0D0,0.0D0,0.0D0,6.24999999999998D-2,-1.1255311096145D-15,     2815P   2610
-6.24999999999998D-2,-2.19748392176629D-15;                         2815P   2611
124,0.0D0,0.0D0,-1.0D0,0.0D0,0.0D0,1.0D0,0.0D0,-1.766D0,1.0D0,      2817P   2612
0.0D0,0.0D0,-.937999999999999D0;                                    2817P   2613
110,0.0D0,-1.766D0,-.875499999999999D0,-.064D0,-1.766D0,            2819P   2614
-.875499999999999D0;                                                2819P   2615
508,4,0,9,461,0,0,0,9,462,0,0,0,9,463,0,0,0,9,464,1,0;              2821P   2616
510,2803,1,1,2821;                                                  2823P   2617
116,0.0D0,-2.519D0,-1.0005D0,0;                                     2825P   2618
123,0.0D0,0.0D0,1.0D0;                                              2827P   2619
190,2825,2827,2831;                                                 2829P   2620
123,1.0D0,0.0D0,0.0D0;                                              2831P   2621
110,-.064D0,-2.519D0,-1.0005D0,-.064D0,-1.766D0,-1.0005D0;          2833P   2622
110,0.0D0,-2.519D0,-1.0005D0,-.064D0,-2.519D0,-1.0005D0;            2835P   2623
110,0.0D0,-1.766D0,-1.0005D0,0.0D0,-2.519D0,-1.0005D0;              2837P   2624
508,4,0,9,465,0,0,0,9,466,0,0,0,9,467,0,0,0,9,462,1,0;              2839P   2625
510,2829,1,1,2839;                                                  2841P   2626
120,2847,2845,0.0D0,6.28318530717959D0;                             2843P   2627
110,.0032D0,-2.519D0,-1.0005D0,-.0672D0,-2.519D0,-1.0005D0;         2845P   2628
110,.0032D0,-2.519D0,-.938D0,-.9968D0,-2.519D0,-.938D0;             2847P   2629
100,0.0D0,0.0D0,0.0D0,-6.24999999999998D-2,                         2849P   2630
-1.32461358705551D-15,6.24999999999998D-2,-4.59397294839403D-16;    2849P   2631
124,0.0D0,0.0D0,1.0D0,-.064D0,0.0D0,1.0D0,0.0D0,-2.519D0,-1.0D0,    2851P   2632
0.0D0,0.0D0,-.938D0;                                                2851P   2633
110,0.0D0,-2.519D0,-.875499999999999D0,-.064D0,-2.519D0,            2853P   2634
-.875499999999999D0;                                                2853P   2635
100,0.0D0,0.0D0,0.0D0,6.24999999999998D-2,4.44089209850064D-16,     2855P   2636
-6.24999999999998D-2,1.33992167204485D-15;                          2855P   2637
124,0.0D0,0.0D0,-1.0D0,0.0D0,0.0D0,-1.0D0,0.0D0,-2.519D0,-1.0D0,    2857P   2638
0.0D0,0.0D0,-.938D0;                                                2857P   2639
508,4,0,9,468,0,0,0,9,469,0,0,0,9,470,0,0,0,9,466,1,0;              2859P   2640
510,2843,1,1,2859;                                                  2861P   2641
116,0.0D0,-1.766D0,-.875499999999999D0,0;                           2863P   2642
123,0.0D0,0.0D0,-1.0D0;                                             2865P   2643
190,2863,2865,2869;                                                 2867P   2644
123,-1.0D0,0.0D0,0.0D0;                                             2869P   2645
110,-.064D0,-1.766D0,-.875499999999999D0,-.064D0,-2.519D0,          2871P   2646
-.875499999999999D0;                                                2871P   2647
110,0.0D0,-2.519D0,-.875499999999999D0,0.0D0,-1.766D0,              2873P   2648
-.875499999999999D0;                                                2873P   2649
508,4,0,9,471,0,0,0,9,464,0,0,0,9,472,0,0,0,9,469,1,0;              2875P   2650
510,2867,1,1,2875;                                                  2877P   2651
120,2883,2881,0.0D0,6.28318530717959D0;                             2879P   2652
110,-.6282D0,-2.48300000000001D0,-4.62500000000012D0,-.5578D0,      2881P   2653
-2.48300000000001D0,-4.62500000000012D0;                            2881P   2654
110,-.6282D0,-2.48300000000001D0,-4.51600000000012D0,.3718D0,       2883P   2655
-2.48300000000001D0,-4.51600000000012D0;                            2883P   2656
100,0.0D0,0.0D0,0.0D0,-.109D0,2.67566346316183D-15,.109D0,          2885P   2657
-2.25336059840963D-15;                                              2885P   2658
100,0.0D0,0.0D0,0.0D0,.109D0,2.22044604925033D-15,-.109D0,          2887P   2659
-2.21331464807751D-15;                                              2887P   2660
508,4,0,9,85,1,0,0,9,473,0,0,0,9,87,0,0,0,9,474,0,0;                2889P   2661
510,2879,1,1,2889;                                                  2891P   2662
120,2897,2895,0.0D0,6.28318530717959D0;                             2893P   2663
110,-.6282D0,2.51699999999999D0,-4.62500000000001D0,-.5578D0,       2895P   2664
2.51699999999999D0,-4.62500000000001D0;                             2895P   2665
110,-.6282D0,2.51699999999999D0,-4.51600000000001D0,.3718D0,        2897P   2666
2.51699999999999D0,-4.51600000000001D0;                             2897P   2667
100,0.0D0,0.0D0,0.0D0,-.109D0,2.24001194829892D-15,.109D0,          2899P   2668
-2.25336059840963D-15;                                              2899P   2669
100,0.0D0,0.0D0,0.0D0,.109D0,2.6645352591004D-15,-.109D0,           2901P   2670
-2.21331464807751D-15;                                              2901P   2671
508,4,0,9,81,1,0,0,9,475,0,0,0,9,83,0,0,0,9,476,0,0;                2903P   2672
510,2893,1,1,2903;                                                  2905P   2673
120,2911,2909,0.0D0,6.28318530717959D0;                             2907P   2674
110,-.6282D0,1.89199999999999D0,-4.62500000000002D0,-.5578D0,       2909P   2675
1.89199999999999D0,-4.62500000000002D0;                             2909P   2676
110,-.6282D0,1.89199999999999D0,-4.51600000000002D0,.3718D0,        2911P   2677
1.89199999999999D0,-4.51600000000002D0;                             2911P   2678
100,0.0D0,0.0D0,0.0D0,-.109D0,2.43363484379355D-15,.109D0,          2913P   2679
-2.44698349390425D-15;                                              2913P   2680
100,0.0D0,0.0D0,0.0D0,.109D0,2.44249065417537D-15,-.109D0,          2915P   2681
-2.40693754357213D-15;                                              2915P   2682
508,4,0,9,77,1,0,0,9,477,0,0,0,9,79,0,0,0,9,478,0,0;                2917P   2683
510,2907,1,1,2917;                                                  2919P   2684
120,2925,2923,0.0D0,6.28318530717959D0;                             2921P   2685
110,-.6282D0,1.26699999999999D0,-4.62500000000004D0,-.5578D0,       2923P   2686
1.26699999999999D0,-4.62500000000004D0;                             2923P   2687
110,-.6282D0,1.26699999999999D0,-4.51600000000004D0,.3718D0,        2925P   2688
1.26699999999999D0,-4.51600000000004D0;                             2925P   2689
100,0.0D0,0.0D0,0.0D0,-.109D0,2.43363484379355D-15,.109D0,          2927P   2690
-2.44698349390425D-15;                                              2927P   2691
100,0.0D0,0.0D0,0.0D0,.109D0,2.44249065417534D-15,-.109D0,          2929P   2692
-2.40693754357213D-15;                                              2929P   2693
508,4,0,9,73,1,0,0,9,479,0,0,0,9,75,0,0,0,9,480,0,0;                2931P   2694
510,2921,1,1,2931;                                                  2933P   2695
120,2939,2937,0.0D0,6.28318530717959D0;                             2935P   2696
110,-.6282D0,.641999999999989D0,-4.62500000000005D0,-.5578D0,       2937P   2697
.641999999999989D0,-4.62500000000005D0;                             2937P   2698
110,-.6282D0,.641999999999989D0,-4.51600000000005D0,.3718D0,        2939P   2699
.641999999999989D0,-4.51600000000005D0;                             2939P   2700
100,0.0D0,0.0D0,0.0D0,-.109D0,2.33682339604623D-15,.109D0,          2941P   2701
-2.35017204615694D-15;                                              2941P   2702
100,0.0D0,0.0D0,0.0D0,.109D0,2.44249065417534D-15,-.109D0,          2943P   2703
-2.40693754357213D-15;                                              2943P   2704
508,4,0,9,69,1,0,0,9,481,0,0,0,9,71,0,0,0,9,482,0,0;                2945P   2705
510,2935,1,1,2945;                                                  2947P   2706
120,2953,2951,0.0D0,6.28318530717959D0;                             2949P   2707
110,-.6282D0,1.69999999999893D-2,-4.62500000000006D0,-.5578D0,      2951P   2708
1.69999999999893D-2,-4.62500000000006D0;                            2951P   2709
110,-.6282D0,1.69999999999893D-2,-4.51600000000006D0,.3718D0,       2953P   2710
1.69999999999893D-2,-4.51600000000006D0;                            2953P   2711
100,0.0D0,0.0D0,0.0D0,-.109D0,2.38522911991989D-15,.109D0,          2955P   2712
-2.44698349390425D-15;                                              2955P   2713
100,0.0D0,0.0D0,0.0D0,.109D0,2.38004060904018D-15,-.109D0,          2957P   2714
-2.35853181969848D-15;                                              2957P   2715
508,4,0,9,65,1,0,0,9,483,0,0,0,9,67,0,0,0,9,484,0,0;                2959P   2716
510,2949,1,1,2959;                                                  2961P   2717
120,2967,2965,0.0D0,6.28318530717959D0;                             2963P   2718
110,-.6282D0,-.608000000000011D0,-4.62500000000008D0,-.5578D0,      2965P   2719
-.608000000000011D0,-4.62500000000008D0;                            2965P   2720
110,-.6282D0,-.608000000000011D0,-4.51600000000008D0,.3718D0,       2967P   2721
-.608000000000011D0,-4.51600000000008D0;                            2967P   2722
100,0.0D0,0.0D0,0.0D0,-.109D0,2.33682339604623D-15,.109D0,          2969P   2723
-2.35017204615694D-15;                                              2969P   2724
100,0.0D0,0.0D0,0.0D0,.109D0,2.33146835171283D-15,-.109D0,          2971P   2725
-2.40693754357213D-15;                                              2971P   2726
508,4,0,9,61,1,0,0,9,485,0,0,0,9,63,0,0,0,9,486,0,0;                2973P   2727
510,2963,1,1,2973;                                                  2975P   2728
120,2981,2979,0.0D0,6.28318530717959D0;                             2977P   2729
110,-.6282D0,-1.23300000000001D0,-4.62500000000009D0,-.5578D0,      2979P   2730
-1.23300000000001D0,-4.62500000000009D0;                            2979P   2731
110,-.6282D0,-1.23300000000001D0,-4.51600000000009D0,.3718D0,       2981P   2732
-1.23300000000001D0,-4.51600000000009D0;                            2981P   2733
100,0.0D0,0.0D0,0.0D0,-.109D0,2.43363484379355D-15,.109D0,          2983P   2734
-2.44698349390425D-15;                                              2983P   2735
100,0.0D0,0.0D0,0.0D0,.109D0,2.44249065417534D-15,-.109D0,          2985P   2736
-2.40693754357213D-15;                                              2985P   2737
508,4,0,9,57,1,0,0,9,487,0,0,0,9,59,0,0,0,9,488,0,0;                2987P   2738
510,2977,1,1,2987;                                                  2989P   2739
120,2995,2993,0.0D0,6.28318530717959D0;                             2991P   2740
110,-.6282D0,-1.85800000000001D0,-4.62500000000011D0,-.5578D0,      2993P   2741
-1.85800000000001D0,-4.62500000000011D0;                            2993P   2742
110,-.6282D0,-1.85800000000001D0,-4.51600000000011D0,.3718D0,       2995P   2743
-1.85800000000001D0,-4.51600000000011D0;                            2995P   2744
100,0.0D0,0.0D0,0.0D0,-.109D0,2.43363484379355D-15,.109D0,          2997P   2745
-2.44698349390425D-15;                                              2997P   2746
100,0.0D0,0.0D0,0.0D0,.109D0,2.44249065417537D-15,-.109D0,          2999P   2747
-2.40693754357213D-15;                                              2999P   2748
508,4,0,9,53,1,0,0,9,489,0,0,0,9,55,0,0,0,9,490,0,0;                3001P   2749
510,2991,1,1,3001;                                                  3003P   2750
120,3009,3007,0.0D0,6.28318530717959D0;                             3005P   2751
110,-.263000000000001D0,-1.23300000000026D0,-4.95620000000009D0,    3007P   2752
-.263000000000001D0,-1.23300000000026D0,-4.88580000000009D0;        3007P   2753
110,-.321000000000001D0,-1.23300000000026D0,-4.95620000000009D0,    3009P   2754
-.321000000000001D0,-1.23300000000026D0,-3.95620000000009D0;        3009P   2755
100,0.0D0,0.0D0,0.0D0,-.058D0,7.10295143505465D-18,.058D0,          3011P   2756
-1.42059028701093D-17;                                              3011P   2757
100,0.0D0,0.0D0,0.0D0,.058D0,0.0D0,-.058D0,2.13160344805484D-16;    3013P   2758
508,4,0,9,49,1,0,0,9,491,0,0,0,9,51,0,0,0,9,492,0,0;                3015P   2759
510,3005,1,1,3015;                                                  3017P   2760
120,3023,3021,0.0D0,6.28318530717959D0;                             3019P   2761
110,-.263000000000001D0,1.26699999999974D0,-4.95620000000003D0,     3021P   2762
-.263000000000001D0,1.26699999999974D0,-4.88580000000003D0;         3021P   2763
110,-.321000000000001D0,1.26699999999974D0,-4.95620000000003D0,     3023P   2764
-.321000000000001D0,1.26699999999974D0,-3.95620000000003D0;         3023P   2765
100,0.0D0,0.0D0,0.0D0,-.058D0,7.10295143505465D-18,.058D0,          3025P   2766
1.9185149050032D-16;                                                3025P   2767
100,0.0D0,0.0D0,0.0D0,.058D0,0.0D0,-.058D0,7.10295143505465D-18;    3027P   2768
508,4,0,9,45,1,0,0,9,493,0,0,0,9,47,0,0,0,9,494,0,0;                3029P   2769
510,3019,1,1,3029;                                                  3031P   2770
128,1,8,1,2,0,1,0,0,0,-171.875D0,-171.875D0,2.8421709430404D-14,    3033P   2771
2.8421709430404D-14,0.0D0,0.0D0,0.0D0,5.02654824574367D-2,          3033P   2772
5.02654824574367D-2,.100530964914873D0,.100530964914873D0,          3033P   2773
.15079644737231D0,.15079644737231D0,.201061929829747D0,             3033P   2774
.201061929829747D0,.201061929829747D0,1.0D0,1.0D0,                  3033P   2775
.707106781186548D0,.707106781186548D0,1.0D0,1.0D0,                  3033P   2776
.707106781186548D0,.707106781186548D0,1.0D0,1.0D0,                  3033P   2777
.707106781186548D0,.707106781186548D0,1.0D0,1.0D0,                  3033P   2778
.707106781186548D0,.707106781186548D0,1.0D0,1.0D0,-.064D0,          3033P   2779
-2.733D0,-4.85700000000012D0,-.064D0,2.767D0,-4.857D0,-.064D0,      3033P   2780
-2.733D0,-4.88900000000012D0,-.064D0,2.767D0,-4.889D0,-.096D0,      3033P   2781
-2.733D0,-4.88900000000012D0,-.096D0,2.767D0,-4.889D0,-.128D0,      3033P   2782
-2.733D0,-4.88900000000012D0,-.128D0,2.767D0,-4.889D0,-.128D0,      3033P   2783
-2.733D0,-4.85700000000012D0,-.128D0,2.767D0,-4.857D0,-.128D0,      3033P   2784
-2.73300000000001D0,-4.82500000000012D0,-.128D0,2.767D0,            3033P   2785
-4.825D0,-.096D0,-2.73300000000001D0,-4.82500000000012D0,           3033P   2786
-.096D0,2.767D0,-4.825D0,-.064D0,-2.73300000000001D0,               3033P   2787
-4.82500000000012D0,-.064D0,2.767D0,-4.825D0,-.064D0,-2.733D0,      3033P   2788
-4.85700000000012D0,-.064D0,2.767D0,-4.857D0,-171.875D0,            3033P   2789
2.8421709430404D-14,0.0D0,.201061929829747D0;                       3033P   2790
100,0.0D0,0.0D0,0.0D0,-.032D0,3.91886975727153D-18,                 3035P   2791
-5.8783046359073D-18,-.032D0;                                       3035P   2792
124,-1.0D0,0.0D0,0.0D0,-.096D0,0.0D0,0.0D0,1.0D0,-2.733D0,0.0D0,    3037P   2793
1.0D0,0.0D0,-4.85700000000012D0;                                    3037P   2794
110,-.064D0,-2.733D0,-4.85700000000012D0,-.064D0,2.767D0,           3039P   2795
-4.857D0;                                                           3039P   2796
100,0.0D0,0.0D0,0.0D0,-1.22514198365662D-17,.032D0,-.032D0,         3041P   2797
3.91886975727153D-18;                                               3041P   2798
124,-1.0D0,0.0D0,0.0D0,-.096D0,0.0D0,0.0D0,-1.0D0,2.767D0,0.0D0,    3043P   2799
-1.0D0,0.0D0,-4.857D0;                                              3043P   2800
110,-.096D0,2.767D0,-4.889D0,-.096D0,-2.733D0,                      3045P   2801
-4.88900000000012D0;                                                3045P   2802
508,4,0,9,495,0,0,0,9,496,1,0,0,9,497,0,0,0,9,498,1,0;              3047P   2803
510,3033,1,1,3047;                                                  3049P   2804
128,1,1,1,1,0,0,1,0,0,0.0D0,0.0D0,.433D0,.433D0,0.0D0,0.0D0,        3051P   2805
5.5D0,5.5D0,1.0D0,1.0D0,1.0D0,1.0D0,-.096D0,2.767D0,-4.889D0,       3051P   2806
-.529D0,2.767D0,-4.889D0,-.096D0,-2.733D0,-4.88900000000012D0,      3051P   2807
-.529D0,-2.733D0,-4.88900000000012D0,0.0D0,.433D0,0.0D0,5.5D0;      3051P   2808
110,-.096D0,-2.733D0,-4.88900000000012D0,-.529D0,-2.733D0,          3053P   2809
-4.88900000000012D0;                                                3053P   2810
110,-.529D0,2.767D0,-4.889D0,-.096D0,2.767D0,-4.889D0;              3055P   2811
110,-.529D0,2.767D0,-4.889D0,-.529D0,-2.733D0,                      3057P   2812
-4.88900000000012D0;                                                3057P   2813
508,4,0,9,499,0,0,0,9,498,0,0,0,9,500,0,0,0,9,501,1,0;              3059P   2814
508,2,0,9,491,1,0,0,9,52,1,0;                                       3061P   2815
508,2,0,9,493,1,0,0,9,48,1,0;                                       3063P   2816
510,3051,3,1,3059,3061,3063;                                        3065P   2817
128,1,8,1,2,0,1,0,0,0,-171.875D0,-171.875D0,2.8421709430404D-14,    3067P   2818
2.8421709430404D-14,0.0D0,0.0D0,0.0D0,5.02654824574367D-2,          3067P   2819
5.02654824574367D-2,.100530964914873D0,.100530964914873D0,          3067P   2820
.15079644737231D0,.15079644737231D0,.201061929829747D0,             3067P   2821
.201061929829747D0,.201061929829747D0,1.0D0,1.0D0,                  3067P   2822
.707106781186548D0,.707106781186548D0,1.0D0,1.0D0,                  3067P   2823
.707106781186548D0,.707106781186548D0,1.0D0,1.0D0,                  3067P   2824
.707106781186548D0,.707106781186548D0,1.0D0,1.0D0,                  3067P   2825
.707106781186548D0,.707106781186548D0,1.0D0,1.0D0,-.529D0,          3067P   2826
-2.733D0,-4.88900000000012D0,-.529D0,2.767D0,-4.889D0,-.561D0,      3067P   2827
-2.733D0,-4.88900000000012D0,-.561D0,2.767D0,-4.889D0,-.561D0,      3067P   2828
-2.733D0,-4.85700000000012D0,-.561D0,2.767D0,-4.857D0,-.561D0,      3067P   2829
-2.73300000000001D0,-4.82500000000012D0,-.561D0,2.767D0,            3067P   2830
-4.825D0,-.529D0,-2.73300000000001D0,-4.82500000000012D0,           3067P   2831
-.529D0,2.767D0,-4.825D0,-.497D0,-2.73300000000001D0,               3067P   2832
-4.82500000000012D0,-.497D0,2.767D0,-4.825D0,-.497D0,-2.733D0,      3067P   2833
-4.85700000000012D0,-.497D0,2.767D0,-4.857D0,-.497D0,-2.733D0,      3067P   2834
-4.88900000000012D0,-.497D0,2.767D0,-4.889D0,-.529D0,-2.733D0,      3067P   2835
-4.88900000000012D0,-.529D0,2.767D0,-4.889D0,-171.875D0,            3067P   2836
2.8421709430404D-14,0.0D0,.201061929829747D0;                       3067P   2837
100,0.0D0,0.0D0,0.0D0,-.032D0,3.91886975727153D-18,                 3069P   2838
-5.8783046359073D-18,-.032D0;                                       3069P   2839
124,0.0D0,1.0D0,0.0D0,-.529D0,0.0D0,0.0D0,1.0D0,-2.733D0,1.0D0,     3071P   2840
0.0D0,0.0D0,-4.85700000000012D0;                                    3071P   2841
100,0.0D0,0.0D0,0.0D0,1.95943487863577D-18,.032D0,-.032D0,          3073P   2842
3.91886975727153D-18;                                               3073P   2843
124,0.0D0,-1.0D0,0.0D0,-.529D0,0.0D0,0.0D0,-1.0D0,2.767D0,1.0D0,    3075P   2844
0.0D0,0.0D0,-4.857D0;                                               3075P   2845
110,-.561D0,2.767D0,-4.857D0,-.561D0,-2.733D0,                      3077P   2846
-4.85700000000012D0;                                                3077P   2847
508,4,0,9,502,0,0,0,9,501,0,0,0,9,503,0,0,0,9,504,1,0;              3079P   2848
510,3067,1,1,3079;                                                  3081P   2849
128,1,1,1,1,0,0,1,0,0,0.0D0,0.0D0,.52900000000012D0,                3083P   2850
.52900000000012D0,0.0D0,0.0D0,5.50000000000001D0,                   3083P   2851
5.50000000000001D0,1.0D0,1.0D0,1.0D0,1.0D0,-.561D0,2.767D0,         3083P   2852
-4.85700000000012D0,-.561D0,2.767D0,-4.328D0,-.561D0,               3083P   2853
-2.73300000000002D0,-4.85700000000012D0,-.561D0,                    3083P   2854
-2.73300000000002D0,-4.328D0,0.0D0,.52900000000012D0,0.0D0,         3083P   2855
5.50000000000001D0;                                                 3083P   2856
110,-.561D0,-2.733D0,-4.85700000000012D0,-.561D0,                   3085P   2857
-2.73300000000002D0,-4.32800000000012D0;                            3085P   2858
110,-.561D0,2.76699999999999D0,-4.328D0,-.561D0,2.767D0,            3087P   2859
-4.857D0;                                                           3087P   2860
110,-.561D0,2.76699999999999D0,-4.328D0,-.561D0,                    3089P   2861
-2.73300000000002D0,-4.32800000000012D0;                            3089P   2862
508,4,0,9,505,0,0,0,9,504,0,0,0,9,506,0,0,0,9,507,1,0;              3091P   2863
508,2,0,9,473,1,0,0,9,88,1,0;                                       3093P   2864
508,2,0,9,475,1,0,0,9,84,1,0;                                       3095P   2865
508,2,0,9,477,1,0,0,9,80,1,0;                                       3097P   2866
508,2,0,9,479,1,0,0,9,76,1,0;                                       3099P   2867
508,2,0,9,481,1,0,0,9,72,1,0;                                       3101P   2868
508,2,0,9,483,1,0,0,9,68,1,0;                                       3103P   2869
508,2,0,9,485,1,0,0,9,64,1,0;                                       3105P   2870
508,2,0,9,487,1,0,0,9,60,1,0;                                       3107P   2871
508,2,0,9,489,1,0,0,9,56,1,0;                                       3109P   2872
510,3083,10,1,3091,3093,3095,3097,3099,3101,3103,3105,3107,3109;    3111P   2873
128,1,1,1,1,0,0,1,0,0,0.0D0,0.0D0,6.39999999999999D-2,              3113P   2874
6.39999999999999D-2,0.0D0,0.0D0,5.5D0,5.5D0,1.0D0,1.0D0,1.0D0,      3113P   2875
1.0D0,-.561D0,2.76699999999999D0,-4.328D0,-.625D0,                  3113P   2876
2.76699999999999D0,-4.328D0,-.561D0,-2.73300000000002D0,            3113P   2877
-4.32800000000012D0,-.625D0,-2.73300000000002D0,                    3113P   2878
-4.32800000000012D0,0.0D0,6.39999999999999D-2,0.0D0,5.5D0;          3113P   2879
110,-.561D0,-2.73300000000002D0,-4.32800000000012D0,-.625D0,        3115P   2880
-2.73300000000002D0,-4.32800000000012D0;                            3115P   2881
110,-.625D0,2.76699999999999D0,-4.328D0,-.561D0,                    3117P   2882
2.76699999999999D0,-4.328D0;                                        3117P   2883
110,-.625D0,2.76699999999999D0,-4.328D0,-.625D0,                    3119P   2884
-2.73300000000002D0,-4.32800000000012D0;                            3119P   2885
508,4,0,9,508,0,0,0,9,507,0,0,0,9,509,0,0,0,9,510,1,0;              3121P   2886
510,3113,1,1,3121;                                                  3123P   2887
128,1,1,1,1,0,0,1,0,0,0.0D0,0.0D0,.529000000000121D0,               3125P   2888
.529000000000121D0,0.0D0,0.0D0,5.50000000000001D0,                  3125P   2889
5.50000000000001D0,1.0D0,1.0D0,1.0D0,1.0D0,-.625D0,2.767D0,         3125P   2890
-4.328D0,-.625D0,2.767D0,-4.85700000000012D0,-.625D0,               3125P   2891
-2.73300000000002D0,-4.328D0,-.625D0,-2.73300000000002D0,           3125P   2892
-4.85700000000012D0,0.0D0,.529000000000121D0,0.0D0,                 3125P   2893
5.50000000000001D0;                                                 3125P   2894
110,-.625D0,-2.73300000000002D0,-4.32800000000012D0,-.625D0,        3127P   2895
-2.733D0,-4.85700000000012D0;                                       3127P   2896
110,-.625D0,2.767D0,-4.857D0,-.625D0,2.76699999999999D0,            3129P   2897
-4.328D0;                                                           3129P   2898
110,-.625D0,2.767D0,-4.857D0,-.625D0,-2.733D0,                      3131P   2899
-4.85700000000012D0;                                                3131P   2900
508,4,0,9,511,0,0,0,9,510,0,0,0,9,512,0,0,0,9,513,1,0;              3133P   2901
508,2,0,9,474,1,0,0,9,86,1,0;                                       3135P   2902
508,2,0,9,476,1,0,0,9,82,1,0;                                       3137P   2903
508,2,0,9,478,1,0,0,9,78,1,0;                                       3139P   2904
508,2,0,9,480,1,0,0,9,74,1,0;                                       3141P   2905
508,2,0,9,482,1,0,0,9,70,1,0;                                       3143P   2906
508,2,0,9,484,1,0,0,9,66,1,0;                                       3145P   2907
508,2,0,9,486,1,0,0,9,62,1,0;                                       3147P   2908
508,2,0,9,488,1,0,0,9,58,1,0;                                       3149P   2909
508,2,0,9,490,1,0,0,9,54,1,0;                                       3151P   2910
510,3125,10,1,3133,3135,3137,3139,3141,3143,3145,3147,3149,3151;    3153P   2911
128,1,8,1,2,0,1,0,0,0,-2.31296463463574D-14,                        3155P   2912
-2.31296463463574D-14,57.2916666666667D0,57.2916666666667D0,        3155P   2913
0.0D0,0.0D0,0.0D0,.15079644737231D0,.15079644737231D0,              3155P   2914
.30159289474462D0,.30159289474462D0,.45238934211693D0,              3155P   2915
.45238934211693D0,.60318578948924D0,.60318578948924D0,              3155P   2916
.60318578948924D0,1.0D0,1.0D0,.707106781186548D0,                   3155P   2917
.707106781186548D0,1.0D0,1.0D0,.707106781186548D0,                  3155P   2918
.707106781186548D0,1.0D0,1.0D0,.707106781186548D0,                  3155P   2919
.707106781186548D0,1.0D0,1.0D0,.707106781186548D0,                  3155P   2920
.707106781186548D0,1.0D0,1.0D0,-.529D0,2.767D0,-4.761D0,-.529D0,    3155P   2921
-2.73300000000001D0,-4.76100000000012D0,-.433D0,2.767D0,            3155P   2922
-4.761D0,-.433D0,-2.73300000000001D0,-4.76100000000012D0,           3155P   2923
-.433D0,2.767D0,-4.857D0,-.433D0,-2.73300000000001D0,               3155P   2924
-4.85700000000012D0,-.433D0,2.767D0,-4.953D0,-.433D0,-2.733D0,      3155P   2925
-4.95300000000012D0,-.529D0,2.767D0,-4.953D0,-.529D0,-2.733D0,      3155P   2926
-4.95300000000012D0,-.625D0,2.767D0,-4.953D0,-.625D0,-2.733D0,      3155P   2927
-4.95300000000012D0,-.625D0,2.767D0,-4.857D0,-.625D0,               3155P   2928
-2.73300000000001D0,-4.85700000000012D0,-.625D0,2.767D0,            3155P   2929
-4.761D0,-.625D0,-2.73300000000001D0,-4.76100000000012D0,           3155P   2930
-.529D0,2.767D0,-4.761D0,-.529D0,-2.73300000000001D0,               3155P   2931
-4.76100000000012D0,-2.31296463463574D-14,57.2916666666667D0,       3155P   2932
0.0D0,.60318578948924D0;                                            3155P   2933
100,0.0D0,0.0D0,0.0D0,-1.76349139077219D-17,-.096D0,.096D0,         3157P   2934
-2.35132185436292D-17;                                              3157P   2935
124,0.0D0,1.0D0,0.0D0,-.529D0,0.0D0,0.0D0,-1.0D0,-2.733D0,          3159P   2936
-1.0D0,0.0D0,0.0D0,-4.85700000000012D0;                             3159P   2937
100,0.0D0,0.0D0,0.0D0,.096D0,0.0D0,5.8783046359073D-18,.096D0;      3161P   2938
124,0.0D0,-1.0D0,0.0D0,-.529D0,0.0D0,0.0D0,1.0D0,2.767D0,-1.0D0,    3163P   2939
0.0D0,0.0D0,-4.857D0;                                               3163P   2940
110,-.529D0,2.767D0,-4.953D0,-.529D0,-2.733D0,                      3165P   2941
-4.95300000000012D0;                                                3165P   2942
508,4,0,9,514,0,0,0,9,513,0,0,0,9,515,0,0,0,9,516,1,0;              3167P   2943
510,3155,1,1,3167;                                                  3169P   2944
128,1,1,1,1,0,0,1,0,0,0.0D0,0.0D0,.433D0,.433D0,0.0D0,0.0D0,        3171P   2945
5.5D0,5.5D0,1.0D0,1.0D0,1.0D0,1.0D0,-.529D0,2.767D0,-4.953D0,       3171P   2946
-.096D0,2.767D0,-4.953D0,-.529D0,-2.733D0,-4.95300000000012D0,      3171P   2947
-.096D0,-2.733D0,-4.95300000000012D0,0.0D0,.433D0,0.0D0,5.5D0;      3171P   2948
110,-.529D0,-2.733D0,-4.95300000000012D0,-.096D0,-2.733D0,          3173P   2949
-4.95300000000012D0;                                                3173P   2950
110,-.096D0,2.767D0,-4.953D0,-.529D0,2.767D0,-4.953D0;              3175P   2951
110,-.096D0,2.767D0,-4.953D0,-.096D0,-2.733D0,                      3177P   2952
-4.95300000000012D0;                                                3177P   2953
508,4,0,9,517,0,0,0,9,516,0,0,0,9,518,0,0,0,9,519,1,0;              3179P   2954
508,2,0,9,492,1,0,0,9,50,1,0;                                       3181P   2955
508,2,0,9,494,1,0,0,9,46,1,0;                                       3183P   2956
510,3171,3,1,3179,3181,3183;                                        3185P   2957
128,1,8,1,2,0,1,0,0,0,-2.31296463463574D-14,                        3187P   2958
-2.31296463463574D-14,57.2916666666667D0,57.2916666666667D0,        3187P   2959
0.0D0,0.0D0,0.0D0,.15079644737231D0,.15079644737231D0,              3187P   2960
.30159289474462D0,.30159289474462D0,.45238934211693D0,              3187P   2961
.45238934211693D0,.60318578948924D0,.60318578948924D0,              3187P   2962
.60318578948924D0,1.0D0,1.0D0,.707106781186548D0,                   3187P   2963
.707106781186548D0,1.0D0,1.0D0,.707106781186548D0,                  3187P   2964
.707106781186548D0,1.0D0,1.0D0,.707106781186548D0,                  3187P   2965
.707106781186548D0,1.0D0,1.0D0,.707106781186548D0,                  3187P   2966
.707106781186548D0,1.0D0,1.0D0,-.192D0,2.767D0,-4.857D0,-.192D0,    3187P   2967
-2.73300000000001D0,-4.85700000000012D0,-.192D0,2.767D0,            3187P   2968
-4.761D0,-.192D0,-2.73300000000001D0,-4.76100000000012D0,           3187P   2969
-.096D0,2.767D0,-4.761D0,-.096D0,-2.73300000000001D0,               3187P   2970
-4.76100000000012D0,-2.77555756156289D-17,2.767D0,-4.761D0,         3187P   2971
-2.77555756156289D-17,-2.73300000000001D0,-4.76100000000012D0,      3187P   2972
0.0D0,2.767D0,-4.857D0,0.0D0,-2.73300000000001D0,                   3187P   2973
-4.85700000000012D0,-2.77555756156289D-17,2.767D0,-4.953D0,         3187P   2974
-2.77555756156289D-17,-2.733D0,-4.95300000000012D0,-.096D0,         3187P   2975
2.767D0,-4.953D0,-.096D0,-2.733D0,-4.95300000000012D0,-.192D0,      3187P   2976
2.767D0,-4.953D0,-.192D0,-2.733D0,-4.95300000000012D0,-.192D0,      3187P   2977
2.767D0,-4.857D0,-.192D0,-2.73300000000001D0,                       3187P   2978
-4.85700000000012D0,-2.31296463463574D-14,57.2916666666667D0,       3187P   2979
0.0D0,.60318578948924D0;                                            3187P   2980
100,0.0D0,0.0D0,0.0D0,-1.76349139077219D-17,-.096D0,.096D0,         3189P   2981
-2.35132185436292D-17;                                              3189P   2982
124,1.0D0,0.0D0,0.0D0,-.096D0,0.0D0,0.0D0,-1.0D0,-2.733D0,0.0D0,    3191P   2983
1.0D0,0.0D0,-4.85700000000012D0;                                    3191P   2984
100,0.0D0,0.0D0,0.0D0,.096D0,0.0D0,-3.67542595096987D-17,.096D0;    3193P   2985
124,1.0D0,0.0D0,0.0D0,-.096D0,0.0D0,0.0D0,1.0D0,2.767D0,0.0D0,      3195P   2986
-1.0D0,0.0D0,-4.857D0;                                              3195P   2987
110,0.0D0,2.767D0,-4.857D0,0.0D0,-2.733D0,-4.85700000000012D0;      3197P   2988
508,4,0,9,520,0,0,0,9,519,0,0,0,9,521,0,0,0,9,522,1,0;              3199P   2989
510,3187,1,1,3199;                                                  3201P   2990
128,1,1,1,1,0,0,1,0,0,0.0D0,0.0D0,.625D0,.625D0,0.0D0,0.0D0,        3203P   2991
.625D0,.625D0,1.0D0,1.0D0,1.0D0,1.0D0,0.0D0,2.76699999999998D0,     3203P   2992
-4.328D0,0.0D0,2.767D0,-4.953D0,-.625D0,2.76699999999998D0,         3203P   2993
-4.328D0,-.625D0,2.767D0,-4.953D0,0.0D0,.625D0,0.0D0,.625D0;        3203P   2994
110,0.0D0,2.767D0,-4.857D0,-.064D0,2.767D0,-4.857D0;                3205P   2995
508,10,0,9,521,1,0,0,9,518,1,0,0,9,515,1,0,0,9,512,1,0,0,9,509,     3207P   2996
1,0,0,9,506,1,0,0,9,503,1,0,0,9,500,1,0,0,9,497,1,0,0,9,523,0,0;    3207P   2997
510,3203,1,1,3207;                                                  3209P   2998
128,1,1,1,1,0,0,1,0,0,0.0D0,0.0D0,.625000000000001D0,               3211P   2999
.625000000000001D0,0.0D0,0.0D0,.625D0,.625D0,1.0D0,1.0D0,1.0D0,     3211P   3000
1.0D0,0.0D0,-2.733D0,-4.95300000000012D0,0.0D0,                     3211P   3001
-2.73300000000002D0,-4.32800000000012D0,-.625D0,-2.733D0,           3211P   3002
-4.95300000000012D0,-.625D0,-2.73300000000002D0,                    3211P   3003
-4.32800000000012D0,0.0D0,.625000000000001D0,0.0D0,.625D0;          3211P   3004
110,-.064D0,-2.733D0,-4.85700000000012D0,0.0D0,-2.733D0,            3213P   3005
-4.85700000000012D0;                                                3213P   3006
508,10,0,9,524,0,0,0,9,495,1,0,0,9,499,1,0,0,9,502,1,0,0,9,505,     3215P   3007
1,0,0,9,508,1,0,0,9,511,1,0,0,9,514,1,0,0,9,517,1,0,0,9,520,1,0;    3215P   3008
510,3211,1,1,3215;                                                  3217P   3009
116,0.0D0,-8.03895222410233D-16,-4.857D0,0;                         3219P   3010
123,0.0D0,0.0D0,-1.0D0;                                             3221P   3011
190,3219,3221,3225;                                                 3223P   3012
123,-1.0D0,0.0D0,0.0D0;                                             3225P   3013
110,0.0D0,-2.733D0,-4.85700000000012D0,0.0D0,-2.797D0,-4.857D0;     3227P   3014
110,0.0D0,-2.797D0,-4.857D0,-.064D0,-2.797D0,-4.857D0;              3229P   3015
110,-.064D0,-2.797D0,-4.857D0,-.064D0,-2.733D0,                     3231P   3016
-4.85700000000012D0;                                                3231P   3017
508,4,0,9,524,1,0,0,9,525,1,0,0,9,526,1,0,0,9,527,1,0;              3233P   3018
510,3223,1,1,3233;                                                  3235P   3019
116,0.0D0,-8.03895222410233D-16,-4.857D0,0;                         3237P   3020
123,0.0D0,0.0D0,-1.0D0;                                             3239P   3021
190,3237,3239,3243;                                                 3241P   3022
123,-1.0D0,0.0D0,0.0D0;                                             3243P   3023
110,-.064D0,2.767D0,-4.857D0,-.064D0,2.797D0,-4.857D0;              3245P   3024
110,0.0D0,2.797D0,-4.857D0,-.064D0,2.797D0,-4.857D0;                3247P   3025
110,0.0D0,2.797D0,-4.857D0,0.0D0,2.767D0,-4.857D0;                  3249P   3026
508,4,0,9,523,1,0,0,9,528,1,0,0,9,529,0,0,0,9,530,1,0;              3251P   3027
510,3241,1,1,3251;                                                  3253P   3028
128,1,8,1,2,0,1,0,0,0,-108.379768923572D0,-108.379768923572D0,      3255P   3029
-107.792612960269D0,-107.792612960269D0,0.0D0,0.0D0,0.0D0,          3255P   3030
.171216799620644D0,.171216799620644D0,.342433599241287D0,           3255P   3031
.342433599241287D0,.513650398861931D0,.513650398861931D0,           3255P   3032
.684867198482575D0,.684867198482575D0,.684867198482575D0,1.0D0,     3255P   3033
1.0D0,.707106781186548D0,.707106781186548D0,1.0D0,1.0D0,            3255P   3034
.707106781186548D0,.707106781186548D0,1.0D0,1.0D0,                  3255P   3035
.707106781186548D0,.707106781186548D0,1.0D0,1.0D0,                  3255P   3036
.707106781186548D0,.707106781186548D0,1.0D0,1.0D0,-.561D0,          3255P   3037
-2.48300000000001D0,4.40700000000012D0,-.625D0,                     3255P   3038
-2.48300000000001D0,4.40700000000012D0,-.561D0,                     3255P   3039
-2.59200000000001D0,4.40700000000012D0,-.625D0,                     3255P   3040
-2.59200000000001D0,4.40700000000012D0,-.561D0,                     3255P   3041
-2.59200000000001D0,4.51600000000012D0,-.625D0,                     3255P   3042
-2.59200000000001D0,4.51600000000012D0,-.561D0,                     3255P   3043
-2.59200000000001D0,4.62500000000012D0,-.625D0,                     3255P   3044
-2.59200000000001D0,4.62500000000012D0,-.561D0,                     3255P   3045
-2.48300000000001D0,4.62500000000012D0,-.625D0,                     3255P   3046
-2.48300000000001D0,4.62500000000012D0,-.561D0,                     3255P   3047
-2.37400000000001D0,4.62500000000012D0,-.625D0,                     3255P   3048
-2.37400000000001D0,4.62500000000012D0,-.561D0,                     3255P   3049
-2.37400000000001D0,4.51600000000012D0,-.625D0,                     3255P   3050
-2.37400000000001D0,4.51600000000012D0,-.561D0,                     3255P   3051
-2.37400000000001D0,4.40700000000012D0,-.625D0,                     3255P   3052
-2.37400000000001D0,4.40700000000012D0,-.561D0,                     3255P   3053
-2.48300000000001D0,4.40700000000012D0,-.625D0,                     3255P   3054
-2.48300000000001D0,4.40700000000012D0,-108.379768923572D0,         3255P   3055
-107.792612960269D0,0.0D0,.684867198482575D0;                       3255P   3056
100,0.0D0,0.0D0,0.0D0,-.109D0,-2.64896616294042D-15,.109D0,         3257P   3057
2.1999659979668D-15;                                                3257P   3058
100,0.0D0,0.0D0,0.0D0,.109D0,-2.25336059840963D-15,-.109D0,         3259P   3059
2.36352069626765D-15;                                               3259P   3060
508,4,0,9,41,1,0,0,9,531,0,0,0,9,43,0,0,0,9,532,0,0;                3261P   3061
510,3255,1,1,3261;                                                  3263P   3062
128,1,8,1,2,0,1,0,0,0,-108.379768923572D0,-108.379768923572D0,      3265P   3063
-107.792612960269D0,-107.792612960269D0,0.0D0,0.0D0,0.0D0,          3265P   3064
.171216799620644D0,.171216799620644D0,.342433599241287D0,           3265P   3065
.342433599241287D0,.513650398861931D0,.513650398861931D0,           3265P   3066
.684867198482575D0,.684867198482575D0,.684867198482575D0,1.0D0,     3265P   3067
1.0D0,.707106781186548D0,.707106781186548D0,1.0D0,1.0D0,            3265P   3068
.707106781186548D0,.707106781186548D0,1.0D0,1.0D0,                  3265P   3069
.707106781186548D0,.707106781186548D0,1.0D0,1.0D0,                  3265P   3070
.707106781186548D0,.707106781186548D0,1.0D0,1.0D0,-.561D0,          3265P   3071
-1.85800000000001D0,4.4070000000001D0,-.625D0,                      3265P   3072
-1.85800000000001D0,4.4070000000001D0,-.561D0,                      3265P   3073
-1.96700000000001D0,4.40700000000011D0,-.625D0,                     3265P   3074
-1.96700000000001D0,4.40700000000011D0,-.561D0,                     3265P   3075
-1.96700000000001D0,4.51600000000011D0,-.625D0,                     3265P   3076
-1.96700000000001D0,4.51600000000011D0,-.561D0,                     3265P   3077
-1.96700000000001D0,4.62500000000011D0,-.625D0,                     3265P   3078
-1.96700000000001D0,4.62500000000011D0,-.561D0,                     3265P   3079
-1.85800000000001D0,4.6250000000001D0,-.625D0,                      3265P   3080
-1.85800000000001D0,4.6250000000001D0,-.561D0,                      3265P   3081
-1.74900000000001D0,4.6250000000001D0,-.625D0,                      3265P   3082
-1.74900000000001D0,4.6250000000001D0,-.561D0,                      3265P   3083
-1.74900000000001D0,4.5160000000001D0,-.625D0,                      3265P   3084
-1.74900000000001D0,4.5160000000001D0,-.561D0,                      3265P   3085
-1.74900000000001D0,4.4070000000001D0,-.625D0,                      3265P   3086
-1.74900000000001D0,4.4070000000001D0,-.561D0,                      3265P   3087
-1.85800000000001D0,4.4070000000001D0,-.625D0,                      3265P   3088
-1.85800000000001D0,4.4070000000001D0,-108.379768923572D0,          3265P   3089
-107.792612960269D0,0.0D0,.684867198482575D0;                       3265P   3090
100,0.0D0,0.0D0,0.0D0,-.109D0,-2.40693754357213D-15,.109D0,         3267P   3091
2.39358889346143D-15;                                               3267P   3092
100,0.0D0,0.0D0,0.0D0,.109D0,-2.44698349390425D-15,-.109D0,         3269P   3093
2.36352069626765D-15;                                               3269P   3094
508,4,0,9,37,1,0,0,9,533,0,0,0,9,39,0,0,0,9,534,0,0;                3271P   3095
510,3265,1,1,3271;                                                  3273P   3096
128,1,8,1,2,0,1,0,0,0,-108.379768923572D0,-108.379768923572D0,      3275P   3097
-107.792612960269D0,-107.792612960269D0,0.0D0,0.0D0,0.0D0,          3275P   3098
.171216799620644D0,.171216799620644D0,.342433599241287D0,           3275P   3099
.342433599241287D0,.513650398861931D0,.513650398861931D0,           3275P   3100
.684867198482575D0,.684867198482575D0,.684867198482575D0,1.0D0,     3275P   3101
1.0D0,.707106781186548D0,.707106781186548D0,1.0D0,1.0D0,            3275P   3102
.707106781186548D0,.707106781186548D0,1.0D0,1.0D0,                  3275P   3103
.707106781186548D0,.707106781186548D0,1.0D0,1.0D0,                  3275P   3104
.707106781186548D0,.707106781186548D0,1.0D0,1.0D0,-.561D0,          3275P   3105
-1.23300000000001D0,4.40700000000009D0,-.625D0,                     3275P   3106
-1.23300000000001D0,4.40700000000009D0,-.561D0,                     3275P   3107
-1.34200000000001D0,4.40700000000009D0,-.625D0,                     3275P   3108
-1.34200000000001D0,4.40700000000009D0,-.561D0,                     3275P   3109
-1.34200000000001D0,4.51600000000009D0,-.625D0,                     3275P   3110
-1.34200000000001D0,4.51600000000009D0,-.561D0,                     3275P   3111
-1.34200000000001D0,4.62500000000009D0,-.625D0,                     3275P   3112
-1.34200000000001D0,4.62500000000009D0,-.561D0,                     3275P   3113
-1.23300000000001D0,4.62500000000009D0,-.625D0,                     3275P   3114
-1.23300000000001D0,4.62500000000009D0,-.561D0,                     3275P   3115
-1.12400000000001D0,4.62500000000009D0,-.625D0,                     3275P   3116
-1.12400000000001D0,4.62500000000009D0,-.561D0,                     3275P   3117
-1.12400000000001D0,4.51600000000009D0,-.625D0,                     3275P   3118
-1.12400000000001D0,4.51600000000009D0,-.561D0,                     3275P   3119
-1.12400000000001D0,4.40700000000009D0,-.625D0,                     3275P   3120
-1.12400000000001D0,4.40700000000009D0,-.561D0,                     3275P   3121
-1.23300000000001D0,4.40700000000009D0,-.625D0,                     3275P   3122
-1.23300000000001D0,4.40700000000009D0,-108.379768923572D0,         3275P   3123
-107.792612960269D0,0.0D0,.684867198482575D0;                       3275P   3124
100,0.0D0,0.0D0,0.0D0,-.109D0,-2.40693754357213D-15,.109D0,         3277P   3125
2.39358889346143D-15;                                               3277P   3126
100,0.0D0,0.0D0,0.0D0,.109D0,-2.44698349390425D-15,-.109D0,         3279P   3127
2.36352069626765D-15;                                               3279P   3128
508,4,0,9,33,1,0,0,9,535,0,0,0,9,35,0,0,0,9,536,0,0;                3281P   3129
510,3275,1,1,3281;                                                  3283P   3130
128,1,8,1,2,0,1,0,0,0,-108.379768923572D0,-108.379768923572D0,      3285P   3131
-107.792612960269D0,-107.792612960269D0,0.0D0,0.0D0,0.0D0,          3285P   3132
.171216799620644D0,.171216799620644D0,.342433599241287D0,           3285P   3133
.342433599241287D0,.513650398861931D0,.513650398861931D0,           3285P   3134
.684867198482575D0,.684867198482575D0,.684867198482575D0,1.0D0,     3285P   3135
1.0D0,.707106781186548D0,.707106781186548D0,1.0D0,1.0D0,            3285P   3136
.707106781186548D0,.707106781186548D0,1.0D0,1.0D0,                  3285P   3137
.707106781186548D0,.707106781186548D0,1.0D0,1.0D0,                  3285P   3138
.707106781186548D0,.707106781186548D0,1.0D0,1.0D0,-.561D0,          3285P   3139
-.608000000000013D0,4.40700000000008D0,-.625D0,                     3285P   3140
-.608000000000013D0,4.40700000000008D0,-.561D0,                     3285P   3141
-.717000000000013D0,4.40700000000008D0,-.625D0,                     3285P   3142
-.717000000000013D0,4.40700000000008D0,-.561D0,                     3285P   3143
-.717000000000011D0,4.51600000000008D0,-.625D0,                     3285P   3144
-.717000000000011D0,4.51600000000008D0,-.561D0,                     3285P   3145
-.717000000000008D0,4.62500000000008D0,-.625D0,                     3285P   3146
-.717000000000008D0,4.62500000000008D0,-.561D0,                     3285P   3147
-.608000000000008D0,4.62500000000008D0,-.625D0,                     3285P   3148
-.608000000000008D0,4.62500000000008D0,-.561D0,                     3285P   3149
-.499000000000008D0,4.62500000000007D0,-.625D0,                     3285P   3150
-.499000000000008D0,4.62500000000007D0,-.561D0,                     3285P   3151
-.499000000000011D0,4.51600000000007D0,-.625D0,                     3285P   3152
-.499000000000011D0,4.51600000000007D0,-.561D0,                     3285P   3153
-.499000000000013D0,4.40700000000007D0,-.625D0,                     3285P   3154
-.499000000000013D0,4.40700000000007D0,-.561D0,                     3285P   3155
-.608000000000013D0,4.40700000000008D0,-.625D0,                     3285P   3156
-.608000000000013D0,4.40700000000008D0,-108.379768923572D0,         3285P   3157
-107.792612960269D0,0.0D0,.684867198482575D0;                       3285P   3158
100,0.0D0,0.0D0,0.0D0,-.109D0,-2.31012609582482D-15,.109D0,         3287P   3159
2.29677744571412D-15;                                               3287P   3160
100,0.0D0,0.0D0,0.0D0,.109D0,-2.35017204615694D-15,-.109D0,         3289P   3161
2.36352069626765D-15;                                               3289P   3162
508,4,0,9,29,1,0,0,9,537,0,0,0,9,31,0,0,0,9,538,0,0;                3291P   3163
510,3285,1,1,3291;                                                  3293P   3164
128,1,8,1,2,0,1,0,0,0,-108.379768923572D0,-108.379768923572D0,      3295P   3165
-107.792612960269D0,-107.792612960269D0,0.0D0,0.0D0,0.0D0,          3295P   3166
.171216799620644D0,.171216799620644D0,.342433599241287D0,           3295P   3167
.342433599241287D0,.513650398861931D0,.513650398861931D0,           3295P   3168
.684867198482575D0,.684867198482575D0,.684867198482575D0,1.0D0,     3295P   3169
1.0D0,.707106781186548D0,.707106781186548D0,1.0D0,1.0D0,            3295P   3170
.707106781186548D0,.707106781186548D0,1.0D0,1.0D0,                  3295P   3171
.707106781186548D0,.707106781186548D0,1.0D0,1.0D0,                  3295P   3172
.707106781186548D0,.707106781186548D0,1.0D0,1.0D0,-.561D0,          3295P   3173
1.69999999999869D-2,4.40700000000006D0,-.625D0,                     3295P   3174
1.69999999999869D-2,4.40700000000006D0,-.561D0,                     3295P   3175
-.092000000000013D0,4.40700000000006D0,-.625D0,                     3295P   3176
-.092000000000013D0,4.40700000000006D0,-.561D0,                     3295P   3177
-9.20000000000107D-2,4.51600000000006D0,-.625D0,                    3295P   3178
-9.20000000000107D-2,4.51600000000006D0,-.561D0,                    3295P   3179
-9.20000000000082D-2,4.62500000000006D0,-.625D0,                    3295P   3180
-9.20000000000082D-2,4.62500000000006D0,-.561D0,                    3295P   3181
1.69999999999917D-2,4.62500000000006D0,-.625D0,                     3295P   3182
1.69999999999917D-2,4.62500000000006D0,-.561D0,                     3295P   3183
.125999999999992D0,4.62500000000006D0,-.625D0,                      3295P   3184
.125999999999992D0,4.62500000000006D0,-.561D0,                      3295P   3185
.125999999999989D0,4.51600000000006D0,-.625D0,                      3295P   3186
.125999999999989D0,4.51600000000006D0,-.561D0,                      3295P   3187
.125999999999987D0,4.40700000000006D0,-.625D0,                      3295P   3188
.125999999999987D0,4.40700000000006D0,-.561D0,                      3295P   3189
1.69999999999869D-2,4.40700000000006D0,-.625D0,                     3295P   3190
1.69999999999869D-2,4.40700000000006D0,-108.379768923572D0,         3295P   3191
-107.792612960269D0,0.0D0,.684867198482575D0;                       3295P   3192
100,0.0D0,0.0D0,0.0D0,-.109D0,-2.35853181969848D-15,.109D0,         3297P   3193
2.39358889346143D-15;                                               3297P   3194
100,0.0D0,0.0D0,0.0D0,.109D0,-2.44698349390425D-15,-.109D0,         3299P   3195
2.36352069626765D-15;                                               3299P   3196
508,4,0,9,25,1,0,0,9,539,0,0,0,9,27,0,0,0,9,540,0,0;                3301P   3197
510,3295,1,1,3301;                                                  3303P   3198
128,1,8,1,2,0,1,0,0,0,-108.379768923572D0,-108.379768923572D0,      3305P   3199
-107.792612960269D0,-107.792612960269D0,0.0D0,0.0D0,0.0D0,          3305P   3200
.171216799620644D0,.171216799620644D0,.342433599241287D0,           3305P   3201
.342433599241287D0,.513650398861931D0,.513650398861931D0,           3305P   3202
.684867198482575D0,.684867198482575D0,.684867198482575D0,1.0D0,     3305P   3203
1.0D0,.707106781186548D0,.707106781186548D0,1.0D0,1.0D0,            3305P   3204
.707106781186548D0,.707106781186548D0,1.0D0,1.0D0,                  3305P   3205
.707106781186548D0,.707106781186548D0,1.0D0,1.0D0,                  3305P   3206
.707106781186548D0,.707106781186548D0,1.0D0,1.0D0,-.561D0,          3305P   3207
.641999999999987D0,4.40700000000005D0,-.625D0,                      3305P   3208
.641999999999987D0,4.40700000000005D0,-.561D0,                      3305P   3209
.532999999999987D0,4.40700000000005D0,-.625D0,                      3305P   3210
.532999999999987D0,4.40700000000005D0,-.561D0,                      3305P   3211
.532999999999989D0,4.51600000000005D0,-.625D0,                      3305P   3212
.532999999999989D0,4.51600000000005D0,-.561D0,                      3305P   3213
.532999999999992D0,4.62500000000005D0,-.625D0,                      3305P   3214
.532999999999992D0,4.62500000000005D0,-.561D0,                      3305P   3215
.641999999999992D0,4.62500000000005D0,-.625D0,                      3305P   3216
.641999999999992D0,4.62500000000005D0,-.561D0,                      3305P   3217
.750999999999992D0,4.62500000000005D0,-.625D0,                      3305P   3218
.750999999999992D0,4.62500000000005D0,-.561D0,.75099999999999D0,    3305P   3219
4.51600000000005D0,-.625D0,.75099999999999D0,4.51600000000005D0,    3305P   3220
-.561D0,.750999999999987D0,4.40700000000005D0,-.625D0,              3305P   3221
.750999999999987D0,4.40700000000005D0,-.561D0,                      3305P   3222
.641999999999987D0,4.40700000000005D0,-.625D0,                      3305P   3223
.641999999999987D0,4.40700000000005D0,-108.379768923572D0,          3305P   3224
-107.792612960269D0,0.0D0,.684867198482575D0;                       3305P   3225
100,0.0D0,0.0D0,0.0D0,-.109D0,-2.31012609582482D-15,.109D0,         3307P   3226
2.29677744571412D-15;                                               3307P   3227
100,0.0D0,0.0D0,0.0D0,.109D0,-2.44698349390425D-15,-.109D0,         3309P   3228
2.36352069626765D-15;                                               3309P   3229
508,4,0,9,21,1,0,0,9,541,0,0,0,9,23,0,0,0,9,542,0,0;                3311P   3230
510,3305,1,1,3311;                                                  3313P   3231
128,1,8,1,2,0,1,0,0,0,-108.379768923572D0,-108.379768923572D0,      3315P   3232
-107.792612960269D0,-107.792612960269D0,0.0D0,0.0D0,0.0D0,          3315P   3233
.171216799620644D0,.171216799620644D0,.342433599241287D0,           3315P   3234
.342433599241287D0,.513650398861931D0,.513650398861931D0,           3315P   3235
.684867198482575D0,.684867198482575D0,.684867198482575D0,1.0D0,     3315P   3236
1.0D0,.707106781186548D0,.707106781186548D0,1.0D0,1.0D0,            3315P   3237
.707106781186548D0,.707106781186548D0,1.0D0,1.0D0,                  3315P   3238
.707106781186548D0,.707106781186548D0,1.0D0,1.0D0,                  3315P   3239
.707106781186548D0,.707106781186548D0,1.0D0,1.0D0,-.561D0,          3315P   3240
1.26699999999999D0,4.40700000000004D0,-.625D0,                      3315P   3241
1.26699999999999D0,4.40700000000004D0,-.561D0,                      3315P   3242
1.15799999999999D0,4.40700000000004D0,-.625D0,                      3315P   3243
1.15799999999999D0,4.40700000000004D0,-.561D0,                      3315P   3244
1.15799999999999D0,4.51600000000004D0,-.625D0,                      3315P   3245
1.15799999999999D0,4.51600000000004D0,-.561D0,                      3315P   3246
1.15799999999999D0,4.62500000000004D0,-.625D0,                      3315P   3247
1.15799999999999D0,4.62500000000004D0,-.561D0,                      3315P   3248
1.26699999999999D0,4.62500000000004D0,-.625D0,                      3315P   3249
1.26699999999999D0,4.62500000000004D0,-.561D0,                      3315P   3250
1.37599999999999D0,4.62500000000003D0,-.625D0,                      3315P   3251
1.37599999999999D0,4.62500000000003D0,-.561D0,                      3315P   3252
1.37599999999999D0,4.51600000000003D0,-.625D0,                      3315P   3253
1.37599999999999D0,4.51600000000003D0,-.561D0,                      3315P   3254
1.37599999999999D0,4.40700000000003D0,-.625D0,                      3315P   3255
1.37599999999999D0,4.40700000000003D0,-.561D0,                      3315P   3256
1.26699999999999D0,4.40700000000004D0,-.625D0,                      3315P   3257
1.26699999999999D0,4.40700000000004D0,-108.379768923572D0,          3315P   3258
-107.792612960269D0,0.0D0,.684867198482575D0;                       3315P   3259
100,0.0D0,0.0D0,0.0D0,-.109D0,-2.40693754357213D-15,.109D0,         3317P   3260
2.39358889346143D-15;                                               3317P   3261
100,0.0D0,0.0D0,0.0D0,.109D0,-2.44698349390425D-15,-.109D0,         3319P   3262
2.36352069626765D-15;                                               3319P   3263
508,4,0,9,17,1,0,0,9,543,0,0,0,9,19,0,0,0,9,544,0,0;                3321P   3264
510,3315,1,1,3321;                                                  3323P   3265
128,1,8,1,2,0,1,0,0,0,-108.379768923572D0,-108.379768923572D0,      3325P   3266
-107.792612960269D0,-107.792612960269D0,0.0D0,0.0D0,0.0D0,          3325P   3267
.171216799620644D0,.171216799620644D0,.342433599241287D0,           3325P   3268
.342433599241287D0,.513650398861931D0,.513650398861931D0,           3325P   3269
.684867198482575D0,.684867198482575D0,.684867198482575D0,1.0D0,     3325P   3270
1.0D0,.707106781186548D0,.707106781186548D0,1.0D0,1.0D0,            3325P   3271
.707106781186548D0,.707106781186548D0,1.0D0,1.0D0,                  3325P   3272
.707106781186548D0,.707106781186548D0,1.0D0,1.0D0,                  3325P   3273
.707106781186548D0,.707106781186548D0,1.0D0,1.0D0,-.561D0,          3325P   3274
1.89199999999999D0,4.40700000000002D0,-.625D0,                      3325P   3275
1.89199999999999D0,4.40700000000002D0,-.561D0,                      3325P   3276
1.78299999999999D0,4.40700000000002D0,-.625D0,                      3325P   3277
1.78299999999999D0,4.40700000000002D0,-.561D0,                      3325P   3278
1.78299999999999D0,4.51600000000002D0,-.625D0,                      3325P   3279
1.78299999999999D0,4.51600000000002D0,-.561D0,                      3325P   3280
1.78299999999999D0,4.62500000000002D0,-.625D0,                      3325P   3281
1.78299999999999D0,4.62500000000002D0,-.561D0,                      3325P   3282
1.89199999999999D0,4.62500000000002D0,-.625D0,                      3325P   3283
1.89199999999999D0,4.62500000000002D0,-.561D0,                      3325P   3284
2.00099999999999D0,4.62500000000002D0,-.625D0,                      3325P   3285
2.00099999999999D0,4.62500000000002D0,-.561D0,                      3325P   3286
2.00099999999999D0,4.51600000000002D0,-.625D0,                      3325P   3287
2.00099999999999D0,4.51600000000002D0,-.561D0,                      3325P   3288
2.00099999999999D0,4.40700000000002D0,-.625D0,                      3325P   3289
2.00099999999999D0,4.40700000000002D0,-.561D0,                      3325P   3290
1.89199999999999D0,4.40700000000002D0,-.625D0,                      3325P   3291
1.89199999999999D0,4.40700000000002D0,-108.379768923572D0,          3325P   3292
-107.792612960269D0,0.0D0,.684867198482575D0;                       3325P   3293
100,0.0D0,0.0D0,0.0D0,-.109D0,-2.40693754357213D-15,.109D0,         3327P   3294
2.39358889346143D-15;                                               3327P   3295
100,0.0D0,0.0D0,0.0D0,.109D0,-2.44698349390425D-15,-.109D0,         3329P   3296
2.36352069626765D-15;                                               3329P   3297
508,4,0,9,13,1,0,0,9,545,0,0,0,9,15,0,0,0,9,546,0,0;                3331P   3298
510,3325,1,1,3331;                                                  3333P   3299
128,1,8,1,2,0,1,0,0,0,-108.379768923572D0,-108.379768923572D0,      3335P   3300
-107.792612960269D0,-107.792612960269D0,0.0D0,0.0D0,0.0D0,          3335P   3301
.171216799620644D0,.171216799620644D0,.342433599241287D0,           3335P   3302
.342433599241287D0,.513650398861931D0,.513650398861931D0,           3335P   3303
.684867198482575D0,.684867198482575D0,.684867198482575D0,1.0D0,     3335P   3304
1.0D0,.707106781186548D0,.707106781186548D0,1.0D0,1.0D0,            3335P   3305
.707106781186548D0,.707106781186548D0,1.0D0,1.0D0,                  3335P   3306
.707106781186548D0,.707106781186548D0,1.0D0,1.0D0,                  3335P   3307
.707106781186548D0,.707106781186548D0,1.0D0,1.0D0,-.561D0,          3335P   3308
2.51699999999999D0,4.40700000000001D0,-.625D0,                      3335P   3309
2.51699999999999D0,4.40700000000001D0,-.561D0,                      3335P   3310
2.40799999999999D0,4.40700000000001D0,-.625D0,                      3335P   3311
2.40799999999999D0,4.40700000000001D0,-.561D0,                      3335P   3312
2.40799999999999D0,4.51600000000001D0,-.625D0,                      3335P   3313
2.40799999999999D0,4.51600000000001D0,-.561D0,                      3335P   3314
2.40799999999999D0,4.62500000000001D0,-.625D0,                      3335P   3315
2.40799999999999D0,4.62500000000001D0,-.561D0,                      3335P   3316
2.51699999999999D0,4.62500000000001D0,-.625D0,                      3335P   3317
2.51699999999999D0,4.62500000000001D0,-.561D0,                      3335P   3318
2.62599999999999D0,4.62500000000001D0,-.625D0,                      3335P   3319
2.62599999999999D0,4.62500000000001D0,-.561D0,                      3335P   3320
2.62599999999999D0,4.51600000000001D0,-.625D0,                      3335P   3321
2.62599999999999D0,4.51600000000001D0,-.561D0,                      3335P   3322
2.62599999999999D0,4.40700000000001D0,-.625D0,                      3335P   3323
2.62599999999999D0,4.40700000000001D0,-.561D0,                      3335P   3324
2.51699999999999D0,4.40700000000001D0,-.625D0,                      3335P   3325
2.51699999999999D0,4.40700000000001D0,-108.379768923572D0,          3335P   3326
-107.792612960269D0,0.0D0,.684867198482575D0;                       3335P   3327
100,0.0D0,0.0D0,0.0D0,-.109D0,-2.21331464807751D-15,.109D0,         3337P   3328
2.1999659979668D-15;                                                3337P   3329
100,0.0D0,0.0D0,0.0D0,.109D0,-2.73741783714619D-15,-.109D0,         3339P   3330
2.36352069626765D-15;                                               3339P   3331
508,4,0,9,9,1,0,0,9,547,0,0,0,9,11,0,0,0,9,548,0,0;                 3341P   3332
510,3335,1,1,3341;                                                  3343P   3333
116,0.0D0,-1.59539922829993D-15,-1.63910879619856D-17,0;            3345P   3334
123,1.0D0,0.0D0,0.0D0;                                              3347P   3335
190,3345,3347,3351;                                                 3349P   3336
123,0.0D0,0.0D0,-1.0D0;                                             3351P   3337
110,0.0D0,-2.797D0,4.857D0,0.0D0,-2.733D0,4.85700000000012D0;       3353P   3338
110,0.0D0,-2.797D0,4.953D0,0.0D0,-2.797D0,4.857D0;                  3355P   3339
100,0.0D0,0.0D0,0.0D0,2.48603300226913D-17,.406D0,-.406D0,          3357P   3340
-2.11388197034412D-15;                                              3357P   3341
124,0.0D0,0.0D0,-1.0D0,0.0D0,0.0D0,-1.0D0,0.0D0,-2.797D0,-1.0D0,    3359P   3342
0.0D0,0.0D0,4.547D0;                                                3359P   3343
110,0.0D0,-3.203D0,-4.547D0,0.0D0,-3.203D0,4.547D0;                 3361P   3344
100,0.0D0,0.0D0,0.0D0,2.1884629604122D-15,.406D0,-.406D0,           3363P   3345
4.97206600453826D-17;                                               3363P   3346
124,0.0D0,0.0D0,-1.0D0,0.0D0,1.0D0,0.0D0,0.0D0,-2.797D0,0.0D0,      3365P   3347
-1.0D0,0.0D0,-4.547D0;                                              3365P   3348
110,0.0D0,-2.797D0,-4.857D0,0.0D0,-2.797D0,-4.953D0;                3367P   3349
110,0.0D0,2.797D0,-4.953D0,0.0D0,2.797D0,-4.857D0;                  3369P   3350
100,0.0D0,0.0D0,0.0D0,-1.77814186196856D-15,.406D0,-.406D0,         3371P   3351
4.97206600453826D-17;                                               3371P   3352
124,0.0D0,0.0D0,-1.0D0,0.0D0,0.0D0,1.0D0,0.0D0,2.797D0,1.0D0,       3373P   3353
0.0D0,0.0D0,-4.547D0;                                               3373P   3354
110,0.0D0,3.203D0,4.547D0,0.0D0,3.203D0,-4.547D0;                   3375P   3355
100,0.0D0,0.0D0,0.0D0,2.48603300226913D-17,.406D0,-.406D0,          3377P   3356
1.85272285203664D-15;                                               3377P   3357
124,0.0D0,0.0D0,-1.0D0,0.0D0,-1.0D0,0.0D0,0.0D0,2.797D0,0.0D0,      3379P   3358
1.0D0,0.0D0,4.547D0;                                                3379P   3359
110,0.0D0,2.797D0,4.857D0,0.0D0,2.797D0,4.953D0;                    3381P   3360
110,0.0D0,2.767D0,4.857D0,0.0D0,2.797D0,4.857D0;                    3383P   3361
110,0.0D0,-2.733D0,4.85700000000012D0,0.0D0,2.767D0,4.857D0;        3385P   3362
508,16,0,9,549,0,0,0,9,550,0,0,0,9,551,0,0,0,9,552,0,0,0,9,553,     3387P   3363
0,0,0,9,554,0,0,0,9,525,0,0,0,9,522,0,0,0,9,530,0,0,0,9,555,0,0,    3387P   3364
0,9,556,0,0,0,9,557,0,0,0,9,558,0,0,0,9,559,0,0,0,9,560,0,0,0,9,    3387P   3365
561,0,0;                                                            3387P   3366
508,4,0,9,91,1,0,0,9,95,1,0,0,9,98,1,0,0,9,100,1,0;                 3389P   3367
508,4,0,9,103,1,0,0,9,112,1,0,0,9,109,1,0,0,9,106,1,0;              3391P   3368
508,4,0,9,115,1,0,0,9,119,1,0,0,9,122,1,0,0,9,124,1,0;              3393P   3369
508,4,0,9,127,1,0,0,9,136,1,0,0,9,133,1,0,0,9,130,1,0;              3395P   3370
508,4,0,9,139,1,0,0,9,143,1,0,0,9,146,1,0,0,9,148,1,0;              3397P   3371
508,4,0,9,151,1,0,0,9,160,1,0,0,9,157,1,0,0,9,154,1,0;              3399P   3372
508,4,0,9,163,1,0,0,9,167,1,0,0,9,170,1,0,0,9,172,1,0;              3401P   3373
508,4,0,9,175,1,0,0,9,184,1,0,0,9,181,1,0,0,9,178,1,0;              3403P   3374
508,4,0,9,187,1,0,0,9,196,1,0,0,9,193,1,0,0,9,190,1,0;              3405P   3375
508,4,0,9,199,1,0,0,9,203,1,0,0,9,206,1,0,0,9,208,1,0;              3407P   3376
508,4,0,9,211,1,0,0,9,220,1,0,0,9,217,1,0,0,9,214,1,0;              3409P   3377
508,4,0,9,223,1,0,0,9,227,1,0,0,9,230,1,0,0,9,232,1,0;              3411P   3378
508,4,0,9,235,1,0,0,9,244,1,0,0,9,241,1,0,0,9,238,1,0;              3413P   3379
508,4,0,9,247,1,0,0,9,251,1,0,0,9,254,1,0,0,9,256,1,0;              3415P   3380
508,4,0,9,259,1,0,0,9,268,1,0,0,9,265,1,0,0,9,262,1,0;              3417P   3381
508,4,0,9,271,1,0,0,9,275,1,0,0,9,278,1,0,0,9,280,1,0;              3419P   3382
508,4,0,9,283,1,0,0,9,292,1,0,0,9,289,1,0,0,9,286,1,0;              3421P   3383
508,4,0,9,295,1,0,0,9,299,1,0,0,9,302,1,0,0,9,304,1,0;              3423P   3384
508,4,0,9,307,1,0,0,9,316,1,0,0,9,313,1,0,0,9,310,1,0;              3425P   3385
508,4,0,9,319,1,0,0,9,323,1,0,0,9,326,1,0,0,9,328,1,0;              3427P   3386
508,4,0,9,331,1,0,0,9,340,1,0,0,9,337,1,0,0,9,334,1,0;              3429P   3387
508,4,0,9,343,1,0,0,9,347,1,0,0,9,350,1,0,0,9,352,1,0;              3431P   3388
508,4,0,9,355,1,0,0,9,364,1,0,0,9,361,1,0,0,9,358,1,0;              3433P   3389
508,4,0,9,367,1,0,0,9,371,1,0,0,9,374,1,0,0,9,376,1,0;              3435P   3390
508,4,0,9,379,1,0,0,9,388,1,0,0,9,385,1,0,0,9,382,1,0;              3437P   3391
508,4,0,9,391,1,0,0,9,395,1,0,0,9,398,1,0,0,9,400,1,0;              3439P   3392
508,4,0,9,403,1,0,0,9,412,1,0,0,9,409,1,0,0,9,406,1,0;              3441P   3393
508,4,0,9,415,1,0,0,9,419,1,0,0,9,422,1,0,0,9,424,1,0;              3443P   3394
508,4,0,9,427,1,0,0,9,436,1,0,0,9,433,1,0,0,9,430,1,0;              3445P   3395
508,4,0,9,439,1,0,0,9,443,1,0,0,9,446,1,0,0,9,448,1,0;              3447P   3396
508,4,0,9,451,1,0,0,9,460,1,0,0,9,457,1,0,0,9,454,1,0;              3449P   3397
508,4,0,9,463,1,0,0,9,467,1,0,0,9,470,1,0,0,9,472,1,0;              3451P   3398
510,3349,33,1,3387,3389,3391,3393,3395,3397,3399,3401,3403,3405,    3453P   3399
3407,3409,3411,3413,3415,3417,3419,3421,3423,3425,3427,3429,        3453P   3400
3431,3433,3435,3437,3439,3441,3443,3445,3447,3449,3451;             3453P   3401
116,-.064D0,-1.68281836409719D-15,1.74838271594513D-16,0;           3455P   3402
123,-1.0D0,0.0D0,0.0D0;                                             3457P   3403
190,3455,3457,3461;                                                 3459P   3404
123,0.0D0,0.0D0,1.0D0;                                              3461P   3405
110,-.064D0,2.797D0,4.857D0,-.064D0,2.767D0,4.857D0;                3463P   3406
110,-.064D0,2.797D0,4.953D0,-.064D0,2.797D0,4.857D0;                3465P   3407
100,0.0D0,0.0D0,0.0D0,-.406D0,-1.75328153194587D-15,                3467P   3408
-7.45809900680738D-17,-.406D0;                                      3467P   3409
124,0.0D0,0.0D0,1.0D0,-.064D0,-1.0D0,0.0D0,0.0D0,2.797D0,0.0D0,     3469P   3410
-1.0D0,0.0D0,4.547D0;                                               3469P   3411
110,-.064D0,3.203D0,-4.547D0,-.064D0,3.203D0,4.547D0;               3471P   3412
100,0.0D0,0.0D0,0.0D0,-.406D0,4.97206600453826D-17,                 3473P   3413
-1.87758318205933D-15,-.406D0;                                      3473P   3414
124,0.0D0,0.0D0,1.0D0,-.064D0,0.0D0,-1.0D0,0.0D0,2.797D0,1.0D0,     3475P   3415
0.0D0,0.0D0,-4.547D0;                                               3475P   3416
110,-.064D0,2.797D0,-4.857D0,-.064D0,2.797D0,-4.953D0;              3477P   3417
110,-.064D0,-2.797D0,-4.953D0,-.064D0,-2.797D0,-4.857D0;            3479P   3418
100,0.0D0,0.0D0,0.0D0,-.406D0,4.97206600453826D-17,                 3481P   3419
2.08902164032143D-15,-.406D0;                                       3481P   3420
124,0.0D0,0.0D0,1.0D0,-.064D0,1.0D0,0.0D0,0.0D0,-2.797D0,0.0D0,     3483P   3421
1.0D0,0.0D0,-4.547D0;                                               3483P   3422
110,-.064D0,-3.203D0,4.547D0,-.064D0,-3.203D0,-4.547D0;             3485P   3423
100,0.0D0,0.0D0,0.0D0,-.406D0,2.21332329043489D-15,                 3487P   3424
-7.45809900680738D-17,-.406D0;                                      3487P   3425
124,0.0D0,0.0D0,1.0D0,-.064D0,0.0D0,1.0D0,0.0D0,-2.797D0,-1.0D0,    3489P   3426
0.0D0,0.0D0,4.547D0;                                                3489P   3427
110,-.064D0,-2.797D0,4.857D0,-.064D0,-2.797D0,4.953D0;              3491P   3428
110,-.064D0,-2.733D0,4.85700000000012D0,-.064D0,-2.797D0,           3493P   3429
4.857D0;                                                            3493P   3430
110,-.064D0,2.767D0,4.857D0,-.064D0,-2.733D0,4.85700000000012D0;    3495P   3431
508,16,0,9,562,0,0,0,9,563,0,0,0,9,564,0,0,0,9,565,0,0,0,9,566,     3497P   3432
0,0,0,9,567,0,0,0,9,528,0,0,0,9,496,0,0,0,9,527,0,0,0,9,568,0,0,    3497P   3433
0,9,569,0,0,0,9,570,0,0,0,9,571,0,0,0,9,572,0,0,0,9,573,0,0,0,9,    3497P   3434
574,0,0;                                                            3497P   3435
508,4,0,9,89,1,0,0,9,99,1,0,0,9,96,1,0,0,9,93,1,0;                  3499P   3436
508,4,0,9,101,1,0,0,9,105,1,0,0,9,108,1,0,0,9,111,1,0;              3501P   3437
508,4,0,9,113,1,0,0,9,123,1,0,0,9,120,1,0,0,9,117,1,0;              3503P   3438
508,4,0,9,125,1,0,0,9,129,1,0,0,9,132,1,0,0,9,135,1,0;              3505P   3439
508,4,0,9,137,1,0,0,9,147,1,0,0,9,144,1,0,0,9,141,1,0;              3507P   3440
508,4,0,9,149,1,0,0,9,153,1,0,0,9,156,1,0,0,9,159,1,0;              3509P   3441
508,4,0,9,161,1,0,0,9,171,1,0,0,9,168,1,0,0,9,165,1,0;              3511P   3442
508,4,0,9,173,1,0,0,9,177,1,0,0,9,180,1,0,0,9,183,1,0;              3513P   3443
508,4,0,9,185,1,0,0,9,189,1,0,0,9,192,1,0,0,9,195,1,0;              3515P   3444
508,4,0,9,197,1,0,0,9,207,1,0,0,9,204,1,0,0,9,201,1,0;              3517P   3445
508,4,0,9,209,1,0,0,9,213,1,0,0,9,216,1,0,0,9,219,1,0;              3519P   3446
508,4,0,9,221,1,0,0,9,231,1,0,0,9,228,1,0,0,9,225,1,0;              3521P   3447
508,4,0,9,233,1,0,0,9,237,1,0,0,9,240,1,0,0,9,243,1,0;              3523P   3448
508,4,0,9,245,1,0,0,9,255,1,0,0,9,252,1,0,0,9,249,1,0;              3525P   3449
508,4,0,9,257,1,0,0,9,261,1,0,0,9,264,1,0,0,9,267,1,0;              3527P   3450
508,4,0,9,269,1,0,0,9,279,1,0,0,9,276,1,0,0,9,273,1,0;              3529P   3451
508,4,0,9,281,1,0,0,9,285,1,0,0,9,288,1,0,0,9,291,1,0;              3531P   3452
508,4,0,9,293,1,0,0,9,303,1,0,0,9,300,1,0,0,9,297,1,0;              3533P   3453
508,4,0,9,305,1,0,0,9,309,1,0,0,9,312,1,0,0,9,315,1,0;              3535P   3454
508,4,0,9,317,1,0,0,9,327,1,0,0,9,324,1,0,0,9,321,1,0;              3537P   3455
508,4,0,9,329,1,0,0,9,333,1,0,0,9,336,1,0,0,9,339,1,0;              3539P   3456
508,4,0,9,341,1,0,0,9,351,1,0,0,9,348,1,0,0,9,345,1,0;              3541P   3457
508,4,0,9,353,1,0,0,9,357,1,0,0,9,360,1,0,0,9,363,1,0;              3543P   3458
508,4,0,9,365,1,0,0,9,375,1,0,0,9,372,1,0,0,9,369,1,0;              3545P   3459
508,4,0,9,377,1,0,0,9,381,1,0,0,9,384,1,0,0,9,387,1,0;              3547P   3460
508,4,0,9,389,1,0,0,9,399,1,0,0,9,396,1,0,0,9,393,1,0;              3549P   3461
508,4,0,9,401,1,0,0,9,405,1,0,0,9,408,1,0,0,9,411,1,0;              3551P   3462
508,4,0,9,413,1,0,0,9,423,1,0,0,9,420,1,0,0,9,417,1,0;              3553P   3463
508,4,0,9,425,1,0,0,9,429,1,0,0,9,432,1,0,0,9,435,1,0;              3555P   3464
508,4,0,9,437,1,0,0,9,447,1,0,0,9,444,1,0,0,9,441,1,0;              3557P   3465
508,4,0,9,449,1,0,0,9,453,1,0,0,9,456,1,0,0,9,459,1,0;              3559P   3466
508,4,0,9,461,1,0,0,9,471,1,0,0,9,468,1,0,0,9,465,1,0;              3561P   3467
510,3459,33,1,3497,3499,3501,3503,3505,3507,3509,3511,3513,3515,    3563P   3468
3517,3519,3521,3523,3525,3527,3529,3531,3533,3535,3537,3539,        3563P   3469
3541,3543,3545,3547,3549,3551,3553,3555,3557,3559,3561;             3563P   3470
128,1,8,1,2,0,1,0,0,0,-203.679220908092D0,-203.679220908092D0,      3565P   3471
-202.57577263223D0,-202.57577263223D0,0.0D0,0.0D0,0.0D0,            3565P   3472
.091106186954104D0,.091106186954104D0,.182212373908208D0,           3565P   3473
.182212373908208D0,.273318560862312D0,.273318560862312D0,           3565P   3474
.364424747816416D0,.364424747816416D0,.364424747816416D0,1.0D0,     3565P   3475
1.0D0,.707106781186548D0,.707106781186548D0,1.0D0,1.0D0,            3565P   3476
.707106781186548D0,.707106781186548D0,1.0D0,1.0D0,                  3565P   3477
.707106781186548D0,.707106781186548D0,1.0D0,1.0D0,                  3565P   3478
.707106781186548D0,.707106781186548D0,1.0D0,1.0D0,-.379D0,          3565P   3479
-1.233D0,4.88900000000009D0,-.379D0,-1.233D0,4.95300000000009D0,    3565P   3480
-.379D0,-1.291D0,4.88900000000009D0,-.379D0,-1.291D0,               3565P   3481
4.95300000000009D0,-.321D0,-1.291D0,4.88900000000009D0,-.321D0,     3565P   3482
-1.291D0,4.95300000000009D0,-.263D0,-1.291D0,4.88900000000009D0,    3565P   3483
-.263D0,-1.291D0,4.95300000000009D0,-.263D0,-1.233D0,               3565P   3484
4.88900000000009D0,-.263D0,-1.233D0,4.95300000000009D0,-.263D0,     3565P   3485
-1.175D0,4.88900000000009D0,-.263D0,-1.175D0,4.95300000000009D0,    3565P   3486
-.321D0,-1.175D0,4.88900000000009D0,-.321D0,-1.175D0,               3565P   3487
4.95300000000009D0,-.379D0,-1.175D0,4.88900000000009D0,-.379D0,     3565P   3488
-1.175D0,4.95300000000009D0,-.379D0,-1.233D0,4.88900000000009D0,    3565P   3489
-.379D0,-1.233D0,4.95300000000009D0,-203.679220908092D0,            3565P   3490
-202.57577263223D0,0.0D0,.364424747816416D0;                        3565P   3491
100,0.0D0,0.0D0,0.0D0,-.058D0,7.10295143505465D-18,.058D0,          3567P   3492
-1.42059028701093D-17;                                              3567P   3493
100,0.0D0,0.0D0,0.0D0,.058D0,0.0D0,-.058D0,                         3569P   3494
-1.98954441935374D-16;                                              3569P   3495
508,4,0,9,5,1,0,0,9,575,0,0,0,9,7,0,0,0,9,576,0,0;                  3571P   3496
510,3565,1,1,3571;                                                  3573P   3497
128,1,8,1,2,0,1,0,0,0,-203.679220908092D0,-203.679220908092D0,      3575P   3498
-202.57577263223D0,-202.57577263223D0,0.0D0,0.0D0,0.0D0,            3575P   3499
.091106186954104D0,.091106186954104D0,.182212373908208D0,           3575P   3500
.182212373908208D0,.273318560862312D0,.273318560862312D0,           3575P   3501
.364424747816416D0,.364424747816416D0,.364424747816416D0,1.0D0,     3575P   3502
1.0D0,.707106781186548D0,.707106781186548D0,1.0D0,1.0D0,            3575P   3503
.707106781186548D0,.707106781186548D0,1.0D0,1.0D0,                  3575P   3504
.707106781186548D0,.707106781186548D0,1.0D0,1.0D0,                  3575P   3505
.707106781186548D0,.707106781186548D0,1.0D0,1.0D0,-.379D0,          3575P   3506
1.267D0,4.88900000000003D0,-.379D0,1.267D0,4.95300000000004D0,      3575P   3507
-.379D0,1.209D0,4.88900000000003D0,-.379D0,1.209D0,                 3575P   3508
4.95300000000004D0,-.321D0,1.209D0,4.88900000000003D0,-.321D0,      3575P   3509
1.209D0,4.95300000000004D0,-.263D0,1.209D0,4.88900000000003D0,      3575P   3510
-.263D0,1.209D0,4.95300000000004D0,-.263D0,1.267D0,                 3575P   3511
4.88900000000003D0,-.263D0,1.267D0,4.95300000000004D0,-.263D0,      3575P   3512
1.325D0,4.88900000000003D0,-.263D0,1.325D0,4.95300000000003D0,      3575P   3513
-.321D0,1.325D0,4.88900000000003D0,-.321D0,1.325D0,                 3575P   3514
4.95300000000003D0,-.379D0,1.325D0,4.88900000000003D0,-.379D0,      3575P   3515
1.325D0,4.95300000000003D0,-.379D0,1.267D0,4.88900000000003D0,      3575P   3516
-.379D0,1.267D0,4.95300000000004D0,-203.679220908092D0,             3575P   3517
-202.57577263223D0,0.0D0,.364424747816416D0;                        3575P   3518
100,0.0D0,0.0D0,0.0D0,-.058D0,7.10295143505465D-18,.058D0,          3577P   3519
-2.20263296240538D-16;                                              3577P   3520
100,0.0D0,0.0D0,0.0D0,.058D0,0.0D0,-.058D0,7.10295143505465D-18;    3579P   3521
508,4,0,9,1,1,0,0,9,577,0,0,0,9,3,0,0,0,9,578,0,0;                  3581P   3522
510,3575,1,1,3581;                                                  3583P   3523
120,3589,3587,0.0D0,6.28318530717959D0;                             3585P   3524
110,-.128D0,3.042D0,4.857D0,-.128D0,-3.008D0,4.85700000000013D0;    3587P   3525
110,-.096D0,3.042D0,4.857D0,-.096D0,2.042D0,4.857D0;                3589P   3526
100,0.0D0,0.0D0,0.0D0,-.032D0,3.91886975727153D-18,                 3591P   3527
-5.8783046359073D-18,-.032D0;                                       3591P   3528
124,-1.0D0,0.0D0,0.0D0,-.096D0,0.0D0,0.0D0,-1.0D0,-2.733D0,         3593P   3529
0.0D0,-1.0D0,0.0D0,4.85700000000012D0;                              3593P   3530
110,-.096D0,2.767D0,4.889D0,-.096D0,-2.733D0,4.88900000000012D0;    3595P   3531
100,0.0D0,0.0D0,0.0D0,-1.22514198365662D-17,.032D0,-.032D0,         3597P   3532
3.91886975727153D-18;                                               3597P   3533
124,-1.0D0,0.0D0,0.0D0,-.096D0,0.0D0,0.0D0,1.0D0,2.767D0,0.0D0,     3599P   3534
1.0D0,0.0D0,4.857D0;                                                3599P   3535
508,4,0,9,579,1,0,0,9,580,0,0,0,9,581,1,0,0,9,574,1,0;              3601P   3536
510,3585,1,1,3601;                                                  3603P   3537
116,-.096D0,2.767D0,4.889D0,0;                                      3605P   3538
123,0.0D0,0.0D0,-1.0D0;                                             3607P   3539
190,3605,3607,3611;                                                 3609P   3540
123,-1.0D0,0.0D0,0.0D0;                                             3611P   3541
110,-.096D0,-2.733D0,4.88900000000012D0,-.529D0,-2.733D0,           3613P   3542
4.88900000000012D0;                                                 3613P   3543
110,-.529D0,2.767D0,4.889D0,-.529D0,-2.733D0,4.88900000000012D0;    3615P   3544
110,-.529D0,2.767D0,4.889D0,-.096D0,2.767D0,4.889D0;                3617P   3545
508,4,0,9,582,1,0,0,9,583,0,0,0,9,584,1,0,0,9,580,1,0;              3619P   3546
508,2,0,9,575,1,0,0,9,8,1,0;                                        3621P   3547
508,2,0,9,577,1,0,0,9,4,1,0;                                        3623P   3548
510,3609,3,1,3619,3621,3623;                                        3625P   3549
120,3631,3629,0.0D0,6.28318530717959D0;                             3627P   3550
110,-.529D0,3.042D0,4.825D0,-.529D0,-3.008D0,4.82500000000013D0;    3629P   3551
110,-.529D0,3.042D0,4.857D0,-.529D0,2.042D0,4.857D0;                3631P   3552
100,0.0D0,0.0D0,0.0D0,-.032D0,3.91886975727153D-18,                 3633P   3553
-5.8783046359073D-18,-.032D0;                                       3633P   3554
124,0.0D0,1.0D0,0.0D0,-.529D0,0.0D0,0.0D0,-1.0D0,-2.733D0,          3635P   3555
-1.0D0,0.0D0,0.0D0,4.85700000000012D0;                              3635P   3556
110,-.561D0,2.767D0,4.857D0,-.561D0,-2.733D0,4.85700000000012D0;    3637P   3557
100,0.0D0,0.0D0,0.0D0,1.95943487863577D-18,.032D0,-.032D0,          3639P   3558
3.91886975727153D-18;                                               3639P   3559
124,0.0D0,-1.0D0,0.0D0,-.529D0,0.0D0,0.0D0,1.0D0,2.767D0,-1.0D0,    3641P   3560
0.0D0,0.0D0,4.857D0;                                                3641P   3561
508,4,0,9,585,1,0,0,9,586,0,0,0,9,587,1,0,0,9,583,1,0;              3643P   3562
510,3627,1,1,3643;                                                  3645P   3563
116,-.561D0,2.767D0,4.857D0,0;                                      3647P   3564
123,1.0D0,0.0D0,0.0D0;                                              3649P   3565
190,3647,3649,3653;                                                 3651P   3566
123,0.0D0,0.0D0,-1.0D0;                                             3653P   3567
110,-.561D0,-2.733D0,4.85700000000012D0,-.561D0,                    3655P   3568
-2.73300000000002D0,4.32800000000012D0;                             3655P   3569
110,-.561D0,2.76699999999999D0,4.328D0,-.561D0,                     3657P   3570
-2.73300000000002D0,4.32800000000012D0;                             3657P   3571
110,-.561D0,2.76699999999999D0,4.328D0,-.561D0,2.767D0,4.857D0;     3659P   3572
508,4,0,9,588,1,0,0,9,589,0,0,0,9,590,1,0,0,9,586,1,0;              3661P   3573
508,2,0,9,531,1,0,0,9,44,1,0;                                       3663P   3574
508,2,0,9,533,1,0,0,9,40,1,0;                                       3665P   3575
508,2,0,9,535,1,0,0,9,36,1,0;                                       3667P   3576
508,2,0,9,537,1,0,0,9,32,1,0;                                       3669P   3577
508,2,0,9,539,1,0,0,9,28,1,0;                                       3671P   3578
508,2,0,9,541,1,0,0,9,24,1,0;                                       3673P   3579
508,2,0,9,543,1,0,0,9,20,1,0;                                       3675P   3580
508,2,0,9,545,1,0,0,9,16,1,0;                                       3677P   3581
508,2,0,9,547,1,0,0,9,12,1,0;                                       3679P   3582
510,3651,10,1,3661,3663,3665,3667,3669,3671,3673,3675,3677,3679;    3681P   3583
116,-.561D0,2.76699999999999D0,4.328D0,0;                           3683P   3584
123,0.0D0,0.0D0,-1.0D0;                                             3685P   3585
190,3683,3685,3689;                                                 3687P   3586
123,-1.0D0,0.0D0,0.0D0;                                             3689P   3587
110,-.561D0,-2.73300000000002D0,4.32800000000012D0,-.625D0,         3691P   3588
-2.73300000000002D0,4.32800000000012D0;                             3691P   3589
110,-.625D0,2.76699999999999D0,4.328D0,-.625D0,                     3693P   3590
-2.73300000000002D0,4.32800000000012D0;                             3693P   3591
110,-.625D0,2.76699999999999D0,4.328D0,-.561D0,                     3695P   3592
2.76699999999999D0,4.328D0;                                         3695P   3593
508,4,0,9,591,1,0,0,9,592,0,0,0,9,593,1,0,0,9,589,1,0;              3697P   3594
510,3687,1,1,3697;                                                  3699P   3595
116,-.625D0,2.76699999999999D0,4.328D0,0;                           3701P   3596
123,-1.0D0,0.0D0,0.0D0;                                             3703P   3597
190,3701,3703,3707;                                                 3705P   3598
123,0.0D0,0.0D0,1.0D0;                                              3707P   3599
110,-.625D0,-2.73300000000002D0,4.32800000000012D0,-.625D0,         3709P   3600
-2.733D0,4.85700000000012D0;                                        3709P   3601
110,-.625D0,2.767D0,4.857D0,-.625D0,-2.733D0,4.85700000000012D0;    3711P   3602
110,-.625D0,2.767D0,4.857D0,-.625D0,2.76699999999999D0,4.328D0;     3713P   3603
508,4,0,9,594,1,0,0,9,595,0,0,0,9,596,1,0,0,9,592,1,0;              3715P   3604
508,2,0,9,532,1,0,0,9,42,1,0;                                       3717P   3605
508,2,0,9,534,1,0,0,9,38,1,0;                                       3719P   3606
508,2,0,9,536,1,0,0,9,34,1,0;                                       3721P   3607
508,2,0,9,538,1,0,0,9,30,1,0;                                       3723P   3608
508,2,0,9,540,1,0,0,9,26,1,0;                                       3725P   3609
508,2,0,9,542,1,0,0,9,22,1,0;                                       3727P   3610
508,2,0,9,544,1,0,0,9,18,1,0;                                       3729P   3611
508,2,0,9,546,1,0,0,9,14,1,0;                                       3731P   3612
508,2,0,9,548,1,0,0,9,10,1,0;                                       3733P   3613
510,3705,10,1,3715,3717,3719,3721,3723,3725,3727,3729,3731,3733;    3735P   3614
116,-.529D0,2.767D0,4.857D0,0;                                      3737P   3615
123,0.0D0,-1.0D0,2.18706783376409D-14;                              3739P   3616
192,3737,3739,.096D0,3743;                                          3741P   3617
123,0.0D0,0.0D0,1.0D0;                                              3743P   3618
100,0.0D0,0.0D0,0.0D0,-1.76349139077219D-17,-.096D0,.096D0,         3745P   3619
-2.35132185436292D-17;                                              3745P   3620
124,0.0D0,1.0D0,0.0D0,-.529D0,0.0D0,0.0D0,1.0D0,-2.733D0,1.0D0,     3747P   3621
0.0D0,0.0D0,4.85700000000012D0;                                     3747P   3622
110,-.529D0,2.767D0,4.953D0,-.529D0,-2.733D0,4.95300000000012D0;    3749P   3623
100,0.0D0,0.0D0,0.0D0,.096D0,0.0D0,5.8783046359073D-18,.096D0;      3751P   3624
124,0.0D0,-1.0D0,0.0D0,-.529D0,0.0D0,0.0D0,-1.0D0,2.767D0,1.0D0,    3753P   3625
0.0D0,0.0D0,4.857D0;                                                3753P   3626
508,4,0,9,597,1,0,0,9,598,0,0,0,9,599,1,0,0,9,595,1,0;              3755P   3627
510,3741,1,1,3755;                                                  3757P   3628
116,-.529D0,2.767D0,4.953D0,0;                                      3759P   3629
123,0.0D0,0.0D0,1.0D0;                                              3761P   3630
190,3759,3761,3765;                                                 3763P   3631
123,1.0D0,0.0D0,0.0D0;                                              3765P   3632
110,-.529D0,-2.733D0,4.95300000000012D0,-.096D0,-2.733D0,           3767P   3633
4.95300000000012D0;                                                 3767P   3634
110,-.096D0,2.767D0,4.953D0,-.096D0,-2.733D0,4.95300000000012D0;    3769P   3635
110,-.096D0,2.767D0,4.953D0,-.529D0,2.767D0,4.953D0;                3771P   3636
508,4,0,9,600,1,0,0,9,601,0,0,0,9,602,1,0,0,9,598,1,0;              3773P   3637
508,2,0,9,576,1,0,0,9,6,1,0;                                        3775P   3638
508,2,0,9,578,1,0,0,9,2,1,0;                                        3777P   3639
510,3763,3,1,3773,3775,3777;                                        3779P   3640
116,-.096D0,2.767D0,4.857D0,0;                                      3781P   3641
123,0.0D0,-1.0D0,2.18706783376409D-14;                              3783P   3642
192,3781,3783,.096D0,3787;                                          3785P   3643
123,1.0D0,0.0D0,0.0D0;                                              3787P   3644
100,0.0D0,0.0D0,0.0D0,-1.76349139077219D-17,-.096D0,.096D0,         3789P   3645
-2.35132185436292D-17;                                              3789P   3646
124,1.0D0,0.0D0,0.0D0,-.096D0,0.0D0,0.0D0,1.0D0,-2.733D0,0.0D0,     3791P   3647
-1.0D0,0.0D0,4.85700000000012D0;                                    3791P   3648
100,0.0D0,0.0D0,0.0D0,.096D0,0.0D0,-3.67542595096987D-17,.096D0;    3793P   3649
124,1.0D0,0.0D0,0.0D0,-.096D0,0.0D0,0.0D0,-1.0D0,2.767D0,0.0D0,     3795P   3650
1.0D0,0.0D0,4.857D0;                                                3795P   3651
508,4,0,9,603,1,0,0,9,561,1,0,0,9,604,1,0,0,9,601,1,0;              3797P   3652
510,3785,1,1,3797;                                                  3799P   3653
116,-.433426659358251D0,2.76699999999999D0,4.75992631461219D0,0;    3801P   3654
123,0.0D0,1.0D0,0.0D0;                                              3803P   3655
190,3801,3803,3807;                                                 3805P   3656
123,0.0D0,0.0D0,1.0D0;                                              3807P   3657
110,-.064D0,2.767D0,4.857D0,0.0D0,2.767D0,4.857D0;                  3809P   3658
508,10,0,9,604,0,0,0,9,605,0,0,0,9,581,0,0,0,9,584,0,0,0,9,587,     3811P   3659
0,0,0,9,590,0,0,0,9,593,0,0,0,9,596,0,0,0,9,599,0,0,0,9,602,0,0;    3811P   3660
510,3805,1,1,3811;                                                  3813P   3661
116,-.433426659358251D0,-2.73300000000001D0,4.75992631461231D0,     3815P   3662
0;                                                                  3815P   3663
123,0.0D0,-1.0D0,0.0D0;                                             3817P   3664
190,3815,3817,3821;                                                 3819P   3665
123,0.0D0,0.0D0,-1.0D0;                                             3821P   3666
110,0.0D0,-2.733D0,4.85700000000012D0,-.064D0,-2.733D0,             3823P   3667
4.85700000000012D0;                                                 3823P   3668
508,10,0,9,606,0,0,0,9,603,0,0,0,9,600,0,0,0,9,597,0,0,0,9,594,     3825P   3669
0,0,0,9,591,0,0,0,9,588,0,0,0,9,585,0,0,0,9,582,0,0,0,9,579,0,0;    3825P   3670
510,3819,1,1,3825;                                                  3827P   3671
116,0.0D0,-1.3987061727561D-15,4.857D0,0;                           3829P   3672
123,0.0D0,0.0D0,1.0D0;                                              3831P   3673
190,3829,3831,3835;                                                 3833P   3674
123,1.0D0,0.0D0,0.0D0;                                              3835P   3675
110,0.0D0,2.797D0,4.857D0,-.064D0,2.797D0,4.857D0;                  3837P   3676
508,4,0,9,605,1,0,0,9,560,1,0,0,9,607,1,0,0,9,562,1,0;              3839P   3677
510,3833,1,1,3839;                                                  3841P   3678
116,0.0D0,-1.3987061727561D-15,4.857D0,0;                           3843P   3679
123,0.0D0,0.0D0,1.0D0;                                              3845P   3680
190,3843,3845,3849;                                                 3847P   3681
123,1.0D0,0.0D0,0.0D0;                                              3849P   3682
110,0.0D0,-2.797D0,4.857D0,-.064D0,-2.797D0,4.857D0;                3851P   3683
508,4,0,9,606,1,0,0,9,573,1,0,0,9,608,0,0,0,9,549,1,0;              3853P   3684
510,3847,1,1,3853;                                                  3855P   3685
116,0.0D0,-2.797D0,4.857D0,0;                                       3857P   3686
123,0.0D0,1.0D0,0.0D0;                                              3859P   3687
190,3857,3859,3863;                                                 3861P   3688
123,0.0D0,0.0D0,1.0D0;                                              3863P   3689
110,0.0D0,-2.797D0,4.953D0,-.064D0,-2.797D0,4.953D0;                3865P   3690
508,4,0,9,572,1,0,0,9,609,0,0,0,9,550,1,0,0,9,608,1,0;              3867P   3691
510,3861,1,1,3867;                                                  3869P   3692
116,0.0D0,-2.797D0,4.547D0,0;                                       3871P   3693
123,-1.0D0,0.0D0,0.0D0;                                             3873P   3694
192,3871,3873,.406D0,3877;                                          3875P   3695
123,0.0D0,0.0D0,-1.0D0;                                             3877P   3696
110,0.0D0,-3.203D0,4.547D0,-.064D0,-3.203D0,4.547D0;                3879P   3697
508,4,0,9,571,1,0,0,9,610,0,0,0,9,551,1,0,0,9,609,1,0;              3881P   3698
510,3875,1,1,3881;                                                  3883P   3699
116,0.0D0,-3.203D0,4.547D0,0;                                       3885P   3700
123,0.0D0,-1.0D0,0.0D0;                                             3887P   3701
190,3885,3887,3891;                                                 3889P   3702
123,0.0D0,0.0D0,-1.0D0;                                             3891P   3703
110,0.0D0,-3.203D0,-4.547D0,-.064D0,-3.203D0,-4.547D0;              3893P   3704
508,4,0,9,570,1,0,0,9,611,0,0,0,9,552,1,0,0,9,610,1,0;              3895P   3705
510,3889,1,1,3895;                                                  3897P   3706
116,0.0D0,-2.797D0,-4.547D0,0;                                      3899P   3707
123,-1.0D0,0.0D0,0.0D0;                                             3901P   3708
192,3899,3901,.406D0,3905;                                          3903P   3709
123,0.0D0,1.0D0,0.0D0;                                              3905P   3710
110,0.0D0,-2.797D0,-4.953D0,-.064D0,-2.797D0,-4.953D0;              3907P   3711
508,4,0,9,569,1,0,0,9,612,0,0,0,9,553,1,0,0,9,611,1,0;              3909P   3712
510,3903,1,1,3909;                                                  3911P   3713
116,0.0D0,-2.797D0,-4.953D0,0;                                      3913P   3714
123,0.0D0,1.0D0,0.0D0;                                              3915P   3715
190,3913,3915,3919;                                                 3917P   3716
123,0.0D0,0.0D0,1.0D0;                                              3919P   3717
508,4,0,9,568,1,0,0,9,526,0,0,0,9,554,1,0,0,9,612,1,0;              3921P   3718
510,3917,1,1,3921;                                                  3923P   3719
116,0.0D0,2.797D0,-4.857D0,0;                                       3925P   3720
123,0.0D0,-1.0D0,0.0D0;                                             3927P   3721
190,3925,3927,3931;                                                 3929P   3722
123,0.0D0,0.0D0,-1.0D0;                                             3931P   3723
110,0.0D0,2.797D0,-4.953D0,-.064D0,2.797D0,-4.953D0;                3933P   3724
508,4,0,9,567,1,0,0,9,613,0,0,0,9,555,1,0,0,9,529,1,0;              3935P   3725
510,3929,1,1,3935;                                                  3937P   3726
116,0.0D0,2.797D0,-4.547D0,0;                                       3939P   3727
123,-1.0D0,0.0D0,0.0D0;                                             3941P   3728
192,3939,3941,.406D0,3945;                                          3943P   3729
123,0.0D0,0.0D0,1.0D0;                                              3945P   3730
110,0.0D0,3.203D0,-4.547D0,-.064D0,3.203D0,-4.547D0;                3947P   3731
508,4,0,9,566,1,0,0,9,614,0,0,0,9,556,1,0,0,9,613,1,0;              3949P   3732
510,3943,1,1,3949;                                                  3951P   3733
116,0.0D0,3.203D0,-4.547D0,0;                                       3953P   3734
123,0.0D0,1.0D0,0.0D0;                                              3955P   3735
190,3953,3955,3959;                                                 3957P   3736
123,0.0D0,0.0D0,1.0D0;                                              3959P   3737
110,0.0D0,3.203D0,4.547D0,-.064D0,3.203D0,4.547D0;                  3961P   3738
508,4,0,9,565,1,0,0,9,615,0,0,0,9,557,1,0,0,9,614,1,0;              3963P   3739
510,3957,1,1,3963;                                                  3965P   3740
116,0.0D0,2.797D0,4.547D0,0;                                        3967P   3741
123,-1.0D0,0.0D0,0.0D0;                                             3969P   3742
192,3967,3969,.406D0,3973;                                          3971P   3743
123,0.0D0,-1.0D0,0.0D0;                                             3973P   3744
110,0.0D0,2.797D0,4.953D0,-.064D0,2.797D0,4.953D0;                  3975P   3745
508,4,0,9,564,1,0,0,9,616,0,0,0,9,558,1,0,0,9,615,1,0;              3977P   3746
510,3971,1,1,3977;                                                  3979P   3747
116,0.0D0,2.797D0,4.953D0,0;                                        3981P   3748
123,0.0D0,-1.0D0,0.0D0;                                             3983P   3749
190,3981,3983,3987;                                                 3985P   3750
123,0.0D0,0.0D0,-1.0D0;                                             3987P   3751
508,4,0,9,563,1,0,0,9,607,0,0,0,9,559,1,0,0,9,616,1,0;              3989P   3752
510,3985,1,1,3989;                                                  3991P   3753
514,210,23,1,41,1,59,1,77,1,95,1,113,1,131,1,149,1,167,1,185,1,     3993P   3754
203,1,225,1,247,1,269,1,291,1,313,1,335,1,357,1,379,1,401,1,423,    3993P   3755
1,445,1,467,1,485,1,505,1,521,1,541,1,561,1,579,1,597,1,619,1,      3993P   3756
637,1,657,1,673,1,693,1,713,1,731,1,749,1,771,1,789,1,809,1,825,    3993P   3757
1,845,1,865,1,883,1,901,1,923,1,941,1,961,1,977,1,997,1,1017,1,     3993P   3758
1035,1,1053,1,1073,1,1093,1,1111,1,1129,1,1151,1,1169,1,1189,1,     3993P   3759
1205,1,1225,1,1245,1,1263,1,1281,1,1303,1,1321,1,1341,1,1357,1,     3993P   3760
1377,1,1397,1,1415,1,1433,1,1455,1,1473,1,1493,1,1509,1,1529,1,     3993P   3761
1549,1,1567,1,1585,1,1607,1,1625,1,1645,1,1661,1,1681,1,1701,1,     3993P   3762
1719,1,1737,1,1759,1,1777,1,1797,1,1813,1,1833,1,1853,1,1871,1,     3993P   3763
1889,1,1911,1,1929,1,1949,1,1965,1,1985,1,2005,1,2023,1,2041,1,     3993P   3764
2063,1,2081,1,2101,1,2117,1,2137,1,2157,1,2175,1,2193,1,2215,1,     3993P   3765
2233,1,2253,1,2269,1,2289,1,2309,1,2327,1,2345,1,2367,1,2385,1,     3993P   3766
2405,1,2421,1,2441,1,2461,1,2479,1,2497,1,2519,1,2537,1,2557,1,     3993P   3767
2573,1,2593,1,2613,1,2631,1,2649,1,2671,1,2689,1,2709,1,2725,1,     3993P   3768
2745,1,2765,1,2783,1,2801,1,2823,1,2841,1,2861,1,2877,1,2891,1,     3993P   3769
2905,1,2919,1,2933,1,2947,1,2961,1,2975,1,2989,1,3003,1,3017,1,     3993P   3770
3031,1,3049,1,3065,1,3081,1,3111,1,3123,1,3153,1,3169,1,3185,1,     3993P   3771
3201,1,3209,1,3217,1,3235,1,3253,1,3263,1,3273,1,3283,1,3293,1,     3993P   3772
3303,1,3313,1,3323,1,3333,1,3343,1,3453,1,3563,1,3573,1,3583,1,     3993P   3773
3603,1,3625,1,3645,1,3681,1,3699,1,3735,1,3757,1,3779,1,3799,1,     3993P   3774
3813,1,3827,1,3841,1,3855,1,3869,1,3883,1,3897,1,3911,1,3923,1,     3993P   3775
3937,1,3951,1,3965,1,3979,1,3991,1;                                 3993P   3776
186,3993,1,0;                                                       3995P   3777
314,75.2941012382507D0,75.2941012382507D0,75.2941012382507D0,7HD    3997P   3778
efault;                                                             3997P   3779
S      1G      4D   3998P   3779                                        T      1
