ISO-10303-21;
HEADER;
FILE_DESCRIPTION((''),'2;1');
FILE_NAME('C-2-1437667-8','2008-12-11T',('workeradm'),(
'Tyco Electronics Corporation'),
'PRO/ENGINEER BY PARAMETRIC TECHNOLOGY CORPORATION, 2005450',
'PRO/ENGINEER BY PARAMETRIC TECHNOLOGY CORPORATION, 2005450','');
FILE_SCHEMA(('CONFIG_CONTROL_DESIGN', 'GEOMETRIC_VALIDATION_PROPERTIES_MIM'));
ENDSEC;
DATA;
#1=DRAUGHTING_PRE_DEFINED_COLOUR('black');
#2=COLOUR_RGB('',0.E0,0.E0,3.6E-1);
#3=COLOUR_RGB('',0.E0,0.E0,4.8E-1);
#4=DRAUGHTING_PRE_DEFINED_COLOUR('blue');
#5=COLOUR_RGB('',0.E0,3.6E-1,9.E-2);
#6=COLOUR_RGB('',0.E0,3.6E-1,2.7E-1);
#7=COLOUR_RGB('',0.E0,5.6E-1,6.4E-1);
#8=COLOUR_RGB('',0.E0,5.8E-1,8.E-1);
#9=COLOUR_RGB('',0.E0,7.1E-1,6.6E-1);
#10=COLOUR_RGB('',0.E0,7.13E-1,0.E0);
#11=COLOUR_RGB('',0.E0,9.5E-1,8.4E-1);
#12=DRAUGHTING_PRE_DEFINED_COLOUR('green');
#13=DRAUGHTING_PRE_DEFINED_COLOUR('cyan');
#14=COLOUR_RGB('',4.E-2,0.E0,1.6E-1);
#15=COLOUR_RGB('',9.E-2,0.E0,1.2E-1);
#16=COLOUR_RGB('',1.E-1,0.E0,2.5E-1);
#17=COLOUR_RGB('',1.6E-1,3.2E-2,0.E0);
#18=COLOUR_RGB('',1.6E-1,4.6E-1,6.5E-1);
#19=COLOUR_RGB('',1.6E-1,1.E0,1.6E-1);
#20=COLOUR_RGB('',2.E-1,3.2E-2,0.E0);
#21=COLOUR_RGB('',3.1E-1,3.1E-1,5.6E-1);
#22=COLOUR_RGB('',3.2E-1,1.5E-1,0.E0);
#23=COLOUR_RGB('',4.E-1,4.E-1,4.E-1);
#24=COLOUR_RGB('',4.2E-1,4.2E-1,1.E0);
#25=COLOUR_RGB('',4.4E-1,8.5E-1,1.E0);
#26=COLOUR_RGB('',4.9E-1,4.9E-1,0.E0);
#27=COLOUR_RGB('',4.9E-1,1.E0,0.E0);
#28=COLOUR_RGB('',5.E-1,0.E0,0.E0);
#29=COLOUR_RGB('',5.E-1,0.E0,2.3E-1);
#30=COLOUR_RGB('',5.E-1,5.E-1,5.E-1);
#31=COLOUR_RGB('',5.3E-1,0.E0,0.E0);
#32=COLOUR_RGB('',5.4E-1,0.E0,4.4E-1);
#33=COLOUR_RGB('',5.5E-1,3.E-1,0.E0);
#34=COLOUR_RGB('',5.6E-1,1.E-1,5.E-2);
#35=COLOUR_RGB('',5.8E-1,2.2E-1,1.E-2);
#36=COLOUR_RGB('',6.E-1,6.E-1,6.E-1);
#37=COLOUR_RGB('',6.2E-1,0.E0,5.5E-1);
#38=COLOUR_RGB('',6.4E-1,0.E0,2.5E-1);
#39=COLOUR_RGB('',6.4E-1,1.E-2,0.E0);
#40=COLOUR_RGB('',6.8E-1,7.5E-1,1.E0);
#41=COLOUR_RGB('',7.1E-1,3.1E-1,0.E0);
#42=COLOUR_RGB('',7.2E-1,7.2E-1,7.2E-1);
#43=COLOUR_RGB('',7.4E-1,1.E0,2.6E-1);
#44=COLOUR_RGB('',7.5E-1,3.E-2,0.E0);
#45=COLOUR_RGB('',7.6E-1,0.E0,4.7E-1);
#46=COLOUR_RGB('',8.1E-1,4.E-2,0.E0);
#47=COLOUR_RGB('',8.1E-1,6.1E-1,0.E0);
#48=COLOUR_RGB('',8.2E-1,4.E-2,6.6E-1);
#49=COLOUR_RGB('',8.5E-1,8.5E-1,8.5E-1);
#50=COLOUR_RGB('',8.784E-1,9.49E-1,1.E0);
#51=COLOUR_RGB('',9.E-1,1.E0,0.E0);
#52=COLOUR_RGB('',9.37E-1,7.85E-1,0.E0);
#53=COLOUR_RGB('',9.5E-1,2.2E-1,8.1E-1);
#54=COLOUR_RGB('',9.6E-1,3.7E-1,3.E-1);
#55=COLOUR_RGB('',9.6E-1,7.1E-1,3.75E-1);
#56=DRAUGHTING_PRE_DEFINED_COLOUR('red');
#57=COLOUR_RGB('',1.E0,0.E0,6.1E-1);
#58=COLOUR_RGB('',1.E0,4.E-2,0.E0);
#59=COLOUR_RGB('',1.E0,2.3E-1,0.E0);
#60=COLOUR_RGB('',1.E0,3.5E-1,5.2E-1);
#61=COLOUR_RGB('',1.E0,3.6E-1,0.E0);
#62=COLOUR_RGB('',1.E0,4.9E-1,3.7E-1);
#63=COLOUR_RGB('',1.E0,5.E-1,0.E0);
#64=COLOUR_RGB('',1.E0,5.6E-1,7.8E-1);
#65=COLOUR_RGB('',1.E0,6.4E-1,4.9E-1);
#66=COLOUR_RGB('',1.E0,6.7E-1,0.E0);
#67=COLOUR_RGB('',1.E0,7.6E-1,6.5E-1);
#68=COLOUR_RGB('',1.E0,8.6E-1,4.E-2);
#69=COLOUR_RGB('',1.E0,9.8E-1,7.2E-1);
#70=DRAUGHTING_PRE_DEFINED_COLOUR('yellow');
#71=DRAUGHTING_PRE_DEFINED_COLOUR('white');
#72=DIRECTION('',(0.E0,1.E0,0.E0));
#73=VECTOR('',#72,1.18618E1);
#74=CARTESIAN_POINT('',(2.1463E1,0.E0,0.E0));
#75=LINE('',#74,#73);
#76=CARTESIAN_POINT('',(2.1463E1,1.18618E1,-1.6002E0));
#77=DIRECTION('',(-1.E0,0.E0,0.E0));
#78=DIRECTION('',(0.E0,0.E0,1.E0));
#79=AXIS2_PLACEMENT_3D('',#76,#77,#78);
#81=DIRECTION('',(0.E0,0.E0,-1.E0));
#82=VECTOR('',#81,9.4996E0);
#83=CARTESIAN_POINT('',(2.1463E1,1.3462E1,-1.6002E0));
#84=LINE('',#83,#82);
#85=CARTESIAN_POINT('',(2.1463E1,1.18618E1,-1.10998E1));
#86=DIRECTION('',(-1.E0,0.E0,0.E0));
#87=DIRECTION('',(0.E0,1.E0,0.E0));
#88=AXIS2_PLACEMENT_3D('',#85,#86,#87);
#90=DIRECTION('',(0.E0,-1.E0,0.E0));
#91=VECTOR('',#90,1.18618E1);
#92=CARTESIAN_POINT('',(2.1463E1,1.18618E1,-1.27E1));
#93=LINE('',#92,#91);
#94=DIRECTION('',(0.E0,0.E0,1.E0));
#95=VECTOR('',#94,1.27E1);
#96=CARTESIAN_POINT('',(2.1463E1,0.E0,-1.27E1));
#97=LINE('',#96,#95);
#98=DIRECTION('',(0.E0,1.E0,0.E0));
#99=VECTOR('',#98,1.10363E1);
#100=CARTESIAN_POINT('',(-1.98755E1,8.255E-1,0.E0));
#101=LINE('',#100,#99);
#102=DIRECTION('',(0.E0,-1.E0,0.E0));
#103=VECTOR('',#102,8.255E-1);
#104=CARTESIAN_POINT('',(-1.98755E1,8.255E-1,0.E0));
#105=LINE('',#104,#103);
#106=DIRECTION('',(-1.E0,0.E0,0.E0));
#107=VECTOR('',#106,1.5875E0);
#108=CARTESIAN_POINT('',(-1.98755E1,0.E0,0.E0));
#109=LINE('',#108,#107);
#110=DIRECTION('',(0.E0,-1.E0,0.E0));
#111=VECTOR('',#110,1.10363E1);
#112=CARTESIAN_POINT('',(-1.16205E1,1.18618E1,0.E0));
#113=LINE('',#112,#111);
#114=DIRECTION('',(0.E0,1.E0,0.E0));
#115=VECTOR('',#114,8.255E-1);
#116=CARTESIAN_POINT('',(-1.16205E1,0.E0,0.E0));
#117=LINE('',#116,#115);
#118=DIRECTION('',(-1.E0,0.E0,0.E0));
#119=VECTOR('',#118,1.524E0);
#120=CARTESIAN_POINT('',(-1.16205E1,0.E0,0.E0));
#121=LINE('',#120,#119);
#122=DIRECTION('',(0.E0,-1.E0,0.E0));
#123=VECTOR('',#122,8.255E-1);
#124=CARTESIAN_POINT('',(-1.31445E1,8.255E-1,0.E0));
#125=LINE('',#124,#123);
#126=DIRECTION('',(0.E0,1.E0,0.E0));
#127=VECTOR('',#126,1.10363E1);
#128=CARTESIAN_POINT('',(-1.31445E1,8.255E-1,0.E0));
#129=LINE('',#128,#127);
#130=DIRECTION('',(0.E0,-1.E0,0.E0));
#131=VECTOR('',#130,1.10363E1);
#132=CARTESIAN_POINT('',(-3.3655E0,1.18618E1,0.E0));
#133=LINE('',#132,#131);
#134=DIRECTION('',(0.E0,1.E0,0.E0));
#135=VECTOR('',#134,8.255E-1);
#136=CARTESIAN_POINT('',(-3.3655E0,0.E0,0.E0));
#137=LINE('',#136,#135);
#138=DIRECTION('',(-1.E0,0.E0,0.E0));
#139=VECTOR('',#138,1.524E0);
#140=CARTESIAN_POINT('',(-3.3655E0,0.E0,0.E0));
#141=LINE('',#140,#139);
#142=DIRECTION('',(0.E0,1.E0,0.E0));
#143=VECTOR('',#142,8.255E-1);
#144=CARTESIAN_POINT('',(-4.8895E0,0.E0,0.E0));
#145=LINE('',#144,#143);
#146=DIRECTION('',(0.E0,1.E0,0.E0));
#147=VECTOR('',#146,1.10363E1);
#148=CARTESIAN_POINT('',(-4.8895E0,8.255E-1,0.E0));
#149=LINE('',#148,#147);
#150=DIRECTION('',(0.E0,-1.E0,0.E0));
#151=VECTOR('',#150,1.10363E1);
#152=CARTESIAN_POINT('',(4.8895E0,1.18618E1,0.E0));
#153=LINE('',#152,#151);
#154=DIRECTION('',(0.E0,1.E0,0.E0));
#155=VECTOR('',#154,8.255E-1);
#156=CARTESIAN_POINT('',(4.8895E0,0.E0,0.E0));
#157=LINE('',#156,#155);
#158=DIRECTION('',(-1.E0,0.E0,0.E0));
#159=VECTOR('',#158,1.524E0);
#160=CARTESIAN_POINT('',(4.8895E0,0.E0,0.E0));
#161=LINE('',#160,#159);
#162=DIRECTION('',(0.E0,-1.E0,0.E0));
#163=VECTOR('',#162,8.255E-1);
#164=CARTESIAN_POINT('',(3.3655E0,8.255E-1,0.E0));
#165=LINE('',#164,#163);
#166=DIRECTION('',(0.E0,-1.E0,0.E0));
#167=VECTOR('',#166,1.10363E1);
#168=CARTESIAN_POINT('',(3.3655E0,1.18618E1,0.E0));
#169=LINE('',#168,#167);
#170=DIRECTION('',(0.E0,-1.E0,0.E0));
#171=VECTOR('',#170,1.10363E1);
#172=CARTESIAN_POINT('',(1.98755E1,1.18618E1,0.E0));
#173=LINE('',#172,#171);
#174=DIRECTION('',(-1.E0,0.E0,0.E0));
#175=VECTOR('',#174,1.5875E0);
#176=CARTESIAN_POINT('',(2.1463E1,0.E0,0.E0));
#177=LINE('',#176,#175);
#178=DIRECTION('',(0.E0,1.E0,0.E0));
#179=VECTOR('',#178,8.255E-1);
#180=CARTESIAN_POINT('',(1.98755E1,0.E0,0.E0));
#181=LINE('',#180,#179);
#182=DIRECTION('',(0.E0,-1.E0,0.E0));
#183=VECTOR('',#182,1.10363E1);
#184=CARTESIAN_POINT('',(1.31445E1,1.18618E1,0.E0));
#185=LINE('',#184,#183);
#186=DIRECTION('',(0.E0,1.E0,0.E0));
#187=VECTOR('',#186,8.255E-1);
#188=CARTESIAN_POINT('',(1.31445E1,0.E0,0.E0));
#189=LINE('',#188,#187);
#190=DIRECTION('',(-1.E0,0.E0,0.E0));
#191=VECTOR('',#190,1.524E0);
#192=CARTESIAN_POINT('',(1.31445E1,0.E0,0.E0));
#193=LINE('',#192,#191);
#194=DIRECTION('',(0.E0,1.E0,0.E0));
#195=VECTOR('',#194,8.255E-1);
#196=CARTESIAN_POINT('',(1.16205E1,0.E0,0.E0));
#197=LINE('',#196,#195);
#198=DIRECTION('',(0.E0,-1.E0,0.E0));
#199=VECTOR('',#198,1.10363E1);
#200=CARTESIAN_POINT('',(1.16205E1,1.18618E1,0.E0));
#201=LINE('',#200,#199);
#202=DIRECTION('',(-1.E0,0.E0,0.E0));
#203=VECTOR('',#202,1.5875E0);
#204=CARTESIAN_POINT('',(-1.98755E1,1.18618E1,0.E0));
#205=LINE('',#204,#203);
#206=CARTESIAN_POINT('',(-1.98755E1,1.18618E1,-1.6002E0));
#207=DIRECTION('',(1.E0,0.E0,0.E0));
#208=DIRECTION('',(0.E0,1.E0,0.E0));
#209=AXIS2_PLACEMENT_3D('',#206,#207,#208);
#211=DIRECTION('',(-1.E0,0.E0,0.E0));
#212=VECTOR('',#211,1.524E0);
#213=CARTESIAN_POINT('',(-1.16205E1,1.18618E1,0.E0));
#214=LINE('',#213,#212);
#215=CARTESIAN_POINT('',(-1.31445E1,1.18618E1,-1.6002E0));
#216=DIRECTION('',(1.E0,0.E0,0.E0));
#217=DIRECTION('',(0.E0,1.E0,0.E0));
#218=AXIS2_PLACEMENT_3D('',#215,#216,#217);
#220=CARTESIAN_POINT('',(-1.16205E1,1.18618E1,-1.6002E0));
#221=DIRECTION('',(-1.E0,0.E0,0.E0));
#222=DIRECTION('',(0.E0,0.E0,1.E0));
#223=AXIS2_PLACEMENT_3D('',#220,#221,#222);
#225=CARTESIAN_POINT('',(-3.3655E0,1.18618E1,-1.6002E0));
#226=DIRECTION('',(-1.E0,0.E0,0.E0));
#227=DIRECTION('',(0.E0,0.E0,1.E0));
#228=AXIS2_PLACEMENT_3D('',#225,#226,#227);
#230=DIRECTION('',(-1.E0,0.E0,0.E0));
#231=VECTOR('',#230,1.524E0);
#232=CARTESIAN_POINT('',(-3.3655E0,1.18618E1,0.E0));
#233=LINE('',#232,#231);
#234=CARTESIAN_POINT('',(-4.8895E0,1.18618E1,-1.6002E0));
#235=DIRECTION('',(1.E0,0.E0,0.E0));
#236=DIRECTION('',(0.E0,1.E0,0.E0));
#237=AXIS2_PLACEMENT_3D('',#234,#235,#236);
#239=CARTESIAN_POINT('',(4.8895E0,1.18618E1,-1.6002E0));
#240=DIRECTION('',(-1.E0,0.E0,0.E0));
#241=DIRECTION('',(0.E0,0.E0,1.E0));
#242=AXIS2_PLACEMENT_3D('',#239,#240,#241);
#244=DIRECTION('',(-1.E0,0.E0,0.E0));
#245=VECTOR('',#244,1.524E0);
#246=CARTESIAN_POINT('',(4.8895E0,1.18618E1,0.E0));
#247=LINE('',#246,#245);
#248=CARTESIAN_POINT('',(3.3655E0,1.18618E1,-1.6002E0));
#249=DIRECTION('',(-1.E0,0.E0,0.E0));
#250=DIRECTION('',(0.E0,0.E0,1.E0));
#251=AXIS2_PLACEMENT_3D('',#248,#249,#250);
#253=CARTESIAN_POINT('',(1.98755E1,1.18618E1,-1.6002E0));
#254=DIRECTION('',(-1.E0,0.E0,0.E0));
#255=DIRECTION('',(0.E0,0.E0,1.E0));
#256=AXIS2_PLACEMENT_3D('',#253,#254,#255);
#258=DIRECTION('',(-1.E0,0.E0,0.E0));
#259=VECTOR('',#258,1.5875E0);
#260=CARTESIAN_POINT('',(2.1463E1,1.18618E1,0.E0));
#261=LINE('',#260,#259);
#262=CARTESIAN_POINT('',(1.31445E1,1.18618E1,-1.6002E0));
#263=DIRECTION('',(-1.E0,0.E0,0.E0));
#264=DIRECTION('',(0.E0,0.E0,1.E0));
#265=AXIS2_PLACEMENT_3D('',#262,#263,#264);
#267=DIRECTION('',(-1.E0,0.E0,0.E0));
#268=VECTOR('',#267,1.524E0);
#269=CARTESIAN_POINT('',(1.31445E1,1.18618E1,0.E0));
#270=LINE('',#269,#268);
#271=CARTESIAN_POINT('',(1.16205E1,1.18618E1,-1.6002E0));
#272=DIRECTION('',(-1.E0,0.E0,0.E0));
#273=DIRECTION('',(0.E0,0.E0,1.E0));
#274=AXIS2_PLACEMENT_3D('',#271,#272,#273);
#276=DIRECTION('',(0.E0,1.E0,0.E0));
#277=VECTOR('',#276,1.18618E1);
#278=CARTESIAN_POINT('',(-2.1463E1,0.E0,0.E0));
#279=LINE('',#278,#277);
#280=DIRECTION('',(0.E0,0.E0,1.E0));
#281=VECTOR('',#280,1.27E1);
#282=CARTESIAN_POINT('',(-2.1463E1,0.E0,-1.27E1));
#283=LINE('',#282,#281);
#284=DIRECTION('',(0.E0,-1.E0,0.E0));
#285=VECTOR('',#284,1.18618E1);
#286=CARTESIAN_POINT('',(-2.1463E1,1.18618E1,-1.27E1));
#287=LINE('',#286,#285);
#288=CARTESIAN_POINT('',(-2.1463E1,1.18618E1,-1.10998E1));
#289=DIRECTION('',(-1.E0,0.E0,0.E0));
#290=DIRECTION('',(0.E0,1.E0,0.E0));
#291=AXIS2_PLACEMENT_3D('',#288,#289,#290);
#293=DIRECTION('',(0.E0,0.E0,-1.E0));
#294=VECTOR('',#293,9.4996E0);
#295=CARTESIAN_POINT('',(-2.1463E1,1.3462E1,-1.6002E0));
#296=LINE('',#295,#294);
#297=CARTESIAN_POINT('',(-2.1463E1,1.18618E1,-1.6002E0));
#298=DIRECTION('',(-1.E0,0.E0,0.E0));
#299=DIRECTION('',(0.E0,0.E0,1.E0));
#300=AXIS2_PLACEMENT_3D('',#297,#298,#299);
#302=DIRECTION('',(0.E0,0.E0,-1.E0));
#303=VECTOR('',#302,1.27E1);
#304=CARTESIAN_POINT('',(-1.98755E1,0.E0,0.E0));
#305=LINE('',#304,#303);
#306=DIRECTION('',(-1.E0,0.E0,0.E0));
#307=VECTOR('',#306,1.5875E0);
#308=CARTESIAN_POINT('',(-1.98755E1,0.E0,-1.27E1));
#309=LINE('',#308,#307);
#310=DIRECTION('',(0.E0,0.E0,1.E0));
#311=VECTOR('',#310,1.27E1);
#312=CARTESIAN_POINT('',(-1.16205E1,0.E0,-1.27E1));
#313=LINE('',#312,#311);
#314=DIRECTION('',(-1.E0,0.E0,0.E0));
#315=VECTOR('',#314,1.524E0);
#316=CARTESIAN_POINT('',(-1.16205E1,0.E0,-1.27E1));
#317=LINE('',#316,#315);
#318=DIRECTION('',(0.E0,0.E0,-1.E0));
#319=VECTOR('',#318,1.27E1);
#320=CARTESIAN_POINT('',(-1.31445E1,0.E0,0.E0));
#321=LINE('',#320,#319);
#322=DIRECTION('',(0.E0,0.E0,1.E0));
#323=VECTOR('',#322,1.27E1);
#324=CARTESIAN_POINT('',(-3.3655E0,0.E0,-1.27E1));
#325=LINE('',#324,#323);
#326=DIRECTION('',(-1.E0,0.E0,0.E0));
#327=VECTOR('',#326,1.524E0);
#328=CARTESIAN_POINT('',(-3.3655E0,0.E0,-1.27E1));
#329=LINE('',#328,#327);
#330=DIRECTION('',(0.E0,0.E0,1.E0));
#331=VECTOR('',#330,1.27E1);
#332=CARTESIAN_POINT('',(-4.8895E0,0.E0,-1.27E1));
#333=LINE('',#332,#331);
#334=DIRECTION('',(0.E0,0.E0,1.E0));
#335=VECTOR('',#334,1.27E1);
#336=CARTESIAN_POINT('',(4.8895E0,0.E0,-1.27E1));
#337=LINE('',#336,#335);
#338=DIRECTION('',(-1.E0,0.E0,0.E0));
#339=VECTOR('',#338,1.524E0);
#340=CARTESIAN_POINT('',(4.8895E0,0.E0,-1.27E1));
#341=LINE('',#340,#339);
#342=DIRECTION('',(0.E0,0.E0,-1.E0));
#343=VECTOR('',#342,1.27E1);
#344=CARTESIAN_POINT('',(3.3655E0,0.E0,0.E0));
#345=LINE('',#344,#343);
#346=DIRECTION('',(0.E0,0.E0,1.E0));
#347=VECTOR('',#346,1.27E1);
#348=CARTESIAN_POINT('',(1.31445E1,0.E0,-1.27E1));
#349=LINE('',#348,#347);
#350=DIRECTION('',(-1.E0,0.E0,0.E0));
#351=VECTOR('',#350,1.524E0);
#352=CARTESIAN_POINT('',(1.31445E1,0.E0,-1.27E1));
#353=LINE('',#352,#351);
#354=DIRECTION('',(0.E0,0.E0,1.E0));
#355=VECTOR('',#354,1.27E1);
#356=CARTESIAN_POINT('',(1.16205E1,0.E0,-1.27E1));
#357=LINE('',#356,#355);
#358=DIRECTION('',(0.E0,0.E0,1.E0));
#359=VECTOR('',#358,1.27E1);
#360=CARTESIAN_POINT('',(1.98755E1,0.E0,-1.27E1));
#361=LINE('',#360,#359);
#362=DIRECTION('',(-1.E0,0.E0,0.E0));
#363=VECTOR('',#362,1.5875E0);
#364=CARTESIAN_POINT('',(2.1463E1,0.E0,-1.27E1));
#365=LINE('',#364,#363);
#366=DIRECTION('',(0.E0,0.E0,-1.E0));
#367=VECTOR('',#366,1.27E1);
#368=CARTESIAN_POINT('',(-1.98755E1,8.255E-1,0.E0));
#369=LINE('',#368,#367);
#370=CARTESIAN_POINT('',(-1.651E1,8.255E-1,-6.35E0));
#371=DIRECTION('',(0.E0,-1.E0,0.E0));
#372=DIRECTION('',(-1.E0,0.E0,0.E0));
#373=AXIS2_PLACEMENT_3D('',#370,#371,#372);
#375=CARTESIAN_POINT('',(-1.651E1,8.255E-1,-6.35E0));
#376=DIRECTION('',(0.E0,-1.E0,0.E0));
#377=DIRECTION('',(1.E0,0.E0,0.E0));
#378=AXIS2_PLACEMENT_3D('',#375,#376,#377);
#380=DIRECTION('',(1.E0,0.E0,0.E0));
#381=VECTOR('',#380,6.731E0);
#382=CARTESIAN_POINT('',(-1.98755E1,8.255E-1,-1.27E1));
#383=LINE('',#382,#381);
#384=DIRECTION('',(1.E0,0.E0,0.E0));
#385=VECTOR('',#384,6.731E0);
#386=CARTESIAN_POINT('',(-1.98755E1,8.255E-1,0.E0));
#387=LINE('',#386,#385);
#388=DIRECTION('',(0.E0,0.E0,-1.E0));
#389=VECTOR('',#388,8.382E-1);
#390=CARTESIAN_POINT('',(-1.71704E1,8.255E-1,-2.032E0));
#391=LINE('',#390,#389);
#392=DIRECTION('',(1.E0,0.E0,0.E0));
#393=VECTOR('',#392,1.3208E0);
#394=CARTESIAN_POINT('',(-1.71704E1,8.255E-1,-2.8702E0));
#395=LINE('',#394,#393);
#396=DIRECTION('',(0.E0,0.E0,-1.E0));
#397=VECTOR('',#396,8.382E-1);
#398=CARTESIAN_POINT('',(-1.58496E1,8.255E-1,-2.032E0));
#399=LINE('',#398,#397);
#400=DIRECTION('',(1.E0,0.E0,0.E0));
#401=VECTOR('',#400,1.3208E0);
#402=CARTESIAN_POINT('',(-1.71704E1,8.255E-1,-2.032E0));
#403=LINE('',#402,#401);
#404=DIRECTION('',(0.E0,1.E0,0.E0));
#405=VECTOR('',#404,9.99998E-1);
#406=CARTESIAN_POINT('',(-1.83769E1,8.255E-1,-6.35E0));
#407=LINE('',#406,#405);
#408=DIRECTION('',(0.E0,1.E0,0.E0));
#409=VECTOR('',#408,9.99998E-1);
#410=CARTESIAN_POINT('',(-1.46431E1,8.255E-1,-6.35E0));
#411=LINE('',#410,#409);
#412=CARTESIAN_POINT('',(-1.651E1,1.825498E0,-6.35E0));
#413=DIRECTION('',(0.E0,-1.E0,0.E0));
#414=DIRECTION('',(-1.E0,0.E0,0.E0));
#415=AXIS2_PLACEMENT_3D('',#412,#413,#414);
#417=CARTESIAN_POINT('',(-1.651E1,1.825498E0,-6.35E0));
#418=DIRECTION('',(0.E0,-1.E0,0.E0));
#419=DIRECTION('',(1.E0,0.E0,0.E0));
#420=AXIS2_PLACEMENT_3D('',#417,#418,#419);
#422=CARTESIAN_POINT('',(1.651E1,1.825498E0,-6.35E0));
#423=DIRECTION('',(0.E0,-1.E0,0.E0));
#424=DIRECTION('',(-1.E0,0.E0,0.E0));
#425=AXIS2_PLACEMENT_3D('',#422,#423,#424);
#427=CARTESIAN_POINT('',(1.651E1,1.825498E0,-6.35E0));
#428=DIRECTION('',(0.E0,-1.E0,0.E0));
#429=DIRECTION('',(1.E0,0.E0,0.E0));
#430=AXIS2_PLACEMENT_3D('',#427,#428,#429);
#432=DIRECTION('',(0.E0,1.E0,0.E0));
#433=VECTOR('',#432,9.99998E-1);
#434=CARTESIAN_POINT('',(1.46431E1,8.255E-1,-6.35E0));
#435=LINE('',#434,#433);
#436=DIRECTION('',(0.E0,1.E0,0.E0));
#437=VECTOR('',#436,9.99998E-1);
#438=CARTESIAN_POINT('',(1.83769E1,8.255E-1,-6.35E0));
#439=LINE('',#438,#437);
#440=CARTESIAN_POINT('',(1.651E1,8.255E-1,-6.35E0));
#441=DIRECTION('',(0.E0,-1.E0,0.E0));
#442=DIRECTION('',(-1.E0,0.E0,0.E0));
#443=AXIS2_PLACEMENT_3D('',#440,#441,#442);
#445=CARTESIAN_POINT('',(1.651E1,8.255E-1,-6.35E0));
#446=DIRECTION('',(0.E0,-1.E0,0.E0));
#447=DIRECTION('',(1.E0,0.E0,0.E0));
#448=AXIS2_PLACEMENT_3D('',#445,#446,#447);
#450=DIRECTION('',(1.E0,0.E0,0.E0));
#451=VECTOR('',#450,6.731E0);
#452=CARTESIAN_POINT('',(1.31445E1,8.255E-1,-1.27E1));
#453=LINE('',#452,#451);
#454=DIRECTION('',(1.E0,0.E0,0.E0));
#455=VECTOR('',#454,6.731E0);
#456=CARTESIAN_POINT('',(1.31445E1,8.255E-1,0.E0));
#457=LINE('',#456,#455);
#458=DIRECTION('',(0.E0,0.E0,-1.E0));
#459=VECTOR('',#458,8.382E-1);
#460=CARTESIAN_POINT('',(1.58496E1,8.255E-1,-2.032E0));
#461=LINE('',#460,#459);
#462=DIRECTION('',(1.E0,0.E0,0.E0));
#463=VECTOR('',#462,1.3208E0);
#464=CARTESIAN_POINT('',(1.58496E1,8.255E-1,-2.8702E0));
#465=LINE('',#464,#463);
#466=DIRECTION('',(0.E0,0.E0,-1.E0));
#467=VECTOR('',#466,8.382E-1);
#468=CARTESIAN_POINT('',(1.71704E1,8.255E-1,-2.032E0));
#469=LINE('',#468,#467);
#470=DIRECTION('',(1.E0,0.E0,0.E0));
#471=VECTOR('',#470,1.3208E0);
#472=CARTESIAN_POINT('',(1.58496E1,8.255E-1,-2.032E0));
#473=LINE('',#472,#471);
#474=DIRECTION('',(0.E0,0.E0,-1.E0));
#475=VECTOR('',#474,1.27E1);
#476=CARTESIAN_POINT('',(1.98755E1,8.255E-1,0.E0));
#477=LINE('',#476,#475);
#478=DIRECTION('',(-1.E0,0.E0,0.E0));
#479=VECTOR('',#478,1.5875E0);
#480=CARTESIAN_POINT('',(-1.98755E1,1.18618E1,-1.27E1));
#481=LINE('',#480,#479);
#482=DIRECTION('',(0.E0,-1.E0,0.E0));
#483=VECTOR('',#482,8.255E-1);
#484=CARTESIAN_POINT('',(-1.98755E1,8.255E-1,-1.27E1));
#485=LINE('',#484,#483);
#486=DIRECTION('',(0.E0,1.E0,0.E0));
#487=VECTOR('',#486,1.10363E1);
#488=CARTESIAN_POINT('',(-1.98755E1,8.255E-1,-1.27E1));
#489=LINE('',#488,#487);
#490=DIRECTION('',(-1.E0,0.E0,0.E0));
#491=VECTOR('',#490,1.524E0);
#492=CARTESIAN_POINT('',(-1.16205E1,1.18618E1,-1.27E1));
#493=LINE('',#492,#491);
#494=DIRECTION('',(0.E0,1.E0,0.E0));
#495=VECTOR('',#494,1.10363E1);
#496=CARTESIAN_POINT('',(-1.31445E1,8.255E-1,-1.27E1));
#497=LINE('',#496,#495);
#498=DIRECTION('',(0.E0,-1.E0,0.E0));
#499=VECTOR('',#498,8.255E-1);
#500=CARTESIAN_POINT('',(-1.31445E1,8.255E-1,-1.27E1));
#501=LINE('',#500,#499);
#502=DIRECTION('',(0.E0,1.E0,0.E0));
#503=VECTOR('',#502,8.255E-1);
#504=CARTESIAN_POINT('',(-1.16205E1,0.E0,-1.27E1));
#505=LINE('',#504,#503);
#506=DIRECTION('',(0.E0,-1.E0,0.E0));
#507=VECTOR('',#506,1.10363E1);
#508=CARTESIAN_POINT('',(-1.16205E1,1.18618E1,-1.27E1));
#509=LINE('',#508,#507);
#510=DIRECTION('',(0.E0,-1.E0,0.E0));
#511=VECTOR('',#510,1.10363E1);
#512=CARTESIAN_POINT('',(-3.3655E0,1.18618E1,-1.27E1));
#513=LINE('',#512,#511);
#514=DIRECTION('',(-1.E0,0.E0,0.E0));
#515=VECTOR('',#514,1.524E0);
#516=CARTESIAN_POINT('',(-3.3655E0,1.18618E1,-1.27E1));
#517=LINE('',#516,#515);
#518=DIRECTION('',(0.E0,1.E0,0.E0));
#519=VECTOR('',#518,1.10363E1);
#520=CARTESIAN_POINT('',(-4.8895E0,8.255E-1,-1.27E1));
#521=LINE('',#520,#519);
#522=DIRECTION('',(0.E0,1.E0,0.E0));
#523=VECTOR('',#522,8.255E-1);
#524=CARTESIAN_POINT('',(-4.8895E0,0.E0,-1.27E1));
#525=LINE('',#524,#523);
#526=DIRECTION('',(0.E0,1.E0,0.E0));
#527=VECTOR('',#526,8.255E-1);
#528=CARTESIAN_POINT('',(-3.3655E0,0.E0,-1.27E1));
#529=LINE('',#528,#527);
#530=DIRECTION('',(0.E0,-1.E0,0.E0));
#531=VECTOR('',#530,1.10363E1);
#532=CARTESIAN_POINT('',(4.8895E0,1.18618E1,-1.27E1));
#533=LINE('',#532,#531);
#534=DIRECTION('',(-1.E0,0.E0,0.E0));
#535=VECTOR('',#534,1.524E0);
#536=CARTESIAN_POINT('',(4.8895E0,1.18618E1,-1.27E1));
#537=LINE('',#536,#535);
#538=DIRECTION('',(0.E0,-1.E0,0.E0));
#539=VECTOR('',#538,1.10363E1);
#540=CARTESIAN_POINT('',(3.3655E0,1.18618E1,-1.27E1));
#541=LINE('',#540,#539);
#542=DIRECTION('',(0.E0,-1.E0,0.E0));
#543=VECTOR('',#542,8.255E-1);
#544=CARTESIAN_POINT('',(3.3655E0,8.255E-1,-1.27E1));
#545=LINE('',#544,#543);
#546=DIRECTION('',(0.E0,1.E0,0.E0));
#547=VECTOR('',#546,8.255E-1);
#548=CARTESIAN_POINT('',(4.8895E0,0.E0,-1.27E1));
#549=LINE('',#548,#547);
#550=DIRECTION('',(0.E0,-1.E0,0.E0));
#551=VECTOR('',#550,1.10363E1);
#552=CARTESIAN_POINT('',(1.98755E1,1.18618E1,-1.27E1));
#553=LINE('',#552,#551);
#554=DIRECTION('',(0.E0,1.E0,0.E0));
#555=VECTOR('',#554,8.255E-1);
#556=CARTESIAN_POINT('',(1.98755E1,0.E0,-1.27E1));
#557=LINE('',#556,#555);
#558=DIRECTION('',(-1.E0,0.E0,0.E0));
#559=VECTOR('',#558,1.5875E0);
#560=CARTESIAN_POINT('',(2.1463E1,1.18618E1,-1.27E1));
#561=LINE('',#560,#559);
#562=DIRECTION('',(0.E0,-1.E0,0.E0));
#563=VECTOR('',#562,1.10363E1);
#564=CARTESIAN_POINT('',(1.31445E1,1.18618E1,-1.27E1));
#565=LINE('',#564,#563);
#566=DIRECTION('',(-1.E0,0.E0,0.E0));
#567=VECTOR('',#566,1.524E0);
#568=CARTESIAN_POINT('',(1.31445E1,1.18618E1,-1.27E1));
#569=LINE('',#568,#567);
#570=DIRECTION('',(0.E0,-1.E0,0.E0));
#571=VECTOR('',#570,1.10363E1);
#572=CARTESIAN_POINT('',(1.16205E1,1.18618E1,-1.27E1));
#573=LINE('',#572,#571);
#574=DIRECTION('',(0.E0,1.E0,0.E0));
#575=VECTOR('',#574,8.255E-1);
#576=CARTESIAN_POINT('',(1.16205E1,0.E0,-1.27E1));
#577=LINE('',#576,#575);
#578=DIRECTION('',(0.E0,1.E0,0.E0));
#579=VECTOR('',#578,8.255E-1);
#580=CARTESIAN_POINT('',(1.31445E1,0.E0,-1.27E1));
#581=LINE('',#580,#579);
#582=DIRECTION('',(-1.E0,0.E0,0.E0));
#583=VECTOR('',#582,1.5875E0);
#584=CARTESIAN_POINT('',(-1.98755E1,1.3462E1,-1.10998E1));
#585=LINE('',#584,#583);
#586=CARTESIAN_POINT('',(-1.98755E1,1.18618E1,-1.10998E1));
#587=DIRECTION('',(1.E0,0.E0,0.E0));
#588=DIRECTION('',(0.E0,0.E0,-1.E0));
#589=AXIS2_PLACEMENT_3D('',#586,#587,#588);
#591=DIRECTION('',(-1.E0,0.E0,0.E0));
#592=VECTOR('',#591,1.524E0);
#593=CARTESIAN_POINT('',(-1.16205E1,1.3462E1,-1.10998E1));
#594=LINE('',#593,#592);
#595=CARTESIAN_POINT('',(-1.31445E1,1.18618E1,-1.10998E1));
#596=DIRECTION('',(1.E0,0.E0,0.E0));
#597=DIRECTION('',(0.E0,0.E0,-1.E0));
#598=AXIS2_PLACEMENT_3D('',#595,#596,#597);
#600=CARTESIAN_POINT('',(-1.16205E1,1.18618E1,-1.10998E1));
#601=DIRECTION('',(-1.E0,0.E0,0.E0));
#602=DIRECTION('',(0.E0,1.E0,0.E0));
#603=AXIS2_PLACEMENT_3D('',#600,#601,#602);
#605=CARTESIAN_POINT('',(-3.3655E0,1.18618E1,-1.10998E1));
#606=DIRECTION('',(-1.E0,0.E0,0.E0));
#607=DIRECTION('',(0.E0,1.E0,0.E0));
#608=AXIS2_PLACEMENT_3D('',#605,#606,#607);
#610=DIRECTION('',(-1.E0,0.E0,0.E0));
#611=VECTOR('',#610,1.524E0);
#612=CARTESIAN_POINT('',(-3.3655E0,1.3462E1,-1.10998E1));
#613=LINE('',#612,#611);
#614=CARTESIAN_POINT('',(-4.8895E0,1.18618E1,-1.10998E1));
#615=DIRECTION('',(1.E0,0.E0,0.E0));
#616=DIRECTION('',(0.E0,0.E0,-1.E0));
#617=AXIS2_PLACEMENT_3D('',#614,#615,#616);
#619=CARTESIAN_POINT('',(4.8895E0,1.18618E1,-1.10998E1));
#620=DIRECTION('',(-1.E0,0.E0,0.E0));
#621=DIRECTION('',(0.E0,1.E0,0.E0));
#622=AXIS2_PLACEMENT_3D('',#619,#620,#621);
#624=DIRECTION('',(-1.E0,0.E0,0.E0));
#625=VECTOR('',#624,1.524E0);
#626=CARTESIAN_POINT('',(4.8895E0,1.3462E1,-1.10998E1));
#627=LINE('',#626,#625);
#628=CARTESIAN_POINT('',(3.3655E0,1.18618E1,-1.10998E1));
#629=DIRECTION('',(-1.E0,0.E0,0.E0));
#630=DIRECTION('',(0.E0,1.E0,0.E0));
#631=AXIS2_PLACEMENT_3D('',#628,#629,#630);
#633=CARTESIAN_POINT('',(1.98755E1,1.18618E1,-1.10998E1));
#634=DIRECTION('',(-1.E0,0.E0,0.E0));
#635=DIRECTION('',(0.E0,1.E0,0.E0));
#636=AXIS2_PLACEMENT_3D('',#633,#634,#635);
#638=DIRECTION('',(-1.E0,0.E0,0.E0));
#639=VECTOR('',#638,1.5875E0);
#640=CARTESIAN_POINT('',(2.1463E1,1.3462E1,-1.10998E1));
#641=LINE('',#640,#639);
#642=CARTESIAN_POINT('',(1.31445E1,1.18618E1,-1.10998E1));
#643=DIRECTION('',(-1.E0,0.E0,0.E0));
#644=DIRECTION('',(0.E0,1.E0,0.E0));
#645=AXIS2_PLACEMENT_3D('',#642,#643,#644);
#647=DIRECTION('',(-1.E0,0.E0,0.E0));
#648=VECTOR('',#647,1.524E0);
#649=CARTESIAN_POINT('',(1.31445E1,1.3462E1,-1.10998E1));
#650=LINE('',#649,#648);
#651=CARTESIAN_POINT('',(1.16205E1,1.18618E1,-1.10998E1));
#652=DIRECTION('',(-1.E0,0.E0,0.E0));
#653=DIRECTION('',(0.E0,1.E0,0.E0));
#654=AXIS2_PLACEMENT_3D('',#651,#652,#653);
#656=DIRECTION('',(7.071067811865E-1,0.E0,7.071067811865E-1));
#657=VECTOR('',#656,4.310522938113E-1);
#658=CARTESIAN_POINT('',(-2.01803E1,1.3462E1,-4.81965E0));
#659=LINE('',#658,#657);
#660=DIRECTION('',(0.E0,0.E0,1.E0));
#661=VECTOR('',#660,2.91465E0);
#662=CARTESIAN_POINT('',(-1.98755E1,1.3462E1,-4.51485E0));
#663=LINE('',#662,#661);
#664=DIRECTION('',(-1.E0,0.E0,0.E0));
#665=VECTOR('',#664,1.5875E0);
#666=CARTESIAN_POINT('',(-1.98755E1,1.3462E1,-1.6002E0));
#667=LINE('',#666,#665);
#668=DIRECTION('',(0.E0,0.E0,1.E0));
#669=VECTOR('',#668,2.91465E0);
#670=CARTESIAN_POINT('',(-1.98755E1,1.3462E1,-1.10998E1));
#671=LINE('',#670,#669);
#672=DIRECTION('',(-7.071067811865E-1,0.E0,7.071067811865E-1));
#673=VECTOR('',#672,4.310522938113E-1);
#674=CARTESIAN_POINT('',(-1.98755E1,1.3462E1,-8.18515E0));
#675=LINE('',#674,#673);
#676=DIRECTION('',(0.E0,0.E0,1.E0));
#677=VECTOR('',#676,3.0607E0);
#678=CARTESIAN_POINT('',(-2.01803E1,1.3462E1,-7.88035E0));
#679=LINE('',#678,#677);
#680=DIRECTION('',(7.071067811865E-1,0.E0,7.071067811865E-1));
#681=VECTOR('',#680,4.310522938113E-1);
#682=CARTESIAN_POINT('',(-1.19253E1,1.3462E1,-4.81965E0));
#683=LINE('',#682,#681);
#684=DIRECTION('',(0.E0,0.E0,-1.E0));
#685=VECTOR('',#684,2.91465E0);
#686=CARTESIAN_POINT('',(-1.16205E1,1.3462E1,-1.6002E0));
#687=LINE('',#686,#685);
#688=DIRECTION('',(-1.E0,0.E0,0.E0));
#689=VECTOR('',#688,1.524E0);
#690=CARTESIAN_POINT('',(-1.16205E1,1.3462E1,-1.6002E0));
#691=LINE('',#690,#689);
#692=DIRECTION('',(0.E0,0.E0,1.E0));
#693=VECTOR('',#692,2.91465E0);
#694=CARTESIAN_POINT('',(-1.31445E1,1.3462E1,-4.51485E0));
#695=LINE('',#694,#693);
#696=DIRECTION('',(7.071067811865E-1,0.E0,-7.071067811865E-1));
#697=VECTOR('',#696,4.310522938113E-1);
#698=CARTESIAN_POINT('',(-1.31445E1,1.3462E1,-4.51485E0));
#699=LINE('',#698,#697);
#700=DIRECTION('',(0.E0,0.E0,-1.E0));
#701=VECTOR('',#700,3.0607E0);
#702=CARTESIAN_POINT('',(-1.28397E1,1.3462E1,-4.81965E0));
#703=LINE('',#702,#701);
#704=DIRECTION('',(-7.071067811865E-1,0.E0,-7.071067811865E-1));
#705=VECTOR('',#704,4.310522938113E-1);
#706=CARTESIAN_POINT('',(-1.28397E1,1.3462E1,-7.88035E0));
#707=LINE('',#706,#705);
#708=DIRECTION('',(0.E0,0.E0,1.E0));
#709=VECTOR('',#708,2.91465E0);
#710=CARTESIAN_POINT('',(-1.31445E1,1.3462E1,-1.10998E1));
#711=LINE('',#710,#709);
#712=DIRECTION('',(0.E0,0.E0,-1.E0));
#713=VECTOR('',#712,2.91465E0);
#714=CARTESIAN_POINT('',(-1.16205E1,1.3462E1,-8.18515E0));
#715=LINE('',#714,#713);
#716=DIRECTION('',(-7.071067811866E-1,0.E0,7.071067811865E-1));
#717=VECTOR('',#716,4.310522938113E-1);
#718=CARTESIAN_POINT('',(-1.16205E1,1.3462E1,-8.18515E0));
#719=LINE('',#718,#717);
#720=DIRECTION('',(0.E0,0.E0,1.E0));
#721=VECTOR('',#720,3.0607E0);
#722=CARTESIAN_POINT('',(-1.19253E1,1.3462E1,-7.88035E0));
#723=LINE('',#722,#721);
#724=DIRECTION('',(-7.071067811865E-1,0.E0,-7.071067811865E-1));
#725=VECTOR('',#724,4.310522938113E-1);
#726=CARTESIAN_POINT('',(-3.3655E0,1.3462E1,-4.51485E0));
#727=LINE('',#726,#725);
#728=DIRECTION('',(0.E0,0.E0,-1.E0));
#729=VECTOR('',#728,2.91465E0);
#730=CARTESIAN_POINT('',(-3.3655E0,1.3462E1,-1.6002E0));
#731=LINE('',#730,#729);
#732=DIRECTION('',(-1.E0,0.E0,0.E0));
#733=VECTOR('',#732,1.524E0);
#734=CARTESIAN_POINT('',(-3.3655E0,1.3462E1,-1.6002E0));
#735=LINE('',#734,#733);
#736=DIRECTION('',(0.E0,0.E0,1.E0));
#737=VECTOR('',#736,2.91465E0);
#738=CARTESIAN_POINT('',(-4.8895E0,1.3462E1,-4.51485E0));
#739=LINE('',#738,#737);
#740=DIRECTION('',(7.071067811865E-1,0.E0,-7.071067811865E-1));
#741=VECTOR('',#740,4.310522938113E-1);
#742=CARTESIAN_POINT('',(-4.8895E0,1.3462E1,-4.51485E0));
#743=LINE('',#742,#741);
#744=DIRECTION('',(0.E0,0.E0,-1.E0));
#745=VECTOR('',#744,3.0607E0);
#746=CARTESIAN_POINT('',(-4.5847E0,1.3462E1,-4.81965E0));
#747=LINE('',#746,#745);
#748=DIRECTION('',(-7.071067811865E-1,0.E0,-7.071067811865E-1));
#749=VECTOR('',#748,4.310522938113E-1);
#750=CARTESIAN_POINT('',(-4.5847E0,1.3462E1,-7.88035E0));
#751=LINE('',#750,#749);
#752=DIRECTION('',(0.E0,0.E0,1.E0));
#753=VECTOR('',#752,2.91465E0);
#754=CARTESIAN_POINT('',(-4.8895E0,1.3462E1,-1.10998E1));
#755=LINE('',#754,#753);
#756=DIRECTION('',(0.E0,0.E0,-1.E0));
#757=VECTOR('',#756,2.91465E0);
#758=CARTESIAN_POINT('',(-3.3655E0,1.3462E1,-8.18515E0));
#759=LINE('',#758,#757);
#760=DIRECTION('',(7.071067811865E-1,0.E0,-7.071067811865E-1));
#761=VECTOR('',#760,4.310522938113E-1);
#762=CARTESIAN_POINT('',(-3.6703E0,1.3462E1,-7.88035E0));
#763=LINE('',#762,#761);
#764=DIRECTION('',(0.E0,0.E0,-1.E0));
#765=VECTOR('',#764,3.0607E0);
#766=CARTESIAN_POINT('',(-3.6703E0,1.3462E1,-4.81965E0));
#767=LINE('',#766,#765);
#768=DIRECTION('',(-7.071067811865E-1,0.E0,-7.071067811865E-1));
#769=VECTOR('',#768,4.310522938113E-1);
#770=CARTESIAN_POINT('',(4.8895E0,1.3462E1,-4.51485E0));
#771=LINE('',#770,#769);
#772=DIRECTION('',(0.E0,0.E0,-1.E0));
#773=VECTOR('',#772,2.91465E0);
#774=CARTESIAN_POINT('',(4.8895E0,1.3462E1,-1.6002E0));
#775=LINE('',#774,#773);
#776=DIRECTION('',(-1.E0,0.E0,0.E0));
#777=VECTOR('',#776,1.524E0);
#778=CARTESIAN_POINT('',(4.8895E0,1.3462E1,-1.6002E0));
#779=LINE('',#778,#777);
#780=DIRECTION('',(0.E0,0.E0,-1.E0));
#781=VECTOR('',#780,2.91465E0);
#782=CARTESIAN_POINT('',(3.3655E0,1.3462E1,-1.6002E0));
#783=LINE('',#782,#781);
#784=DIRECTION('',(-7.071067811865E-1,0.E0,7.071067811866E-1));
#785=VECTOR('',#784,4.310522938113E-1);
#786=CARTESIAN_POINT('',(3.6703E0,1.3462E1,-4.81965E0));
#787=LINE('',#786,#785);
#788=DIRECTION('',(0.E0,0.E0,1.E0));
#789=VECTOR('',#788,3.0607E0);
#790=CARTESIAN_POINT('',(3.6703E0,1.3462E1,-7.88035E0));
#791=LINE('',#790,#789);
#792=DIRECTION('',(7.071067811865E-1,0.E0,7.071067811865E-1));
#793=VECTOR('',#792,4.310522938113E-1);
#794=CARTESIAN_POINT('',(3.3655E0,1.3462E1,-8.18515E0));
#795=LINE('',#794,#793);
#796=DIRECTION('',(0.E0,0.E0,-1.E0));
#797=VECTOR('',#796,2.91465E0);
#798=CARTESIAN_POINT('',(3.3655E0,1.3462E1,-8.18515E0));
#799=LINE('',#798,#797);
#800=DIRECTION('',(0.E0,0.E0,-1.E0));
#801=VECTOR('',#800,2.91465E0);
#802=CARTESIAN_POINT('',(4.8895E0,1.3462E1,-8.18515E0));
#803=LINE('',#802,#801);
#804=DIRECTION('',(7.071067811865E-1,0.E0,-7.071067811865E-1));
#805=VECTOR('',#804,4.310522938113E-1);
#806=CARTESIAN_POINT('',(4.5847E0,1.3462E1,-7.88035E0));
#807=LINE('',#806,#805);
#808=DIRECTION('',(0.E0,0.E0,-1.E0));
#809=VECTOR('',#808,3.0607E0);
#810=CARTESIAN_POINT('',(4.5847E0,1.3462E1,-4.81965E0));
#811=LINE('',#810,#809);
#812=DIRECTION('',(-7.071067811865E-1,0.E0,-7.071067811865E-1));
#813=VECTOR('',#812,4.310522938113E-1);
#814=CARTESIAN_POINT('',(1.31445E1,1.3462E1,-4.51485E0));
#815=LINE('',#814,#813);
#816=DIRECTION('',(0.E0,0.E0,-1.E0));
#817=VECTOR('',#816,2.91465E0);
#818=CARTESIAN_POINT('',(1.31445E1,1.3462E1,-1.6002E0));
#819=LINE('',#818,#817);
#820=DIRECTION('',(-1.E0,0.E0,0.E0));
#821=VECTOR('',#820,1.524E0);
#822=CARTESIAN_POINT('',(1.31445E1,1.3462E1,-1.6002E0));
#823=LINE('',#822,#821);
#824=DIRECTION('',(0.E0,0.E0,-1.E0));
#825=VECTOR('',#824,2.91465E0);
#826=CARTESIAN_POINT('',(1.16205E1,1.3462E1,-1.6002E0));
#827=LINE('',#826,#825);
#828=DIRECTION('',(-7.071067811865E-1,0.E0,7.071067811865E-1));
#829=VECTOR('',#828,4.310522938113E-1);
#830=CARTESIAN_POINT('',(1.19253E1,1.3462E1,-4.81965E0));
#831=LINE('',#830,#829);
#832=DIRECTION('',(0.E0,0.E0,1.E0));
#833=VECTOR('',#832,3.0607E0);
#834=CARTESIAN_POINT('',(1.19253E1,1.3462E1,-7.88035E0));
#835=LINE('',#834,#833);
#836=DIRECTION('',(7.071067811865E-1,0.E0,7.071067811866E-1));
#837=VECTOR('',#836,4.310522938113E-1);
#838=CARTESIAN_POINT('',(1.16205E1,1.3462E1,-8.18515E0));
#839=LINE('',#838,#837);
#840=DIRECTION('',(0.E0,0.E0,-1.E0));
#841=VECTOR('',#840,2.91465E0);
#842=CARTESIAN_POINT('',(1.16205E1,1.3462E1,-8.18515E0));
#843=LINE('',#842,#841);
#844=DIRECTION('',(0.E0,0.E0,-1.E0));
#845=VECTOR('',#844,2.91465E0);
#846=CARTESIAN_POINT('',(1.31445E1,1.3462E1,-8.18515E0));
#847=LINE('',#846,#845);
#848=DIRECTION('',(7.071067811866E-1,0.E0,-7.071067811865E-1));
#849=VECTOR('',#848,4.310522938113E-1);
#850=CARTESIAN_POINT('',(1.28397E1,1.3462E1,-7.88035E0));
#851=LINE('',#850,#849);
#852=DIRECTION('',(0.E0,0.E0,-1.E0));
#853=VECTOR('',#852,3.0607E0);
#854=CARTESIAN_POINT('',(1.28397E1,1.3462E1,-4.81965E0));
#855=LINE('',#854,#853);
#856=DIRECTION('',(7.071067811866E-1,0.E0,7.071067811865E-1));
#857=VECTOR('',#856,4.310522938113E-1);
#858=CARTESIAN_POINT('',(1.98755E1,1.3462E1,-8.18515E0));
#859=LINE('',#858,#857);
#860=DIRECTION('',(0.E0,0.E0,-1.E0));
#861=VECTOR('',#860,2.91465E0);
#862=CARTESIAN_POINT('',(1.98755E1,1.3462E1,-8.18515E0));
#863=LINE('',#862,#861);
#864=DIRECTION('',(-1.E0,0.E0,0.E0));
#865=VECTOR('',#864,1.5875E0);
#866=CARTESIAN_POINT('',(2.1463E1,1.3462E1,-1.6002E0));
#867=LINE('',#866,#865);
#868=DIRECTION('',(0.E0,0.E0,-1.E0));
#869=VECTOR('',#868,2.91465E0);
#870=CARTESIAN_POINT('',(1.98755E1,1.3462E1,-1.6002E0));
#871=LINE('',#870,#869);
#872=DIRECTION('',(-7.071067811865E-1,0.E0,7.071067811865E-1));
#873=VECTOR('',#872,4.310522938113E-1);
#874=CARTESIAN_POINT('',(2.01803E1,1.3462E1,-4.81965E0));
#875=LINE('',#874,#873);
#876=DIRECTION('',(0.E0,0.E0,1.E0));
#877=VECTOR('',#876,3.0607E0);
#878=CARTESIAN_POINT('',(2.01803E1,1.3462E1,-7.88035E0));
#879=LINE('',#878,#877);
#880=DIRECTION('',(0.E0,1.E0,0.E0));
#881=VECTOR('',#880,5.969E0);
#882=CARTESIAN_POINT('',(-2.01803E1,7.493E0,-4.81965E0));
#883=LINE('',#882,#881);
#884=DIRECTION('',(0.E0,1.E0,0.E0));
#885=VECTOR('',#884,5.969E0);
#886=CARTESIAN_POINT('',(-2.01803E1,7.493E0,-7.88035E0));
#887=LINE('',#886,#885);
#888=DIRECTION('',(0.E0,1.E0,0.E0));
#889=VECTOR('',#888,5.969E0);
#890=CARTESIAN_POINT('',(-1.98755E1,7.493E0,-4.51485E0));
#891=LINE('',#890,#889);
#892=DIRECTION('',(0.E0,0.E0,-1.E0));
#893=VECTOR('',#892,3.696183940180E0);
#894=CARTESIAN_POINT('',(-1.98755E1,7.493E0,-8.186660598201E-1));
#895=LINE('',#894,#893);
#896=DIRECTION('',(0.E0,9.925461516413E-1,-1.218693434051E-1));
#897=VECTOR('',#896,6.717571761247E0);
#898=CARTESIAN_POINT('',(-1.98755E1,8.255E-1,0.E0));
#899=LINE('',#898,#897);
#900=DIRECTION('',(0.E0,1.E0,0.E0));
#901=VECTOR('',#900,5.969E0);
#902=CARTESIAN_POINT('',(-1.98755E1,7.493E0,-8.18515E0));
#903=LINE('',#902,#901);
#904=DIRECTION('',(0.E0,-9.925461516413E-1,-1.218693434051E-1));
#905=VECTOR('',#904,6.717571761247E0);
#906=CARTESIAN_POINT('',(-1.98755E1,7.493E0,-1.188133394018E1));
#907=LINE('',#906,#905);
#908=DIRECTION('',(0.E0,0.E0,-1.E0));
#909=VECTOR('',#908,3.696183940180E0);
#910=CARTESIAN_POINT('',(-1.98755E1,7.493E0,-8.18515E0));
#911=LINE('',#910,#909);
#912=DIRECTION('',(-7.071067811865E-1,0.E0,-7.071067811865E-1));
#913=VECTOR('',#912,4.310522938113E-1);
#914=CARTESIAN_POINT('',(-1.28397E1,7.493E0,-7.88035E0));
#915=LINE('',#914,#913);
#916=DIRECTION('',(0.E0,0.E0,-1.E0));
#917=VECTOR('',#916,3.0607E0);
#918=CARTESIAN_POINT('',(-1.28397E1,7.493E0,-4.81965E0));
#919=LINE('',#918,#917);
#920=DIRECTION('',(7.071067811865E-1,0.E0,-7.071067811865E-1));
#921=VECTOR('',#920,4.310522938113E-1);
#922=CARTESIAN_POINT('',(-1.31445E1,7.493E0,-4.51485E0));
#923=LINE('',#922,#921);
#924=DIRECTION('',(-1.E0,0.E0,0.E0));
#925=VECTOR('',#924,6.731E0);
#926=CARTESIAN_POINT('',(-1.31445E1,7.493E0,-8.186660598201E-1));
#927=LINE('',#926,#925);
#928=DIRECTION('',(7.071067811865E-1,0.E0,7.071067811865E-1));
#929=VECTOR('',#928,4.310522938113E-1);
#930=CARTESIAN_POINT('',(-2.01803E1,7.493E0,-4.81965E0));
#931=LINE('',#930,#929);
#932=DIRECTION('',(0.E0,0.E0,1.E0));
#933=VECTOR('',#932,3.0607E0);
#934=CARTESIAN_POINT('',(-2.01803E1,7.493E0,-7.88035E0));
#935=LINE('',#934,#933);
#936=DIRECTION('',(-7.071067811865E-1,0.E0,7.071067811865E-1));
#937=VECTOR('',#936,4.310522938113E-1);
#938=CARTESIAN_POINT('',(-1.98755E1,7.493E0,-8.18515E0));
#939=LINE('',#938,#937);
#940=DIRECTION('',(0.E0,0.E0,1.E0));
#941=VECTOR('',#940,5.1308E0);
#942=CARTESIAN_POINT('',(-1.9685E1,7.493E0,-8.9154E0));
#943=LINE('',#942,#941);
#944=DIRECTION('',(1.E0,0.E0,0.E0));
#945=VECTOR('',#944,8.001E-1);
#946=CARTESIAN_POINT('',(-1.9685E1,7.493E0,-3.7846E0));
#947=LINE('',#946,#945);
#948=DIRECTION('',(0.E0,0.E0,1.E0));
#949=VECTOR('',#948,1.7526E0);
#950=CARTESIAN_POINT('',(-1.88849E1,7.493E0,-3.7846E0));
#951=LINE('',#950,#949);
#952=DIRECTION('',(1.E0,0.E0,0.E0));
#953=VECTOR('',#952,4.7498E0);
#954=CARTESIAN_POINT('',(-1.88849E1,7.493E0,-2.032E0));
#955=LINE('',#954,#953);
#956=DIRECTION('',(0.E0,0.E0,-1.E0));
#957=VECTOR('',#956,1.7526E0);
#958=CARTESIAN_POINT('',(-1.41351E1,7.493E0,-2.032E0));
#959=LINE('',#958,#957);
#960=DIRECTION('',(1.E0,0.E0,0.E0));
#961=VECTOR('',#960,8.001E-1);
#962=CARTESIAN_POINT('',(-1.41351E1,7.493E0,-3.7846E0));
#963=LINE('',#962,#961);
#964=DIRECTION('',(0.E0,0.E0,-1.E0));
#965=VECTOR('',#964,5.1308E0);
#966=CARTESIAN_POINT('',(-1.3335E1,7.493E0,-3.7846E0));
#967=LINE('',#966,#965);
#968=DIRECTION('',(-1.E0,0.E0,0.E0));
#969=VECTOR('',#968,8.001E-1);
#970=CARTESIAN_POINT('',(-1.3335E1,7.493E0,-8.9154E0));
#971=LINE('',#970,#969);
#972=DIRECTION('',(0.E0,0.E0,-1.E0));
#973=VECTOR('',#972,1.7526E0);
#974=CARTESIAN_POINT('',(-1.41351E1,7.493E0,-8.9154E0));
#975=LINE('',#974,#973);
#976=DIRECTION('',(-1.E0,0.E0,0.E0));
#977=VECTOR('',#976,4.7498E0);
#978=CARTESIAN_POINT('',(-1.41351E1,7.493E0,-1.0668E1));
#979=LINE('',#978,#977);
#980=DIRECTION('',(0.E0,0.E0,1.E0));
#981=VECTOR('',#980,1.7526E0);
#982=CARTESIAN_POINT('',(-1.88849E1,7.493E0,-1.0668E1));
#983=LINE('',#982,#981);
#984=DIRECTION('',(-1.E0,0.E0,0.E0));
#985=VECTOR('',#984,8.001E-1);
#986=CARTESIAN_POINT('',(-1.88849E1,7.493E0,-8.9154E0));
#987=LINE('',#986,#985);
#988=DIRECTION('',(0.E0,1.E0,0.E0));
#989=VECTOR('',#988,5.969E0);
#990=CARTESIAN_POINT('',(-1.31445E1,7.493E0,-8.18515E0));
#991=LINE('',#990,#989);
#992=DIRECTION('',(0.E0,0.E0,1.E0));
#993=VECTOR('',#992,3.696183940180E0);
#994=CARTESIAN_POINT('',(-1.31445E1,7.493E0,-1.188133394018E1));
#995=LINE('',#994,#993);
#996=DIRECTION('',(0.E0,-9.925461516413E-1,-1.218693434051E-1));
#997=VECTOR('',#996,6.717571761247E0);
#998=CARTESIAN_POINT('',(-1.31445E1,7.493E0,-1.188133394018E1));
#999=LINE('',#998,#997);
#1000=DIRECTION('',(0.E0,9.925461516413E-1,-1.218693434051E-1));
#1001=VECTOR('',#1000,6.717571761247E0);
#1002=CARTESIAN_POINT('',(-1.31445E1,8.255E-1,0.E0));
#1003=LINE('',#1002,#1001);
#1004=DIRECTION('',(0.E0,0.E0,1.E0));
#1005=VECTOR('',#1004,3.696183940180E0);
#1006=CARTESIAN_POINT('',(-1.31445E1,7.493E0,-4.51485E0));
#1007=LINE('',#1006,#1005);
#1008=DIRECTION('',(0.E0,1.E0,0.E0));
#1009=VECTOR('',#1008,5.969E0);
#1010=CARTESIAN_POINT('',(-1.31445E1,7.493E0,-4.51485E0));
#1011=LINE('',#1010,#1009);
#1012=DIRECTION('',(0.E0,1.E0,0.E0));
#1013=VECTOR('',#1012,5.969E0);
#1014=CARTESIAN_POINT('',(-1.28397E1,7.493E0,-7.88035E0));
#1015=LINE('',#1014,#1013);
#1016=DIRECTION('',(0.E0,1.E0,0.E0));
#1017=VECTOR('',#1016,5.969E0);
#1018=CARTESIAN_POINT('',(-1.28397E1,7.493E0,-4.81965E0));
#1019=LINE('',#1018,#1017);
#1020=DIRECTION('',(-1.E0,0.E0,0.E0));
#1021=VECTOR('',#1020,6.731E0);
#1022=CARTESIAN_POINT('',(-1.31445E1,7.493E0,-1.188133394018E1));
#1023=LINE('',#1022,#1021);
#1024=DIRECTION('',(0.E0,1.E0,0.E0));
#1025=VECTOR('',#1024,8.382E-1);
#1026=CARTESIAN_POINT('',(-1.9685E1,7.493E0,-8.9154E0));
#1027=LINE('',#1026,#1025);
#1028=DIRECTION('',(0.E0,1.E0,0.E0));
#1029=VECTOR('',#1028,8.382E-1);
#1030=CARTESIAN_POINT('',(-1.88849E1,7.493E0,-8.9154E0));
#1031=LINE('',#1030,#1029);
#1032=DIRECTION('',(0.E0,1.E0,0.E0));
#1033=VECTOR('',#1032,8.382E-1);
#1034=CARTESIAN_POINT('',(-1.88849E1,7.493E0,-1.0668E1));
#1035=LINE('',#1034,#1033);
#1036=DIRECTION('',(0.E0,1.E0,0.E0));
#1037=VECTOR('',#1036,8.382E-1);
#1038=CARTESIAN_POINT('',(-1.41351E1,7.493E0,-1.0668E1));
#1039=LINE('',#1038,#1037);
#1040=DIRECTION('',(0.E0,1.E0,0.E0));
#1041=VECTOR('',#1040,8.382E-1);
#1042=CARTESIAN_POINT('',(-1.41351E1,7.493E0,-8.9154E0));
#1043=LINE('',#1042,#1041);
#1044=DIRECTION('',(0.E0,1.E0,0.E0));
#1045=VECTOR('',#1044,8.382E-1);
#1046=CARTESIAN_POINT('',(-1.3335E1,7.493E0,-8.9154E0));
#1047=LINE('',#1046,#1045);
#1048=DIRECTION('',(0.E0,1.E0,0.E0));
#1049=VECTOR('',#1048,8.382E-1);
#1050=CARTESIAN_POINT('',(-1.3335E1,7.493E0,-3.7846E0));
#1051=LINE('',#1050,#1049);
#1052=DIRECTION('',(0.E0,1.E0,0.E0));
#1053=VECTOR('',#1052,8.382E-1);
#1054=CARTESIAN_POINT('',(-1.41351E1,7.493E0,-3.7846E0));
#1055=LINE('',#1054,#1053);
#1056=DIRECTION('',(0.E0,1.E0,0.E0));
#1057=VECTOR('',#1056,8.382E-1);
#1058=CARTESIAN_POINT('',(-1.41351E1,7.493E0,-2.032E0));
#1059=LINE('',#1058,#1057);
#1060=DIRECTION('',(0.E0,1.E0,0.E0));
#1061=VECTOR('',#1060,8.382E-1);
#1062=CARTESIAN_POINT('',(-1.88849E1,7.493E0,-2.032E0));
#1063=LINE('',#1062,#1061);
#1064=DIRECTION('',(0.E0,1.E0,0.E0));
#1065=VECTOR('',#1064,8.382E-1);
#1066=CARTESIAN_POINT('',(-1.88849E1,7.493E0,-3.7846E0));
#1067=LINE('',#1066,#1065);
#1068=DIRECTION('',(0.E0,1.E0,0.E0));
#1069=VECTOR('',#1068,8.382E-1);
#1070=CARTESIAN_POINT('',(-1.9685E1,7.493E0,-3.7846E0));
#1071=LINE('',#1070,#1069);
#1072=DIRECTION('',(0.E0,0.E0,1.E0));
#1073=VECTOR('',#1072,5.1308E0);
#1074=CARTESIAN_POINT('',(-1.9685E1,8.3312E0,-8.9154E0));
#1075=LINE('',#1074,#1073);
#1076=DIRECTION('',(-1.E0,0.E0,0.E0));
#1077=VECTOR('',#1076,8.001E-1);
#1078=CARTESIAN_POINT('',(-1.88849E1,8.3312E0,-8.9154E0));
#1079=LINE('',#1078,#1077);
#1080=DIRECTION('',(0.E0,0.E0,1.E0));
#1081=VECTOR('',#1080,1.7526E0);
#1082=CARTESIAN_POINT('',(-1.88849E1,8.3312E0,-1.0668E1));
#1083=LINE('',#1082,#1081);
#1084=DIRECTION('',(-1.E0,0.E0,0.E0));
#1085=VECTOR('',#1084,4.7498E0);
#1086=CARTESIAN_POINT('',(-1.41351E1,8.3312E0,-1.0668E1));
#1087=LINE('',#1086,#1085);
#1088=DIRECTION('',(0.E0,0.E0,-1.E0));
#1089=VECTOR('',#1088,1.7526E0);
#1090=CARTESIAN_POINT('',(-1.41351E1,8.3312E0,-8.9154E0));
#1091=LINE('',#1090,#1089);
#1092=DIRECTION('',(-1.E0,0.E0,0.E0));
#1093=VECTOR('',#1092,8.001E-1);
#1094=CARTESIAN_POINT('',(-1.3335E1,8.3312E0,-8.9154E0));
#1095=LINE('',#1094,#1093);
#1096=DIRECTION('',(0.E0,0.E0,-1.E0));
#1097=VECTOR('',#1096,5.1308E0);
#1098=CARTESIAN_POINT('',(-1.3335E1,8.3312E0,-3.7846E0));
#1099=LINE('',#1098,#1097);
#1100=DIRECTION('',(1.E0,0.E0,0.E0));
#1101=VECTOR('',#1100,8.001E-1);
#1102=CARTESIAN_POINT('',(-1.41351E1,8.3312E0,-3.7846E0));
#1103=LINE('',#1102,#1101);
#1104=DIRECTION('',(0.E0,0.E0,-1.E0));
#1105=VECTOR('',#1104,1.7526E0);
#1106=CARTESIAN_POINT('',(-1.41351E1,8.3312E0,-2.032E0));
#1107=LINE('',#1106,#1105);
#1108=DIRECTION('',(1.E0,0.E0,0.E0));
#1109=VECTOR('',#1108,4.7498E0);
#1110=CARTESIAN_POINT('',(-1.88849E1,8.3312E0,-2.032E0));
#1111=LINE('',#1110,#1109);
#1112=DIRECTION('',(0.E0,0.E0,1.E0));
#1113=VECTOR('',#1112,1.7526E0);
#1114=CARTESIAN_POINT('',(-1.88849E1,8.3312E0,-3.7846E0));
#1115=LINE('',#1114,#1113);
#1116=DIRECTION('',(1.E0,0.E0,0.E0));
#1117=VECTOR('',#1116,8.001E-1);
#1118=CARTESIAN_POINT('',(-1.9685E1,8.3312E0,-3.7846E0));
#1119=LINE('',#1118,#1117);
#1120=CARTESIAN_POINT('',(-1.651E1,8.3312E0,-6.35E0));
#1121=DIRECTION('',(0.E0,1.E0,0.E0));
#1122=DIRECTION('',(0.E0,0.E0,1.E0));
#1123=AXIS2_PLACEMENT_3D('',#1120,#1121,#1122);
#1125=CARTESIAN_POINT('',(-1.651E1,8.3312E0,-6.35E0));
#1126=DIRECTION('',(0.E0,1.E0,0.E0));
#1127=DIRECTION('',(0.E0,0.E0,-1.E0));
#1128=AXIS2_PLACEMENT_3D('',#1125,#1126,#1127);
#1130=CARTESIAN_POINT('',(-1.651E1,1.03632E1,-6.35E0));
#1131=DIRECTION('',(0.E0,1.E0,0.E0));
#1132=DIRECTION('',(0.E0,0.E0,1.E0));
#1133=AXIS2_PLACEMENT_3D('',#1130,#1131,#1132);
#1135=DIRECTION('',(0.E0,0.E0,1.E0));
#1136=VECTOR('',#1135,6.4262E0);
#1137=CARTESIAN_POINT('',(-1.97231E1,1.03632E1,-9.5631E0));
#1138=LINE('',#1137,#1136);
#1139=DIRECTION('',(1.E0,0.E0,0.E0));
#1140=VECTOR('',#1139,6.4262E0);
#1141=CARTESIAN_POINT('',(-1.97231E1,1.03632E1,-3.1369E0));
#1142=LINE('',#1141,#1140);
#1143=DIRECTION('',(0.E0,0.E0,-1.E0));
#1144=VECTOR('',#1143,6.4262E0);
#1145=CARTESIAN_POINT('',(-1.32969E1,1.03632E1,-3.1369E0));
#1146=LINE('',#1145,#1144);
#1147=DIRECTION('',(-1.E0,0.E0,0.E0));
#1148=VECTOR('',#1147,6.4262E0);
#1149=CARTESIAN_POINT('',(-1.32969E1,1.03632E1,-9.5631E0));
#1150=LINE('',#1149,#1148);
#1151=DIRECTION('',(0.E0,-1.E0,0.E0));
#1152=VECTOR('',#1151,1.778E0);
#1153=CARTESIAN_POINT('',(-1.97231E1,1.21412E1,-9.5631E0));
#1154=LINE('',#1153,#1152);
#1155=DIRECTION('',(0.E0,0.E0,1.E0));
#1156=VECTOR('',#1155,1.824561755601E0);
#1157=CARTESIAN_POINT('',(-1.97231E1,1.21412E1,-7.262280877800E0));
#1158=LINE('',#1157,#1156);
#1159=DIRECTION('',(1.E0,0.E0,0.E0));
#1160=VECTOR('',#1159,1.824561755601E0);
#1161=CARTESIAN_POINT('',(-1.742228087780E1,1.21412E1,-3.1369E0));
#1162=LINE('',#1161,#1160);
#1163=DIRECTION('',(0.E0,0.E0,-1.E0));
#1164=VECTOR('',#1163,1.824561755601E0);
#1165=CARTESIAN_POINT('',(-1.32969E1,1.21412E1,-5.437719122200E0));
#1166=LINE('',#1165,#1164);
#1167=DIRECTION('',(-1.E0,0.E0,0.E0));
#1168=VECTOR('',#1167,1.824561755601E0);
#1169=CARTESIAN_POINT('',(-1.559771912220E1,1.21412E1,-9.5631E0));
#1170=LINE('',#1169,#1168);
#1171=CARTESIAN_POINT('',(-1.651E1,1.21412E1,-6.35E0));
#1172=DIRECTION('',(0.E0,1.E0,0.E0));
#1173=DIRECTION('',(-2.731298098261E-1,0.E0,-9.619771863118E-1));
#1174=AXIS2_PLACEMENT_3D('',#1171,#1172,#1173);
#1176=CARTESIAN_POINT('',(-1.651E1,1.21412E1,-6.35E0));
#1177=DIRECTION('',(0.E0,-1.E0,0.E0));
#1178=DIRECTION('',(-2.731298098261E-1,0.E0,-9.619771863118E-1));
#1179=AXIS2_PLACEMENT_3D('',#1176,#1177,#1178);
#1181=DIRECTION('',(0.E0,1.E0,0.E0));
#1182=VECTOR('',#1181,1.524E0);
#1183=CARTESIAN_POINT('',(-1.651E1,1.21412E1,-9.6901E0));
#1184=LINE('',#1183,#1182);
#1185=DIRECTION('',(0.E0,1.E0,0.E0));
#1186=VECTOR('',#1185,1.524E0);
#1187=CARTESIAN_POINT('',(-1.651E1,1.21412E1,-3.0099E0));
#1188=LINE('',#1187,#1186);
#1189=CARTESIAN_POINT('',(-1.651E1,1.21412E1,-6.35E0));
#1190=DIRECTION('',(0.E0,-1.E0,0.E0));
#1191=DIRECTION('',(0.E0,0.E0,1.E0));
#1192=AXIS2_PLACEMENT_3D('',#1189,#1190,#1191);
#1194=CARTESIAN_POINT('',(-1.651E1,1.21412E1,-6.35E0));
#1195=DIRECTION('',(0.E0,1.E0,0.E0));
#1196=DIRECTION('',(-9.619771863118E-1,0.E0,2.731298098261E-1));
#1197=AXIS2_PLACEMENT_3D('',#1194,#1195,#1196);
#1199=CARTESIAN_POINT('',(-1.651E1,1.21412E1,-6.35E0));
#1200=DIRECTION('',(0.E0,-1.E0,0.E0));
#1201=DIRECTION('',(-9.619771863118E-1,0.E0,2.731298098261E-1));
#1202=AXIS2_PLACEMENT_3D('',#1199,#1200,#1201);
#1204=DIRECTION('',(0.E0,0.E0,-1.E0));
#1205=VECTOR('',#1204,2.300819122200E0);
#1206=CARTESIAN_POINT('',(-1.32969E1,1.21412E1,-3.1369E0));
#1207=LINE('',#1206,#1205);
#1208=DIRECTION('',(1.E0,0.E0,0.E0));
#1209=VECTOR('',#1208,2.300819122200E0);
#1210=CARTESIAN_POINT('',(-1.559771912220E1,1.21412E1,-3.1369E0));
#1211=LINE('',#1210,#1209);
#1212=DIRECTION('',(-1.E0,0.E0,0.E0));
#1213=VECTOR('',#1212,2.300819122200E0);
#1214=CARTESIAN_POINT('',(-1.32969E1,1.21412E1,-9.5631E0));
#1215=LINE('',#1214,#1213);
#1216=DIRECTION('',(0.E0,0.E0,-1.E0));
#1217=VECTOR('',#1216,2.300819122200E0);
#1218=CARTESIAN_POINT('',(-1.32969E1,1.21412E1,-7.262280877800E0));
#1219=LINE('',#1218,#1217);
#1220=DIRECTION('',(0.E0,0.E0,1.E0));
#1221=VECTOR('',#1220,2.300819122200E0);
#1222=CARTESIAN_POINT('',(-1.97231E1,1.21412E1,-9.5631E0));
#1223=LINE('',#1222,#1221);
#1224=DIRECTION('',(-1.E0,0.E0,0.E0));
#1225=VECTOR('',#1224,2.300819122200E0);
#1226=CARTESIAN_POINT('',(-1.742228087780E1,1.21412E1,-9.5631E0));
#1227=LINE('',#1226,#1225);
#1228=DIRECTION('',(1.E0,0.E0,0.E0));
#1229=VECTOR('',#1228,2.300819122200E0);
#1230=CARTESIAN_POINT('',(-1.97231E1,1.21412E1,-3.1369E0));
#1231=LINE('',#1230,#1229);
#1232=DIRECTION('',(0.E0,0.E0,1.E0));
#1233=VECTOR('',#1232,2.300819122200E0);
#1234=CARTESIAN_POINT('',(-1.97231E1,1.21412E1,-5.437719122200E0));
#1235=LINE('',#1234,#1233);
#1236=CARTESIAN_POINT('',(-1.651E1,1.21412E1,-6.35E0));
#1237=DIRECTION('',(0.E0,1.E0,0.E0));
#1238=DIRECTION('',(2.731298098261E-1,0.E0,9.619771863118E-1));
#1239=AXIS2_PLACEMENT_3D('',#1236,#1237,#1238);
#1241=CARTESIAN_POINT('',(-1.651E1,1.21412E1,-6.35E0));
#1242=DIRECTION('',(0.E0,1.E0,0.E0));
#1243=DIRECTION('',(0.E0,0.E0,1.E0));
#1244=AXIS2_PLACEMENT_3D('',#1241,#1242,#1243);
#1246=CARTESIAN_POINT('',(-1.651E1,1.21412E1,-6.35E0));
#1247=DIRECTION('',(0.E0,1.E0,0.E0));
#1248=DIRECTION('',(2.731298098261E-1,0.E0,-9.619771863118E-1));
#1249=AXIS2_PLACEMENT_3D('',#1246,#1247,#1248);
#1251=CARTESIAN_POINT('',(-1.651E1,1.21412E1,-6.35E0));
#1252=DIRECTION('',(0.E0,1.E0,0.E0));
#1253=DIRECTION('',(9.619771863118E-1,0.E0,-2.731298098261E-1));
#1254=AXIS2_PLACEMENT_3D('',#1251,#1252,#1253);
#1256=CARTESIAN_POINT('',(-1.651E1,1.21412E1,-6.35E0));
#1257=DIRECTION('',(0.E0,1.E0,0.E0));
#1258=DIRECTION('',(9.619771863118E-1,0.E0,2.731298098261E-1));
#1259=AXIS2_PLACEMENT_3D('',#1256,#1257,#1258);
#1261=CARTESIAN_POINT('',(-1.651E1,1.36652E1,-6.35E0));
#1262=DIRECTION('',(0.E0,1.E0,0.E0));
#1263=DIRECTION('',(0.E0,0.E0,1.E0));
#1264=AXIS2_PLACEMENT_3D('',#1261,#1262,#1263);
#1266=CARTESIAN_POINT('',(-1.651E1,7.208738281250E0,-6.35E0));
#1267=DIRECTION('',(-1.E0,0.E0,0.E0));
#1268=DIRECTION('',(0.E0,8.881867194431E-1,4.594826997884E-1));
#1269=AXIS2_PLACEMENT_3D('',#1266,#1267,#1268);
#1271=CARTESIAN_POINT('',(-1.651E1,1.36652E1,-6.35E0));
#1272=DIRECTION('',(0.E0,-1.E0,0.E0));
#1273=DIRECTION('',(0.E0,0.E0,1.E0));
#1274=AXIS2_PLACEMENT_3D('',#1271,#1272,#1273);
#1276=CARTESIAN_POINT('',(-1.651E1,7.208738281250E0,-6.35E0));
#1277=DIRECTION('',(1.E0,0.E0,0.E0));
#1278=DIRECTION('',(0.E0,8.881867194431E-1,-4.594826997884E-1));
#1279=AXIS2_PLACEMENT_3D('',#1276,#1277,#1278);
#1281=DIRECTION('',(0.E0,-1.E0,0.E0));
#1282=VECTOR('',#1281,1.778E0);
#1283=CARTESIAN_POINT('',(-1.32969E1,1.21412E1,-3.1369E0));
#1284=LINE('',#1283,#1282);
#1285=DIRECTION('',(0.E0,-1.E0,0.E0));
#1286=VECTOR('',#1285,1.778E0);
#1287=CARTESIAN_POINT('',(-1.32969E1,1.21412E1,-9.5631E0));
#1288=LINE('',#1287,#1286);
#1289=DIRECTION('',(0.E0,-1.E0,0.E0));
#1290=VECTOR('',#1289,1.778E0);
#1291=CARTESIAN_POINT('',(-1.97231E1,1.21412E1,-3.1369E0));
#1292=LINE('',#1291,#1290);
#1293=CARTESIAN_POINT('',(-1.651E1,1.03632E1,-6.35E0));
#1294=DIRECTION('',(0.E0,1.E0,0.E0));
#1295=DIRECTION('',(0.E0,0.E0,-1.E0));
#1296=AXIS2_PLACEMENT_3D('',#1293,#1294,#1295);
#1298=DIRECTION('',(0.E0,1.E0,0.E0));
#1299=VECTOR('',#1298,2.032E0);
#1300=CARTESIAN_POINT('',(-1.651E1,8.3312E0,-4.64566E0));
#1301=LINE('',#1300,#1299);
#1302=DIRECTION('',(0.E0,1.E0,0.E0));
#1303=VECTOR('',#1302,2.032E0);
#1304=CARTESIAN_POINT('',(-1.651E1,8.3312E0,-8.05434E0));
#1305=LINE('',#1304,#1303);
#1306=DIRECTION('',(0.E0,1.E0,0.E0));
#1307=VECTOR('',#1306,5.969E0);
#1308=CARTESIAN_POINT('',(-1.19253E1,7.493E0,-4.81965E0));
#1309=LINE('',#1308,#1307);
#1310=DIRECTION('',(0.E0,1.E0,0.E0));
#1311=VECTOR('',#1310,5.969E0);
#1312=CARTESIAN_POINT('',(-1.19253E1,7.493E0,-7.88035E0));
#1313=LINE('',#1312,#1311);
#1314=DIRECTION('',(0.E0,0.E0,-1.E0));
#1315=VECTOR('',#1314,3.696183940180E0);
#1316=CARTESIAN_POINT('',(-1.16205E1,7.493E0,-8.186660598201E-1));
#1317=LINE('',#1316,#1315);
#1318=DIRECTION('',(0.E0,9.925461516413E-1,-1.218693434051E-1));
#1319=VECTOR('',#1318,6.717571761247E0);
#1320=CARTESIAN_POINT('',(-1.16205E1,8.255E-1,0.E0));
#1321=LINE('',#1320,#1319);
#1322=DIRECTION('',(0.E0,-1.E0,0.E0));
#1323=VECTOR('',#1322,5.969E0);
#1324=CARTESIAN_POINT('',(-1.16205E1,1.3462E1,-4.51485E0));
#1325=LINE('',#1324,#1323);
#1326=DIRECTION('',(0.E0,0.E0,-1.E0));
#1327=VECTOR('',#1326,3.696183940180E0);
#1328=CARTESIAN_POINT('',(-1.16205E1,7.493E0,-8.18515E0));
#1329=LINE('',#1328,#1327);
#1330=DIRECTION('',(0.E0,-1.E0,0.E0));
#1331=VECTOR('',#1330,5.969E0);
#1332=CARTESIAN_POINT('',(-1.16205E1,1.3462E1,-8.18515E0));
#1333=LINE('',#1332,#1331);
#1334=DIRECTION('',(0.E0,-9.925461516413E-1,-1.218693434051E-1));
#1335=VECTOR('',#1334,6.717571761247E0);
#1336=CARTESIAN_POINT('',(-1.16205E1,7.493E0,-1.188133394018E1));
#1337=LINE('',#1336,#1335);
#1338=DIRECTION('',(-7.071067811866E-1,0.E0,-7.071067811865E-1));
#1339=VECTOR('',#1338,4.310522938113E-1);
#1340=CARTESIAN_POINT('',(-4.5847E0,7.493E0,-7.88035E0));
#1341=LINE('',#1340,#1339);
#1342=DIRECTION('',(0.E0,0.E0,-1.E0));
#1343=VECTOR('',#1342,3.0607E0);
#1344=CARTESIAN_POINT('',(-4.5847E0,7.493E0,-4.81965E0));
#1345=LINE('',#1344,#1343);
#1346=DIRECTION('',(7.071067811865E-1,0.E0,-7.071067811865E-1));
#1347=VECTOR('',#1346,4.310522938113E-1);
#1348=CARTESIAN_POINT('',(-4.8895E0,7.493E0,-4.51485E0));
#1349=LINE('',#1348,#1347);
#1350=DIRECTION('',(1.E0,0.E0,0.E0));
#1351=VECTOR('',#1350,6.731E0);
#1352=CARTESIAN_POINT('',(-1.16205E1,7.493E0,-8.186660598201E-1));
#1353=LINE('',#1352,#1351);
#1354=DIRECTION('',(7.071067811865E-1,0.E0,7.071067811865E-1));
#1355=VECTOR('',#1354,4.310522938113E-1);
#1356=CARTESIAN_POINT('',(-1.19253E1,7.493E0,-4.81965E0));
#1357=LINE('',#1356,#1355);
#1358=DIRECTION('',(0.E0,0.E0,1.E0));
#1359=VECTOR('',#1358,3.0607E0);
#1360=CARTESIAN_POINT('',(-1.19253E1,7.493E0,-7.88035E0));
#1361=LINE('',#1360,#1359);
#1362=DIRECTION('',(-7.071067811866E-1,0.E0,7.071067811865E-1));
#1363=VECTOR('',#1362,4.310522938113E-1);
#1364=CARTESIAN_POINT('',(-1.16205E1,7.493E0,-8.18515E0));
#1365=LINE('',#1364,#1363);
#1366=DIRECTION('',(0.E0,0.E0,1.E0));
#1367=VECTOR('',#1366,5.1308E0);
#1368=CARTESIAN_POINT('',(-1.143E1,7.493E0,-8.9154E0));
#1369=LINE('',#1368,#1367);
#1370=DIRECTION('',(1.E0,0.E0,0.E0));
#1371=VECTOR('',#1370,8.001E-1);
#1372=CARTESIAN_POINT('',(-1.143E1,7.493E0,-3.7846E0));
#1373=LINE('',#1372,#1371);
#1374=DIRECTION('',(0.E0,0.E0,1.E0));
#1375=VECTOR('',#1374,1.7526E0);
#1376=CARTESIAN_POINT('',(-1.06299E1,7.493E0,-3.7846E0));
#1377=LINE('',#1376,#1375);
#1378=DIRECTION('',(1.E0,0.E0,0.E0));
#1379=VECTOR('',#1378,4.7498E0);
#1380=CARTESIAN_POINT('',(-1.06299E1,7.493E0,-2.032E0));
#1381=LINE('',#1380,#1379);
#1382=DIRECTION('',(0.E0,0.E0,-1.E0));
#1383=VECTOR('',#1382,1.7526E0);
#1384=CARTESIAN_POINT('',(-5.8801E0,7.493E0,-2.032E0));
#1385=LINE('',#1384,#1383);
#1386=DIRECTION('',(1.E0,0.E0,0.E0));
#1387=VECTOR('',#1386,8.001E-1);
#1388=CARTESIAN_POINT('',(-5.8801E0,7.493E0,-3.7846E0));
#1389=LINE('',#1388,#1387);
#1390=DIRECTION('',(0.E0,0.E0,-1.E0));
#1391=VECTOR('',#1390,5.1308E0);
#1392=CARTESIAN_POINT('',(-5.08E0,7.493E0,-3.7846E0));
#1393=LINE('',#1392,#1391);
#1394=DIRECTION('',(-1.E0,0.E0,0.E0));
#1395=VECTOR('',#1394,8.001E-1);
#1396=CARTESIAN_POINT('',(-5.08E0,7.493E0,-8.9154E0));
#1397=LINE('',#1396,#1395);
#1398=DIRECTION('',(0.E0,0.E0,-1.E0));
#1399=VECTOR('',#1398,1.7526E0);
#1400=CARTESIAN_POINT('',(-5.8801E0,7.493E0,-8.9154E0));
#1401=LINE('',#1400,#1399);
#1402=DIRECTION('',(-1.E0,0.E0,0.E0));
#1403=VECTOR('',#1402,4.7498E0);
#1404=CARTESIAN_POINT('',(-5.8801E0,7.493E0,-1.0668E1));
#1405=LINE('',#1404,#1403);
#1406=DIRECTION('',(0.E0,0.E0,1.E0));
#1407=VECTOR('',#1406,1.7526E0);
#1408=CARTESIAN_POINT('',(-1.06299E1,7.493E0,-1.0668E1));
#1409=LINE('',#1408,#1407);
#1410=DIRECTION('',(-1.E0,0.E0,0.E0));
#1411=VECTOR('',#1410,8.001E-1);
#1412=CARTESIAN_POINT('',(-1.06299E1,7.493E0,-8.9154E0));
#1413=LINE('',#1412,#1411);
#1414=DIRECTION('',(0.E0,1.E0,0.E0));
#1415=VECTOR('',#1414,5.969E0);
#1416=CARTESIAN_POINT('',(-4.8895E0,7.493E0,-8.18515E0));
#1417=LINE('',#1416,#1415);
#1418=DIRECTION('',(0.E0,0.E0,1.E0));
#1419=VECTOR('',#1418,3.696183940180E0);
#1420=CARTESIAN_POINT('',(-4.8895E0,7.493E0,-1.188133394018E1));
#1421=LINE('',#1420,#1419);
#1422=DIRECTION('',(0.E0,9.925461516413E-1,1.218693434051E-1));
#1423=VECTOR('',#1422,6.717571761247E0);
#1424=CARTESIAN_POINT('',(-4.8895E0,8.255E-1,-1.27E1));
#1425=LINE('',#1424,#1423);
#1426=DIRECTION('',(0.E0,1.E0,0.E0));
#1427=VECTOR('',#1426,5.969E0);
#1428=CARTESIAN_POINT('',(-4.8895E0,7.493E0,-4.51485E0));
#1429=LINE('',#1428,#1427);
#1430=DIRECTION('',(0.E0,-9.925461516413E-1,1.218693434051E-1));
#1431=VECTOR('',#1430,6.717571761247E0);
#1432=CARTESIAN_POINT('',(-4.8895E0,7.493E0,-8.186660598201E-1));
#1433=LINE('',#1432,#1431);
#1434=DIRECTION('',(0.E0,0.E0,1.E0));
#1435=VECTOR('',#1434,3.696183940180E0);
#1436=CARTESIAN_POINT('',(-4.8895E0,7.493E0,-4.51485E0));
#1437=LINE('',#1436,#1435);
#1438=DIRECTION('',(0.E0,1.E0,0.E0));
#1439=VECTOR('',#1438,5.969E0);
#1440=CARTESIAN_POINT('',(-4.5847E0,7.493E0,-7.88035E0));
#1441=LINE('',#1440,#1439);
#1442=DIRECTION('',(0.E0,1.E0,0.E0));
#1443=VECTOR('',#1442,5.969E0);
#1444=CARTESIAN_POINT('',(-4.5847E0,7.493E0,-4.81965E0));
#1445=LINE('',#1444,#1443);
#1446=DIRECTION('',(1.E0,0.E0,0.E0));
#1447=VECTOR('',#1446,6.731E0);
#1448=CARTESIAN_POINT('',(-1.16205E1,7.493E0,-1.188133394018E1));
#1449=LINE('',#1448,#1447);
#1450=DIRECTION('',(1.E0,0.E0,0.E0));
#1451=VECTOR('',#1450,6.731E0);
#1452=CARTESIAN_POINT('',(-1.16205E1,8.255E-1,0.E0));
#1453=LINE('',#1452,#1451);
#1454=DIRECTION('',(1.E0,0.E0,0.E0));
#1455=VECTOR('',#1454,6.731E0);
#1456=CARTESIAN_POINT('',(-1.16205E1,8.255E-1,-1.27E1));
#1457=LINE('',#1456,#1455);
#1458=DIRECTION('',(0.E0,0.E0,-1.E0));
#1459=VECTOR('',#1458,8.382E-1);
#1460=CARTESIAN_POINT('',(-8.9154E0,8.255E-1,-2.032E0));
#1461=LINE('',#1460,#1459);
#1462=DIRECTION('',(1.E0,0.E0,0.E0));
#1463=VECTOR('',#1462,1.3208E0);
#1464=CARTESIAN_POINT('',(-8.9154E0,8.255E-1,-2.8702E0));
#1465=LINE('',#1464,#1463);
#1466=DIRECTION('',(0.E0,0.E0,-1.E0));
#1467=VECTOR('',#1466,8.382E-1);
#1468=CARTESIAN_POINT('',(-7.5946E0,8.255E-1,-2.032E0));
#1469=LINE('',#1468,#1467);
#1470=DIRECTION('',(1.E0,0.E0,0.E0));
#1471=VECTOR('',#1470,1.3208E0);
#1472=CARTESIAN_POINT('',(-8.9154E0,8.255E-1,-2.032E0));
#1473=LINE('',#1472,#1471);
#1474=DIRECTION('',(0.E0,0.E0,-1.E0));
#1475=VECTOR('',#1474,1.27E1);
#1476=CARTESIAN_POINT('',(-4.8895E0,8.255E-1,0.E0));
#1477=LINE('',#1476,#1475);
#1478=DIRECTION('',(0.E0,0.E0,-1.E0));
#1479=VECTOR('',#1478,1.27E1);
#1480=CARTESIAN_POINT('',(-1.16205E1,8.255E-1,0.E0));
#1481=LINE('',#1480,#1479);
#1482=DIRECTION('',(0.E0,-1.E0,0.E0));
#1483=VECTOR('',#1482,4.8895E0);
#1484=CARTESIAN_POINT('',(-8.9154E0,8.255E-1,-2.032E0));
#1485=LINE('',#1484,#1483);
#1486=DIRECTION('',(0.E0,0.E0,-1.E0));
#1487=VECTOR('',#1486,8.382E-1);
#1488=CARTESIAN_POINT('',(-8.9154E0,-4.064E0,-2.032E0));
#1489=LINE('',#1488,#1487);
#1490=DIRECTION('',(0.E0,1.E0,0.E0));
#1491=VECTOR('',#1490,4.8895E0);
#1492=CARTESIAN_POINT('',(-8.9154E0,-4.064E0,-2.8702E0));
#1493=LINE('',#1492,#1491);
#1494=DIRECTION('',(0.E0,-1.E0,0.E0));
#1495=VECTOR('',#1494,4.8895E0);
#1496=CARTESIAN_POINT('',(-7.5946E0,8.255E-1,-2.032E0));
#1497=LINE('',#1496,#1495);
#1498=DIRECTION('',(0.E0,1.E0,0.E0));
#1499=VECTOR('',#1498,4.8895E0);
#1500=CARTESIAN_POINT('',(-7.5946E0,-4.064E0,-2.8702E0));
#1501=LINE('',#1500,#1499);
#1502=DIRECTION('',(0.E0,0.E0,-1.E0));
#1503=VECTOR('',#1502,8.382E-1);
#1504=CARTESIAN_POINT('',(-7.5946E0,-4.064E0,-2.032E0));
#1505=LINE('',#1504,#1503);
#1506=DIRECTION('',(1.E0,0.E0,0.E0));
#1507=VECTOR('',#1506,1.3208E0);
#1508=CARTESIAN_POINT('',(-8.9154E0,-4.064E0,-2.8702E0));
#1509=LINE('',#1508,#1507);
#1510=DIRECTION('',(1.E0,0.E0,0.E0));
#1511=VECTOR('',#1510,1.3208E0);
#1512=CARTESIAN_POINT('',(-8.9154E0,-4.064E0,-2.032E0));
#1513=LINE('',#1512,#1511);
#1514=DIRECTION('',(0.E0,1.E0,0.E0));
#1515=VECTOR('',#1514,8.382E-1);
#1516=CARTESIAN_POINT('',(-1.143E1,7.493E0,-8.9154E0));
#1517=LINE('',#1516,#1515);
#1518=DIRECTION('',(0.E0,1.E0,0.E0));
#1519=VECTOR('',#1518,8.382E-1);
#1520=CARTESIAN_POINT('',(-1.06299E1,7.493E0,-8.9154E0));
#1521=LINE('',#1520,#1519);
#1522=DIRECTION('',(0.E0,1.E0,0.E0));
#1523=VECTOR('',#1522,8.382E-1);
#1524=CARTESIAN_POINT('',(-1.06299E1,7.493E0,-1.0668E1));
#1525=LINE('',#1524,#1523);
#1526=DIRECTION('',(0.E0,1.E0,0.E0));
#1527=VECTOR('',#1526,8.382E-1);
#1528=CARTESIAN_POINT('',(-5.8801E0,7.493E0,-1.0668E1));
#1529=LINE('',#1528,#1527);
#1530=DIRECTION('',(0.E0,1.E0,0.E0));
#1531=VECTOR('',#1530,8.382E-1);
#1532=CARTESIAN_POINT('',(-5.8801E0,7.493E0,-8.9154E0));
#1533=LINE('',#1532,#1531);
#1534=DIRECTION('',(0.E0,1.E0,0.E0));
#1535=VECTOR('',#1534,8.382E-1);
#1536=CARTESIAN_POINT('',(-5.08E0,7.493E0,-8.9154E0));
#1537=LINE('',#1536,#1535);
#1538=DIRECTION('',(0.E0,1.E0,0.E0));
#1539=VECTOR('',#1538,8.382E-1);
#1540=CARTESIAN_POINT('',(-5.08E0,7.493E0,-3.7846E0));
#1541=LINE('',#1540,#1539);
#1542=DIRECTION('',(0.E0,1.E0,0.E0));
#1543=VECTOR('',#1542,8.382E-1);
#1544=CARTESIAN_POINT('',(-5.8801E0,7.493E0,-3.7846E0));
#1545=LINE('',#1544,#1543);
#1546=DIRECTION('',(0.E0,1.E0,0.E0));
#1547=VECTOR('',#1546,8.382E-1);
#1548=CARTESIAN_POINT('',(-5.8801E0,7.493E0,-2.032E0));
#1549=LINE('',#1548,#1547);
#1550=DIRECTION('',(0.E0,1.E0,0.E0));
#1551=VECTOR('',#1550,8.382E-1);
#1552=CARTESIAN_POINT('',(-1.06299E1,7.493E0,-2.032E0));
#1553=LINE('',#1552,#1551);
#1554=DIRECTION('',(0.E0,1.E0,0.E0));
#1555=VECTOR('',#1554,8.382E-1);
#1556=CARTESIAN_POINT('',(-1.06299E1,7.493E0,-3.7846E0));
#1557=LINE('',#1556,#1555);
#1558=DIRECTION('',(0.E0,1.E0,0.E0));
#1559=VECTOR('',#1558,8.382E-1);
#1560=CARTESIAN_POINT('',(-1.143E1,7.493E0,-3.7846E0));
#1561=LINE('',#1560,#1559);
#1562=DIRECTION('',(0.E0,0.E0,1.E0));
#1563=VECTOR('',#1562,5.1308E0);
#1564=CARTESIAN_POINT('',(-1.143E1,8.3312E0,-8.9154E0));
#1565=LINE('',#1564,#1563);
#1566=DIRECTION('',(-1.E0,0.E0,0.E0));
#1567=VECTOR('',#1566,8.001E-1);
#1568=CARTESIAN_POINT('',(-1.06299E1,8.3312E0,-8.9154E0));
#1569=LINE('',#1568,#1567);
#1570=DIRECTION('',(0.E0,0.E0,1.E0));
#1571=VECTOR('',#1570,1.7526E0);
#1572=CARTESIAN_POINT('',(-1.06299E1,8.3312E0,-1.0668E1));
#1573=LINE('',#1572,#1571);
#1574=DIRECTION('',(-1.E0,0.E0,0.E0));
#1575=VECTOR('',#1574,4.7498E0);
#1576=CARTESIAN_POINT('',(-5.8801E0,8.3312E0,-1.0668E1));
#1577=LINE('',#1576,#1575);
#1578=DIRECTION('',(0.E0,0.E0,-1.E0));
#1579=VECTOR('',#1578,1.7526E0);
#1580=CARTESIAN_POINT('',(-5.8801E0,8.3312E0,-8.9154E0));
#1581=LINE('',#1580,#1579);
#1582=DIRECTION('',(-1.E0,0.E0,0.E0));
#1583=VECTOR('',#1582,8.001E-1);
#1584=CARTESIAN_POINT('',(-5.08E0,8.3312E0,-8.9154E0));
#1585=LINE('',#1584,#1583);
#1586=DIRECTION('',(0.E0,0.E0,-1.E0));
#1587=VECTOR('',#1586,5.1308E0);
#1588=CARTESIAN_POINT('',(-5.08E0,8.3312E0,-3.7846E0));
#1589=LINE('',#1588,#1587);
#1590=DIRECTION('',(1.E0,0.E0,0.E0));
#1591=VECTOR('',#1590,8.001E-1);
#1592=CARTESIAN_POINT('',(-5.8801E0,8.3312E0,-3.7846E0));
#1593=LINE('',#1592,#1591);
#1594=DIRECTION('',(0.E0,0.E0,-1.E0));
#1595=VECTOR('',#1594,1.7526E0);
#1596=CARTESIAN_POINT('',(-5.8801E0,8.3312E0,-2.032E0));
#1597=LINE('',#1596,#1595);
#1598=DIRECTION('',(1.E0,0.E0,0.E0));
#1599=VECTOR('',#1598,4.7498E0);
#1600=CARTESIAN_POINT('',(-1.06299E1,8.3312E0,-2.032E0));
#1601=LINE('',#1600,#1599);
#1602=DIRECTION('',(0.E0,0.E0,1.E0));
#1603=VECTOR('',#1602,1.7526E0);
#1604=CARTESIAN_POINT('',(-1.06299E1,8.3312E0,-3.7846E0));
#1605=LINE('',#1604,#1603);
#1606=DIRECTION('',(1.E0,0.E0,0.E0));
#1607=VECTOR('',#1606,8.001E-1);
#1608=CARTESIAN_POINT('',(-1.143E1,8.3312E0,-3.7846E0));
#1609=LINE('',#1608,#1607);
#1610=CARTESIAN_POINT('',(-8.255E0,8.3312E0,-6.35E0));
#1611=DIRECTION('',(0.E0,1.E0,0.E0));
#1612=DIRECTION('',(0.E0,0.E0,1.E0));
#1613=AXIS2_PLACEMENT_3D('',#1610,#1611,#1612);
#1615=CARTESIAN_POINT('',(-8.255E0,8.3312E0,-6.35E0));
#1616=DIRECTION('',(0.E0,1.E0,0.E0));
#1617=DIRECTION('',(0.E0,0.E0,-1.E0));
#1618=AXIS2_PLACEMENT_3D('',#1615,#1616,#1617);
#1620=CARTESIAN_POINT('',(-8.255E0,1.03632E1,-6.35E0));
#1621=DIRECTION('',(0.E0,1.E0,0.E0));
#1622=DIRECTION('',(0.E0,0.E0,1.E0));
#1623=AXIS2_PLACEMENT_3D('',#1620,#1621,#1622);
#1625=DIRECTION('',(0.E0,0.E0,1.E0));
#1626=VECTOR('',#1625,6.4262E0);
#1627=CARTESIAN_POINT('',(-1.14681E1,1.03632E1,-9.5631E0));
#1628=LINE('',#1627,#1626);
#1629=DIRECTION('',(1.E0,0.E0,0.E0));
#1630=VECTOR('',#1629,6.4262E0);
#1631=CARTESIAN_POINT('',(-1.14681E1,1.03632E1,-3.1369E0));
#1632=LINE('',#1631,#1630);
#1633=DIRECTION('',(0.E0,0.E0,-1.E0));
#1634=VECTOR('',#1633,6.4262E0);
#1635=CARTESIAN_POINT('',(-5.0419E0,1.03632E1,-3.1369E0));
#1636=LINE('',#1635,#1634);
#1637=DIRECTION('',(-1.E0,0.E0,0.E0));
#1638=VECTOR('',#1637,6.4262E0);
#1639=CARTESIAN_POINT('',(-5.0419E0,1.03632E1,-9.5631E0));
#1640=LINE('',#1639,#1638);
#1641=DIRECTION('',(0.E0,-1.E0,0.E0));
#1642=VECTOR('',#1641,1.778E0);
#1643=CARTESIAN_POINT('',(-1.14681E1,1.21412E1,-9.5631E0));
#1644=LINE('',#1643,#1642);
#1645=DIRECTION('',(0.E0,0.E0,1.E0));
#1646=VECTOR('',#1645,1.824561755601E0);
#1647=CARTESIAN_POINT('',(-1.14681E1,1.21412E1,-7.262280877800E0));
#1648=LINE('',#1647,#1646);
#1649=DIRECTION('',(1.E0,0.E0,0.E0));
#1650=VECTOR('',#1649,1.824561755601E0);
#1651=CARTESIAN_POINT('',(-9.167280877800E0,1.21412E1,-3.1369E0));
#1652=LINE('',#1651,#1650);
#1653=DIRECTION('',(0.E0,0.E0,-1.E0));
#1654=VECTOR('',#1653,1.824561755601E0);
#1655=CARTESIAN_POINT('',(-5.0419E0,1.21412E1,-5.437719122200E0));
#1656=LINE('',#1655,#1654);
#1657=DIRECTION('',(-1.E0,0.E0,0.E0));
#1658=VECTOR('',#1657,1.824561755600E0);
#1659=CARTESIAN_POINT('',(-7.342719122200E0,1.21412E1,-9.5631E0));
#1660=LINE('',#1659,#1658);
#1661=CARTESIAN_POINT('',(-8.255E0,1.21412E1,-6.35E0));
#1662=DIRECTION('',(0.E0,1.E0,0.E0));
#1663=DIRECTION('',(-2.731298098261E-1,0.E0,-9.619771863118E-1));
#1664=AXIS2_PLACEMENT_3D('',#1661,#1662,#1663);
#1666=CARTESIAN_POINT('',(-8.255E0,1.21412E1,-6.35E0));
#1667=DIRECTION('',(0.E0,-1.E0,0.E0));
#1668=DIRECTION('',(-2.731298098261E-1,0.E0,-9.619771863118E-1));
#1669=AXIS2_PLACEMENT_3D('',#1666,#1667,#1668);
#1671=DIRECTION('',(0.E0,1.E0,0.E0));
#1672=VECTOR('',#1671,1.524E0);
#1673=CARTESIAN_POINT('',(-8.255E0,1.21412E1,-9.6901E0));
#1674=LINE('',#1673,#1672);
#1675=DIRECTION('',(0.E0,1.E0,0.E0));
#1676=VECTOR('',#1675,1.524E0);
#1677=CARTESIAN_POINT('',(-8.255E0,1.21412E1,-3.0099E0));
#1678=LINE('',#1677,#1676);
#1679=CARTESIAN_POINT('',(-8.255E0,1.21412E1,-6.35E0));
#1680=DIRECTION('',(0.E0,-1.E0,0.E0));
#1681=DIRECTION('',(0.E0,0.E0,1.E0));
#1682=AXIS2_PLACEMENT_3D('',#1679,#1680,#1681);
#1684=CARTESIAN_POINT('',(-8.255E0,1.21412E1,-6.35E0));
#1685=DIRECTION('',(0.E0,1.E0,0.E0));
#1686=DIRECTION('',(-9.619771863118E-1,0.E0,2.731298098261E-1));
#1687=AXIS2_PLACEMENT_3D('',#1684,#1685,#1686);
#1689=CARTESIAN_POINT('',(-8.255E0,1.21412E1,-6.35E0));
#1690=DIRECTION('',(0.E0,-1.E0,0.E0));
#1691=DIRECTION('',(-9.619771863118E-1,0.E0,2.731298098261E-1));
#1692=AXIS2_PLACEMENT_3D('',#1689,#1690,#1691);
#1694=DIRECTION('',(0.E0,0.E0,-1.E0));
#1695=VECTOR('',#1694,2.300819122200E0);
#1696=CARTESIAN_POINT('',(-5.0419E0,1.21412E1,-3.1369E0));
#1697=LINE('',#1696,#1695);
#1698=DIRECTION('',(1.E0,0.E0,0.E0));
#1699=VECTOR('',#1698,2.300819122200E0);
#1700=CARTESIAN_POINT('',(-7.342719122200E0,1.21412E1,-3.1369E0));
#1701=LINE('',#1700,#1699);
#1702=DIRECTION('',(-1.E0,0.E0,0.E0));
#1703=VECTOR('',#1702,2.300819122200E0);
#1704=CARTESIAN_POINT('',(-5.0419E0,1.21412E1,-9.5631E0));
#1705=LINE('',#1704,#1703);
#1706=DIRECTION('',(0.E0,0.E0,-1.E0));
#1707=VECTOR('',#1706,2.300819122200E0);
#1708=CARTESIAN_POINT('',(-5.0419E0,1.21412E1,-7.262280877800E0));
#1709=LINE('',#1708,#1707);
#1710=DIRECTION('',(0.E0,0.E0,1.E0));
#1711=VECTOR('',#1710,2.300819122200E0);
#1712=CARTESIAN_POINT('',(-1.14681E1,1.21412E1,-9.5631E0));
#1713=LINE('',#1712,#1711);
#1714=DIRECTION('',(-1.E0,0.E0,0.E0));
#1715=VECTOR('',#1714,2.300819122200E0);
#1716=CARTESIAN_POINT('',(-9.167280877800E0,1.21412E1,-9.5631E0));
#1717=LINE('',#1716,#1715);
#1718=DIRECTION('',(1.E0,0.E0,0.E0));
#1719=VECTOR('',#1718,2.300819122200E0);
#1720=CARTESIAN_POINT('',(-1.14681E1,1.21412E1,-3.1369E0));
#1721=LINE('',#1720,#1719);
#1722=DIRECTION('',(0.E0,0.E0,1.E0));
#1723=VECTOR('',#1722,2.300819122200E0);
#1724=CARTESIAN_POINT('',(-1.14681E1,1.21412E1,-5.437719122200E0));
#1725=LINE('',#1724,#1723);
#1726=CARTESIAN_POINT('',(-8.255E0,1.21412E1,-6.35E0));
#1727=DIRECTION('',(0.E0,1.E0,0.E0));
#1728=DIRECTION('',(2.731298098261E-1,0.E0,9.619771863118E-1));
#1729=AXIS2_PLACEMENT_3D('',#1726,#1727,#1728);
#1731=CARTESIAN_POINT('',(-8.255E0,1.21412E1,-6.35E0));
#1732=DIRECTION('',(0.E0,1.E0,0.E0));
#1733=DIRECTION('',(0.E0,0.E0,1.E0));
#1734=AXIS2_PLACEMENT_3D('',#1731,#1732,#1733);
#1736=CARTESIAN_POINT('',(-8.255E0,1.21412E1,-6.35E0));
#1737=DIRECTION('',(0.E0,1.E0,0.E0));
#1738=DIRECTION('',(2.731298098261E-1,0.E0,-9.619771863118E-1));
#1739=AXIS2_PLACEMENT_3D('',#1736,#1737,#1738);
#1741=CARTESIAN_POINT('',(-8.255E0,1.21412E1,-6.35E0));
#1742=DIRECTION('',(0.E0,1.E0,0.E0));
#1743=DIRECTION('',(9.619771863118E-1,0.E0,-2.731298098261E-1));
#1744=AXIS2_PLACEMENT_3D('',#1741,#1742,#1743);
#1746=CARTESIAN_POINT('',(-8.255E0,1.21412E1,-6.35E0));
#1747=DIRECTION('',(0.E0,1.E0,0.E0));
#1748=DIRECTION('',(9.619771863118E-1,0.E0,2.731298098261E-1));
#1749=AXIS2_PLACEMENT_3D('',#1746,#1747,#1748);
#1751=CARTESIAN_POINT('',(-8.255E0,1.36652E1,-6.35E0));
#1752=DIRECTION('',(0.E0,1.E0,0.E0));
#1753=DIRECTION('',(0.E0,0.E0,1.E0));
#1754=AXIS2_PLACEMENT_3D('',#1751,#1752,#1753);
#1756=CARTESIAN_POINT('',(-8.255E0,7.208738281250E0,-6.35E0));
#1757=DIRECTION('',(-1.E0,0.E0,0.E0));
#1758=DIRECTION('',(0.E0,8.881867194431E-1,4.594826997884E-1));
#1759=AXIS2_PLACEMENT_3D('',#1756,#1757,#1758);
#1761=CARTESIAN_POINT('',(-8.255E0,1.36652E1,-6.35E0));
#1762=DIRECTION('',(0.E0,-1.E0,0.E0));
#1763=DIRECTION('',(0.E0,0.E0,1.E0));
#1764=AXIS2_PLACEMENT_3D('',#1761,#1762,#1763);
#1766=CARTESIAN_POINT('',(-8.255E0,7.208738281250E0,-6.35E0));
#1767=DIRECTION('',(1.E0,0.E0,0.E0));
#1768=DIRECTION('',(0.E0,8.881867194431E-1,-4.594826997884E-1));
#1769=AXIS2_PLACEMENT_3D('',#1766,#1767,#1768);
#1771=DIRECTION('',(0.E0,-1.E0,0.E0));
#1772=VECTOR('',#1771,1.778E0);
#1773=CARTESIAN_POINT('',(-5.0419E0,1.21412E1,-3.1369E0));
#1774=LINE('',#1773,#1772);
#1775=DIRECTION('',(0.E0,-1.E0,0.E0));
#1776=VECTOR('',#1775,1.778E0);
#1777=CARTESIAN_POINT('',(-5.0419E0,1.21412E1,-9.5631E0));
#1778=LINE('',#1777,#1776);
#1779=DIRECTION('',(0.E0,-1.E0,0.E0));
#1780=VECTOR('',#1779,1.778E0);
#1781=CARTESIAN_POINT('',(-1.14681E1,1.21412E1,-3.1369E0));
#1782=LINE('',#1781,#1780);
#1783=CARTESIAN_POINT('',(-8.255E0,1.03632E1,-6.35E0));
#1784=DIRECTION('',(0.E0,1.E0,0.E0));
#1785=DIRECTION('',(0.E0,0.E0,-1.E0));
#1786=AXIS2_PLACEMENT_3D('',#1783,#1784,#1785);
#1788=DIRECTION('',(0.E0,1.E0,0.E0));
#1789=VECTOR('',#1788,2.032E0);
#1790=CARTESIAN_POINT('',(-8.255E0,8.3312E0,-4.64566E0));
#1791=LINE('',#1790,#1789);
#1792=DIRECTION('',(0.E0,1.E0,0.E0));
#1793=VECTOR('',#1792,2.032E0);
#1794=CARTESIAN_POINT('',(-8.255E0,8.3312E0,-8.05434E0));
#1795=LINE('',#1794,#1793);
#1796=DIRECTION('',(0.E0,-1.E0,0.E0));
#1797=VECTOR('',#1796,5.969E0);
#1798=CARTESIAN_POINT('',(-3.6703E0,1.3462E1,-4.81965E0));
#1799=LINE('',#1798,#1797);
#1800=DIRECTION('',(0.E0,-1.E0,0.E0));
#1801=VECTOR('',#1800,5.969E0);
#1802=CARTESIAN_POINT('',(-3.6703E0,1.3462E1,-7.88035E0));
#1803=LINE('',#1802,#1801);
#1804=DIRECTION('',(0.E0,-1.E0,0.E0));
#1805=VECTOR('',#1804,5.969E0);
#1806=CARTESIAN_POINT('',(-3.3655E0,1.3462E1,-4.51485E0));
#1807=LINE('',#1806,#1805);
#1808=DIRECTION('',(0.E0,0.E0,-1.E0));
#1809=VECTOR('',#1808,3.696183940180E0);
#1810=CARTESIAN_POINT('',(-3.3655E0,7.493E0,-8.186660598201E-1));
#1811=LINE('',#1810,#1809);
#1812=DIRECTION('',(0.E0,9.925461516413E-1,-1.218693434051E-1));
#1813=VECTOR('',#1812,6.717571761247E0);
#1814=CARTESIAN_POINT('',(-3.3655E0,8.255E-1,0.E0));
#1815=LINE('',#1814,#1813);
#1816=DIRECTION('',(0.E0,-1.E0,0.E0));
#1817=VECTOR('',#1816,5.969E0);
#1818=CARTESIAN_POINT('',(-3.3655E0,1.3462E1,-8.18515E0));
#1819=LINE('',#1818,#1817);
#1820=DIRECTION('',(0.E0,-9.925461516413E-1,-1.218693434051E-1));
#1821=VECTOR('',#1820,6.717571761247E0);
#1822=CARTESIAN_POINT('',(-3.3655E0,7.493E0,-1.188133394018E1));
#1823=LINE('',#1822,#1821);
#1824=DIRECTION('',(0.E0,0.E0,-1.E0));
#1825=VECTOR('',#1824,3.696183940180E0);
#1826=CARTESIAN_POINT('',(-3.3655E0,7.493E0,-8.18515E0));
#1827=LINE('',#1826,#1825);
#1828=DIRECTION('',(7.071067811865E-1,0.E0,7.071067811865E-1));
#1829=VECTOR('',#1828,4.310522938113E-1);
#1830=CARTESIAN_POINT('',(3.3655E0,7.493E0,-8.18515E0));
#1831=LINE('',#1830,#1829);
#1832=DIRECTION('',(0.E0,0.E0,1.E0));
#1833=VECTOR('',#1832,3.0607E0);
#1834=CARTESIAN_POINT('',(3.6703E0,7.493E0,-7.88035E0));
#1835=LINE('',#1834,#1833);
#1836=DIRECTION('',(-7.071067811865E-1,0.E0,7.071067811866E-1));
#1837=VECTOR('',#1836,4.310522938113E-1);
#1838=CARTESIAN_POINT('',(3.6703E0,7.493E0,-4.81965E0));
#1839=LINE('',#1838,#1837);
#1840=DIRECTION('',(-1.E0,0.E0,0.E0));
#1841=VECTOR('',#1840,6.731E0);
#1842=CARTESIAN_POINT('',(3.3655E0,7.493E0,-8.186660598201E-1));
#1843=LINE('',#1842,#1841);
#1844=DIRECTION('',(-7.071067811865E-1,0.E0,-7.071067811865E-1));
#1845=VECTOR('',#1844,4.310522938113E-1);
#1846=CARTESIAN_POINT('',(-3.3655E0,7.493E0,-4.51485E0));
#1847=LINE('',#1846,#1845);
#1848=DIRECTION('',(0.E0,0.E0,-1.E0));
#1849=VECTOR('',#1848,3.0607E0);
#1850=CARTESIAN_POINT('',(-3.6703E0,7.493E0,-4.81965E0));
#1851=LINE('',#1850,#1849);
#1852=DIRECTION('',(7.071067811865E-1,0.E0,-7.071067811865E-1));
#1853=VECTOR('',#1852,4.310522938113E-1);
#1854=CARTESIAN_POINT('',(-3.6703E0,7.493E0,-7.88035E0));
#1855=LINE('',#1854,#1853);
#1856=DIRECTION('',(0.E0,0.E0,1.E0));
#1857=VECTOR('',#1856,5.1308E0);
#1858=CARTESIAN_POINT('',(-3.175E0,7.493E0,-8.9154E0));
#1859=LINE('',#1858,#1857);
#1860=DIRECTION('',(1.E0,0.E0,0.E0));
#1861=VECTOR('',#1860,8.001E-1);
#1862=CARTESIAN_POINT('',(-3.175E0,7.493E0,-3.7846E0));
#1863=LINE('',#1862,#1861);
#1864=DIRECTION('',(0.E0,0.E0,1.E0));
#1865=VECTOR('',#1864,1.7526E0);
#1866=CARTESIAN_POINT('',(-2.3749E0,7.493E0,-3.7846E0));
#1867=LINE('',#1866,#1865);
#1868=DIRECTION('',(1.E0,0.E0,0.E0));
#1869=VECTOR('',#1868,4.7498E0);
#1870=CARTESIAN_POINT('',(-2.3749E0,7.493E0,-2.032E0));
#1871=LINE('',#1870,#1869);
#1872=DIRECTION('',(0.E0,0.E0,-1.E0));
#1873=VECTOR('',#1872,1.7526E0);
#1874=CARTESIAN_POINT('',(2.3749E0,7.493E0,-2.032E0));
#1875=LINE('',#1874,#1873);
#1876=DIRECTION('',(1.E0,0.E0,0.E0));
#1877=VECTOR('',#1876,8.001E-1);
#1878=CARTESIAN_POINT('',(2.3749E0,7.493E0,-3.7846E0));
#1879=LINE('',#1878,#1877);
#1880=DIRECTION('',(0.E0,0.E0,-1.E0));
#1881=VECTOR('',#1880,5.1308E0);
#1882=CARTESIAN_POINT('',(3.175E0,7.493E0,-3.7846E0));
#1883=LINE('',#1882,#1881);
#1884=DIRECTION('',(-1.E0,0.E0,0.E0));
#1885=VECTOR('',#1884,8.001E-1);
#1886=CARTESIAN_POINT('',(3.175E0,7.493E0,-8.9154E0));
#1887=LINE('',#1886,#1885);
#1888=DIRECTION('',(0.E0,0.E0,-1.E0));
#1889=VECTOR('',#1888,1.7526E0);
#1890=CARTESIAN_POINT('',(2.3749E0,7.493E0,-8.9154E0));
#1891=LINE('',#1890,#1889);
#1892=DIRECTION('',(-1.E0,0.E0,0.E0));
#1893=VECTOR('',#1892,4.7498E0);
#1894=CARTESIAN_POINT('',(2.3749E0,7.493E0,-1.0668E1));
#1895=LINE('',#1894,#1893);
#1896=DIRECTION('',(0.E0,0.E0,1.E0));
#1897=VECTOR('',#1896,1.7526E0);
#1898=CARTESIAN_POINT('',(-2.3749E0,7.493E0,-1.0668E1));
#1899=LINE('',#1898,#1897);
#1900=DIRECTION('',(-1.E0,0.E0,0.E0));
#1901=VECTOR('',#1900,8.001E-1);
#1902=CARTESIAN_POINT('',(-2.3749E0,7.493E0,-8.9154E0));
#1903=LINE('',#1902,#1901);
#1904=DIRECTION('',(0.E0,-1.E0,0.E0));
#1905=VECTOR('',#1904,5.969E0);
#1906=CARTESIAN_POINT('',(3.3655E0,1.3462E1,-8.18515E0));
#1907=LINE('',#1906,#1905);
#1908=DIRECTION('',(0.E0,0.E0,-1.E0));
#1909=VECTOR('',#1908,3.696183940180E0);
#1910=CARTESIAN_POINT('',(3.3655E0,7.493E0,-8.18515E0));
#1911=LINE('',#1910,#1909);
#1912=DIRECTION('',(0.E0,-9.925461516413E-1,-1.218693434051E-1));
#1913=VECTOR('',#1912,6.717571761247E0);
#1914=CARTESIAN_POINT('',(3.3655E0,7.493E0,-1.188133394018E1));
#1915=LINE('',#1914,#1913);
#1916=DIRECTION('',(0.E0,-1.E0,0.E0));
#1917=VECTOR('',#1916,5.969E0);
#1918=CARTESIAN_POINT('',(3.3655E0,1.3462E1,-4.51485E0));
#1919=LINE('',#1918,#1917);
#1920=DIRECTION('',(0.E0,9.925461516413E-1,-1.218693434051E-1));
#1921=VECTOR('',#1920,6.717571761247E0);
#1922=CARTESIAN_POINT('',(3.3655E0,8.255E-1,0.E0));
#1923=LINE('',#1922,#1921);
#1924=DIRECTION('',(0.E0,0.E0,-1.E0));
#1925=VECTOR('',#1924,3.696183940180E0);
#1926=CARTESIAN_POINT('',(3.3655E0,7.493E0,-8.186660598201E-1));
#1927=LINE('',#1926,#1925);
#1928=DIRECTION('',(0.E0,-1.E0,0.E0));
#1929=VECTOR('',#1928,5.969E0);
#1930=CARTESIAN_POINT('',(3.6703E0,1.3462E1,-7.88035E0));
#1931=LINE('',#1930,#1929);
#1932=DIRECTION('',(0.E0,-1.E0,0.E0));
#1933=VECTOR('',#1932,5.969E0);
#1934=CARTESIAN_POINT('',(3.6703E0,1.3462E1,-4.81965E0));
#1935=LINE('',#1934,#1933);
#1936=DIRECTION('',(-1.E0,0.E0,0.E0));
#1937=VECTOR('',#1936,6.731E0);
#1938=CARTESIAN_POINT('',(3.3655E0,7.493E0,-1.188133394018E1));
#1939=LINE('',#1938,#1937);
#1940=DIRECTION('',(1.E0,0.E0,0.E0));
#1941=VECTOR('',#1940,6.731E0);
#1942=CARTESIAN_POINT('',(-3.3655E0,8.255E-1,0.E0));
#1943=LINE('',#1942,#1941);
#1944=DIRECTION('',(1.E0,0.E0,0.E0));
#1945=VECTOR('',#1944,6.731E0);
#1946=CARTESIAN_POINT('',(-3.3655E0,8.255E-1,-1.27E1));
#1947=LINE('',#1946,#1945);
#1948=DIRECTION('',(0.E0,0.E0,-1.E0));
#1949=VECTOR('',#1948,8.382E-1);
#1950=CARTESIAN_POINT('',(-6.604E-1,8.255E-1,-2.032E0));
#1951=LINE('',#1950,#1949);
#1952=DIRECTION('',(1.E0,0.E0,0.E0));
#1953=VECTOR('',#1952,1.3208E0);
#1954=CARTESIAN_POINT('',(-6.604E-1,8.255E-1,-2.8702E0));
#1955=LINE('',#1954,#1953);
#1956=DIRECTION('',(0.E0,0.E0,-1.E0));
#1957=VECTOR('',#1956,8.382E-1);
#1958=CARTESIAN_POINT('',(6.604E-1,8.255E-1,-2.032E0));
#1959=LINE('',#1958,#1957);
#1960=DIRECTION('',(1.E0,0.E0,0.E0));
#1961=VECTOR('',#1960,1.3208E0);
#1962=CARTESIAN_POINT('',(-6.604E-1,8.255E-1,-2.032E0));
#1963=LINE('',#1962,#1961);
#1964=DIRECTION('',(0.E0,0.E0,-1.E0));
#1965=VECTOR('',#1964,1.27E1);
#1966=CARTESIAN_POINT('',(3.3655E0,8.255E-1,0.E0));
#1967=LINE('',#1966,#1965);
#1968=DIRECTION('',(0.E0,0.E0,-1.E0));
#1969=VECTOR('',#1968,1.27E1);
#1970=CARTESIAN_POINT('',(-3.3655E0,8.255E-1,0.E0));
#1971=LINE('',#1970,#1969);
#1972=DIRECTION('',(0.E0,-1.E0,0.E0));
#1973=VECTOR('',#1972,4.8895E0);
#1974=CARTESIAN_POINT('',(-6.604E-1,8.255E-1,-2.032E0));
#1975=LINE('',#1974,#1973);
#1976=DIRECTION('',(0.E0,0.E0,-1.E0));
#1977=VECTOR('',#1976,8.382E-1);
#1978=CARTESIAN_POINT('',(-6.604E-1,-4.064E0,-2.032E0));
#1979=LINE('',#1978,#1977);
#1980=DIRECTION('',(0.E0,1.E0,0.E0));
#1981=VECTOR('',#1980,4.8895E0);
#1982=CARTESIAN_POINT('',(-6.604E-1,-4.064E0,-2.8702E0));
#1983=LINE('',#1982,#1981);
#1984=DIRECTION('',(0.E0,1.E0,0.E0));
#1985=VECTOR('',#1984,4.8895E0);
#1986=CARTESIAN_POINT('',(6.604E-1,-4.064E0,-2.8702E0));
#1987=LINE('',#1986,#1985);
#1988=DIRECTION('',(0.E0,0.E0,-1.E0));
#1989=VECTOR('',#1988,8.382E-1);
#1990=CARTESIAN_POINT('',(6.604E-1,-4.064E0,-2.032E0));
#1991=LINE('',#1990,#1989);
#1992=DIRECTION('',(0.E0,-1.E0,0.E0));
#1993=VECTOR('',#1992,4.8895E0);
#1994=CARTESIAN_POINT('',(6.604E-1,8.255E-1,-2.032E0));
#1995=LINE('',#1994,#1993);
#1996=DIRECTION('',(1.E0,0.E0,0.E0));
#1997=VECTOR('',#1996,1.3208E0);
#1998=CARTESIAN_POINT('',(-6.604E-1,-4.064E0,-2.8702E0));
#1999=LINE('',#1998,#1997);
#2000=DIRECTION('',(1.E0,0.E0,0.E0));
#2001=VECTOR('',#2000,1.3208E0);
#2002=CARTESIAN_POINT('',(-6.604E-1,-4.064E0,-2.032E0));
#2003=LINE('',#2002,#2001);
#2004=DIRECTION('',(0.E0,1.E0,0.E0));
#2005=VECTOR('',#2004,8.382E-1);
#2006=CARTESIAN_POINT('',(-3.175E0,7.493E0,-8.9154E0));
#2007=LINE('',#2006,#2005);
#2008=DIRECTION('',(0.E0,1.E0,0.E0));
#2009=VECTOR('',#2008,8.382E-1);
#2010=CARTESIAN_POINT('',(-2.3749E0,7.493E0,-8.9154E0));
#2011=LINE('',#2010,#2009);
#2012=DIRECTION('',(0.E0,1.E0,0.E0));
#2013=VECTOR('',#2012,8.382E-1);
#2014=CARTESIAN_POINT('',(-2.3749E0,7.493E0,-1.0668E1));
#2015=LINE('',#2014,#2013);
#2016=DIRECTION('',(0.E0,1.E0,0.E0));
#2017=VECTOR('',#2016,8.382E-1);
#2018=CARTESIAN_POINT('',(2.3749E0,7.493E0,-1.0668E1));
#2019=LINE('',#2018,#2017);
#2020=DIRECTION('',(0.E0,1.E0,0.E0));
#2021=VECTOR('',#2020,8.382E-1);
#2022=CARTESIAN_POINT('',(2.3749E0,7.493E0,-8.9154E0));
#2023=LINE('',#2022,#2021);
#2024=DIRECTION('',(0.E0,1.E0,0.E0));
#2025=VECTOR('',#2024,8.382E-1);
#2026=CARTESIAN_POINT('',(3.175E0,7.493E0,-8.9154E0));
#2027=LINE('',#2026,#2025);
#2028=DIRECTION('',(0.E0,1.E0,0.E0));
#2029=VECTOR('',#2028,8.382E-1);
#2030=CARTESIAN_POINT('',(3.175E0,7.493E0,-3.7846E0));
#2031=LINE('',#2030,#2029);
#2032=DIRECTION('',(0.E0,1.E0,0.E0));
#2033=VECTOR('',#2032,8.382E-1);
#2034=CARTESIAN_POINT('',(2.3749E0,7.493E0,-3.7846E0));
#2035=LINE('',#2034,#2033);
#2036=DIRECTION('',(0.E0,1.E0,0.E0));
#2037=VECTOR('',#2036,8.382E-1);
#2038=CARTESIAN_POINT('',(2.3749E0,7.493E0,-2.032E0));
#2039=LINE('',#2038,#2037);
#2040=DIRECTION('',(0.E0,1.E0,0.E0));
#2041=VECTOR('',#2040,8.382E-1);
#2042=CARTESIAN_POINT('',(-2.3749E0,7.493E0,-2.032E0));
#2043=LINE('',#2042,#2041);
#2044=DIRECTION('',(0.E0,1.E0,0.E0));
#2045=VECTOR('',#2044,8.382E-1);
#2046=CARTESIAN_POINT('',(-2.3749E0,7.493E0,-3.7846E0));
#2047=LINE('',#2046,#2045);
#2048=DIRECTION('',(0.E0,1.E0,0.E0));
#2049=VECTOR('',#2048,8.382E-1);
#2050=CARTESIAN_POINT('',(-3.175E0,7.493E0,-3.7846E0));
#2051=LINE('',#2050,#2049);
#2052=DIRECTION('',(0.E0,0.E0,1.E0));
#2053=VECTOR('',#2052,5.1308E0);
#2054=CARTESIAN_POINT('',(-3.175E0,8.3312E0,-8.9154E0));
#2055=LINE('',#2054,#2053);
#2056=DIRECTION('',(-1.E0,0.E0,0.E0));
#2057=VECTOR('',#2056,8.001E-1);
#2058=CARTESIAN_POINT('',(-2.3749E0,8.3312E0,-8.9154E0));
#2059=LINE('',#2058,#2057);
#2060=DIRECTION('',(0.E0,0.E0,1.E0));
#2061=VECTOR('',#2060,1.7526E0);
#2062=CARTESIAN_POINT('',(-2.3749E0,8.3312E0,-1.0668E1));
#2063=LINE('',#2062,#2061);
#2064=DIRECTION('',(-1.E0,0.E0,0.E0));
#2065=VECTOR('',#2064,4.7498E0);
#2066=CARTESIAN_POINT('',(2.3749E0,8.3312E0,-1.0668E1));
#2067=LINE('',#2066,#2065);
#2068=DIRECTION('',(0.E0,0.E0,-1.E0));
#2069=VECTOR('',#2068,1.7526E0);
#2070=CARTESIAN_POINT('',(2.3749E0,8.3312E0,-8.9154E0));
#2071=LINE('',#2070,#2069);
#2072=DIRECTION('',(-1.E0,0.E0,0.E0));
#2073=VECTOR('',#2072,8.001E-1);
#2074=CARTESIAN_POINT('',(3.175E0,8.3312E0,-8.9154E0));
#2075=LINE('',#2074,#2073);
#2076=DIRECTION('',(0.E0,0.E0,-1.E0));
#2077=VECTOR('',#2076,5.1308E0);
#2078=CARTESIAN_POINT('',(3.175E0,8.3312E0,-3.7846E0));
#2079=LINE('',#2078,#2077);
#2080=DIRECTION('',(1.E0,0.E0,0.E0));
#2081=VECTOR('',#2080,8.001E-1);
#2082=CARTESIAN_POINT('',(2.3749E0,8.3312E0,-3.7846E0));
#2083=LINE('',#2082,#2081);
#2084=DIRECTION('',(0.E0,0.E0,-1.E0));
#2085=VECTOR('',#2084,1.7526E0);
#2086=CARTESIAN_POINT('',(2.3749E0,8.3312E0,-2.032E0));
#2087=LINE('',#2086,#2085);
#2088=DIRECTION('',(1.E0,0.E0,0.E0));
#2089=VECTOR('',#2088,4.7498E0);
#2090=CARTESIAN_POINT('',(-2.3749E0,8.3312E0,-2.032E0));
#2091=LINE('',#2090,#2089);
#2092=DIRECTION('',(0.E0,0.E0,1.E0));
#2093=VECTOR('',#2092,1.7526E0);
#2094=CARTESIAN_POINT('',(-2.3749E0,8.3312E0,-3.7846E0));
#2095=LINE('',#2094,#2093);
#2096=DIRECTION('',(1.E0,0.E0,0.E0));
#2097=VECTOR('',#2096,8.001E-1);
#2098=CARTESIAN_POINT('',(-3.175E0,8.3312E0,-3.7846E0));
#2099=LINE('',#2098,#2097);
#2100=CARTESIAN_POINT('',(0.E0,8.3312E0,-6.35E0));
#2101=DIRECTION('',(0.E0,1.E0,0.E0));
#2102=DIRECTION('',(0.E0,0.E0,1.E0));
#2103=AXIS2_PLACEMENT_3D('',#2100,#2101,#2102);
#2105=CARTESIAN_POINT('',(0.E0,8.3312E0,-6.35E0));
#2106=DIRECTION('',(0.E0,1.E0,0.E0));
#2107=DIRECTION('',(0.E0,0.E0,-1.E0));
#2108=AXIS2_PLACEMENT_3D('',#2105,#2106,#2107);
#2110=CARTESIAN_POINT('',(0.E0,1.03632E1,-6.35E0));
#2111=DIRECTION('',(0.E0,1.E0,0.E0));
#2112=DIRECTION('',(0.E0,0.E0,1.E0));
#2113=AXIS2_PLACEMENT_3D('',#2110,#2111,#2112);
#2115=DIRECTION('',(0.E0,0.E0,1.E0));
#2116=VECTOR('',#2115,6.4262E0);
#2117=CARTESIAN_POINT('',(-3.2131E0,1.03632E1,-9.5631E0));
#2118=LINE('',#2117,#2116);
#2119=DIRECTION('',(1.E0,0.E0,0.E0));
#2120=VECTOR('',#2119,6.4262E0);
#2121=CARTESIAN_POINT('',(-3.2131E0,1.03632E1,-3.1369E0));
#2122=LINE('',#2121,#2120);
#2123=DIRECTION('',(0.E0,0.E0,-1.E0));
#2124=VECTOR('',#2123,6.4262E0);
#2125=CARTESIAN_POINT('',(3.2131E0,1.03632E1,-3.1369E0));
#2126=LINE('',#2125,#2124);
#2127=DIRECTION('',(-1.E0,0.E0,0.E0));
#2128=VECTOR('',#2127,6.4262E0);
#2129=CARTESIAN_POINT('',(3.2131E0,1.03632E1,-9.5631E0));
#2130=LINE('',#2129,#2128);
#2131=DIRECTION('',(0.E0,-1.E0,0.E0));
#2132=VECTOR('',#2131,1.778E0);
#2133=CARTESIAN_POINT('',(-3.2131E0,1.21412E1,-9.5631E0));
#2134=LINE('',#2133,#2132);
#2135=DIRECTION('',(0.E0,0.E0,1.E0));
#2136=VECTOR('',#2135,1.824561755601E0);
#2137=CARTESIAN_POINT('',(-3.2131E0,1.21412E1,-7.262280877800E0));
#2138=LINE('',#2137,#2136);
#2139=DIRECTION('',(1.E0,0.E0,0.E0));
#2140=VECTOR('',#2139,1.824561755601E0);
#2141=CARTESIAN_POINT('',(-9.122808778003E-1,1.21412E1,-3.1369E0));
#2142=LINE('',#2141,#2140);
#2143=DIRECTION('',(0.E0,0.E0,-1.E0));
#2144=VECTOR('',#2143,1.824561755601E0);
#2145=CARTESIAN_POINT('',(3.2131E0,1.21412E1,-5.437719122200E0));
#2146=LINE('',#2145,#2144);
#2147=DIRECTION('',(-1.E0,0.E0,0.E0));
#2148=VECTOR('',#2147,1.824561755601E0);
#2149=CARTESIAN_POINT('',(9.122808778002E-1,1.21412E1,-9.5631E0));
#2150=LINE('',#2149,#2148);
#2151=CARTESIAN_POINT('',(0.E0,1.21412E1,-6.35E0));
#2152=DIRECTION('',(0.E0,1.E0,0.E0));
#2153=DIRECTION('',(-2.731298098261E-1,0.E0,-9.619771863118E-1));
#2154=AXIS2_PLACEMENT_3D('',#2151,#2152,#2153);
#2156=CARTESIAN_POINT('',(0.E0,1.21412E1,-6.35E0));
#2157=DIRECTION('',(0.E0,-1.E0,0.E0));
#2158=DIRECTION('',(-2.731298098261E-1,0.E0,-9.619771863118E-1));
#2159=AXIS2_PLACEMENT_3D('',#2156,#2157,#2158);
#2161=DIRECTION('',(0.E0,1.E0,0.E0));
#2162=VECTOR('',#2161,1.524E0);
#2163=CARTESIAN_POINT('',(0.E0,1.21412E1,-9.6901E0));
#2164=LINE('',#2163,#2162);
#2165=DIRECTION('',(0.E0,1.E0,0.E0));
#2166=VECTOR('',#2165,1.524E0);
#2167=CARTESIAN_POINT('',(0.E0,1.21412E1,-3.0099E0));
#2168=LINE('',#2167,#2166);
#2169=CARTESIAN_POINT('',(0.E0,1.21412E1,-6.35E0));
#2170=DIRECTION('',(0.E0,-1.E0,0.E0));
#2171=DIRECTION('',(0.E0,0.E0,1.E0));
#2172=AXIS2_PLACEMENT_3D('',#2169,#2170,#2171);
#2174=CARTESIAN_POINT('',(0.E0,1.21412E1,-6.35E0));
#2175=DIRECTION('',(0.E0,1.E0,0.E0));
#2176=DIRECTION('',(-9.619771863118E-1,0.E0,2.731298098261E-1));
#2177=AXIS2_PLACEMENT_3D('',#2174,#2175,#2176);
#2179=CARTESIAN_POINT('',(0.E0,1.21412E1,-6.35E0));
#2180=DIRECTION('',(0.E0,-1.E0,0.E0));
#2181=DIRECTION('',(-9.619771863118E-1,0.E0,2.731298098261E-1));
#2182=AXIS2_PLACEMENT_3D('',#2179,#2180,#2181);
#2184=DIRECTION('',(0.E0,0.E0,-1.E0));
#2185=VECTOR('',#2184,2.300819122200E0);
#2186=CARTESIAN_POINT('',(3.2131E0,1.21412E1,-3.1369E0));
#2187=LINE('',#2186,#2185);
#2188=DIRECTION('',(1.E0,0.E0,0.E0));
#2189=VECTOR('',#2188,2.300819122200E0);
#2190=CARTESIAN_POINT('',(9.122808778002E-1,1.21412E1,-3.1369E0));
#2191=LINE('',#2190,#2189);
#2192=DIRECTION('',(-1.E0,0.E0,0.E0));
#2193=VECTOR('',#2192,2.300819122200E0);
#2194=CARTESIAN_POINT('',(3.2131E0,1.21412E1,-9.5631E0));
#2195=LINE('',#2194,#2193);
#2196=DIRECTION('',(0.E0,0.E0,-1.E0));
#2197=VECTOR('',#2196,2.300819122200E0);
#2198=CARTESIAN_POINT('',(3.2131E0,1.21412E1,-7.262280877800E0));
#2199=LINE('',#2198,#2197);
#2200=DIRECTION('',(0.E0,0.E0,1.E0));
#2201=VECTOR('',#2200,2.300819122200E0);
#2202=CARTESIAN_POINT('',(-3.2131E0,1.21412E1,-9.5631E0));
#2203=LINE('',#2202,#2201);
#2204=DIRECTION('',(-1.E0,0.E0,0.E0));
#2205=VECTOR('',#2204,2.300819122200E0);
#2206=CARTESIAN_POINT('',(-9.122808778003E-1,1.21412E1,-9.5631E0));
#2207=LINE('',#2206,#2205);
#2208=DIRECTION('',(1.E0,0.E0,0.E0));
#2209=VECTOR('',#2208,2.300819122200E0);
#2210=CARTESIAN_POINT('',(-3.2131E0,1.21412E1,-3.1369E0));
#2211=LINE('',#2210,#2209);
#2212=DIRECTION('',(0.E0,0.E0,1.E0));
#2213=VECTOR('',#2212,2.300819122200E0);
#2214=CARTESIAN_POINT('',(-3.2131E0,1.21412E1,-5.437719122200E0));
#2215=LINE('',#2214,#2213);
#2216=CARTESIAN_POINT('',(0.E0,1.21412E1,-6.35E0));
#2217=DIRECTION('',(0.E0,1.E0,0.E0));
#2218=DIRECTION('',(2.731298098261E-1,0.E0,9.619771863118E-1));
#2219=AXIS2_PLACEMENT_3D('',#2216,#2217,#2218);
#2221=CARTESIAN_POINT('',(0.E0,1.21412E1,-6.35E0));
#2222=DIRECTION('',(0.E0,1.E0,0.E0));
#2223=DIRECTION('',(0.E0,0.E0,1.E0));
#2224=AXIS2_PLACEMENT_3D('',#2221,#2222,#2223);
#2226=CARTESIAN_POINT('',(0.E0,1.21412E1,-6.35E0));
#2227=DIRECTION('',(0.E0,1.E0,0.E0));
#2228=DIRECTION('',(2.731298098261E-1,0.E0,-9.619771863118E-1));
#2229=AXIS2_PLACEMENT_3D('',#2226,#2227,#2228);
#2231=CARTESIAN_POINT('',(0.E0,1.21412E1,-6.35E0));
#2232=DIRECTION('',(0.E0,1.E0,0.E0));
#2233=DIRECTION('',(9.619771863118E-1,0.E0,-2.731298098261E-1));
#2234=AXIS2_PLACEMENT_3D('',#2231,#2232,#2233);
#2236=CARTESIAN_POINT('',(0.E0,1.21412E1,-6.35E0));
#2237=DIRECTION('',(0.E0,1.E0,0.E0));
#2238=DIRECTION('',(9.619771863118E-1,0.E0,2.731298098261E-1));
#2239=AXIS2_PLACEMENT_3D('',#2236,#2237,#2238);
#2241=CARTESIAN_POINT('',(0.E0,1.36652E1,-6.35E0));
#2242=DIRECTION('',(0.E0,1.E0,0.E0));
#2243=DIRECTION('',(0.E0,0.E0,1.E0));
#2244=AXIS2_PLACEMENT_3D('',#2241,#2242,#2243);
#2246=CARTESIAN_POINT('',(0.E0,7.208738281250E0,-6.35E0));
#2247=DIRECTION('',(-1.E0,0.E0,0.E0));
#2248=DIRECTION('',(0.E0,8.881867194431E-1,4.594826997884E-1));
#2249=AXIS2_PLACEMENT_3D('',#2246,#2247,#2248);
#2251=CARTESIAN_POINT('',(0.E0,1.36652E1,-6.35E0));
#2252=DIRECTION('',(0.E0,-1.E0,0.E0));
#2253=DIRECTION('',(0.E0,0.E0,1.E0));
#2254=AXIS2_PLACEMENT_3D('',#2251,#2252,#2253);
#2256=CARTESIAN_POINT('',(0.E0,7.208738281250E0,-6.35E0));
#2257=DIRECTION('',(1.E0,0.E0,0.E0));
#2258=DIRECTION('',(0.E0,8.881867194431E-1,-4.594826997884E-1));
#2259=AXIS2_PLACEMENT_3D('',#2256,#2257,#2258);
#2261=DIRECTION('',(0.E0,-1.E0,0.E0));
#2262=VECTOR('',#2261,1.778E0);
#2263=CARTESIAN_POINT('',(3.2131E0,1.21412E1,-3.1369E0));
#2264=LINE('',#2263,#2262);
#2265=DIRECTION('',(0.E0,-1.E0,0.E0));
#2266=VECTOR('',#2265,1.778E0);
#2267=CARTESIAN_POINT('',(3.2131E0,1.21412E1,-9.5631E0));
#2268=LINE('',#2267,#2266);
#2269=DIRECTION('',(0.E0,-1.E0,0.E0));
#2270=VECTOR('',#2269,1.778E0);
#2271=CARTESIAN_POINT('',(-3.2131E0,1.21412E1,-3.1369E0));
#2272=LINE('',#2271,#2270);
#2273=CARTESIAN_POINT('',(0.E0,1.03632E1,-6.35E0));
#2274=DIRECTION('',(0.E0,1.E0,0.E0));
#2275=DIRECTION('',(0.E0,0.E0,-1.E0));
#2276=AXIS2_PLACEMENT_3D('',#2273,#2274,#2275);
#2278=DIRECTION('',(0.E0,1.E0,0.E0));
#2279=VECTOR('',#2278,2.032E0);
#2280=CARTESIAN_POINT('',(0.E0,8.3312E0,-4.64566E0));
#2281=LINE('',#2280,#2279);
#2282=DIRECTION('',(0.E0,1.E0,0.E0));
#2283=VECTOR('',#2282,2.032E0);
#2284=CARTESIAN_POINT('',(0.E0,8.3312E0,-8.05434E0));
#2285=LINE('',#2284,#2283);
#2286=DIRECTION('',(0.E0,-1.E0,0.E0));
#2287=VECTOR('',#2286,5.969E0);
#2288=CARTESIAN_POINT('',(4.5847E0,1.3462E1,-4.81965E0));
#2289=LINE('',#2288,#2287);
#2290=DIRECTION('',(0.E0,-1.E0,0.E0));
#2291=VECTOR('',#2290,5.969E0);
#2292=CARTESIAN_POINT('',(4.5847E0,1.3462E1,-7.88035E0));
#2293=LINE('',#2292,#2291);
#2294=DIRECTION('',(0.E0,-1.E0,0.E0));
#2295=VECTOR('',#2294,5.969E0);
#2296=CARTESIAN_POINT('',(4.8895E0,1.3462E1,-4.51485E0));
#2297=LINE('',#2296,#2295);
#2298=DIRECTION('',(0.E0,0.E0,-1.E0));
#2299=VECTOR('',#2298,3.696183940180E0);
#2300=CARTESIAN_POINT('',(4.8895E0,7.493E0,-8.186660598201E-1));
#2301=LINE('',#2300,#2299);
#2302=DIRECTION('',(0.E0,9.925461516413E-1,-1.218693434051E-1));
#2303=VECTOR('',#2302,6.717571761247E0);
#2304=CARTESIAN_POINT('',(4.8895E0,8.255E-1,0.E0));
#2305=LINE('',#2304,#2303);
#2306=DIRECTION('',(0.E0,-1.E0,0.E0));
#2307=VECTOR('',#2306,5.969E0);
#2308=CARTESIAN_POINT('',(4.8895E0,1.3462E1,-8.18515E0));
#2309=LINE('',#2308,#2307);
#2310=DIRECTION('',(0.E0,-9.925461516413E-1,-1.218693434051E-1));
#2311=VECTOR('',#2310,6.717571761247E0);
#2312=CARTESIAN_POINT('',(4.8895E0,7.493E0,-1.188133394018E1));
#2313=LINE('',#2312,#2311);
#2314=DIRECTION('',(0.E0,0.E0,-1.E0));
#2315=VECTOR('',#2314,3.696183940180E0);
#2316=CARTESIAN_POINT('',(4.8895E0,7.493E0,-8.18515E0));
#2317=LINE('',#2316,#2315);
#2318=DIRECTION('',(7.071067811865E-1,0.E0,7.071067811865E-1));
#2319=VECTOR('',#2318,4.310522938113E-1);
#2320=CARTESIAN_POINT('',(1.16205E1,7.493E0,-8.18515E0));
#2321=LINE('',#2320,#2319);
#2322=DIRECTION('',(0.E0,0.E0,1.E0));
#2323=VECTOR('',#2322,3.0607E0);
#2324=CARTESIAN_POINT('',(1.19253E1,7.493E0,-7.88035E0));
#2325=LINE('',#2324,#2323);
#2326=DIRECTION('',(-7.071067811865E-1,0.E0,7.071067811865E-1));
#2327=VECTOR('',#2326,4.310522938113E-1);
#2328=CARTESIAN_POINT('',(1.19253E1,7.493E0,-4.81965E0));
#2329=LINE('',#2328,#2327);
#2330=DIRECTION('',(-1.E0,0.E0,0.E0));
#2331=VECTOR('',#2330,6.731E0);
#2332=CARTESIAN_POINT('',(1.16205E1,7.493E0,-8.186660598201E-1));
#2333=LINE('',#2332,#2331);
#2334=DIRECTION('',(-7.071067811865E-1,0.E0,-7.071067811865E-1));
#2335=VECTOR('',#2334,4.310522938113E-1);
#2336=CARTESIAN_POINT('',(4.8895E0,7.493E0,-4.51485E0));
#2337=LINE('',#2336,#2335);
#2338=DIRECTION('',(0.E0,0.E0,-1.E0));
#2339=VECTOR('',#2338,3.0607E0);
#2340=CARTESIAN_POINT('',(4.5847E0,7.493E0,-4.81965E0));
#2341=LINE('',#2340,#2339);
#2342=DIRECTION('',(7.071067811865E-1,0.E0,-7.071067811865E-1));
#2343=VECTOR('',#2342,4.310522938113E-1);
#2344=CARTESIAN_POINT('',(4.5847E0,7.493E0,-7.88035E0));
#2345=LINE('',#2344,#2343);
#2346=DIRECTION('',(0.E0,0.E0,1.E0));
#2347=VECTOR('',#2346,5.1308E0);
#2348=CARTESIAN_POINT('',(5.08E0,7.493E0,-8.9154E0));
#2349=LINE('',#2348,#2347);
#2350=DIRECTION('',(1.E0,0.E0,0.E0));
#2351=VECTOR('',#2350,8.001E-1);
#2352=CARTESIAN_POINT('',(5.08E0,7.493E0,-3.7846E0));
#2353=LINE('',#2352,#2351);
#2354=DIRECTION('',(0.E0,0.E0,1.E0));
#2355=VECTOR('',#2354,1.7526E0);
#2356=CARTESIAN_POINT('',(5.8801E0,7.493E0,-3.7846E0));
#2357=LINE('',#2356,#2355);
#2358=DIRECTION('',(1.E0,0.E0,0.E0));
#2359=VECTOR('',#2358,4.7498E0);
#2360=CARTESIAN_POINT('',(5.8801E0,7.493E0,-2.032E0));
#2361=LINE('',#2360,#2359);
#2362=DIRECTION('',(0.E0,0.E0,-1.E0));
#2363=VECTOR('',#2362,1.7526E0);
#2364=CARTESIAN_POINT('',(1.06299E1,7.493E0,-2.032E0));
#2365=LINE('',#2364,#2363);
#2366=DIRECTION('',(1.E0,0.E0,0.E0));
#2367=VECTOR('',#2366,8.001E-1);
#2368=CARTESIAN_POINT('',(1.06299E1,7.493E0,-3.7846E0));
#2369=LINE('',#2368,#2367);
#2370=DIRECTION('',(0.E0,0.E0,-1.E0));
#2371=VECTOR('',#2370,5.1308E0);
#2372=CARTESIAN_POINT('',(1.143E1,7.493E0,-3.7846E0));
#2373=LINE('',#2372,#2371);
#2374=DIRECTION('',(-1.E0,0.E0,0.E0));
#2375=VECTOR('',#2374,8.001E-1);
#2376=CARTESIAN_POINT('',(1.143E1,7.493E0,-8.9154E0));
#2377=LINE('',#2376,#2375);
#2378=DIRECTION('',(0.E0,0.E0,-1.E0));
#2379=VECTOR('',#2378,1.7526E0);
#2380=CARTESIAN_POINT('',(1.06299E1,7.493E0,-8.9154E0));
#2381=LINE('',#2380,#2379);
#2382=DIRECTION('',(-1.E0,0.E0,0.E0));
#2383=VECTOR('',#2382,4.7498E0);
#2384=CARTESIAN_POINT('',(1.06299E1,7.493E0,-1.0668E1));
#2385=LINE('',#2384,#2383);
#2386=DIRECTION('',(0.E0,0.E0,1.E0));
#2387=VECTOR('',#2386,1.7526E0);
#2388=CARTESIAN_POINT('',(5.8801E0,7.493E0,-1.0668E1));
#2389=LINE('',#2388,#2387);
#2390=DIRECTION('',(-1.E0,0.E0,0.E0));
#2391=VECTOR('',#2390,8.001E-1);
#2392=CARTESIAN_POINT('',(5.8801E0,7.493E0,-8.9154E0));
#2393=LINE('',#2392,#2391);
#2394=DIRECTION('',(0.E0,-1.E0,0.E0));
#2395=VECTOR('',#2394,5.969E0);
#2396=CARTESIAN_POINT('',(1.16205E1,1.3462E1,-8.18515E0));
#2397=LINE('',#2396,#2395);
#2398=DIRECTION('',(0.E0,0.E0,-1.E0));
#2399=VECTOR('',#2398,3.696183940180E0);
#2400=CARTESIAN_POINT('',(1.16205E1,7.493E0,-8.18515E0));
#2401=LINE('',#2400,#2399);
#2402=DIRECTION('',(0.E0,-9.925461516413E-1,-1.218693434051E-1));
#2403=VECTOR('',#2402,6.717571761247E0);
#2404=CARTESIAN_POINT('',(1.16205E1,7.493E0,-1.188133394018E1));
#2405=LINE('',#2404,#2403);
#2406=DIRECTION('',(0.E0,-1.E0,0.E0));
#2407=VECTOR('',#2406,5.969E0);
#2408=CARTESIAN_POINT('',(1.16205E1,1.3462E1,-4.51485E0));
#2409=LINE('',#2408,#2407);
#2410=DIRECTION('',(0.E0,9.925461516413E-1,-1.218693434051E-1));
#2411=VECTOR('',#2410,6.717571761247E0);
#2412=CARTESIAN_POINT('',(1.16205E1,8.255E-1,0.E0));
#2413=LINE('',#2412,#2411);
#2414=DIRECTION('',(0.E0,0.E0,-1.E0));
#2415=VECTOR('',#2414,3.696183940180E0);
#2416=CARTESIAN_POINT('',(1.16205E1,7.493E0,-8.186660598201E-1));
#2417=LINE('',#2416,#2415);
#2418=DIRECTION('',(0.E0,-1.E0,0.E0));
#2419=VECTOR('',#2418,5.969E0);
#2420=CARTESIAN_POINT('',(1.19253E1,1.3462E1,-7.88035E0));
#2421=LINE('',#2420,#2419);
#2422=DIRECTION('',(0.E0,-1.E0,0.E0));
#2423=VECTOR('',#2422,5.969E0);
#2424=CARTESIAN_POINT('',(1.19253E1,1.3462E1,-4.81965E0));
#2425=LINE('',#2424,#2423);
#2426=DIRECTION('',(-1.E0,0.E0,0.E0));
#2427=VECTOR('',#2426,6.731E0);
#2428=CARTESIAN_POINT('',(1.16205E1,7.493E0,-1.188133394018E1));
#2429=LINE('',#2428,#2427);
#2430=DIRECTION('',(1.E0,0.E0,0.E0));
#2431=VECTOR('',#2430,6.731E0);
#2432=CARTESIAN_POINT('',(4.8895E0,8.255E-1,0.E0));
#2433=LINE('',#2432,#2431);
#2434=DIRECTION('',(1.E0,0.E0,0.E0));
#2435=VECTOR('',#2434,6.731E0);
#2436=CARTESIAN_POINT('',(4.8895E0,8.255E-1,-1.27E1));
#2437=LINE('',#2436,#2435);
#2438=DIRECTION('',(0.E0,0.E0,-1.E0));
#2439=VECTOR('',#2438,8.382E-1);
#2440=CARTESIAN_POINT('',(7.5946E0,8.255E-1,-2.032E0));
#2441=LINE('',#2440,#2439);
#2442=DIRECTION('',(1.E0,0.E0,0.E0));
#2443=VECTOR('',#2442,1.3208E0);
#2444=CARTESIAN_POINT('',(7.5946E0,8.255E-1,-2.8702E0));
#2445=LINE('',#2444,#2443);
#2446=DIRECTION('',(0.E0,0.E0,-1.E0));
#2447=VECTOR('',#2446,8.382E-1);
#2448=CARTESIAN_POINT('',(8.9154E0,8.255E-1,-2.032E0));
#2449=LINE('',#2448,#2447);
#2450=DIRECTION('',(1.E0,0.E0,0.E0));
#2451=VECTOR('',#2450,1.3208E0);
#2452=CARTESIAN_POINT('',(7.5946E0,8.255E-1,-2.032E0));
#2453=LINE('',#2452,#2451);
#2454=DIRECTION('',(0.E0,0.E0,-1.E0));
#2455=VECTOR('',#2454,1.27E1);
#2456=CARTESIAN_POINT('',(1.16205E1,8.255E-1,0.E0));
#2457=LINE('',#2456,#2455);
#2458=DIRECTION('',(0.E0,0.E0,-1.E0));
#2459=VECTOR('',#2458,1.27E1);
#2460=CARTESIAN_POINT('',(4.8895E0,8.255E-1,0.E0));
#2461=LINE('',#2460,#2459);
#2462=DIRECTION('',(0.E0,-1.E0,0.E0));
#2463=VECTOR('',#2462,4.8895E0);
#2464=CARTESIAN_POINT('',(7.5946E0,8.255E-1,-2.032E0));
#2465=LINE('',#2464,#2463);
#2466=DIRECTION('',(0.E0,0.E0,-1.E0));
#2467=VECTOR('',#2466,8.382E-1);
#2468=CARTESIAN_POINT('',(7.5946E0,-4.064E0,-2.032E0));
#2469=LINE('',#2468,#2467);
#2470=DIRECTION('',(0.E0,1.E0,0.E0));
#2471=VECTOR('',#2470,4.8895E0);
#2472=CARTESIAN_POINT('',(7.5946E0,-4.064E0,-2.8702E0));
#2473=LINE('',#2472,#2471);
#2474=DIRECTION('',(0.E0,1.E0,0.E0));
#2475=VECTOR('',#2474,4.8895E0);
#2476=CARTESIAN_POINT('',(8.9154E0,-4.064E0,-2.8702E0));
#2477=LINE('',#2476,#2475);
#2478=DIRECTION('',(0.E0,0.E0,-1.E0));
#2479=VECTOR('',#2478,8.382E-1);
#2480=CARTESIAN_POINT('',(8.9154E0,-4.064E0,-2.032E0));
#2481=LINE('',#2480,#2479);
#2482=DIRECTION('',(0.E0,-1.E0,0.E0));
#2483=VECTOR('',#2482,4.8895E0);
#2484=CARTESIAN_POINT('',(8.9154E0,8.255E-1,-2.032E0));
#2485=LINE('',#2484,#2483);
#2486=DIRECTION('',(1.E0,0.E0,0.E0));
#2487=VECTOR('',#2486,1.3208E0);
#2488=CARTESIAN_POINT('',(7.5946E0,-4.064E0,-2.8702E0));
#2489=LINE('',#2488,#2487);
#2490=DIRECTION('',(1.E0,0.E0,0.E0));
#2491=VECTOR('',#2490,1.3208E0);
#2492=CARTESIAN_POINT('',(7.5946E0,-4.064E0,-2.032E0));
#2493=LINE('',#2492,#2491);
#2494=DIRECTION('',(0.E0,1.E0,0.E0));
#2495=VECTOR('',#2494,8.382E-1);
#2496=CARTESIAN_POINT('',(5.08E0,7.493E0,-8.9154E0));
#2497=LINE('',#2496,#2495);
#2498=DIRECTION('',(0.E0,1.E0,0.E0));
#2499=VECTOR('',#2498,8.382E-1);
#2500=CARTESIAN_POINT('',(5.8801E0,7.493E0,-8.9154E0));
#2501=LINE('',#2500,#2499);
#2502=DIRECTION('',(0.E0,1.E0,0.E0));
#2503=VECTOR('',#2502,8.382E-1);
#2504=CARTESIAN_POINT('',(5.8801E0,7.493E0,-1.0668E1));
#2505=LINE('',#2504,#2503);
#2506=DIRECTION('',(0.E0,1.E0,0.E0));
#2507=VECTOR('',#2506,8.382E-1);
#2508=CARTESIAN_POINT('',(1.06299E1,7.493E0,-1.0668E1));
#2509=LINE('',#2508,#2507);
#2510=DIRECTION('',(0.E0,1.E0,0.E0));
#2511=VECTOR('',#2510,8.382E-1);
#2512=CARTESIAN_POINT('',(1.06299E1,7.493E0,-8.9154E0));
#2513=LINE('',#2512,#2511);
#2514=DIRECTION('',(0.E0,1.E0,0.E0));
#2515=VECTOR('',#2514,8.382E-1);
#2516=CARTESIAN_POINT('',(1.143E1,7.493E0,-8.9154E0));
#2517=LINE('',#2516,#2515);
#2518=DIRECTION('',(0.E0,1.E0,0.E0));
#2519=VECTOR('',#2518,8.382E-1);
#2520=CARTESIAN_POINT('',(1.143E1,7.493E0,-3.7846E0));
#2521=LINE('',#2520,#2519);
#2522=DIRECTION('',(0.E0,1.E0,0.E0));
#2523=VECTOR('',#2522,8.382E-1);
#2524=CARTESIAN_POINT('',(1.06299E1,7.493E0,-3.7846E0));
#2525=LINE('',#2524,#2523);
#2526=DIRECTION('',(0.E0,1.E0,0.E0));
#2527=VECTOR('',#2526,8.382E-1);
#2528=CARTESIAN_POINT('',(1.06299E1,7.493E0,-2.032E0));
#2529=LINE('',#2528,#2527);
#2530=DIRECTION('',(0.E0,1.E0,0.E0));
#2531=VECTOR('',#2530,8.382E-1);
#2532=CARTESIAN_POINT('',(5.8801E0,7.493E0,-2.032E0));
#2533=LINE('',#2532,#2531);
#2534=DIRECTION('',(0.E0,1.E0,0.E0));
#2535=VECTOR('',#2534,8.382E-1);
#2536=CARTESIAN_POINT('',(5.8801E0,7.493E0,-3.7846E0));
#2537=LINE('',#2536,#2535);
#2538=DIRECTION('',(0.E0,1.E0,0.E0));
#2539=VECTOR('',#2538,8.382E-1);
#2540=CARTESIAN_POINT('',(5.08E0,7.493E0,-3.7846E0));
#2541=LINE('',#2540,#2539);
#2542=DIRECTION('',(0.E0,0.E0,1.E0));
#2543=VECTOR('',#2542,5.1308E0);
#2544=CARTESIAN_POINT('',(5.08E0,8.3312E0,-8.9154E0));
#2545=LINE('',#2544,#2543);
#2546=DIRECTION('',(-1.E0,0.E0,0.E0));
#2547=VECTOR('',#2546,8.001E-1);
#2548=CARTESIAN_POINT('',(5.8801E0,8.3312E0,-8.9154E0));
#2549=LINE('',#2548,#2547);
#2550=DIRECTION('',(0.E0,0.E0,1.E0));
#2551=VECTOR('',#2550,1.7526E0);
#2552=CARTESIAN_POINT('',(5.8801E0,8.3312E0,-1.0668E1));
#2553=LINE('',#2552,#2551);
#2554=DIRECTION('',(-1.E0,0.E0,0.E0));
#2555=VECTOR('',#2554,4.7498E0);
#2556=CARTESIAN_POINT('',(1.06299E1,8.3312E0,-1.0668E1));
#2557=LINE('',#2556,#2555);
#2558=DIRECTION('',(0.E0,0.E0,-1.E0));
#2559=VECTOR('',#2558,1.7526E0);
#2560=CARTESIAN_POINT('',(1.06299E1,8.3312E0,-8.9154E0));
#2561=LINE('',#2560,#2559);
#2562=DIRECTION('',(-1.E0,0.E0,0.E0));
#2563=VECTOR('',#2562,8.001E-1);
#2564=CARTESIAN_POINT('',(1.143E1,8.3312E0,-8.9154E0));
#2565=LINE('',#2564,#2563);
#2566=DIRECTION('',(0.E0,0.E0,-1.E0));
#2567=VECTOR('',#2566,5.1308E0);
#2568=CARTESIAN_POINT('',(1.143E1,8.3312E0,-3.7846E0));
#2569=LINE('',#2568,#2567);
#2570=DIRECTION('',(1.E0,0.E0,0.E0));
#2571=VECTOR('',#2570,8.001E-1);
#2572=CARTESIAN_POINT('',(1.06299E1,8.3312E0,-3.7846E0));
#2573=LINE('',#2572,#2571);
#2574=DIRECTION('',(0.E0,0.E0,-1.E0));
#2575=VECTOR('',#2574,1.7526E0);
#2576=CARTESIAN_POINT('',(1.06299E1,8.3312E0,-2.032E0));
#2577=LINE('',#2576,#2575);
#2578=DIRECTION('',(1.E0,0.E0,0.E0));
#2579=VECTOR('',#2578,4.7498E0);
#2580=CARTESIAN_POINT('',(5.8801E0,8.3312E0,-2.032E0));
#2581=LINE('',#2580,#2579);
#2582=DIRECTION('',(0.E0,0.E0,1.E0));
#2583=VECTOR('',#2582,1.7526E0);
#2584=CARTESIAN_POINT('',(5.8801E0,8.3312E0,-3.7846E0));
#2585=LINE('',#2584,#2583);
#2586=DIRECTION('',(1.E0,0.E0,0.E0));
#2587=VECTOR('',#2586,8.001E-1);
#2588=CARTESIAN_POINT('',(5.08E0,8.3312E0,-3.7846E0));
#2589=LINE('',#2588,#2587);
#2590=CARTESIAN_POINT('',(8.255E0,8.3312E0,-6.35E0));
#2591=DIRECTION('',(0.E0,1.E0,0.E0));
#2592=DIRECTION('',(0.E0,0.E0,1.E0));
#2593=AXIS2_PLACEMENT_3D('',#2590,#2591,#2592);
#2595=CARTESIAN_POINT('',(8.255E0,8.3312E0,-6.35E0));
#2596=DIRECTION('',(0.E0,1.E0,0.E0));
#2597=DIRECTION('',(0.E0,0.E0,-1.E0));
#2598=AXIS2_PLACEMENT_3D('',#2595,#2596,#2597);
#2600=CARTESIAN_POINT('',(8.255E0,1.03632E1,-6.35E0));
#2601=DIRECTION('',(0.E0,1.E0,0.E0));
#2602=DIRECTION('',(0.E0,0.E0,1.E0));
#2603=AXIS2_PLACEMENT_3D('',#2600,#2601,#2602);
#2605=DIRECTION('',(0.E0,0.E0,1.E0));
#2606=VECTOR('',#2605,6.4262E0);
#2607=CARTESIAN_POINT('',(5.0419E0,1.03632E1,-9.5631E0));
#2608=LINE('',#2607,#2606);
#2609=DIRECTION('',(1.E0,0.E0,0.E0));
#2610=VECTOR('',#2609,6.4262E0);
#2611=CARTESIAN_POINT('',(5.0419E0,1.03632E1,-3.1369E0));
#2612=LINE('',#2611,#2610);
#2613=DIRECTION('',(0.E0,0.E0,-1.E0));
#2614=VECTOR('',#2613,6.4262E0);
#2615=CARTESIAN_POINT('',(1.14681E1,1.03632E1,-3.1369E0));
#2616=LINE('',#2615,#2614);
#2617=DIRECTION('',(-1.E0,0.E0,0.E0));
#2618=VECTOR('',#2617,6.4262E0);
#2619=CARTESIAN_POINT('',(1.14681E1,1.03632E1,-9.5631E0));
#2620=LINE('',#2619,#2618);
#2621=DIRECTION('',(0.E0,-1.E0,0.E0));
#2622=VECTOR('',#2621,1.778E0);
#2623=CARTESIAN_POINT('',(5.0419E0,1.21412E1,-9.5631E0));
#2624=LINE('',#2623,#2622);
#2625=DIRECTION('',(0.E0,0.E0,1.E0));
#2626=VECTOR('',#2625,1.824561755601E0);
#2627=CARTESIAN_POINT('',(5.0419E0,1.21412E1,-7.262280877800E0));
#2628=LINE('',#2627,#2626);
#2629=DIRECTION('',(1.E0,0.E0,0.E0));
#2630=VECTOR('',#2629,1.824561755601E0);
#2631=CARTESIAN_POINT('',(7.342719122200E0,1.21412E1,-3.1369E0));
#2632=LINE('',#2631,#2630);
#2633=DIRECTION('',(0.E0,0.E0,-1.E0));
#2634=VECTOR('',#2633,1.824561755601E0);
#2635=CARTESIAN_POINT('',(1.14681E1,1.21412E1,-5.437719122200E0));
#2636=LINE('',#2635,#2634);
#2637=DIRECTION('',(-1.E0,0.E0,0.E0));
#2638=VECTOR('',#2637,1.824561755601E0);
#2639=CARTESIAN_POINT('',(9.167280877800E0,1.21412E1,-9.5631E0));
#2640=LINE('',#2639,#2638);
#2641=CARTESIAN_POINT('',(8.255E0,1.21412E1,-6.35E0));
#2642=DIRECTION('',(0.E0,1.E0,0.E0));
#2643=DIRECTION('',(-2.731298098261E-1,0.E0,-9.619771863118E-1));
#2644=AXIS2_PLACEMENT_3D('',#2641,#2642,#2643);
#2646=CARTESIAN_POINT('',(8.255E0,1.21412E1,-6.35E0));
#2647=DIRECTION('',(0.E0,-1.E0,0.E0));
#2648=DIRECTION('',(-2.731298098261E-1,0.E0,-9.619771863118E-1));
#2649=AXIS2_PLACEMENT_3D('',#2646,#2647,#2648);
#2651=DIRECTION('',(0.E0,1.E0,0.E0));
#2652=VECTOR('',#2651,1.524E0);
#2653=CARTESIAN_POINT('',(8.255E0,1.21412E1,-9.6901E0));
#2654=LINE('',#2653,#2652);
#2655=DIRECTION('',(0.E0,1.E0,0.E0));
#2656=VECTOR('',#2655,1.524E0);
#2657=CARTESIAN_POINT('',(8.255E0,1.21412E1,-3.0099E0));
#2658=LINE('',#2657,#2656);
#2659=CARTESIAN_POINT('',(8.255E0,1.21412E1,-6.35E0));
#2660=DIRECTION('',(0.E0,-1.E0,0.E0));
#2661=DIRECTION('',(0.E0,0.E0,1.E0));
#2662=AXIS2_PLACEMENT_3D('',#2659,#2660,#2661);
#2664=CARTESIAN_POINT('',(8.255E0,1.21412E1,-6.35E0));
#2665=DIRECTION('',(0.E0,1.E0,0.E0));
#2666=DIRECTION('',(-9.619771863118E-1,0.E0,2.731298098261E-1));
#2667=AXIS2_PLACEMENT_3D('',#2664,#2665,#2666);
#2669=CARTESIAN_POINT('',(8.255E0,1.21412E1,-6.35E0));
#2670=DIRECTION('',(0.E0,-1.E0,0.E0));
#2671=DIRECTION('',(-9.619771863118E-1,0.E0,2.731298098261E-1));
#2672=AXIS2_PLACEMENT_3D('',#2669,#2670,#2671);
#2674=DIRECTION('',(0.E0,0.E0,-1.E0));
#2675=VECTOR('',#2674,2.300819122200E0);
#2676=CARTESIAN_POINT('',(1.14681E1,1.21412E1,-3.1369E0));
#2677=LINE('',#2676,#2675);
#2678=DIRECTION('',(1.E0,0.E0,0.E0));
#2679=VECTOR('',#2678,2.300819122200E0);
#2680=CARTESIAN_POINT('',(9.167280877800E0,1.21412E1,-3.1369E0));
#2681=LINE('',#2680,#2679);
#2682=DIRECTION('',(-1.E0,0.E0,0.E0));
#2683=VECTOR('',#2682,2.300819122200E0);
#2684=CARTESIAN_POINT('',(1.14681E1,1.21412E1,-9.5631E0));
#2685=LINE('',#2684,#2683);
#2686=DIRECTION('',(0.E0,0.E0,-1.E0));
#2687=VECTOR('',#2686,2.300819122200E0);
#2688=CARTESIAN_POINT('',(1.14681E1,1.21412E1,-7.262280877800E0));
#2689=LINE('',#2688,#2687);
#2690=DIRECTION('',(0.E0,0.E0,1.E0));
#2691=VECTOR('',#2690,2.300819122200E0);
#2692=CARTESIAN_POINT('',(5.0419E0,1.21412E1,-9.5631E0));
#2693=LINE('',#2692,#2691);
#2694=DIRECTION('',(-1.E0,0.E0,0.E0));
#2695=VECTOR('',#2694,2.300819122200E0);
#2696=CARTESIAN_POINT('',(7.342719122200E0,1.21412E1,-9.5631E0));
#2697=LINE('',#2696,#2695);
#2698=DIRECTION('',(1.E0,0.E0,0.E0));
#2699=VECTOR('',#2698,2.300819122200E0);
#2700=CARTESIAN_POINT('',(5.0419E0,1.21412E1,-3.1369E0));
#2701=LINE('',#2700,#2699);
#2702=DIRECTION('',(0.E0,0.E0,1.E0));
#2703=VECTOR('',#2702,2.300819122200E0);
#2704=CARTESIAN_POINT('',(5.0419E0,1.21412E1,-5.437719122200E0));
#2705=LINE('',#2704,#2703);
#2706=CARTESIAN_POINT('',(8.255E0,1.21412E1,-6.35E0));
#2707=DIRECTION('',(0.E0,1.E0,0.E0));
#2708=DIRECTION('',(2.731298098261E-1,0.E0,9.619771863118E-1));
#2709=AXIS2_PLACEMENT_3D('',#2706,#2707,#2708);
#2711=CARTESIAN_POINT('',(8.255E0,1.21412E1,-6.35E0));
#2712=DIRECTION('',(0.E0,1.E0,0.E0));
#2713=DIRECTION('',(0.E0,0.E0,1.E0));
#2714=AXIS2_PLACEMENT_3D('',#2711,#2712,#2713);
#2716=CARTESIAN_POINT('',(8.255E0,1.21412E1,-6.35E0));
#2717=DIRECTION('',(0.E0,1.E0,0.E0));
#2718=DIRECTION('',(2.731298098261E-1,0.E0,-9.619771863118E-1));
#2719=AXIS2_PLACEMENT_3D('',#2716,#2717,#2718);
#2721=CARTESIAN_POINT('',(8.255E0,1.21412E1,-6.35E0));
#2722=DIRECTION('',(0.E0,1.E0,0.E0));
#2723=DIRECTION('',(9.619771863118E-1,0.E0,-2.731298098261E-1));
#2724=AXIS2_PLACEMENT_3D('',#2721,#2722,#2723);
#2726=CARTESIAN_POINT('',(8.255E0,1.21412E1,-6.35E0));
#2727=DIRECTION('',(0.E0,1.E0,0.E0));
#2728=DIRECTION('',(9.619771863118E-1,0.E0,2.731298098261E-1));
#2729=AXIS2_PLACEMENT_3D('',#2726,#2727,#2728);
#2731=CARTESIAN_POINT('',(8.255E0,1.36652E1,-6.35E0));
#2732=DIRECTION('',(0.E0,1.E0,0.E0));
#2733=DIRECTION('',(0.E0,0.E0,1.E0));
#2734=AXIS2_PLACEMENT_3D('',#2731,#2732,#2733);
#2736=CARTESIAN_POINT('',(8.255E0,7.208738281250E0,-6.35E0));
#2737=DIRECTION('',(-1.E0,0.E0,0.E0));
#2738=DIRECTION('',(0.E0,8.881867194431E-1,4.594826997884E-1));
#2739=AXIS2_PLACEMENT_3D('',#2736,#2737,#2738);
#2741=CARTESIAN_POINT('',(8.255E0,1.36652E1,-6.35E0));
#2742=DIRECTION('',(0.E0,-1.E0,0.E0));
#2743=DIRECTION('',(0.E0,0.E0,1.E0));
#2744=AXIS2_PLACEMENT_3D('',#2741,#2742,#2743);
#2746=CARTESIAN_POINT('',(8.255E0,7.208738281250E0,-6.35E0));
#2747=DIRECTION('',(1.E0,0.E0,0.E0));
#2748=DIRECTION('',(0.E0,8.881867194431E-1,-4.594826997884E-1));
#2749=AXIS2_PLACEMENT_3D('',#2746,#2747,#2748);
#2751=DIRECTION('',(0.E0,-1.E0,0.E0));
#2752=VECTOR('',#2751,1.778E0);
#2753=CARTESIAN_POINT('',(1.14681E1,1.21412E1,-3.1369E0));
#2754=LINE('',#2753,#2752);
#2755=DIRECTION('',(0.E0,-1.E0,0.E0));
#2756=VECTOR('',#2755,1.778E0);
#2757=CARTESIAN_POINT('',(1.14681E1,1.21412E1,-9.5631E0));
#2758=LINE('',#2757,#2756);
#2759=DIRECTION('',(0.E0,-1.E0,0.E0));
#2760=VECTOR('',#2759,1.778E0);
#2761=CARTESIAN_POINT('',(5.0419E0,1.21412E1,-3.1369E0));
#2762=LINE('',#2761,#2760);
#2763=CARTESIAN_POINT('',(8.255E0,1.03632E1,-6.35E0));
#2764=DIRECTION('',(0.E0,1.E0,0.E0));
#2765=DIRECTION('',(0.E0,0.E0,-1.E0));
#2766=AXIS2_PLACEMENT_3D('',#2763,#2764,#2765);
#2768=DIRECTION('',(0.E0,1.E0,0.E0));
#2769=VECTOR('',#2768,2.032E0);
#2770=CARTESIAN_POINT('',(8.255E0,8.3312E0,-4.64566E0));
#2771=LINE('',#2770,#2769);
#2772=DIRECTION('',(0.E0,1.E0,0.E0));
#2773=VECTOR('',#2772,2.032E0);
#2774=CARTESIAN_POINT('',(8.255E0,8.3312E0,-8.05434E0));
#2775=LINE('',#2774,#2773);
#2776=DIRECTION('',(0.E0,-1.E0,0.E0));
#2777=VECTOR('',#2776,5.969E0);
#2778=CARTESIAN_POINT('',(1.28397E1,1.3462E1,-4.81965E0));
#2779=LINE('',#2778,#2777);
#2780=DIRECTION('',(0.E0,-1.E0,0.E0));
#2781=VECTOR('',#2780,5.969E0);
#2782=CARTESIAN_POINT('',(1.28397E1,1.3462E1,-7.88035E0));
#2783=LINE('',#2782,#2781);
#2784=DIRECTION('',(0.E0,-1.E0,0.E0));
#2785=VECTOR('',#2784,5.969E0);
#2786=CARTESIAN_POINT('',(1.31445E1,1.3462E1,-4.51485E0));
#2787=LINE('',#2786,#2785);
#2788=DIRECTION('',(0.E0,0.E0,-1.E0));
#2789=VECTOR('',#2788,3.696183940180E0);
#2790=CARTESIAN_POINT('',(1.31445E1,7.493E0,-8.186660598201E-1));
#2791=LINE('',#2790,#2789);
#2792=DIRECTION('',(0.E0,9.925461516413E-1,-1.218693434051E-1));
#2793=VECTOR('',#2792,6.717571761247E0);
#2794=CARTESIAN_POINT('',(1.31445E1,8.255E-1,0.E0));
#2795=LINE('',#2794,#2793);
#2796=DIRECTION('',(0.E0,-1.E0,0.E0));
#2797=VECTOR('',#2796,5.969E0);
#2798=CARTESIAN_POINT('',(1.31445E1,1.3462E1,-8.18515E0));
#2799=LINE('',#2798,#2797);
#2800=DIRECTION('',(0.E0,-9.925461516413E-1,-1.218693434051E-1));
#2801=VECTOR('',#2800,6.717571761247E0);
#2802=CARTESIAN_POINT('',(1.31445E1,7.493E0,-1.188133394018E1));
#2803=LINE('',#2802,#2801);
#2804=DIRECTION('',(0.E0,0.E0,-1.E0));
#2805=VECTOR('',#2804,3.696183940180E0);
#2806=CARTESIAN_POINT('',(1.31445E1,7.493E0,-8.18515E0));
#2807=LINE('',#2806,#2805);
#2808=DIRECTION('',(7.071067811866E-1,0.E0,7.071067811865E-1));
#2809=VECTOR('',#2808,4.310522938113E-1);
#2810=CARTESIAN_POINT('',(1.98755E1,7.493E0,-8.18515E0));
#2811=LINE('',#2810,#2809);
#2812=DIRECTION('',(0.E0,0.E0,1.E0));
#2813=VECTOR('',#2812,3.0607E0);
#2814=CARTESIAN_POINT('',(2.01803E1,7.493E0,-7.88035E0));
#2815=LINE('',#2814,#2813);
#2816=DIRECTION('',(-7.071067811865E-1,0.E0,7.071067811865E-1));
#2817=VECTOR('',#2816,4.310522938113E-1);
#2818=CARTESIAN_POINT('',(2.01803E1,7.493E0,-4.81965E0));
#2819=LINE('',#2818,#2817);
#2820=DIRECTION('',(-1.E0,0.E0,0.E0));
#2821=VECTOR('',#2820,6.731E0);
#2822=CARTESIAN_POINT('',(1.98755E1,7.493E0,-8.186660598201E-1));
#2823=LINE('',#2822,#2821);
#2824=DIRECTION('',(-7.071067811865E-1,0.E0,-7.071067811865E-1));
#2825=VECTOR('',#2824,4.310522938113E-1);
#2826=CARTESIAN_POINT('',(1.31445E1,7.493E0,-4.51485E0));
#2827=LINE('',#2826,#2825);
#2828=DIRECTION('',(0.E0,0.E0,-1.E0));
#2829=VECTOR('',#2828,3.0607E0);
#2830=CARTESIAN_POINT('',(1.28397E1,7.493E0,-4.81965E0));
#2831=LINE('',#2830,#2829);
#2832=DIRECTION('',(7.071067811866E-1,0.E0,-7.071067811865E-1));
#2833=VECTOR('',#2832,4.310522938113E-1);
#2834=CARTESIAN_POINT('',(1.28397E1,7.493E0,-7.88035E0));
#2835=LINE('',#2834,#2833);
#2836=DIRECTION('',(0.E0,0.E0,1.E0));
#2837=VECTOR('',#2836,5.1308E0);
#2838=CARTESIAN_POINT('',(1.3335E1,7.493E0,-8.9154E0));
#2839=LINE('',#2838,#2837);
#2840=DIRECTION('',(1.E0,0.E0,0.E0));
#2841=VECTOR('',#2840,8.001E-1);
#2842=CARTESIAN_POINT('',(1.3335E1,7.493E0,-3.7846E0));
#2843=LINE('',#2842,#2841);
#2844=DIRECTION('',(0.E0,0.E0,1.E0));
#2845=VECTOR('',#2844,1.7526E0);
#2846=CARTESIAN_POINT('',(1.41351E1,7.493E0,-3.7846E0));
#2847=LINE('',#2846,#2845);
#2848=DIRECTION('',(1.E0,0.E0,0.E0));
#2849=VECTOR('',#2848,4.7498E0);
#2850=CARTESIAN_POINT('',(1.41351E1,7.493E0,-2.032E0));
#2851=LINE('',#2850,#2849);
#2852=DIRECTION('',(0.E0,0.E0,-1.E0));
#2853=VECTOR('',#2852,1.7526E0);
#2854=CARTESIAN_POINT('',(1.88849E1,7.493E0,-2.032E0));
#2855=LINE('',#2854,#2853);
#2856=DIRECTION('',(1.E0,0.E0,0.E0));
#2857=VECTOR('',#2856,8.001E-1);
#2858=CARTESIAN_POINT('',(1.88849E1,7.493E0,-3.7846E0));
#2859=LINE('',#2858,#2857);
#2860=DIRECTION('',(0.E0,0.E0,-1.E0));
#2861=VECTOR('',#2860,5.1308E0);
#2862=CARTESIAN_POINT('',(1.9685E1,7.493E0,-3.7846E0));
#2863=LINE('',#2862,#2861);
#2864=DIRECTION('',(-1.E0,0.E0,0.E0));
#2865=VECTOR('',#2864,8.001E-1);
#2866=CARTESIAN_POINT('',(1.9685E1,7.493E0,-8.9154E0));
#2867=LINE('',#2866,#2865);
#2868=DIRECTION('',(0.E0,0.E0,-1.E0));
#2869=VECTOR('',#2868,1.7526E0);
#2870=CARTESIAN_POINT('',(1.88849E1,7.493E0,-8.9154E0));
#2871=LINE('',#2870,#2869);
#2872=DIRECTION('',(-1.E0,0.E0,0.E0));
#2873=VECTOR('',#2872,4.7498E0);
#2874=CARTESIAN_POINT('',(1.88849E1,7.493E0,-1.0668E1));
#2875=LINE('',#2874,#2873);
#2876=DIRECTION('',(0.E0,0.E0,1.E0));
#2877=VECTOR('',#2876,1.7526E0);
#2878=CARTESIAN_POINT('',(1.41351E1,7.493E0,-1.0668E1));
#2879=LINE('',#2878,#2877);
#2880=DIRECTION('',(-1.E0,0.E0,0.E0));
#2881=VECTOR('',#2880,8.001E-1);
#2882=CARTESIAN_POINT('',(1.41351E1,7.493E0,-8.9154E0));
#2883=LINE('',#2882,#2881);
#2884=DIRECTION('',(0.E0,-1.E0,0.E0));
#2885=VECTOR('',#2884,5.969E0);
#2886=CARTESIAN_POINT('',(1.98755E1,1.3462E1,-8.18515E0));
#2887=LINE('',#2886,#2885);
#2888=DIRECTION('',(0.E0,0.E0,-1.E0));
#2889=VECTOR('',#2888,3.696183940180E0);
#2890=CARTESIAN_POINT('',(1.98755E1,7.493E0,-8.18515E0));
#2891=LINE('',#2890,#2889);
#2892=DIRECTION('',(0.E0,-9.925461516413E-1,-1.218693434051E-1));
#2893=VECTOR('',#2892,6.717571761247E0);
#2894=CARTESIAN_POINT('',(1.98755E1,7.493E0,-1.188133394018E1));
#2895=LINE('',#2894,#2893);
#2896=DIRECTION('',(0.E0,-1.E0,0.E0));
#2897=VECTOR('',#2896,5.969E0);
#2898=CARTESIAN_POINT('',(1.98755E1,1.3462E1,-4.51485E0));
#2899=LINE('',#2898,#2897);
#2900=DIRECTION('',(0.E0,9.925461516413E-1,-1.218693434051E-1));
#2901=VECTOR('',#2900,6.717571761247E0);
#2902=CARTESIAN_POINT('',(1.98755E1,8.255E-1,0.E0));
#2903=LINE('',#2902,#2901);
#2904=DIRECTION('',(0.E0,0.E0,-1.E0));
#2905=VECTOR('',#2904,3.696183940180E0);
#2906=CARTESIAN_POINT('',(1.98755E1,7.493E0,-8.186660598201E-1));
#2907=LINE('',#2906,#2905);
#2908=DIRECTION('',(0.E0,-1.E0,0.E0));
#2909=VECTOR('',#2908,5.969E0);
#2910=CARTESIAN_POINT('',(2.01803E1,1.3462E1,-7.88035E0));
#2911=LINE('',#2910,#2909);
#2912=DIRECTION('',(0.E0,-1.E0,0.E0));
#2913=VECTOR('',#2912,5.969E0);
#2914=CARTESIAN_POINT('',(2.01803E1,1.3462E1,-4.81965E0));
#2915=LINE('',#2914,#2913);
#2916=DIRECTION('',(-1.E0,0.E0,0.E0));
#2917=VECTOR('',#2916,6.731E0);
#2918=CARTESIAN_POINT('',(1.98755E1,7.493E0,-1.188133394018E1));
#2919=LINE('',#2918,#2917);
#2920=DIRECTION('',(0.E0,1.E0,0.E0));
#2921=VECTOR('',#2920,8.382E-1);
#2922=CARTESIAN_POINT('',(1.3335E1,7.493E0,-8.9154E0));
#2923=LINE('',#2922,#2921);
#2924=DIRECTION('',(0.E0,1.E0,0.E0));
#2925=VECTOR('',#2924,8.382E-1);
#2926=CARTESIAN_POINT('',(1.41351E1,7.493E0,-8.9154E0));
#2927=LINE('',#2926,#2925);
#2928=DIRECTION('',(0.E0,1.E0,0.E0));
#2929=VECTOR('',#2928,8.382E-1);
#2930=CARTESIAN_POINT('',(1.41351E1,7.493E0,-1.0668E1));
#2931=LINE('',#2930,#2929);
#2932=DIRECTION('',(0.E0,1.E0,0.E0));
#2933=VECTOR('',#2932,8.382E-1);
#2934=CARTESIAN_POINT('',(1.88849E1,7.493E0,-1.0668E1));
#2935=LINE('',#2934,#2933);
#2936=DIRECTION('',(0.E0,1.E0,0.E0));
#2937=VECTOR('',#2936,8.382E-1);
#2938=CARTESIAN_POINT('',(1.88849E1,7.493E0,-8.9154E0));
#2939=LINE('',#2938,#2937);
#2940=DIRECTION('',(0.E0,1.E0,0.E0));
#2941=VECTOR('',#2940,8.382E-1);
#2942=CARTESIAN_POINT('',(1.9685E1,7.493E0,-8.9154E0));
#2943=LINE('',#2942,#2941);
#2944=DIRECTION('',(0.E0,1.E0,0.E0));
#2945=VECTOR('',#2944,8.382E-1);
#2946=CARTESIAN_POINT('',(1.9685E1,7.493E0,-3.7846E0));
#2947=LINE('',#2946,#2945);
#2948=DIRECTION('',(0.E0,1.E0,0.E0));
#2949=VECTOR('',#2948,8.382E-1);
#2950=CARTESIAN_POINT('',(1.88849E1,7.493E0,-3.7846E0));
#2951=LINE('',#2950,#2949);
#2952=DIRECTION('',(0.E0,1.E0,0.E0));
#2953=VECTOR('',#2952,8.382E-1);
#2954=CARTESIAN_POINT('',(1.88849E1,7.493E0,-2.032E0));
#2955=LINE('',#2954,#2953);
#2956=DIRECTION('',(0.E0,1.E0,0.E0));
#2957=VECTOR('',#2956,8.382E-1);
#2958=CARTESIAN_POINT('',(1.41351E1,7.493E0,-2.032E0));
#2959=LINE('',#2958,#2957);
#2960=DIRECTION('',(0.E0,1.E0,0.E0));
#2961=VECTOR('',#2960,8.382E-1);
#2962=CARTESIAN_POINT('',(1.41351E1,7.493E0,-3.7846E0));
#2963=LINE('',#2962,#2961);
#2964=DIRECTION('',(0.E0,1.E0,0.E0));
#2965=VECTOR('',#2964,8.382E-1);
#2966=CARTESIAN_POINT('',(1.3335E1,7.493E0,-3.7846E0));
#2967=LINE('',#2966,#2965);
#2968=DIRECTION('',(0.E0,0.E0,1.E0));
#2969=VECTOR('',#2968,5.1308E0);
#2970=CARTESIAN_POINT('',(1.3335E1,8.3312E0,-8.9154E0));
#2971=LINE('',#2970,#2969);
#2972=DIRECTION('',(-1.E0,0.E0,0.E0));
#2973=VECTOR('',#2972,8.001E-1);
#2974=CARTESIAN_POINT('',(1.41351E1,8.3312E0,-8.9154E0));
#2975=LINE('',#2974,#2973);
#2976=DIRECTION('',(0.E0,0.E0,1.E0));
#2977=VECTOR('',#2976,1.7526E0);
#2978=CARTESIAN_POINT('',(1.41351E1,8.3312E0,-1.0668E1));
#2979=LINE('',#2978,#2977);
#2980=DIRECTION('',(-1.E0,0.E0,0.E0));
#2981=VECTOR('',#2980,4.7498E0);
#2982=CARTESIAN_POINT('',(1.88849E1,8.3312E0,-1.0668E1));
#2983=LINE('',#2982,#2981);
#2984=DIRECTION('',(0.E0,0.E0,-1.E0));
#2985=VECTOR('',#2984,1.7526E0);
#2986=CARTESIAN_POINT('',(1.88849E1,8.3312E0,-8.9154E0));
#2987=LINE('',#2986,#2985);
#2988=DIRECTION('',(-1.E0,0.E0,0.E0));
#2989=VECTOR('',#2988,8.001E-1);
#2990=CARTESIAN_POINT('',(1.9685E1,8.3312E0,-8.9154E0));
#2991=LINE('',#2990,#2989);
#2992=DIRECTION('',(0.E0,0.E0,-1.E0));
#2993=VECTOR('',#2992,5.1308E0);
#2994=CARTESIAN_POINT('',(1.9685E1,8.3312E0,-3.7846E0));
#2995=LINE('',#2994,#2993);
#2996=DIRECTION('',(1.E0,0.E0,0.E0));
#2997=VECTOR('',#2996,8.001E-1);
#2998=CARTESIAN_POINT('',(1.88849E1,8.3312E0,-3.7846E0));
#2999=LINE('',#2998,#2997);
#3000=DIRECTION('',(0.E0,0.E0,-1.E0));
#3001=VECTOR('',#3000,1.7526E0);
#3002=CARTESIAN_POINT('',(1.88849E1,8.3312E0,-2.032E0));
#3003=LINE('',#3002,#3001);
#3004=DIRECTION('',(1.E0,0.E0,0.E0));
#3005=VECTOR('',#3004,4.7498E0);
#3006=CARTESIAN_POINT('',(1.41351E1,8.3312E0,-2.032E0));
#3007=LINE('',#3006,#3005);
#3008=DIRECTION('',(0.E0,0.E0,1.E0));
#3009=VECTOR('',#3008,1.7526E0);
#3010=CARTESIAN_POINT('',(1.41351E1,8.3312E0,-3.7846E0));
#3011=LINE('',#3010,#3009);
#3012=DIRECTION('',(1.E0,0.E0,0.E0));
#3013=VECTOR('',#3012,8.001E-1);
#3014=CARTESIAN_POINT('',(1.3335E1,8.3312E0,-3.7846E0));
#3015=LINE('',#3014,#3013);
#3016=CARTESIAN_POINT('',(1.651E1,8.3312E0,-6.35E0));
#3017=DIRECTION('',(0.E0,1.E0,0.E0));
#3018=DIRECTION('',(0.E0,0.E0,1.E0));
#3019=AXIS2_PLACEMENT_3D('',#3016,#3017,#3018);
#3021=CARTESIAN_POINT('',(1.651E1,8.3312E0,-6.35E0));
#3022=DIRECTION('',(0.E0,1.E0,0.E0));
#3023=DIRECTION('',(0.E0,0.E0,-1.E0));
#3024=AXIS2_PLACEMENT_3D('',#3021,#3022,#3023);
#3026=CARTESIAN_POINT('',(1.651E1,1.03632E1,-6.35E0));
#3027=DIRECTION('',(0.E0,1.E0,0.E0));
#3028=DIRECTION('',(0.E0,0.E0,1.E0));
#3029=AXIS2_PLACEMENT_3D('',#3026,#3027,#3028);
#3031=DIRECTION('',(0.E0,0.E0,1.E0));
#3032=VECTOR('',#3031,6.4262E0);
#3033=CARTESIAN_POINT('',(1.32969E1,1.03632E1,-9.5631E0));
#3034=LINE('',#3033,#3032);
#3035=DIRECTION('',(1.E0,0.E0,0.E0));
#3036=VECTOR('',#3035,6.4262E0);
#3037=CARTESIAN_POINT('',(1.32969E1,1.03632E1,-3.1369E0));
#3038=LINE('',#3037,#3036);
#3039=DIRECTION('',(0.E0,0.E0,-1.E0));
#3040=VECTOR('',#3039,6.4262E0);
#3041=CARTESIAN_POINT('',(1.97231E1,1.03632E1,-3.1369E0));
#3042=LINE('',#3041,#3040);
#3043=DIRECTION('',(-1.E0,0.E0,0.E0));
#3044=VECTOR('',#3043,6.4262E0);
#3045=CARTESIAN_POINT('',(1.97231E1,1.03632E1,-9.5631E0));
#3046=LINE('',#3045,#3044);
#3047=DIRECTION('',(0.E0,-1.E0,0.E0));
#3048=VECTOR('',#3047,1.778E0);
#3049=CARTESIAN_POINT('',(1.32969E1,1.21412E1,-9.5631E0));
#3050=LINE('',#3049,#3048);
#3051=DIRECTION('',(0.E0,0.E0,1.E0));
#3052=VECTOR('',#3051,1.824561755601E0);
#3053=CARTESIAN_POINT('',(1.32969E1,1.21412E1,-7.262280877800E0));
#3054=LINE('',#3053,#3052);
#3055=DIRECTION('',(1.E0,0.E0,0.E0));
#3056=VECTOR('',#3055,1.824561755601E0);
#3057=CARTESIAN_POINT('',(1.559771912220E1,1.21412E1,-3.1369E0));
#3058=LINE('',#3057,#3056);
#3059=DIRECTION('',(0.E0,0.E0,-1.E0));
#3060=VECTOR('',#3059,1.824561755600E0);
#3061=CARTESIAN_POINT('',(1.97231E1,1.21412E1,-5.437719122200E0));
#3062=LINE('',#3061,#3060);
#3063=DIRECTION('',(-1.E0,0.E0,0.E0));
#3064=VECTOR('',#3063,1.824561755600E0);
#3065=CARTESIAN_POINT('',(1.742228087780E1,1.21412E1,-9.5631E0));
#3066=LINE('',#3065,#3064);
#3067=CARTESIAN_POINT('',(1.651E1,1.21412E1,-6.35E0));
#3068=DIRECTION('',(0.E0,1.E0,0.E0));
#3069=DIRECTION('',(-2.731298098261E-1,0.E0,-9.619771863118E-1));
#3070=AXIS2_PLACEMENT_3D('',#3067,#3068,#3069);
#3072=CARTESIAN_POINT('',(1.651E1,1.21412E1,-6.35E0));
#3073=DIRECTION('',(0.E0,-1.E0,0.E0));
#3074=DIRECTION('',(-2.731298098261E-1,0.E0,-9.619771863118E-1));
#3075=AXIS2_PLACEMENT_3D('',#3072,#3073,#3074);
#3077=DIRECTION('',(0.E0,1.E0,0.E0));
#3078=VECTOR('',#3077,1.524E0);
#3079=CARTESIAN_POINT('',(1.651E1,1.21412E1,-9.6901E0));
#3080=LINE('',#3079,#3078);
#3081=DIRECTION('',(0.E0,1.E0,0.E0));
#3082=VECTOR('',#3081,1.524E0);
#3083=CARTESIAN_POINT('',(1.651E1,1.21412E1,-3.0099E0));
#3084=LINE('',#3083,#3082);
#3085=CARTESIAN_POINT('',(1.651E1,1.21412E1,-6.35E0));
#3086=DIRECTION('',(0.E0,-1.E0,0.E0));
#3087=DIRECTION('',(0.E0,0.E0,1.E0));
#3088=AXIS2_PLACEMENT_3D('',#3085,#3086,#3087);
#3090=CARTESIAN_POINT('',(1.651E1,1.21412E1,-6.35E0));
#3091=DIRECTION('',(0.E0,1.E0,0.E0));
#3092=DIRECTION('',(-9.619771863118E-1,0.E0,2.731298098261E-1));
#3093=AXIS2_PLACEMENT_3D('',#3090,#3091,#3092);
#3095=CARTESIAN_POINT('',(1.651E1,1.21412E1,-6.35E0));
#3096=DIRECTION('',(0.E0,-1.E0,0.E0));
#3097=DIRECTION('',(-9.619771863118E-1,0.E0,2.731298098261E-1));
#3098=AXIS2_PLACEMENT_3D('',#3095,#3096,#3097);
#3100=DIRECTION('',(0.E0,0.E0,-1.E0));
#3101=VECTOR('',#3100,2.300819122200E0);
#3102=CARTESIAN_POINT('',(1.97231E1,1.21412E1,-3.1369E0));
#3103=LINE('',#3102,#3101);
#3104=DIRECTION('',(1.E0,0.E0,0.E0));
#3105=VECTOR('',#3104,2.300819122200E0);
#3106=CARTESIAN_POINT('',(1.742228087780E1,1.21412E1,-3.1369E0));
#3107=LINE('',#3106,#3105);
#3108=DIRECTION('',(-1.E0,0.E0,0.E0));
#3109=VECTOR('',#3108,2.300819122200E0);
#3110=CARTESIAN_POINT('',(1.97231E1,1.21412E1,-9.5631E0));
#3111=LINE('',#3110,#3109);
#3112=DIRECTION('',(0.E0,0.E0,-1.E0));
#3113=VECTOR('',#3112,2.300819122200E0);
#3114=CARTESIAN_POINT('',(1.97231E1,1.21412E1,-7.262280877800E0));
#3115=LINE('',#3114,#3113);
#3116=DIRECTION('',(0.E0,0.E0,1.E0));
#3117=VECTOR('',#3116,2.300819122200E0);
#3118=CARTESIAN_POINT('',(1.32969E1,1.21412E1,-9.5631E0));
#3119=LINE('',#3118,#3117);
#3120=DIRECTION('',(-1.E0,0.E0,0.E0));
#3121=VECTOR('',#3120,2.300819122200E0);
#3122=CARTESIAN_POINT('',(1.559771912220E1,1.21412E1,-9.5631E0));
#3123=LINE('',#3122,#3121);
#3124=DIRECTION('',(1.E0,0.E0,0.E0));
#3125=VECTOR('',#3124,2.300819122200E0);
#3126=CARTESIAN_POINT('',(1.32969E1,1.21412E1,-3.1369E0));
#3127=LINE('',#3126,#3125);
#3128=DIRECTION('',(0.E0,0.E0,1.E0));
#3129=VECTOR('',#3128,2.300819122200E0);
#3130=CARTESIAN_POINT('',(1.32969E1,1.21412E1,-5.437719122200E0));
#3131=LINE('',#3130,#3129);
#3132=CARTESIAN_POINT('',(1.651E1,1.21412E1,-6.35E0));
#3133=DIRECTION('',(0.E0,1.E0,0.E0));
#3134=DIRECTION('',(2.731298098261E-1,0.E0,9.619771863118E-1));
#3135=AXIS2_PLACEMENT_3D('',#3132,#3133,#3134);
#3137=CARTESIAN_POINT('',(1.651E1,1.21412E1,-6.35E0));
#3138=DIRECTION('',(0.E0,1.E0,0.E0));
#3139=DIRECTION('',(0.E0,0.E0,1.E0));
#3140=AXIS2_PLACEMENT_3D('',#3137,#3138,#3139);
#3142=CARTESIAN_POINT('',(1.651E1,1.21412E1,-6.35E0));
#3143=DIRECTION('',(0.E0,1.E0,0.E0));
#3144=DIRECTION('',(2.731298098261E-1,0.E0,-9.619771863118E-1));
#3145=AXIS2_PLACEMENT_3D('',#3142,#3143,#3144);
#3147=CARTESIAN_POINT('',(1.651E1,1.21412E1,-6.35E0));
#3148=DIRECTION('',(0.E0,1.E0,0.E0));
#3149=DIRECTION('',(9.619771863118E-1,0.E0,-2.731298098261E-1));
#3150=AXIS2_PLACEMENT_3D('',#3147,#3148,#3149);
#3152=CARTESIAN_POINT('',(1.651E1,1.21412E1,-6.35E0));
#3153=DIRECTION('',(0.E0,1.E0,0.E0));
#3154=DIRECTION('',(9.619771863118E-1,0.E0,2.731298098261E-1));
#3155=AXIS2_PLACEMENT_3D('',#3152,#3153,#3154);
#3157=CARTESIAN_POINT('',(1.651E1,1.36652E1,-6.35E0));
#3158=DIRECTION('',(0.E0,1.E0,0.E0));
#3159=DIRECTION('',(0.E0,0.E0,1.E0));
#3160=AXIS2_PLACEMENT_3D('',#3157,#3158,#3159);
#3162=CARTESIAN_POINT('',(1.651E1,7.208738281250E0,-6.35E0));
#3163=DIRECTION('',(-1.E0,0.E0,0.E0));
#3164=DIRECTION('',(0.E0,8.881867194431E-1,4.594826997884E-1));
#3165=AXIS2_PLACEMENT_3D('',#3162,#3163,#3164);
#3167=CARTESIAN_POINT('',(1.651E1,1.36652E1,-6.35E0));
#3168=DIRECTION('',(0.E0,-1.E0,0.E0));
#3169=DIRECTION('',(0.E0,0.E0,1.E0));
#3170=AXIS2_PLACEMENT_3D('',#3167,#3168,#3169);
#3172=CARTESIAN_POINT('',(1.651E1,7.208738281250E0,-6.35E0));
#3173=DIRECTION('',(1.E0,0.E0,0.E0));
#3174=DIRECTION('',(0.E0,8.881867194431E-1,-4.594826997884E-1));
#3175=AXIS2_PLACEMENT_3D('',#3172,#3173,#3174);
#3177=DIRECTION('',(0.E0,-1.E0,0.E0));
#3178=VECTOR('',#3177,1.778E0);
#3179=CARTESIAN_POINT('',(1.97231E1,1.21412E1,-3.1369E0));
#3180=LINE('',#3179,#3178);
#3181=DIRECTION('',(0.E0,-1.E0,0.E0));
#3182=VECTOR('',#3181,1.778E0);
#3183=CARTESIAN_POINT('',(1.97231E1,1.21412E1,-9.5631E0));
#3184=LINE('',#3183,#3182);
#3185=DIRECTION('',(0.E0,-1.E0,0.E0));
#3186=VECTOR('',#3185,1.778E0);
#3187=CARTESIAN_POINT('',(1.32969E1,1.21412E1,-3.1369E0));
#3188=LINE('',#3187,#3186);
#3189=CARTESIAN_POINT('',(1.651E1,1.03632E1,-6.35E0));
#3190=DIRECTION('',(0.E0,1.E0,0.E0));
#3191=DIRECTION('',(0.E0,0.E0,-1.E0));
#3192=AXIS2_PLACEMENT_3D('',#3189,#3190,#3191);
#3194=DIRECTION('',(0.E0,1.E0,0.E0));
#3195=VECTOR('',#3194,2.032E0);
#3196=CARTESIAN_POINT('',(1.651E1,8.3312E0,-4.64566E0));
#3197=LINE('',#3196,#3195);
#3198=DIRECTION('',(0.E0,1.E0,0.E0));
#3199=VECTOR('',#3198,2.032E0);
#3200=CARTESIAN_POINT('',(1.651E1,8.3312E0,-8.05434E0));
#3201=LINE('',#3200,#3199);
#3202=DIRECTION('',(0.E0,0.E0,-1.E0));
#3203=VECTOR('',#3202,1.27E1);
#3204=CARTESIAN_POINT('',(-1.31445E1,8.255E-1,0.E0));
#3205=LINE('',#3204,#3203);
#3206=DIRECTION('',(0.E0,0.E0,-1.E0));
#3207=VECTOR('',#3206,1.27E1);
#3208=CARTESIAN_POINT('',(1.31445E1,8.255E-1,0.E0));
#3209=LINE('',#3208,#3207);
#3210=DIRECTION('',(0.E0,-1.E0,0.E0));
#3211=VECTOR('',#3210,4.8895E0);
#3212=CARTESIAN_POINT('',(1.58496E1,8.255E-1,-2.032E0));
#3213=LINE('',#3212,#3211);
#3214=DIRECTION('',(0.E0,0.E0,-1.E0));
#3215=VECTOR('',#3214,8.382E-1);
#3216=CARTESIAN_POINT('',(1.58496E1,-4.064E0,-2.032E0));
#3217=LINE('',#3216,#3215);
#3218=DIRECTION('',(0.E0,1.E0,0.E0));
#3219=VECTOR('',#3218,4.8895E0);
#3220=CARTESIAN_POINT('',(1.58496E1,-4.064E0,-2.8702E0));
#3221=LINE('',#3220,#3219);
#3222=DIRECTION('',(0.E0,1.E0,0.E0));
#3223=VECTOR('',#3222,4.8895E0);
#3224=CARTESIAN_POINT('',(1.71704E1,-4.064E0,-2.8702E0));
#3225=LINE('',#3224,#3223);
#3226=DIRECTION('',(0.E0,0.E0,-1.E0));
#3227=VECTOR('',#3226,8.382E-1);
#3228=CARTESIAN_POINT('',(1.71704E1,-4.064E0,-2.032E0));
#3229=LINE('',#3228,#3227);
#3230=DIRECTION('',(0.E0,-1.E0,0.E0));
#3231=VECTOR('',#3230,4.8895E0);
#3232=CARTESIAN_POINT('',(1.71704E1,8.255E-1,-2.032E0));
#3233=LINE('',#3232,#3231);
#3234=DIRECTION('',(1.E0,0.E0,0.E0));
#3235=VECTOR('',#3234,1.3208E0);
#3236=CARTESIAN_POINT('',(1.58496E1,-4.064E0,-2.8702E0));
#3237=LINE('',#3236,#3235);
#3238=DIRECTION('',(1.E0,0.E0,0.E0));
#3239=VECTOR('',#3238,1.3208E0);
#3240=CARTESIAN_POINT('',(1.58496E1,-4.064E0,-2.032E0));
#3241=LINE('',#3240,#3239);
#3242=DIRECTION('',(0.E0,-1.E0,0.E0));
#3243=VECTOR('',#3242,4.8895E0);
#3244=CARTESIAN_POINT('',(-1.71704E1,8.255E-1,-2.032E0));
#3245=LINE('',#3244,#3243);
#3246=DIRECTION('',(0.E0,0.E0,-1.E0));
#3247=VECTOR('',#3246,8.382E-1);
#3248=CARTESIAN_POINT('',(-1.71704E1,-4.064E0,-2.032E0));
#3249=LINE('',#3248,#3247);
#3250=DIRECTION('',(0.E0,1.E0,0.E0));
#3251=VECTOR('',#3250,4.8895E0);
#3252=CARTESIAN_POINT('',(-1.71704E1,-4.064E0,-2.8702E0));
#3253=LINE('',#3252,#3251);
#3254=DIRECTION('',(0.E0,1.E0,0.E0));
#3255=VECTOR('',#3254,4.8895E0);
#3256=CARTESIAN_POINT('',(-1.58496E1,-4.064E0,-2.8702E0));
#3257=LINE('',#3256,#3255);
#3258=DIRECTION('',(0.E0,0.E0,-1.E0));
#3259=VECTOR('',#3258,8.382E-1);
#3260=CARTESIAN_POINT('',(-1.58496E1,-4.064E0,-2.032E0));
#3261=LINE('',#3260,#3259);
#3262=DIRECTION('',(0.E0,-1.E0,0.E0));
#3263=VECTOR('',#3262,4.8895E0);
#3264=CARTESIAN_POINT('',(-1.58496E1,8.255E-1,-2.032E0));
#3265=LINE('',#3264,#3263);
#3266=DIRECTION('',(1.E0,0.E0,0.E0));
#3267=VECTOR('',#3266,1.3208E0);
#3268=CARTESIAN_POINT('',(-1.71704E1,-4.064E0,-2.8702E0));
#3269=LINE('',#3268,#3267);
#3270=DIRECTION('',(1.E0,0.E0,0.E0));
#3271=VECTOR('',#3270,1.3208E0);
#3272=CARTESIAN_POINT('',(-1.71704E1,-4.064E0,-2.032E0));
#3273=LINE('',#3272,#3271);
#3274=CARTESIAN_POINT('',(2.1463E1,0.E0,0.E0));
#3275=CARTESIAN_POINT('',(2.1463E1,1.18618E1,0.E0));
#3276=VERTEX_POINT('',#3274);
#3277=VERTEX_POINT('',#3275);
#3278=CARTESIAN_POINT('',(2.1463E1,1.3462E1,-1.6002E0));
#3279=CARTESIAN_POINT('',(2.1463E1,1.3462E1,-1.10998E1));
#3280=VERTEX_POINT('',#3278);
#3281=VERTEX_POINT('',#3279);
#3282=CARTESIAN_POINT('',(2.1463E1,1.18618E1,-1.27E1));
#3283=CARTESIAN_POINT('',(2.1463E1,0.E0,-1.27E1));
#3284=VERTEX_POINT('',#3282);
#3285=VERTEX_POINT('',#3283);
#3286=CARTESIAN_POINT('',(-2.1463E1,0.E0,0.E0));
#3287=CARTESIAN_POINT('',(-2.1463E1,1.18618E1,0.E0));
#3288=VERTEX_POINT('',#3286);
#3289=VERTEX_POINT('',#3287);
#3290=CARTESIAN_POINT('',(-2.1463E1,1.3462E1,-1.6002E0));
#3291=CARTESIAN_POINT('',(-2.1463E1,1.3462E1,-1.10998E1));
#3292=VERTEX_POINT('',#3290);
#3293=VERTEX_POINT('',#3291);
#3294=CARTESIAN_POINT('',(-2.1463E1,1.18618E1,-1.27E1));
#3295=CARTESIAN_POINT('',(-2.1463E1,0.E0,-1.27E1));
#3296=VERTEX_POINT('',#3294);
#3297=VERTEX_POINT('',#3295);
#3298=CARTESIAN_POINT('',(-1.98755E1,0.E0,0.E0));
#3299=VERTEX_POINT('',#3298);
#3300=CARTESIAN_POINT('',(-1.98755E1,0.E0,-1.27E1));
#3301=VERTEX_POINT('',#3300);
#3302=CARTESIAN_POINT('',(-1.31445E1,8.255E-1,0.E0));
#3303=CARTESIAN_POINT('',(-1.31445E1,1.18618E1,0.E0));
#3304=VERTEX_POINT('',#3302);
#3305=VERTEX_POINT('',#3303);
#3306=CARTESIAN_POINT('',(-1.31445E1,8.255E-1,-1.27E1));
#3307=CARTESIAN_POINT('',(-1.31445E1,1.18618E1,-1.27E1));
#3308=VERTEX_POINT('',#3306);
#3309=VERTEX_POINT('',#3307);
#3310=CARTESIAN_POINT('',(-1.31445E1,1.3462E1,-1.6002E0));
#3311=VERTEX_POINT('',#3310);
#3312=CARTESIAN_POINT('',(-1.31445E1,1.3462E1,-1.10998E1));
#3313=VERTEX_POINT('',#3312);
#3314=CARTESIAN_POINT('',(-1.98755E1,1.18618E1,0.E0));
#3315=VERTEX_POINT('',#3314);
#3316=CARTESIAN_POINT('',(-1.98755E1,1.3462E1,-1.6002E0));
#3317=VERTEX_POINT('',#3316);
#3318=CARTESIAN_POINT('',(-1.98755E1,1.3462E1,-1.10998E1));
#3319=VERTEX_POINT('',#3318);
#3320=CARTESIAN_POINT('',(-1.98755E1,1.18618E1,-1.27E1));
#3321=VERTEX_POINT('',#3320);
#3322=CARTESIAN_POINT('',(-1.31445E1,1.3462E1,-8.18515E0));
#3323=VERTEX_POINT('',#3322);
#3324=CARTESIAN_POINT('',(-1.31445E1,1.3462E1,-4.51485E0));
#3325=VERTEX_POINT('',#3324);
#3326=CARTESIAN_POINT('',(-1.83769E1,1.825498E0,-6.35E0));
#3327=CARTESIAN_POINT('',(-1.46431E1,1.825498E0,-6.35E0));
#3328=VERTEX_POINT('',#3326);
#3329=VERTEX_POINT('',#3327);
#3330=CARTESIAN_POINT('',(1.46431E1,1.825498E0,-6.35E0));
#3331=CARTESIAN_POINT('',(1.83769E1,1.825498E0,-6.35E0));
#3332=VERTEX_POINT('',#3330);
#3333=VERTEX_POINT('',#3331);
#3334=CARTESIAN_POINT('',(-1.83769E1,8.255E-1,-6.35E0));
#3335=VERTEX_POINT('',#3334);
#3336=CARTESIAN_POINT('',(-1.46431E1,8.255E-1,-6.35E0));
#3337=VERTEX_POINT('',#3336);
#3338=CARTESIAN_POINT('',(1.46431E1,8.255E-1,-6.35E0));
#3339=VERTEX_POINT('',#3338);
#3340=CARTESIAN_POINT('',(1.83769E1,8.255E-1,-6.35E0));
#3341=VERTEX_POINT('',#3340);
#3342=CARTESIAN_POINT('',(-1.31445E1,0.E0,0.E0));
#3343=CARTESIAN_POINT('',(-1.31445E1,0.E0,-1.27E1));
#3344=VERTEX_POINT('',#3342);
#3345=VERTEX_POINT('',#3343);
#3346=CARTESIAN_POINT('',(-1.31445E1,7.493E0,-8.186660598201E-1));
#3347=CARTESIAN_POINT('',(-1.98755E1,7.493E0,-8.186660598201E-1));
#3348=VERTEX_POINT('',#3346);
#3349=VERTEX_POINT('',#3347);
#3350=CARTESIAN_POINT('',(-1.31445E1,7.493E0,-1.188133394018E1));
#3351=CARTESIAN_POINT('',(-1.98755E1,7.493E0,-1.188133394018E1));
#3352=VERTEX_POINT('',#3350);
#3353=VERTEX_POINT('',#3351);
#3354=CARTESIAN_POINT('',(-1.98755E1,8.255E-1,0.E0));
#3355=VERTEX_POINT('',#3354);
#3356=CARTESIAN_POINT('',(-1.98755E1,8.255E-1,-1.27E1));
#3357=VERTEX_POINT('',#3356);
#3358=CARTESIAN_POINT('',(-2.01803E1,7.493E0,-7.88035E0));
#3359=CARTESIAN_POINT('',(-2.01803E1,7.493E0,-4.81965E0));
#3360=VERTEX_POINT('',#3358);
#3361=VERTEX_POINT('',#3359);
#3362=CARTESIAN_POINT('',(-1.28397E1,7.493E0,-4.81965E0));
#3363=CARTESIAN_POINT('',(-1.28397E1,7.493E0,-7.88035E0));
#3364=VERTEX_POINT('',#3362);
#3365=VERTEX_POINT('',#3363);
#3366=CARTESIAN_POINT('',(-2.01803E1,1.3462E1,-4.81965E0));
#3367=CARTESIAN_POINT('',(-1.98755E1,1.3462E1,-4.51485E0));
#3368=VERTEX_POINT('',#3366);
#3369=VERTEX_POINT('',#3367);
#3370=CARTESIAN_POINT('',(-2.01803E1,1.3462E1,-7.88035E0));
#3371=VERTEX_POINT('',#3370);
#3372=CARTESIAN_POINT('',(-1.98755E1,1.3462E1,-8.18515E0));
#3373=VERTEX_POINT('',#3372);
#3374=CARTESIAN_POINT('',(-1.28397E1,1.3462E1,-7.88035E0));
#3375=VERTEX_POINT('',#3374);
#3376=CARTESIAN_POINT('',(-1.28397E1,1.3462E1,-4.81965E0));
#3377=VERTEX_POINT('',#3376);
#3378=CARTESIAN_POINT('',(-1.31445E1,7.493E0,-8.18515E0));
#3379=VERTEX_POINT('',#3378);
#3380=CARTESIAN_POINT('',(-1.31445E1,7.493E0,-4.51485E0));
#3381=VERTEX_POINT('',#3380);
#3382=CARTESIAN_POINT('',(-1.98755E1,7.493E0,-4.51485E0));
#3383=VERTEX_POINT('',#3382);
#3384=CARTESIAN_POINT('',(-1.98755E1,7.493E0,-8.18515E0));
#3385=VERTEX_POINT('',#3384);
#3386=CARTESIAN_POINT('',(-1.9685E1,8.3312E0,-8.9154E0));
#3387=CARTESIAN_POINT('',(-1.9685E1,8.3312E0,-3.7846E0));
#3388=VERTEX_POINT('',#3386);
#3389=VERTEX_POINT('',#3387);
#3390=CARTESIAN_POINT('',(-1.88849E1,8.3312E0,-3.7846E0));
#3391=VERTEX_POINT('',#3390);
#3392=CARTESIAN_POINT('',(-1.88849E1,8.3312E0,-2.032E0));
#3393=CARTESIAN_POINT('',(-1.41351E1,8.3312E0,-2.032E0));
#3394=VERTEX_POINT('',#3392);
#3395=VERTEX_POINT('',#3393);
#3396=CARTESIAN_POINT('',(-1.41351E1,8.3312E0,-3.7846E0));
#3397=CARTESIAN_POINT('',(-1.3335E1,8.3312E0,-3.7846E0));
#3398=VERTEX_POINT('',#3396);
#3399=VERTEX_POINT('',#3397);
#3400=CARTESIAN_POINT('',(-1.3335E1,8.3312E0,-8.9154E0));
#3401=VERTEX_POINT('',#3400);
#3402=CARTESIAN_POINT('',(-1.41351E1,8.3312E0,-8.9154E0));
#3403=VERTEX_POINT('',#3402);
#3404=CARTESIAN_POINT('',(-1.41351E1,8.3312E0,-1.0668E1));
#3405=CARTESIAN_POINT('',(-1.88849E1,8.3312E0,-1.0668E1));
#3406=VERTEX_POINT('',#3404);
#3407=VERTEX_POINT('',#3405);
#3408=CARTESIAN_POINT('',(-1.88849E1,8.3312E0,-8.9154E0));
#3409=VERTEX_POINT('',#3408);
#3410=CARTESIAN_POINT('',(-1.9685E1,7.493E0,-8.9154E0));
#3411=CARTESIAN_POINT('',(-1.9685E1,7.493E0,-3.7846E0));
#3412=VERTEX_POINT('',#3410);
#3413=VERTEX_POINT('',#3411);
#3414=CARTESIAN_POINT('',(-1.88849E1,7.493E0,-3.7846E0));
#3415=VERTEX_POINT('',#3414);
#3416=CARTESIAN_POINT('',(-1.88849E1,7.493E0,-2.032E0));
#3417=CARTESIAN_POINT('',(-1.41351E1,7.493E0,-2.032E0));
#3418=VERTEX_POINT('',#3416);
#3419=VERTEX_POINT('',#3417);
#3420=CARTESIAN_POINT('',(-1.41351E1,7.493E0,-3.7846E0));
#3421=CARTESIAN_POINT('',(-1.3335E1,7.493E0,-3.7846E0));
#3422=VERTEX_POINT('',#3420);
#3423=VERTEX_POINT('',#3421);
#3424=CARTESIAN_POINT('',(-1.3335E1,7.493E0,-8.9154E0));
#3425=VERTEX_POINT('',#3424);
#3426=CARTESIAN_POINT('',(-1.41351E1,7.493E0,-8.9154E0));
#3427=VERTEX_POINT('',#3426);
#3428=CARTESIAN_POINT('',(-1.41351E1,7.493E0,-1.0668E1));
#3429=CARTESIAN_POINT('',(-1.88849E1,7.493E0,-1.0668E1));
#3430=VERTEX_POINT('',#3428);
#3431=VERTEX_POINT('',#3429);
#3432=CARTESIAN_POINT('',(-1.88849E1,7.493E0,-8.9154E0));
#3433=VERTEX_POINT('',#3432);
#3434=CARTESIAN_POINT('',(-1.16205E1,7.493E0,-8.186660598201E-1));
#3435=CARTESIAN_POINT('',(-4.8895E0,7.493E0,-8.186660598201E-1));
#3436=VERTEX_POINT('',#3434);
#3437=VERTEX_POINT('',#3435);
#3438=CARTESIAN_POINT('',(-1.16205E1,7.493E0,-1.188133394018E1));
#3439=CARTESIAN_POINT('',(-4.8895E0,7.493E0,-1.188133394018E1));
#3440=VERTEX_POINT('',#3438);
#3441=VERTEX_POINT('',#3439);
#3442=CARTESIAN_POINT('',(-4.8895E0,8.255E-1,0.E0));
#3443=CARTESIAN_POINT('',(-4.8895E0,1.18618E1,0.E0));
#3444=VERTEX_POINT('',#3442);
#3445=VERTEX_POINT('',#3443);
#3446=CARTESIAN_POINT('',(-4.8895E0,8.255E-1,-1.27E1));
#3447=CARTESIAN_POINT('',(-4.8895E0,1.18618E1,-1.27E1));
#3448=VERTEX_POINT('',#3446);
#3449=VERTEX_POINT('',#3447);
#3450=CARTESIAN_POINT('',(-4.8895E0,1.3462E1,-1.6002E0));
#3451=VERTEX_POINT('',#3450);
#3452=CARTESIAN_POINT('',(-4.8895E0,1.3462E1,-1.10998E1));
#3453=VERTEX_POINT('',#3452);
#3454=CARTESIAN_POINT('',(-1.16205E1,1.18618E1,0.E0));
#3455=VERTEX_POINT('',#3454);
#3456=CARTESIAN_POINT('',(-1.16205E1,1.3462E1,-1.6002E0));
#3457=VERTEX_POINT('',#3456);
#3458=CARTESIAN_POINT('',(-1.16205E1,1.3462E1,-1.10998E1));
#3459=VERTEX_POINT('',#3458);
#3460=CARTESIAN_POINT('',(-1.16205E1,1.18618E1,-1.27E1));
#3461=VERTEX_POINT('',#3460);
#3462=CARTESIAN_POINT('',(-1.16205E1,8.255E-1,0.E0));
#3463=VERTEX_POINT('',#3462);
#3464=CARTESIAN_POINT('',(-1.16205E1,8.255E-1,-1.27E1));
#3465=VERTEX_POINT('',#3464);
#3466=CARTESIAN_POINT('',(-1.19253E1,7.493E0,-7.88035E0));
#3467=CARTESIAN_POINT('',(-1.19253E1,7.493E0,-4.81965E0));
#3468=VERTEX_POINT('',#3466);
#3469=VERTEX_POINT('',#3467);
#3470=CARTESIAN_POINT('',(-4.5847E0,7.493E0,-4.81965E0));
#3471=CARTESIAN_POINT('',(-4.5847E0,7.493E0,-7.88035E0));
#3472=VERTEX_POINT('',#3470);
#3473=VERTEX_POINT('',#3471);
#3474=CARTESIAN_POINT('',(-1.19253E1,1.3462E1,-4.81965E0));
#3475=CARTESIAN_POINT('',(-1.16205E1,1.3462E1,-4.51485E0));
#3476=VERTEX_POINT('',#3474);
#3477=VERTEX_POINT('',#3475);
#3478=CARTESIAN_POINT('',(-1.19253E1,1.3462E1,-7.88035E0));
#3479=VERTEX_POINT('',#3478);
#3480=CARTESIAN_POINT('',(-1.16205E1,1.3462E1,-8.18515E0));
#3481=VERTEX_POINT('',#3480);
#3482=CARTESIAN_POINT('',(-4.5847E0,1.3462E1,-7.88035E0));
#3483=CARTESIAN_POINT('',(-4.8895E0,1.3462E1,-8.18515E0));
#3484=VERTEX_POINT('',#3482);
#3485=VERTEX_POINT('',#3483);
#3486=CARTESIAN_POINT('',(-4.5847E0,1.3462E1,-4.81965E0));
#3487=VERTEX_POINT('',#3486);
#3488=CARTESIAN_POINT('',(-4.8895E0,1.3462E1,-4.51485E0));
#3489=VERTEX_POINT('',#3488);
#3490=CARTESIAN_POINT('',(-4.8895E0,7.493E0,-8.18515E0));
#3491=VERTEX_POINT('',#3490);
#3492=CARTESIAN_POINT('',(-4.8895E0,7.493E0,-4.51485E0));
#3493=VERTEX_POINT('',#3492);
#3494=CARTESIAN_POINT('',(-1.16205E1,7.493E0,-4.51485E0));
#3495=VERTEX_POINT('',#3494);
#3496=CARTESIAN_POINT('',(-1.16205E1,7.493E0,-8.18515E0));
#3497=VERTEX_POINT('',#3496);
#3498=CARTESIAN_POINT('',(-1.143E1,8.3312E0,-8.9154E0));
#3499=CARTESIAN_POINT('',(-1.143E1,8.3312E0,-3.7846E0));
#3500=VERTEX_POINT('',#3498);
#3501=VERTEX_POINT('',#3499);
#3502=CARTESIAN_POINT('',(-1.06299E1,8.3312E0,-3.7846E0));
#3503=VERTEX_POINT('',#3502);
#3504=CARTESIAN_POINT('',(-1.06299E1,8.3312E0,-2.032E0));
#3505=CARTESIAN_POINT('',(-5.8801E0,8.3312E0,-2.032E0));
#3506=VERTEX_POINT('',#3504);
#3507=VERTEX_POINT('',#3505);
#3508=CARTESIAN_POINT('',(-5.8801E0,8.3312E0,-3.7846E0));
#3509=CARTESIAN_POINT('',(-5.08E0,8.3312E0,-3.7846E0));
#3510=VERTEX_POINT('',#3508);
#3511=VERTEX_POINT('',#3509);
#3512=CARTESIAN_POINT('',(-5.08E0,8.3312E0,-8.9154E0));
#3513=VERTEX_POINT('',#3512);
#3514=CARTESIAN_POINT('',(-5.8801E0,8.3312E0,-8.9154E0));
#3515=VERTEX_POINT('',#3514);
#3516=CARTESIAN_POINT('',(-5.8801E0,8.3312E0,-1.0668E1));
#3517=CARTESIAN_POINT('',(-1.06299E1,8.3312E0,-1.0668E1));
#3518=VERTEX_POINT('',#3516);
#3519=VERTEX_POINT('',#3517);
#3520=CARTESIAN_POINT('',(-1.06299E1,8.3312E0,-8.9154E0));
#3521=VERTEX_POINT('',#3520);
#3522=CARTESIAN_POINT('',(-1.143E1,7.493E0,-8.9154E0));
#3523=CARTESIAN_POINT('',(-1.143E1,7.493E0,-3.7846E0));
#3524=VERTEX_POINT('',#3522);
#3525=VERTEX_POINT('',#3523);
#3526=CARTESIAN_POINT('',(-1.06299E1,7.493E0,-3.7846E0));
#3527=VERTEX_POINT('',#3526);
#3528=CARTESIAN_POINT('',(-1.06299E1,7.493E0,-2.032E0));
#3529=CARTESIAN_POINT('',(-5.8801E0,7.493E0,-2.032E0));
#3530=VERTEX_POINT('',#3528);
#3531=VERTEX_POINT('',#3529);
#3532=CARTESIAN_POINT('',(-5.8801E0,7.493E0,-3.7846E0));
#3533=CARTESIAN_POINT('',(-5.08E0,7.493E0,-3.7846E0));
#3534=VERTEX_POINT('',#3532);
#3535=VERTEX_POINT('',#3533);
#3536=CARTESIAN_POINT('',(-5.08E0,7.493E0,-8.9154E0));
#3537=VERTEX_POINT('',#3536);
#3538=CARTESIAN_POINT('',(-5.8801E0,7.493E0,-8.9154E0));
#3539=VERTEX_POINT('',#3538);
#3540=CARTESIAN_POINT('',(-5.8801E0,7.493E0,-1.0668E1));
#3541=CARTESIAN_POINT('',(-1.06299E1,7.493E0,-1.0668E1));
#3542=VERTEX_POINT('',#3540);
#3543=VERTEX_POINT('',#3541);
#3544=CARTESIAN_POINT('',(-1.06299E1,7.493E0,-8.9154E0));
#3545=VERTEX_POINT('',#3544);
#3546=CARTESIAN_POINT('',(-1.71704E1,-4.064E0,-2.032E0));
#3547=CARTESIAN_POINT('',(-1.71704E1,-4.064E0,-2.8702E0));
#3548=VERTEX_POINT('',#3546);
#3549=VERTEX_POINT('',#3547);
#3550=CARTESIAN_POINT('',(-1.58496E1,-4.064E0,-2.032E0));
#3551=CARTESIAN_POINT('',(-1.58496E1,-4.064E0,-2.8702E0));
#3552=VERTEX_POINT('',#3550);
#3553=VERTEX_POINT('',#3551);
#3554=CARTESIAN_POINT('',(-1.71704E1,8.255E-1,-2.032E0));
#3555=CARTESIAN_POINT('',(-1.71704E1,8.255E-1,-2.8702E0));
#3556=VERTEX_POINT('',#3554);
#3557=VERTEX_POINT('',#3555);
#3558=CARTESIAN_POINT('',(-1.58496E1,8.255E-1,-2.032E0));
#3559=CARTESIAN_POINT('',(-1.58496E1,8.255E-1,-2.8702E0));
#3560=VERTEX_POINT('',#3558);
#3561=VERTEX_POINT('',#3559);
#3562=CARTESIAN_POINT('',(-8.9154E0,-4.064E0,-2.032E0));
#3563=CARTESIAN_POINT('',(-8.9154E0,-4.064E0,-2.8702E0));
#3564=VERTEX_POINT('',#3562);
#3565=VERTEX_POINT('',#3563);
#3566=CARTESIAN_POINT('',(-7.5946E0,-4.064E0,-2.032E0));
#3567=CARTESIAN_POINT('',(-7.5946E0,-4.064E0,-2.8702E0));
#3568=VERTEX_POINT('',#3566);
#3569=VERTEX_POINT('',#3567);
#3570=CARTESIAN_POINT('',(-8.9154E0,8.255E-1,-2.032E0));
#3571=VERTEX_POINT('',#3570);
#3572=CARTESIAN_POINT('',(-8.9154E0,8.255E-1,-2.8702E0));
#3573=VERTEX_POINT('',#3572);
#3574=CARTESIAN_POINT('',(-7.5946E0,8.255E-1,-2.032E0));
#3575=VERTEX_POINT('',#3574);
#3576=CARTESIAN_POINT('',(-7.5946E0,8.255E-1,-2.8702E0));
#3577=VERTEX_POINT('',#3576);
#3578=CARTESIAN_POINT('',(-1.651E1,1.21412E1,-3.0099E0));
#3579=CARTESIAN_POINT('',(-1.651E1,1.36652E1,-3.0099E0));
#3580=VERTEX_POINT('',#3578);
#3581=VERTEX_POINT('',#3579);
#3582=CARTESIAN_POINT('',(-1.651E1,1.4478E1,-6.35E0));
#3583=VERTEX_POINT('',#3582);
#3584=CARTESIAN_POINT('',(-1.651E1,1.21412E1,-9.6901E0));
#3585=CARTESIAN_POINT('',(-1.651E1,1.36652E1,-9.6901E0));
#3586=VERTEX_POINT('',#3584);
#3587=VERTEX_POINT('',#3585);
#3588=CARTESIAN_POINT('',(-1.651E1,8.3312E0,-4.64566E0));
#3589=CARTESIAN_POINT('',(-1.651E1,8.3312E0,-8.05434E0));
#3590=VERTEX_POINT('',#3588);
#3591=VERTEX_POINT('',#3589);
#3592=CARTESIAN_POINT('',(-8.255E0,1.21412E1,-3.0099E0));
#3593=CARTESIAN_POINT('',(-8.255E0,1.36652E1,-3.0099E0));
#3594=VERTEX_POINT('',#3592);
#3595=VERTEX_POINT('',#3593);
#3596=CARTESIAN_POINT('',(-8.255E0,1.4478E1,-6.35E0));
#3597=VERTEX_POINT('',#3596);
#3598=CARTESIAN_POINT('',(-8.255E0,1.21412E1,-9.6901E0));
#3599=CARTESIAN_POINT('',(-8.255E0,1.36652E1,-9.6901E0));
#3600=VERTEX_POINT('',#3598);
#3601=VERTEX_POINT('',#3599);
#3602=CARTESIAN_POINT('',(-8.255E0,8.3312E0,-4.64566E0));
#3603=CARTESIAN_POINT('',(-8.255E0,8.3312E0,-8.05434E0));
#3604=VERTEX_POINT('',#3602);
#3605=VERTEX_POINT('',#3603);
#3606=CARTESIAN_POINT('',(-1.97231E1,1.03632E1,-9.5631E0));
#3607=CARTESIAN_POINT('',(-1.97231E1,1.03632E1,-3.1369E0));
#3608=VERTEX_POINT('',#3606);
#3609=VERTEX_POINT('',#3607);
#3610=CARTESIAN_POINT('',(-1.32969E1,1.03632E1,-3.1369E0));
#3611=VERTEX_POINT('',#3610);
#3612=CARTESIAN_POINT('',(-1.32969E1,1.03632E1,-9.5631E0));
#3613=VERTEX_POINT('',#3612);
#3614=CARTESIAN_POINT('',(-1.97231E1,1.21412E1,-9.5631E0));
#3615=VERTEX_POINT('',#3614);
#3616=CARTESIAN_POINT('',(-1.97231E1,1.21412E1,-3.1369E0));
#3617=VERTEX_POINT('',#3616);
#3618=CARTESIAN_POINT('',(-1.32969E1,1.21412E1,-3.1369E0));
#3619=VERTEX_POINT('',#3618);
#3620=CARTESIAN_POINT('',(-1.32969E1,1.21412E1,-9.5631E0));
#3621=VERTEX_POINT('',#3620);
#3622=CARTESIAN_POINT('',(-1.651E1,1.03632E1,-4.64566E0));
#3623=CARTESIAN_POINT('',(-1.651E1,1.03632E1,-8.05434E0));
#3624=VERTEX_POINT('',#3622);
#3625=VERTEX_POINT('',#3623);
#3626=CARTESIAN_POINT('',(-1.97231E1,1.21412E1,-7.262280877800E0));
#3627=CARTESIAN_POINT('',(-1.97231E1,1.21412E1,-5.437719122200E0));
#3628=VERTEX_POINT('',#3626);
#3629=VERTEX_POINT('',#3627);
#3630=CARTESIAN_POINT('',(-1.742228087780E1,1.21412E1,-3.1369E0));
#3631=CARTESIAN_POINT('',(-1.559771912220E1,1.21412E1,-3.1369E0));
#3632=VERTEX_POINT('',#3630);
#3633=VERTEX_POINT('',#3631);
#3634=CARTESIAN_POINT('',(-1.32969E1,1.21412E1,-5.437719122200E0));
#3635=CARTESIAN_POINT('',(-1.32969E1,1.21412E1,-7.262280877800E0));
#3636=VERTEX_POINT('',#3634);
#3637=VERTEX_POINT('',#3635);
#3638=CARTESIAN_POINT('',(-1.559771912220E1,1.21412E1,-9.5631E0));
#3639=CARTESIAN_POINT('',(-1.742228087780E1,1.21412E1,-9.5631E0));
#3640=VERTEX_POINT('',#3638);
#3641=VERTEX_POINT('',#3639);
#3642=CARTESIAN_POINT('',(-1.14681E1,1.03632E1,-9.5631E0));
#3643=CARTESIAN_POINT('',(-1.14681E1,1.03632E1,-3.1369E0));
#3644=VERTEX_POINT('',#3642);
#3645=VERTEX_POINT('',#3643);
#3646=CARTESIAN_POINT('',(-5.0419E0,1.03632E1,-3.1369E0));
#3647=VERTEX_POINT('',#3646);
#3648=CARTESIAN_POINT('',(-5.0419E0,1.03632E1,-9.5631E0));
#3649=VERTEX_POINT('',#3648);
#3650=CARTESIAN_POINT('',(-1.14681E1,1.21412E1,-9.5631E0));
#3651=VERTEX_POINT('',#3650);
#3652=CARTESIAN_POINT('',(-1.14681E1,1.21412E1,-3.1369E0));
#3653=VERTEX_POINT('',#3652);
#3654=CARTESIAN_POINT('',(-5.0419E0,1.21412E1,-3.1369E0));
#3655=VERTEX_POINT('',#3654);
#3656=CARTESIAN_POINT('',(-5.0419E0,1.21412E1,-9.5631E0));
#3657=VERTEX_POINT('',#3656);
#3658=CARTESIAN_POINT('',(-8.255E0,1.03632E1,-4.64566E0));
#3659=CARTESIAN_POINT('',(-8.255E0,1.03632E1,-8.05434E0));
#3660=VERTEX_POINT('',#3658);
#3661=VERTEX_POINT('',#3659);
#3662=CARTESIAN_POINT('',(-1.14681E1,1.21412E1,-7.262280877800E0));
#3663=CARTESIAN_POINT('',(-1.14681E1,1.21412E1,-5.437719122200E0));
#3664=VERTEX_POINT('',#3662);
#3665=VERTEX_POINT('',#3663);
#3666=CARTESIAN_POINT('',(-9.167280877800E0,1.21412E1,-3.1369E0));
#3667=CARTESIAN_POINT('',(-7.342719122200E0,1.21412E1,-3.1369E0));
#3668=VERTEX_POINT('',#3666);
#3669=VERTEX_POINT('',#3667);
#3670=CARTESIAN_POINT('',(-5.0419E0,1.21412E1,-5.437719122200E0));
#3671=CARTESIAN_POINT('',(-5.0419E0,1.21412E1,-7.262280877800E0));
#3672=VERTEX_POINT('',#3670);
#3673=VERTEX_POINT('',#3671);
#3674=CARTESIAN_POINT('',(-7.342719122200E0,1.21412E1,-9.5631E0));
#3675=CARTESIAN_POINT('',(-9.167280877800E0,1.21412E1,-9.5631E0));
#3676=VERTEX_POINT('',#3674);
#3677=VERTEX_POINT('',#3675);
#3678=CARTESIAN_POINT('',(3.3655E0,0.E0,0.E0));
#3679=CARTESIAN_POINT('',(3.3655E0,0.E0,-1.27E1));
#3680=VERTEX_POINT('',#3678);
#3681=VERTEX_POINT('',#3679);
#3682=CARTESIAN_POINT('',(-1.16205E1,0.E0,-1.27E1));
#3683=CARTESIAN_POINT('',(-1.16205E1,0.E0,0.E0));
#3684=VERTEX_POINT('',#3682);
#3685=VERTEX_POINT('',#3683);
#3686=CARTESIAN_POINT('',(-4.8895E0,0.E0,-1.27E1));
#3687=CARTESIAN_POINT('',(-4.8895E0,0.E0,0.E0));
#3688=VERTEX_POINT('',#3686);
#3689=VERTEX_POINT('',#3687);
#3690=CARTESIAN_POINT('',(-3.3655E0,0.E0,-1.27E1));
#3691=CARTESIAN_POINT('',(-3.3655E0,0.E0,0.E0));
#3692=VERTEX_POINT('',#3690);
#3693=VERTEX_POINT('',#3691);
#3694=CARTESIAN_POINT('',(-6.604E-1,-4.064E0,-2.032E0));
#3695=CARTESIAN_POINT('',(-6.604E-1,-4.064E0,-2.8702E0));
#3696=VERTEX_POINT('',#3694);
#3697=VERTEX_POINT('',#3695);
#3698=CARTESIAN_POINT('',(6.604E-1,-4.064E0,-2.032E0));
#3699=CARTESIAN_POINT('',(6.604E-1,-4.064E0,-2.8702E0));
#3700=VERTEX_POINT('',#3698);
#3701=VERTEX_POINT('',#3699);
#3702=CARTESIAN_POINT('',(-6.604E-1,8.255E-1,-2.032E0));
#3703=CARTESIAN_POINT('',(-6.604E-1,8.255E-1,-2.8702E0));
#3704=VERTEX_POINT('',#3702);
#3705=VERTEX_POINT('',#3703);
#3706=CARTESIAN_POINT('',(6.604E-1,8.255E-1,-2.032E0));
#3707=CARTESIAN_POINT('',(6.604E-1,8.255E-1,-2.8702E0));
#3708=VERTEX_POINT('',#3706);
#3709=VERTEX_POINT('',#3707);
#3710=CARTESIAN_POINT('',(4.8895E0,0.E0,-1.27E1));
#3711=CARTESIAN_POINT('',(4.8895E0,0.E0,0.E0));
#3712=VERTEX_POINT('',#3710);
#3713=VERTEX_POINT('',#3711);
#3714=CARTESIAN_POINT('',(1.16205E1,0.E0,-1.27E1));
#3715=CARTESIAN_POINT('',(1.16205E1,0.E0,0.E0));
#3716=VERTEX_POINT('',#3714);
#3717=VERTEX_POINT('',#3715);
#3718=CARTESIAN_POINT('',(7.5946E0,-4.064E0,-2.032E0));
#3719=CARTESIAN_POINT('',(7.5946E0,-4.064E0,-2.8702E0));
#3720=VERTEX_POINT('',#3718);
#3721=VERTEX_POINT('',#3719);
#3722=CARTESIAN_POINT('',(8.9154E0,-4.064E0,-2.032E0));
#3723=CARTESIAN_POINT('',(8.9154E0,-4.064E0,-2.8702E0));
#3724=VERTEX_POINT('',#3722);
#3725=VERTEX_POINT('',#3723);
#3726=CARTESIAN_POINT('',(7.5946E0,8.255E-1,-2.032E0));
#3727=CARTESIAN_POINT('',(7.5946E0,8.255E-1,-2.8702E0));
#3728=VERTEX_POINT('',#3726);
#3729=VERTEX_POINT('',#3727);
#3730=CARTESIAN_POINT('',(8.9154E0,8.255E-1,-2.032E0));
#3731=CARTESIAN_POINT('',(8.9154E0,8.255E-1,-2.8702E0));
#3732=VERTEX_POINT('',#3730);
#3733=VERTEX_POINT('',#3731);
#3734=CARTESIAN_POINT('',(1.31445E1,0.E0,-1.27E1));
#3735=CARTESIAN_POINT('',(1.31445E1,0.E0,0.E0));
#3736=VERTEX_POINT('',#3734);
#3737=VERTEX_POINT('',#3735);
#3738=CARTESIAN_POINT('',(1.98755E1,0.E0,-1.27E1));
#3739=CARTESIAN_POINT('',(1.98755E1,0.E0,0.E0));
#3740=VERTEX_POINT('',#3738);
#3741=VERTEX_POINT('',#3739);
#3742=CARTESIAN_POINT('',(1.58496E1,-4.064E0,-2.032E0));
#3743=CARTESIAN_POINT('',(1.58496E1,-4.064E0,-2.8702E0));
#3744=VERTEX_POINT('',#3742);
#3745=VERTEX_POINT('',#3743);
#3746=CARTESIAN_POINT('',(1.71704E1,-4.064E0,-2.032E0));
#3747=CARTESIAN_POINT('',(1.71704E1,-4.064E0,-2.8702E0));
#3748=VERTEX_POINT('',#3746);
#3749=VERTEX_POINT('',#3747);
#3750=CARTESIAN_POINT('',(1.58496E1,8.255E-1,-2.032E0));
#3751=CARTESIAN_POINT('',(1.58496E1,8.255E-1,-2.8702E0));
#3752=VERTEX_POINT('',#3750);
#3753=VERTEX_POINT('',#3751);
#3754=CARTESIAN_POINT('',(1.71704E1,8.255E-1,-2.032E0));
#3755=CARTESIAN_POINT('',(1.71704E1,8.255E-1,-2.8702E0));
#3756=VERTEX_POINT('',#3754);
#3757=VERTEX_POINT('',#3755);
#3758=CARTESIAN_POINT('',(3.3655E0,7.493E0,-8.186660598201E-1));
#3759=CARTESIAN_POINT('',(-3.3655E0,7.493E0,-8.186660598201E-1));
#3760=VERTEX_POINT('',#3758);
#3761=VERTEX_POINT('',#3759);
#3762=CARTESIAN_POINT('',(3.3655E0,7.493E0,-1.188133394018E1));
#3763=CARTESIAN_POINT('',(-3.3655E0,7.493E0,-1.188133394018E1));
#3764=VERTEX_POINT('',#3762);
#3765=VERTEX_POINT('',#3763);
#3766=CARTESIAN_POINT('',(3.3655E0,1.18618E1,0.E0));
#3767=CARTESIAN_POINT('',(3.3655E0,8.255E-1,0.E0));
#3768=VERTEX_POINT('',#3766);
#3769=VERTEX_POINT('',#3767);
#3770=CARTESIAN_POINT('',(-3.3655E0,1.18618E1,0.E0));
#3771=CARTESIAN_POINT('',(-3.3655E0,8.255E-1,0.E0));
#3772=VERTEX_POINT('',#3770);
#3773=VERTEX_POINT('',#3771);
#3774=CARTESIAN_POINT('',(3.3655E0,1.18618E1,-1.27E1));
#3775=CARTESIAN_POINT('',(3.3655E0,8.255E-1,-1.27E1));
#3776=VERTEX_POINT('',#3774);
#3777=VERTEX_POINT('',#3775);
#3778=CARTESIAN_POINT('',(-3.3655E0,1.18618E1,-1.27E1));
#3779=CARTESIAN_POINT('',(-3.3655E0,8.255E-1,-1.27E1));
#3780=VERTEX_POINT('',#3778);
#3781=VERTEX_POINT('',#3779);
#3782=CARTESIAN_POINT('',(3.3655E0,1.3462E1,-1.6002E0));
#3783=VERTEX_POINT('',#3782);
#3784=CARTESIAN_POINT('',(-3.3655E0,1.3462E1,-1.6002E0));
#3785=VERTEX_POINT('',#3784);
#3786=CARTESIAN_POINT('',(3.3655E0,1.3462E1,-1.10998E1));
#3787=VERTEX_POINT('',#3786);
#3788=CARTESIAN_POINT('',(-3.3655E0,1.3462E1,-1.10998E1));
#3789=VERTEX_POINT('',#3788);
#3790=CARTESIAN_POINT('',(1.16205E1,7.493E0,-8.186660598201E-1));
#3791=CARTESIAN_POINT('',(4.8895E0,7.493E0,-8.186660598201E-1));
#3792=VERTEX_POINT('',#3790);
#3793=VERTEX_POINT('',#3791);
#3794=CARTESIAN_POINT('',(1.16205E1,7.493E0,-1.188133394018E1));
#3795=CARTESIAN_POINT('',(4.8895E0,7.493E0,-1.188133394018E1));
#3796=VERTEX_POINT('',#3794);
#3797=VERTEX_POINT('',#3795);
#3798=CARTESIAN_POINT('',(1.16205E1,1.18618E1,0.E0));
#3799=CARTESIAN_POINT('',(1.16205E1,8.255E-1,0.E0));
#3800=VERTEX_POINT('',#3798);
#3801=VERTEX_POINT('',#3799);
#3802=CARTESIAN_POINT('',(4.8895E0,1.18618E1,0.E0));
#3803=CARTESIAN_POINT('',(4.8895E0,8.255E-1,0.E0));
#3804=VERTEX_POINT('',#3802);
#3805=VERTEX_POINT('',#3803);
#3806=CARTESIAN_POINT('',(1.16205E1,1.18618E1,-1.27E1));
#3807=CARTESIAN_POINT('',(1.16205E1,8.255E-1,-1.27E1));
#3808=VERTEX_POINT('',#3806);
#3809=VERTEX_POINT('',#3807);
#3810=CARTESIAN_POINT('',(4.8895E0,1.18618E1,-1.27E1));
#3811=CARTESIAN_POINT('',(4.8895E0,8.255E-1,-1.27E1));
#3812=VERTEX_POINT('',#3810);
#3813=VERTEX_POINT('',#3811);
#3814=CARTESIAN_POINT('',(1.16205E1,1.3462E1,-1.6002E0));
#3815=VERTEX_POINT('',#3814);
#3816=CARTESIAN_POINT('',(4.8895E0,1.3462E1,-1.6002E0));
#3817=VERTEX_POINT('',#3816);
#3818=CARTESIAN_POINT('',(1.16205E1,1.3462E1,-1.10998E1));
#3819=VERTEX_POINT('',#3818);
#3820=CARTESIAN_POINT('',(4.8895E0,1.3462E1,-1.10998E1));
#3821=VERTEX_POINT('',#3820);
#3822=CARTESIAN_POINT('',(1.98755E1,7.493E0,-8.186660598201E-1));
#3823=CARTESIAN_POINT('',(1.31445E1,7.493E0,-8.186660598201E-1));
#3824=VERTEX_POINT('',#3822);
#3825=VERTEX_POINT('',#3823);
#3826=CARTESIAN_POINT('',(1.98755E1,7.493E0,-1.188133394018E1));
#3827=CARTESIAN_POINT('',(1.31445E1,7.493E0,-1.188133394018E1));
#3828=VERTEX_POINT('',#3826);
#3829=VERTEX_POINT('',#3827);
#3830=CARTESIAN_POINT('',(1.98755E1,1.18618E1,0.E0));
#3831=CARTESIAN_POINT('',(1.98755E1,8.255E-1,0.E0));
#3832=VERTEX_POINT('',#3830);
#3833=VERTEX_POINT('',#3831);
#3834=CARTESIAN_POINT('',(1.31445E1,1.18618E1,0.E0));
#3835=CARTESIAN_POINT('',(1.31445E1,8.255E-1,0.E0));
#3836=VERTEX_POINT('',#3834);
#3837=VERTEX_POINT('',#3835);
#3838=CARTESIAN_POINT('',(1.98755E1,1.18618E1,-1.27E1));
#3839=CARTESIAN_POINT('',(1.98755E1,8.255E-1,-1.27E1));
#3840=VERTEX_POINT('',#3838);
#3841=VERTEX_POINT('',#3839);
#3842=CARTESIAN_POINT('',(1.31445E1,1.18618E1,-1.27E1));
#3843=CARTESIAN_POINT('',(1.31445E1,8.255E-1,-1.27E1));
#3844=VERTEX_POINT('',#3842);
#3845=VERTEX_POINT('',#3843);
#3846=CARTESIAN_POINT('',(1.98755E1,1.3462E1,-1.6002E0));
#3847=VERTEX_POINT('',#3846);
#3848=CARTESIAN_POINT('',(1.31445E1,1.3462E1,-1.6002E0));
#3849=VERTEX_POINT('',#3848);
#3850=CARTESIAN_POINT('',(1.98755E1,1.3462E1,-1.10998E1));
#3851=VERTEX_POINT('',#3850);
#3852=CARTESIAN_POINT('',(1.31445E1,1.3462E1,-1.10998E1));
#3853=VERTEX_POINT('',#3852);
#3854=CARTESIAN_POINT('',(-3.6703E0,7.493E0,-4.81965E0));
#3855=CARTESIAN_POINT('',(-3.6703E0,7.493E0,-7.88035E0));
#3856=VERTEX_POINT('',#3854);
#3857=VERTEX_POINT('',#3855);
#3858=CARTESIAN_POINT('',(3.6703E0,7.493E0,-7.88035E0));
#3859=CARTESIAN_POINT('',(3.6703E0,7.493E0,-4.81965E0));
#3860=VERTEX_POINT('',#3858);
#3861=VERTEX_POINT('',#3859);
#3862=CARTESIAN_POINT('',(-3.3655E0,1.3462E1,-4.51485E0));
#3863=CARTESIAN_POINT('',(-3.6703E0,1.3462E1,-4.81965E0));
#3864=VERTEX_POINT('',#3862);
#3865=VERTEX_POINT('',#3863);
#3866=CARTESIAN_POINT('',(-3.6703E0,1.3462E1,-7.88035E0));
#3867=VERTEX_POINT('',#3866);
#3868=CARTESIAN_POINT('',(-3.3655E0,1.3462E1,-8.18515E0));
#3869=VERTEX_POINT('',#3868);
#3870=CARTESIAN_POINT('',(3.3655E0,1.3462E1,-8.18515E0));
#3871=CARTESIAN_POINT('',(3.6703E0,1.3462E1,-7.88035E0));
#3872=VERTEX_POINT('',#3870);
#3873=VERTEX_POINT('',#3871);
#3874=CARTESIAN_POINT('',(3.6703E0,1.3462E1,-4.81965E0));
#3875=VERTEX_POINT('',#3874);
#3876=CARTESIAN_POINT('',(3.3655E0,1.3462E1,-4.51485E0));
#3877=VERTEX_POINT('',#3876);
#3878=CARTESIAN_POINT('',(3.3655E0,7.493E0,-8.18515E0));
#3879=VERTEX_POINT('',#3878);
#3880=CARTESIAN_POINT('',(3.3655E0,7.493E0,-4.51485E0));
#3881=VERTEX_POINT('',#3880);
#3882=CARTESIAN_POINT('',(-3.3655E0,7.493E0,-4.51485E0));
#3883=VERTEX_POINT('',#3882);
#3884=CARTESIAN_POINT('',(-3.3655E0,7.493E0,-8.18515E0));
#3885=VERTEX_POINT('',#3884);
#3886=CARTESIAN_POINT('',(4.5847E0,7.493E0,-4.81965E0));
#3887=CARTESIAN_POINT('',(4.5847E0,7.493E0,-7.88035E0));
#3888=VERTEX_POINT('',#3886);
#3889=VERTEX_POINT('',#3887);
#3890=CARTESIAN_POINT('',(1.19253E1,7.493E0,-7.88035E0));
#3891=CARTESIAN_POINT('',(1.19253E1,7.493E0,-4.81965E0));
#3892=VERTEX_POINT('',#3890);
#3893=VERTEX_POINT('',#3891);
#3894=CARTESIAN_POINT('',(4.8895E0,1.3462E1,-4.51485E0));
#3895=CARTESIAN_POINT('',(4.5847E0,1.3462E1,-4.81965E0));
#3896=VERTEX_POINT('',#3894);
#3897=VERTEX_POINT('',#3895);
#3898=CARTESIAN_POINT('',(4.5847E0,1.3462E1,-7.88035E0));
#3899=VERTEX_POINT('',#3898);
#3900=CARTESIAN_POINT('',(4.8895E0,1.3462E1,-8.18515E0));
#3901=VERTEX_POINT('',#3900);
#3902=CARTESIAN_POINT('',(1.16205E1,1.3462E1,-8.18515E0));
#3903=CARTESIAN_POINT('',(1.19253E1,1.3462E1,-7.88035E0));
#3904=VERTEX_POINT('',#3902);
#3905=VERTEX_POINT('',#3903);
#3906=CARTESIAN_POINT('',(1.19253E1,1.3462E1,-4.81965E0));
#3907=VERTEX_POINT('',#3906);
#3908=CARTESIAN_POINT('',(1.16205E1,1.3462E1,-4.51485E0));
#3909=VERTEX_POINT('',#3908);
#3910=CARTESIAN_POINT('',(1.16205E1,7.493E0,-8.18515E0));
#3911=VERTEX_POINT('',#3910);
#3912=CARTESIAN_POINT('',(1.16205E1,7.493E0,-4.51485E0));
#3913=VERTEX_POINT('',#3912);
#3914=CARTESIAN_POINT('',(4.8895E0,7.493E0,-4.51485E0));
#3915=VERTEX_POINT('',#3914);
#3916=CARTESIAN_POINT('',(4.8895E0,7.493E0,-8.18515E0));
#3917=VERTEX_POINT('',#3916);
#3918=CARTESIAN_POINT('',(1.28397E1,7.493E0,-4.81965E0));
#3919=CARTESIAN_POINT('',(1.28397E1,7.493E0,-7.88035E0));
#3920=VERTEX_POINT('',#3918);
#3921=VERTEX_POINT('',#3919);
#3922=CARTESIAN_POINT('',(2.01803E1,7.493E0,-7.88035E0));
#3923=CARTESIAN_POINT('',(2.01803E1,7.493E0,-4.81965E0));
#3924=VERTEX_POINT('',#3922);
#3925=VERTEX_POINT('',#3923);
#3926=CARTESIAN_POINT('',(1.31445E1,1.3462E1,-4.51485E0));
#3927=CARTESIAN_POINT('',(1.28397E1,1.3462E1,-4.81965E0));
#3928=VERTEX_POINT('',#3926);
#3929=VERTEX_POINT('',#3927);
#3930=CARTESIAN_POINT('',(1.28397E1,1.3462E1,-7.88035E0));
#3931=VERTEX_POINT('',#3930);
#3932=CARTESIAN_POINT('',(1.31445E1,1.3462E1,-8.18515E0));
#3933=VERTEX_POINT('',#3932);
#3934=CARTESIAN_POINT('',(1.98755E1,1.3462E1,-8.18515E0));
#3935=CARTESIAN_POINT('',(2.01803E1,1.3462E1,-7.88035E0));
#3936=VERTEX_POINT('',#3934);
#3937=VERTEX_POINT('',#3935);
#3938=CARTESIAN_POINT('',(2.01803E1,1.3462E1,-4.81965E0));
#3939=VERTEX_POINT('',#3938);
#3940=CARTESIAN_POINT('',(1.98755E1,1.3462E1,-4.51485E0));
#3941=VERTEX_POINT('',#3940);
#3942=CARTESIAN_POINT('',(1.98755E1,7.493E0,-8.18515E0));
#3943=VERTEX_POINT('',#3942);
#3944=CARTESIAN_POINT('',(1.98755E1,7.493E0,-4.51485E0));
#3945=VERTEX_POINT('',#3944);
#3946=CARTESIAN_POINT('',(1.31445E1,7.493E0,-4.51485E0));
#3947=VERTEX_POINT('',#3946);
#3948=CARTESIAN_POINT('',(1.31445E1,7.493E0,-8.18515E0));
#3949=VERTEX_POINT('',#3948);
#3950=CARTESIAN_POINT('',(-3.175E0,8.3312E0,-8.9154E0));
#3951=CARTESIAN_POINT('',(-3.175E0,8.3312E0,-3.7846E0));
#3952=VERTEX_POINT('',#3950);
#3953=VERTEX_POINT('',#3951);
#3954=CARTESIAN_POINT('',(-2.3749E0,8.3312E0,-3.7846E0));
#3955=VERTEX_POINT('',#3954);
#3956=CARTESIAN_POINT('',(-2.3749E0,8.3312E0,-2.032E0));
#3957=VERTEX_POINT('',#3956);
#3958=CARTESIAN_POINT('',(2.3749E0,8.3312E0,-2.032E0));
#3959=VERTEX_POINT('',#3958);
#3960=CARTESIAN_POINT('',(2.3749E0,8.3312E0,-3.7846E0));
#3961=VERTEX_POINT('',#3960);
#3962=CARTESIAN_POINT('',(3.175E0,8.3312E0,-3.7846E0));
#3963=VERTEX_POINT('',#3962);
#3964=CARTESIAN_POINT('',(3.175E0,8.3312E0,-8.9154E0));
#3965=VERTEX_POINT('',#3964);
#3966=CARTESIAN_POINT('',(2.3749E0,8.3312E0,-8.9154E0));
#3967=VERTEX_POINT('',#3966);
#3968=CARTESIAN_POINT('',(2.3749E0,8.3312E0,-1.0668E1));
#3969=VERTEX_POINT('',#3968);
#3970=CARTESIAN_POINT('',(-2.3749E0,8.3312E0,-1.0668E1));
#3971=VERTEX_POINT('',#3970);
#3972=CARTESIAN_POINT('',(-2.3749E0,8.3312E0,-8.9154E0));
#3973=VERTEX_POINT('',#3972);
#3974=CARTESIAN_POINT('',(-3.175E0,7.493E0,-8.9154E0));
#3975=CARTESIAN_POINT('',(-3.175E0,7.493E0,-3.7846E0));
#3976=VERTEX_POINT('',#3974);
#3977=VERTEX_POINT('',#3975);
#3978=CARTESIAN_POINT('',(-2.3749E0,7.493E0,-3.7846E0));
#3979=VERTEX_POINT('',#3978);
#3980=CARTESIAN_POINT('',(-2.3749E0,7.493E0,-2.032E0));
#3981=VERTEX_POINT('',#3980);
#3982=CARTESIAN_POINT('',(2.3749E0,7.493E0,-2.032E0));
#3983=VERTEX_POINT('',#3982);
#3984=CARTESIAN_POINT('',(2.3749E0,7.493E0,-3.7846E0));
#3985=VERTEX_POINT('',#3984);
#3986=CARTESIAN_POINT('',(3.175E0,7.493E0,-3.7846E0));
#3987=VERTEX_POINT('',#3986);
#3988=CARTESIAN_POINT('',(3.175E0,7.493E0,-8.9154E0));
#3989=VERTEX_POINT('',#3988);
#3990=CARTESIAN_POINT('',(2.3749E0,7.493E0,-8.9154E0));
#3991=VERTEX_POINT('',#3990);
#3992=CARTESIAN_POINT('',(2.3749E0,7.493E0,-1.0668E1));
#3993=VERTEX_POINT('',#3992);
#3994=CARTESIAN_POINT('',(-2.3749E0,7.493E0,-1.0668E1));
#3995=VERTEX_POINT('',#3994);
#3996=CARTESIAN_POINT('',(-2.3749E0,7.493E0,-8.9154E0));
#3997=VERTEX_POINT('',#3996);
#3998=CARTESIAN_POINT('',(5.08E0,8.3312E0,-8.9154E0));
#3999=CARTESIAN_POINT('',(5.08E0,8.3312E0,-3.7846E0));
#4000=VERTEX_POINT('',#3998);
#4001=VERTEX_POINT('',#3999);
#4002=CARTESIAN_POINT('',(5.8801E0,8.3312E0,-3.7846E0));
#4003=VERTEX_POINT('',#4002);
#4004=CARTESIAN_POINT('',(5.8801E0,8.3312E0,-2.032E0));
#4005=VERTEX_POINT('',#4004);
#4006=CARTESIAN_POINT('',(1.06299E1,8.3312E0,-2.032E0));
#4007=VERTEX_POINT('',#4006);
#4008=CARTESIAN_POINT('',(1.06299E1,8.3312E0,-3.7846E0));
#4009=VERTEX_POINT('',#4008);
#4010=CARTESIAN_POINT('',(1.143E1,8.3312E0,-3.7846E0));
#4011=VERTEX_POINT('',#4010);
#4012=CARTESIAN_POINT('',(1.143E1,8.3312E0,-8.9154E0));
#4013=VERTEX_POINT('',#4012);
#4014=CARTESIAN_POINT('',(1.06299E1,8.3312E0,-8.9154E0));
#4015=VERTEX_POINT('',#4014);
#4016=CARTESIAN_POINT('',(1.06299E1,8.3312E0,-1.0668E1));
#4017=VERTEX_POINT('',#4016);
#4018=CARTESIAN_POINT('',(5.8801E0,8.3312E0,-1.0668E1));
#4019=VERTEX_POINT('',#4018);
#4020=CARTESIAN_POINT('',(5.8801E0,8.3312E0,-8.9154E0));
#4021=VERTEX_POINT('',#4020);
#4022=CARTESIAN_POINT('',(5.08E0,7.493E0,-8.9154E0));
#4023=CARTESIAN_POINT('',(5.08E0,7.493E0,-3.7846E0));
#4024=VERTEX_POINT('',#4022);
#4025=VERTEX_POINT('',#4023);
#4026=CARTESIAN_POINT('',(5.8801E0,7.493E0,-3.7846E0));
#4027=VERTEX_POINT('',#4026);
#4028=CARTESIAN_POINT('',(5.8801E0,7.493E0,-2.032E0));
#4029=VERTEX_POINT('',#4028);
#4030=CARTESIAN_POINT('',(1.06299E1,7.493E0,-2.032E0));
#4031=VERTEX_POINT('',#4030);
#4032=CARTESIAN_POINT('',(1.06299E1,7.493E0,-3.7846E0));
#4033=VERTEX_POINT('',#4032);
#4034=CARTESIAN_POINT('',(1.143E1,7.493E0,-3.7846E0));
#4035=VERTEX_POINT('',#4034);
#4036=CARTESIAN_POINT('',(1.143E1,7.493E0,-8.9154E0));
#4037=VERTEX_POINT('',#4036);
#4038=CARTESIAN_POINT('',(1.06299E1,7.493E0,-8.9154E0));
#4039=VERTEX_POINT('',#4038);
#4040=CARTESIAN_POINT('',(1.06299E1,7.493E0,-1.0668E1));
#4041=VERTEX_POINT('',#4040);
#4042=CARTESIAN_POINT('',(5.8801E0,7.493E0,-1.0668E1));
#4043=VERTEX_POINT('',#4042);
#4044=CARTESIAN_POINT('',(5.8801E0,7.493E0,-8.9154E0));
#4045=VERTEX_POINT('',#4044);
#4046=CARTESIAN_POINT('',(1.3335E1,8.3312E0,-8.9154E0));
#4047=CARTESIAN_POINT('',(1.3335E1,8.3312E0,-3.7846E0));
#4048=VERTEX_POINT('',#4046);
#4049=VERTEX_POINT('',#4047);
#4050=CARTESIAN_POINT('',(1.41351E1,8.3312E0,-3.7846E0));
#4051=VERTEX_POINT('',#4050);
#4052=CARTESIAN_POINT('',(1.41351E1,8.3312E0,-2.032E0));
#4053=VERTEX_POINT('',#4052);
#4054=CARTESIAN_POINT('',(1.88849E1,8.3312E0,-2.032E0));
#4055=VERTEX_POINT('',#4054);
#4056=CARTESIAN_POINT('',(1.88849E1,8.3312E0,-3.7846E0));
#4057=VERTEX_POINT('',#4056);
#4058=CARTESIAN_POINT('',(1.9685E1,8.3312E0,-3.7846E0));
#4059=VERTEX_POINT('',#4058);
#4060=CARTESIAN_POINT('',(1.9685E1,8.3312E0,-8.9154E0));
#4061=VERTEX_POINT('',#4060);
#4062=CARTESIAN_POINT('',(1.88849E1,8.3312E0,-8.9154E0));
#4063=VERTEX_POINT('',#4062);
#4064=CARTESIAN_POINT('',(1.88849E1,8.3312E0,-1.0668E1));
#4065=VERTEX_POINT('',#4064);
#4066=CARTESIAN_POINT('',(1.41351E1,8.3312E0,-1.0668E1));
#4067=VERTEX_POINT('',#4066);
#4068=CARTESIAN_POINT('',(1.41351E1,8.3312E0,-8.9154E0));
#4069=VERTEX_POINT('',#4068);
#4070=CARTESIAN_POINT('',(1.3335E1,7.493E0,-8.9154E0));
#4071=CARTESIAN_POINT('',(1.3335E1,7.493E0,-3.7846E0));
#4072=VERTEX_POINT('',#4070);
#4073=VERTEX_POINT('',#4071);
#4074=CARTESIAN_POINT('',(1.41351E1,7.493E0,-3.7846E0));
#4075=VERTEX_POINT('',#4074);
#4076=CARTESIAN_POINT('',(1.41351E1,7.493E0,-2.032E0));
#4077=VERTEX_POINT('',#4076);
#4078=CARTESIAN_POINT('',(1.88849E1,7.493E0,-2.032E0));
#4079=VERTEX_POINT('',#4078);
#4080=CARTESIAN_POINT('',(1.88849E1,7.493E0,-3.7846E0));
#4081=VERTEX_POINT('',#4080);
#4082=CARTESIAN_POINT('',(1.9685E1,7.493E0,-3.7846E0));
#4083=VERTEX_POINT('',#4082);
#4084=CARTESIAN_POINT('',(1.9685E1,7.493E0,-8.9154E0));
#4085=VERTEX_POINT('',#4084);
#4086=CARTESIAN_POINT('',(1.88849E1,7.493E0,-8.9154E0));
#4087=VERTEX_POINT('',#4086);
#4088=CARTESIAN_POINT('',(1.88849E1,7.493E0,-1.0668E1));
#4089=VERTEX_POINT('',#4088);
#4090=CARTESIAN_POINT('',(1.41351E1,7.493E0,-1.0668E1));
#4091=VERTEX_POINT('',#4090);
#4092=CARTESIAN_POINT('',(1.41351E1,7.493E0,-8.9154E0));
#4093=VERTEX_POINT('',#4092);
#4094=CARTESIAN_POINT('',(0.E0,1.21412E1,-3.0099E0));
#4095=CARTESIAN_POINT('',(0.E0,1.36652E1,-3.0099E0));
#4096=VERTEX_POINT('',#4094);
#4097=VERTEX_POINT('',#4095);
#4098=CARTESIAN_POINT('',(0.E0,1.4478E1,-6.35E0));
#4099=VERTEX_POINT('',#4098);
#4100=CARTESIAN_POINT('',(0.E0,1.21412E1,-9.6901E0));
#4101=CARTESIAN_POINT('',(0.E0,1.36652E1,-9.6901E0));
#4102=VERTEX_POINT('',#4100);
#4103=VERTEX_POINT('',#4101);
#4104=CARTESIAN_POINT('',(0.E0,8.3312E0,-4.64566E0));
#4105=CARTESIAN_POINT('',(0.E0,8.3312E0,-8.05434E0));
#4106=VERTEX_POINT('',#4104);
#4107=VERTEX_POINT('',#4105);
#4108=CARTESIAN_POINT('',(8.255E0,1.21412E1,-3.0099E0));
#4109=CARTESIAN_POINT('',(8.255E0,1.36652E1,-3.0099E0));
#4110=VERTEX_POINT('',#4108);
#4111=VERTEX_POINT('',#4109);
#4112=CARTESIAN_POINT('',(8.255E0,1.4478E1,-6.35E0));
#4113=VERTEX_POINT('',#4112);
#4114=CARTESIAN_POINT('',(8.255E0,1.21412E1,-9.6901E0));
#4115=CARTESIAN_POINT('',(8.255E0,1.36652E1,-9.6901E0));
#4116=VERTEX_POINT('',#4114);
#4117=VERTEX_POINT('',#4115);
#4118=CARTESIAN_POINT('',(8.255E0,8.3312E0,-4.64566E0));
#4119=CARTESIAN_POINT('',(8.255E0,8.3312E0,-8.05434E0));
#4120=VERTEX_POINT('',#4118);
#4121=VERTEX_POINT('',#4119);
#4122=CARTESIAN_POINT('',(1.651E1,1.21412E1,-3.0099E0));
#4123=CARTESIAN_POINT('',(1.651E1,1.36652E1,-3.0099E0));
#4124=VERTEX_POINT('',#4122);
#4125=VERTEX_POINT('',#4123);
#4126=CARTESIAN_POINT('',(1.651E1,1.4478E1,-6.35E0));
#4127=VERTEX_POINT('',#4126);
#4128=CARTESIAN_POINT('',(1.651E1,1.21412E1,-9.6901E0));
#4129=CARTESIAN_POINT('',(1.651E1,1.36652E1,-9.6901E0));
#4130=VERTEX_POINT('',#4128);
#4131=VERTEX_POINT('',#4129);
#4132=CARTESIAN_POINT('',(1.651E1,8.3312E0,-4.64566E0));
#4133=CARTESIAN_POINT('',(1.651E1,8.3312E0,-8.05434E0));
#4134=VERTEX_POINT('',#4132);
#4135=VERTEX_POINT('',#4133);
#4136=CARTESIAN_POINT('',(-3.2131E0,1.03632E1,-9.5631E0));
#4137=CARTESIAN_POINT('',(-3.2131E0,1.03632E1,-3.1369E0));
#4138=VERTEX_POINT('',#4136);
#4139=VERTEX_POINT('',#4137);
#4140=CARTESIAN_POINT('',(3.2131E0,1.03632E1,-3.1369E0));
#4141=VERTEX_POINT('',#4140);
#4142=CARTESIAN_POINT('',(3.2131E0,1.03632E1,-9.5631E0));
#4143=VERTEX_POINT('',#4142);
#4144=CARTESIAN_POINT('',(-3.2131E0,1.21412E1,-9.5631E0));
#4145=VERTEX_POINT('',#4144);
#4146=CARTESIAN_POINT('',(-3.2131E0,1.21412E1,-3.1369E0));
#4147=VERTEX_POINT('',#4146);
#4148=CARTESIAN_POINT('',(3.2131E0,1.21412E1,-3.1369E0));
#4149=VERTEX_POINT('',#4148);
#4150=CARTESIAN_POINT('',(3.2131E0,1.21412E1,-9.5631E0));
#4151=VERTEX_POINT('',#4150);
#4152=CARTESIAN_POINT('',(0.E0,1.03632E1,-4.64566E0));
#4153=CARTESIAN_POINT('',(0.E0,1.03632E1,-8.05434E0));
#4154=VERTEX_POINT('',#4152);
#4155=VERTEX_POINT('',#4153);
#4156=CARTESIAN_POINT('',(-3.2131E0,1.21412E1,-7.262280877800E0));
#4157=CARTESIAN_POINT('',(-3.2131E0,1.21412E1,-5.437719122200E0));
#4158=VERTEX_POINT('',#4156);
#4159=VERTEX_POINT('',#4157);
#4160=CARTESIAN_POINT('',(-9.122808778003E-1,1.21412E1,-3.1369E0));
#4161=CARTESIAN_POINT('',(9.122808778002E-1,1.21412E1,-3.1369E0));
#4162=VERTEX_POINT('',#4160);
#4163=VERTEX_POINT('',#4161);
#4164=CARTESIAN_POINT('',(3.2131E0,1.21412E1,-5.437719122200E0));
#4165=CARTESIAN_POINT('',(3.2131E0,1.21412E1,-7.262280877800E0));
#4166=VERTEX_POINT('',#4164);
#4167=VERTEX_POINT('',#4165);
#4168=CARTESIAN_POINT('',(9.122808778002E-1,1.21412E1,-9.5631E0));
#4169=CARTESIAN_POINT('',(-9.122808778003E-1,1.21412E1,-9.5631E0));
#4170=VERTEX_POINT('',#4168);
#4171=VERTEX_POINT('',#4169);
#4172=CARTESIAN_POINT('',(5.0419E0,1.03632E1,-9.5631E0));
#4173=CARTESIAN_POINT('',(5.0419E0,1.03632E1,-3.1369E0));
#4174=VERTEX_POINT('',#4172);
#4175=VERTEX_POINT('',#4173);
#4176=CARTESIAN_POINT('',(1.14681E1,1.03632E1,-3.1369E0));
#4177=VERTEX_POINT('',#4176);
#4178=CARTESIAN_POINT('',(1.14681E1,1.03632E1,-9.5631E0));
#4179=VERTEX_POINT('',#4178);
#4180=CARTESIAN_POINT('',(5.0419E0,1.21412E1,-9.5631E0));
#4181=VERTEX_POINT('',#4180);
#4182=CARTESIAN_POINT('',(5.0419E0,1.21412E1,-3.1369E0));
#4183=VERTEX_POINT('',#4182);
#4184=CARTESIAN_POINT('',(1.14681E1,1.21412E1,-3.1369E0));
#4185=VERTEX_POINT('',#4184);
#4186=CARTESIAN_POINT('',(1.14681E1,1.21412E1,-9.5631E0));
#4187=VERTEX_POINT('',#4186);
#4188=CARTESIAN_POINT('',(8.255E0,1.03632E1,-4.64566E0));
#4189=CARTESIAN_POINT('',(8.255E0,1.03632E1,-8.05434E0));
#4190=VERTEX_POINT('',#4188);
#4191=VERTEX_POINT('',#4189);
#4192=CARTESIAN_POINT('',(5.0419E0,1.21412E1,-7.262280877800E0));
#4193=CARTESIAN_POINT('',(5.0419E0,1.21412E1,-5.437719122200E0));
#4194=VERTEX_POINT('',#4192);
#4195=VERTEX_POINT('',#4193);
#4196=CARTESIAN_POINT('',(7.342719122200E0,1.21412E1,-3.1369E0));
#4197=CARTESIAN_POINT('',(9.167280877800E0,1.21412E1,-3.1369E0));
#4198=VERTEX_POINT('',#4196);
#4199=VERTEX_POINT('',#4197);
#4200=CARTESIAN_POINT('',(1.14681E1,1.21412E1,-5.437719122200E0));
#4201=CARTESIAN_POINT('',(1.14681E1,1.21412E1,-7.262280877800E0));
#4202=VERTEX_POINT('',#4200);
#4203=VERTEX_POINT('',#4201);
#4204=CARTESIAN_POINT('',(9.167280877800E0,1.21412E1,-9.5631E0));
#4205=CARTESIAN_POINT('',(7.342719122200E0,1.21412E1,-9.5631E0));
#4206=VERTEX_POINT('',#4204);
#4207=VERTEX_POINT('',#4205);
#4208=CARTESIAN_POINT('',(1.32969E1,1.03632E1,-9.5631E0));
#4209=CARTESIAN_POINT('',(1.32969E1,1.03632E1,-3.1369E0));
#4210=VERTEX_POINT('',#4208);
#4211=VERTEX_POINT('',#4209);
#4212=CARTESIAN_POINT('',(1.97231E1,1.03632E1,-3.1369E0));
#4213=VERTEX_POINT('',#4212);
#4214=CARTESIAN_POINT('',(1.97231E1,1.03632E1,-9.5631E0));
#4215=VERTEX_POINT('',#4214);
#4216=CARTESIAN_POINT('',(1.32969E1,1.21412E1,-9.5631E0));
#4217=VERTEX_POINT('',#4216);
#4218=CARTESIAN_POINT('',(1.32969E1,1.21412E1,-3.1369E0));
#4219=VERTEX_POINT('',#4218);
#4220=CARTESIAN_POINT('',(1.97231E1,1.21412E1,-3.1369E0));
#4221=VERTEX_POINT('',#4220);
#4222=CARTESIAN_POINT('',(1.97231E1,1.21412E1,-9.5631E0));
#4223=VERTEX_POINT('',#4222);
#4224=CARTESIAN_POINT('',(1.651E1,1.03632E1,-4.64566E0));
#4225=CARTESIAN_POINT('',(1.651E1,1.03632E1,-8.05434E0));
#4226=VERTEX_POINT('',#4224);
#4227=VERTEX_POINT('',#4225);
#4228=CARTESIAN_POINT('',(1.32969E1,1.21412E1,-7.262280877800E0));
#4229=CARTESIAN_POINT('',(1.32969E1,1.21412E1,-5.437719122200E0));
#4230=VERTEX_POINT('',#4228);
#4231=VERTEX_POINT('',#4229);
#4232=CARTESIAN_POINT('',(1.559771912220E1,1.21412E1,-3.1369E0));
#4233=CARTESIAN_POINT('',(1.742228087780E1,1.21412E1,-3.1369E0));
#4234=VERTEX_POINT('',#4232);
#4235=VERTEX_POINT('',#4233);
#4236=CARTESIAN_POINT('',(1.97231E1,1.21412E1,-5.437719122200E0));
#4237=CARTESIAN_POINT('',(1.97231E1,1.21412E1,-7.262280877800E0));
#4238=VERTEX_POINT('',#4236);
#4239=VERTEX_POINT('',#4237);
#4240=CARTESIAN_POINT('',(1.742228087780E1,1.21412E1,-9.5631E0));
#4241=CARTESIAN_POINT('',(1.559771912220E1,1.21412E1,-9.5631E0));
#4242=VERTEX_POINT('',#4240);
#4243=VERTEX_POINT('',#4241);
#4244=CARTESIAN_POINT('',(2.1463E1,0.E0,0.E0));
#4245=DIRECTION('',(-1.E0,0.E0,0.E0));
#4246=DIRECTION('',(0.E0,0.E0,1.E0));
#4247=AXIS2_PLACEMENT_3D('',#4244,#4245,#4246);
#4248=PLANE('',#4247);
#4250=ORIENTED_EDGE('',*,*,#4249,.T.);
#4252=ORIENTED_EDGE('',*,*,#4251,.T.);
#4254=ORIENTED_EDGE('',*,*,#4253,.T.);
#4256=ORIENTED_EDGE('',*,*,#4255,.T.);
#4258=ORIENTED_EDGE('',*,*,#4257,.T.);
#4260=ORIENTED_EDGE('',*,*,#4259,.T.);
#4261=EDGE_LOOP('',(#4250,#4252,#4254,#4256,#4258,#4260));
#4262=FACE_OUTER_BOUND('',#4261,.F.);
#4263=ADVANCED_FACE('',(#4262),#4248,.F.);
#4264=CARTESIAN_POINT('',(2.1463E1,0.E0,0.E0));
#4265=DIRECTION('',(0.E0,0.E0,1.E0));
#4266=DIRECTION('',(0.E0,1.E0,0.E0));
#4267=AXIS2_PLACEMENT_3D('',#4264,#4265,#4266);
#4268=PLANE('',#4267);
#4270=ORIENTED_EDGE('',*,*,#4269,.F.);
#4272=ORIENTED_EDGE('',*,*,#4271,.F.);
#4274=ORIENTED_EDGE('',*,*,#4273,.T.);
#4276=ORIENTED_EDGE('',*,*,#4275,.T.);
#4278=ORIENTED_EDGE('',*,*,#4277,.T.);
#4279=EDGE_LOOP('',(#4270,#4272,#4274,#4276,#4278));
#4280=FACE_OUTER_BOUND('',#4279,.F.);
#4281=ADVANCED_FACE('',(#4280),#4268,.T.);
#4282=CARTESIAN_POINT('',(2.1463E1,0.E0,0.E0));
#4283=DIRECTION('',(0.E0,0.E0,1.E0));
#4284=DIRECTION('',(0.E0,1.E0,0.E0));
#4285=AXIS2_PLACEMENT_3D('',#4282,#4283,#4284);
#4286=PLANE('',#4285);
#4288=ORIENTED_EDGE('',*,*,#4287,.F.);
#4290=ORIENTED_EDGE('',*,*,#4289,.T.);
#4292=ORIENTED_EDGE('',*,*,#4291,.F.);
#4294=ORIENTED_EDGE('',*,*,#4293,.T.);
#4296=ORIENTED_EDGE('',*,*,#4295,.F.);
#4298=ORIENTED_EDGE('',*,*,#4297,.T.);
#4299=EDGE_LOOP('',(#4288,#4290,#4292,#4294,#4296,#4298));
#4300=FACE_OUTER_BOUND('',#4299,.F.);
#4301=ADVANCED_FACE('',(#4300),#4286,.T.);
#4302=CARTESIAN_POINT('',(2.1463E1,0.E0,0.E0));
#4303=DIRECTION('',(0.E0,0.E0,1.E0));
#4304=DIRECTION('',(0.E0,1.E0,0.E0));
#4305=AXIS2_PLACEMENT_3D('',#4302,#4303,#4304);
#4306=PLANE('',#4305);
#4308=ORIENTED_EDGE('',*,*,#4307,.T.);
#4310=ORIENTED_EDGE('',*,*,#4309,.F.);
#4312=ORIENTED_EDGE('',*,*,#4311,.T.);
#4314=ORIENTED_EDGE('',*,*,#4313,.T.);
#4316=ORIENTED_EDGE('',*,*,#4315,.T.);
#4318=ORIENTED_EDGE('',*,*,#4317,.F.);
#4319=EDGE_LOOP('',(#4308,#4310,#4312,#4314,#4316,#4318));
#4320=FACE_OUTER_BOUND('',#4319,.F.);
#4321=ADVANCED_FACE('',(#4320),#4306,.T.);
#4322=CARTESIAN_POINT('',(2.1463E1,0.E0,0.E0));
#4323=DIRECTION('',(0.E0,0.E0,1.E0));
#4324=DIRECTION('',(0.E0,1.E0,0.E0));
#4325=AXIS2_PLACEMENT_3D('',#4322,#4323,#4324);
#4326=PLANE('',#4325);
#4328=ORIENTED_EDGE('',*,*,#4327,.T.);
#4330=ORIENTED_EDGE('',*,*,#4329,.F.);
#4332=ORIENTED_EDGE('',*,*,#4331,.T.);
#4334=ORIENTED_EDGE('',*,*,#4333,.F.);
#4336=ORIENTED_EDGE('',*,*,#4335,.F.);
#4338=ORIENTED_EDGE('',*,*,#4337,.F.);
#4339=EDGE_LOOP('',(#4328,#4330,#4332,#4334,#4336,#4338));
#4340=FACE_OUTER_BOUND('',#4339,.F.);
#4341=ADVANCED_FACE('',(#4340),#4326,.T.);
#4342=CARTESIAN_POINT('',(2.1463E1,0.E0,0.E0));
#4343=DIRECTION('',(0.E0,0.E0,1.E0));
#4344=DIRECTION('',(0.E0,1.E0,0.E0));
#4345=AXIS2_PLACEMENT_3D('',#4342,#4343,#4344);
#4346=PLANE('',#4345);
#4348=ORIENTED_EDGE('',*,*,#4347,.F.);
#4350=ORIENTED_EDGE('',*,*,#4349,.F.);
#4351=ORIENTED_EDGE('',*,*,#4249,.F.);
#4353=ORIENTED_EDGE('',*,*,#4352,.T.);
#4355=ORIENTED_EDGE('',*,*,#4354,.T.);
#4356=EDGE_LOOP('',(#4348,#4350,#4351,#4353,#4355));
#4357=FACE_OUTER_BOUND('',#4356,.F.);
#4358=ADVANCED_FACE('',(#4357),#4346,.T.);
#4359=CARTESIAN_POINT('',(2.1463E1,0.E0,0.E0));
#4360=DIRECTION('',(0.E0,0.E0,1.E0));
#4361=DIRECTION('',(0.E0,1.E0,0.E0));
#4362=AXIS2_PLACEMENT_3D('',#4359,#4360,#4361);
#4363=PLANE('',#4362);
#4365=ORIENTED_EDGE('',*,*,#4364,.T.);
#4367=ORIENTED_EDGE('',*,*,#4366,.F.);
#4369=ORIENTED_EDGE('',*,*,#4368,.T.);
#4371=ORIENTED_EDGE('',*,*,#4370,.T.);
#4373=ORIENTED_EDGE('',*,*,#4372,.F.);
#4375=ORIENTED_EDGE('',*,*,#4374,.F.);
#4376=EDGE_LOOP('',(#4365,#4367,#4369,#4371,#4373,#4375));
#4377=FACE_OUTER_BOUND('',#4376,.F.);
#4378=ADVANCED_FACE('',(#4377),#4363,.T.);
#4379=CARTESIAN_POINT('',(2.1463E1,1.18618E1,-1.6002E0));
#4380=DIRECTION('',(-1.E0,0.E0,0.E0));
#4381=DIRECTION('',(0.E0,0.E0,1.E0));
#4382=AXIS2_PLACEMENT_3D('',#4379,#4380,#4381);
#4383=CYLINDRICAL_SURFACE('',#4382,1.6002E0);
#4384=ORIENTED_EDGE('',*,*,#4269,.T.);
#4386=ORIENTED_EDGE('',*,*,#4385,.T.);
#4388=ORIENTED_EDGE('',*,*,#4387,.F.);
#4390=ORIENTED_EDGE('',*,*,#4389,.T.);
#4391=EDGE_LOOP('',(#4384,#4386,#4388,#4390));
#4392=FACE_OUTER_BOUND('',#4391,.F.);
#4393=ADVANCED_FACE('',(#4392),#4383,.T.);
#4394=CARTESIAN_POINT('',(2.1463E1,1.18618E1,-1.6002E0));
#4395=DIRECTION('',(-1.E0,0.E0,0.E0));
#4396=DIRECTION('',(0.E0,0.E0,1.E0));
#4397=AXIS2_PLACEMENT_3D('',#4394,#4395,#4396);
#4398=CYLINDRICAL_SURFACE('',#4397,1.6002E0);
#4399=ORIENTED_EDGE('',*,*,#4287,.T.);
#4401=ORIENTED_EDGE('',*,*,#4400,.F.);
#4403=ORIENTED_EDGE('',*,*,#4402,.F.);
#4405=ORIENTED_EDGE('',*,*,#4404,.F.);
#4406=EDGE_LOOP('',(#4399,#4401,#4403,#4405));
#4407=FACE_OUTER_BOUND('',#4406,.F.);
#4408=ADVANCED_FACE('',(#4407),#4398,.T.);
#4409=CARTESIAN_POINT('',(2.1463E1,1.18618E1,-1.6002E0));
#4410=DIRECTION('',(-1.E0,0.E0,0.E0));
#4411=DIRECTION('',(0.E0,0.E0,1.E0));
#4412=AXIS2_PLACEMENT_3D('',#4409,#4410,#4411);
#4413=CYLINDRICAL_SURFACE('',#4412,1.6002E0);
#4415=ORIENTED_EDGE('',*,*,#4414,.F.);
#4416=ORIENTED_EDGE('',*,*,#4317,.T.);
#4418=ORIENTED_EDGE('',*,*,#4417,.F.);
#4420=ORIENTED_EDGE('',*,*,#4419,.F.);
#4421=EDGE_LOOP('',(#4415,#4416,#4418,#4420));
#4422=FACE_OUTER_BOUND('',#4421,.F.);
#4423=ADVANCED_FACE('',(#4422),#4413,.T.);
#4424=CARTESIAN_POINT('',(2.1463E1,1.18618E1,-1.6002E0));
#4425=DIRECTION('',(-1.E0,0.E0,0.E0));
#4426=DIRECTION('',(0.E0,0.E0,1.E0));
#4427=AXIS2_PLACEMENT_3D('',#4424,#4425,#4426);
#4428=CYLINDRICAL_SURFACE('',#4427,1.6002E0);
#4430=ORIENTED_EDGE('',*,*,#4429,.F.);
#4431=ORIENTED_EDGE('',*,*,#4337,.T.);
#4433=ORIENTED_EDGE('',*,*,#4432,.T.);
#4435=ORIENTED_EDGE('',*,*,#4434,.F.);
#4436=EDGE_LOOP('',(#4430,#4431,#4433,#4435));
#4437=FACE_OUTER_BOUND('',#4436,.F.);
#4438=ADVANCED_FACE('',(#4437),#4428,.T.);
#4439=CARTESIAN_POINT('',(2.1463E1,1.18618E1,-1.6002E0));
#4440=DIRECTION('',(-1.E0,0.E0,0.E0));
#4441=DIRECTION('',(0.E0,0.E0,1.E0));
#4442=AXIS2_PLACEMENT_3D('',#4439,#4440,#4441);
#4443=CYLINDRICAL_SURFACE('',#4442,1.6002E0);
#4445=ORIENTED_EDGE('',*,*,#4444,.T.);
#4447=ORIENTED_EDGE('',*,*,#4446,.F.);
#4448=ORIENTED_EDGE('',*,*,#4251,.F.);
#4449=ORIENTED_EDGE('',*,*,#4349,.T.);
#4450=EDGE_LOOP('',(#4445,#4447,#4448,#4449));
#4451=FACE_OUTER_BOUND('',#4450,.F.);
#4452=ADVANCED_FACE('',(#4451),#4443,.T.);
#4453=CARTESIAN_POINT('',(2.1463E1,1.18618E1,-1.6002E0));
#4454=DIRECTION('',(-1.E0,0.E0,0.E0));
#4455=DIRECTION('',(0.E0,0.E0,1.E0));
#4456=AXIS2_PLACEMENT_3D('',#4453,#4454,#4455);
#4457=CYLINDRICAL_SURFACE('',#4456,1.6002E0);
#4459=ORIENTED_EDGE('',*,*,#4458,.F.);
#4460=ORIENTED_EDGE('',*,*,#4374,.T.);
#4462=ORIENTED_EDGE('',*,*,#4461,.T.);
#4464=ORIENTED_EDGE('',*,*,#4463,.F.);
#4465=EDGE_LOOP('',(#4459,#4460,#4462,#4464));
#4466=FACE_OUTER_BOUND('',#4465,.F.);
#4467=ADVANCED_FACE('',(#4466),#4457,.T.);
#4468=CARTESIAN_POINT('',(-2.1463E1,0.E0,0.E0));
#4469=DIRECTION('',(-1.E0,0.E0,0.E0));
#4470=DIRECTION('',(0.E0,0.E0,1.E0));
#4471=AXIS2_PLACEMENT_3D('',#4468,#4469,#4470);
#4472=PLANE('',#4471);
#4473=ORIENTED_EDGE('',*,*,#4277,.F.);
#4475=ORIENTED_EDGE('',*,*,#4474,.F.);
#4477=ORIENTED_EDGE('',*,*,#4476,.F.);
#4479=ORIENTED_EDGE('',*,*,#4478,.F.);
#4481=ORIENTED_EDGE('',*,*,#4480,.F.);
#4482=ORIENTED_EDGE('',*,*,#4385,.F.);
#4483=EDGE_LOOP('',(#4473,#4475,#4477,#4479,#4481,#4482));
#4484=FACE_OUTER_BOUND('',#4483,.F.);
#4485=ADVANCED_FACE('',(#4484),#4472,.T.);
#4486=CARTESIAN_POINT('',(2.1463E1,0.E0,-1.27E1));
#4487=DIRECTION('',(0.E0,-1.E0,0.E0));
#4488=DIRECTION('',(0.E0,0.E0,1.E0));
#4489=AXIS2_PLACEMENT_3D('',#4486,#4487,#4488);
#4490=PLANE('',#4489);
#4491=ORIENTED_EDGE('',*,*,#4275,.F.);
#4493=ORIENTED_EDGE('',*,*,#4492,.T.);
#4495=ORIENTED_EDGE('',*,*,#4494,.T.);
#4496=ORIENTED_EDGE('',*,*,#4474,.T.);
#4497=EDGE_LOOP('',(#4491,#4493,#4495,#4496));
#4498=FACE_OUTER_BOUND('',#4497,.F.);
#4499=ADVANCED_FACE('',(#4498),#4490,.T.);
#4500=CARTESIAN_POINT('',(2.1463E1,0.E0,-1.27E1));
#4501=DIRECTION('',(0.E0,-1.E0,0.E0));
#4502=DIRECTION('',(0.E0,0.E0,1.E0));
#4503=AXIS2_PLACEMENT_3D('',#4500,#4501,#4502);
#4504=PLANE('',#4503);
#4506=ORIENTED_EDGE('',*,*,#4505,.F.);
#4508=ORIENTED_EDGE('',*,*,#4507,.T.);
#4510=ORIENTED_EDGE('',*,*,#4509,.F.);
#4511=ORIENTED_EDGE('',*,*,#4293,.F.);
#4512=EDGE_LOOP('',(#4506,#4508,#4510,#4511));
#4513=FACE_OUTER_BOUND('',#4512,.F.);
#4514=ADVANCED_FACE('',(#4513),#4504,.T.);
#4515=CARTESIAN_POINT('',(2.1463E1,0.E0,-1.27E1));
#4516=DIRECTION('',(0.E0,-1.E0,0.E0));
#4517=DIRECTION('',(0.E0,0.E0,1.E0));
#4518=AXIS2_PLACEMENT_3D('',#4515,#4516,#4517);
#4519=PLANE('',#4518);
#4521=ORIENTED_EDGE('',*,*,#4520,.F.);
#4523=ORIENTED_EDGE('',*,*,#4522,.T.);
#4525=ORIENTED_EDGE('',*,*,#4524,.T.);
#4526=ORIENTED_EDGE('',*,*,#4311,.F.);
#4527=EDGE_LOOP('',(#4521,#4523,#4525,#4526));
#4528=FACE_OUTER_BOUND('',#4527,.F.);
#4529=ADVANCED_FACE('',(#4528),#4519,.T.);
#4530=CARTESIAN_POINT('',(2.1463E1,0.E0,-1.27E1));
#4531=DIRECTION('',(0.E0,-1.E0,0.E0));
#4532=DIRECTION('',(0.E0,0.E0,1.E0));
#4533=AXIS2_PLACEMENT_3D('',#4530,#4531,#4532);
#4534=PLANE('',#4533);
#4536=ORIENTED_EDGE('',*,*,#4535,.F.);
#4538=ORIENTED_EDGE('',*,*,#4537,.T.);
#4540=ORIENTED_EDGE('',*,*,#4539,.F.);
#4541=ORIENTED_EDGE('',*,*,#4331,.F.);
#4542=EDGE_LOOP('',(#4536,#4538,#4540,#4541));
#4543=FACE_OUTER_BOUND('',#4542,.F.);
#4544=ADVANCED_FACE('',(#4543),#4534,.T.);
#4545=CARTESIAN_POINT('',(2.1463E1,0.E0,-1.27E1));
#4546=DIRECTION('',(0.E0,-1.E0,0.E0));
#4547=DIRECTION('',(0.E0,0.E0,1.E0));
#4548=AXIS2_PLACEMENT_3D('',#4545,#4546,#4547);
#4549=PLANE('',#4548);
#4551=ORIENTED_EDGE('',*,*,#4550,.F.);
#4553=ORIENTED_EDGE('',*,*,#4552,.T.);
#4555=ORIENTED_EDGE('',*,*,#4554,.T.);
#4556=ORIENTED_EDGE('',*,*,#4368,.F.);
#4557=EDGE_LOOP('',(#4551,#4553,#4555,#4556));
#4558=FACE_OUTER_BOUND('',#4557,.F.);
#4559=ADVANCED_FACE('',(#4558),#4549,.T.);
#4560=CARTESIAN_POINT('',(2.1463E1,0.E0,-1.27E1));
#4561=DIRECTION('',(0.E0,-1.E0,0.E0));
#4562=DIRECTION('',(0.E0,0.E0,1.E0));
#4563=AXIS2_PLACEMENT_3D('',#4560,#4561,#4562);
#4564=PLANE('',#4563);
#4566=ORIENTED_EDGE('',*,*,#4565,.T.);
#4567=ORIENTED_EDGE('',*,*,#4352,.F.);
#4568=ORIENTED_EDGE('',*,*,#4259,.F.);
#4570=ORIENTED_EDGE('',*,*,#4569,.T.);
#4571=EDGE_LOOP('',(#4566,#4567,#4568,#4570));
#4572=FACE_OUTER_BOUND('',#4571,.F.);
#4573=ADVANCED_FACE('',(#4572),#4564,.T.);
#4574=CARTESIAN_POINT('',(-1.98755E1,1.3462E1,-1.6002E0));
#4575=DIRECTION('',(-1.E0,0.E0,0.E0));
#4576=DIRECTION('',(0.E0,0.E0,1.E0));
#4577=AXIS2_PLACEMENT_3D('',#4574,#4575,#4576);
#4578=PLANE('',#4577);
#4579=ORIENTED_EDGE('',*,*,#4273,.F.);
#4581=ORIENTED_EDGE('',*,*,#4580,.T.);
#4583=ORIENTED_EDGE('',*,*,#4582,.T.);
#4584=ORIENTED_EDGE('',*,*,#4492,.F.);
#4585=EDGE_LOOP('',(#4579,#4581,#4583,#4584));
#4586=FACE_OUTER_BOUND('',#4585,.F.);
#4587=ADVANCED_FACE('',(#4586),#4578,.F.);
#4588=CARTESIAN_POINT('',(-1.98755E1,8.255E-1,0.E0));
#4589=DIRECTION('',(0.E0,1.E0,0.E0));
#4590=DIRECTION('',(0.E0,0.E0,-1.E0));
#4591=AXIS2_PLACEMENT_3D('',#4588,#4589,#4590);
#4592=PLANE('',#4591);
#4594=ORIENTED_EDGE('',*,*,#4593,.T.);
#4596=ORIENTED_EDGE('',*,*,#4595,.F.);
#4597=ORIENTED_EDGE('',*,*,#4580,.F.);
#4599=ORIENTED_EDGE('',*,*,#4598,.T.);
#4600=EDGE_LOOP('',(#4594,#4596,#4597,#4599));
#4601=FACE_OUTER_BOUND('',#4600,.F.);
#4603=ORIENTED_EDGE('',*,*,#4602,.T.);
#4605=ORIENTED_EDGE('',*,*,#4604,.T.);
#4606=EDGE_LOOP('',(#4603,#4605));
#4607=FACE_BOUND('',#4606,.F.);
#4609=ORIENTED_EDGE('',*,*,#4608,.T.);
#4611=ORIENTED_EDGE('',*,*,#4610,.T.);
#4613=ORIENTED_EDGE('',*,*,#4612,.F.);
#4615=ORIENTED_EDGE('',*,*,#4614,.F.);
#4616=EDGE_LOOP('',(#4609,#4611,#4613,#4615));
#4617=FACE_BOUND('',#4616,.F.);
#4618=ADVANCED_FACE('',(#4601,#4607,#4617),#4592,.F.);
#4619=CARTESIAN_POINT('',(-1.651E1,8.255E-1,-6.35E0));
#4620=DIRECTION('',(0.E0,-1.E0,0.E0));
#4621=DIRECTION('',(-1.E0,0.E0,0.E0));
#4622=AXIS2_PLACEMENT_3D('',#4619,#4620,#4621);
#4623=CYLINDRICAL_SURFACE('',#4622,1.8669E0);
#4625=ORIENTED_EDGE('',*,*,#4624,.T.);
#4627=ORIENTED_EDGE('',*,*,#4626,.T.);
#4629=ORIENTED_EDGE('',*,*,#4628,.F.);
#4630=ORIENTED_EDGE('',*,*,#4602,.F.);
#4631=EDGE_LOOP('',(#4625,#4627,#4629,#4630));
#4632=FACE_OUTER_BOUND('',#4631,.F.);
#4633=ADVANCED_FACE('',(#4632),#4623,.F.);
#4634=CARTESIAN_POINT('',(-1.651E1,8.255E-1,-6.35E0));
#4635=DIRECTION('',(0.E0,-1.E0,0.E0));
#4636=DIRECTION('',(-1.E0,0.E0,0.E0));
#4637=AXIS2_PLACEMENT_3D('',#4634,#4635,#4636);
#4638=CYLINDRICAL_SURFACE('',#4637,1.8669E0);
#4639=ORIENTED_EDGE('',*,*,#4624,.F.);
#4640=ORIENTED_EDGE('',*,*,#4604,.F.);
#4641=ORIENTED_EDGE('',*,*,#4628,.T.);
#4643=ORIENTED_EDGE('',*,*,#4642,.T.);
#4644=EDGE_LOOP('',(#4639,#4640,#4641,#4643));
#4645=FACE_OUTER_BOUND('',#4644,.F.);
#4646=ADVANCED_FACE('',(#4645),#4638,.F.);
#4647=CARTESIAN_POINT('',(-1.98755E1,1.825498E0,-1.6002E0));
#4648=DIRECTION('',(0.E0,-1.E0,0.E0));
#4649=DIRECTION('',(-1.E0,0.E0,0.E0));
#4650=AXIS2_PLACEMENT_3D('',#4647,#4648,#4649);
#4651=PLANE('',#4650);
#4652=ORIENTED_EDGE('',*,*,#4626,.F.);
#4653=ORIENTED_EDGE('',*,*,#4642,.F.);
#4654=EDGE_LOOP('',(#4652,#4653));
#4655=FACE_OUTER_BOUND('',#4654,.F.);
#4656=ADVANCED_FACE('',(#4655),#4651,.T.);
#4657=CARTESIAN_POINT('',(-1.98755E1,1.825498E0,-1.6002E0));
#4658=DIRECTION('',(0.E0,-1.E0,0.E0));
#4659=DIRECTION('',(-1.E0,0.E0,0.E0));
#4660=AXIS2_PLACEMENT_3D('',#4657,#4658,#4659);
#4661=PLANE('',#4660);
#4663=ORIENTED_EDGE('',*,*,#4662,.F.);
#4665=ORIENTED_EDGE('',*,*,#4664,.F.);
#4666=EDGE_LOOP('',(#4663,#4665));
#4667=FACE_OUTER_BOUND('',#4666,.F.);
#4668=ADVANCED_FACE('',(#4667),#4661,.T.);
#4669=CARTESIAN_POINT('',(1.651E1,8.255E-1,-6.35E0));
#4670=DIRECTION('',(0.E0,-1.E0,0.E0));
#4671=DIRECTION('',(-1.E0,0.E0,0.E0));
#4672=AXIS2_PLACEMENT_3D('',#4669,#4670,#4671);
#4673=CYLINDRICAL_SURFACE('',#4672,1.8669E0);
#4675=ORIENTED_EDGE('',*,*,#4674,.T.);
#4676=ORIENTED_EDGE('',*,*,#4662,.T.);
#4678=ORIENTED_EDGE('',*,*,#4677,.F.);
#4680=ORIENTED_EDGE('',*,*,#4679,.F.);
#4681=EDGE_LOOP('',(#4675,#4676,#4678,#4680));
#4682=FACE_OUTER_BOUND('',#4681,.F.);
#4683=ADVANCED_FACE('',(#4682),#4673,.F.);
#4684=CARTESIAN_POINT('',(1.651E1,8.255E-1,-6.35E0));
#4685=DIRECTION('',(0.E0,-1.E0,0.E0));
#4686=DIRECTION('',(-1.E0,0.E0,0.E0));
#4687=AXIS2_PLACEMENT_3D('',#4684,#4685,#4686);
#4688=CYLINDRICAL_SURFACE('',#4687,1.8669E0);
#4689=ORIENTED_EDGE('',*,*,#4674,.F.);
#4691=ORIENTED_EDGE('',*,*,#4690,.F.);
#4692=ORIENTED_EDGE('',*,*,#4677,.T.);
#4693=ORIENTED_EDGE('',*,*,#4664,.T.);
#4694=EDGE_LOOP('',(#4689,#4691,#4692,#4693));
#4695=FACE_OUTER_BOUND('',#4694,.F.);
#4696=ADVANCED_FACE('',(#4695),#4688,.F.);
#4697=CARTESIAN_POINT('',(1.31445E1,8.255E-1,0.E0));
#4698=DIRECTION('',(0.E0,1.E0,0.E0));
#4699=DIRECTION('',(0.E0,0.E0,-1.E0));
#4700=AXIS2_PLACEMENT_3D('',#4697,#4698,#4699);
#4701=PLANE('',#4700);
#4703=ORIENTED_EDGE('',*,*,#4702,.T.);
#4705=ORIENTED_EDGE('',*,*,#4704,.F.);
#4707=ORIENTED_EDGE('',*,*,#4706,.F.);
#4709=ORIENTED_EDGE('',*,*,#4708,.T.);
#4710=EDGE_LOOP('',(#4703,#4705,#4707,#4709));
#4711=FACE_OUTER_BOUND('',#4710,.F.);
#4712=ORIENTED_EDGE('',*,*,#4679,.T.);
#4713=ORIENTED_EDGE('',*,*,#4690,.T.);
#4714=EDGE_LOOP('',(#4712,#4713));
#4715=FACE_BOUND('',#4714,.F.);
#4717=ORIENTED_EDGE('',*,*,#4716,.T.);
#4719=ORIENTED_EDGE('',*,*,#4718,.T.);
#4721=ORIENTED_EDGE('',*,*,#4720,.F.);
#4723=ORIENTED_EDGE('',*,*,#4722,.F.);
#4724=EDGE_LOOP('',(#4717,#4719,#4721,#4723));
#4725=FACE_BOUND('',#4724,.F.);
#4726=ADVANCED_FACE('',(#4711,#4715,#4725),#4701,.F.);
#4727=CARTESIAN_POINT('',(1.98755E1,1.3462E1,-1.6002E0));
#4728=DIRECTION('',(-1.E0,0.E0,0.E0));
#4729=DIRECTION('',(0.E0,0.E0,1.E0));
#4730=AXIS2_PLACEMENT_3D('',#4727,#4728,#4729);
#4731=PLANE('',#4730);
#4732=ORIENTED_EDGE('',*,*,#4354,.F.);
#4733=ORIENTED_EDGE('',*,*,#4565,.F.);
#4735=ORIENTED_EDGE('',*,*,#4734,.T.);
#4736=ORIENTED_EDGE('',*,*,#4702,.F.);
#4737=EDGE_LOOP('',(#4732,#4733,#4735,#4736));
#4738=FACE_OUTER_BOUND('',#4737,.F.);
#4739=ADVANCED_FACE('',(#4738),#4731,.T.);
#4740=CARTESIAN_POINT('',(2.1463E1,1.18618E1,-1.27E1));
#4741=DIRECTION('',(0.E0,0.E0,-1.E0));
#4742=DIRECTION('',(0.E0,-1.E0,0.E0));
#4743=AXIS2_PLACEMENT_3D('',#4740,#4741,#4742);
#4744=PLANE('',#4743);
#4746=ORIENTED_EDGE('',*,*,#4745,.T.);
#4747=ORIENTED_EDGE('',*,*,#4476,.T.);
#4748=ORIENTED_EDGE('',*,*,#4494,.F.);
#4749=ORIENTED_EDGE('',*,*,#4582,.F.);
#4751=ORIENTED_EDGE('',*,*,#4750,.T.);
#4752=EDGE_LOOP('',(#4746,#4747,#4748,#4749,#4751));
#4753=FACE_OUTER_BOUND('',#4752,.F.);
#4754=ADVANCED_FACE('',(#4753),#4744,.T.);
#4755=CARTESIAN_POINT('',(2.1463E1,1.18618E1,-1.27E1));
#4756=DIRECTION('',(0.E0,0.E0,-1.E0));
#4757=DIRECTION('',(0.E0,-1.E0,0.E0));
#4758=AXIS2_PLACEMENT_3D('',#4755,#4756,#4757);
#4759=PLANE('',#4758);
#4761=ORIENTED_EDGE('',*,*,#4760,.T.);
#4763=ORIENTED_EDGE('',*,*,#4762,.F.);
#4765=ORIENTED_EDGE('',*,*,#4764,.T.);
#4766=ORIENTED_EDGE('',*,*,#4507,.F.);
#4768=ORIENTED_EDGE('',*,*,#4767,.T.);
#4770=ORIENTED_EDGE('',*,*,#4769,.F.);
#4771=EDGE_LOOP('',(#4761,#4763,#4765,#4766,#4768,#4770));
#4772=FACE_OUTER_BOUND('',#4771,.F.);
#4773=ADVANCED_FACE('',(#4772),#4759,.T.);
#4774=CARTESIAN_POINT('',(2.1463E1,1.18618E1,-1.27E1));
#4775=DIRECTION('',(0.E0,0.E0,-1.E0));
#4776=DIRECTION('',(0.E0,-1.E0,0.E0));
#4777=AXIS2_PLACEMENT_3D('',#4774,#4775,#4776);
#4778=PLANE('',#4777);
#4780=ORIENTED_EDGE('',*,*,#4779,.F.);
#4782=ORIENTED_EDGE('',*,*,#4781,.T.);
#4784=ORIENTED_EDGE('',*,*,#4783,.F.);
#4786=ORIENTED_EDGE('',*,*,#4785,.F.);
#4787=ORIENTED_EDGE('',*,*,#4522,.F.);
#4789=ORIENTED_EDGE('',*,*,#4788,.T.);
#4790=EDGE_LOOP('',(#4780,#4782,#4784,#4786,#4787,#4789));
#4791=FACE_OUTER_BOUND('',#4790,.F.);
#4792=ADVANCED_FACE('',(#4791),#4778,.T.);
#4793=CARTESIAN_POINT('',(2.1463E1,1.18618E1,-1.27E1));
#4794=DIRECTION('',(0.E0,0.E0,-1.E0));
#4795=DIRECTION('',(0.E0,-1.E0,0.E0));
#4796=AXIS2_PLACEMENT_3D('',#4793,#4794,#4795);
#4797=PLANE('',#4796);
#4799=ORIENTED_EDGE('',*,*,#4798,.F.);
#4801=ORIENTED_EDGE('',*,*,#4800,.T.);
#4803=ORIENTED_EDGE('',*,*,#4802,.T.);
#4805=ORIENTED_EDGE('',*,*,#4804,.T.);
#4806=ORIENTED_EDGE('',*,*,#4537,.F.);
#4808=ORIENTED_EDGE('',*,*,#4807,.T.);
#4809=EDGE_LOOP('',(#4799,#4801,#4803,#4805,#4806,#4808));
#4810=FACE_OUTER_BOUND('',#4809,.F.);
#4811=ADVANCED_FACE('',(#4810),#4797,.T.);
#4812=CARTESIAN_POINT('',(2.1463E1,1.18618E1,-1.27E1));
#4813=DIRECTION('',(0.E0,0.E0,-1.E0));
#4814=DIRECTION('',(0.E0,-1.E0,0.E0));
#4815=AXIS2_PLACEMENT_3D('',#4812,#4813,#4814);
#4816=PLANE('',#4815);
#4818=ORIENTED_EDGE('',*,*,#4817,.T.);
#4819=ORIENTED_EDGE('',*,*,#4734,.F.);
#4820=ORIENTED_EDGE('',*,*,#4569,.F.);
#4821=ORIENTED_EDGE('',*,*,#4257,.F.);
#4823=ORIENTED_EDGE('',*,*,#4822,.T.);
#4824=EDGE_LOOP('',(#4818,#4819,#4820,#4821,#4823));
#4825=FACE_OUTER_BOUND('',#4824,.F.);
#4826=ADVANCED_FACE('',(#4825),#4816,.T.);
#4827=CARTESIAN_POINT('',(2.1463E1,1.18618E1,-1.27E1));
#4828=DIRECTION('',(0.E0,0.E0,-1.E0));
#4829=DIRECTION('',(0.E0,-1.E0,0.E0));
#4830=AXIS2_PLACEMENT_3D('',#4827,#4828,#4829);
#4831=PLANE('',#4830);
#4833=ORIENTED_EDGE('',*,*,#4832,.F.);
#4835=ORIENTED_EDGE('',*,*,#4834,.T.);
#4837=ORIENTED_EDGE('',*,*,#4836,.T.);
#4839=ORIENTED_EDGE('',*,*,#4838,.F.);
#4840=ORIENTED_EDGE('',*,*,#4552,.F.);
#4842=ORIENTED_EDGE('',*,*,#4841,.T.);
#4843=EDGE_LOOP('',(#4833,#4835,#4837,#4839,#4840,#4842));
#4844=FACE_OUTER_BOUND('',#4843,.F.);
#4845=ADVANCED_FACE('',(#4844),#4831,.T.);
#4846=CARTESIAN_POINT('',(2.1463E1,1.18618E1,-1.10998E1));
#4847=DIRECTION('',(-1.E0,0.E0,0.E0));
#4848=DIRECTION('',(0.E0,0.E0,1.E0));
#4849=AXIS2_PLACEMENT_3D('',#4846,#4847,#4848);
#4850=CYLINDRICAL_SURFACE('',#4849,1.6002E0);
#4852=ORIENTED_EDGE('',*,*,#4851,.T.);
#4853=ORIENTED_EDGE('',*,*,#4478,.T.);
#4854=ORIENTED_EDGE('',*,*,#4745,.F.);
#4856=ORIENTED_EDGE('',*,*,#4855,.T.);
#4857=EDGE_LOOP('',(#4852,#4853,#4854,#4856));
#4858=FACE_OUTER_BOUND('',#4857,.F.);
#4859=ADVANCED_FACE('',(#4858),#4850,.T.);
#4860=CARTESIAN_POINT('',(2.1463E1,1.18618E1,-1.10998E1));
#4861=DIRECTION('',(-1.E0,0.E0,0.E0));
#4862=DIRECTION('',(0.E0,0.E0,1.E0));
#4863=AXIS2_PLACEMENT_3D('',#4860,#4861,#4862);
#4864=CYLINDRICAL_SURFACE('',#4863,1.6002E0);
#4866=ORIENTED_EDGE('',*,*,#4865,.T.);
#4868=ORIENTED_EDGE('',*,*,#4867,.F.);
#4869=ORIENTED_EDGE('',*,*,#4760,.F.);
#4871=ORIENTED_EDGE('',*,*,#4870,.F.);
#4872=EDGE_LOOP('',(#4866,#4868,#4869,#4871));
#4873=FACE_OUTER_BOUND('',#4872,.F.);
#4874=ADVANCED_FACE('',(#4873),#4864,.T.);
#4875=CARTESIAN_POINT('',(2.1463E1,1.18618E1,-1.10998E1));
#4876=DIRECTION('',(-1.E0,0.E0,0.E0));
#4877=DIRECTION('',(0.E0,0.E0,1.E0));
#4878=AXIS2_PLACEMENT_3D('',#4875,#4876,#4877);
#4879=CYLINDRICAL_SURFACE('',#4878,1.6002E0);
#4881=ORIENTED_EDGE('',*,*,#4880,.F.);
#4883=ORIENTED_EDGE('',*,*,#4882,.T.);
#4885=ORIENTED_EDGE('',*,*,#4884,.F.);
#4886=ORIENTED_EDGE('',*,*,#4781,.F.);
#4887=EDGE_LOOP('',(#4881,#4883,#4885,#4886));
#4888=FACE_OUTER_BOUND('',#4887,.F.);
#4889=ADVANCED_FACE('',(#4888),#4879,.T.);
#4890=CARTESIAN_POINT('',(2.1463E1,1.18618E1,-1.10998E1));
#4891=DIRECTION('',(-1.E0,0.E0,0.E0));
#4892=DIRECTION('',(0.E0,0.E0,1.E0));
#4893=AXIS2_PLACEMENT_3D('',#4890,#4891,#4892);
#4894=CYLINDRICAL_SURFACE('',#4893,1.6002E0);
#4896=ORIENTED_EDGE('',*,*,#4895,.F.);
#4898=ORIENTED_EDGE('',*,*,#4897,.T.);
#4900=ORIENTED_EDGE('',*,*,#4899,.T.);
#4901=ORIENTED_EDGE('',*,*,#4800,.F.);
#4902=EDGE_LOOP('',(#4896,#4898,#4900,#4901));
#4903=FACE_OUTER_BOUND('',#4902,.F.);
#4904=ADVANCED_FACE('',(#4903),#4894,.T.);
#4905=CARTESIAN_POINT('',(2.1463E1,1.18618E1,-1.10998E1));
#4906=DIRECTION('',(-1.E0,0.E0,0.E0));
#4907=DIRECTION('',(0.E0,0.E0,1.E0));
#4908=AXIS2_PLACEMENT_3D('',#4905,#4906,#4907);
#4909=CYLINDRICAL_SURFACE('',#4908,1.6002E0);
#4911=ORIENTED_EDGE('',*,*,#4910,.T.);
#4912=ORIENTED_EDGE('',*,*,#4822,.F.);
#4913=ORIENTED_EDGE('',*,*,#4255,.F.);
#4915=ORIENTED_EDGE('',*,*,#4914,.T.);
#4916=EDGE_LOOP('',(#4911,#4912,#4913,#4915));
#4917=FACE_OUTER_BOUND('',#4916,.F.);
#4918=ADVANCED_FACE('',(#4917),#4909,.T.);
#4919=CARTESIAN_POINT('',(2.1463E1,1.18618E1,-1.10998E1));
#4920=DIRECTION('',(-1.E0,0.E0,0.E0));
#4921=DIRECTION('',(0.E0,0.E0,1.E0));
#4922=AXIS2_PLACEMENT_3D('',#4919,#4920,#4921);
#4923=CYLINDRICAL_SURFACE('',#4922,1.6002E0);
#4925=ORIENTED_EDGE('',*,*,#4924,.F.);
#4927=ORIENTED_EDGE('',*,*,#4926,.T.);
#4929=ORIENTED_EDGE('',*,*,#4928,.T.);
#4930=ORIENTED_EDGE('',*,*,#4834,.F.);
#4931=EDGE_LOOP('',(#4925,#4927,#4929,#4930));
#4932=FACE_OUTER_BOUND('',#4931,.F.);
#4933=ADVANCED_FACE('',(#4932),#4923,.T.);
#4934=CARTESIAN_POINT('',(2.1463E1,1.3462E1,-1.6002E0));
#4935=DIRECTION('',(0.E0,1.E0,0.E0));
#4936=DIRECTION('',(0.E0,0.E0,-1.E0));
#4937=AXIS2_PLACEMENT_3D('',#4934,#4935,#4936);
#4938=PLANE('',#4937);
#4940=ORIENTED_EDGE('',*,*,#4939,.T.);
#4942=ORIENTED_EDGE('',*,*,#4941,.T.);
#4943=ORIENTED_EDGE('',*,*,#4387,.T.);
#4944=ORIENTED_EDGE('',*,*,#4480,.T.);
#4945=ORIENTED_EDGE('',*,*,#4851,.F.);
#4947=ORIENTED_EDGE('',*,*,#4946,.T.);
#4949=ORIENTED_EDGE('',*,*,#4948,.T.);
#4951=ORIENTED_EDGE('',*,*,#4950,.T.);
#4952=EDGE_LOOP('',(#4940,#4942,#4943,#4944,#4945,#4947,#4949,#4951));
#4953=FACE_OUTER_BOUND('',#4952,.F.);
#4954=ADVANCED_FACE('',(#4953),#4938,.T.);
#4955=CARTESIAN_POINT('',(2.1463E1,1.3462E1,-1.6002E0));
#4956=DIRECTION('',(0.E0,1.E0,0.E0));
#4957=DIRECTION('',(0.E0,0.E0,-1.E0));
#4958=AXIS2_PLACEMENT_3D('',#4955,#4956,#4957);
#4959=PLANE('',#4958);
#4961=ORIENTED_EDGE('',*,*,#4960,.T.);
#4963=ORIENTED_EDGE('',*,*,#4962,.F.);
#4964=ORIENTED_EDGE('',*,*,#4402,.T.);
#4966=ORIENTED_EDGE('',*,*,#4965,.F.);
#4968=ORIENTED_EDGE('',*,*,#4967,.T.);
#4970=ORIENTED_EDGE('',*,*,#4969,.T.);
#4972=ORIENTED_EDGE('',*,*,#4971,.T.);
#4974=ORIENTED_EDGE('',*,*,#4973,.F.);
#4975=ORIENTED_EDGE('',*,*,#4865,.F.);
#4977=ORIENTED_EDGE('',*,*,#4976,.F.);
#4979=ORIENTED_EDGE('',*,*,#4978,.T.);
#4981=ORIENTED_EDGE('',*,*,#4980,.T.);
#4982=EDGE_LOOP('',(#4961,#4963,#4964,#4966,#4968,#4970,#4972,#4974,#4975,#4977,
#4979,#4981));
#4983=FACE_OUTER_BOUND('',#4982,.F.);
#4984=ADVANCED_FACE('',(#4983),#4959,.T.);
#4985=CARTESIAN_POINT('',(2.1463E1,1.3462E1,-1.6002E0));
#4986=DIRECTION('',(0.E0,1.E0,0.E0));
#4987=DIRECTION('',(0.E0,0.E0,-1.E0));
#4988=AXIS2_PLACEMENT_3D('',#4985,#4986,#4987);
#4989=PLANE('',#4988);
#4991=ORIENTED_EDGE('',*,*,#4990,.F.);
#4993=ORIENTED_EDGE('',*,*,#4992,.F.);
#4994=ORIENTED_EDGE('',*,*,#4419,.T.);
#4996=ORIENTED_EDGE('',*,*,#4995,.F.);
#4998=ORIENTED_EDGE('',*,*,#4997,.T.);
#5000=ORIENTED_EDGE('',*,*,#4999,.T.);
#5002=ORIENTED_EDGE('',*,*,#5001,.T.);
#5004=ORIENTED_EDGE('',*,*,#5003,.F.);
#5005=ORIENTED_EDGE('',*,*,#4882,.F.);
#5007=ORIENTED_EDGE('',*,*,#5006,.F.);
#5009=ORIENTED_EDGE('',*,*,#5008,.F.);
#5011=ORIENTED_EDGE('',*,*,#5010,.F.);
#5012=EDGE_LOOP('',(#4991,#4993,#4994,#4996,#4998,#5000,#5002,#5004,#5005,#5007,
#5009,#5011));
#5013=FACE_OUTER_BOUND('',#5012,.F.);
#5014=ADVANCED_FACE('',(#5013),#4989,.T.);
#5015=CARTESIAN_POINT('',(2.1463E1,1.3462E1,-1.6002E0));
#5016=DIRECTION('',(0.E0,1.E0,0.E0));
#5017=DIRECTION('',(0.E0,0.E0,-1.E0));
#5018=AXIS2_PLACEMENT_3D('',#5015,#5016,#5017);
#5019=PLANE('',#5018);
#5021=ORIENTED_EDGE('',*,*,#5020,.F.);
#5023=ORIENTED_EDGE('',*,*,#5022,.F.);
#5024=ORIENTED_EDGE('',*,*,#4434,.T.);
#5026=ORIENTED_EDGE('',*,*,#5025,.T.);
#5028=ORIENTED_EDGE('',*,*,#5027,.F.);
#5030=ORIENTED_EDGE('',*,*,#5029,.F.);
#5032=ORIENTED_EDGE('',*,*,#5031,.F.);
#5034=ORIENTED_EDGE('',*,*,#5033,.T.);
#5035=ORIENTED_EDGE('',*,*,#4897,.F.);
#5037=ORIENTED_EDGE('',*,*,#5036,.F.);
#5039=ORIENTED_EDGE('',*,*,#5038,.F.);
#5041=ORIENTED_EDGE('',*,*,#5040,.F.);
#5042=EDGE_LOOP('',(#5021,#5023,#5024,#5026,#5028,#5030,#5032,#5034,#5035,#5037,
#5039,#5041));
#5043=FACE_OUTER_BOUND('',#5042,.F.);
#5044=ADVANCED_FACE('',(#5043),#5019,.T.);
#5045=CARTESIAN_POINT('',(2.1463E1,1.3462E1,-1.6002E0));
#5046=DIRECTION('',(0.E0,1.E0,0.E0));
#5047=DIRECTION('',(0.E0,0.E0,-1.E0));
#5048=AXIS2_PLACEMENT_3D('',#5045,#5046,#5047);
#5049=PLANE('',#5048);
#5051=ORIENTED_EDGE('',*,*,#5050,.F.);
#5053=ORIENTED_EDGE('',*,*,#5052,.F.);
#5054=ORIENTED_EDGE('',*,*,#4463,.T.);
#5056=ORIENTED_EDGE('',*,*,#5055,.T.);
#5058=ORIENTED_EDGE('',*,*,#5057,.F.);
#5060=ORIENTED_EDGE('',*,*,#5059,.F.);
#5062=ORIENTED_EDGE('',*,*,#5061,.F.);
#5064=ORIENTED_EDGE('',*,*,#5063,.T.);
#5065=ORIENTED_EDGE('',*,*,#4926,.F.);
#5067=ORIENTED_EDGE('',*,*,#5066,.F.);
#5069=ORIENTED_EDGE('',*,*,#5068,.F.);
#5071=ORIENTED_EDGE('',*,*,#5070,.F.);
#5072=EDGE_LOOP('',(#5051,#5053,#5054,#5056,#5058,#5060,#5062,#5064,#5065,#5067,
#5069,#5071));
#5073=FACE_OUTER_BOUND('',#5072,.F.);
#5074=ADVANCED_FACE('',(#5073),#5049,.T.);
#5075=CARTESIAN_POINT('',(2.1463E1,1.3462E1,-1.6002E0));
#5076=DIRECTION('',(0.E0,1.E0,0.E0));
#5077=DIRECTION('',(0.E0,0.E0,-1.E0));
#5078=AXIS2_PLACEMENT_3D('',#5075,#5076,#5077);
#5079=PLANE('',#5078);
#5081=ORIENTED_EDGE('',*,*,#5080,.F.);
#5083=ORIENTED_EDGE('',*,*,#5082,.T.);
#5084=ORIENTED_EDGE('',*,*,#4914,.F.);
#5085=ORIENTED_EDGE('',*,*,#4253,.F.);
#5086=ORIENTED_EDGE('',*,*,#4446,.T.);
#5088=ORIENTED_EDGE('',*,*,#5087,.T.);
#5090=ORIENTED_EDGE('',*,*,#5089,.F.);
#5092=ORIENTED_EDGE('',*,*,#5091,.F.);
#5093=EDGE_LOOP('',(#5081,#5083,#5084,#5085,#5086,#5088,#5090,#5092));
#5094=FACE_OUTER_BOUND('',#5093,.F.);
#5095=ADVANCED_FACE('',(#5094),#5079,.T.);
#5096=CARTESIAN_POINT('',(-1.98755E1,1.3462E1,-4.51485E0));
#5097=DIRECTION('',(-7.071067811865E-1,0.E0,7.071067811865E-1));
#5098=DIRECTION('',(-7.071067811865E-1,0.E0,-7.071067811865E-1));
#5099=AXIS2_PLACEMENT_3D('',#5096,#5097,#5098);
#5100=PLANE('',#5099);
#5101=ORIENTED_EDGE('',*,*,#4939,.F.);
#5103=ORIENTED_EDGE('',*,*,#5102,.F.);
#5105=ORIENTED_EDGE('',*,*,#5104,.T.);
#5107=ORIENTED_EDGE('',*,*,#5106,.T.);
#5108=EDGE_LOOP('',(#5101,#5103,#5105,#5107));
#5109=FACE_OUTER_BOUND('',#5108,.F.);
#5110=ADVANCED_FACE('',(#5109),#5100,.F.);
#5111=CARTESIAN_POINT('',(-2.01803E1,1.3462E1,-4.81965E0));
#5112=DIRECTION('',(-1.E0,0.E0,0.E0));
#5113=DIRECTION('',(0.E0,0.E0,-1.E0));
#5114=AXIS2_PLACEMENT_3D('',#5111,#5112,#5113);
#5115=PLANE('',#5114);
#5116=ORIENTED_EDGE('',*,*,#4950,.F.);
#5118=ORIENTED_EDGE('',*,*,#5117,.F.);
#5120=ORIENTED_EDGE('',*,*,#5119,.T.);
#5121=ORIENTED_EDGE('',*,*,#5102,.T.);
#5122=EDGE_LOOP('',(#5116,#5118,#5120,#5121));
#5123=FACE_OUTER_BOUND('',#5122,.F.);
#5124=ADVANCED_FACE('',(#5123),#5115,.F.);
#5125=CARTESIAN_POINT('',(-2.01803E1,1.3462E1,-7.88035E0));
#5126=DIRECTION('',(-7.071067811865E-1,0.E0,-7.071067811865E-1));
#5127=DIRECTION('',(7.071067811865E-1,0.E0,-7.071067811865E-1));
#5128=AXIS2_PLACEMENT_3D('',#5125,#5126,#5127);
#5129=PLANE('',#5128);
#5130=ORIENTED_EDGE('',*,*,#4948,.F.);
#5132=ORIENTED_EDGE('',*,*,#5131,.F.);
#5134=ORIENTED_EDGE('',*,*,#5133,.T.);
#5135=ORIENTED_EDGE('',*,*,#5117,.T.);
#5136=EDGE_LOOP('',(#5130,#5132,#5134,#5135));
#5137=FACE_OUTER_BOUND('',#5136,.F.);
#5138=ADVANCED_FACE('',(#5137),#5129,.F.);
#5139=CARTESIAN_POINT('',(-1.98755E1,1.3462E1,-1.6002E0));
#5140=DIRECTION('',(-1.E0,0.E0,0.E0));
#5141=DIRECTION('',(0.E0,0.E0,1.E0));
#5142=AXIS2_PLACEMENT_3D('',#5139,#5140,#5141);
#5143=PLANE('',#5142);
#5144=ORIENTED_EDGE('',*,*,#5106,.F.);
#5146=ORIENTED_EDGE('',*,*,#5145,.F.);
#5148=ORIENTED_EDGE('',*,*,#5147,.F.);
#5149=ORIENTED_EDGE('',*,*,#4271,.T.);
#5150=ORIENTED_EDGE('',*,*,#4389,.F.);
#5151=ORIENTED_EDGE('',*,*,#4941,.F.);
#5152=EDGE_LOOP('',(#5144,#5146,#5148,#5149,#5150,#5151));
#5153=FACE_OUTER_BOUND('',#5152,.F.);
#5154=ADVANCED_FACE('',(#5153),#5143,.F.);
#5155=CARTESIAN_POINT('',(-1.98755E1,1.3462E1,-1.6002E0));
#5156=DIRECTION('',(-1.E0,0.E0,0.E0));
#5157=DIRECTION('',(0.E0,0.E0,1.E0));
#5158=AXIS2_PLACEMENT_3D('',#5155,#5156,#5157);
#5159=PLANE('',#5158);
#5160=ORIENTED_EDGE('',*,*,#5131,.T.);
#5161=ORIENTED_EDGE('',*,*,#4946,.F.);
#5162=ORIENTED_EDGE('',*,*,#4855,.F.);
#5163=ORIENTED_EDGE('',*,*,#4750,.F.);
#5165=ORIENTED_EDGE('',*,*,#5164,.F.);
#5167=ORIENTED_EDGE('',*,*,#5166,.F.);
#5168=EDGE_LOOP('',(#5160,#5161,#5162,#5163,#5165,#5167));
#5169=FACE_OUTER_BOUND('',#5168,.F.);
#5170=ADVANCED_FACE('',(#5169),#5159,.F.);
#5171=CARTESIAN_POINT('',(-1.31445E1,7.493E0,-8.186660598201E-1));
#5172=DIRECTION('',(0.E0,-1.E0,0.E0));
#5173=DIRECTION('',(0.E0,0.E0,-1.E0));
#5174=AXIS2_PLACEMENT_3D('',#5171,#5172,#5173);
#5175=PLANE('',#5174);
#5177=ORIENTED_EDGE('',*,*,#5176,.T.);
#5179=ORIENTED_EDGE('',*,*,#5178,.F.);
#5181=ORIENTED_EDGE('',*,*,#5180,.F.);
#5183=ORIENTED_EDGE('',*,*,#5182,.F.);
#5185=ORIENTED_EDGE('',*,*,#5184,.T.);
#5187=ORIENTED_EDGE('',*,*,#5186,.T.);
#5188=ORIENTED_EDGE('',*,*,#5145,.T.);
#5189=ORIENTED_EDGE('',*,*,#5104,.F.);
#5190=ORIENTED_EDGE('',*,*,#5119,.F.);
#5191=ORIENTED_EDGE('',*,*,#5133,.F.);
#5192=ORIENTED_EDGE('',*,*,#5166,.T.);
#5194=ORIENTED_EDGE('',*,*,#5193,.F.);
#5195=EDGE_LOOP('',(#5177,#5179,#5181,#5183,#5185,#5187,#5188,#5189,#5190,#5191,
#5192,#5194));
#5196=FACE_OUTER_BOUND('',#5195,.F.);
#5198=ORIENTED_EDGE('',*,*,#5197,.T.);
#5200=ORIENTED_EDGE('',*,*,#5199,.T.);
#5202=ORIENTED_EDGE('',*,*,#5201,.T.);
#5204=ORIENTED_EDGE('',*,*,#5203,.T.);
#5206=ORIENTED_EDGE('',*,*,#5205,.T.);
#5208=ORIENTED_EDGE('',*,*,#5207,.T.);
#5210=ORIENTED_EDGE('',*,*,#5209,.T.);
#5212=ORIENTED_EDGE('',*,*,#5211,.T.);
#5214=ORIENTED_EDGE('',*,*,#5213,.T.);
#5216=ORIENTED_EDGE('',*,*,#5215,.T.);
#5218=ORIENTED_EDGE('',*,*,#5217,.T.);
#5220=ORIENTED_EDGE('',*,*,#5219,.T.);
#5221=EDGE_LOOP('',(#5198,#5200,#5202,#5204,#5206,#5208,#5210,#5212,#5214,#5216,
#5218,#5220));
#5222=FACE_BOUND('',#5221,.F.);
#5223=ADVANCED_FACE('',(#5196,#5222),#5175,.F.);
#5224=CARTESIAN_POINT('',(-1.31445E1,8.255E-1,0.E0));
#5225=DIRECTION('',(1.E0,0.E0,0.E0));
#5226=DIRECTION('',(0.E0,0.E0,-1.E0));
#5227=AXIS2_PLACEMENT_3D('',#5224,#5225,#5226);
#5228=PLANE('',#5227);
#5229=ORIENTED_EDGE('',*,*,#4973,.T.);
#5231=ORIENTED_EDGE('',*,*,#5230,.F.);
#5232=ORIENTED_EDGE('',*,*,#5176,.F.);
#5234=ORIENTED_EDGE('',*,*,#5233,.T.);
#5235=ORIENTED_EDGE('',*,*,#4762,.T.);
#5236=ORIENTED_EDGE('',*,*,#4867,.T.);
#5237=EDGE_LOOP('',(#5229,#5231,#5232,#5234,#5235,#5236));
#5238=FACE_OUTER_BOUND('',#5237,.F.);
#5239=ADVANCED_FACE('',(#5238),#5228,.F.);
#5240=CARTESIAN_POINT('',(-1.31445E1,8.255E-1,0.E0));
#5241=DIRECTION('',(1.E0,0.E0,0.E0));
#5242=DIRECTION('',(0.E0,0.E0,-1.E0));
#5243=AXIS2_PLACEMENT_3D('',#5240,#5241,#5242);
#5244=PLANE('',#5243);
#5245=ORIENTED_EDGE('',*,*,#4965,.T.);
#5246=ORIENTED_EDGE('',*,*,#4400,.T.);
#5247=ORIENTED_EDGE('',*,*,#4297,.F.);
#5249=ORIENTED_EDGE('',*,*,#5248,.T.);
#5250=ORIENTED_EDGE('',*,*,#5184,.F.);
#5252=ORIENTED_EDGE('',*,*,#5251,.T.);
#5253=EDGE_LOOP('',(#5245,#5246,#5247,#5249,#5250,#5252));
#5254=FACE_OUTER_BOUND('',#5253,.F.);
#5255=ADVANCED_FACE('',(#5254),#5244,.F.);
#5256=CARTESIAN_POINT('',(-1.31445E1,1.3462E1,-8.18515E0));
#5257=DIRECTION('',(7.071067811865E-1,0.E0,-7.071067811865E-1));
#5258=DIRECTION('',(7.071067811865E-1,0.E0,7.071067811865E-1));
#5259=AXIS2_PLACEMENT_3D('',#5256,#5257,#5258);
#5260=PLANE('',#5259);
#5261=ORIENTED_EDGE('',*,*,#4971,.F.);
#5263=ORIENTED_EDGE('',*,*,#5262,.F.);
#5264=ORIENTED_EDGE('',*,*,#5178,.T.);
#5265=ORIENTED_EDGE('',*,*,#5230,.T.);
#5266=EDGE_LOOP('',(#5261,#5263,#5264,#5265));
#5267=FACE_OUTER_BOUND('',#5266,.F.);
#5268=ADVANCED_FACE('',(#5267),#5260,.F.);
#5269=CARTESIAN_POINT('',(-1.28397E1,1.3462E1,-7.88035E0));
#5270=DIRECTION('',(1.E0,0.E0,0.E0));
#5271=DIRECTION('',(0.E0,0.E0,1.E0));
#5272=AXIS2_PLACEMENT_3D('',#5269,#5270,#5271);
#5273=PLANE('',#5272);
#5274=ORIENTED_EDGE('',*,*,#4969,.F.);
#5276=ORIENTED_EDGE('',*,*,#5275,.F.);
#5277=ORIENTED_EDGE('',*,*,#5180,.T.);
#5278=ORIENTED_EDGE('',*,*,#5262,.T.);
#5279=EDGE_LOOP('',(#5274,#5276,#5277,#5278));
#5280=FACE_OUTER_BOUND('',#5279,.F.);
#5281=ADVANCED_FACE('',(#5280),#5273,.F.);
#5282=CARTESIAN_POINT('',(-1.28397E1,1.3462E1,-4.81965E0));
#5283=DIRECTION('',(7.071067811865E-1,0.E0,7.071067811865E-1));
#5284=DIRECTION('',(-7.071067811865E-1,0.E0,7.071067811865E-1));
#5285=AXIS2_PLACEMENT_3D('',#5282,#5283,#5284);
#5286=PLANE('',#5285);
#5287=ORIENTED_EDGE('',*,*,#4967,.F.);
#5288=ORIENTED_EDGE('',*,*,#5251,.F.);
#5289=ORIENTED_EDGE('',*,*,#5182,.T.);
#5290=ORIENTED_EDGE('',*,*,#5275,.T.);
#5291=EDGE_LOOP('',(#5287,#5288,#5289,#5290));
#5292=FACE_OUTER_BOUND('',#5291,.F.);
#5293=ADVANCED_FACE('',(#5292),#5286,.F.);
#5294=CARTESIAN_POINT('',(-1.31445E1,7.493E0,-1.188133394018E1));
#5295=DIRECTION('',(0.E0,-1.218693434051E-1,9.925461516413E-1));
#5296=DIRECTION('',(0.E0,-9.925461516413E-1,-1.218693434051E-1));
#5297=AXIS2_PLACEMENT_3D('',#5294,#5295,#5296);
#5298=PLANE('',#5297);
#5299=ORIENTED_EDGE('',*,*,#4595,.T.);
#5300=ORIENTED_EDGE('',*,*,#5233,.F.);
#5301=ORIENTED_EDGE('',*,*,#5193,.T.);
#5302=ORIENTED_EDGE('',*,*,#5164,.T.);
#5303=EDGE_LOOP('',(#5299,#5300,#5301,#5302));
#5304=FACE_OUTER_BOUND('',#5303,.F.);
#5305=ADVANCED_FACE('',(#5304),#5298,.F.);
#5306=CARTESIAN_POINT('',(-1.31445E1,8.255E-1,0.E0));
#5307=DIRECTION('',(0.E0,-1.218693434051E-1,-9.925461516413E-1));
#5308=DIRECTION('',(0.E0,9.925461516413E-1,-1.218693434051E-1));
#5309=AXIS2_PLACEMENT_3D('',#5306,#5307,#5308);
#5310=PLANE('',#5309);
#5311=ORIENTED_EDGE('',*,*,#4598,.F.);
#5312=ORIENTED_EDGE('',*,*,#5147,.T.);
#5313=ORIENTED_EDGE('',*,*,#5186,.F.);
#5314=ORIENTED_EDGE('',*,*,#5248,.F.);
#5315=EDGE_LOOP('',(#5311,#5312,#5313,#5314));
#5316=FACE_OUTER_BOUND('',#5315,.F.);
#5317=ADVANCED_FACE('',(#5316),#5310,.F.);
#5318=CARTESIAN_POINT('',(-1.9685E1,7.493E0,-8.9154E0));
#5319=DIRECTION('',(-1.E0,0.E0,0.E0));
#5320=DIRECTION('',(0.E0,0.E0,1.E0));
#5321=AXIS2_PLACEMENT_3D('',#5318,#5319,#5320);
#5322=PLANE('',#5321);
#5323=ORIENTED_EDGE('',*,*,#5197,.F.);
#5325=ORIENTED_EDGE('',*,*,#5324,.T.);
#5327=ORIENTED_EDGE('',*,*,#5326,.T.);
#5329=ORIENTED_EDGE('',*,*,#5328,.F.);
#5330=EDGE_LOOP('',(#5323,#5325,#5327,#5329));
#5331=FACE_OUTER_BOUND('',#5330,.F.);
#5332=ADVANCED_FACE('',(#5331),#5322,.T.);
#5333=CARTESIAN_POINT('',(-1.88849E1,7.493E0,-8.9154E0));
#5334=DIRECTION('',(0.E0,0.E0,-1.E0));
#5335=DIRECTION('',(-1.E0,0.E0,0.E0));
#5336=AXIS2_PLACEMENT_3D('',#5333,#5334,#5335);
#5337=PLANE('',#5336);
#5338=ORIENTED_EDGE('',*,*,#5219,.F.);
#5340=ORIENTED_EDGE('',*,*,#5339,.T.);
#5342=ORIENTED_EDGE('',*,*,#5341,.T.);
#5343=ORIENTED_EDGE('',*,*,#5324,.F.);
#5344=EDGE_LOOP('',(#5338,#5340,#5342,#5343));
#5345=FACE_OUTER_BOUND('',#5344,.F.);
#5346=ADVANCED_FACE('',(#5345),#5337,.T.);
#5347=CARTESIAN_POINT('',(-1.88849E1,7.493E0,-1.0668E1));
#5348=DIRECTION('',(-1.E0,0.E0,0.E0));
#5349=DIRECTION('',(0.E0,0.E0,1.E0));
#5350=AXIS2_PLACEMENT_3D('',#5347,#5348,#5349);
#5351=PLANE('',#5350);
#5352=ORIENTED_EDGE('',*,*,#5217,.F.);
#5354=ORIENTED_EDGE('',*,*,#5353,.T.);
#5356=ORIENTED_EDGE('',*,*,#5355,.T.);
#5357=ORIENTED_EDGE('',*,*,#5339,.F.);
#5358=EDGE_LOOP('',(#5352,#5354,#5356,#5357));
#5359=FACE_OUTER_BOUND('',#5358,.F.);
#5360=ADVANCED_FACE('',(#5359),#5351,.T.);
#5361=CARTESIAN_POINT('',(-1.41351E1,7.493E0,-1.0668E1));
#5362=DIRECTION('',(0.E0,0.E0,-1.E0));
#5363=DIRECTION('',(-1.E0,0.E0,0.E0));
#5364=AXIS2_PLACEMENT_3D('',#5361,#5362,#5363);
#5365=PLANE('',#5364);
#5366=ORIENTED_EDGE('',*,*,#5215,.F.);
#5368=ORIENTED_EDGE('',*,*,#5367,.T.);
#5370=ORIENTED_EDGE('',*,*,#5369,.T.);
#5371=ORIENTED_EDGE('',*,*,#5353,.F.);
#5372=EDGE_LOOP('',(#5366,#5368,#5370,#5371));
#5373=FACE_OUTER_BOUND('',#5372,.F.);
#5374=ADVANCED_FACE('',(#5373),#5365,.T.);
#5375=CARTESIAN_POINT('',(-1.41351E1,7.493E0,-8.9154E0));
#5376=DIRECTION('',(1.E0,0.E0,0.E0));
#5377=DIRECTION('',(0.E0,0.E0,-1.E0));
#5378=AXIS2_PLACEMENT_3D('',#5375,#5376,#5377);
#5379=PLANE('',#5378);
#5380=ORIENTED_EDGE('',*,*,#5213,.F.);
#5382=ORIENTED_EDGE('',*,*,#5381,.T.);
#5384=ORIENTED_EDGE('',*,*,#5383,.T.);
#5385=ORIENTED_EDGE('',*,*,#5367,.F.);
#5386=EDGE_LOOP('',(#5380,#5382,#5384,#5385));
#5387=FACE_OUTER_BOUND('',#5386,.F.);
#5388=ADVANCED_FACE('',(#5387),#5379,.T.);
#5389=CARTESIAN_POINT('',(-1.3335E1,7.493E0,-8.9154E0));
#5390=DIRECTION('',(0.E0,0.E0,-1.E0));
#5391=DIRECTION('',(-1.E0,0.E0,0.E0));
#5392=AXIS2_PLACEMENT_3D('',#5389,#5390,#5391);
#5393=PLANE('',#5392);
#5394=ORIENTED_EDGE('',*,*,#5211,.F.);
#5396=ORIENTED_EDGE('',*,*,#5395,.T.);
#5398=ORIENTED_EDGE('',*,*,#5397,.T.);
#5399=ORIENTED_EDGE('',*,*,#5381,.F.);
#5400=EDGE_LOOP('',(#5394,#5396,#5398,#5399));
#5401=FACE_OUTER_BOUND('',#5400,.F.);
#5402=ADVANCED_FACE('',(#5401),#5393,.T.);
#5403=CARTESIAN_POINT('',(-1.3335E1,7.493E0,-3.7846E0));
#5404=DIRECTION('',(1.E0,0.E0,0.E0));
#5405=DIRECTION('',(0.E0,0.E0,-1.E0));
#5406=AXIS2_PLACEMENT_3D('',#5403,#5404,#5405);
#5407=PLANE('',#5406);
#5408=ORIENTED_EDGE('',*,*,#5209,.F.);
#5410=ORIENTED_EDGE('',*,*,#5409,.T.);
#5412=ORIENTED_EDGE('',*,*,#5411,.T.);
#5413=ORIENTED_EDGE('',*,*,#5395,.F.);
#5414=EDGE_LOOP('',(#5408,#5410,#5412,#5413));
#5415=FACE_OUTER_BOUND('',#5414,.F.);
#5416=ADVANCED_FACE('',(#5415),#5407,.T.);
#5417=CARTESIAN_POINT('',(-1.41351E1,7.493E0,-3.7846E0));
#5418=DIRECTION('',(0.E0,0.E0,1.E0));
#5419=DIRECTION('',(1.E0,0.E0,0.E0));
#5420=AXIS2_PLACEMENT_3D('',#5417,#5418,#5419);
#5421=PLANE('',#5420);
#5422=ORIENTED_EDGE('',*,*,#5207,.F.);
#5424=ORIENTED_EDGE('',*,*,#5423,.T.);
#5426=ORIENTED_EDGE('',*,*,#5425,.T.);
#5427=ORIENTED_EDGE('',*,*,#5409,.F.);
#5428=EDGE_LOOP('',(#5422,#5424,#5426,#5427));
#5429=FACE_OUTER_BOUND('',#5428,.F.);
#5430=ADVANCED_FACE('',(#5429),#5421,.T.);
#5431=CARTESIAN_POINT('',(-1.41351E1,7.493E0,-2.032E0));
#5432=DIRECTION('',(1.E0,0.E0,0.E0));
#5433=DIRECTION('',(0.E0,0.E0,-1.E0));
#5434=AXIS2_PLACEMENT_3D('',#5431,#5432,#5433);
#5435=PLANE('',#5434);
#5436=ORIENTED_EDGE('',*,*,#5205,.F.);
#5438=ORIENTED_EDGE('',*,*,#5437,.T.);
#5440=ORIENTED_EDGE('',*,*,#5439,.T.);
#5441=ORIENTED_EDGE('',*,*,#5423,.F.);
#5442=EDGE_LOOP('',(#5436,#5438,#5440,#5441));
#5443=FACE_OUTER_BOUND('',#5442,.F.);
#5444=ADVANCED_FACE('',(#5443),#5435,.T.);
#5445=CARTESIAN_POINT('',(-1.88849E1,7.493E0,-2.032E0));
#5446=DIRECTION('',(0.E0,0.E0,1.E0));
#5447=DIRECTION('',(1.E0,0.E0,0.E0));
#5448=AXIS2_PLACEMENT_3D('',#5445,#5446,#5447);
#5449=PLANE('',#5448);
#5450=ORIENTED_EDGE('',*,*,#5203,.F.);
#5452=ORIENTED_EDGE('',*,*,#5451,.T.);
#5454=ORIENTED_EDGE('',*,*,#5453,.T.);
#5455=ORIENTED_EDGE('',*,*,#5437,.F.);
#5456=EDGE_LOOP('',(#5450,#5452,#5454,#5455));
#5457=FACE_OUTER_BOUND('',#5456,.F.);
#5458=ADVANCED_FACE('',(#5457),#5449,.T.);
#5459=CARTESIAN_POINT('',(-1.88849E1,7.493E0,-3.7846E0));
#5460=DIRECTION('',(-1.E0,0.E0,0.E0));
#5461=DIRECTION('',(0.E0,0.E0,1.E0));
#5462=AXIS2_PLACEMENT_3D('',#5459,#5460,#5461);
#5463=PLANE('',#5462);
#5464=ORIENTED_EDGE('',*,*,#5201,.F.);
#5466=ORIENTED_EDGE('',*,*,#5465,.T.);
#5468=ORIENTED_EDGE('',*,*,#5467,.T.);
#5469=ORIENTED_EDGE('',*,*,#5451,.F.);
#5470=EDGE_LOOP('',(#5464,#5466,#5468,#5469));
#5471=FACE_OUTER_BOUND('',#5470,.F.);
#5472=ADVANCED_FACE('',(#5471),#5463,.T.);
#5473=CARTESIAN_POINT('',(-1.9685E1,7.493E0,-3.7846E0));
#5474=DIRECTION('',(0.E0,0.E0,1.E0));
#5475=DIRECTION('',(1.E0,0.E0,0.E0));
#5476=AXIS2_PLACEMENT_3D('',#5473,#5474,#5475);
#5477=PLANE('',#5476);
#5478=ORIENTED_EDGE('',*,*,#5199,.F.);
#5479=ORIENTED_EDGE('',*,*,#5328,.T.);
#5481=ORIENTED_EDGE('',*,*,#5480,.T.);
#5482=ORIENTED_EDGE('',*,*,#5465,.F.);
#5483=EDGE_LOOP('',(#5478,#5479,#5481,#5482));
#5484=FACE_OUTER_BOUND('',#5483,.F.);
#5485=ADVANCED_FACE('',(#5484),#5477,.T.);
#5486=CARTESIAN_POINT('',(2.1463E1,8.3312E0,0.E0));
#5487=DIRECTION('',(0.E0,1.E0,0.E0));
#5488=DIRECTION('',(1.E0,0.E0,0.E0));
#5489=AXIS2_PLACEMENT_3D('',#5486,#5487,#5488);
#5490=PLANE('',#5489);
#5491=ORIENTED_EDGE('',*,*,#5326,.F.);
#5492=ORIENTED_EDGE('',*,*,#5341,.F.);
#5493=ORIENTED_EDGE('',*,*,#5355,.F.);
#5494=ORIENTED_EDGE('',*,*,#5369,.F.);
#5495=ORIENTED_EDGE('',*,*,#5383,.F.);
#5496=ORIENTED_EDGE('',*,*,#5397,.F.);
#5497=ORIENTED_EDGE('',*,*,#5411,.F.);
#5498=ORIENTED_EDGE('',*,*,#5425,.F.);
#5499=ORIENTED_EDGE('',*,*,#5439,.F.);
#5500=ORIENTED_EDGE('',*,*,#5453,.F.);
#5501=ORIENTED_EDGE('',*,*,#5467,.F.);
#5502=ORIENTED_EDGE('',*,*,#5480,.F.);
#5503=EDGE_LOOP('',(#5491,#5492,#5493,#5494,#5495,#5496,#5497,#5498,#5499,#5500,
#5501,#5502));
#5504=FACE_OUTER_BOUND('',#5503,.F.);
#5506=ORIENTED_EDGE('',*,*,#5505,.T.);
#5508=ORIENTED_EDGE('',*,*,#5507,.T.);
#5509=EDGE_LOOP('',(#5506,#5508));
#5510=FACE_BOUND('',#5509,.F.);
#5511=ADVANCED_FACE('',(#5504,#5510),#5490,.T.);
#5512=CARTESIAN_POINT('',(-1.651E1,3.89001E0,-6.35E0));
#5513=DIRECTION('',(0.E0,1.E0,0.E0));
#5514=DIRECTION('',(0.E0,0.E0,1.E0));
#5515=AXIS2_PLACEMENT_3D('',#5512,#5513,#5514);
#5516=CYLINDRICAL_SURFACE('',#5515,1.70434E0);
#5518=ORIENTED_EDGE('',*,*,#5517,.T.);
#5520=ORIENTED_EDGE('',*,*,#5519,.F.);
#5521=ORIENTED_EDGE('',*,*,#5505,.F.);
#5523=ORIENTED_EDGE('',*,*,#5522,.T.);
#5524=EDGE_LOOP('',(#5518,#5520,#5521,#5523));
#5525=FACE_OUTER_BOUND('',#5524,.F.);
#5526=ADVANCED_FACE('',(#5525),#5516,.T.);
#5527=CARTESIAN_POINT('',(2.1463E1,1.03632E1,0.E0));
#5528=DIRECTION('',(0.E0,1.E0,0.E0));
#5529=DIRECTION('',(1.E0,0.E0,0.E0));
#5530=AXIS2_PLACEMENT_3D('',#5527,#5528,#5529);
#5531=PLANE('',#5530);
#5533=ORIENTED_EDGE('',*,*,#5532,.T.);
#5535=ORIENTED_EDGE('',*,*,#5534,.T.);
#5537=ORIENTED_EDGE('',*,*,#5536,.T.);
#5539=ORIENTED_EDGE('',*,*,#5538,.T.);
#5540=EDGE_LOOP('',(#5533,#5535,#5537,#5539));
#5541=FACE_OUTER_BOUND('',#5540,.F.);
#5542=ORIENTED_EDGE('',*,*,#5517,.F.);
#5544=ORIENTED_EDGE('',*,*,#5543,.F.);
#5545=EDGE_LOOP('',(#5542,#5544));
#5546=FACE_BOUND('',#5545,.F.);
#5547=ADVANCED_FACE('',(#5541,#5546),#5531,.F.);
#5548=CARTESIAN_POINT('',(-1.97231E1,1.21412E1,-9.5631E0));
#5549=DIRECTION('',(-1.E0,0.E0,0.E0));
#5550=DIRECTION('',(0.E0,0.E0,1.E0));
#5551=AXIS2_PLACEMENT_3D('',#5548,#5549,#5550);
#5552=PLANE('',#5551);
#5554=ORIENTED_EDGE('',*,*,#5553,.T.);
#5556=ORIENTED_EDGE('',*,*,#5555,.T.);
#5558=ORIENTED_EDGE('',*,*,#5557,.T.);
#5559=ORIENTED_EDGE('',*,*,#5532,.F.);
#5561=ORIENTED_EDGE('',*,*,#5560,.F.);
#5563=ORIENTED_EDGE('',*,*,#5562,.T.);
#5564=EDGE_LOOP('',(#5554,#5556,#5558,#5559,#5561,#5563));
#5565=FACE_OUTER_BOUND('',#5564,.F.);
#5566=ADVANCED_FACE('',(#5565),#5552,.T.);
#5567=CARTESIAN_POINT('',(-1.651E1,1.21412E1,-6.35E0));
#5568=DIRECTION('',(0.E0,1.E0,0.E0));
#5569=DIRECTION('',(0.E0,0.E0,1.E0));
#5570=AXIS2_PLACEMENT_3D('',#5567,#5568,#5569);
#5571=PLANE('',#5570);
#5572=ORIENTED_EDGE('',*,*,#5553,.F.);
#5574=ORIENTED_EDGE('',*,*,#5573,.F.);
#5575=EDGE_LOOP('',(#5572,#5574));
#5576=FACE_OUTER_BOUND('',#5575,.F.);
#5577=ADVANCED_FACE('',(#5576),#5571,.F.);
#5578=CARTESIAN_POINT('',(-1.651E1,1.21412E1,-6.35E0));
#5579=DIRECTION('',(0.E0,1.E0,0.E0));
#5580=DIRECTION('',(0.E0,0.E0,1.E0));
#5581=AXIS2_PLACEMENT_3D('',#5578,#5579,#5580);
#5582=PLANE('',#5581);
#5584=ORIENTED_EDGE('',*,*,#5583,.F.);
#5586=ORIENTED_EDGE('',*,*,#5585,.F.);
#5588=ORIENTED_EDGE('',*,*,#5587,.T.);
#5589=EDGE_LOOP('',(#5584,#5586,#5588));
#5590=FACE_OUTER_BOUND('',#5589,.F.);
#5591=ADVANCED_FACE('',(#5590),#5582,.F.);
#5592=CARTESIAN_POINT('',(-1.651E1,1.21412E1,-6.35E0));
#5593=DIRECTION('',(0.E0,1.E0,0.E0));
#5594=DIRECTION('',(0.E0,0.E0,1.E0));
#5595=AXIS2_PLACEMENT_3D('',#5592,#5593,#5594);
#5596=PLANE('',#5595);
#5598=ORIENTED_EDGE('',*,*,#5597,.F.);
#5600=ORIENTED_EDGE('',*,*,#5599,.T.);
#5601=EDGE_LOOP('',(#5598,#5600));
#5602=FACE_OUTER_BOUND('',#5601,.F.);
#5603=ADVANCED_FACE('',(#5602),#5596,.F.);
#5604=CARTESIAN_POINT('',(-1.651E1,1.21412E1,-6.35E0));
#5605=DIRECTION('',(0.E0,1.E0,0.E0));
#5606=DIRECTION('',(0.E0,0.E0,1.E0));
#5607=AXIS2_PLACEMENT_3D('',#5604,#5605,#5606);
#5608=PLANE('',#5607);
#5610=ORIENTED_EDGE('',*,*,#5609,.F.);
#5612=ORIENTED_EDGE('',*,*,#5611,.T.);
#5614=ORIENTED_EDGE('',*,*,#5613,.F.);
#5615=EDGE_LOOP('',(#5610,#5612,#5614));
#5616=FACE_OUTER_BOUND('',#5615,.F.);
#5617=ADVANCED_FACE('',(#5616),#5608,.F.);
#5618=CARTESIAN_POINT('',(-1.651E1,3.89001E0,-6.35E0));
#5619=DIRECTION('',(0.E0,1.E0,0.E0));
#5620=DIRECTION('',(0.E0,0.E0,1.E0));
#5621=AXIS2_PLACEMENT_3D('',#5618,#5619,#5620);
#5622=CYLINDRICAL_SURFACE('',#5621,3.3401E0);
#5624=ORIENTED_EDGE('',*,*,#5623,.F.);
#5625=ORIENTED_EDGE('',*,*,#5613,.T.);
#5627=ORIENTED_EDGE('',*,*,#5626,.T.);
#5629=ORIENTED_EDGE('',*,*,#5628,.F.);
#5631=ORIENTED_EDGE('',*,*,#5630,.F.);
#5632=ORIENTED_EDGE('',*,*,#5585,.T.);
#5634=ORIENTED_EDGE('',*,*,#5633,.F.);
#5635=ORIENTED_EDGE('',*,*,#5573,.T.);
#5636=EDGE_LOOP('',(#5624,#5625,#5627,#5629,#5631,#5632,#5634,#5635));
#5637=FACE_OUTER_BOUND('',#5636,.F.);
#5638=ADVANCED_FACE('',(#5637),#5622,.T.);
#5639=CARTESIAN_POINT('',(-1.651E1,1.21412E1,-6.35E0));
#5640=DIRECTION('',(0.E0,1.E0,0.E0));
#5641=DIRECTION('',(0.E0,0.E0,1.E0));
#5642=AXIS2_PLACEMENT_3D('',#5639,#5640,#5641);
#5643=PLANE('',#5642);
#5645=ORIENTED_EDGE('',*,*,#5644,.T.);
#5647=ORIENTED_EDGE('',*,*,#5646,.F.);
#5649=ORIENTED_EDGE('',*,*,#5648,.F.);
#5650=EDGE_LOOP('',(#5645,#5647,#5649));
#5651=FACE_OUTER_BOUND('',#5650,.F.);
#5652=ADVANCED_FACE('',(#5651),#5643,.T.);
#5653=CARTESIAN_POINT('',(-1.651E1,1.21412E1,-6.35E0));
#5654=DIRECTION('',(0.E0,1.E0,0.E0));
#5655=DIRECTION('',(0.E0,0.E0,1.E0));
#5656=AXIS2_PLACEMENT_3D('',#5653,#5654,#5655);
#5657=PLANE('',#5656);
#5659=ORIENTED_EDGE('',*,*,#5658,.T.);
#5661=ORIENTED_EDGE('',*,*,#5660,.F.);
#5663=ORIENTED_EDGE('',*,*,#5662,.F.);
#5664=EDGE_LOOP('',(#5659,#5661,#5663));
#5665=FACE_OUTER_BOUND('',#5664,.F.);
#5666=ADVANCED_FACE('',(#5665),#5657,.T.);
#5667=CARTESIAN_POINT('',(-1.651E1,1.21412E1,-6.35E0));
#5668=DIRECTION('',(0.E0,1.E0,0.E0));
#5669=DIRECTION('',(0.E0,0.E0,1.E0));
#5670=AXIS2_PLACEMENT_3D('',#5667,#5668,#5669);
#5671=PLANE('',#5670);
#5672=ORIENTED_EDGE('',*,*,#5623,.T.);
#5673=ORIENTED_EDGE('',*,*,#5562,.F.);
#5675=ORIENTED_EDGE('',*,*,#5674,.F.);
#5676=EDGE_LOOP('',(#5672,#5673,#5675));
#5677=FACE_OUTER_BOUND('',#5676,.F.);
#5678=ADVANCED_FACE('',(#5677),#5671,.T.);
#5679=CARTESIAN_POINT('',(-1.651E1,1.21412E1,-6.35E0));
#5680=DIRECTION('',(0.E0,1.E0,0.E0));
#5681=DIRECTION('',(0.E0,0.E0,1.E0));
#5682=AXIS2_PLACEMENT_3D('',#5679,#5680,#5681);
#5683=PLANE('',#5682);
#5684=ORIENTED_EDGE('',*,*,#5633,.T.);
#5686=ORIENTED_EDGE('',*,*,#5685,.F.);
#5687=ORIENTED_EDGE('',*,*,#5555,.F.);
#5688=EDGE_LOOP('',(#5684,#5686,#5687));
#5689=FACE_OUTER_BOUND('',#5688,.F.);
#5690=ADVANCED_FACE('',(#5689),#5683,.T.);
#5691=CARTESIAN_POINT('',(-1.651E1,3.89001E0,-6.35E0));
#5692=DIRECTION('',(0.E0,1.E0,0.E0));
#5693=DIRECTION('',(0.E0,0.E0,1.E0));
#5694=AXIS2_PLACEMENT_3D('',#5691,#5692,#5693);
#5695=CYLINDRICAL_SURFACE('',#5694,3.3401E0);
#5696=ORIENTED_EDGE('',*,*,#5644,.F.);
#5697=ORIENTED_EDGE('',*,*,#5587,.F.);
#5698=ORIENTED_EDGE('',*,*,#5630,.T.);
#5700=ORIENTED_EDGE('',*,*,#5699,.T.);
#5701=ORIENTED_EDGE('',*,*,#5626,.F.);
#5702=ORIENTED_EDGE('',*,*,#5611,.F.);
#5703=ORIENTED_EDGE('',*,*,#5658,.F.);
#5704=ORIENTED_EDGE('',*,*,#5599,.F.);
#5705=EDGE_LOOP('',(#5696,#5697,#5698,#5700,#5701,#5702,#5703,#5704));
#5706=FACE_OUTER_BOUND('',#5705,.F.);
#5707=ADVANCED_FACE('',(#5706),#5695,.T.);
#5708=CARTESIAN_POINT('',(-1.651E1,7.208738281250E0,-6.35E0));
#5709=DIRECTION('',(0.E0,1.E0,0.E0));
#5710=DIRECTION('',(0.E0,0.E0,1.E0));
#5711=AXIS2_PLACEMENT_3D('',#5708,#5709,#5710);
#5712=SPHERICAL_SURFACE('',#5711,7.269261718750E0);
#5714=ORIENTED_EDGE('',*,*,#5713,.T.);
#5716=ORIENTED_EDGE('',*,*,#5715,.F.);
#5717=ORIENTED_EDGE('',*,*,#5699,.F.);
#5718=EDGE_LOOP('',(#5714,#5716,#5717));
#5719=FACE_OUTER_BOUND('',#5718,.F.);
#5720=ADVANCED_FACE('',(#5719),#5712,.T.);
#5721=CARTESIAN_POINT('',(-1.651E1,7.208738281250E0,-6.35E0));
#5722=DIRECTION('',(0.E0,1.E0,0.E0));
#5723=DIRECTION('',(0.E0,0.E0,1.E0));
#5724=AXIS2_PLACEMENT_3D('',#5721,#5722,#5723);
#5725=SPHERICAL_SURFACE('',#5724,7.269261718750E0);
#5726=ORIENTED_EDGE('',*,*,#5713,.F.);
#5727=ORIENTED_EDGE('',*,*,#5628,.T.);
#5728=ORIENTED_EDGE('',*,*,#5715,.T.);
#5729=EDGE_LOOP('',(#5726,#5727,#5728));
#5730=FACE_OUTER_BOUND('',#5729,.F.);
#5731=ADVANCED_FACE('',(#5730),#5725,.T.);
#5732=CARTESIAN_POINT('',(-1.32969E1,1.21412E1,-3.1369E0));
#5733=DIRECTION('',(1.E0,0.E0,0.E0));
#5734=DIRECTION('',(0.E0,0.E0,-1.E0));
#5735=AXIS2_PLACEMENT_3D('',#5732,#5733,#5734);
#5736=PLANE('',#5735);
#5737=ORIENTED_EDGE('',*,*,#5597,.T.);
#5738=ORIENTED_EDGE('',*,*,#5662,.T.);
#5740=ORIENTED_EDGE('',*,*,#5739,.T.);
#5741=ORIENTED_EDGE('',*,*,#5536,.F.);
#5743=ORIENTED_EDGE('',*,*,#5742,.F.);
#5744=ORIENTED_EDGE('',*,*,#5646,.T.);
#5745=EDGE_LOOP('',(#5737,#5738,#5740,#5741,#5743,#5744));
#5746=FACE_OUTER_BOUND('',#5745,.F.);
#5747=ADVANCED_FACE('',(#5746),#5736,.T.);
#5748=CARTESIAN_POINT('',(-1.32969E1,1.21412E1,-9.5631E0));
#5749=DIRECTION('',(0.E0,0.E0,-1.E0));
#5750=DIRECTION('',(-1.E0,0.E0,0.E0));
#5751=AXIS2_PLACEMENT_3D('',#5748,#5749,#5750);
#5752=PLANE('',#5751);
#5753=ORIENTED_EDGE('',*,*,#5609,.T.);
#5754=ORIENTED_EDGE('',*,*,#5674,.T.);
#5755=ORIENTED_EDGE('',*,*,#5560,.T.);
#5756=ORIENTED_EDGE('',*,*,#5538,.F.);
#5757=ORIENTED_EDGE('',*,*,#5739,.F.);
#5758=ORIENTED_EDGE('',*,*,#5660,.T.);
#5759=EDGE_LOOP('',(#5753,#5754,#5755,#5756,#5757,#5758));
#5760=FACE_OUTER_BOUND('',#5759,.F.);
#5761=ADVANCED_FACE('',(#5760),#5752,.T.);
#5762=CARTESIAN_POINT('',(-1.97231E1,1.21412E1,-3.1369E0));
#5763=DIRECTION('',(0.E0,0.E0,1.E0));
#5764=DIRECTION('',(1.E0,0.E0,0.E0));
#5765=AXIS2_PLACEMENT_3D('',#5762,#5763,#5764);
#5766=PLANE('',#5765);
#5767=ORIENTED_EDGE('',*,*,#5583,.T.);
#5768=ORIENTED_EDGE('',*,*,#5648,.T.);
#5769=ORIENTED_EDGE('',*,*,#5742,.T.);
#5770=ORIENTED_EDGE('',*,*,#5534,.F.);
#5771=ORIENTED_EDGE('',*,*,#5557,.F.);
#5772=ORIENTED_EDGE('',*,*,#5685,.T.);
#5773=EDGE_LOOP('',(#5767,#5768,#5769,#5770,#5771,#5772));
#5774=FACE_OUTER_BOUND('',#5773,.F.);
#5775=ADVANCED_FACE('',(#5774),#5766,.T.);
#5776=CARTESIAN_POINT('',(-1.651E1,3.89001E0,-6.35E0));
#5777=DIRECTION('',(0.E0,1.E0,0.E0));
#5778=DIRECTION('',(0.E0,0.E0,1.E0));
#5779=AXIS2_PLACEMENT_3D('',#5776,#5777,#5778);
#5780=CYLINDRICAL_SURFACE('',#5779,1.70434E0);
#5781=ORIENTED_EDGE('',*,*,#5543,.T.);
#5782=ORIENTED_EDGE('',*,*,#5522,.F.);
#5783=ORIENTED_EDGE('',*,*,#5507,.F.);
#5784=ORIENTED_EDGE('',*,*,#5519,.T.);
#5785=EDGE_LOOP('',(#5781,#5782,#5783,#5784));
#5786=FACE_OUTER_BOUND('',#5785,.F.);
#5787=ADVANCED_FACE('',(#5786),#5780,.T.);
#5788=CARTESIAN_POINT('',(-1.16205E1,1.3462E1,-4.51485E0));
#5789=DIRECTION('',(-7.071067811865E-1,0.E0,7.071067811865E-1));
#5790=DIRECTION('',(-7.071067811865E-1,0.E0,-7.071067811865E-1));
#5791=AXIS2_PLACEMENT_3D('',#5788,#5789,#5790);
#5792=PLANE('',#5791);
#5793=ORIENTED_EDGE('',*,*,#4960,.F.);
#5795=ORIENTED_EDGE('',*,*,#5794,.F.);
#5797=ORIENTED_EDGE('',*,*,#5796,.T.);
#5799=ORIENTED_EDGE('',*,*,#5798,.F.);
#5800=EDGE_LOOP('',(#5793,#5795,#5797,#5799));
#5801=FACE_OUTER_BOUND('',#5800,.F.);
#5802=ADVANCED_FACE('',(#5801),#5792,.F.);
#5803=CARTESIAN_POINT('',(-1.19253E1,1.3462E1,-4.81965E0));
#5804=DIRECTION('',(-1.E0,0.E0,0.E0));
#5805=DIRECTION('',(0.E0,0.E0,-1.E0));
#5806=AXIS2_PLACEMENT_3D('',#5803,#5804,#5805);
#5807=PLANE('',#5806);
#5808=ORIENTED_EDGE('',*,*,#4980,.F.);
#5810=ORIENTED_EDGE('',*,*,#5809,.F.);
#5812=ORIENTED_EDGE('',*,*,#5811,.T.);
#5813=ORIENTED_EDGE('',*,*,#5794,.T.);
#5814=EDGE_LOOP('',(#5808,#5810,#5812,#5813));
#5815=FACE_OUTER_BOUND('',#5814,.F.);
#5816=ADVANCED_FACE('',(#5815),#5807,.F.);
#5817=CARTESIAN_POINT('',(-1.19253E1,1.3462E1,-7.88035E0));
#5818=DIRECTION('',(-7.071067811865E-1,0.E0,-7.071067811865E-1));
#5819=DIRECTION('',(7.071067811865E-1,0.E0,-7.071067811865E-1));
#5820=AXIS2_PLACEMENT_3D('',#5817,#5818,#5819);
#5821=PLANE('',#5820);
#5822=ORIENTED_EDGE('',*,*,#4978,.F.);
#5824=ORIENTED_EDGE('',*,*,#5823,.T.);
#5826=ORIENTED_EDGE('',*,*,#5825,.T.);
#5827=ORIENTED_EDGE('',*,*,#5809,.T.);
#5828=EDGE_LOOP('',(#5822,#5824,#5826,#5827));
#5829=FACE_OUTER_BOUND('',#5828,.F.);
#5830=ADVANCED_FACE('',(#5829),#5821,.F.);
#5831=CARTESIAN_POINT('',(-1.16205E1,1.3462E1,-1.6002E0));
#5832=DIRECTION('',(-1.E0,0.E0,0.E0));
#5833=DIRECTION('',(0.E0,0.E0,1.E0));
#5834=AXIS2_PLACEMENT_3D('',#5831,#5832,#5833);
#5835=PLANE('',#5834);
#5837=ORIENTED_EDGE('',*,*,#5836,.F.);
#5839=ORIENTED_EDGE('',*,*,#5838,.F.);
#5840=ORIENTED_EDGE('',*,*,#4289,.F.);
#5841=ORIENTED_EDGE('',*,*,#4404,.T.);
#5842=ORIENTED_EDGE('',*,*,#4962,.T.);
#5843=ORIENTED_EDGE('',*,*,#5798,.T.);
#5844=EDGE_LOOP('',(#5837,#5839,#5840,#5841,#5842,#5843));
#5845=FACE_OUTER_BOUND('',#5844,.F.);
#5846=ADVANCED_FACE('',(#5845),#5835,.F.);
#5847=CARTESIAN_POINT('',(-1.16205E1,1.3462E1,-1.6002E0));
#5848=DIRECTION('',(-1.E0,0.E0,0.E0));
#5849=DIRECTION('',(0.E0,0.E0,1.E0));
#5850=AXIS2_PLACEMENT_3D('',#5847,#5848,#5849);
#5851=PLANE('',#5850);
#5853=ORIENTED_EDGE('',*,*,#5852,.F.);
#5854=ORIENTED_EDGE('',*,*,#5823,.F.);
#5855=ORIENTED_EDGE('',*,*,#4976,.T.);
#5856=ORIENTED_EDGE('',*,*,#4870,.T.);
#5857=ORIENTED_EDGE('',*,*,#4769,.T.);
#5859=ORIENTED_EDGE('',*,*,#5858,.F.);
#5860=EDGE_LOOP('',(#5853,#5854,#5855,#5856,#5857,#5859));
#5861=FACE_OUTER_BOUND('',#5860,.F.);
#5862=ADVANCED_FACE('',(#5861),#5851,.F.);
#5863=CARTESIAN_POINT('',(-4.8895E0,7.493E0,-8.186660598201E-1));
#5864=DIRECTION('',(0.E0,-1.E0,0.E0));
#5865=DIRECTION('',(0.E0,0.E0,-1.E0));
#5866=AXIS2_PLACEMENT_3D('',#5863,#5864,#5865);
#5867=PLANE('',#5866);
#5869=ORIENTED_EDGE('',*,*,#5868,.T.);
#5871=ORIENTED_EDGE('',*,*,#5870,.F.);
#5873=ORIENTED_EDGE('',*,*,#5872,.F.);
#5875=ORIENTED_EDGE('',*,*,#5874,.F.);
#5877=ORIENTED_EDGE('',*,*,#5876,.T.);
#5879=ORIENTED_EDGE('',*,*,#5878,.F.);
#5880=ORIENTED_EDGE('',*,*,#5836,.T.);
#5881=ORIENTED_EDGE('',*,*,#5796,.F.);
#5882=ORIENTED_EDGE('',*,*,#5811,.F.);
#5883=ORIENTED_EDGE('',*,*,#5825,.F.);
#5884=ORIENTED_EDGE('',*,*,#5852,.T.);
#5886=ORIENTED_EDGE('',*,*,#5885,.T.);
#5887=EDGE_LOOP('',(#5869,#5871,#5873,#5875,#5877,#5879,#5880,#5881,#5882,#5883,
#5884,#5886));
#5888=FACE_OUTER_BOUND('',#5887,.F.);
#5890=ORIENTED_EDGE('',*,*,#5889,.T.);
#5892=ORIENTED_EDGE('',*,*,#5891,.T.);
#5894=ORIENTED_EDGE('',*,*,#5893,.T.);
#5896=ORIENTED_EDGE('',*,*,#5895,.T.);
#5898=ORIENTED_EDGE('',*,*,#5897,.T.);
#5900=ORIENTED_EDGE('',*,*,#5899,.T.);
#5902=ORIENTED_EDGE('',*,*,#5901,.T.);
#5904=ORIENTED_EDGE('',*,*,#5903,.T.);
#5906=ORIENTED_EDGE('',*,*,#5905,.T.);
#5908=ORIENTED_EDGE('',*,*,#5907,.T.);
#5910=ORIENTED_EDGE('',*,*,#5909,.T.);
#5912=ORIENTED_EDGE('',*,*,#5911,.T.);
#5913=EDGE_LOOP('',(#5890,#5892,#5894,#5896,#5898,#5900,#5902,#5904,#5906,#5908,
#5910,#5912));
#5914=FACE_BOUND('',#5913,.F.);
#5915=ADVANCED_FACE('',(#5888,#5914),#5867,.F.);
#5916=CARTESIAN_POINT('',(-4.8895E0,8.255E-1,0.E0));
#5917=DIRECTION('',(1.E0,0.E0,0.E0));
#5918=DIRECTION('',(0.E0,0.E0,-1.E0));
#5919=AXIS2_PLACEMENT_3D('',#5916,#5917,#5918);
#5920=PLANE('',#5919);
#5922=ORIENTED_EDGE('',*,*,#5921,.F.);
#5923=ORIENTED_EDGE('',*,*,#5868,.F.);
#5925=ORIENTED_EDGE('',*,*,#5924,.F.);
#5926=ORIENTED_EDGE('',*,*,#4783,.T.);
#5927=ORIENTED_EDGE('',*,*,#4884,.T.);
#5928=ORIENTED_EDGE('',*,*,#5003,.T.);
#5929=EDGE_LOOP('',(#5922,#5923,#5925,#5926,#5927,#5928));
#5930=FACE_OUTER_BOUND('',#5929,.F.);
#5931=ADVANCED_FACE('',(#5930),#5920,.F.);
#5932=CARTESIAN_POINT('',(-4.8895E0,8.255E-1,0.E0));
#5933=DIRECTION('',(1.E0,0.E0,0.E0));
#5934=DIRECTION('',(0.E0,0.E0,-1.E0));
#5935=AXIS2_PLACEMENT_3D('',#5932,#5933,#5934);
#5936=PLANE('',#5935);
#5938=ORIENTED_EDGE('',*,*,#5937,.T.);
#5939=ORIENTED_EDGE('',*,*,#4995,.T.);
#5940=ORIENTED_EDGE('',*,*,#4417,.T.);
#5941=ORIENTED_EDGE('',*,*,#4315,.F.);
#5943=ORIENTED_EDGE('',*,*,#5942,.F.);
#5944=ORIENTED_EDGE('',*,*,#5876,.F.);
#5945=EDGE_LOOP('',(#5938,#5939,#5940,#5941,#5943,#5944));
#5946=FACE_OUTER_BOUND('',#5945,.F.);
#5947=ADVANCED_FACE('',(#5946),#5936,.F.);
#5948=CARTESIAN_POINT('',(-4.8895E0,1.3462E1,-8.18515E0));
#5949=DIRECTION('',(7.071067811865E-1,0.E0,-7.071067811865E-1));
#5950=DIRECTION('',(7.071067811865E-1,0.E0,7.071067811865E-1));
#5951=AXIS2_PLACEMENT_3D('',#5948,#5949,#5950);
#5952=PLANE('',#5951);
#5953=ORIENTED_EDGE('',*,*,#5001,.F.);
#5955=ORIENTED_EDGE('',*,*,#5954,.F.);
#5956=ORIENTED_EDGE('',*,*,#5870,.T.);
#5957=ORIENTED_EDGE('',*,*,#5921,.T.);
#5958=EDGE_LOOP('',(#5953,#5955,#5956,#5957));
#5959=FACE_OUTER_BOUND('',#5958,.F.);
#5960=ADVANCED_FACE('',(#5959),#5952,.F.);
#5961=CARTESIAN_POINT('',(-4.5847E0,1.3462E1,-7.88035E0));
#5962=DIRECTION('',(1.E0,0.E0,0.E0));
#5963=DIRECTION('',(0.E0,0.E0,1.E0));
#5964=AXIS2_PLACEMENT_3D('',#5961,#5962,#5963);
#5965=PLANE('',#5964);
#5966=ORIENTED_EDGE('',*,*,#4999,.F.);
#5968=ORIENTED_EDGE('',*,*,#5967,.F.);
#5969=ORIENTED_EDGE('',*,*,#5872,.T.);
#5970=ORIENTED_EDGE('',*,*,#5954,.T.);
#5971=EDGE_LOOP('',(#5966,#5968,#5969,#5970));
#5972=FACE_OUTER_BOUND('',#5971,.F.);
#5973=ADVANCED_FACE('',(#5972),#5965,.F.);
#5974=CARTESIAN_POINT('',(-4.5847E0,1.3462E1,-4.81965E0));
#5975=DIRECTION('',(7.071067811865E-1,0.E0,7.071067811865E-1));
#5976=DIRECTION('',(-7.071067811865E-1,0.E0,7.071067811865E-1));
#5977=AXIS2_PLACEMENT_3D('',#5974,#5975,#5976);
#5978=PLANE('',#5977);
#5979=ORIENTED_EDGE('',*,*,#4997,.F.);
#5980=ORIENTED_EDGE('',*,*,#5937,.F.);
#5981=ORIENTED_EDGE('',*,*,#5874,.T.);
#5982=ORIENTED_EDGE('',*,*,#5967,.T.);
#5983=EDGE_LOOP('',(#5979,#5980,#5981,#5982));
#5984=FACE_OUTER_BOUND('',#5983,.F.);
#5985=ADVANCED_FACE('',(#5984),#5978,.F.);
#5986=CARTESIAN_POINT('',(-4.8895E0,7.493E0,-1.188133394018E1));
#5987=DIRECTION('',(0.E0,-1.218693434051E-1,9.925461516413E-1));
#5988=DIRECTION('',(0.E0,-9.925461516413E-1,-1.218693434051E-1));
#5989=AXIS2_PLACEMENT_3D('',#5986,#5987,#5988);
#5990=PLANE('',#5989);
#5991=ORIENTED_EDGE('',*,*,#5924,.T.);
#5992=ORIENTED_EDGE('',*,*,#5885,.F.);
#5993=ORIENTED_EDGE('',*,*,#5858,.T.);
#5995=ORIENTED_EDGE('',*,*,#5994,.T.);
#5996=EDGE_LOOP('',(#5991,#5992,#5993,#5995));
#5997=FACE_OUTER_BOUND('',#5996,.F.);
#5998=ADVANCED_FACE('',(#5997),#5990,.F.);
#5999=CARTESIAN_POINT('',(-1.16205E1,8.255E-1,0.E0));
#6000=DIRECTION('',(0.E0,1.E0,0.E0));
#6001=DIRECTION('',(0.E0,0.E0,-1.E0));
#6002=AXIS2_PLACEMENT_3D('',#5999,#6000,#6001);
#6003=PLANE('',#6002);
#6005=ORIENTED_EDGE('',*,*,#6004,.T.);
#6007=ORIENTED_EDGE('',*,*,#6006,.T.);
#6008=ORIENTED_EDGE('',*,*,#5994,.F.);
#6010=ORIENTED_EDGE('',*,*,#6009,.F.);
#6011=EDGE_LOOP('',(#6005,#6007,#6008,#6010));
#6012=FACE_OUTER_BOUND('',#6011,.F.);
#6014=ORIENTED_EDGE('',*,*,#6013,.T.);
#6016=ORIENTED_EDGE('',*,*,#6015,.T.);
#6018=ORIENTED_EDGE('',*,*,#6017,.F.);
#6020=ORIENTED_EDGE('',*,*,#6019,.F.);
#6021=EDGE_LOOP('',(#6014,#6016,#6018,#6020));
#6022=FACE_BOUND('',#6021,.F.);
#6023=ADVANCED_FACE('',(#6012,#6022),#6003,.F.);
#6024=CARTESIAN_POINT('',(-4.8895E0,8.255E-1,0.E0));
#6025=DIRECTION('',(0.E0,-1.218693434051E-1,-9.925461516413E-1));
#6026=DIRECTION('',(0.E0,9.925461516413E-1,-1.218693434051E-1));
#6027=AXIS2_PLACEMENT_3D('',#6024,#6025,#6026);
#6028=PLANE('',#6027);
#6029=ORIENTED_EDGE('',*,*,#5942,.T.);
#6030=ORIENTED_EDGE('',*,*,#6004,.F.);
#6031=ORIENTED_EDGE('',*,*,#5838,.T.);
#6032=ORIENTED_EDGE('',*,*,#5878,.T.);
#6033=EDGE_LOOP('',(#6029,#6030,#6031,#6032));
#6034=FACE_OUTER_BOUND('',#6033,.F.);
#6035=ADVANCED_FACE('',(#6034),#6028,.F.);
#6036=CARTESIAN_POINT('',(-4.8895E0,1.3462E1,-1.6002E0));
#6037=DIRECTION('',(-1.E0,0.E0,0.E0));
#6038=DIRECTION('',(0.E0,0.E0,1.E0));
#6039=AXIS2_PLACEMENT_3D('',#6036,#6037,#6038);
#6040=PLANE('',#6039);
#6041=ORIENTED_EDGE('',*,*,#4313,.F.);
#6042=ORIENTED_EDGE('',*,*,#4524,.F.);
#6043=ORIENTED_EDGE('',*,*,#4785,.T.);
#6044=ORIENTED_EDGE('',*,*,#6006,.F.);
#6045=EDGE_LOOP('',(#6041,#6042,#6043,#6044));
#6046=FACE_OUTER_BOUND('',#6045,.F.);
#6047=ADVANCED_FACE('',(#6046),#6040,.T.);
#6048=CARTESIAN_POINT('',(-1.16205E1,1.3462E1,-1.6002E0));
#6049=DIRECTION('',(-1.E0,0.E0,0.E0));
#6050=DIRECTION('',(0.E0,0.E0,1.E0));
#6051=AXIS2_PLACEMENT_3D('',#6048,#6049,#6050);
#6052=PLANE('',#6051);
#6053=ORIENTED_EDGE('',*,*,#4291,.T.);
#6054=ORIENTED_EDGE('',*,*,#6009,.T.);
#6055=ORIENTED_EDGE('',*,*,#4767,.F.);
#6056=ORIENTED_EDGE('',*,*,#4505,.T.);
#6057=EDGE_LOOP('',(#6053,#6054,#6055,#6056));
#6058=FACE_OUTER_BOUND('',#6057,.F.);
#6059=ADVANCED_FACE('',(#6058),#6052,.F.);
#6060=CARTESIAN_POINT('',(-8.9154E0,0.E0,0.E0));
#6061=DIRECTION('',(1.E0,0.E0,0.E0));
#6062=DIRECTION('',(0.E0,0.E0,-1.E0));
#6063=AXIS2_PLACEMENT_3D('',#6060,#6061,#6062);
#6064=PLANE('',#6063);
#6066=ORIENTED_EDGE('',*,*,#6065,.T.);
#6068=ORIENTED_EDGE('',*,*,#6067,.T.);
#6070=ORIENTED_EDGE('',*,*,#6069,.T.);
#6071=ORIENTED_EDGE('',*,*,#6013,.F.);
#6072=EDGE_LOOP('',(#6066,#6068,#6070,#6071));
#6073=FACE_OUTER_BOUND('',#6072,.F.);
#6074=ADVANCED_FACE('',(#6073),#6064,.F.);
#6075=CARTESIAN_POINT('',(-8.9154E0,8.255E-1,-2.032E0));
#6076=DIRECTION('',(0.E0,0.E0,1.E0));
#6077=DIRECTION('',(0.E0,-1.E0,0.E0));
#6078=AXIS2_PLACEMENT_3D('',#6075,#6076,#6077);
#6079=PLANE('',#6078);
#6080=ORIENTED_EDGE('',*,*,#6065,.F.);
#6081=ORIENTED_EDGE('',*,*,#6019,.T.);
#6083=ORIENTED_EDGE('',*,*,#6082,.T.);
#6085=ORIENTED_EDGE('',*,*,#6084,.F.);
#6086=EDGE_LOOP('',(#6080,#6081,#6083,#6085));
#6087=FACE_OUTER_BOUND('',#6086,.F.);
#6088=ADVANCED_FACE('',(#6087),#6079,.T.);
#6089=CARTESIAN_POINT('',(-7.5946E0,0.E0,0.E0));
#6090=DIRECTION('',(1.E0,0.E0,0.E0));
#6091=DIRECTION('',(0.E0,0.E0,-1.E0));
#6092=AXIS2_PLACEMENT_3D('',#6089,#6090,#6091);
#6093=PLANE('',#6092);
#6094=ORIENTED_EDGE('',*,*,#6082,.F.);
#6095=ORIENTED_EDGE('',*,*,#6017,.T.);
#6097=ORIENTED_EDGE('',*,*,#6096,.F.);
#6099=ORIENTED_EDGE('',*,*,#6098,.F.);
#6100=EDGE_LOOP('',(#6094,#6095,#6097,#6099));
#6101=FACE_OUTER_BOUND('',#6100,.F.);
#6102=ADVANCED_FACE('',(#6101),#6093,.T.);
#6103=CARTESIAN_POINT('',(-8.9154E0,-4.064E0,-2.8702E0));
#6104=DIRECTION('',(0.E0,0.E0,-1.E0));
#6105=DIRECTION('',(0.E0,1.E0,0.E0));
#6106=AXIS2_PLACEMENT_3D('',#6103,#6104,#6105);
#6107=PLANE('',#6106);
#6108=ORIENTED_EDGE('',*,*,#6069,.F.);
#6110=ORIENTED_EDGE('',*,*,#6109,.T.);
#6111=ORIENTED_EDGE('',*,*,#6096,.T.);
#6112=ORIENTED_EDGE('',*,*,#6015,.F.);
#6113=EDGE_LOOP('',(#6108,#6110,#6111,#6112));
#6114=FACE_OUTER_BOUND('',#6113,.F.);
#6115=ADVANCED_FACE('',(#6114),#6107,.T.);
#6116=CARTESIAN_POINT('',(-8.9154E0,-4.064E0,-2.032E0));
#6117=DIRECTION('',(0.E0,-1.E0,0.E0));
#6118=DIRECTION('',(0.E0,0.E0,-1.E0));
#6119=AXIS2_PLACEMENT_3D('',#6116,#6117,#6118);
#6120=PLANE('',#6119);
#6121=ORIENTED_EDGE('',*,*,#6067,.F.);
#6122=ORIENTED_EDGE('',*,*,#6084,.T.);
#6123=ORIENTED_EDGE('',*,*,#6098,.T.);
#6124=ORIENTED_EDGE('',*,*,#6109,.F.);
#6125=EDGE_LOOP('',(#6121,#6122,#6123,#6124));
#6126=FACE_OUTER_BOUND('',#6125,.F.);
#6127=ADVANCED_FACE('',(#6126),#6120,.T.);
#6128=CARTESIAN_POINT('',(-1.143E1,7.493E0,-8.9154E0));
#6129=DIRECTION('',(-1.E0,0.E0,0.E0));
#6130=DIRECTION('',(0.E0,0.E0,1.E0));
#6131=AXIS2_PLACEMENT_3D('',#6128,#6129,#6130);
#6132=PLANE('',#6131);
#6133=ORIENTED_EDGE('',*,*,#5889,.F.);
#6135=ORIENTED_EDGE('',*,*,#6134,.T.);
#6137=ORIENTED_EDGE('',*,*,#6136,.T.);
#6139=ORIENTED_EDGE('',*,*,#6138,.F.);
#6140=EDGE_LOOP('',(#6133,#6135,#6137,#6139));
#6141=FACE_OUTER_BOUND('',#6140,.F.);
#6142=ADVANCED_FACE('',(#6141),#6132,.T.);
#6143=CARTESIAN_POINT('',(-1.06299E1,7.493E0,-8.9154E0));
#6144=DIRECTION('',(0.E0,0.E0,-1.E0));
#6145=DIRECTION('',(-1.E0,0.E0,0.E0));
#6146=AXIS2_PLACEMENT_3D('',#6143,#6144,#6145);
#6147=PLANE('',#6146);
#6148=ORIENTED_EDGE('',*,*,#5911,.F.);
#6150=ORIENTED_EDGE('',*,*,#6149,.T.);
#6152=ORIENTED_EDGE('',*,*,#6151,.T.);
#6153=ORIENTED_EDGE('',*,*,#6134,.F.);
#6154=EDGE_LOOP('',(#6148,#6150,#6152,#6153));
#6155=FACE_OUTER_BOUND('',#6154,.F.);
#6156=ADVANCED_FACE('',(#6155),#6147,.T.);
#6157=CARTESIAN_POINT('',(-1.06299E1,7.493E0,-1.0668E1));
#6158=DIRECTION('',(-1.E0,0.E0,0.E0));
#6159=DIRECTION('',(0.E0,0.E0,1.E0));
#6160=AXIS2_PLACEMENT_3D('',#6157,#6158,#6159);
#6161=PLANE('',#6160);
#6162=ORIENTED_EDGE('',*,*,#5909,.F.);
#6164=ORIENTED_EDGE('',*,*,#6163,.T.);
#6166=ORIENTED_EDGE('',*,*,#6165,.T.);
#6167=ORIENTED_EDGE('',*,*,#6149,.F.);
#6168=EDGE_LOOP('',(#6162,#6164,#6166,#6167));
#6169=FACE_OUTER_BOUND('',#6168,.F.);
#6170=ADVANCED_FACE('',(#6169),#6161,.T.);
#6171=CARTESIAN_POINT('',(-5.8801E0,7.493E0,-1.0668E1));
#6172=DIRECTION('',(0.E0,0.E0,-1.E0));
#6173=DIRECTION('',(-1.E0,0.E0,0.E0));
#6174=AXIS2_PLACEMENT_3D('',#6171,#6172,#6173);
#6175=PLANE('',#6174);
#6176=ORIENTED_EDGE('',*,*,#5907,.F.);
#6178=ORIENTED_EDGE('',*,*,#6177,.T.);
#6180=ORIENTED_EDGE('',*,*,#6179,.T.);
#6181=ORIENTED_EDGE('',*,*,#6163,.F.);
#6182=EDGE_LOOP('',(#6176,#6178,#6180,#6181));
#6183=FACE_OUTER_BOUND('',#6182,.F.);
#6184=ADVANCED_FACE('',(#6183),#6175,.T.);
#6185=CARTESIAN_POINT('',(-5.8801E0,7.493E0,-8.9154E0));
#6186=DIRECTION('',(1.E0,0.E0,0.E0));
#6187=DIRECTION('',(0.E0,0.E0,-1.E0));
#6188=AXIS2_PLACEMENT_3D('',#6185,#6186,#6187);
#6189=PLANE('',#6188);
#6190=ORIENTED_EDGE('',*,*,#5905,.F.);
#6192=ORIENTED_EDGE('',*,*,#6191,.T.);
#6194=ORIENTED_EDGE('',*,*,#6193,.T.);
#6195=ORIENTED_EDGE('',*,*,#6177,.F.);
#6196=EDGE_LOOP('',(#6190,#6192,#6194,#6195));
#6197=FACE_OUTER_BOUND('',#6196,.F.);
#6198=ADVANCED_FACE('',(#6197),#6189,.T.);
#6199=CARTESIAN_POINT('',(-5.08E0,7.493E0,-8.9154E0));
#6200=DIRECTION('',(0.E0,0.E0,-1.E0));
#6201=DIRECTION('',(-1.E0,0.E0,0.E0));
#6202=AXIS2_PLACEMENT_3D('',#6199,#6200,#6201);
#6203=PLANE('',#6202);
#6204=ORIENTED_EDGE('',*,*,#5903,.F.);
#6206=ORIENTED_EDGE('',*,*,#6205,.T.);
#6208=ORIENTED_EDGE('',*,*,#6207,.T.);
#6209=ORIENTED_EDGE('',*,*,#6191,.F.);
#6210=EDGE_LOOP('',(#6204,#6206,#6208,#6209));
#6211=FACE_OUTER_BOUND('',#6210,.F.);
#6212=ADVANCED_FACE('',(#6211),#6203,.T.);
#6213=CARTESIAN_POINT('',(-5.08E0,7.493E0,-3.7846E0));
#6214=DIRECTION('',(1.E0,0.E0,0.E0));
#6215=DIRECTION('',(0.E0,0.E0,-1.E0));
#6216=AXIS2_PLACEMENT_3D('',#6213,#6214,#6215);
#6217=PLANE('',#6216);
#6218=ORIENTED_EDGE('',*,*,#5901,.F.);
#6220=ORIENTED_EDGE('',*,*,#6219,.T.);
#6222=ORIENTED_EDGE('',*,*,#6221,.T.);
#6223=ORIENTED_EDGE('',*,*,#6205,.F.);
#6224=EDGE_LOOP('',(#6218,#6220,#6222,#6223));
#6225=FACE_OUTER_BOUND('',#6224,.F.);
#6226=ADVANCED_FACE('',(#6225),#6217,.T.);
#6227=CARTESIAN_POINT('',(-5.8801E0,7.493E0,-3.7846E0));
#6228=DIRECTION('',(0.E0,0.E0,1.E0));
#6229=DIRECTION('',(1.E0,0.E0,0.E0));
#6230=AXIS2_PLACEMENT_3D('',#6227,#6228,#6229);
#6231=PLANE('',#6230);
#6232=ORIENTED_EDGE('',*,*,#5899,.F.);
#6234=ORIENTED_EDGE('',*,*,#6233,.T.);
#6236=ORIENTED_EDGE('',*,*,#6235,.T.);
#6237=ORIENTED_EDGE('',*,*,#6219,.F.);
#6238=EDGE_LOOP('',(#6232,#6234,#6236,#6237));
#6239=FACE_OUTER_BOUND('',#6238,.F.);
#6240=ADVANCED_FACE('',(#6239),#6231,.T.);
#6241=CARTESIAN_POINT('',(-5.8801E0,7.493E0,-2.032E0));
#6242=DIRECTION('',(1.E0,0.E0,0.E0));
#6243=DIRECTION('',(0.E0,0.E0,-1.E0));
#6244=AXIS2_PLACEMENT_3D('',#6241,#6242,#6243);
#6245=PLANE('',#6244);
#6246=ORIENTED_EDGE('',*,*,#5897,.F.);
#6248=ORIENTED_EDGE('',*,*,#6247,.T.);
#6250=ORIENTED_EDGE('',*,*,#6249,.T.);
#6251=ORIENTED_EDGE('',*,*,#6233,.F.);
#6252=EDGE_LOOP('',(#6246,#6248,#6250,#6251));
#6253=FACE_OUTER_BOUND('',#6252,.F.);
#6254=ADVANCED_FACE('',(#6253),#6245,.T.);
#6255=CARTESIAN_POINT('',(-1.06299E1,7.493E0,-2.032E0));
#6256=DIRECTION('',(0.E0,0.E0,1.E0));
#6257=DIRECTION('',(1.E0,0.E0,0.E0));
#6258=AXIS2_PLACEMENT_3D('',#6255,#6256,#6257);
#6259=PLANE('',#6258);
#6260=ORIENTED_EDGE('',*,*,#5895,.F.);
#6262=ORIENTED_EDGE('',*,*,#6261,.T.);
#6264=ORIENTED_EDGE('',*,*,#6263,.T.);
#6265=ORIENTED_EDGE('',*,*,#6247,.F.);
#6266=EDGE_LOOP('',(#6260,#6262,#6264,#6265));
#6267=FACE_OUTER_BOUND('',#6266,.F.);
#6268=ADVANCED_FACE('',(#6267),#6259,.T.);
#6269=CARTESIAN_POINT('',(-1.06299E1,7.493E0,-3.7846E0));
#6270=DIRECTION('',(-1.E0,0.E0,0.E0));
#6271=DIRECTION('',(0.E0,0.E0,1.E0));
#6272=AXIS2_PLACEMENT_3D('',#6269,#6270,#6271);
#6273=PLANE('',#6272);
#6274=ORIENTED_EDGE('',*,*,#5893,.F.);
#6276=ORIENTED_EDGE('',*,*,#6275,.T.);
#6278=ORIENTED_EDGE('',*,*,#6277,.T.);
#6279=ORIENTED_EDGE('',*,*,#6261,.F.);
#6280=EDGE_LOOP('',(#6274,#6276,#6278,#6279));
#6281=FACE_OUTER_BOUND('',#6280,.F.);
#6282=ADVANCED_FACE('',(#6281),#6273,.T.);
#6283=CARTESIAN_POINT('',(-1.143E1,7.493E0,-3.7846E0));
#6284=DIRECTION('',(0.E0,0.E0,1.E0));
#6285=DIRECTION('',(1.E0,0.E0,0.E0));
#6286=AXIS2_PLACEMENT_3D('',#6283,#6284,#6285);
#6287=PLANE('',#6286);
#6288=ORIENTED_EDGE('',*,*,#5891,.F.);
#6289=ORIENTED_EDGE('',*,*,#6138,.T.);
#6291=ORIENTED_EDGE('',*,*,#6290,.T.);
#6292=ORIENTED_EDGE('',*,*,#6275,.F.);
#6293=EDGE_LOOP('',(#6288,#6289,#6291,#6292));
#6294=FACE_OUTER_BOUND('',#6293,.F.);
#6295=ADVANCED_FACE('',(#6294),#6287,.T.);
#6296=CARTESIAN_POINT('',(2.1463E1,8.3312E0,0.E0));
#6297=DIRECTION('',(0.E0,1.E0,0.E0));
#6298=DIRECTION('',(1.E0,0.E0,0.E0));
#6299=AXIS2_PLACEMENT_3D('',#6296,#6297,#6298);
#6300=PLANE('',#6299);
#6301=ORIENTED_EDGE('',*,*,#6136,.F.);
#6302=ORIENTED_EDGE('',*,*,#6151,.F.);
#6303=ORIENTED_EDGE('',*,*,#6165,.F.);
#6304=ORIENTED_EDGE('',*,*,#6179,.F.);
#6305=ORIENTED_EDGE('',*,*,#6193,.F.);
#6306=ORIENTED_EDGE('',*,*,#6207,.F.);
#6307=ORIENTED_EDGE('',*,*,#6221,.F.);
#6308=ORIENTED_EDGE('',*,*,#6235,.F.);
#6309=ORIENTED_EDGE('',*,*,#6249,.F.);
#6310=ORIENTED_EDGE('',*,*,#6263,.F.);
#6311=ORIENTED_EDGE('',*,*,#6277,.F.);
#6312=ORIENTED_EDGE('',*,*,#6290,.F.);
#6313=EDGE_LOOP('',(#6301,#6302,#6303,#6304,#6305,#6306,#6307,#6308,#6309,#6310,
#6311,#6312));
#6314=FACE_OUTER_BOUND('',#6313,.F.);
#6316=ORIENTED_EDGE('',*,*,#6315,.T.);
#6318=ORIENTED_EDGE('',*,*,#6317,.T.);
#6319=EDGE_LOOP('',(#6316,#6318));
#6320=FACE_BOUND('',#6319,.F.);
#6321=ADVANCED_FACE('',(#6314,#6320),#6300,.T.);
#6322=CARTESIAN_POINT('',(-8.255E0,3.89001E0,-6.35E0));
#6323=DIRECTION('',(0.E0,1.E0,0.E0));
#6324=DIRECTION('',(0.E0,0.E0,1.E0));
#6325=AXIS2_PLACEMENT_3D('',#6322,#6323,#6324);
#6326=CYLINDRICAL_SURFACE('',#6325,1.70434E0);
#6328=ORIENTED_EDGE('',*,*,#6327,.T.);
#6330=ORIENTED_EDGE('',*,*,#6329,.F.);
#6331=ORIENTED_EDGE('',*,*,#6315,.F.);
#6333=ORIENTED_EDGE('',*,*,#6332,.T.);
#6334=EDGE_LOOP('',(#6328,#6330,#6331,#6333));
#6335=FACE_OUTER_BOUND('',#6334,.F.);
#6336=ADVANCED_FACE('',(#6335),#6326,.T.);
#6337=CARTESIAN_POINT('',(2.1463E1,1.03632E1,0.E0));
#6338=DIRECTION('',(0.E0,1.E0,0.E0));
#6339=DIRECTION('',(1.E0,0.E0,0.E0));
#6340=AXIS2_PLACEMENT_3D('',#6337,#6338,#6339);
#6341=PLANE('',#6340);
#6343=ORIENTED_EDGE('',*,*,#6342,.T.);
#6345=ORIENTED_EDGE('',*,*,#6344,.T.);
#6347=ORIENTED_EDGE('',*,*,#6346,.T.);
#6349=ORIENTED_EDGE('',*,*,#6348,.T.);
#6350=EDGE_LOOP('',(#6343,#6345,#6347,#6349));
#6351=FACE_OUTER_BOUND('',#6350,.F.);
#6352=ORIENTED_EDGE('',*,*,#6327,.F.);
#6354=ORIENTED_EDGE('',*,*,#6353,.F.);
#6355=EDGE_LOOP('',(#6352,#6354));
#6356=FACE_BOUND('',#6355,.F.);
#6357=ADVANCED_FACE('',(#6351,#6356),#6341,.F.);
#6358=CARTESIAN_POINT('',(-1.14681E1,1.21412E1,-9.5631E0));
#6359=DIRECTION('',(-1.E0,0.E0,0.E0));
#6360=DIRECTION('',(0.E0,0.E0,1.E0));
#6361=AXIS2_PLACEMENT_3D('',#6358,#6359,#6360);
#6362=PLANE('',#6361);
#6364=ORIENTED_EDGE('',*,*,#6363,.T.);
#6366=ORIENTED_EDGE('',*,*,#6365,.T.);
#6368=ORIENTED_EDGE('',*,*,#6367,.T.);
#6369=ORIENTED_EDGE('',*,*,#6342,.F.);
#6371=ORIENTED_EDGE('',*,*,#6370,.F.);
#6373=ORIENTED_EDGE('',*,*,#6372,.T.);
#6374=EDGE_LOOP('',(#6364,#6366,#6368,#6369,#6371,#6373));
#6375=FACE_OUTER_BOUND('',#6374,.F.);
#6376=ADVANCED_FACE('',(#6375),#6362,.T.);
#6377=CARTESIAN_POINT('',(-8.255E0,1.21412E1,-6.35E0));
#6378=DIRECTION('',(0.E0,1.E0,0.E0));
#6379=DIRECTION('',(0.E0,0.E0,1.E0));
#6380=AXIS2_PLACEMENT_3D('',#6377,#6378,#6379);
#6381=PLANE('',#6380);
#6382=ORIENTED_EDGE('',*,*,#6363,.F.);
#6384=ORIENTED_EDGE('',*,*,#6383,.F.);
#6385=EDGE_LOOP('',(#6382,#6384));
#6386=FACE_OUTER_BOUND('',#6385,.F.);
#6387=ADVANCED_FACE('',(#6386),#6381,.F.);
#6388=CARTESIAN_POINT('',(-8.255E0,1.21412E1,-6.35E0));
#6389=DIRECTION('',(0.E0,1.E0,0.E0));
#6390=DIRECTION('',(0.E0,0.E0,1.E0));
#6391=AXIS2_PLACEMENT_3D('',#6388,#6389,#6390);
#6392=PLANE('',#6391);
#6394=ORIENTED_EDGE('',*,*,#6393,.F.);
#6396=ORIENTED_EDGE('',*,*,#6395,.F.);
#6398=ORIENTED_EDGE('',*,*,#6397,.T.);
#6399=EDGE_LOOP('',(#6394,#6396,#6398));
#6400=FACE_OUTER_BOUND('',#6399,.F.);
#6401=ADVANCED_FACE('',(#6400),#6392,.F.);
#6402=CARTESIAN_POINT('',(-8.255E0,1.21412E1,-6.35E0));
#6403=DIRECTION('',(0.E0,1.E0,0.E0));
#6404=DIRECTION('',(0.E0,0.E0,1.E0));
#6405=AXIS2_PLACEMENT_3D('',#6402,#6403,#6404);
#6406=PLANE('',#6405);
#6408=ORIENTED_EDGE('',*,*,#6407,.F.);
#6410=ORIENTED_EDGE('',*,*,#6409,.T.);
#6411=EDGE_LOOP('',(#6408,#6410));
#6412=FACE_OUTER_BOUND('',#6411,.F.);
#6413=ADVANCED_FACE('',(#6412),#6406,.F.);
#6414=CARTESIAN_POINT('',(-8.255E0,1.21412E1,-6.35E0));
#6415=DIRECTION('',(0.E0,1.E0,0.E0));
#6416=DIRECTION('',(0.E0,0.E0,1.E0));
#6417=AXIS2_PLACEMENT_3D('',#6414,#6415,#6416);
#6418=PLANE('',#6417);
#6420=ORIENTED_EDGE('',*,*,#6419,.F.);
#6422=ORIENTED_EDGE('',*,*,#6421,.T.);
#6424=ORIENTED_EDGE('',*,*,#6423,.F.);
#6425=EDGE_LOOP('',(#6420,#6422,#6424));
#6426=FACE_OUTER_BOUND('',#6425,.F.);
#6427=ADVANCED_FACE('',(#6426),#6418,.F.);
#6428=CARTESIAN_POINT('',(-8.255E0,3.89001E0,-6.35E0));
#6429=DIRECTION('',(0.E0,1.E0,0.E0));
#6430=DIRECTION('',(0.E0,0.E0,1.E0));
#6431=AXIS2_PLACEMENT_3D('',#6428,#6429,#6430);
#6432=CYLINDRICAL_SURFACE('',#6431,3.3401E0);
#6434=ORIENTED_EDGE('',*,*,#6433,.F.);
#6435=ORIENTED_EDGE('',*,*,#6423,.T.);
#6437=ORIENTED_EDGE('',*,*,#6436,.T.);
#6439=ORIENTED_EDGE('',*,*,#6438,.F.);
#6441=ORIENTED_EDGE('',*,*,#6440,.F.);
#6442=ORIENTED_EDGE('',*,*,#6395,.T.);
#6444=ORIENTED_EDGE('',*,*,#6443,.F.);
#6445=ORIENTED_EDGE('',*,*,#6383,.T.);
#6446=EDGE_LOOP('',(#6434,#6435,#6437,#6439,#6441,#6442,#6444,#6445));
#6447=FACE_OUTER_BOUND('',#6446,.F.);
#6448=ADVANCED_FACE('',(#6447),#6432,.T.);
#6449=CARTESIAN_POINT('',(-8.255E0,1.21412E1,-6.35E0));
#6450=DIRECTION('',(0.E0,1.E0,0.E0));
#6451=DIRECTION('',(0.E0,0.E0,1.E0));
#6452=AXIS2_PLACEMENT_3D('',#6449,#6450,#6451);
#6453=PLANE('',#6452);
#6455=ORIENTED_EDGE('',*,*,#6454,.T.);
#6457=ORIENTED_EDGE('',*,*,#6456,.F.);
#6459=ORIENTED_EDGE('',*,*,#6458,.F.);
#6460=EDGE_LOOP('',(#6455,#6457,#6459));
#6461=FACE_OUTER_BOUND('',#6460,.F.);
#6462=ADVANCED_FACE('',(#6461),#6453,.T.);
#6463=CARTESIAN_POINT('',(-8.255E0,1.21412E1,-6.35E0));
#6464=DIRECTION('',(0.E0,1.E0,0.E0));
#6465=DIRECTION('',(0.E0,0.E0,1.E0));
#6466=AXIS2_PLACEMENT_3D('',#6463,#6464,#6465);
#6467=PLANE('',#6466);
#6469=ORIENTED_EDGE('',*,*,#6468,.T.);
#6471=ORIENTED_EDGE('',*,*,#6470,.F.);
#6473=ORIENTED_EDGE('',*,*,#6472,.F.);
#6474=EDGE_LOOP('',(#6469,#6471,#6473));
#6475=FACE_OUTER_BOUND('',#6474,.F.);
#6476=ADVANCED_FACE('',(#6475),#6467,.T.);
#6477=CARTESIAN_POINT('',(-8.255E0,1.21412E1,-6.35E0));
#6478=DIRECTION('',(0.E0,1.E0,0.E0));
#6479=DIRECTION('',(0.E0,0.E0,1.E0));
#6480=AXIS2_PLACEMENT_3D('',#6477,#6478,#6479);
#6481=PLANE('',#6480);
#6482=ORIENTED_EDGE('',*,*,#6433,.T.);
#6483=ORIENTED_EDGE('',*,*,#6372,.F.);
#6485=ORIENTED_EDGE('',*,*,#6484,.F.);
#6486=EDGE_LOOP('',(#6482,#6483,#6485));
#6487=FACE_OUTER_BOUND('',#6486,.F.);
#6488=ADVANCED_FACE('',(#6487),#6481,.T.);
#6489=CARTESIAN_POINT('',(-8.255E0,1.21412E1,-6.35E0));
#6490=DIRECTION('',(0.E0,1.E0,0.E0));
#6491=DIRECTION('',(0.E0,0.E0,1.E0));
#6492=AXIS2_PLACEMENT_3D('',#6489,#6490,#6491);
#6493=PLANE('',#6492);
#6494=ORIENTED_EDGE('',*,*,#6443,.T.);
#6496=ORIENTED_EDGE('',*,*,#6495,.F.);
#6497=ORIENTED_EDGE('',*,*,#6365,.F.);
#6498=EDGE_LOOP('',(#6494,#6496,#6497));
#6499=FACE_OUTER_BOUND('',#6498,.F.);
#6500=ADVANCED_FACE('',(#6499),#6493,.T.);
#6501=CARTESIAN_POINT('',(-8.255E0,3.89001E0,-6.35E0));
#6502=DIRECTION('',(0.E0,1.E0,0.E0));
#6503=DIRECTION('',(0.E0,0.E0,1.E0));
#6504=AXIS2_PLACEMENT_3D('',#6501,#6502,#6503);
#6505=CYLINDRICAL_SURFACE('',#6504,3.3401E0);
#6506=ORIENTED_EDGE('',*,*,#6454,.F.);
#6507=ORIENTED_EDGE('',*,*,#6397,.F.);
#6508=ORIENTED_EDGE('',*,*,#6440,.T.);
#6510=ORIENTED_EDGE('',*,*,#6509,.T.);
#6511=ORIENTED_EDGE('',*,*,#6436,.F.);
#6512=ORIENTED_EDGE('',*,*,#6421,.F.);
#6513=ORIENTED_EDGE('',*,*,#6468,.F.);
#6514=ORIENTED_EDGE('',*,*,#6409,.F.);
#6515=EDGE_LOOP('',(#6506,#6507,#6508,#6510,#6511,#6512,#6513,#6514));
#6516=FACE_OUTER_BOUND('',#6515,.F.);
#6517=ADVANCED_FACE('',(#6516),#6505,.T.);
#6518=CARTESIAN_POINT('',(-8.255E0,7.208738281250E0,-6.35E0));
#6519=DIRECTION('',(0.E0,1.E0,0.E0));
#6520=DIRECTION('',(0.E0,0.E0,1.E0));
#6521=AXIS2_PLACEMENT_3D('',#6518,#6519,#6520);
#6522=SPHERICAL_SURFACE('',#6521,7.269261718750E0);
#6524=ORIENTED_EDGE('',*,*,#6523,.T.);
#6526=ORIENTED_EDGE('',*,*,#6525,.F.);
#6527=ORIENTED_EDGE('',*,*,#6509,.F.);
#6528=EDGE_LOOP('',(#6524,#6526,#6527));
#6529=FACE_OUTER_BOUND('',#6528,.F.);
#6530=ADVANCED_FACE('',(#6529),#6522,.T.);
#6531=CARTESIAN_POINT('',(-8.255E0,7.208738281250E0,-6.35E0));
#6532=DIRECTION('',(0.E0,1.E0,0.E0));
#6533=DIRECTION('',(0.E0,0.E0,1.E0));
#6534=AXIS2_PLACEMENT_3D('',#6531,#6532,#6533);
#6535=SPHERICAL_SURFACE('',#6534,7.269261718750E0);
#6536=ORIENTED_EDGE('',*,*,#6523,.F.);
#6537=ORIENTED_EDGE('',*,*,#6438,.T.);
#6538=ORIENTED_EDGE('',*,*,#6525,.T.);
#6539=EDGE_LOOP('',(#6536,#6537,#6538));
#6540=FACE_OUTER_BOUND('',#6539,.F.);
#6541=ADVANCED_FACE('',(#6540),#6535,.T.);
#6542=CARTESIAN_POINT('',(-5.0419E0,1.21412E1,-3.1369E0));
#6543=DIRECTION('',(1.E0,0.E0,0.E0));
#6544=DIRECTION('',(0.E0,0.E0,-1.E0));
#6545=AXIS2_PLACEMENT_3D('',#6542,#6543,#6544);
#6546=PLANE('',#6545);
#6547=ORIENTED_EDGE('',*,*,#6407,.T.);
#6548=ORIENTED_EDGE('',*,*,#6472,.T.);
#6550=ORIENTED_EDGE('',*,*,#6549,.T.);
#6551=ORIENTED_EDGE('',*,*,#6346,.F.);
#6553=ORIENTED_EDGE('',*,*,#6552,.F.);
#6554=ORIENTED_EDGE('',*,*,#6456,.T.);
#6555=EDGE_LOOP('',(#6547,#6548,#6550,#6551,#6553,#6554));
#6556=FACE_OUTER_BOUND('',#6555,.F.);
#6557=ADVANCED_FACE('',(#6556),#6546,.T.);
#6558=CARTESIAN_POINT('',(-5.0419E0,1.21412E1,-9.5631E0));
#6559=DIRECTION('',(0.E0,0.E0,-1.E0));
#6560=DIRECTION('',(-1.E0,0.E0,0.E0));
#6561=AXIS2_PLACEMENT_3D('',#6558,#6559,#6560);
#6562=PLANE('',#6561);
#6563=ORIENTED_EDGE('',*,*,#6419,.T.);
#6564=ORIENTED_EDGE('',*,*,#6484,.T.);
#6565=ORIENTED_EDGE('',*,*,#6370,.T.);
#6566=ORIENTED_EDGE('',*,*,#6348,.F.);
#6567=ORIENTED_EDGE('',*,*,#6549,.F.);
#6568=ORIENTED_EDGE('',*,*,#6470,.T.);
#6569=EDGE_LOOP('',(#6563,#6564,#6565,#6566,#6567,#6568));
#6570=FACE_OUTER_BOUND('',#6569,.F.);
#6571=ADVANCED_FACE('',(#6570),#6562,.T.);
#6572=CARTESIAN_POINT('',(-1.14681E1,1.21412E1,-3.1369E0));
#6573=DIRECTION('',(0.E0,0.E0,1.E0));
#6574=DIRECTION('',(1.E0,0.E0,0.E0));
#6575=AXIS2_PLACEMENT_3D('',#6572,#6573,#6574);
#6576=PLANE('',#6575);
#6577=ORIENTED_EDGE('',*,*,#6393,.T.);
#6578=ORIENTED_EDGE('',*,*,#6458,.T.);
#6579=ORIENTED_EDGE('',*,*,#6552,.T.);
#6580=ORIENTED_EDGE('',*,*,#6344,.F.);
#6581=ORIENTED_EDGE('',*,*,#6367,.F.);
#6582=ORIENTED_EDGE('',*,*,#6495,.T.);
#6583=EDGE_LOOP('',(#6577,#6578,#6579,#6580,#6581,#6582));
#6584=FACE_OUTER_BOUND('',#6583,.F.);
#6585=ADVANCED_FACE('',(#6584),#6576,.T.);
#6586=CARTESIAN_POINT('',(-8.255E0,3.89001E0,-6.35E0));
#6587=DIRECTION('',(0.E0,1.E0,0.E0));
#6588=DIRECTION('',(0.E0,0.E0,1.E0));
#6589=AXIS2_PLACEMENT_3D('',#6586,#6587,#6588);
#6590=CYLINDRICAL_SURFACE('',#6589,1.70434E0);
#6591=ORIENTED_EDGE('',*,*,#6353,.T.);
#6592=ORIENTED_EDGE('',*,*,#6332,.F.);
#6593=ORIENTED_EDGE('',*,*,#6317,.F.);
#6594=ORIENTED_EDGE('',*,*,#6329,.T.);
#6595=EDGE_LOOP('',(#6591,#6592,#6593,#6594));
#6596=FACE_OUTER_BOUND('',#6595,.F.);
#6597=ADVANCED_FACE('',(#6596),#6590,.T.);
#6598=CARTESIAN_POINT('',(-3.3655E0,1.3462E1,-4.51485E0));
#6599=DIRECTION('',(-7.071067811865E-1,0.E0,7.071067811865E-1));
#6600=DIRECTION('',(-7.071067811865E-1,0.E0,-7.071067811865E-1));
#6601=AXIS2_PLACEMENT_3D('',#6598,#6599,#6600);
#6602=PLANE('',#6601);
#6603=ORIENTED_EDGE('',*,*,#4990,.T.);
#6605=ORIENTED_EDGE('',*,*,#6604,.T.);
#6607=ORIENTED_EDGE('',*,*,#6606,.F.);
#6609=ORIENTED_EDGE('',*,*,#6608,.F.);
#6610=EDGE_LOOP('',(#6603,#6605,#6607,#6609));
#6611=FACE_OUTER_BOUND('',#6610,.F.);
#6612=ADVANCED_FACE('',(#6611),#6602,.F.);
#6613=CARTESIAN_POINT('',(-3.6703E0,1.3462E1,-4.81965E0));
#6614=DIRECTION('',(-1.E0,0.E0,0.E0));
#6615=DIRECTION('',(0.E0,0.E0,-1.E0));
#6616=AXIS2_PLACEMENT_3D('',#6613,#6614,#6615);
#6617=PLANE('',#6616);
#6618=ORIENTED_EDGE('',*,*,#5010,.T.);
#6620=ORIENTED_EDGE('',*,*,#6619,.T.);
#6622=ORIENTED_EDGE('',*,*,#6621,.F.);
#6623=ORIENTED_EDGE('',*,*,#6604,.F.);
#6624=EDGE_LOOP('',(#6618,#6620,#6622,#6623));
#6625=FACE_OUTER_BOUND('',#6624,.F.);
#6626=ADVANCED_FACE('',(#6625),#6617,.F.);
#6627=CARTESIAN_POINT('',(-3.6703E0,1.3462E1,-7.88035E0));
#6628=DIRECTION('',(-7.071067811865E-1,0.E0,-7.071067811865E-1));
#6629=DIRECTION('',(7.071067811865E-1,0.E0,-7.071067811865E-1));
#6630=AXIS2_PLACEMENT_3D('',#6627,#6628,#6629);
#6631=PLANE('',#6630);
#6632=ORIENTED_EDGE('',*,*,#5008,.T.);
#6634=ORIENTED_EDGE('',*,*,#6633,.T.);
#6636=ORIENTED_EDGE('',*,*,#6635,.F.);
#6637=ORIENTED_EDGE('',*,*,#6619,.F.);
#6638=EDGE_LOOP('',(#6632,#6634,#6636,#6637));
#6639=FACE_OUTER_BOUND('',#6638,.F.);
#6640=ADVANCED_FACE('',(#6639),#6631,.F.);
#6641=CARTESIAN_POINT('',(-3.3655E0,1.3462E1,-1.6002E0));
#6642=DIRECTION('',(-1.E0,0.E0,0.E0));
#6643=DIRECTION('',(0.E0,0.E0,1.E0));
#6644=AXIS2_PLACEMENT_3D('',#6641,#6642,#6643);
#6645=PLANE('',#6644);
#6646=ORIENTED_EDGE('',*,*,#6608,.T.);
#6648=ORIENTED_EDGE('',*,*,#6647,.F.);
#6650=ORIENTED_EDGE('',*,*,#6649,.F.);
#6651=ORIENTED_EDGE('',*,*,#4307,.F.);
#6652=ORIENTED_EDGE('',*,*,#4414,.T.);
#6653=ORIENTED_EDGE('',*,*,#4992,.T.);
#6654=EDGE_LOOP('',(#6646,#6648,#6650,#6651,#6652,#6653));
#6655=FACE_OUTER_BOUND('',#6654,.F.);
#6656=ADVANCED_FACE('',(#6655),#6645,.F.);
#6657=CARTESIAN_POINT('',(-3.3655E0,1.3462E1,-1.6002E0));
#6658=DIRECTION('',(-1.E0,0.E0,0.E0));
#6659=DIRECTION('',(0.E0,0.E0,1.E0));
#6660=AXIS2_PLACEMENT_3D('',#6657,#6658,#6659);
#6661=PLANE('',#6660);
#6662=ORIENTED_EDGE('',*,*,#6633,.F.);
#6663=ORIENTED_EDGE('',*,*,#5006,.T.);
#6664=ORIENTED_EDGE('',*,*,#4880,.T.);
#6665=ORIENTED_EDGE('',*,*,#4779,.T.);
#6667=ORIENTED_EDGE('',*,*,#6666,.F.);
#6669=ORIENTED_EDGE('',*,*,#6668,.F.);
#6670=EDGE_LOOP('',(#6662,#6663,#6664,#6665,#6667,#6669));
#6671=FACE_OUTER_BOUND('',#6670,.F.);
#6672=ADVANCED_FACE('',(#6671),#6661,.F.);
#6673=CARTESIAN_POINT('',(3.3655E0,7.493E0,-8.186660598201E-1));
#6674=DIRECTION('',(0.E0,-1.E0,0.E0));
#6675=DIRECTION('',(0.E0,0.E0,-1.E0));
#6676=AXIS2_PLACEMENT_3D('',#6673,#6674,#6675);
#6677=PLANE('',#6676);
#6679=ORIENTED_EDGE('',*,*,#6678,.F.);
#6681=ORIENTED_EDGE('',*,*,#6680,.T.);
#6683=ORIENTED_EDGE('',*,*,#6682,.T.);
#6685=ORIENTED_EDGE('',*,*,#6684,.T.);
#6687=ORIENTED_EDGE('',*,*,#6686,.F.);
#6689=ORIENTED_EDGE('',*,*,#6688,.T.);
#6690=ORIENTED_EDGE('',*,*,#6647,.T.);
#6691=ORIENTED_EDGE('',*,*,#6606,.T.);
#6692=ORIENTED_EDGE('',*,*,#6621,.T.);
#6693=ORIENTED_EDGE('',*,*,#6635,.T.);
#6694=ORIENTED_EDGE('',*,*,#6668,.T.);
#6696=ORIENTED_EDGE('',*,*,#6695,.F.);
#6697=EDGE_LOOP('',(#6679,#6681,#6683,#6685,#6687,#6689,#6690,#6691,#6692,#6693,
#6694,#6696));
#6698=FACE_OUTER_BOUND('',#6697,.F.);
#6700=ORIENTED_EDGE('',*,*,#6699,.T.);
#6702=ORIENTED_EDGE('',*,*,#6701,.T.);
#6704=ORIENTED_EDGE('',*,*,#6703,.T.);
#6706=ORIENTED_EDGE('',*,*,#6705,.T.);
#6708=ORIENTED_EDGE('',*,*,#6707,.T.);
#6710=ORIENTED_EDGE('',*,*,#6709,.T.);
#6712=ORIENTED_EDGE('',*,*,#6711,.T.);
#6714=ORIENTED_EDGE('',*,*,#6713,.T.);
#6716=ORIENTED_EDGE('',*,*,#6715,.T.);
#6718=ORIENTED_EDGE('',*,*,#6717,.T.);
#6720=ORIENTED_EDGE('',*,*,#6719,.T.);
#6722=ORIENTED_EDGE('',*,*,#6721,.T.);
#6723=EDGE_LOOP('',(#6700,#6702,#6704,#6706,#6708,#6710,#6712,#6714,#6716,#6718,
#6720,#6722));
#6724=FACE_BOUND('',#6723,.F.);
#6725=ADVANCED_FACE('',(#6698,#6724),#6677,.F.);
#6726=CARTESIAN_POINT('',(3.3655E0,8.255E-1,0.E0));
#6727=DIRECTION('',(1.E0,0.E0,0.E0));
#6728=DIRECTION('',(0.E0,0.E0,-1.E0));
#6729=AXIS2_PLACEMENT_3D('',#6726,#6727,#6728);
#6730=PLANE('',#6729);
#6732=ORIENTED_EDGE('',*,*,#6731,.T.);
#6733=ORIENTED_EDGE('',*,*,#6678,.T.);
#6735=ORIENTED_EDGE('',*,*,#6734,.T.);
#6736=ORIENTED_EDGE('',*,*,#4802,.F.);
#6737=ORIENTED_EDGE('',*,*,#4899,.F.);
#6738=ORIENTED_EDGE('',*,*,#5033,.F.);
#6739=EDGE_LOOP('',(#6732,#6733,#6735,#6736,#6737,#6738));
#6740=FACE_OUTER_BOUND('',#6739,.F.);
#6741=ADVANCED_FACE('',(#6740),#6730,.F.);
#6742=CARTESIAN_POINT('',(3.3655E0,8.255E-1,0.E0));
#6743=DIRECTION('',(1.E0,0.E0,0.E0));
#6744=DIRECTION('',(0.E0,0.E0,-1.E0));
#6745=AXIS2_PLACEMENT_3D('',#6742,#6743,#6744);
#6746=PLANE('',#6745);
#6748=ORIENTED_EDGE('',*,*,#6747,.F.);
#6749=ORIENTED_EDGE('',*,*,#5025,.F.);
#6750=ORIENTED_EDGE('',*,*,#4432,.F.);
#6751=ORIENTED_EDGE('',*,*,#4335,.T.);
#6753=ORIENTED_EDGE('',*,*,#6752,.T.);
#6754=ORIENTED_EDGE('',*,*,#6686,.T.);
#6755=EDGE_LOOP('',(#6748,#6749,#6750,#6751,#6753,#6754));
#6756=FACE_OUTER_BOUND('',#6755,.F.);
#6757=ADVANCED_FACE('',(#6756),#6746,.F.);
#6758=CARTESIAN_POINT('',(3.3655E0,1.3462E1,-8.18515E0));
#6759=DIRECTION('',(7.071067811865E-1,0.E0,-7.071067811865E-1));
#6760=DIRECTION('',(7.071067811865E-1,0.E0,7.071067811865E-1));
#6761=AXIS2_PLACEMENT_3D('',#6758,#6759,#6760);
#6762=PLANE('',#6761);
#6763=ORIENTED_EDGE('',*,*,#5031,.T.);
#6765=ORIENTED_EDGE('',*,*,#6764,.T.);
#6766=ORIENTED_EDGE('',*,*,#6680,.F.);
#6767=ORIENTED_EDGE('',*,*,#6731,.F.);
#6768=EDGE_LOOP('',(#6763,#6765,#6766,#6767));
#6769=FACE_OUTER_BOUND('',#6768,.F.);
#6770=ADVANCED_FACE('',(#6769),#6762,.F.);
#6771=CARTESIAN_POINT('',(3.6703E0,1.3462E1,-7.88035E0));
#6772=DIRECTION('',(1.E0,0.E0,0.E0));
#6773=DIRECTION('',(0.E0,0.E0,1.E0));
#6774=AXIS2_PLACEMENT_3D('',#6771,#6772,#6773);
#6775=PLANE('',#6774);
#6776=ORIENTED_EDGE('',*,*,#5029,.T.);
#6778=ORIENTED_EDGE('',*,*,#6777,.T.);
#6779=ORIENTED_EDGE('',*,*,#6682,.F.);
#6780=ORIENTED_EDGE('',*,*,#6764,.F.);
#6781=EDGE_LOOP('',(#6776,#6778,#6779,#6780));
#6782=FACE_OUTER_BOUND('',#6781,.F.);
#6783=ADVANCED_FACE('',(#6782),#6775,.F.);
#6784=CARTESIAN_POINT('',(3.6703E0,1.3462E1,-4.81965E0));
#6785=DIRECTION('',(7.071067811865E-1,0.E0,7.071067811865E-1));
#6786=DIRECTION('',(-7.071067811865E-1,0.E0,7.071067811865E-1));
#6787=AXIS2_PLACEMENT_3D('',#6784,#6785,#6786);
#6788=PLANE('',#6787);
#6789=ORIENTED_EDGE('',*,*,#5027,.T.);
#6790=ORIENTED_EDGE('',*,*,#6747,.T.);
#6791=ORIENTED_EDGE('',*,*,#6684,.F.);
#6792=ORIENTED_EDGE('',*,*,#6777,.F.);
#6793=EDGE_LOOP('',(#6789,#6790,#6791,#6792));
#6794=FACE_OUTER_BOUND('',#6793,.F.);
#6795=ADVANCED_FACE('',(#6794),#6788,.F.);
#6796=CARTESIAN_POINT('',(3.3655E0,7.493E0,-1.188133394018E1));
#6797=DIRECTION('',(0.E0,-1.218693434051E-1,9.925461516413E-1));
#6798=DIRECTION('',(0.E0,-9.925461516413E-1,-1.218693434051E-1));
#6799=AXIS2_PLACEMENT_3D('',#6796,#6797,#6798);
#6800=PLANE('',#6799);
#6802=ORIENTED_EDGE('',*,*,#6801,.T.);
#6803=ORIENTED_EDGE('',*,*,#6734,.F.);
#6804=ORIENTED_EDGE('',*,*,#6695,.T.);
#6805=ORIENTED_EDGE('',*,*,#6666,.T.);
#6806=EDGE_LOOP('',(#6802,#6803,#6804,#6805));
#6807=FACE_OUTER_BOUND('',#6806,.F.);
#6808=ADVANCED_FACE('',(#6807),#6800,.F.);
#6809=CARTESIAN_POINT('',(-3.3655E0,8.255E-1,0.E0));
#6810=DIRECTION('',(0.E0,1.E0,0.E0));
#6811=DIRECTION('',(0.E0,0.E0,-1.E0));
#6812=AXIS2_PLACEMENT_3D('',#6809,#6810,#6811);
#6813=PLANE('',#6812);
#6815=ORIENTED_EDGE('',*,*,#6814,.T.);
#6817=ORIENTED_EDGE('',*,*,#6816,.T.);
#6818=ORIENTED_EDGE('',*,*,#6801,.F.);
#6820=ORIENTED_EDGE('',*,*,#6819,.F.);
#6821=EDGE_LOOP('',(#6815,#6817,#6818,#6820));
#6822=FACE_OUTER_BOUND('',#6821,.F.);
#6824=ORIENTED_EDGE('',*,*,#6823,.T.);
#6826=ORIENTED_EDGE('',*,*,#6825,.T.);
#6828=ORIENTED_EDGE('',*,*,#6827,.F.);
#6830=ORIENTED_EDGE('',*,*,#6829,.F.);
#6831=EDGE_LOOP('',(#6824,#6826,#6828,#6830));
#6832=FACE_BOUND('',#6831,.F.);
#6833=ADVANCED_FACE('',(#6822,#6832),#6813,.F.);
#6834=CARTESIAN_POINT('',(3.3655E0,8.255E-1,0.E0));
#6835=DIRECTION('',(0.E0,-1.218693434051E-1,-9.925461516413E-1));
#6836=DIRECTION('',(0.E0,9.925461516413E-1,-1.218693434051E-1));
#6837=AXIS2_PLACEMENT_3D('',#6834,#6835,#6836);
#6838=PLANE('',#6837);
#6839=ORIENTED_EDGE('',*,*,#6814,.F.);
#6840=ORIENTED_EDGE('',*,*,#6649,.T.);
#6841=ORIENTED_EDGE('',*,*,#6688,.F.);
#6842=ORIENTED_EDGE('',*,*,#6752,.F.);
#6843=EDGE_LOOP('',(#6839,#6840,#6841,#6842));
#6844=FACE_OUTER_BOUND('',#6843,.F.);
#6845=ADVANCED_FACE('',(#6844),#6838,.F.);
#6846=CARTESIAN_POINT('',(3.3655E0,1.3462E1,-1.6002E0));
#6847=DIRECTION('',(-1.E0,0.E0,0.E0));
#6848=DIRECTION('',(0.E0,0.E0,1.E0));
#6849=AXIS2_PLACEMENT_3D('',#6846,#6847,#6848);
#6850=PLANE('',#6849);
#6851=ORIENTED_EDGE('',*,*,#4333,.T.);
#6852=ORIENTED_EDGE('',*,*,#4539,.T.);
#6853=ORIENTED_EDGE('',*,*,#4804,.F.);
#6854=ORIENTED_EDGE('',*,*,#6816,.F.);
#6855=EDGE_LOOP('',(#6851,#6852,#6853,#6854));
#6856=FACE_OUTER_BOUND('',#6855,.F.);
#6857=ADVANCED_FACE('',(#6856),#6850,.T.);
#6858=CARTESIAN_POINT('',(-3.3655E0,1.3462E1,-1.6002E0));
#6859=DIRECTION('',(-1.E0,0.E0,0.E0));
#6860=DIRECTION('',(0.E0,0.E0,1.E0));
#6861=AXIS2_PLACEMENT_3D('',#6858,#6859,#6860);
#6862=PLANE('',#6861);
#6863=ORIENTED_EDGE('',*,*,#4309,.T.);
#6864=ORIENTED_EDGE('',*,*,#6819,.T.);
#6865=ORIENTED_EDGE('',*,*,#4788,.F.);
#6866=ORIENTED_EDGE('',*,*,#4520,.T.);
#6867=EDGE_LOOP('',(#6863,#6864,#6865,#6866));
#6868=FACE_OUTER_BOUND('',#6867,.F.);
#6869=ADVANCED_FACE('',(#6868),#6862,.F.);
#6870=CARTESIAN_POINT('',(-6.604E-1,0.E0,0.E0));
#6871=DIRECTION('',(1.E0,0.E0,0.E0));
#6872=DIRECTION('',(0.E0,0.E0,-1.E0));
#6873=AXIS2_PLACEMENT_3D('',#6870,#6871,#6872);
#6874=PLANE('',#6873);
#6875=ORIENTED_EDGE('',*,*,#6823,.F.);
#6877=ORIENTED_EDGE('',*,*,#6876,.T.);
#6879=ORIENTED_EDGE('',*,*,#6878,.T.);
#6881=ORIENTED_EDGE('',*,*,#6880,.T.);
#6882=EDGE_LOOP('',(#6875,#6877,#6879,#6881));
#6883=FACE_OUTER_BOUND('',#6882,.F.);
#6884=ADVANCED_FACE('',(#6883),#6874,.F.);
#6885=CARTESIAN_POINT('',(-6.604E-1,8.255E-1,-2.032E0));
#6886=DIRECTION('',(0.E0,0.E0,1.E0));
#6887=DIRECTION('',(0.E0,-1.E0,0.E0));
#6888=AXIS2_PLACEMENT_3D('',#6885,#6886,#6887);
#6889=PLANE('',#6888);
#6890=ORIENTED_EDGE('',*,*,#6829,.T.);
#6892=ORIENTED_EDGE('',*,*,#6891,.T.);
#6894=ORIENTED_EDGE('',*,*,#6893,.F.);
#6895=ORIENTED_EDGE('',*,*,#6876,.F.);
#6896=EDGE_LOOP('',(#6890,#6892,#6894,#6895));
#6897=FACE_OUTER_BOUND('',#6896,.F.);
#6898=ADVANCED_FACE('',(#6897),#6889,.T.);
#6899=CARTESIAN_POINT('',(6.604E-1,0.E0,0.E0));
#6900=DIRECTION('',(1.E0,0.E0,0.E0));
#6901=DIRECTION('',(0.E0,0.E0,-1.E0));
#6902=AXIS2_PLACEMENT_3D('',#6899,#6900,#6901);
#6903=PLANE('',#6902);
#6904=ORIENTED_EDGE('',*,*,#6827,.T.);
#6906=ORIENTED_EDGE('',*,*,#6905,.F.);
#6908=ORIENTED_EDGE('',*,*,#6907,.F.);
#6909=ORIENTED_EDGE('',*,*,#6891,.F.);
#6910=EDGE_LOOP('',(#6904,#6906,#6908,#6909));
#6911=FACE_OUTER_BOUND('',#6910,.F.);
#6912=ADVANCED_FACE('',(#6911),#6903,.T.);
#6913=CARTESIAN_POINT('',(-6.604E-1,-4.064E0,-2.8702E0));
#6914=DIRECTION('',(0.E0,0.E0,-1.E0));
#6915=DIRECTION('',(0.E0,1.E0,0.E0));
#6916=AXIS2_PLACEMENT_3D('',#6913,#6914,#6915);
#6917=PLANE('',#6916);
#6918=ORIENTED_EDGE('',*,*,#6825,.F.);
#6919=ORIENTED_EDGE('',*,*,#6880,.F.);
#6921=ORIENTED_EDGE('',*,*,#6920,.T.);
#6922=ORIENTED_EDGE('',*,*,#6905,.T.);
#6923=EDGE_LOOP('',(#6918,#6919,#6921,#6922));
#6924=FACE_OUTER_BOUND('',#6923,.F.);
#6925=ADVANCED_FACE('',(#6924),#6917,.T.);
#6926=CARTESIAN_POINT('',(-6.604E-1,-4.064E0,-2.032E0));
#6927=DIRECTION('',(0.E0,-1.E0,0.E0));
#6928=DIRECTION('',(0.E0,0.E0,-1.E0));
#6929=AXIS2_PLACEMENT_3D('',#6926,#6927,#6928);
#6930=PLANE('',#6929);
#6931=ORIENTED_EDGE('',*,*,#6878,.F.);
#6932=ORIENTED_EDGE('',*,*,#6893,.T.);
#6933=ORIENTED_EDGE('',*,*,#6907,.T.);
#6934=ORIENTED_EDGE('',*,*,#6920,.F.);
#6935=EDGE_LOOP('',(#6931,#6932,#6933,#6934));
#6936=FACE_OUTER_BOUND('',#6935,.F.);
#6937=ADVANCED_FACE('',(#6936),#6930,.T.);
#6938=CARTESIAN_POINT('',(-3.175E0,7.493E0,-8.9154E0));
#6939=DIRECTION('',(-1.E0,0.E0,0.E0));
#6940=DIRECTION('',(0.E0,0.E0,1.E0));
#6941=AXIS2_PLACEMENT_3D('',#6938,#6939,#6940);
#6942=PLANE('',#6941);
#6943=ORIENTED_EDGE('',*,*,#6699,.F.);
#6945=ORIENTED_EDGE('',*,*,#6944,.T.);
#6947=ORIENTED_EDGE('',*,*,#6946,.T.);
#6949=ORIENTED_EDGE('',*,*,#6948,.F.);
#6950=EDGE_LOOP('',(#6943,#6945,#6947,#6949));
#6951=FACE_OUTER_BOUND('',#6950,.F.);
#6952=ADVANCED_FACE('',(#6951),#6942,.T.);
#6953=CARTESIAN_POINT('',(-2.3749E0,7.493E0,-8.9154E0));
#6954=DIRECTION('',(0.E0,0.E0,-1.E0));
#6955=DIRECTION('',(-1.E0,0.E0,0.E0));
#6956=AXIS2_PLACEMENT_3D('',#6953,#6954,#6955);
#6957=PLANE('',#6956);
#6958=ORIENTED_EDGE('',*,*,#6721,.F.);
#6960=ORIENTED_EDGE('',*,*,#6959,.T.);
#6962=ORIENTED_EDGE('',*,*,#6961,.T.);
#6963=ORIENTED_EDGE('',*,*,#6944,.F.);
#6964=EDGE_LOOP('',(#6958,#6960,#6962,#6963));
#6965=FACE_OUTER_BOUND('',#6964,.F.);
#6966=ADVANCED_FACE('',(#6965),#6957,.T.);
#6967=CARTESIAN_POINT('',(-2.3749E0,7.493E0,-1.0668E1));
#6968=DIRECTION('',(-1.E0,0.E0,0.E0));
#6969=DIRECTION('',(0.E0,0.E0,1.E0));
#6970=AXIS2_PLACEMENT_3D('',#6967,#6968,#6969);
#6971=PLANE('',#6970);
#6972=ORIENTED_EDGE('',*,*,#6719,.F.);
#6974=ORIENTED_EDGE('',*,*,#6973,.T.);
#6976=ORIENTED_EDGE('',*,*,#6975,.T.);
#6977=ORIENTED_EDGE('',*,*,#6959,.F.);
#6978=EDGE_LOOP('',(#6972,#6974,#6976,#6977));
#6979=FACE_OUTER_BOUND('',#6978,.F.);
#6980=ADVANCED_FACE('',(#6979),#6971,.T.);
#6981=CARTESIAN_POINT('',(2.3749E0,7.493E0,-1.0668E1));
#6982=DIRECTION('',(0.E0,0.E0,-1.E0));
#6983=DIRECTION('',(-1.E0,0.E0,0.E0));
#6984=AXIS2_PLACEMENT_3D('',#6981,#6982,#6983);
#6985=PLANE('',#6984);
#6986=ORIENTED_EDGE('',*,*,#6717,.F.);
#6988=ORIENTED_EDGE('',*,*,#6987,.T.);
#6990=ORIENTED_EDGE('',*,*,#6989,.T.);
#6991=ORIENTED_EDGE('',*,*,#6973,.F.);
#6992=EDGE_LOOP('',(#6986,#6988,#6990,#6991));
#6993=FACE_OUTER_BOUND('',#6992,.F.);
#6994=ADVANCED_FACE('',(#6993),#6985,.T.);
#6995=CARTESIAN_POINT('',(2.3749E0,7.493E0,-8.9154E0));
#6996=DIRECTION('',(1.E0,0.E0,0.E0));
#6997=DIRECTION('',(0.E0,0.E0,-1.E0));
#6998=AXIS2_PLACEMENT_3D('',#6995,#6996,#6997);
#6999=PLANE('',#6998);
#7000=ORIENTED_EDGE('',*,*,#6715,.F.);
#7002=ORIENTED_EDGE('',*,*,#7001,.T.);
#7004=ORIENTED_EDGE('',*,*,#7003,.T.);
#7005=ORIENTED_EDGE('',*,*,#6987,.F.);
#7006=EDGE_LOOP('',(#7000,#7002,#7004,#7005));
#7007=FACE_OUTER_BOUND('',#7006,.F.);
#7008=ADVANCED_FACE('',(#7007),#6999,.T.);
#7009=CARTESIAN_POINT('',(3.175E0,7.493E0,-8.9154E0));
#7010=DIRECTION('',(0.E0,0.E0,-1.E0));
#7011=DIRECTION('',(-1.E0,0.E0,0.E0));
#7012=AXIS2_PLACEMENT_3D('',#7009,#7010,#7011);
#7013=PLANE('',#7012);
#7014=ORIENTED_EDGE('',*,*,#6713,.F.);
#7016=ORIENTED_EDGE('',*,*,#7015,.T.);
#7018=ORIENTED_EDGE('',*,*,#7017,.T.);
#7019=ORIENTED_EDGE('',*,*,#7001,.F.);
#7020=EDGE_LOOP('',(#7014,#7016,#7018,#7019));
#7021=FACE_OUTER_BOUND('',#7020,.F.);
#7022=ADVANCED_FACE('',(#7021),#7013,.T.);
#7023=CARTESIAN_POINT('',(3.175E0,7.493E0,-3.7846E0));
#7024=DIRECTION('',(1.E0,0.E0,0.E0));
#7025=DIRECTION('',(0.E0,0.E0,-1.E0));
#7026=AXIS2_PLACEMENT_3D('',#7023,#7024,#7025);
#7027=PLANE('',#7026);
#7028=ORIENTED_EDGE('',*,*,#6711,.F.);
#7030=ORIENTED_EDGE('',*,*,#7029,.T.);
#7032=ORIENTED_EDGE('',*,*,#7031,.T.);
#7033=ORIENTED_EDGE('',*,*,#7015,.F.);
#7034=EDGE_LOOP('',(#7028,#7030,#7032,#7033));
#7035=FACE_OUTER_BOUND('',#7034,.F.);
#7036=ADVANCED_FACE('',(#7035),#7027,.T.);
#7037=CARTESIAN_POINT('',(2.3749E0,7.493E0,-3.7846E0));
#7038=DIRECTION('',(0.E0,0.E0,1.E0));
#7039=DIRECTION('',(1.E0,0.E0,0.E0));
#7040=AXIS2_PLACEMENT_3D('',#7037,#7038,#7039);
#7041=PLANE('',#7040);
#7042=ORIENTED_EDGE('',*,*,#6709,.F.);
#7044=ORIENTED_EDGE('',*,*,#7043,.T.);
#7046=ORIENTED_EDGE('',*,*,#7045,.T.);
#7047=ORIENTED_EDGE('',*,*,#7029,.F.);
#7048=EDGE_LOOP('',(#7042,#7044,#7046,#7047));
#7049=FACE_OUTER_BOUND('',#7048,.F.);
#7050=ADVANCED_FACE('',(#7049),#7041,.T.);
#7051=CARTESIAN_POINT('',(2.3749E0,7.493E0,-2.032E0));
#7052=DIRECTION('',(1.E0,0.E0,0.E0));
#7053=DIRECTION('',(0.E0,0.E0,-1.E0));
#7054=AXIS2_PLACEMENT_3D('',#7051,#7052,#7053);
#7055=PLANE('',#7054);
#7056=ORIENTED_EDGE('',*,*,#6707,.F.);
#7058=ORIENTED_EDGE('',*,*,#7057,.T.);
#7060=ORIENTED_EDGE('',*,*,#7059,.T.);
#7061=ORIENTED_EDGE('',*,*,#7043,.F.);
#7062=EDGE_LOOP('',(#7056,#7058,#7060,#7061));
#7063=FACE_OUTER_BOUND('',#7062,.F.);
#7064=ADVANCED_FACE('',(#7063),#7055,.T.);
#7065=CARTESIAN_POINT('',(-2.3749E0,7.493E0,-2.032E0));
#7066=DIRECTION('',(0.E0,0.E0,1.E0));
#7067=DIRECTION('',(1.E0,0.E0,0.E0));
#7068=AXIS2_PLACEMENT_3D('',#7065,#7066,#7067);
#7069=PLANE('',#7068);
#7070=ORIENTED_EDGE('',*,*,#6705,.F.);
#7072=ORIENTED_EDGE('',*,*,#7071,.T.);
#7074=ORIENTED_EDGE('',*,*,#7073,.T.);
#7075=ORIENTED_EDGE('',*,*,#7057,.F.);
#7076=EDGE_LOOP('',(#7070,#7072,#7074,#7075));
#7077=FACE_OUTER_BOUND('',#7076,.F.);
#7078=ADVANCED_FACE('',(#7077),#7069,.T.);
#7079=CARTESIAN_POINT('',(-2.3749E0,7.493E0,-3.7846E0));
#7080=DIRECTION('',(-1.E0,0.E0,0.E0));
#7081=DIRECTION('',(0.E0,0.E0,1.E0));
#7082=AXIS2_PLACEMENT_3D('',#7079,#7080,#7081);
#7083=PLANE('',#7082);
#7084=ORIENTED_EDGE('',*,*,#6703,.F.);
#7086=ORIENTED_EDGE('',*,*,#7085,.T.);
#7088=ORIENTED_EDGE('',*,*,#7087,.T.);
#7089=ORIENTED_EDGE('',*,*,#7071,.F.);
#7090=EDGE_LOOP('',(#7084,#7086,#7088,#7089));
#7091=FACE_OUTER_BOUND('',#7090,.F.);
#7092=ADVANCED_FACE('',(#7091),#7083,.T.);
#7093=CARTESIAN_POINT('',(-3.175E0,7.493E0,-3.7846E0));
#7094=DIRECTION('',(0.E0,0.E0,1.E0));
#7095=DIRECTION('',(1.E0,0.E0,0.E0));
#7096=AXIS2_PLACEMENT_3D('',#7093,#7094,#7095);
#7097=PLANE('',#7096);
#7098=ORIENTED_EDGE('',*,*,#6701,.F.);
#7099=ORIENTED_EDGE('',*,*,#6948,.T.);
#7101=ORIENTED_EDGE('',*,*,#7100,.T.);
#7102=ORIENTED_EDGE('',*,*,#7085,.F.);
#7103=EDGE_LOOP('',(#7098,#7099,#7101,#7102));
#7104=FACE_OUTER_BOUND('',#7103,.F.);
#7105=ADVANCED_FACE('',(#7104),#7097,.T.);
#7106=CARTESIAN_POINT('',(2.1463E1,8.3312E0,0.E0));
#7107=DIRECTION('',(0.E0,1.E0,0.E0));
#7108=DIRECTION('',(1.E0,0.E0,0.E0));
#7109=AXIS2_PLACEMENT_3D('',#7106,#7107,#7108);
#7110=PLANE('',#7109);
#7111=ORIENTED_EDGE('',*,*,#6946,.F.);
#7112=ORIENTED_EDGE('',*,*,#6961,.F.);
#7113=ORIENTED_EDGE('',*,*,#6975,.F.);
#7114=ORIENTED_EDGE('',*,*,#6989,.F.);
#7115=ORIENTED_EDGE('',*,*,#7003,.F.);
#7116=ORIENTED_EDGE('',*,*,#7017,.F.);
#7117=ORIENTED_EDGE('',*,*,#7031,.F.);
#7118=ORIENTED_EDGE('',*,*,#7045,.F.);
#7119=ORIENTED_EDGE('',*,*,#7059,.F.);
#7120=ORIENTED_EDGE('',*,*,#7073,.F.);
#7121=ORIENTED_EDGE('',*,*,#7087,.F.);
#7122=ORIENTED_EDGE('',*,*,#7100,.F.);
#7123=EDGE_LOOP('',(#7111,#7112,#7113,#7114,#7115,#7116,#7117,#7118,#7119,#7120,
#7121,#7122));
#7124=FACE_OUTER_BOUND('',#7123,.F.);
#7126=ORIENTED_EDGE('',*,*,#7125,.T.);
#7128=ORIENTED_EDGE('',*,*,#7127,.T.);
#7129=EDGE_LOOP('',(#7126,#7128));
#7130=FACE_BOUND('',#7129,.F.);
#7131=ADVANCED_FACE('',(#7124,#7130),#7110,.T.);
#7132=CARTESIAN_POINT('',(0.E0,3.89001E0,-6.35E0));
#7133=DIRECTION('',(0.E0,1.E0,0.E0));
#7134=DIRECTION('',(0.E0,0.E0,1.E0));
#7135=AXIS2_PLACEMENT_3D('',#7132,#7133,#7134);
#7136=CYLINDRICAL_SURFACE('',#7135,1.70434E0);
#7138=ORIENTED_EDGE('',*,*,#7137,.T.);
#7140=ORIENTED_EDGE('',*,*,#7139,.F.);
#7141=ORIENTED_EDGE('',*,*,#7125,.F.);
#7143=ORIENTED_EDGE('',*,*,#7142,.T.);
#7144=EDGE_LOOP('',(#7138,#7140,#7141,#7143));
#7145=FACE_OUTER_BOUND('',#7144,.F.);
#7146=ADVANCED_FACE('',(#7145),#7136,.T.);
#7147=CARTESIAN_POINT('',(2.1463E1,1.03632E1,0.E0));
#7148=DIRECTION('',(0.E0,1.E0,0.E0));
#7149=DIRECTION('',(1.E0,0.E0,0.E0));
#7150=AXIS2_PLACEMENT_3D('',#7147,#7148,#7149);
#7151=PLANE('',#7150);
#7153=ORIENTED_EDGE('',*,*,#7152,.T.);
#7155=ORIENTED_EDGE('',*,*,#7154,.T.);
#7157=ORIENTED_EDGE('',*,*,#7156,.T.);
#7159=ORIENTED_EDGE('',*,*,#7158,.T.);
#7160=EDGE_LOOP('',(#7153,#7155,#7157,#7159));
#7161=FACE_OUTER_BOUND('',#7160,.F.);
#7162=ORIENTED_EDGE('',*,*,#7137,.F.);
#7164=ORIENTED_EDGE('',*,*,#7163,.F.);
#7165=EDGE_LOOP('',(#7162,#7164));
#7166=FACE_BOUND('',#7165,.F.);
#7167=ADVANCED_FACE('',(#7161,#7166),#7151,.F.);
#7168=CARTESIAN_POINT('',(-3.2131E0,1.21412E1,-9.5631E0));
#7169=DIRECTION('',(-1.E0,0.E0,0.E0));
#7170=DIRECTION('',(0.E0,0.E0,1.E0));
#7171=AXIS2_PLACEMENT_3D('',#7168,#7169,#7170);
#7172=PLANE('',#7171);
#7174=ORIENTED_EDGE('',*,*,#7173,.T.);
#7176=ORIENTED_EDGE('',*,*,#7175,.T.);
#7178=ORIENTED_EDGE('',*,*,#7177,.T.);
#7179=ORIENTED_EDGE('',*,*,#7152,.F.);
#7181=ORIENTED_EDGE('',*,*,#7180,.F.);
#7183=ORIENTED_EDGE('',*,*,#7182,.T.);
#7184=EDGE_LOOP('',(#7174,#7176,#7178,#7179,#7181,#7183));
#7185=FACE_OUTER_BOUND('',#7184,.F.);
#7186=ADVANCED_FACE('',(#7185),#7172,.T.);
#7187=CARTESIAN_POINT('',(0.E0,1.21412E1,-6.35E0));
#7188=DIRECTION('',(0.E0,1.E0,0.E0));
#7189=DIRECTION('',(0.E0,0.E0,1.E0));
#7190=AXIS2_PLACEMENT_3D('',#7187,#7188,#7189);
#7191=PLANE('',#7190);
#7192=ORIENTED_EDGE('',*,*,#7173,.F.);
#7194=ORIENTED_EDGE('',*,*,#7193,.F.);
#7195=EDGE_LOOP('',(#7192,#7194));
#7196=FACE_OUTER_BOUND('',#7195,.F.);
#7197=ADVANCED_FACE('',(#7196),#7191,.F.);
#7198=CARTESIAN_POINT('',(0.E0,1.21412E1,-6.35E0));
#7199=DIRECTION('',(0.E0,1.E0,0.E0));
#7200=DIRECTION('',(0.E0,0.E0,1.E0));
#7201=AXIS2_PLACEMENT_3D('',#7198,#7199,#7200);
#7202=PLANE('',#7201);
#7204=ORIENTED_EDGE('',*,*,#7203,.F.);
#7206=ORIENTED_EDGE('',*,*,#7205,.F.);
#7208=ORIENTED_EDGE('',*,*,#7207,.T.);
#7209=EDGE_LOOP('',(#7204,#7206,#7208));
#7210=FACE_OUTER_BOUND('',#7209,.F.);
#7211=ADVANCED_FACE('',(#7210),#7202,.F.);
#7212=CARTESIAN_POINT('',(0.E0,1.21412E1,-6.35E0));
#7213=DIRECTION('',(0.E0,1.E0,0.E0));
#7214=DIRECTION('',(0.E0,0.E0,1.E0));
#7215=AXIS2_PLACEMENT_3D('',#7212,#7213,#7214);
#7216=PLANE('',#7215);
#7218=ORIENTED_EDGE('',*,*,#7217,.F.);
#7220=ORIENTED_EDGE('',*,*,#7219,.T.);
#7221=EDGE_LOOP('',(#7218,#7220));
#7222=FACE_OUTER_BOUND('',#7221,.F.);
#7223=ADVANCED_FACE('',(#7222),#7216,.F.);
#7224=CARTESIAN_POINT('',(0.E0,1.21412E1,-6.35E0));
#7225=DIRECTION('',(0.E0,1.E0,0.E0));
#7226=DIRECTION('',(0.E0,0.E0,1.E0));
#7227=AXIS2_PLACEMENT_3D('',#7224,#7225,#7226);
#7228=PLANE('',#7227);
#7230=ORIENTED_EDGE('',*,*,#7229,.F.);
#7232=ORIENTED_EDGE('',*,*,#7231,.T.);
#7234=ORIENTED_EDGE('',*,*,#7233,.F.);
#7235=EDGE_LOOP('',(#7230,#7232,#7234));
#7236=FACE_OUTER_BOUND('',#7235,.F.);
#7237=ADVANCED_FACE('',(#7236),#7228,.F.);
#7238=CARTESIAN_POINT('',(0.E0,3.89001E0,-6.35E0));
#7239=DIRECTION('',(0.E0,1.E0,0.E0));
#7240=DIRECTION('',(0.E0,0.E0,1.E0));
#7241=AXIS2_PLACEMENT_3D('',#7238,#7239,#7240);
#7242=CYLINDRICAL_SURFACE('',#7241,3.3401E0);
#7244=ORIENTED_EDGE('',*,*,#7243,.F.);
#7245=ORIENTED_EDGE('',*,*,#7233,.T.);
#7247=ORIENTED_EDGE('',*,*,#7246,.T.);
#7249=ORIENTED_EDGE('',*,*,#7248,.F.);
#7251=ORIENTED_EDGE('',*,*,#7250,.F.);
#7252=ORIENTED_EDGE('',*,*,#7205,.T.);
#7254=ORIENTED_EDGE('',*,*,#7253,.F.);
#7255=ORIENTED_EDGE('',*,*,#7193,.T.);
#7256=EDGE_LOOP('',(#7244,#7245,#7247,#7249,#7251,#7252,#7254,#7255));
#7257=FACE_OUTER_BOUND('',#7256,.F.);
#7258=ADVANCED_FACE('',(#7257),#7242,.T.);
#7259=CARTESIAN_POINT('',(0.E0,1.21412E1,-6.35E0));
#7260=DIRECTION('',(0.E0,1.E0,0.E0));
#7261=DIRECTION('',(0.E0,0.E0,1.E0));
#7262=AXIS2_PLACEMENT_3D('',#7259,#7260,#7261);
#7263=PLANE('',#7262);
#7265=ORIENTED_EDGE('',*,*,#7264,.T.);
#7267=ORIENTED_EDGE('',*,*,#7266,.F.);
#7269=ORIENTED_EDGE('',*,*,#7268,.F.);
#7270=EDGE_LOOP('',(#7265,#7267,#7269));
#7271=FACE_OUTER_BOUND('',#7270,.F.);
#7272=ADVANCED_FACE('',(#7271),#7263,.T.);
#7273=CARTESIAN_POINT('',(0.E0,1.21412E1,-6.35E0));
#7274=DIRECTION('',(0.E0,1.E0,0.E0));
#7275=DIRECTION('',(0.E0,0.E0,1.E0));
#7276=AXIS2_PLACEMENT_3D('',#7273,#7274,#7275);
#7277=PLANE('',#7276);
#7279=ORIENTED_EDGE('',*,*,#7278,.T.);
#7281=ORIENTED_EDGE('',*,*,#7280,.F.);
#7283=ORIENTED_EDGE('',*,*,#7282,.F.);
#7284=EDGE_LOOP('',(#7279,#7281,#7283));
#7285=FACE_OUTER_BOUND('',#7284,.F.);
#7286=ADVANCED_FACE('',(#7285),#7277,.T.);
#7287=CARTESIAN_POINT('',(0.E0,1.21412E1,-6.35E0));
#7288=DIRECTION('',(0.E0,1.E0,0.E0));
#7289=DIRECTION('',(0.E0,0.E0,1.E0));
#7290=AXIS2_PLACEMENT_3D('',#7287,#7288,#7289);
#7291=PLANE('',#7290);
#7292=ORIENTED_EDGE('',*,*,#7243,.T.);
#7293=ORIENTED_EDGE('',*,*,#7182,.F.);
#7295=ORIENTED_EDGE('',*,*,#7294,.F.);
#7296=EDGE_LOOP('',(#7292,#7293,#7295));
#7297=FACE_OUTER_BOUND('',#7296,.F.);
#7298=ADVANCED_FACE('',(#7297),#7291,.T.);
#7299=CARTESIAN_POINT('',(0.E0,1.21412E1,-6.35E0));
#7300=DIRECTION('',(0.E0,1.E0,0.E0));
#7301=DIRECTION('',(0.E0,0.E0,1.E0));
#7302=AXIS2_PLACEMENT_3D('',#7299,#7300,#7301);
#7303=PLANE('',#7302);
#7304=ORIENTED_EDGE('',*,*,#7253,.T.);
#7306=ORIENTED_EDGE('',*,*,#7305,.F.);
#7307=ORIENTED_EDGE('',*,*,#7175,.F.);
#7308=EDGE_LOOP('',(#7304,#7306,#7307));
#7309=FACE_OUTER_BOUND('',#7308,.F.);
#7310=ADVANCED_FACE('',(#7309),#7303,.T.);
#7311=CARTESIAN_POINT('',(0.E0,3.89001E0,-6.35E0));
#7312=DIRECTION('',(0.E0,1.E0,0.E0));
#7313=DIRECTION('',(0.E0,0.E0,1.E0));
#7314=AXIS2_PLACEMENT_3D('',#7311,#7312,#7313);
#7315=CYLINDRICAL_SURFACE('',#7314,3.3401E0);
#7316=ORIENTED_EDGE('',*,*,#7264,.F.);
#7317=ORIENTED_EDGE('',*,*,#7207,.F.);
#7318=ORIENTED_EDGE('',*,*,#7250,.T.);
#7320=ORIENTED_EDGE('',*,*,#7319,.T.);
#7321=ORIENTED_EDGE('',*,*,#7246,.F.);
#7322=ORIENTED_EDGE('',*,*,#7231,.F.);
#7323=ORIENTED_EDGE('',*,*,#7278,.F.);
#7324=ORIENTED_EDGE('',*,*,#7219,.F.);
#7325=EDGE_LOOP('',(#7316,#7317,#7318,#7320,#7321,#7322,#7323,#7324));
#7326=FACE_OUTER_BOUND('',#7325,.F.);
#7327=ADVANCED_FACE('',(#7326),#7315,.T.);
#7328=CARTESIAN_POINT('',(0.E0,7.208738281250E0,-6.35E0));
#7329=DIRECTION('',(0.E0,1.E0,0.E0));
#7330=DIRECTION('',(0.E0,0.E0,1.E0));
#7331=AXIS2_PLACEMENT_3D('',#7328,#7329,#7330);
#7332=SPHERICAL_SURFACE('',#7331,7.269261718750E0);
#7334=ORIENTED_EDGE('',*,*,#7333,.T.);
#7336=ORIENTED_EDGE('',*,*,#7335,.F.);
#7337=ORIENTED_EDGE('',*,*,#7319,.F.);
#7338=EDGE_LOOP('',(#7334,#7336,#7337));
#7339=FACE_OUTER_BOUND('',#7338,.F.);
#7340=ADVANCED_FACE('',(#7339),#7332,.T.);
#7341=CARTESIAN_POINT('',(0.E0,7.208738281250E0,-6.35E0));
#7342=DIRECTION('',(0.E0,1.E0,0.E0));
#7343=DIRECTION('',(0.E0,0.E0,1.E0));
#7344=AXIS2_PLACEMENT_3D('',#7341,#7342,#7343);
#7345=SPHERICAL_SURFACE('',#7344,7.269261718750E0);
#7346=ORIENTED_EDGE('',*,*,#7333,.F.);
#7347=ORIENTED_EDGE('',*,*,#7248,.T.);
#7348=ORIENTED_EDGE('',*,*,#7335,.T.);
#7349=EDGE_LOOP('',(#7346,#7347,#7348));
#7350=FACE_OUTER_BOUND('',#7349,.F.);
#7351=ADVANCED_FACE('',(#7350),#7345,.T.);
#7352=CARTESIAN_POINT('',(3.2131E0,1.21412E1,-3.1369E0));
#7353=DIRECTION('',(1.E0,0.E0,0.E0));
#7354=DIRECTION('',(0.E0,0.E0,-1.E0));
#7355=AXIS2_PLACEMENT_3D('',#7352,#7353,#7354);
#7356=PLANE('',#7355);
#7357=ORIENTED_EDGE('',*,*,#7217,.T.);
#7358=ORIENTED_EDGE('',*,*,#7282,.T.);
#7360=ORIENTED_EDGE('',*,*,#7359,.T.);
#7361=ORIENTED_EDGE('',*,*,#7156,.F.);
#7363=ORIENTED_EDGE('',*,*,#7362,.F.);
#7364=ORIENTED_EDGE('',*,*,#7266,.T.);
#7365=EDGE_LOOP('',(#7357,#7358,#7360,#7361,#7363,#7364));
#7366=FACE_OUTER_BOUND('',#7365,.F.);
#7367=ADVANCED_FACE('',(#7366),#7356,.T.);
#7368=CARTESIAN_POINT('',(3.2131E0,1.21412E1,-9.5631E0));
#7369=DIRECTION('',(0.E0,0.E0,-1.E0));
#7370=DIRECTION('',(-1.E0,0.E0,0.E0));
#7371=AXIS2_PLACEMENT_3D('',#7368,#7369,#7370);
#7372=PLANE('',#7371);
#7373=ORIENTED_EDGE('',*,*,#7229,.T.);
#7374=ORIENTED_EDGE('',*,*,#7294,.T.);
#7375=ORIENTED_EDGE('',*,*,#7180,.T.);
#7376=ORIENTED_EDGE('',*,*,#7158,.F.);
#7377=ORIENTED_EDGE('',*,*,#7359,.F.);
#7378=ORIENTED_EDGE('',*,*,#7280,.T.);
#7379=EDGE_LOOP('',(#7373,#7374,#7375,#7376,#7377,#7378));
#7380=FACE_OUTER_BOUND('',#7379,.F.);
#7381=ADVANCED_FACE('',(#7380),#7372,.T.);
#7382=CARTESIAN_POINT('',(-3.2131E0,1.21412E1,-3.1369E0));
#7383=DIRECTION('',(0.E0,0.E0,1.E0));
#7384=DIRECTION('',(1.E0,0.E0,0.E0));
#7385=AXIS2_PLACEMENT_3D('',#7382,#7383,#7384);
#7386=PLANE('',#7385);
#7387=ORIENTED_EDGE('',*,*,#7203,.T.);
#7388=ORIENTED_EDGE('',*,*,#7268,.T.);
#7389=ORIENTED_EDGE('',*,*,#7362,.T.);
#7390=ORIENTED_EDGE('',*,*,#7154,.F.);
#7391=ORIENTED_EDGE('',*,*,#7177,.F.);
#7392=ORIENTED_EDGE('',*,*,#7305,.T.);
#7393=EDGE_LOOP('',(#7387,#7388,#7389,#7390,#7391,#7392));
#7394=FACE_OUTER_BOUND('',#7393,.F.);
#7395=ADVANCED_FACE('',(#7394),#7386,.T.);
#7396=CARTESIAN_POINT('',(0.E0,3.89001E0,-6.35E0));
#7397=DIRECTION('',(0.E0,1.E0,0.E0));
#7398=DIRECTION('',(0.E0,0.E0,1.E0));
#7399=AXIS2_PLACEMENT_3D('',#7396,#7397,#7398);
#7400=CYLINDRICAL_SURFACE('',#7399,1.70434E0);
#7401=ORIENTED_EDGE('',*,*,#7163,.T.);
#7402=ORIENTED_EDGE('',*,*,#7142,.F.);
#7403=ORIENTED_EDGE('',*,*,#7127,.F.);
#7404=ORIENTED_EDGE('',*,*,#7139,.T.);
#7405=EDGE_LOOP('',(#7401,#7402,#7403,#7404));
#7406=FACE_OUTER_BOUND('',#7405,.F.);
#7407=ADVANCED_FACE('',(#7406),#7400,.T.);
#7408=CARTESIAN_POINT('',(4.8895E0,1.3462E1,-4.51485E0));
#7409=DIRECTION('',(-7.071067811865E-1,0.E0,7.071067811865E-1));
#7410=DIRECTION('',(-7.071067811865E-1,0.E0,-7.071067811865E-1));
#7411=AXIS2_PLACEMENT_3D('',#7408,#7409,#7410);
#7412=PLANE('',#7411);
#7413=ORIENTED_EDGE('',*,*,#5020,.T.);
#7415=ORIENTED_EDGE('',*,*,#7414,.T.);
#7417=ORIENTED_EDGE('',*,*,#7416,.F.);
#7419=ORIENTED_EDGE('',*,*,#7418,.F.);
#7420=EDGE_LOOP('',(#7413,#7415,#7417,#7419));
#7421=FACE_OUTER_BOUND('',#7420,.F.);
#7422=ADVANCED_FACE('',(#7421),#7412,.F.);
#7423=CARTESIAN_POINT('',(4.5847E0,1.3462E1,-4.81965E0));
#7424=DIRECTION('',(-1.E0,0.E0,0.E0));
#7425=DIRECTION('',(0.E0,0.E0,-1.E0));
#7426=AXIS2_PLACEMENT_3D('',#7423,#7424,#7425);
#7427=PLANE('',#7426);
#7428=ORIENTED_EDGE('',*,*,#5040,.T.);
#7430=ORIENTED_EDGE('',*,*,#7429,.T.);
#7432=ORIENTED_EDGE('',*,*,#7431,.F.);
#7433=ORIENTED_EDGE('',*,*,#7414,.F.);
#7434=EDGE_LOOP('',(#7428,#7430,#7432,#7433));
#7435=FACE_OUTER_BOUND('',#7434,.F.);
#7436=ADVANCED_FACE('',(#7435),#7427,.F.);
#7437=CARTESIAN_POINT('',(4.5847E0,1.3462E1,-7.88035E0));
#7438=DIRECTION('',(-7.071067811865E-1,0.E0,-7.071067811865E-1));
#7439=DIRECTION('',(7.071067811865E-1,0.E0,-7.071067811865E-1));
#7440=AXIS2_PLACEMENT_3D('',#7437,#7438,#7439);
#7441=PLANE('',#7440);
#7442=ORIENTED_EDGE('',*,*,#5038,.T.);
#7444=ORIENTED_EDGE('',*,*,#7443,.T.);
#7446=ORIENTED_EDGE('',*,*,#7445,.F.);
#7447=ORIENTED_EDGE('',*,*,#7429,.F.);
#7448=EDGE_LOOP('',(#7442,#7444,#7446,#7447));
#7449=FACE_OUTER_BOUND('',#7448,.F.);
#7450=ADVANCED_FACE('',(#7449),#7441,.F.);
#7451=CARTESIAN_POINT('',(4.8895E0,1.3462E1,-1.6002E0));
#7452=DIRECTION('',(-1.E0,0.E0,0.E0));
#7453=DIRECTION('',(0.E0,0.E0,1.E0));
#7454=AXIS2_PLACEMENT_3D('',#7451,#7452,#7453);
#7455=PLANE('',#7454);
#7456=ORIENTED_EDGE('',*,*,#7418,.T.);
#7458=ORIENTED_EDGE('',*,*,#7457,.F.);
#7460=ORIENTED_EDGE('',*,*,#7459,.F.);
#7461=ORIENTED_EDGE('',*,*,#4327,.F.);
#7462=ORIENTED_EDGE('',*,*,#4429,.T.);
#7463=ORIENTED_EDGE('',*,*,#5022,.T.);
#7464=EDGE_LOOP('',(#7456,#7458,#7460,#7461,#7462,#7463));
#7465=FACE_OUTER_BOUND('',#7464,.F.);
#7466=ADVANCED_FACE('',(#7465),#7455,.F.);
#7467=CARTESIAN_POINT('',(4.8895E0,1.3462E1,-1.6002E0));
#7468=DIRECTION('',(-1.E0,0.E0,0.E0));
#7469=DIRECTION('',(0.E0,0.E0,1.E0));
#7470=AXIS2_PLACEMENT_3D('',#7467,#7468,#7469);
#7471=PLANE('',#7470);
#7472=ORIENTED_EDGE('',*,*,#7443,.F.);
#7473=ORIENTED_EDGE('',*,*,#5036,.T.);
#7474=ORIENTED_EDGE('',*,*,#4895,.T.);
#7475=ORIENTED_EDGE('',*,*,#4798,.T.);
#7477=ORIENTED_EDGE('',*,*,#7476,.F.);
#7479=ORIENTED_EDGE('',*,*,#7478,.F.);
#7480=EDGE_LOOP('',(#7472,#7473,#7474,#7475,#7477,#7479));
#7481=FACE_OUTER_BOUND('',#7480,.F.);
#7482=ADVANCED_FACE('',(#7481),#7471,.F.);
#7483=CARTESIAN_POINT('',(1.16205E1,7.493E0,-8.186660598201E-1));
#7484=DIRECTION('',(0.E0,-1.E0,0.E0));
#7485=DIRECTION('',(0.E0,0.E0,-1.E0));
#7486=AXIS2_PLACEMENT_3D('',#7483,#7484,#7485);
#7487=PLANE('',#7486);
#7489=ORIENTED_EDGE('',*,*,#7488,.F.);
#7491=ORIENTED_EDGE('',*,*,#7490,.T.);
#7493=ORIENTED_EDGE('',*,*,#7492,.T.);
#7495=ORIENTED_EDGE('',*,*,#7494,.T.);
#7497=ORIENTED_EDGE('',*,*,#7496,.F.);
#7499=ORIENTED_EDGE('',*,*,#7498,.T.);
#7500=ORIENTED_EDGE('',*,*,#7457,.T.);
#7501=ORIENTED_EDGE('',*,*,#7416,.T.);
#7502=ORIENTED_EDGE('',*,*,#7431,.T.);
#7503=ORIENTED_EDGE('',*,*,#7445,.T.);
#7504=ORIENTED_EDGE('',*,*,#7478,.T.);
#7506=ORIENTED_EDGE('',*,*,#7505,.F.);
#7507=EDGE_LOOP('',(#7489,#7491,#7493,#7495,#7497,#7499,#7500,#7501,#7502,#7503,
#7504,#7506));
#7508=FACE_OUTER_BOUND('',#7507,.F.);
#7510=ORIENTED_EDGE('',*,*,#7509,.T.);
#7512=ORIENTED_EDGE('',*,*,#7511,.T.);
#7514=ORIENTED_EDGE('',*,*,#7513,.T.);
#7516=ORIENTED_EDGE('',*,*,#7515,.T.);
#7518=ORIENTED_EDGE('',*,*,#7517,.T.);
#7520=ORIENTED_EDGE('',*,*,#7519,.T.);
#7522=ORIENTED_EDGE('',*,*,#7521,.T.);
#7524=ORIENTED_EDGE('',*,*,#7523,.T.);
#7526=ORIENTED_EDGE('',*,*,#7525,.T.);
#7528=ORIENTED_EDGE('',*,*,#7527,.T.);
#7530=ORIENTED_EDGE('',*,*,#7529,.T.);
#7532=ORIENTED_EDGE('',*,*,#7531,.T.);
#7533=EDGE_LOOP('',(#7510,#7512,#7514,#7516,#7518,#7520,#7522,#7524,#7526,#7528,
#7530,#7532));
#7534=FACE_BOUND('',#7533,.F.);
#7535=ADVANCED_FACE('',(#7508,#7534),#7487,.F.);
#7536=CARTESIAN_POINT('',(1.16205E1,8.255E-1,0.E0));
#7537=DIRECTION('',(1.E0,0.E0,0.E0));
#7538=DIRECTION('',(0.E0,0.E0,-1.E0));
#7539=AXIS2_PLACEMENT_3D('',#7536,#7537,#7538);
#7540=PLANE('',#7539);
#7542=ORIENTED_EDGE('',*,*,#7541,.T.);
#7543=ORIENTED_EDGE('',*,*,#7488,.T.);
#7545=ORIENTED_EDGE('',*,*,#7544,.T.);
#7546=ORIENTED_EDGE('',*,*,#4836,.F.);
#7547=ORIENTED_EDGE('',*,*,#4928,.F.);
#7548=ORIENTED_EDGE('',*,*,#5063,.F.);
#7549=EDGE_LOOP('',(#7542,#7543,#7545,#7546,#7547,#7548));
#7550=FACE_OUTER_BOUND('',#7549,.F.);
#7551=ADVANCED_FACE('',(#7550),#7540,.F.);
#7552=CARTESIAN_POINT('',(1.16205E1,8.255E-1,0.E0));
#7553=DIRECTION('',(1.E0,0.E0,0.E0));
#7554=DIRECTION('',(0.E0,0.E0,-1.E0));
#7555=AXIS2_PLACEMENT_3D('',#7552,#7553,#7554);
#7556=PLANE('',#7555);
#7558=ORIENTED_EDGE('',*,*,#7557,.F.);
#7559=ORIENTED_EDGE('',*,*,#5055,.F.);
#7560=ORIENTED_EDGE('',*,*,#4461,.F.);
#7561=ORIENTED_EDGE('',*,*,#4372,.T.);
#7563=ORIENTED_EDGE('',*,*,#7562,.T.);
#7564=ORIENTED_EDGE('',*,*,#7496,.T.);
#7565=EDGE_LOOP('',(#7558,#7559,#7560,#7561,#7563,#7564));
#7566=FACE_OUTER_BOUND('',#7565,.F.);
#7567=ADVANCED_FACE('',(#7566),#7556,.F.);
#7568=CARTESIAN_POINT('',(1.16205E1,1.3462E1,-8.18515E0));
#7569=DIRECTION('',(7.071067811865E-1,0.E0,-7.071067811865E-1));
#7570=DIRECTION('',(7.071067811865E-1,0.E0,7.071067811865E-1));
#7571=AXIS2_PLACEMENT_3D('',#7568,#7569,#7570);
#7572=PLANE('',#7571);
#7573=ORIENTED_EDGE('',*,*,#5061,.T.);
#7575=ORIENTED_EDGE('',*,*,#7574,.T.);
#7576=ORIENTED_EDGE('',*,*,#7490,.F.);
#7577=ORIENTED_EDGE('',*,*,#7541,.F.);
#7578=EDGE_LOOP('',(#7573,#7575,#7576,#7577));
#7579=FACE_OUTER_BOUND('',#7578,.F.);
#7580=ADVANCED_FACE('',(#7579),#7572,.F.);
#7581=CARTESIAN_POINT('',(1.19253E1,1.3462E1,-7.88035E0));
#7582=DIRECTION('',(1.E0,0.E0,0.E0));
#7583=DIRECTION('',(0.E0,0.E0,1.E0));
#7584=AXIS2_PLACEMENT_3D('',#7581,#7582,#7583);
#7585=PLANE('',#7584);
#7586=ORIENTED_EDGE('',*,*,#5059,.T.);
#7588=ORIENTED_EDGE('',*,*,#7587,.T.);
#7589=ORIENTED_EDGE('',*,*,#7492,.F.);
#7590=ORIENTED_EDGE('',*,*,#7574,.F.);
#7591=EDGE_LOOP('',(#7586,#7588,#7589,#7590));
#7592=FACE_OUTER_BOUND('',#7591,.F.);
#7593=ADVANCED_FACE('',(#7592),#7585,.F.);
#7594=CARTESIAN_POINT('',(1.19253E1,1.3462E1,-4.81965E0));
#7595=DIRECTION('',(7.071067811865E-1,0.E0,7.071067811865E-1));
#7596=DIRECTION('',(-7.071067811865E-1,0.E0,7.071067811865E-1));
#7597=AXIS2_PLACEMENT_3D('',#7594,#7595,#7596);
#7598=PLANE('',#7597);
#7599=ORIENTED_EDGE('',*,*,#5057,.T.);
#7600=ORIENTED_EDGE('',*,*,#7557,.T.);
#7601=ORIENTED_EDGE('',*,*,#7494,.F.);
#7602=ORIENTED_EDGE('',*,*,#7587,.F.);
#7603=EDGE_LOOP('',(#7599,#7600,#7601,#7602));
#7604=FACE_OUTER_BOUND('',#7603,.F.);
#7605=ADVANCED_FACE('',(#7604),#7598,.F.);
#7606=CARTESIAN_POINT('',(1.16205E1,7.493E0,-1.188133394018E1));
#7607=DIRECTION('',(0.E0,-1.218693434051E-1,9.925461516413E-1));
#7608=DIRECTION('',(0.E0,-9.925461516413E-1,-1.218693434051E-1));
#7609=AXIS2_PLACEMENT_3D('',#7606,#7607,#7608);
#7610=PLANE('',#7609);
#7612=ORIENTED_EDGE('',*,*,#7611,.T.);
#7613=ORIENTED_EDGE('',*,*,#7544,.F.);
#7614=ORIENTED_EDGE('',*,*,#7505,.T.);
#7615=ORIENTED_EDGE('',*,*,#7476,.T.);
#7616=EDGE_LOOP('',(#7612,#7613,#7614,#7615));
#7617=FACE_OUTER_BOUND('',#7616,.F.);
#7618=ADVANCED_FACE('',(#7617),#7610,.F.);
#7619=CARTESIAN_POINT('',(4.8895E0,8.255E-1,0.E0));
#7620=DIRECTION('',(0.E0,1.E0,0.E0));
#7621=DIRECTION('',(0.E0,0.E0,-1.E0));
#7622=AXIS2_PLACEMENT_3D('',#7619,#7620,#7621);
#7623=PLANE('',#7622);
#7625=ORIENTED_EDGE('',*,*,#7624,.T.);
#7627=ORIENTED_EDGE('',*,*,#7626,.T.);
#7628=ORIENTED_EDGE('',*,*,#7611,.F.);
#7630=ORIENTED_EDGE('',*,*,#7629,.F.);
#7631=EDGE_LOOP('',(#7625,#7627,#7628,#7630));
#7632=FACE_OUTER_BOUND('',#7631,.F.);
#7634=ORIENTED_EDGE('',*,*,#7633,.T.);
#7636=ORIENTED_EDGE('',*,*,#7635,.T.);
#7638=ORIENTED_EDGE('',*,*,#7637,.F.);
#7640=ORIENTED_EDGE('',*,*,#7639,.F.);
#7641=EDGE_LOOP('',(#7634,#7636,#7638,#7640));
#7642=FACE_BOUND('',#7641,.F.);
#7643=ADVANCED_FACE('',(#7632,#7642),#7623,.F.);
#7644=CARTESIAN_POINT('',(1.16205E1,8.255E-1,0.E0));
#7645=DIRECTION('',(0.E0,-1.218693434051E-1,-9.925461516413E-1));
#7646=DIRECTION('',(0.E0,9.925461516413E-1,-1.218693434051E-1));
#7647=AXIS2_PLACEMENT_3D('',#7644,#7645,#7646);
#7648=PLANE('',#7647);
#7649=ORIENTED_EDGE('',*,*,#7624,.F.);
#7650=ORIENTED_EDGE('',*,*,#7459,.T.);
#7651=ORIENTED_EDGE('',*,*,#7498,.F.);
#7652=ORIENTED_EDGE('',*,*,#7562,.F.);
#7653=EDGE_LOOP('',(#7649,#7650,#7651,#7652));
#7654=FACE_OUTER_BOUND('',#7653,.F.);
#7655=ADVANCED_FACE('',(#7654),#7648,.F.);
#7656=CARTESIAN_POINT('',(1.16205E1,1.3462E1,-1.6002E0));
#7657=DIRECTION('',(-1.E0,0.E0,0.E0));
#7658=DIRECTION('',(0.E0,0.E0,1.E0));
#7659=AXIS2_PLACEMENT_3D('',#7656,#7657,#7658);
#7660=PLANE('',#7659);
#7661=ORIENTED_EDGE('',*,*,#4370,.F.);
#7662=ORIENTED_EDGE('',*,*,#4554,.F.);
#7663=ORIENTED_EDGE('',*,*,#4838,.T.);
#7664=ORIENTED_EDGE('',*,*,#7626,.F.);
#7665=EDGE_LOOP('',(#7661,#7662,#7663,#7664));
#7666=FACE_OUTER_BOUND('',#7665,.F.);
#7667=ADVANCED_FACE('',(#7666),#7660,.T.);
#7668=CARTESIAN_POINT('',(4.8895E0,1.3462E1,-1.6002E0));
#7669=DIRECTION('',(-1.E0,0.E0,0.E0));
#7670=DIRECTION('',(0.E0,0.E0,1.E0));
#7671=AXIS2_PLACEMENT_3D('',#7668,#7669,#7670);
#7672=PLANE('',#7671);
#7673=ORIENTED_EDGE('',*,*,#4329,.T.);
#7674=ORIENTED_EDGE('',*,*,#7629,.T.);
#7675=ORIENTED_EDGE('',*,*,#4807,.F.);
#7676=ORIENTED_EDGE('',*,*,#4535,.T.);
#7677=EDGE_LOOP('',(#7673,#7674,#7675,#7676));
#7678=FACE_OUTER_BOUND('',#7677,.F.);
#7679=ADVANCED_FACE('',(#7678),#7672,.F.);
#7680=CARTESIAN_POINT('',(7.5946E0,0.E0,0.E0));
#7681=DIRECTION('',(1.E0,0.E0,0.E0));
#7682=DIRECTION('',(0.E0,0.E0,-1.E0));
#7683=AXIS2_PLACEMENT_3D('',#7680,#7681,#7682);
#7684=PLANE('',#7683);
#7685=ORIENTED_EDGE('',*,*,#7633,.F.);
#7687=ORIENTED_EDGE('',*,*,#7686,.T.);
#7689=ORIENTED_EDGE('',*,*,#7688,.T.);
#7691=ORIENTED_EDGE('',*,*,#7690,.T.);
#7692=EDGE_LOOP('',(#7685,#7687,#7689,#7691));
#7693=FACE_OUTER_BOUND('',#7692,.F.);
#7694=ADVANCED_FACE('',(#7693),#7684,.F.);
#7695=CARTESIAN_POINT('',(7.5946E0,8.255E-1,-2.032E0));
#7696=DIRECTION('',(0.E0,0.E0,1.E0));
#7697=DIRECTION('',(0.E0,-1.E0,0.E0));
#7698=AXIS2_PLACEMENT_3D('',#7695,#7696,#7697);
#7699=PLANE('',#7698);
#7700=ORIENTED_EDGE('',*,*,#7639,.T.);
#7702=ORIENTED_EDGE('',*,*,#7701,.T.);
#7704=ORIENTED_EDGE('',*,*,#7703,.F.);
#7705=ORIENTED_EDGE('',*,*,#7686,.F.);
#7706=EDGE_LOOP('',(#7700,#7702,#7704,#7705));
#7707=FACE_OUTER_BOUND('',#7706,.F.);
#7708=ADVANCED_FACE('',(#7707),#7699,.T.);
#7709=CARTESIAN_POINT('',(8.9154E0,0.E0,0.E0));
#7710=DIRECTION('',(1.E0,0.E0,0.E0));
#7711=DIRECTION('',(0.E0,0.E0,-1.E0));
#7712=AXIS2_PLACEMENT_3D('',#7709,#7710,#7711);
#7713=PLANE('',#7712);
#7714=ORIENTED_EDGE('',*,*,#7637,.T.);
#7716=ORIENTED_EDGE('',*,*,#7715,.F.);
#7718=ORIENTED_EDGE('',*,*,#7717,.F.);
#7719=ORIENTED_EDGE('',*,*,#7701,.F.);
#7720=EDGE_LOOP('',(#7714,#7716,#7718,#7719));
#7721=FACE_OUTER_BOUND('',#7720,.F.);
#7722=ADVANCED_FACE('',(#7721),#7713,.T.);
#7723=CARTESIAN_POINT('',(7.5946E0,-4.064E0,-2.8702E0));
#7724=DIRECTION('',(0.E0,0.E0,-1.E0));
#7725=DIRECTION('',(0.E0,1.E0,0.E0));
#7726=AXIS2_PLACEMENT_3D('',#7723,#7724,#7725);
#7727=PLANE('',#7726);
#7728=ORIENTED_EDGE('',*,*,#7635,.F.);
#7729=ORIENTED_EDGE('',*,*,#7690,.F.);
#7731=ORIENTED_EDGE('',*,*,#7730,.T.);
#7732=ORIENTED_EDGE('',*,*,#7715,.T.);
#7733=EDGE_LOOP('',(#7728,#7729,#7731,#7732));
#7734=FACE_OUTER_BOUND('',#7733,.F.);
#7735=ADVANCED_FACE('',(#7734),#7727,.T.);
#7736=CARTESIAN_POINT('',(7.5946E0,-4.064E0,-2.032E0));
#7737=DIRECTION('',(0.E0,-1.E0,0.E0));
#7738=DIRECTION('',(0.E0,0.E0,-1.E0));
#7739=AXIS2_PLACEMENT_3D('',#7736,#7737,#7738);
#7740=PLANE('',#7739);
#7741=ORIENTED_EDGE('',*,*,#7688,.F.);
#7742=ORIENTED_EDGE('',*,*,#7703,.T.);
#7743=ORIENTED_EDGE('',*,*,#7717,.T.);
#7744=ORIENTED_EDGE('',*,*,#7730,.F.);
#7745=EDGE_LOOP('',(#7741,#7742,#7743,#7744));
#7746=FACE_OUTER_BOUND('',#7745,.F.);
#7747=ADVANCED_FACE('',(#7746),#7740,.T.);
#7748=CARTESIAN_POINT('',(5.08E0,7.493E0,-8.9154E0));
#7749=DIRECTION('',(-1.E0,0.E0,0.E0));
#7750=DIRECTION('',(0.E0,0.E0,1.E0));
#7751=AXIS2_PLACEMENT_3D('',#7748,#7749,#7750);
#7752=PLANE('',#7751);
#7753=ORIENTED_EDGE('',*,*,#7509,.F.);
#7755=ORIENTED_EDGE('',*,*,#7754,.T.);
#7757=ORIENTED_EDGE('',*,*,#7756,.T.);
#7759=ORIENTED_EDGE('',*,*,#7758,.F.);
#7760=EDGE_LOOP('',(#7753,#7755,#7757,#7759));
#7761=FACE_OUTER_BOUND('',#7760,.F.);
#7762=ADVANCED_FACE('',(#7761),#7752,.T.);
#7763=CARTESIAN_POINT('',(5.8801E0,7.493E0,-8.9154E0));
#7764=DIRECTION('',(0.E0,0.E0,-1.E0));
#7765=DIRECTION('',(-1.E0,0.E0,0.E0));
#7766=AXIS2_PLACEMENT_3D('',#7763,#7764,#7765);
#7767=PLANE('',#7766);
#7768=ORIENTED_EDGE('',*,*,#7531,.F.);
#7770=ORIENTED_EDGE('',*,*,#7769,.T.);
#7772=ORIENTED_EDGE('',*,*,#7771,.T.);
#7773=ORIENTED_EDGE('',*,*,#7754,.F.);
#7774=EDGE_LOOP('',(#7768,#7770,#7772,#7773));
#7775=FACE_OUTER_BOUND('',#7774,.F.);
#7776=ADVANCED_FACE('',(#7775),#7767,.T.);
#7777=CARTESIAN_POINT('',(5.8801E0,7.493E0,-1.0668E1));
#7778=DIRECTION('',(-1.E0,0.E0,0.E0));
#7779=DIRECTION('',(0.E0,0.E0,1.E0));
#7780=AXIS2_PLACEMENT_3D('',#7777,#7778,#7779);
#7781=PLANE('',#7780);
#7782=ORIENTED_EDGE('',*,*,#7529,.F.);
#7784=ORIENTED_EDGE('',*,*,#7783,.T.);
#7786=ORIENTED_EDGE('',*,*,#7785,.T.);
#7787=ORIENTED_EDGE('',*,*,#7769,.F.);
#7788=EDGE_LOOP('',(#7782,#7784,#7786,#7787));
#7789=FACE_OUTER_BOUND('',#7788,.F.);
#7790=ADVANCED_FACE('',(#7789),#7781,.T.);
#7791=CARTESIAN_POINT('',(1.06299E1,7.493E0,-1.0668E1));
#7792=DIRECTION('',(0.E0,0.E0,-1.E0));
#7793=DIRECTION('',(-1.E0,0.E0,0.E0));
#7794=AXIS2_PLACEMENT_3D('',#7791,#7792,#7793);
#7795=PLANE('',#7794);
#7796=ORIENTED_EDGE('',*,*,#7527,.F.);
#7798=ORIENTED_EDGE('',*,*,#7797,.T.);
#7800=ORIENTED_EDGE('',*,*,#7799,.T.);
#7801=ORIENTED_EDGE('',*,*,#7783,.F.);
#7802=EDGE_LOOP('',(#7796,#7798,#7800,#7801));
#7803=FACE_OUTER_BOUND('',#7802,.F.);
#7804=ADVANCED_FACE('',(#7803),#7795,.T.);
#7805=CARTESIAN_POINT('',(1.06299E1,7.493E0,-8.9154E0));
#7806=DIRECTION('',(1.E0,0.E0,0.E0));
#7807=DIRECTION('',(0.E0,0.E0,-1.E0));
#7808=AXIS2_PLACEMENT_3D('',#7805,#7806,#7807);
#7809=PLANE('',#7808);
#7810=ORIENTED_EDGE('',*,*,#7525,.F.);
#7812=ORIENTED_EDGE('',*,*,#7811,.T.);
#7814=ORIENTED_EDGE('',*,*,#7813,.T.);
#7815=ORIENTED_EDGE('',*,*,#7797,.F.);
#7816=EDGE_LOOP('',(#7810,#7812,#7814,#7815));
#7817=FACE_OUTER_BOUND('',#7816,.F.);
#7818=ADVANCED_FACE('',(#7817),#7809,.T.);
#7819=CARTESIAN_POINT('',(1.143E1,7.493E0,-8.9154E0));
#7820=DIRECTION('',(0.E0,0.E0,-1.E0));
#7821=DIRECTION('',(-1.E0,0.E0,0.E0));
#7822=AXIS2_PLACEMENT_3D('',#7819,#7820,#7821);
#7823=PLANE('',#7822);
#7824=ORIENTED_EDGE('',*,*,#7523,.F.);
#7826=ORIENTED_EDGE('',*,*,#7825,.T.);
#7828=ORIENTED_EDGE('',*,*,#7827,.T.);
#7829=ORIENTED_EDGE('',*,*,#7811,.F.);
#7830=EDGE_LOOP('',(#7824,#7826,#7828,#7829));
#7831=FACE_OUTER_BOUND('',#7830,.F.);
#7832=ADVANCED_FACE('',(#7831),#7823,.T.);
#7833=CARTESIAN_POINT('',(1.143E1,7.493E0,-3.7846E0));
#7834=DIRECTION('',(1.E0,0.E0,0.E0));
#7835=DIRECTION('',(0.E0,0.E0,-1.E0));
#7836=AXIS2_PLACEMENT_3D('',#7833,#7834,#7835);
#7837=PLANE('',#7836);
#7838=ORIENTED_EDGE('',*,*,#7521,.F.);
#7840=ORIENTED_EDGE('',*,*,#7839,.T.);
#7842=ORIENTED_EDGE('',*,*,#7841,.T.);
#7843=ORIENTED_EDGE('',*,*,#7825,.F.);
#7844=EDGE_LOOP('',(#7838,#7840,#7842,#7843));
#7845=FACE_OUTER_BOUND('',#7844,.F.);
#7846=ADVANCED_FACE('',(#7845),#7837,.T.);
#7847=CARTESIAN_POINT('',(1.06299E1,7.493E0,-3.7846E0));
#7848=DIRECTION('',(0.E0,0.E0,1.E0));
#7849=DIRECTION('',(1.E0,0.E0,0.E0));
#7850=AXIS2_PLACEMENT_3D('',#7847,#7848,#7849);
#7851=PLANE('',#7850);
#7852=ORIENTED_EDGE('',*,*,#7519,.F.);
#7854=ORIENTED_EDGE('',*,*,#7853,.T.);
#7856=ORIENTED_EDGE('',*,*,#7855,.T.);
#7857=ORIENTED_EDGE('',*,*,#7839,.F.);
#7858=EDGE_LOOP('',(#7852,#7854,#7856,#7857));
#7859=FACE_OUTER_BOUND('',#7858,.F.);
#7860=ADVANCED_FACE('',(#7859),#7851,.T.);
#7861=CARTESIAN_POINT('',(1.06299E1,7.493E0,-2.032E0));
#7862=DIRECTION('',(1.E0,0.E0,0.E0));
#7863=DIRECTION('',(0.E0,0.E0,-1.E0));
#7864=AXIS2_PLACEMENT_3D('',#7861,#7862,#7863);
#7865=PLANE('',#7864);
#7866=ORIENTED_EDGE('',*,*,#7517,.F.);
#7868=ORIENTED_EDGE('',*,*,#7867,.T.);
#7870=ORIENTED_EDGE('',*,*,#7869,.T.);
#7871=ORIENTED_EDGE('',*,*,#7853,.F.);
#7872=EDGE_LOOP('',(#7866,#7868,#7870,#7871));
#7873=FACE_OUTER_BOUND('',#7872,.F.);
#7874=ADVANCED_FACE('',(#7873),#7865,.T.);
#7875=CARTESIAN_POINT('',(5.8801E0,7.493E0,-2.032E0));
#7876=DIRECTION('',(0.E0,0.E0,1.E0));
#7877=DIRECTION('',(1.E0,0.E0,0.E0));
#7878=AXIS2_PLACEMENT_3D('',#7875,#7876,#7877);
#7879=PLANE('',#7878);
#7880=ORIENTED_EDGE('',*,*,#7515,.F.);
#7882=ORIENTED_EDGE('',*,*,#7881,.T.);
#7884=ORIENTED_EDGE('',*,*,#7883,.T.);
#7885=ORIENTED_EDGE('',*,*,#7867,.F.);
#7886=EDGE_LOOP('',(#7880,#7882,#7884,#7885));
#7887=FACE_OUTER_BOUND('',#7886,.F.);
#7888=ADVANCED_FACE('',(#7887),#7879,.T.);
#7889=CARTESIAN_POINT('',(5.8801E0,7.493E0,-3.7846E0));
#7890=DIRECTION('',(-1.E0,0.E0,0.E0));
#7891=DIRECTION('',(0.E0,0.E0,1.E0));
#7892=AXIS2_PLACEMENT_3D('',#7889,#7890,#7891);
#7893=PLANE('',#7892);
#7894=ORIENTED_EDGE('',*,*,#7513,.F.);
#7896=ORIENTED_EDGE('',*,*,#7895,.T.);
#7898=ORIENTED_EDGE('',*,*,#7897,.T.);
#7899=ORIENTED_EDGE('',*,*,#7881,.F.);
#7900=EDGE_LOOP('',(#7894,#7896,#7898,#7899));
#7901=FACE_OUTER_BOUND('',#7900,.F.);
#7902=ADVANCED_FACE('',(#7901),#7893,.T.);
#7903=CARTESIAN_POINT('',(5.08E0,7.493E0,-3.7846E0));
#7904=DIRECTION('',(0.E0,0.E0,1.E0));
#7905=DIRECTION('',(1.E0,0.E0,0.E0));
#7906=AXIS2_PLACEMENT_3D('',#7903,#7904,#7905);
#7907=PLANE('',#7906);
#7908=ORIENTED_EDGE('',*,*,#7511,.F.);
#7909=ORIENTED_EDGE('',*,*,#7758,.T.);
#7911=ORIENTED_EDGE('',*,*,#7910,.T.);
#7912=ORIENTED_EDGE('',*,*,#7895,.F.);
#7913=EDGE_LOOP('',(#7908,#7909,#7911,#7912));
#7914=FACE_OUTER_BOUND('',#7913,.F.);
#7915=ADVANCED_FACE('',(#7914),#7907,.T.);
#7916=CARTESIAN_POINT('',(2.1463E1,8.3312E0,0.E0));
#7917=DIRECTION('',(0.E0,1.E0,0.E0));
#7918=DIRECTION('',(1.E0,0.E0,0.E0));
#7919=AXIS2_PLACEMENT_3D('',#7916,#7917,#7918);
#7920=PLANE('',#7919);
#7921=ORIENTED_EDGE('',*,*,#7756,.F.);
#7922=ORIENTED_EDGE('',*,*,#7771,.F.);
#7923=ORIENTED_EDGE('',*,*,#7785,.F.);
#7924=ORIENTED_EDGE('',*,*,#7799,.F.);
#7925=ORIENTED_EDGE('',*,*,#7813,.F.);
#7926=ORIENTED_EDGE('',*,*,#7827,.F.);
#7927=ORIENTED_EDGE('',*,*,#7841,.F.);
#7928=ORIENTED_EDGE('',*,*,#7855,.F.);
#7929=ORIENTED_EDGE('',*,*,#7869,.F.);
#7930=ORIENTED_EDGE('',*,*,#7883,.F.);
#7931=ORIENTED_EDGE('',*,*,#7897,.F.);
#7932=ORIENTED_EDGE('',*,*,#7910,.F.);
#7933=EDGE_LOOP('',(#7921,#7922,#7923,#7924,#7925,#7926,#7927,#7928,#7929,#7930,
#7931,#7932));
#7934=FACE_OUTER_BOUND('',#7933,.F.);
#7936=ORIENTED_EDGE('',*,*,#7935,.T.);
#7938=ORIENTED_EDGE('',*,*,#7937,.T.);
#7939=EDGE_LOOP('',(#7936,#7938));
#7940=FACE_BOUND('',#7939,.F.);
#7941=ADVANCED_FACE('',(#7934,#7940),#7920,.T.);
#7942=CARTESIAN_POINT('',(8.255E0,3.89001E0,-6.35E0));
#7943=DIRECTION('',(0.E0,1.E0,0.E0));
#7944=DIRECTION('',(0.E0,0.E0,1.E0));
#7945=AXIS2_PLACEMENT_3D('',#7942,#7943,#7944);
#7946=CYLINDRICAL_SURFACE('',#7945,1.70434E0);
#7948=ORIENTED_EDGE('',*,*,#7947,.T.);
#7950=ORIENTED_EDGE('',*,*,#7949,.F.);
#7951=ORIENTED_EDGE('',*,*,#7935,.F.);
#7953=ORIENTED_EDGE('',*,*,#7952,.T.);
#7954=EDGE_LOOP('',(#7948,#7950,#7951,#7953));
#7955=FACE_OUTER_BOUND('',#7954,.F.);
#7956=ADVANCED_FACE('',(#7955),#7946,.T.);
#7957=CARTESIAN_POINT('',(2.1463E1,1.03632E1,0.E0));
#7958=DIRECTION('',(0.E0,1.E0,0.E0));
#7959=DIRECTION('',(1.E0,0.E0,0.E0));
#7960=AXIS2_PLACEMENT_3D('',#7957,#7958,#7959);
#7961=PLANE('',#7960);
#7963=ORIENTED_EDGE('',*,*,#7962,.T.);
#7965=ORIENTED_EDGE('',*,*,#7964,.T.);
#7967=ORIENTED_EDGE('',*,*,#7966,.T.);
#7969=ORIENTED_EDGE('',*,*,#7968,.T.);
#7970=EDGE_LOOP('',(#7963,#7965,#7967,#7969));
#7971=FACE_OUTER_BOUND('',#7970,.F.);
#7972=ORIENTED_EDGE('',*,*,#7947,.F.);
#7974=ORIENTED_EDGE('',*,*,#7973,.F.);
#7975=EDGE_LOOP('',(#7972,#7974));
#7976=FACE_BOUND('',#7975,.F.);
#7977=ADVANCED_FACE('',(#7971,#7976),#7961,.F.);
#7978=CARTESIAN_POINT('',(5.0419E0,1.21412E1,-9.5631E0));
#7979=DIRECTION('',(-1.E0,0.E0,0.E0));
#7980=DIRECTION('',(0.E0,0.E0,1.E0));
#7981=AXIS2_PLACEMENT_3D('',#7978,#7979,#7980);
#7982=PLANE('',#7981);
#7984=ORIENTED_EDGE('',*,*,#7983,.T.);
#7986=ORIENTED_EDGE('',*,*,#7985,.T.);
#7988=ORIENTED_EDGE('',*,*,#7987,.T.);
#7989=ORIENTED_EDGE('',*,*,#7962,.F.);
#7991=ORIENTED_EDGE('',*,*,#7990,.F.);
#7993=ORIENTED_EDGE('',*,*,#7992,.T.);
#7994=EDGE_LOOP('',(#7984,#7986,#7988,#7989,#7991,#7993));
#7995=FACE_OUTER_BOUND('',#7994,.F.);
#7996=ADVANCED_FACE('',(#7995),#7982,.T.);
#7997=CARTESIAN_POINT('',(8.255E0,1.21412E1,-6.35E0));
#7998=DIRECTION('',(0.E0,1.E0,0.E0));
#7999=DIRECTION('',(0.E0,0.E0,1.E0));
#8000=AXIS2_PLACEMENT_3D('',#7997,#7998,#7999);
#8001=PLANE('',#8000);
#8002=ORIENTED_EDGE('',*,*,#7983,.F.);
#8004=ORIENTED_EDGE('',*,*,#8003,.F.);
#8005=EDGE_LOOP('',(#8002,#8004));
#8006=FACE_OUTER_BOUND('',#8005,.F.);
#8007=ADVANCED_FACE('',(#8006),#8001,.F.);
#8008=CARTESIAN_POINT('',(8.255E0,1.21412E1,-6.35E0));
#8009=DIRECTION('',(0.E0,1.E0,0.E0));
#8010=DIRECTION('',(0.E0,0.E0,1.E0));
#8011=AXIS2_PLACEMENT_3D('',#8008,#8009,#8010);
#8012=PLANE('',#8011);
#8014=ORIENTED_EDGE('',*,*,#8013,.F.);
#8016=ORIENTED_EDGE('',*,*,#8015,.F.);
#8018=ORIENTED_EDGE('',*,*,#8017,.T.);
#8019=EDGE_LOOP('',(#8014,#8016,#8018));
#8020=FACE_OUTER_BOUND('',#8019,.F.);
#8021=ADVANCED_FACE('',(#8020),#8012,.F.);
#8022=CARTESIAN_POINT('',(8.255E0,1.21412E1,-6.35E0));
#8023=DIRECTION('',(0.E0,1.E0,0.E0));
#8024=DIRECTION('',(0.E0,0.E0,1.E0));
#8025=AXIS2_PLACEMENT_3D('',#8022,#8023,#8024);
#8026=PLANE('',#8025);
#8028=ORIENTED_EDGE('',*,*,#8027,.F.);
#8030=ORIENTED_EDGE('',*,*,#8029,.T.);
#8031=EDGE_LOOP('',(#8028,#8030));
#8032=FACE_OUTER_BOUND('',#8031,.F.);
#8033=ADVANCED_FACE('',(#8032),#8026,.F.);
#8034=CARTESIAN_POINT('',(8.255E0,1.21412E1,-6.35E0));
#8035=DIRECTION('',(0.E0,1.E0,0.E0));
#8036=DIRECTION('',(0.E0,0.E0,1.E0));
#8037=AXIS2_PLACEMENT_3D('',#8034,#8035,#8036);
#8038=PLANE('',#8037);
#8040=ORIENTED_EDGE('',*,*,#8039,.F.);
#8042=ORIENTED_EDGE('',*,*,#8041,.T.);
#8044=ORIENTED_EDGE('',*,*,#8043,.F.);
#8045=EDGE_LOOP('',(#8040,#8042,#8044));
#8046=FACE_OUTER_BOUND('',#8045,.F.);
#8047=ADVANCED_FACE('',(#8046),#8038,.F.);
#8048=CARTESIAN_POINT('',(8.255E0,3.89001E0,-6.35E0));
#8049=DIRECTION('',(0.E0,1.E0,0.E0));
#8050=DIRECTION('',(0.E0,0.E0,1.E0));
#8051=AXIS2_PLACEMENT_3D('',#8048,#8049,#8050);
#8052=CYLINDRICAL_SURFACE('',#8051,3.3401E0);
#8054=ORIENTED_EDGE('',*,*,#8053,.F.);
#8055=ORIENTED_EDGE('',*,*,#8043,.T.);
#8057=ORIENTED_EDGE('',*,*,#8056,.T.);
#8059=ORIENTED_EDGE('',*,*,#8058,.F.);
#8061=ORIENTED_EDGE('',*,*,#8060,.F.);
#8062=ORIENTED_EDGE('',*,*,#8015,.T.);
#8064=ORIENTED_EDGE('',*,*,#8063,.F.);
#8065=ORIENTED_EDGE('',*,*,#8003,.T.);
#8066=EDGE_LOOP('',(#8054,#8055,#8057,#8059,#8061,#8062,#8064,#8065));
#8067=FACE_OUTER_BOUND('',#8066,.F.);
#8068=ADVANCED_FACE('',(#8067),#8052,.T.);
#8069=CARTESIAN_POINT('',(8.255E0,1.21412E1,-6.35E0));
#8070=DIRECTION('',(0.E0,1.E0,0.E0));
#8071=DIRECTION('',(0.E0,0.E0,1.E0));
#8072=AXIS2_PLACEMENT_3D('',#8069,#8070,#8071);
#8073=PLANE('',#8072);
#8075=ORIENTED_EDGE('',*,*,#8074,.T.);
#8077=ORIENTED_EDGE('',*,*,#8076,.F.);
#8079=ORIENTED_EDGE('',*,*,#8078,.F.);
#8080=EDGE_LOOP('',(#8075,#8077,#8079));
#8081=FACE_OUTER_BOUND('',#8080,.F.);
#8082=ADVANCED_FACE('',(#8081),#8073,.T.);
#8083=CARTESIAN_POINT('',(8.255E0,1.21412E1,-6.35E0));
#8084=DIRECTION('',(0.E0,1.E0,0.E0));
#8085=DIRECTION('',(0.E0,0.E0,1.E0));
#8086=AXIS2_PLACEMENT_3D('',#8083,#8084,#8085);
#8087=PLANE('',#8086);
#8089=ORIENTED_EDGE('',*,*,#8088,.T.);
#8091=ORIENTED_EDGE('',*,*,#8090,.F.);
#8093=ORIENTED_EDGE('',*,*,#8092,.F.);
#8094=EDGE_LOOP('',(#8089,#8091,#8093));
#8095=FACE_OUTER_BOUND('',#8094,.F.);
#8096=ADVANCED_FACE('',(#8095),#8087,.T.);
#8097=CARTESIAN_POINT('',(8.255E0,1.21412E1,-6.35E0));
#8098=DIRECTION('',(0.E0,1.E0,0.E0));
#8099=DIRECTION('',(0.E0,0.E0,1.E0));
#8100=AXIS2_PLACEMENT_3D('',#8097,#8098,#8099);
#8101=PLANE('',#8100);
#8102=ORIENTED_EDGE('',*,*,#8053,.T.);
#8103=ORIENTED_EDGE('',*,*,#7992,.F.);
#8105=ORIENTED_EDGE('',*,*,#8104,.F.);
#8106=EDGE_LOOP('',(#8102,#8103,#8105));
#8107=FACE_OUTER_BOUND('',#8106,.F.);
#8108=ADVANCED_FACE('',(#8107),#8101,.T.);
#8109=CARTESIAN_POINT('',(8.255E0,1.21412E1,-6.35E0));
#8110=DIRECTION('',(0.E0,1.E0,0.E0));
#8111=DIRECTION('',(0.E0,0.E0,1.E0));
#8112=AXIS2_PLACEMENT_3D('',#8109,#8110,#8111);
#8113=PLANE('',#8112);
#8114=ORIENTED_EDGE('',*,*,#8063,.T.);
#8116=ORIENTED_EDGE('',*,*,#8115,.F.);
#8117=ORIENTED_EDGE('',*,*,#7985,.F.);
#8118=EDGE_LOOP('',(#8114,#8116,#8117));
#8119=FACE_OUTER_BOUND('',#8118,.F.);
#8120=ADVANCED_FACE('',(#8119),#8113,.T.);
#8121=CARTESIAN_POINT('',(8.255E0,3.89001E0,-6.35E0));
#8122=DIRECTION('',(0.E0,1.E0,0.E0));
#8123=DIRECTION('',(0.E0,0.E0,1.E0));
#8124=AXIS2_PLACEMENT_3D('',#8121,#8122,#8123);
#8125=CYLINDRICAL_SURFACE('',#8124,3.3401E0);
#8126=ORIENTED_EDGE('',*,*,#8074,.F.);
#8127=ORIENTED_EDGE('',*,*,#8017,.F.);
#8128=ORIENTED_EDGE('',*,*,#8060,.T.);
#8130=ORIENTED_EDGE('',*,*,#8129,.T.);
#8131=ORIENTED_EDGE('',*,*,#8056,.F.);
#8132=ORIENTED_EDGE('',*,*,#8041,.F.);
#8133=ORIENTED_EDGE('',*,*,#8088,.F.);
#8134=ORIENTED_EDGE('',*,*,#8029,.F.);
#8135=EDGE_LOOP('',(#8126,#8127,#8128,#8130,#8131,#8132,#8133,#8134));
#8136=FACE_OUTER_BOUND('',#8135,.F.);
#8137=ADVANCED_FACE('',(#8136),#8125,.T.);
#8138=CARTESIAN_POINT('',(8.255E0,7.208738281250E0,-6.35E0));
#8139=DIRECTION('',(0.E0,1.E0,0.E0));
#8140=DIRECTION('',(0.E0,0.E0,1.E0));
#8141=AXIS2_PLACEMENT_3D('',#8138,#8139,#8140);
#8142=SPHERICAL_SURFACE('',#8141,7.269261718750E0);
#8144=ORIENTED_EDGE('',*,*,#8143,.T.);
#8146=ORIENTED_EDGE('',*,*,#8145,.F.);
#8147=ORIENTED_EDGE('',*,*,#8129,.F.);
#8148=EDGE_LOOP('',(#8144,#8146,#8147));
#8149=FACE_OUTER_BOUND('',#8148,.F.);
#8150=ADVANCED_FACE('',(#8149),#8142,.T.);
#8151=CARTESIAN_POINT('',(8.255E0,7.208738281250E0,-6.35E0));
#8152=DIRECTION('',(0.E0,1.E0,0.E0));
#8153=DIRECTION('',(0.E0,0.E0,1.E0));
#8154=AXIS2_PLACEMENT_3D('',#8151,#8152,#8153);
#8155=SPHERICAL_SURFACE('',#8154,7.269261718750E0);
#8156=ORIENTED_EDGE('',*,*,#8143,.F.);
#8157=ORIENTED_EDGE('',*,*,#8058,.T.);
#8158=ORIENTED_EDGE('',*,*,#8145,.T.);
#8159=EDGE_LOOP('',(#8156,#8157,#8158));
#8160=FACE_OUTER_BOUND('',#8159,.F.);
#8161=ADVANCED_FACE('',(#8160),#8155,.T.);
#8162=CARTESIAN_POINT('',(1.14681E1,1.21412E1,-3.1369E0));
#8163=DIRECTION('',(1.E0,0.E0,0.E0));
#8164=DIRECTION('',(0.E0,0.E0,-1.E0));
#8165=AXIS2_PLACEMENT_3D('',#8162,#8163,#8164);
#8166=PLANE('',#8165);
#8167=ORIENTED_EDGE('',*,*,#8027,.T.);
#8168=ORIENTED_EDGE('',*,*,#8092,.T.);
#8170=ORIENTED_EDGE('',*,*,#8169,.T.);
#8171=ORIENTED_EDGE('',*,*,#7966,.F.);
#8173=ORIENTED_EDGE('',*,*,#8172,.F.);
#8174=ORIENTED_EDGE('',*,*,#8076,.T.);
#8175=EDGE_LOOP('',(#8167,#8168,#8170,#8171,#8173,#8174));
#8176=FACE_OUTER_BOUND('',#8175,.F.);
#8177=ADVANCED_FACE('',(#8176),#8166,.T.);
#8178=CARTESIAN_POINT('',(1.14681E1,1.21412E1,-9.5631E0));
#8179=DIRECTION('',(0.E0,0.E0,-1.E0));
#8180=DIRECTION('',(-1.E0,0.E0,0.E0));
#8181=AXIS2_PLACEMENT_3D('',#8178,#8179,#8180);
#8182=PLANE('',#8181);
#8183=ORIENTED_EDGE('',*,*,#8039,.T.);
#8184=ORIENTED_EDGE('',*,*,#8104,.T.);
#8185=ORIENTED_EDGE('',*,*,#7990,.T.);
#8186=ORIENTED_EDGE('',*,*,#7968,.F.);
#8187=ORIENTED_EDGE('',*,*,#8169,.F.);
#8188=ORIENTED_EDGE('',*,*,#8090,.T.);
#8189=EDGE_LOOP('',(#8183,#8184,#8185,#8186,#8187,#8188));
#8190=FACE_OUTER_BOUND('',#8189,.F.);
#8191=ADVANCED_FACE('',(#8190),#8182,.T.);
#8192=CARTESIAN_POINT('',(5.0419E0,1.21412E1,-3.1369E0));
#8193=DIRECTION('',(0.E0,0.E0,1.E0));
#8194=DIRECTION('',(1.E0,0.E0,0.E0));
#8195=AXIS2_PLACEMENT_3D('',#8192,#8193,#8194);
#8196=PLANE('',#8195);
#8197=ORIENTED_EDGE('',*,*,#8013,.T.);
#8198=ORIENTED_EDGE('',*,*,#8078,.T.);
#8199=ORIENTED_EDGE('',*,*,#8172,.T.);
#8200=ORIENTED_EDGE('',*,*,#7964,.F.);
#8201=ORIENTED_EDGE('',*,*,#7987,.F.);
#8202=ORIENTED_EDGE('',*,*,#8115,.T.);
#8203=EDGE_LOOP('',(#8197,#8198,#8199,#8200,#8201,#8202));
#8204=FACE_OUTER_BOUND('',#8203,.F.);
#8205=ADVANCED_FACE('',(#8204),#8196,.T.);
#8206=CARTESIAN_POINT('',(8.255E0,3.89001E0,-6.35E0));
#8207=DIRECTION('',(0.E0,1.E0,0.E0));
#8208=DIRECTION('',(0.E0,0.E0,1.E0));
#8209=AXIS2_PLACEMENT_3D('',#8206,#8207,#8208);
#8210=CYLINDRICAL_SURFACE('',#8209,1.70434E0);
#8211=ORIENTED_EDGE('',*,*,#7973,.T.);
#8212=ORIENTED_EDGE('',*,*,#7952,.F.);
#8213=ORIENTED_EDGE('',*,*,#7937,.F.);
#8214=ORIENTED_EDGE('',*,*,#7949,.T.);
#8215=EDGE_LOOP('',(#8211,#8212,#8213,#8214));
#8216=FACE_OUTER_BOUND('',#8215,.F.);
#8217=ADVANCED_FACE('',(#8216),#8210,.T.);
#8218=CARTESIAN_POINT('',(1.31445E1,1.3462E1,-4.51485E0));
#8219=DIRECTION('',(-7.071067811865E-1,0.E0,7.071067811865E-1));
#8220=DIRECTION('',(-7.071067811865E-1,0.E0,-7.071067811865E-1));
#8221=AXIS2_PLACEMENT_3D('',#8218,#8219,#8220);
#8222=PLANE('',#8221);
#8223=ORIENTED_EDGE('',*,*,#5050,.T.);
#8225=ORIENTED_EDGE('',*,*,#8224,.T.);
#8227=ORIENTED_EDGE('',*,*,#8226,.F.);
#8229=ORIENTED_EDGE('',*,*,#8228,.F.);
#8230=EDGE_LOOP('',(#8223,#8225,#8227,#8229));
#8231=FACE_OUTER_BOUND('',#8230,.F.);
#8232=ADVANCED_FACE('',(#8231),#8222,.F.);
#8233=CARTESIAN_POINT('',(1.28397E1,1.3462E1,-4.81965E0));
#8234=DIRECTION('',(-1.E0,0.E0,0.E0));
#8235=DIRECTION('',(0.E0,0.E0,-1.E0));
#8236=AXIS2_PLACEMENT_3D('',#8233,#8234,#8235);
#8237=PLANE('',#8236);
#8238=ORIENTED_EDGE('',*,*,#5070,.T.);
#8240=ORIENTED_EDGE('',*,*,#8239,.T.);
#8242=ORIENTED_EDGE('',*,*,#8241,.F.);
#8243=ORIENTED_EDGE('',*,*,#8224,.F.);
#8244=EDGE_LOOP('',(#8238,#8240,#8242,#8243));
#8245=FACE_OUTER_BOUND('',#8244,.F.);
#8246=ADVANCED_FACE('',(#8245),#8237,.F.);
#8247=CARTESIAN_POINT('',(1.28397E1,1.3462E1,-7.88035E0));
#8248=DIRECTION('',(-7.071067811865E-1,0.E0,-7.071067811865E-1));
#8249=DIRECTION('',(7.071067811865E-1,0.E0,-7.071067811865E-1));
#8250=AXIS2_PLACEMENT_3D('',#8247,#8248,#8249);
#8251=PLANE('',#8250);
#8252=ORIENTED_EDGE('',*,*,#5068,.T.);
#8254=ORIENTED_EDGE('',*,*,#8253,.T.);
#8256=ORIENTED_EDGE('',*,*,#8255,.F.);
#8257=ORIENTED_EDGE('',*,*,#8239,.F.);
#8258=EDGE_LOOP('',(#8252,#8254,#8256,#8257));
#8259=FACE_OUTER_BOUND('',#8258,.F.);
#8260=ADVANCED_FACE('',(#8259),#8251,.F.);
#8261=CARTESIAN_POINT('',(1.31445E1,1.3462E1,-1.6002E0));
#8262=DIRECTION('',(-1.E0,0.E0,0.E0));
#8263=DIRECTION('',(0.E0,0.E0,1.E0));
#8264=AXIS2_PLACEMENT_3D('',#8261,#8262,#8263);
#8265=PLANE('',#8264);
#8266=ORIENTED_EDGE('',*,*,#8228,.T.);
#8268=ORIENTED_EDGE('',*,*,#8267,.F.);
#8270=ORIENTED_EDGE('',*,*,#8269,.F.);
#8271=ORIENTED_EDGE('',*,*,#4364,.F.);
#8272=ORIENTED_EDGE('',*,*,#4458,.T.);
#8273=ORIENTED_EDGE('',*,*,#5052,.T.);
#8274=EDGE_LOOP('',(#8266,#8268,#8270,#8271,#8272,#8273));
#8275=FACE_OUTER_BOUND('',#8274,.F.);
#8276=ADVANCED_FACE('',(#8275),#8265,.F.);
#8277=CARTESIAN_POINT('',(1.31445E1,1.3462E1,-1.6002E0));
#8278=DIRECTION('',(-1.E0,0.E0,0.E0));
#8279=DIRECTION('',(0.E0,0.E0,1.E0));
#8280=AXIS2_PLACEMENT_3D('',#8277,#8278,#8279);
#8281=PLANE('',#8280);
#8282=ORIENTED_EDGE('',*,*,#8253,.F.);
#8283=ORIENTED_EDGE('',*,*,#5066,.T.);
#8284=ORIENTED_EDGE('',*,*,#4924,.T.);
#8285=ORIENTED_EDGE('',*,*,#4832,.T.);
#8287=ORIENTED_EDGE('',*,*,#8286,.F.);
#8289=ORIENTED_EDGE('',*,*,#8288,.F.);
#8290=EDGE_LOOP('',(#8282,#8283,#8284,#8285,#8287,#8289));
#8291=FACE_OUTER_BOUND('',#8290,.F.);
#8292=ADVANCED_FACE('',(#8291),#8281,.F.);
#8293=CARTESIAN_POINT('',(1.98755E1,7.493E0,-8.186660598201E-1));
#8294=DIRECTION('',(0.E0,-1.E0,0.E0));
#8295=DIRECTION('',(0.E0,0.E0,-1.E0));
#8296=AXIS2_PLACEMENT_3D('',#8293,#8294,#8295);
#8297=PLANE('',#8296);
#8299=ORIENTED_EDGE('',*,*,#8298,.F.);
#8301=ORIENTED_EDGE('',*,*,#8300,.T.);
#8303=ORIENTED_EDGE('',*,*,#8302,.T.);
#8305=ORIENTED_EDGE('',*,*,#8304,.T.);
#8307=ORIENTED_EDGE('',*,*,#8306,.F.);
#8309=ORIENTED_EDGE('',*,*,#8308,.T.);
#8310=ORIENTED_EDGE('',*,*,#8267,.T.);
#8311=ORIENTED_EDGE('',*,*,#8226,.T.);
#8312=ORIENTED_EDGE('',*,*,#8241,.T.);
#8313=ORIENTED_EDGE('',*,*,#8255,.T.);
#8314=ORIENTED_EDGE('',*,*,#8288,.T.);
#8316=ORIENTED_EDGE('',*,*,#8315,.F.);
#8317=EDGE_LOOP('',(#8299,#8301,#8303,#8305,#8307,#8309,#8310,#8311,#8312,#8313,
#8314,#8316));
#8318=FACE_OUTER_BOUND('',#8317,.F.);
#8320=ORIENTED_EDGE('',*,*,#8319,.T.);
#8322=ORIENTED_EDGE('',*,*,#8321,.T.);
#8324=ORIENTED_EDGE('',*,*,#8323,.T.);
#8326=ORIENTED_EDGE('',*,*,#8325,.T.);
#8328=ORIENTED_EDGE('',*,*,#8327,.T.);
#8330=ORIENTED_EDGE('',*,*,#8329,.T.);
#8332=ORIENTED_EDGE('',*,*,#8331,.T.);
#8334=ORIENTED_EDGE('',*,*,#8333,.T.);
#8336=ORIENTED_EDGE('',*,*,#8335,.T.);
#8338=ORIENTED_EDGE('',*,*,#8337,.T.);
#8340=ORIENTED_EDGE('',*,*,#8339,.T.);
#8342=ORIENTED_EDGE('',*,*,#8341,.T.);
#8343=EDGE_LOOP('',(#8320,#8322,#8324,#8326,#8328,#8330,#8332,#8334,#8336,#8338,
#8340,#8342));
#8344=FACE_BOUND('',#8343,.F.);
#8345=ADVANCED_FACE('',(#8318,#8344),#8297,.F.);
#8346=CARTESIAN_POINT('',(1.98755E1,8.255E-1,0.E0));
#8347=DIRECTION('',(1.E0,0.E0,0.E0));
#8348=DIRECTION('',(0.E0,0.E0,-1.E0));
#8349=AXIS2_PLACEMENT_3D('',#8346,#8347,#8348);
#8350=PLANE('',#8349);
#8352=ORIENTED_EDGE('',*,*,#8351,.T.);
#8353=ORIENTED_EDGE('',*,*,#8298,.T.);
#8355=ORIENTED_EDGE('',*,*,#8354,.T.);
#8356=ORIENTED_EDGE('',*,*,#4817,.F.);
#8357=ORIENTED_EDGE('',*,*,#4910,.F.);
#8358=ORIENTED_EDGE('',*,*,#5082,.F.);
#8359=EDGE_LOOP('',(#8352,#8353,#8355,#8356,#8357,#8358));
#8360=FACE_OUTER_BOUND('',#8359,.F.);
#8361=ADVANCED_FACE('',(#8360),#8350,.F.);
#8362=CARTESIAN_POINT('',(1.98755E1,8.255E-1,0.E0));
#8363=DIRECTION('',(1.E0,0.E0,0.E0));
#8364=DIRECTION('',(0.E0,0.E0,-1.E0));
#8365=AXIS2_PLACEMENT_3D('',#8362,#8363,#8364);
#8366=PLANE('',#8365);
#8368=ORIENTED_EDGE('',*,*,#8367,.F.);
#8369=ORIENTED_EDGE('',*,*,#5087,.F.);
#8370=ORIENTED_EDGE('',*,*,#4444,.F.);
#8371=ORIENTED_EDGE('',*,*,#4347,.T.);
#8373=ORIENTED_EDGE('',*,*,#8372,.T.);
#8374=ORIENTED_EDGE('',*,*,#8306,.T.);
#8375=EDGE_LOOP('',(#8368,#8369,#8370,#8371,#8373,#8374));
#8376=FACE_OUTER_BOUND('',#8375,.F.);
#8377=ADVANCED_FACE('',(#8376),#8366,.F.);
#8378=CARTESIAN_POINT('',(1.98755E1,1.3462E1,-8.18515E0));
#8379=DIRECTION('',(7.071067811865E-1,0.E0,-7.071067811865E-1));
#8380=DIRECTION('',(7.071067811865E-1,0.E0,7.071067811865E-1));
#8381=AXIS2_PLACEMENT_3D('',#8378,#8379,#8380);
#8382=PLANE('',#8381);
#8383=ORIENTED_EDGE('',*,*,#5080,.T.);
#8385=ORIENTED_EDGE('',*,*,#8384,.T.);
#8386=ORIENTED_EDGE('',*,*,#8300,.F.);
#8387=ORIENTED_EDGE('',*,*,#8351,.F.);
#8388=EDGE_LOOP('',(#8383,#8385,#8386,#8387));
#8389=FACE_OUTER_BOUND('',#8388,.F.);
#8390=ADVANCED_FACE('',(#8389),#8382,.F.);
#8391=CARTESIAN_POINT('',(2.01803E1,1.3462E1,-7.88035E0));
#8392=DIRECTION('',(1.E0,0.E0,0.E0));
#8393=DIRECTION('',(0.E0,0.E0,1.E0));
#8394=AXIS2_PLACEMENT_3D('',#8391,#8392,#8393);
#8395=PLANE('',#8394);
#8396=ORIENTED_EDGE('',*,*,#5091,.T.);
#8398=ORIENTED_EDGE('',*,*,#8397,.T.);
#8399=ORIENTED_EDGE('',*,*,#8302,.F.);
#8400=ORIENTED_EDGE('',*,*,#8384,.F.);
#8401=EDGE_LOOP('',(#8396,#8398,#8399,#8400));
#8402=FACE_OUTER_BOUND('',#8401,.F.);
#8403=ADVANCED_FACE('',(#8402),#8395,.F.);
#8404=CARTESIAN_POINT('',(2.01803E1,1.3462E1,-4.81965E0));
#8405=DIRECTION('',(7.071067811865E-1,0.E0,7.071067811865E-1));
#8406=DIRECTION('',(-7.071067811865E-1,0.E0,7.071067811865E-1));
#8407=AXIS2_PLACEMENT_3D('',#8404,#8405,#8406);
#8408=PLANE('',#8407);
#8409=ORIENTED_EDGE('',*,*,#5089,.T.);
#8410=ORIENTED_EDGE('',*,*,#8367,.T.);
#8411=ORIENTED_EDGE('',*,*,#8304,.F.);
#8412=ORIENTED_EDGE('',*,*,#8397,.F.);
#8413=EDGE_LOOP('',(#8409,#8410,#8411,#8412));
#8414=FACE_OUTER_BOUND('',#8413,.F.);
#8415=ADVANCED_FACE('',(#8414),#8408,.F.);
#8416=CARTESIAN_POINT('',(1.98755E1,7.493E0,-1.188133394018E1));
#8417=DIRECTION('',(0.E0,-1.218693434051E-1,9.925461516413E-1));
#8418=DIRECTION('',(0.E0,-9.925461516413E-1,-1.218693434051E-1));
#8419=AXIS2_PLACEMENT_3D('',#8416,#8417,#8418);
#8420=PLANE('',#8419);
#8421=ORIENTED_EDGE('',*,*,#4704,.T.);
#8422=ORIENTED_EDGE('',*,*,#8354,.F.);
#8423=ORIENTED_EDGE('',*,*,#8315,.T.);
#8424=ORIENTED_EDGE('',*,*,#8286,.T.);
#8425=EDGE_LOOP('',(#8421,#8422,#8423,#8424));
#8426=FACE_OUTER_BOUND('',#8425,.F.);
#8427=ADVANCED_FACE('',(#8426),#8420,.F.);
#8428=CARTESIAN_POINT('',(1.98755E1,8.255E-1,0.E0));
#8429=DIRECTION('',(0.E0,-1.218693434051E-1,-9.925461516413E-1));
#8430=DIRECTION('',(0.E0,9.925461516413E-1,-1.218693434051E-1));
#8431=AXIS2_PLACEMENT_3D('',#8428,#8429,#8430);
#8432=PLANE('',#8431);
#8433=ORIENTED_EDGE('',*,*,#4708,.F.);
#8434=ORIENTED_EDGE('',*,*,#8269,.T.);
#8435=ORIENTED_EDGE('',*,*,#8308,.F.);
#8436=ORIENTED_EDGE('',*,*,#8372,.F.);
#8437=EDGE_LOOP('',(#8433,#8434,#8435,#8436));
#8438=FACE_OUTER_BOUND('',#8437,.F.);
#8439=ADVANCED_FACE('',(#8438),#8432,.F.);
#8440=CARTESIAN_POINT('',(1.3335E1,7.493E0,-8.9154E0));
#8441=DIRECTION('',(-1.E0,0.E0,0.E0));
#8442=DIRECTION('',(0.E0,0.E0,1.E0));
#8443=AXIS2_PLACEMENT_3D('',#8440,#8441,#8442);
#8444=PLANE('',#8443);
#8445=ORIENTED_EDGE('',*,*,#8319,.F.);
#8447=ORIENTED_EDGE('',*,*,#8446,.T.);
#8449=ORIENTED_EDGE('',*,*,#8448,.T.);
#8451=ORIENTED_EDGE('',*,*,#8450,.F.);
#8452=EDGE_LOOP('',(#8445,#8447,#8449,#8451));
#8453=FACE_OUTER_BOUND('',#8452,.F.);
#8454=ADVANCED_FACE('',(#8453),#8444,.T.);
#8455=CARTESIAN_POINT('',(1.41351E1,7.493E0,-8.9154E0));
#8456=DIRECTION('',(0.E0,0.E0,-1.E0));
#8457=DIRECTION('',(-1.E0,0.E0,0.E0));
#8458=AXIS2_PLACEMENT_3D('',#8455,#8456,#8457);
#8459=PLANE('',#8458);
#8460=ORIENTED_EDGE('',*,*,#8341,.F.);
#8462=ORIENTED_EDGE('',*,*,#8461,.T.);
#8464=ORIENTED_EDGE('',*,*,#8463,.T.);
#8465=ORIENTED_EDGE('',*,*,#8446,.F.);
#8466=EDGE_LOOP('',(#8460,#8462,#8464,#8465));
#8467=FACE_OUTER_BOUND('',#8466,.F.);
#8468=ADVANCED_FACE('',(#8467),#8459,.T.);
#8469=CARTESIAN_POINT('',(1.41351E1,7.493E0,-1.0668E1));
#8470=DIRECTION('',(-1.E0,0.E0,0.E0));
#8471=DIRECTION('',(0.E0,0.E0,1.E0));
#8472=AXIS2_PLACEMENT_3D('',#8469,#8470,#8471);
#8473=PLANE('',#8472);
#8474=ORIENTED_EDGE('',*,*,#8339,.F.);
#8476=ORIENTED_EDGE('',*,*,#8475,.T.);
#8478=ORIENTED_EDGE('',*,*,#8477,.T.);
#8479=ORIENTED_EDGE('',*,*,#8461,.F.);
#8480=EDGE_LOOP('',(#8474,#8476,#8478,#8479));
#8481=FACE_OUTER_BOUND('',#8480,.F.);
#8482=ADVANCED_FACE('',(#8481),#8473,.T.);
#8483=CARTESIAN_POINT('',(1.88849E1,7.493E0,-1.0668E1));
#8484=DIRECTION('',(0.E0,0.E0,-1.E0));
#8485=DIRECTION('',(-1.E0,0.E0,0.E0));
#8486=AXIS2_PLACEMENT_3D('',#8483,#8484,#8485);
#8487=PLANE('',#8486);
#8488=ORIENTED_EDGE('',*,*,#8337,.F.);
#8490=ORIENTED_EDGE('',*,*,#8489,.T.);
#8492=ORIENTED_EDGE('',*,*,#8491,.T.);
#8493=ORIENTED_EDGE('',*,*,#8475,.F.);
#8494=EDGE_LOOP('',(#8488,#8490,#8492,#8493));
#8495=FACE_OUTER_BOUND('',#8494,.F.);
#8496=ADVANCED_FACE('',(#8495),#8487,.T.);
#8497=CARTESIAN_POINT('',(1.88849E1,7.493E0,-8.9154E0));
#8498=DIRECTION('',(1.E0,0.E0,0.E0));
#8499=DIRECTION('',(0.E0,0.E0,-1.E0));
#8500=AXIS2_PLACEMENT_3D('',#8497,#8498,#8499);
#8501=PLANE('',#8500);
#8502=ORIENTED_EDGE('',*,*,#8335,.F.);
#8504=ORIENTED_EDGE('',*,*,#8503,.T.);
#8506=ORIENTED_EDGE('',*,*,#8505,.T.);
#8507=ORIENTED_EDGE('',*,*,#8489,.F.);
#8508=EDGE_LOOP('',(#8502,#8504,#8506,#8507));
#8509=FACE_OUTER_BOUND('',#8508,.F.);
#8510=ADVANCED_FACE('',(#8509),#8501,.T.);
#8511=CARTESIAN_POINT('',(1.9685E1,7.493E0,-8.9154E0));
#8512=DIRECTION('',(0.E0,0.E0,-1.E0));
#8513=DIRECTION('',(-1.E0,0.E0,0.E0));
#8514=AXIS2_PLACEMENT_3D('',#8511,#8512,#8513);
#8515=PLANE('',#8514);
#8516=ORIENTED_EDGE('',*,*,#8333,.F.);
#8518=ORIENTED_EDGE('',*,*,#8517,.T.);
#8520=ORIENTED_EDGE('',*,*,#8519,.T.);
#8521=ORIENTED_EDGE('',*,*,#8503,.F.);
#8522=EDGE_LOOP('',(#8516,#8518,#8520,#8521));
#8523=FACE_OUTER_BOUND('',#8522,.F.);
#8524=ADVANCED_FACE('',(#8523),#8515,.T.);
#8525=CARTESIAN_POINT('',(1.9685E1,7.493E0,-3.7846E0));
#8526=DIRECTION('',(1.E0,0.E0,0.E0));
#8527=DIRECTION('',(0.E0,0.E0,-1.E0));
#8528=AXIS2_PLACEMENT_3D('',#8525,#8526,#8527);
#8529=PLANE('',#8528);
#8530=ORIENTED_EDGE('',*,*,#8331,.F.);
#8532=ORIENTED_EDGE('',*,*,#8531,.T.);
#8534=ORIENTED_EDGE('',*,*,#8533,.T.);
#8535=ORIENTED_EDGE('',*,*,#8517,.F.);
#8536=EDGE_LOOP('',(#8530,#8532,#8534,#8535));
#8537=FACE_OUTER_BOUND('',#8536,.F.);
#8538=ADVANCED_FACE('',(#8537),#8529,.T.);
#8539=CARTESIAN_POINT('',(1.88849E1,7.493E0,-3.7846E0));
#8540=DIRECTION('',(0.E0,0.E0,1.E0));
#8541=DIRECTION('',(1.E0,0.E0,0.E0));
#8542=AXIS2_PLACEMENT_3D('',#8539,#8540,#8541);
#8543=PLANE('',#8542);
#8544=ORIENTED_EDGE('',*,*,#8329,.F.);
#8546=ORIENTED_EDGE('',*,*,#8545,.T.);
#8548=ORIENTED_EDGE('',*,*,#8547,.T.);
#8549=ORIENTED_EDGE('',*,*,#8531,.F.);
#8550=EDGE_LOOP('',(#8544,#8546,#8548,#8549));
#8551=FACE_OUTER_BOUND('',#8550,.F.);
#8552=ADVANCED_FACE('',(#8551),#8543,.T.);
#8553=CARTESIAN_POINT('',(1.88849E1,7.493E0,-2.032E0));
#8554=DIRECTION('',(1.E0,0.E0,0.E0));
#8555=DIRECTION('',(0.E0,0.E0,-1.E0));
#8556=AXIS2_PLACEMENT_3D('',#8553,#8554,#8555);
#8557=PLANE('',#8556);
#8558=ORIENTED_EDGE('',*,*,#8327,.F.);
#8560=ORIENTED_EDGE('',*,*,#8559,.T.);
#8562=ORIENTED_EDGE('',*,*,#8561,.T.);
#8563=ORIENTED_EDGE('',*,*,#8545,.F.);
#8564=EDGE_LOOP('',(#8558,#8560,#8562,#8563));
#8565=FACE_OUTER_BOUND('',#8564,.F.);
#8566=ADVANCED_FACE('',(#8565),#8557,.T.);
#8567=CARTESIAN_POINT('',(1.41351E1,7.493E0,-2.032E0));
#8568=DIRECTION('',(0.E0,0.E0,1.E0));
#8569=DIRECTION('',(1.E0,0.E0,0.E0));
#8570=AXIS2_PLACEMENT_3D('',#8567,#8568,#8569);
#8571=PLANE('',#8570);
#8572=ORIENTED_EDGE('',*,*,#8325,.F.);
#8574=ORIENTED_EDGE('',*,*,#8573,.T.);
#8576=ORIENTED_EDGE('',*,*,#8575,.T.);
#8577=ORIENTED_EDGE('',*,*,#8559,.F.);
#8578=EDGE_LOOP('',(#8572,#8574,#8576,#8577));
#8579=FACE_OUTER_BOUND('',#8578,.F.);
#8580=ADVANCED_FACE('',(#8579),#8571,.T.);
#8581=CARTESIAN_POINT('',(1.41351E1,7.493E0,-3.7846E0));
#8582=DIRECTION('',(-1.E0,0.E0,0.E0));
#8583=DIRECTION('',(0.E0,0.E0,1.E0));
#8584=AXIS2_PLACEMENT_3D('',#8581,#8582,#8583);
#8585=PLANE('',#8584);
#8586=ORIENTED_EDGE('',*,*,#8323,.F.);
#8588=ORIENTED_EDGE('',*,*,#8587,.T.);
#8590=ORIENTED_EDGE('',*,*,#8589,.T.);
#8591=ORIENTED_EDGE('',*,*,#8573,.F.);
#8592=EDGE_LOOP('',(#8586,#8588,#8590,#8591));
#8593=FACE_OUTER_BOUND('',#8592,.F.);
#8594=ADVANCED_FACE('',(#8593),#8585,.T.);
#8595=CARTESIAN_POINT('',(1.3335E1,7.493E0,-3.7846E0));
#8596=DIRECTION('',(0.E0,0.E0,1.E0));
#8597=DIRECTION('',(1.E0,0.E0,0.E0));
#8598=AXIS2_PLACEMENT_3D('',#8595,#8596,#8597);
#8599=PLANE('',#8598);
#8600=ORIENTED_EDGE('',*,*,#8321,.F.);
#8601=ORIENTED_EDGE('',*,*,#8450,.T.);
#8603=ORIENTED_EDGE('',*,*,#8602,.T.);
#8604=ORIENTED_EDGE('',*,*,#8587,.F.);
#8605=EDGE_LOOP('',(#8600,#8601,#8603,#8604));
#8606=FACE_OUTER_BOUND('',#8605,.F.);
#8607=ADVANCED_FACE('',(#8606),#8599,.T.);
#8608=CARTESIAN_POINT('',(2.1463E1,8.3312E0,0.E0));
#8609=DIRECTION('',(0.E0,1.E0,0.E0));
#8610=DIRECTION('',(1.E0,0.E0,0.E0));
#8611=AXIS2_PLACEMENT_3D('',#8608,#8609,#8610);
#8612=PLANE('',#8611);
#8613=ORIENTED_EDGE('',*,*,#8448,.F.);
#8614=ORIENTED_EDGE('',*,*,#8463,.F.);
#8615=ORIENTED_EDGE('',*,*,#8477,.F.);
#8616=ORIENTED_EDGE('',*,*,#8491,.F.);
#8617=ORIENTED_EDGE('',*,*,#8505,.F.);
#8618=ORIENTED_EDGE('',*,*,#8519,.F.);
#8619=ORIENTED_EDGE('',*,*,#8533,.F.);
#8620=ORIENTED_EDGE('',*,*,#8547,.F.);
#8621=ORIENTED_EDGE('',*,*,#8561,.F.);
#8622=ORIENTED_EDGE('',*,*,#8575,.F.);
#8623=ORIENTED_EDGE('',*,*,#8589,.F.);
#8624=ORIENTED_EDGE('',*,*,#8602,.F.);
#8625=EDGE_LOOP('',(#8613,#8614,#8615,#8616,#8617,#8618,#8619,#8620,#8621,#8622,
#8623,#8624));
#8626=FACE_OUTER_BOUND('',#8625,.F.);
#8628=ORIENTED_EDGE('',*,*,#8627,.T.);
#8630=ORIENTED_EDGE('',*,*,#8629,.T.);
#8631=EDGE_LOOP('',(#8628,#8630));
#8632=FACE_BOUND('',#8631,.F.);
#8633=ADVANCED_FACE('',(#8626,#8632),#8612,.T.);
#8634=CARTESIAN_POINT('',(1.651E1,3.89001E0,-6.35E0));
#8635=DIRECTION('',(0.E0,1.E0,0.E0));
#8636=DIRECTION('',(0.E0,0.E0,1.E0));
#8637=AXIS2_PLACEMENT_3D('',#8634,#8635,#8636);
#8638=CYLINDRICAL_SURFACE('',#8637,1.70434E0);
#8640=ORIENTED_EDGE('',*,*,#8639,.T.);
#8642=ORIENTED_EDGE('',*,*,#8641,.F.);
#8643=ORIENTED_EDGE('',*,*,#8627,.F.);
#8645=ORIENTED_EDGE('',*,*,#8644,.T.);
#8646=EDGE_LOOP('',(#8640,#8642,#8643,#8645));
#8647=FACE_OUTER_BOUND('',#8646,.F.);
#8648=ADVANCED_FACE('',(#8647),#8638,.T.);
#8649=CARTESIAN_POINT('',(2.1463E1,1.03632E1,0.E0));
#8650=DIRECTION('',(0.E0,1.E0,0.E0));
#8651=DIRECTION('',(1.E0,0.E0,0.E0));
#8652=AXIS2_PLACEMENT_3D('',#8649,#8650,#8651);
#8653=PLANE('',#8652);
#8655=ORIENTED_EDGE('',*,*,#8654,.T.);
#8657=ORIENTED_EDGE('',*,*,#8656,.T.);
#8659=ORIENTED_EDGE('',*,*,#8658,.T.);
#8661=ORIENTED_EDGE('',*,*,#8660,.T.);
#8662=EDGE_LOOP('',(#8655,#8657,#8659,#8661));
#8663=FACE_OUTER_BOUND('',#8662,.F.);
#8664=ORIENTED_EDGE('',*,*,#8639,.F.);
#8666=ORIENTED_EDGE('',*,*,#8665,.F.);
#8667=EDGE_LOOP('',(#8664,#8666));
#8668=FACE_BOUND('',#8667,.F.);
#8669=ADVANCED_FACE('',(#8663,#8668),#8653,.F.);
#8670=CARTESIAN_POINT('',(1.32969E1,1.21412E1,-9.5631E0));
#8671=DIRECTION('',(-1.E0,0.E0,0.E0));
#8672=DIRECTION('',(0.E0,0.E0,1.E0));
#8673=AXIS2_PLACEMENT_3D('',#8670,#8671,#8672);
#8674=PLANE('',#8673);
#8676=ORIENTED_EDGE('',*,*,#8675,.T.);
#8678=ORIENTED_EDGE('',*,*,#8677,.T.);
#8680=ORIENTED_EDGE('',*,*,#8679,.T.);
#8681=ORIENTED_EDGE('',*,*,#8654,.F.);
#8683=ORIENTED_EDGE('',*,*,#8682,.F.);
#8685=ORIENTED_EDGE('',*,*,#8684,.T.);
#8686=EDGE_LOOP('',(#8676,#8678,#8680,#8681,#8683,#8685));
#8687=FACE_OUTER_BOUND('',#8686,.F.);
#8688=ADVANCED_FACE('',(#8687),#8674,.T.);
#8689=CARTESIAN_POINT('',(1.651E1,1.21412E1,-6.35E0));
#8690=DIRECTION('',(0.E0,1.E0,0.E0));
#8691=DIRECTION('',(0.E0,0.E0,1.E0));
#8692=AXIS2_PLACEMENT_3D('',#8689,#8690,#8691);
#8693=PLANE('',#8692);
#8694=ORIENTED_EDGE('',*,*,#8675,.F.);
#8696=ORIENTED_EDGE('',*,*,#8695,.F.);
#8697=EDGE_LOOP('',(#8694,#8696));
#8698=FACE_OUTER_BOUND('',#8697,.F.);
#8699=ADVANCED_FACE('',(#8698),#8693,.F.);
#8700=CARTESIAN_POINT('',(1.651E1,1.21412E1,-6.35E0));
#8701=DIRECTION('',(0.E0,1.E0,0.E0));
#8702=DIRECTION('',(0.E0,0.E0,1.E0));
#8703=AXIS2_PLACEMENT_3D('',#8700,#8701,#8702);
#8704=PLANE('',#8703);
#8706=ORIENTED_EDGE('',*,*,#8705,.F.);
#8708=ORIENTED_EDGE('',*,*,#8707,.F.);
#8710=ORIENTED_EDGE('',*,*,#8709,.T.);
#8711=EDGE_LOOP('',(#8706,#8708,#8710));
#8712=FACE_OUTER_BOUND('',#8711,.F.);
#8713=ADVANCED_FACE('',(#8712),#8704,.F.);
#8714=CARTESIAN_POINT('',(1.651E1,1.21412E1,-6.35E0));
#8715=DIRECTION('',(0.E0,1.E0,0.E0));
#8716=DIRECTION('',(0.E0,0.E0,1.E0));
#8717=AXIS2_PLACEMENT_3D('',#8714,#8715,#8716);
#8718=PLANE('',#8717);
#8720=ORIENTED_EDGE('',*,*,#8719,.F.);
#8722=ORIENTED_EDGE('',*,*,#8721,.T.);
#8723=EDGE_LOOP('',(#8720,#8722));
#8724=FACE_OUTER_BOUND('',#8723,.F.);
#8725=ADVANCED_FACE('',(#8724),#8718,.F.);
#8726=CARTESIAN_POINT('',(1.651E1,1.21412E1,-6.35E0));
#8727=DIRECTION('',(0.E0,1.E0,0.E0));
#8728=DIRECTION('',(0.E0,0.E0,1.E0));
#8729=AXIS2_PLACEMENT_3D('',#8726,#8727,#8728);
#8730=PLANE('',#8729);
#8732=ORIENTED_EDGE('',*,*,#8731,.F.);
#8734=ORIENTED_EDGE('',*,*,#8733,.T.);
#8736=ORIENTED_EDGE('',*,*,#8735,.F.);
#8737=EDGE_LOOP('',(#8732,#8734,#8736));
#8738=FACE_OUTER_BOUND('',#8737,.F.);
#8739=ADVANCED_FACE('',(#8738),#8730,.F.);
#8740=CARTESIAN_POINT('',(1.651E1,3.89001E0,-6.35E0));
#8741=DIRECTION('',(0.E0,1.E0,0.E0));
#8742=DIRECTION('',(0.E0,0.E0,1.E0));
#8743=AXIS2_PLACEMENT_3D('',#8740,#8741,#8742);
#8744=CYLINDRICAL_SURFACE('',#8743,3.3401E0);
#8746=ORIENTED_EDGE('',*,*,#8745,.F.);
#8747=ORIENTED_EDGE('',*,*,#8735,.T.);
#8749=ORIENTED_EDGE('',*,*,#8748,.T.);
#8751=ORIENTED_EDGE('',*,*,#8750,.F.);
#8753=ORIENTED_EDGE('',*,*,#8752,.F.);
#8754=ORIENTED_EDGE('',*,*,#8707,.T.);
#8756=ORIENTED_EDGE('',*,*,#8755,.F.);
#8757=ORIENTED_EDGE('',*,*,#8695,.T.);
#8758=EDGE_LOOP('',(#8746,#8747,#8749,#8751,#8753,#8754,#8756,#8757));
#8759=FACE_OUTER_BOUND('',#8758,.F.);
#8760=ADVANCED_FACE('',(#8759),#8744,.T.);
#8761=CARTESIAN_POINT('',(1.651E1,1.21412E1,-6.35E0));
#8762=DIRECTION('',(0.E0,1.E0,0.E0));
#8763=DIRECTION('',(0.E0,0.E0,1.E0));
#8764=AXIS2_PLACEMENT_3D('',#8761,#8762,#8763);
#8765=PLANE('',#8764);
#8767=ORIENTED_EDGE('',*,*,#8766,.T.);
#8769=ORIENTED_EDGE('',*,*,#8768,.F.);
#8771=ORIENTED_EDGE('',*,*,#8770,.F.);
#8772=EDGE_LOOP('',(#8767,#8769,#8771));
#8773=FACE_OUTER_BOUND('',#8772,.F.);
#8774=ADVANCED_FACE('',(#8773),#8765,.T.);
#8775=CARTESIAN_POINT('',(1.651E1,1.21412E1,-6.35E0));
#8776=DIRECTION('',(0.E0,1.E0,0.E0));
#8777=DIRECTION('',(0.E0,0.E0,1.E0));
#8778=AXIS2_PLACEMENT_3D('',#8775,#8776,#8777);
#8779=PLANE('',#8778);
#8781=ORIENTED_EDGE('',*,*,#8780,.T.);
#8783=ORIENTED_EDGE('',*,*,#8782,.F.);
#8785=ORIENTED_EDGE('',*,*,#8784,.F.);
#8786=EDGE_LOOP('',(#8781,#8783,#8785));
#8787=FACE_OUTER_BOUND('',#8786,.F.);
#8788=ADVANCED_FACE('',(#8787),#8779,.T.);
#8789=CARTESIAN_POINT('',(1.651E1,1.21412E1,-6.35E0));
#8790=DIRECTION('',(0.E0,1.E0,0.E0));
#8791=DIRECTION('',(0.E0,0.E0,1.E0));
#8792=AXIS2_PLACEMENT_3D('',#8789,#8790,#8791);
#8793=PLANE('',#8792);
#8794=ORIENTED_EDGE('',*,*,#8745,.T.);
#8795=ORIENTED_EDGE('',*,*,#8684,.F.);
#8797=ORIENTED_EDGE('',*,*,#8796,.F.);
#8798=EDGE_LOOP('',(#8794,#8795,#8797));
#8799=FACE_OUTER_BOUND('',#8798,.F.);
#8800=ADVANCED_FACE('',(#8799),#8793,.T.);
#8801=CARTESIAN_POINT('',(1.651E1,1.21412E1,-6.35E0));
#8802=DIRECTION('',(0.E0,1.E0,0.E0));
#8803=DIRECTION('',(0.E0,0.E0,1.E0));
#8804=AXIS2_PLACEMENT_3D('',#8801,#8802,#8803);
#8805=PLANE('',#8804);
#8806=ORIENTED_EDGE('',*,*,#8755,.T.);
#8808=ORIENTED_EDGE('',*,*,#8807,.F.);
#8809=ORIENTED_EDGE('',*,*,#8677,.F.);
#8810=EDGE_LOOP('',(#8806,#8808,#8809));
#8811=FACE_OUTER_BOUND('',#8810,.F.);
#8812=ADVANCED_FACE('',(#8811),#8805,.T.);
#8813=CARTESIAN_POINT('',(1.651E1,3.89001E0,-6.35E0));
#8814=DIRECTION('',(0.E0,1.E0,0.E0));
#8815=DIRECTION('',(0.E0,0.E0,1.E0));
#8816=AXIS2_PLACEMENT_3D('',#8813,#8814,#8815);
#8817=CYLINDRICAL_SURFACE('',#8816,3.3401E0);
#8818=ORIENTED_EDGE('',*,*,#8766,.F.);
#8819=ORIENTED_EDGE('',*,*,#8709,.F.);
#8820=ORIENTED_EDGE('',*,*,#8752,.T.);
#8822=ORIENTED_EDGE('',*,*,#8821,.T.);
#8823=ORIENTED_EDGE('',*,*,#8748,.F.);
#8824=ORIENTED_EDGE('',*,*,#8733,.F.);
#8825=ORIENTED_EDGE('',*,*,#8780,.F.);
#8826=ORIENTED_EDGE('',*,*,#8721,.F.);
#8827=EDGE_LOOP('',(#8818,#8819,#8820,#8822,#8823,#8824,#8825,#8826));
#8828=FACE_OUTER_BOUND('',#8827,.F.);
#8829=ADVANCED_FACE('',(#8828),#8817,.T.);
#8830=CARTESIAN_POINT('',(1.651E1,7.208738281250E0,-6.35E0));
#8831=DIRECTION('',(0.E0,1.E0,0.E0));
#8832=DIRECTION('',(0.E0,0.E0,1.E0));
#8833=AXIS2_PLACEMENT_3D('',#8830,#8831,#8832);
#8834=SPHERICAL_SURFACE('',#8833,7.269261718750E0);
#8836=ORIENTED_EDGE('',*,*,#8835,.T.);
#8838=ORIENTED_EDGE('',*,*,#8837,.F.);
#8839=ORIENTED_EDGE('',*,*,#8821,.F.);
#8840=EDGE_LOOP('',(#8836,#8838,#8839));
#8841=FACE_OUTER_BOUND('',#8840,.F.);
#8842=ADVANCED_FACE('',(#8841),#8834,.T.);
#8843=CARTESIAN_POINT('',(1.651E1,7.208738281250E0,-6.35E0));
#8844=DIRECTION('',(0.E0,1.E0,0.E0));
#8845=DIRECTION('',(0.E0,0.E0,1.E0));
#8846=AXIS2_PLACEMENT_3D('',#8843,#8844,#8845);
#8847=SPHERICAL_SURFACE('',#8846,7.269261718750E0);
#8848=ORIENTED_EDGE('',*,*,#8835,.F.);
#8849=ORIENTED_EDGE('',*,*,#8750,.T.);
#8850=ORIENTED_EDGE('',*,*,#8837,.T.);
#8851=EDGE_LOOP('',(#8848,#8849,#8850));
#8852=FACE_OUTER_BOUND('',#8851,.F.);
#8853=ADVANCED_FACE('',(#8852),#8847,.T.);
#8854=CARTESIAN_POINT('',(1.97231E1,1.21412E1,-3.1369E0));
#8855=DIRECTION('',(1.E0,0.E0,0.E0));
#8856=DIRECTION('',(0.E0,0.E0,-1.E0));
#8857=AXIS2_PLACEMENT_3D('',#8854,#8855,#8856);
#8858=PLANE('',#8857);
#8859=ORIENTED_EDGE('',*,*,#8719,.T.);
#8860=ORIENTED_EDGE('',*,*,#8784,.T.);
#8862=ORIENTED_EDGE('',*,*,#8861,.T.);
#8863=ORIENTED_EDGE('',*,*,#8658,.F.);
#8865=ORIENTED_EDGE('',*,*,#8864,.F.);
#8866=ORIENTED_EDGE('',*,*,#8768,.T.);
#8867=EDGE_LOOP('',(#8859,#8860,#8862,#8863,#8865,#8866));
#8868=FACE_OUTER_BOUND('',#8867,.F.);
#8869=ADVANCED_FACE('',(#8868),#8858,.T.);
#8870=CARTESIAN_POINT('',(1.97231E1,1.21412E1,-9.5631E0));
#8871=DIRECTION('',(0.E0,0.E0,-1.E0));
#8872=DIRECTION('',(-1.E0,0.E0,0.E0));
#8873=AXIS2_PLACEMENT_3D('',#8870,#8871,#8872);
#8874=PLANE('',#8873);
#8875=ORIENTED_EDGE('',*,*,#8731,.T.);
#8876=ORIENTED_EDGE('',*,*,#8796,.T.);
#8877=ORIENTED_EDGE('',*,*,#8682,.T.);
#8878=ORIENTED_EDGE('',*,*,#8660,.F.);
#8879=ORIENTED_EDGE('',*,*,#8861,.F.);
#8880=ORIENTED_EDGE('',*,*,#8782,.T.);
#8881=EDGE_LOOP('',(#8875,#8876,#8877,#8878,#8879,#8880));
#8882=FACE_OUTER_BOUND('',#8881,.F.);
#8883=ADVANCED_FACE('',(#8882),#8874,.T.);
#8884=CARTESIAN_POINT('',(1.32969E1,1.21412E1,-3.1369E0));
#8885=DIRECTION('',(0.E0,0.E0,1.E0));
#8886=DIRECTION('',(1.E0,0.E0,0.E0));
#8887=AXIS2_PLACEMENT_3D('',#8884,#8885,#8886);
#8888=PLANE('',#8887);
#8889=ORIENTED_EDGE('',*,*,#8705,.T.);
#8890=ORIENTED_EDGE('',*,*,#8770,.T.);
#8891=ORIENTED_EDGE('',*,*,#8864,.T.);
#8892=ORIENTED_EDGE('',*,*,#8656,.F.);
#8893=ORIENTED_EDGE('',*,*,#8679,.F.);
#8894=ORIENTED_EDGE('',*,*,#8807,.T.);
#8895=EDGE_LOOP('',(#8889,#8890,#8891,#8892,#8893,#8894));
#8896=FACE_OUTER_BOUND('',#8895,.F.);
#8897=ADVANCED_FACE('',(#8896),#8888,.T.);
#8898=CARTESIAN_POINT('',(1.651E1,3.89001E0,-6.35E0));
#8899=DIRECTION('',(0.E0,1.E0,0.E0));
#8900=DIRECTION('',(0.E0,0.E0,1.E0));
#8901=AXIS2_PLACEMENT_3D('',#8898,#8899,#8900);
#8902=CYLINDRICAL_SURFACE('',#8901,1.70434E0);
#8903=ORIENTED_EDGE('',*,*,#8665,.T.);
#8904=ORIENTED_EDGE('',*,*,#8644,.F.);
#8905=ORIENTED_EDGE('',*,*,#8629,.F.);
#8906=ORIENTED_EDGE('',*,*,#8641,.T.);
#8907=EDGE_LOOP('',(#8903,#8904,#8905,#8906));
#8908=FACE_OUTER_BOUND('',#8907,.F.);
#8909=ADVANCED_FACE('',(#8908),#8902,.T.);
#8910=CARTESIAN_POINT('',(-1.31445E1,1.3462E1,-1.6002E0));
#8911=DIRECTION('',(-1.E0,0.E0,0.E0));
#8912=DIRECTION('',(0.E0,0.E0,1.E0));
#8913=AXIS2_PLACEMENT_3D('',#8910,#8911,#8912);
#8914=PLANE('',#8913);
#8915=ORIENTED_EDGE('',*,*,#4295,.T.);
#8916=ORIENTED_EDGE('',*,*,#4509,.T.);
#8917=ORIENTED_EDGE('',*,*,#4764,.F.);
#8918=ORIENTED_EDGE('',*,*,#4593,.F.);
#8919=EDGE_LOOP('',(#8915,#8916,#8917,#8918));
#8920=FACE_OUTER_BOUND('',#8919,.F.);
#8921=ADVANCED_FACE('',(#8920),#8914,.T.);
#8922=CARTESIAN_POINT('',(1.31445E1,1.3462E1,-1.6002E0));
#8923=DIRECTION('',(-1.E0,0.E0,0.E0));
#8924=DIRECTION('',(0.E0,0.E0,1.E0));
#8925=AXIS2_PLACEMENT_3D('',#8922,#8923,#8924);
#8926=PLANE('',#8925);
#8927=ORIENTED_EDGE('',*,*,#4366,.T.);
#8928=ORIENTED_EDGE('',*,*,#4706,.T.);
#8929=ORIENTED_EDGE('',*,*,#4841,.F.);
#8930=ORIENTED_EDGE('',*,*,#4550,.T.);
#8931=EDGE_LOOP('',(#8927,#8928,#8929,#8930));
#8932=FACE_OUTER_BOUND('',#8931,.F.);
#8933=ADVANCED_FACE('',(#8932),#8926,.F.);
#8934=CARTESIAN_POINT('',(1.58496E1,0.E0,0.E0));
#8935=DIRECTION('',(1.E0,0.E0,0.E0));
#8936=DIRECTION('',(0.E0,0.E0,-1.E0));
#8937=AXIS2_PLACEMENT_3D('',#8934,#8935,#8936);
#8938=PLANE('',#8937);
#8939=ORIENTED_EDGE('',*,*,#4716,.F.);
#8941=ORIENTED_EDGE('',*,*,#8940,.T.);
#8943=ORIENTED_EDGE('',*,*,#8942,.T.);
#8945=ORIENTED_EDGE('',*,*,#8944,.T.);
#8946=EDGE_LOOP('',(#8939,#8941,#8943,#8945));
#8947=FACE_OUTER_BOUND('',#8946,.F.);
#8948=ADVANCED_FACE('',(#8947),#8938,.F.);
#8949=CARTESIAN_POINT('',(1.58496E1,8.255E-1,-2.032E0));
#8950=DIRECTION('',(0.E0,0.E0,1.E0));
#8951=DIRECTION('',(0.E0,-1.E0,0.E0));
#8952=AXIS2_PLACEMENT_3D('',#8949,#8950,#8951);
#8953=PLANE('',#8952);
#8954=ORIENTED_EDGE('',*,*,#4722,.T.);
#8956=ORIENTED_EDGE('',*,*,#8955,.T.);
#8958=ORIENTED_EDGE('',*,*,#8957,.F.);
#8959=ORIENTED_EDGE('',*,*,#8940,.F.);
#8960=EDGE_LOOP('',(#8954,#8956,#8958,#8959));
#8961=FACE_OUTER_BOUND('',#8960,.F.);
#8962=ADVANCED_FACE('',(#8961),#8953,.T.);
#8963=CARTESIAN_POINT('',(1.71704E1,0.E0,0.E0));
#8964=DIRECTION('',(1.E0,0.E0,0.E0));
#8965=DIRECTION('',(0.E0,0.E0,-1.E0));
#8966=AXIS2_PLACEMENT_3D('',#8963,#8964,#8965);
#8967=PLANE('',#8966);
#8968=ORIENTED_EDGE('',*,*,#4720,.T.);
#8970=ORIENTED_EDGE('',*,*,#8969,.F.);
#8972=ORIENTED_EDGE('',*,*,#8971,.F.);
#8973=ORIENTED_EDGE('',*,*,#8955,.F.);
#8974=EDGE_LOOP('',(#8968,#8970,#8972,#8973));
#8975=FACE_OUTER_BOUND('',#8974,.F.);
#8976=ADVANCED_FACE('',(#8975),#8967,.T.);
#8977=CARTESIAN_POINT('',(1.58496E1,-4.064E0,-2.8702E0));
#8978=DIRECTION('',(0.E0,0.E0,-1.E0));
#8979=DIRECTION('',(0.E0,1.E0,0.E0));
#8980=AXIS2_PLACEMENT_3D('',#8977,#8978,#8979);
#8981=PLANE('',#8980);
#8982=ORIENTED_EDGE('',*,*,#4718,.F.);
#8983=ORIENTED_EDGE('',*,*,#8944,.F.);
#8985=ORIENTED_EDGE('',*,*,#8984,.T.);
#8986=ORIENTED_EDGE('',*,*,#8969,.T.);
#8987=EDGE_LOOP('',(#8982,#8983,#8985,#8986));
#8988=FACE_OUTER_BOUND('',#8987,.F.);
#8989=ADVANCED_FACE('',(#8988),#8981,.T.);
#8990=CARTESIAN_POINT('',(1.58496E1,-4.064E0,-2.032E0));
#8991=DIRECTION('',(0.E0,-1.E0,0.E0));
#8992=DIRECTION('',(0.E0,0.E0,-1.E0));
#8993=AXIS2_PLACEMENT_3D('',#8990,#8991,#8992);
#8994=PLANE('',#8993);
#8995=ORIENTED_EDGE('',*,*,#8942,.F.);
#8996=ORIENTED_EDGE('',*,*,#8957,.T.);
#8997=ORIENTED_EDGE('',*,*,#8971,.T.);
#8998=ORIENTED_EDGE('',*,*,#8984,.F.);
#8999=EDGE_LOOP('',(#8995,#8996,#8997,#8998));
#9000=FACE_OUTER_BOUND('',#8999,.F.);
#9001=ADVANCED_FACE('',(#9000),#8994,.T.);
#9002=CARTESIAN_POINT('',(-1.71704E1,0.E0,0.E0));
#9003=DIRECTION('',(1.E0,0.E0,0.E0));
#9004=DIRECTION('',(0.E0,0.E0,-1.E0));
#9005=AXIS2_PLACEMENT_3D('',#9002,#9003,#9004);
#9006=PLANE('',#9005);
#9007=ORIENTED_EDGE('',*,*,#4608,.F.);
#9009=ORIENTED_EDGE('',*,*,#9008,.T.);
#9011=ORIENTED_EDGE('',*,*,#9010,.T.);
#9013=ORIENTED_EDGE('',*,*,#9012,.T.);
#9014=EDGE_LOOP('',(#9007,#9009,#9011,#9013));
#9015=FACE_OUTER_BOUND('',#9014,.F.);
#9016=ADVANCED_FACE('',(#9015),#9006,.F.);
#9017=CARTESIAN_POINT('',(-1.71704E1,8.255E-1,-2.032E0));
#9018=DIRECTION('',(0.E0,0.E0,1.E0));
#9019=DIRECTION('',(0.E0,-1.E0,0.E0));
#9020=AXIS2_PLACEMENT_3D('',#9017,#9018,#9019);
#9021=PLANE('',#9020);
#9022=ORIENTED_EDGE('',*,*,#4614,.T.);
#9024=ORIENTED_EDGE('',*,*,#9023,.T.);
#9026=ORIENTED_EDGE('',*,*,#9025,.F.);
#9027=ORIENTED_EDGE('',*,*,#9008,.F.);
#9028=EDGE_LOOP('',(#9022,#9024,#9026,#9027));
#9029=FACE_OUTER_BOUND('',#9028,.F.);
#9030=ADVANCED_FACE('',(#9029),#9021,.T.);
#9031=CARTESIAN_POINT('',(-1.58496E1,0.E0,0.E0));
#9032=DIRECTION('',(1.E0,0.E0,0.E0));
#9033=DIRECTION('',(0.E0,0.E0,-1.E0));
#9034=AXIS2_PLACEMENT_3D('',#9031,#9032,#9033);
#9035=PLANE('',#9034);
#9036=ORIENTED_EDGE('',*,*,#4612,.T.);
#9038=ORIENTED_EDGE('',*,*,#9037,.F.);
#9040=ORIENTED_EDGE('',*,*,#9039,.F.);
#9041=ORIENTED_EDGE('',*,*,#9023,.F.);
#9042=EDGE_LOOP('',(#9036,#9038,#9040,#9041));
#9043=FACE_OUTER_BOUND('',#9042,.F.);
#9044=ADVANCED_FACE('',(#9043),#9035,.T.);
#9045=CARTESIAN_POINT('',(-1.71704E1,-4.064E0,-2.8702E0));
#9046=DIRECTION('',(0.E0,0.E0,-1.E0));
#9047=DIRECTION('',(0.E0,1.E0,0.E0));
#9048=AXIS2_PLACEMENT_3D('',#9045,#9046,#9047);
#9049=PLANE('',#9048);
#9050=ORIENTED_EDGE('',*,*,#4610,.F.);
#9051=ORIENTED_EDGE('',*,*,#9012,.F.);
#9053=ORIENTED_EDGE('',*,*,#9052,.T.);
#9054=ORIENTED_EDGE('',*,*,#9037,.T.);
#9055=EDGE_LOOP('',(#9050,#9051,#9053,#9054));
#9056=FACE_OUTER_BOUND('',#9055,.F.);
#9057=ADVANCED_FACE('',(#9056),#9049,.T.);
#9058=CARTESIAN_POINT('',(-1.71704E1,-4.064E0,-2.032E0));
#9059=DIRECTION('',(0.E0,-1.E0,0.E0));
#9060=DIRECTION('',(0.E0,0.E0,-1.E0));
#9061=AXIS2_PLACEMENT_3D('',#9058,#9059,#9060);
#9062=PLANE('',#9061);
#9063=ORIENTED_EDGE('',*,*,#9010,.F.);
#9064=ORIENTED_EDGE('',*,*,#9025,.T.);
#9065=ORIENTED_EDGE('',*,*,#9039,.T.);
#9066=ORIENTED_EDGE('',*,*,#9052,.F.);
#9067=EDGE_LOOP('',(#9063,#9064,#9065,#9066));
#9068=FACE_OUTER_BOUND('',#9067,.F.);
#9069=ADVANCED_FACE('',(#9068),#9062,.T.);
#9070=CLOSED_SHELL('',(#4263,#4281,#4301,#4321,#4341,#4358,#4378,#4393,#4408,
#4423,#4438,#4452,#4467,#4485,#4499,#4514,#4529,#4544,#4559,#4573,#4587,#4618,
#4633,#4646,#4656,#4668,#4683,#4696,#4726,#4739,#4754,#4773,#4792,#4811,#4826,
#4845,#4859,#4874,#4889,#4904,#4918,#4933,#4954,#4984,#5014,#5044,#5074,#5095,
#5110,#5124,#5138,#5154,#5170,#5223,#5239,#5255,#5268,#5281,#5293,#5305,#5317,
#5332,#5346,#5360,#5374,#5388,#5402,#5416,#5430,#5444,#5458,#5472,#5485,#5511,
#5526,#5547,#5566,#5577,#5591,#5603,#5617,#5638,#5652,#5666,#5678,#5690,#5707,
#5720,#5731,#5747,#5761,#5775,#5787,#5802,#5816,#5830,#5846,#5862,#5915,#5931,
#5947,#5960,#5973,#5985,#5998,#6023,#6035,#6047,#6059,#6074,#6088,#6102,#6115,
#6127,#6142,#6156,#6170,#6184,#6198,#6212,#6226,#6240,#6254,#6268,#6282,#6295,
#6321,#6336,#6357,#6376,#6387,#6401,#6413,#6427,#6448,#6462,#6476,#6488,#6500,
#6517,#6530,#6541,#6557,#6571,#6585,#6597,#6612,#6626,#6640,#6656,#6672,#6725,
#6741,#6757,#6770,#6783,#6795,#6808,#6833,#6845,#6857,#6869,#6884,#6898,#6912,
#6925,#6937,#6952,#6966,#6980,#6994,#7008,#7022,#7036,#7050,#7064,#7078,#7092,
#7105,#7131,#7146,#7167,#7186,#7197,#7211,#7223,#7237,#7258,#7272,#7286,#7298,
#7310,#7327,#7340,#7351,#7367,#7381,#7395,#7407,#7422,#7436,#7450,#7466,#7482,
#7535,#7551,#7567,#7580,#7593,#7605,#7618,#7643,#7655,#7667,#7679,#7694,#7708,
#7722,#7735,#7747,#7762,#7776,#7790,#7804,#7818,#7832,#7846,#7860,#7874,#7888,
#7902,#7915,#7941,#7956,#7977,#7996,#8007,#8021,#8033,#8047,#8068,#8082,#8096,
#8108,#8120,#8137,#8150,#8161,#8177,#8191,#8205,#8217,#8232,#8246,#8260,#8276,
#8292,#8345,#8361,#8377,#8390,#8403,#8415,#8427,#8439,#8454,#8468,#8482,#8496,
#8510,#8524,#8538,#8552,#8566,#8580,#8594,#8607,#8633,#8648,#8669,#8688,#8699,
#8713,#8725,#8739,#8760,#8774,#8788,#8800,#8812,#8829,#8842,#8853,#8869,#8883,
#8897,#8909,#8921,#8933,#8948,#8962,#8976,#8989,#9001,#9016,#9030,#9044,#9057,
#9069));
#9071=MANIFOLD_SOLID_BREP('',#9070);
#9072=(LENGTH_UNIT()NAMED_UNIT(*)SI_UNIT(.MILLI.,.METRE.));
#9073=DIMENSIONAL_EXPONENTS(0.E0,0.E0,0.E0,0.E0,0.E0,0.E0,0.E0);
#9074=(NAMED_UNIT(*)PLANE_ANGLE_UNIT()SI_UNIT($,.RADIAN.));
#9075=PLANE_ANGLE_MEASURE_WITH_UNIT(PLANE_ANGLE_MEASURE(1.745329251994E-2),
#9074);
#9076=(CONVERSION_BASED_UNIT('DEGREE',#9075)NAMED_UNIT(#9073)PLANE_ANGLE_UNIT(
));
#9077=(NAMED_UNIT(*)SI_UNIT($,.STERADIAN.)SOLID_ANGLE_UNIT());
#9078=UNCERTAINTY_MEASURE_WITH_UNIT(LENGTH_MEASURE(3.633863717088E-3),#9072,
'closure',
'Maximum model space distance between geometric entities at asserted connectivities');
#9079=(GEOMETRIC_REPRESENTATION_CONTEXT(3)GLOBAL_UNCERTAINTY_ASSIGNED_CONTEXT((
#9078))GLOBAL_UNIT_ASSIGNED_CONTEXT((#9072,#9076,#9077))REPRESENTATION_CONTEXT(
'ID1','3'));
#9081=APPLICATION_CONTEXT(
'CONFIGURATION CONTROLLED 3D DESIGNS OF MECHANICAL PARTS AND ASSEMBLIES');
#9082=APPLICATION_PROTOCOL_DEFINITION('international standard',
'ccd_cla_gvp_ast_asd',1995,#9081);
#9083=DESIGN_CONTEXT('',#9081,'design');
#9084=MECHANICAL_CONTEXT('',#9081,'mechanical');
#9085=PRODUCT('C-2-1437667-8','C-2-1437667-8','NOT SPECIFIED',(#9084));
#9086=PRODUCT_DEFINITION_FORMATION_WITH_SPECIFIED_SOURCE('1','LAST_VERSION',
#9085,.MADE.);
#9093=(LENGTH_UNIT()NAMED_UNIT(*)SI_UNIT(.MILLI.,.METRE.));
#9094=DERIVED_UNIT_ELEMENT(#9093,2.E0);
#9095=DERIVED_UNIT((#9094));
#9096=MEASURE_REPRESENTATION_ITEM('surface area measure',AREA_MEASURE(
4.075712266302E3),#9095);
#9100=(LENGTH_UNIT()NAMED_UNIT(*)SI_UNIT(.MILLI.,.METRE.));
#9101=DERIVED_UNIT_ELEMENT(#9100,3.E0);
#9102=DERIVED_UNIT((#9101));
#9103=MEASURE_REPRESENTATION_ITEM('volume measure',VOLUME_MEASURE(
5.190747316164E3),#9102);
#9107=CARTESIAN_POINT('centre point',(0.E0,6.125165400387E0,-6.329670342205E0));
#9112=PRODUCT_CATEGORY('part','');
#9113=PRODUCT_RELATED_PRODUCT_CATEGORY('detail','',(#9085));
#9114=PRODUCT_CATEGORY_RELATIONSHIP('','',#9112,#9113);
#9115=SECURITY_CLASSIFICATION_LEVEL('unclassified');
#9116=SECURITY_CLASSIFICATION('','',#9115);
#9117=CC_DESIGN_SECURITY_CLASSIFICATION(#9116,(#9086));
#9118=APPROVAL_STATUS('approved');
#9119=APPROVAL(#9118,'');
#9120=CC_DESIGN_APPROVAL(#9119,(#9116,#9086,#9087));
#9121=CALENDAR_DATE(108,11,12);
#9122=COORDINATED_UNIVERSAL_TIME_OFFSET(5,0,.BEHIND.);
#9123=LOCAL_TIME(0,52,1.E1,#9122);
#9124=DATE_AND_TIME(#9121,#9123);
#9125=APPROVAL_DATE_TIME(#9124,#9119);
#9126=DATE_TIME_ROLE('creation_date');
#9127=CC_DESIGN_DATE_AND_TIME_ASSIGNMENT(#9124,#9126,(#9087));
#9128=DATE_TIME_ROLE('classification_date');
#9129=CC_DESIGN_DATE_AND_TIME_ASSIGNMENT(#9124,#9128,(#9116));
#9130=PERSON('UNSPECIFIED','UNSPECIFIED',$,$,$,$);
#9131=ORGANIZATION('UNSPECIFIED','UNSPECIFIED','UNSPECIFIED');
#9132=PERSON_AND_ORGANIZATION(#9130,#9131);
#9133=APPROVAL_ROLE('approver');
#9134=APPROVAL_PERSON_ORGANIZATION(#9132,#9119,#9133);
#9135=PERSON_AND_ORGANIZATION_ROLE('creator');
#9136=CC_DESIGN_PERSON_AND_ORGANIZATION_ASSIGNMENT(#9132,#9135,(#9086,#9087));
#9137=PERSON_AND_ORGANIZATION_ROLE('design_supplier');
#9138=CC_DESIGN_PERSON_AND_ORGANIZATION_ASSIGNMENT(#9132,#9137,(#9086));
#9139=PERSON_AND_ORGANIZATION_ROLE('classification_officer');
#9140=CC_DESIGN_PERSON_AND_ORGANIZATION_ASSIGNMENT(#9132,#9139,(#9116));
#9141=PERSON_AND_ORGANIZATION_ROLE('design_owner');
#9142=CC_DESIGN_PERSON_AND_ORGANIZATION_ASSIGNMENT(#9132,#9141,(#9085));
#80=CIRCLE('',#79,1.6002E0);
#89=CIRCLE('',#88,1.6002E0);
#210=CIRCLE('',#209,1.6002E0);
#219=CIRCLE('',#218,1.6002E0);
#224=CIRCLE('',#223,1.6002E0);
#229=CIRCLE('',#228,1.6002E0);
#238=CIRCLE('',#237,1.6002E0);
#243=CIRCLE('',#242,1.6002E0);
#252=CIRCLE('',#251,1.6002E0);
#257=CIRCLE('',#256,1.6002E0);
#266=CIRCLE('',#265,1.6002E0);
#275=CIRCLE('',#274,1.6002E0);
#292=CIRCLE('',#291,1.6002E0);
#301=CIRCLE('',#300,1.6002E0);
#374=CIRCLE('',#373,1.8669E0);
#379=CIRCLE('',#378,1.8669E0);
#416=CIRCLE('',#415,1.8669E0);
#421=CIRCLE('',#420,1.8669E0);
#426=CIRCLE('',#425,1.8669E0);
#431=CIRCLE('',#430,1.8669E0);
#444=CIRCLE('',#443,1.8669E0);
#449=CIRCLE('',#448,1.8669E0);
#590=CIRCLE('',#589,1.6002E0);
#599=CIRCLE('',#598,1.6002E0);
#604=CIRCLE('',#603,1.6002E0);
#609=CIRCLE('',#608,1.6002E0);
#618=CIRCLE('',#617,1.6002E0);
#623=CIRCLE('',#622,1.6002E0);
#632=CIRCLE('',#631,1.6002E0);
#637=CIRCLE('',#636,1.6002E0);
#646=CIRCLE('',#645,1.6002E0);
#655=CIRCLE('',#654,1.6002E0);
#1124=CIRCLE('',#1123,1.70434E0);
#1129=CIRCLE('',#1128,1.70434E0);
#1134=CIRCLE('',#1133,1.70434E0);
#1175=CIRCLE('',#1174,3.3401E0);
#1180=CIRCLE('',#1179,3.3401E0);
#1193=CIRCLE('',#1192,3.3401E0);
#1198=CIRCLE('',#1197,3.3401E0);
#1203=CIRCLE('',#1202,3.3401E0);
#1240=CIRCLE('',#1239,3.3401E0);
#1245=CIRCLE('',#1244,3.3401E0);
#1250=CIRCLE('',#1249,3.3401E0);
#1255=CIRCLE('',#1254,3.3401E0);
#1260=CIRCLE('',#1259,3.3401E0);
#1265=CIRCLE('',#1264,3.3401E0);
#1270=CIRCLE('',#1269,7.269261718750E0);
#1275=CIRCLE('',#1274,3.3401E0);
#1280=CIRCLE('',#1279,7.269261718750E0);
#1297=CIRCLE('',#1296,1.70434E0);
#1614=CIRCLE('',#1613,1.70434E0);
#1619=CIRCLE('',#1618,1.70434E0);
#1624=CIRCLE('',#1623,1.70434E0);
#1665=CIRCLE('',#1664,3.3401E0);
#1670=CIRCLE('',#1669,3.3401E0);
#1683=CIRCLE('',#1682,3.3401E0);
#1688=CIRCLE('',#1687,3.3401E0);
#1693=CIRCLE('',#1692,3.3401E0);
#1730=CIRCLE('',#1729,3.3401E0);
#1735=CIRCLE('',#1734,3.3401E0);
#1740=CIRCLE('',#1739,3.3401E0);
#1745=CIRCLE('',#1744,3.3401E0);
#1750=CIRCLE('',#1749,3.3401E0);
#1755=CIRCLE('',#1754,3.3401E0);
#1760=CIRCLE('',#1759,7.269261718750E0);
#1765=CIRCLE('',#1764,3.3401E0);
#1770=CIRCLE('',#1769,7.269261718750E0);
#1787=CIRCLE('',#1786,1.70434E0);
#2104=CIRCLE('',#2103,1.70434E0);
#2109=CIRCLE('',#2108,1.70434E0);
#2114=CIRCLE('',#2113,1.70434E0);
#2155=CIRCLE('',#2154,3.3401E0);
#2160=CIRCLE('',#2159,3.3401E0);
#2173=CIRCLE('',#2172,3.3401E0);
#2178=CIRCLE('',#2177,3.3401E0);
#2183=CIRCLE('',#2182,3.3401E0);
#2220=CIRCLE('',#2219,3.3401E0);
#2225=CIRCLE('',#2224,3.3401E0);
#2230=CIRCLE('',#2229,3.3401E0);
#2235=CIRCLE('',#2234,3.3401E0);
#2240=CIRCLE('',#2239,3.3401E0);
#2245=CIRCLE('',#2244,3.3401E0);
#2250=CIRCLE('',#2249,7.269261718750E0);
#2255=CIRCLE('',#2254,3.3401E0);
#2260=CIRCLE('',#2259,7.269261718750E0);
#2277=CIRCLE('',#2276,1.70434E0);
#2594=CIRCLE('',#2593,1.70434E0);
#2599=CIRCLE('',#2598,1.70434E0);
#2604=CIRCLE('',#2603,1.70434E0);
#2645=CIRCLE('',#2644,3.3401E0);
#2650=CIRCLE('',#2649,3.3401E0);
#2663=CIRCLE('',#2662,3.3401E0);
#2668=CIRCLE('',#2667,3.3401E0);
#2673=CIRCLE('',#2672,3.3401E0);
#2710=CIRCLE('',#2709,3.3401E0);
#2715=CIRCLE('',#2714,3.3401E0);
#2720=CIRCLE('',#2719,3.3401E0);
#2725=CIRCLE('',#2724,3.3401E0);
#2730=CIRCLE('',#2729,3.3401E0);
#2735=CIRCLE('',#2734,3.3401E0);
#2740=CIRCLE('',#2739,7.269261718750E0);
#2745=CIRCLE('',#2744,3.3401E0);
#2750=CIRCLE('',#2749,7.269261718750E0);
#2767=CIRCLE('',#2766,1.70434E0);
#3020=CIRCLE('',#3019,1.70434E0);
#3025=CIRCLE('',#3024,1.70434E0);
#3030=CIRCLE('',#3029,1.70434E0);
#3071=CIRCLE('',#3070,3.3401E0);
#3076=CIRCLE('',#3075,3.3401E0);
#3089=CIRCLE('',#3088,3.3401E0);
#3094=CIRCLE('',#3093,3.3401E0);
#3099=CIRCLE('',#3098,3.3401E0);
#3136=CIRCLE('',#3135,3.3401E0);
#3141=CIRCLE('',#3140,3.3401E0);
#3146=CIRCLE('',#3145,3.3401E0);
#3151=CIRCLE('',#3150,3.3401E0);
#3156=CIRCLE('',#3155,3.3401E0);
#3161=CIRCLE('',#3160,3.3401E0);
#3166=CIRCLE('',#3165,7.269261718750E0);
#3171=CIRCLE('',#3170,3.3401E0);
#3176=CIRCLE('',#3175,7.269261718750E0);
#3193=CIRCLE('',#3192,1.70434E0);
#4249=EDGE_CURVE('',#3276,#3277,#75,.T.);
#4251=EDGE_CURVE('',#3277,#3280,#80,.T.);
#4253=EDGE_CURVE('',#3280,#3281,#84,.T.);
#4255=EDGE_CURVE('',#3281,#3284,#89,.T.);
#4257=EDGE_CURVE('',#3284,#3285,#93,.T.);
#4259=EDGE_CURVE('',#3285,#3276,#97,.T.);
#4269=EDGE_CURVE('',#3315,#3289,#205,.T.);
#4271=EDGE_CURVE('',#3355,#3315,#101,.T.);
#4273=EDGE_CURVE('',#3355,#3299,#105,.T.);
#4275=EDGE_CURVE('',#3299,#3288,#109,.T.);
#4277=EDGE_CURVE('',#3288,#3289,#279,.T.);
#4287=EDGE_CURVE('',#3455,#3305,#214,.T.);
#4289=EDGE_CURVE('',#3455,#3463,#113,.T.);
#4291=EDGE_CURVE('',#3685,#3463,#117,.T.);
#4293=EDGE_CURVE('',#3685,#3344,#121,.T.);
#4295=EDGE_CURVE('',#3304,#3344,#125,.T.);
#4297=EDGE_CURVE('',#3304,#3305,#129,.T.);
#4307=EDGE_CURVE('',#3772,#3773,#133,.T.);
#4309=EDGE_CURVE('',#3693,#3773,#137,.T.);
#4311=EDGE_CURVE('',#3693,#3689,#141,.T.);
#4313=EDGE_CURVE('',#3689,#3444,#145,.T.);
#4315=EDGE_CURVE('',#3444,#3445,#149,.T.);
#4317=EDGE_CURVE('',#3772,#3445,#233,.T.);
#4327=EDGE_CURVE('',#3804,#3805,#153,.T.);
#4329=EDGE_CURVE('',#3713,#3805,#157,.T.);
#4331=EDGE_CURVE('',#3713,#3680,#161,.T.);
#4333=EDGE_CURVE('',#3769,#3680,#165,.T.);
#4335=EDGE_CURVE('',#3768,#3769,#169,.T.);
#4337=EDGE_CURVE('',#3804,#3768,#247,.T.);
#4347=EDGE_CURVE('',#3832,#3833,#173,.T.);
#4349=EDGE_CURVE('',#3277,#3832,#261,.T.);
#4352=EDGE_CURVE('',#3276,#3741,#177,.T.);
#4354=EDGE_CURVE('',#3741,#3833,#181,.T.);
#4364=EDGE_CURVE('',#3836,#3837,#185,.T.);
#4366=EDGE_CURVE('',#3737,#3837,#189,.T.);
#4368=EDGE_CURVE('',#3737,#3717,#193,.T.);
#4370=EDGE_CURVE('',#3717,#3801,#197,.T.);
#4372=EDGE_CURVE('',#3800,#3801,#201,.T.);
#4374=EDGE_CURVE('',#3836,#3800,#270,.T.);
#4385=EDGE_CURVE('',#3289,#3292,#301,.T.);
#4387=EDGE_CURVE('',#3317,#3292,#667,.T.);
#4389=EDGE_CURVE('',#3317,#3315,#210,.T.);
#4400=EDGE_CURVE('',#3311,#3305,#219,.T.);
#4402=EDGE_CURVE('',#3457,#3311,#691,.T.);
#4404=EDGE_CURVE('',#3455,#3457,#224,.T.);
#4414=EDGE_CURVE('',#3772,#3785,#229,.T.);
#4417=EDGE_CURVE('',#3451,#3445,#238,.T.);
#4419=EDGE_CURVE('',#3785,#3451,#735,.T.);
#4429=EDGE_CURVE('',#3804,#3817,#243,.T.);
#4432=EDGE_CURVE('',#3768,#3783,#252,.T.);
#4434=EDGE_CURVE('',#3817,#3783,#779,.T.);
#4444=EDGE_CURVE('',#3832,#3847,#257,.T.);
#4446=EDGE_CURVE('',#3280,#3847,#867,.T.);
#4458=EDGE_CURVE('',#3836,#3849,#266,.T.);
#4461=EDGE_CURVE('',#3800,#3815,#275,.T.);
#4463=EDGE_CURVE('',#3849,#3815,#823,.T.);
#4474=EDGE_CURVE('',#3297,#3288,#283,.T.);
#4476=EDGE_CURVE('',#3296,#3297,#287,.T.);
#4478=EDGE_CURVE('',#3293,#3296,#292,.T.);
#4480=EDGE_CURVE('',#3292,#3293,#296,.T.);
#4492=EDGE_CURVE('',#3299,#3301,#305,.T.);
#4494=EDGE_CURVE('',#3301,#3297,#309,.T.);
#4505=EDGE_CURVE('',#3684,#3685,#313,.T.);
#4507=EDGE_CURVE('',#3684,#3345,#317,.T.);
#4509=EDGE_CURVE('',#3344,#3345,#321,.T.);
#4520=EDGE_CURVE('',#3692,#3693,#325,.T.);
#4522=EDGE_CURVE('',#3692,#3688,#329,.T.);
#4524=EDGE_CURVE('',#3688,#3689,#333,.T.);
#4535=EDGE_CURVE('',#3712,#3713,#337,.T.);
#4537=EDGE_CURVE('',#3712,#3681,#341,.T.);
#4539=EDGE_CURVE('',#3680,#3681,#345,.T.);
#4550=EDGE_CURVE('',#3736,#3737,#349,.T.);
#4552=EDGE_CURVE('',#3736,#3716,#353,.T.);
#4554=EDGE_CURVE('',#3716,#3717,#357,.T.);
#4565=EDGE_CURVE('',#3740,#3741,#361,.T.);
#4569=EDGE_CURVE('',#3285,#3740,#365,.T.);
#4580=EDGE_CURVE('',#3355,#3357,#369,.T.);
#4582=EDGE_CURVE('',#3357,#3301,#485,.T.);
#4593=EDGE_CURVE('',#3304,#3308,#3205,.T.);
#4595=EDGE_CURVE('',#3357,#3308,#383,.T.);
#4598=EDGE_CURVE('',#3355,#3304,#387,.T.);
#4602=EDGE_CURVE('',#3335,#3337,#374,.T.);
#4604=EDGE_CURVE('',#3337,#3335,#379,.T.);
#4608=EDGE_CURVE('',#3556,#3557,#391,.T.);
#4610=EDGE_CURVE('',#3557,#3561,#395,.T.);
#4612=EDGE_CURVE('',#3560,#3561,#399,.T.);
#4614=EDGE_CURVE('',#3556,#3560,#403,.T.);
#4624=EDGE_CURVE('',#3335,#3328,#407,.T.);
#4626=EDGE_CURVE('',#3328,#3329,#416,.T.);
#4628=EDGE_CURVE('',#3337,#3329,#411,.T.);
#4642=EDGE_CURVE('',#3329,#3328,#421,.T.);
#4662=EDGE_CURVE('',#3332,#3333,#426,.T.);
#4664=EDGE_CURVE('',#3333,#3332,#431,.T.);
#4674=EDGE_CURVE('',#3339,#3332,#435,.T.);
#4677=EDGE_CURVE('',#3341,#3333,#439,.T.);
#4679=EDGE_CURVE('',#3339,#3341,#444,.T.);
#4690=EDGE_CURVE('',#3341,#3339,#449,.T.);
#4702=EDGE_CURVE('',#3833,#3841,#477,.T.);
#4704=EDGE_CURVE('',#3845,#3841,#453,.T.);
#4706=EDGE_CURVE('',#3837,#3845,#3209,.T.);
#4708=EDGE_CURVE('',#3837,#3833,#457,.T.);
#4716=EDGE_CURVE('',#3752,#3753,#461,.T.);
#4718=EDGE_CURVE('',#3753,#3757,#465,.T.);
#4720=EDGE_CURVE('',#3756,#3757,#469,.T.);
#4722=EDGE_CURVE('',#3752,#3756,#473,.T.);
#4734=EDGE_CURVE('',#3740,#3841,#557,.T.);
#4745=EDGE_CURVE('',#3321,#3296,#481,.T.);
#4750=EDGE_CURVE('',#3357,#3321,#489,.T.);
#4760=EDGE_CURVE('',#3461,#3309,#493,.T.);
#4762=EDGE_CURVE('',#3308,#3309,#497,.T.);
#4764=EDGE_CURVE('',#3308,#3345,#501,.T.);
#4767=EDGE_CURVE('',#3684,#3465,#505,.T.);
#4769=EDGE_CURVE('',#3461,#3465,#509,.T.);
#4779=EDGE_CURVE('',#3780,#3781,#513,.T.);
#4781=EDGE_CURVE('',#3780,#3449,#517,.T.);
#4783=EDGE_CURVE('',#3448,#3449,#521,.T.);
#4785=EDGE_CURVE('',#3688,#3448,#525,.T.);
#4788=EDGE_CURVE('',#3692,#3781,#529,.T.);
#4798=EDGE_CURVE('',#3812,#3813,#533,.T.);
#4800=EDGE_CURVE('',#3812,#3776,#537,.T.);
#4802=EDGE_CURVE('',#3776,#3777,#541,.T.);
#4804=EDGE_CURVE('',#3777,#3681,#545,.T.);
#4807=EDGE_CURVE('',#3712,#3813,#549,.T.);
#4817=EDGE_CURVE('',#3840,#3841,#553,.T.);
#4822=EDGE_CURVE('',#3284,#3840,#561,.T.);
#4832=EDGE_CURVE('',#3844,#3845,#565,.T.);
#4834=EDGE_CURVE('',#3844,#3808,#569,.T.);
#4836=EDGE_CURVE('',#3808,#3809,#573,.T.);
#4838=EDGE_CURVE('',#3716,#3809,#577,.T.);
#4841=EDGE_CURVE('',#3736,#3845,#581,.T.);
#4851=EDGE_CURVE('',#3319,#3293,#585,.T.);
#4855=EDGE_CURVE('',#3321,#3319,#590,.T.);
#4865=EDGE_CURVE('',#3459,#3313,#594,.T.);
#4867=EDGE_CURVE('',#3309,#3313,#599,.T.);
#4870=EDGE_CURVE('',#3459,#3461,#604,.T.);
#4880=EDGE_CURVE('',#3789,#3780,#609,.T.);
#4882=EDGE_CURVE('',#3789,#3453,#613,.T.);
#4884=EDGE_CURVE('',#3449,#3453,#618,.T.);
#4895=EDGE_CURVE('',#3821,#3812,#623,.T.);
#4897=EDGE_CURVE('',#3821,#3787,#627,.T.);
#4899=EDGE_CURVE('',#3787,#3776,#632,.T.);
#4910=EDGE_CURVE('',#3851,#3840,#637,.T.);
#4914=EDGE_CURVE('',#3281,#3851,#641,.T.);
#4924=EDGE_CURVE('',#3853,#3844,#646,.T.);
#4926=EDGE_CURVE('',#3853,#3819,#650,.T.);
#4928=EDGE_CURVE('',#3819,#3808,#655,.T.);
#4939=EDGE_CURVE('',#3368,#3369,#659,.T.);
#4941=EDGE_CURVE('',#3369,#3317,#663,.T.);
#4946=EDGE_CURVE('',#3319,#3373,#671,.T.);
#4948=EDGE_CURVE('',#3373,#3371,#675,.T.);
#4950=EDGE_CURVE('',#3371,#3368,#679,.T.);
#4960=EDGE_CURVE('',#3476,#3477,#683,.T.);
#4962=EDGE_CURVE('',#3457,#3477,#687,.T.);
#4965=EDGE_CURVE('',#3325,#3311,#695,.T.);
#4967=EDGE_CURVE('',#3325,#3377,#699,.T.);
#4969=EDGE_CURVE('',#3377,#3375,#703,.T.);
#4971=EDGE_CURVE('',#3375,#3323,#707,.T.);
#4973=EDGE_CURVE('',#3313,#3323,#711,.T.);
#4976=EDGE_CURVE('',#3481,#3459,#715,.T.);
#4978=EDGE_CURVE('',#3481,#3479,#719,.T.);
#4980=EDGE_CURVE('',#3479,#3476,#723,.T.);
#4990=EDGE_CURVE('',#3864,#3865,#727,.T.);
#4992=EDGE_CURVE('',#3785,#3864,#731,.T.);
#4995=EDGE_CURVE('',#3489,#3451,#739,.T.);
#4997=EDGE_CURVE('',#3489,#3487,#743,.T.);
#4999=EDGE_CURVE('',#3487,#3484,#747,.T.);
#5001=EDGE_CURVE('',#3484,#3485,#751,.T.);
#5003=EDGE_CURVE('',#3453,#3485,#755,.T.);
#5006=EDGE_CURVE('',#3869,#3789,#759,.T.);
#5008=EDGE_CURVE('',#3867,#3869,#763,.T.);
#5010=EDGE_CURVE('',#3865,#3867,#767,.T.);
#5020=EDGE_CURVE('',#3896,#3897,#771,.T.);
#5022=EDGE_CURVE('',#3817,#3896,#775,.T.);
#5025=EDGE_CURVE('',#3783,#3877,#783,.T.);
#5027=EDGE_CURVE('',#3875,#3877,#787,.T.);
#5029=EDGE_CURVE('',#3873,#3875,#791,.T.);
#5031=EDGE_CURVE('',#3872,#3873,#795,.T.);
#5033=EDGE_CURVE('',#3872,#3787,#799,.T.);
#5036=EDGE_CURVE('',#3901,#3821,#803,.T.);
#5038=EDGE_CURVE('',#3899,#3901,#807,.T.);
#5040=EDGE_CURVE('',#3897,#3899,#811,.T.);
#5050=EDGE_CURVE('',#3928,#3929,#815,.T.);
#5052=EDGE_CURVE('',#3849,#3928,#819,.T.);
#5055=EDGE_CURVE('',#3815,#3909,#827,.T.);
#5057=EDGE_CURVE('',#3907,#3909,#831,.T.);
#5059=EDGE_CURVE('',#3905,#3907,#835,.T.);
#5061=EDGE_CURVE('',#3904,#3905,#839,.T.);
#5063=EDGE_CURVE('',#3904,#3819,#843,.T.);
#5066=EDGE_CURVE('',#3933,#3853,#847,.T.);
#5068=EDGE_CURVE('',#3931,#3933,#851,.T.);
#5070=EDGE_CURVE('',#3929,#3931,#855,.T.);
#5080=EDGE_CURVE('',#3936,#3937,#859,.T.);
#5082=EDGE_CURVE('',#3936,#3851,#863,.T.);
#5087=EDGE_CURVE('',#3847,#3941,#871,.T.);
#5089=EDGE_CURVE('',#3939,#3941,#875,.T.);
#5091=EDGE_CURVE('',#3937,#3939,#879,.T.);
#5102=EDGE_CURVE('',#3361,#3368,#883,.T.);
#5104=EDGE_CURVE('',#3361,#3383,#931,.T.);
#5106=EDGE_CURVE('',#3383,#3369,#891,.T.);
#5117=EDGE_CURVE('',#3360,#3371,#887,.T.);
#5119=EDGE_CURVE('',#3360,#3361,#935,.T.);
#5131=EDGE_CURVE('',#3385,#3373,#903,.T.);
#5133=EDGE_CURVE('',#3385,#3360,#939,.T.);
#5145=EDGE_CURVE('',#3349,#3383,#895,.T.);
#5147=EDGE_CURVE('',#3355,#3349,#899,.T.);
#5164=EDGE_CURVE('',#3353,#3357,#907,.T.);
#5166=EDGE_CURVE('',#3385,#3353,#911,.T.);
#5176=EDGE_CURVE('',#3352,#3379,#995,.T.);
#5178=EDGE_CURVE('',#3365,#3379,#915,.T.);
#5180=EDGE_CURVE('',#3364,#3365,#919,.T.);
#5182=EDGE_CURVE('',#3381,#3364,#923,.T.);
#5184=EDGE_CURVE('',#3381,#3348,#1007,.T.);
#5186=EDGE_CURVE('',#3348,#3349,#927,.T.);
#5193=EDGE_CURVE('',#3352,#3353,#1023,.T.);
#5197=EDGE_CURVE('',#3412,#3413,#943,.T.);
#5199=EDGE_CURVE('',#3413,#3415,#947,.T.);
#5201=EDGE_CURVE('',#3415,#3418,#951,.T.);
#5203=EDGE_CURVE('',#3418,#3419,#955,.T.);
#5205=EDGE_CURVE('',#3419,#3422,#959,.T.);
#5207=EDGE_CURVE('',#3422,#3423,#963,.T.);
#5209=EDGE_CURVE('',#3423,#3425,#967,.T.);
#5211=EDGE_CURVE('',#3425,#3427,#971,.T.);
#5213=EDGE_CURVE('',#3427,#3430,#975,.T.);
#5215=EDGE_CURVE('',#3430,#3431,#979,.T.);
#5217=EDGE_CURVE('',#3431,#3433,#983,.T.);
#5219=EDGE_CURVE('',#3433,#3412,#987,.T.);
#5230=EDGE_CURVE('',#3379,#3323,#991,.T.);
#5233=EDGE_CURVE('',#3352,#3308,#999,.T.);
#5248=EDGE_CURVE('',#3304,#3348,#1003,.T.);
#5251=EDGE_CURVE('',#3381,#3325,#1011,.T.);
#5262=EDGE_CURVE('',#3365,#3375,#1015,.T.);
#5275=EDGE_CURVE('',#3364,#3377,#1019,.T.);
#5324=EDGE_CURVE('',#3412,#3388,#1027,.T.);
#5326=EDGE_CURVE('',#3388,#3389,#1075,.T.);
#5328=EDGE_CURVE('',#3413,#3389,#1071,.T.);
#5339=EDGE_CURVE('',#3433,#3409,#1031,.T.);
#5341=EDGE_CURVE('',#3409,#3388,#1079,.T.);
#5353=EDGE_CURVE('',#3431,#3407,#1035,.T.);
#5355=EDGE_CURVE('',#3407,#3409,#1083,.T.);
#5367=EDGE_CURVE('',#3430,#3406,#1039,.T.);
#5369=EDGE_CURVE('',#3406,#3407,#1087,.T.);
#5381=EDGE_CURVE('',#3427,#3403,#1043,.T.);
#5383=EDGE_CURVE('',#3403,#3406,#1091,.T.);
#5395=EDGE_CURVE('',#3425,#3401,#1047,.T.);
#5397=EDGE_CURVE('',#3401,#3403,#1095,.T.);
#5409=EDGE_CURVE('',#3423,#3399,#1051,.T.);
#5411=EDGE_CURVE('',#3399,#3401,#1099,.T.);
#5423=EDGE_CURVE('',#3422,#3398,#1055,.T.);
#5425=EDGE_CURVE('',#3398,#3399,#1103,.T.);
#5437=EDGE_CURVE('',#3419,#3395,#1059,.T.);
#5439=EDGE_CURVE('',#3395,#3398,#1107,.T.);
#5451=EDGE_CURVE('',#3418,#3394,#1063,.T.);
#5453=EDGE_CURVE('',#3394,#3395,#1111,.T.);
#5465=EDGE_CURVE('',#3415,#3391,#1067,.T.);
#5467=EDGE_CURVE('',#3391,#3394,#1115,.T.);
#5480=EDGE_CURVE('',#3389,#3391,#1119,.T.);
#5505=EDGE_CURVE('',#3590,#3591,#1124,.T.);
#5507=EDGE_CURVE('',#3591,#3590,#1129,.T.);
#5517=EDGE_CURVE('',#3624,#3625,#1134,.T.);
#5519=EDGE_CURVE('',#3591,#3625,#1305,.T.);
#5522=EDGE_CURVE('',#3590,#3624,#1301,.T.);
#5532=EDGE_CURVE('',#3608,#3609,#1138,.T.);
#5534=EDGE_CURVE('',#3609,#3611,#1142,.T.);
#5536=EDGE_CURVE('',#3611,#3613,#1146,.T.);
#5538=EDGE_CURVE('',#3613,#3608,#1150,.T.);
#5543=EDGE_CURVE('',#3625,#3624,#1297,.T.);
#5553=EDGE_CURVE('',#3628,#3629,#1158,.T.);
#5555=EDGE_CURVE('',#3629,#3617,#1235,.T.);
#5557=EDGE_CURVE('',#3617,#3609,#1292,.T.);
#5560=EDGE_CURVE('',#3615,#3608,#1154,.T.);
#5562=EDGE_CURVE('',#3615,#3628,#1223,.T.);
#5573=EDGE_CURVE('',#3629,#3628,#1203,.T.);
#5583=EDGE_CURVE('',#3632,#3633,#1162,.T.);
#5585=EDGE_CURVE('',#3580,#3632,#1193,.T.);
#5587=EDGE_CURVE('',#3580,#3633,#1245,.T.);
#5597=EDGE_CURVE('',#3636,#3637,#1166,.T.);
#5599=EDGE_CURVE('',#3636,#3637,#1260,.T.);
#5609=EDGE_CURVE('',#3640,#3641,#1170,.T.);
#5611=EDGE_CURVE('',#3640,#3586,#1250,.T.);
#5613=EDGE_CURVE('',#3641,#3586,#1180,.T.);
#5623=EDGE_CURVE('',#3641,#3628,#1175,.T.);
#5626=EDGE_CURVE('',#3586,#3587,#1184,.T.);
#5628=EDGE_CURVE('',#3581,#3587,#1275,.T.);
#5630=EDGE_CURVE('',#3580,#3581,#1188,.T.);
#5633=EDGE_CURVE('',#3629,#3632,#1198,.T.);
#5644=EDGE_CURVE('',#3633,#3636,#1240,.T.);
#5646=EDGE_CURVE('',#3619,#3636,#1207,.T.);
#5648=EDGE_CURVE('',#3633,#3619,#1211,.T.);
#5658=EDGE_CURVE('',#3637,#3640,#1255,.T.);
#5660=EDGE_CURVE('',#3621,#3640,#1215,.T.);
#5662=EDGE_CURVE('',#3637,#3621,#1219,.T.);
#5674=EDGE_CURVE('',#3641,#3615,#1227,.T.);
#5685=EDGE_CURVE('',#3617,#3632,#1231,.T.);
#5699=EDGE_CURVE('',#3581,#3587,#1265,.T.);
#5713=EDGE_CURVE('',#3581,#3583,#1270,.T.);
#5715=EDGE_CURVE('',#3587,#3583,#1280,.T.);
#5739=EDGE_CURVE('',#3621,#3613,#1288,.T.);
#5742=EDGE_CURVE('',#3619,#3611,#1284,.T.);
#5794=EDGE_CURVE('',#3469,#3476,#1309,.T.);
#5796=EDGE_CURVE('',#3469,#3495,#1357,.T.);
#5798=EDGE_CURVE('',#3477,#3495,#1325,.T.);
#5809=EDGE_CURVE('',#3468,#3479,#1313,.T.);
#5811=EDGE_CURVE('',#3468,#3469,#1361,.T.);
#5823=EDGE_CURVE('',#3481,#3497,#1333,.T.);
#5825=EDGE_CURVE('',#3497,#3468,#1365,.T.);
#5836=EDGE_CURVE('',#3436,#3495,#1317,.T.);
#5838=EDGE_CURVE('',#3463,#3436,#1321,.T.);
#5852=EDGE_CURVE('',#3497,#3440,#1329,.T.);
#5858=EDGE_CURVE('',#3440,#3465,#1337,.T.);
#5868=EDGE_CURVE('',#3441,#3491,#1421,.T.);
#5870=EDGE_CURVE('',#3473,#3491,#1341,.T.);
#5872=EDGE_CURVE('',#3472,#3473,#1345,.T.);
#5874=EDGE_CURVE('',#3493,#3472,#1349,.T.);
#5876=EDGE_CURVE('',#3493,#3437,#1437,.T.);
#5878=EDGE_CURVE('',#3436,#3437,#1353,.T.);
#5885=EDGE_CURVE('',#3440,#3441,#1449,.T.);
#5889=EDGE_CURVE('',#3524,#3525,#1369,.T.);
#5891=EDGE_CURVE('',#3525,#3527,#1373,.T.);
#5893=EDGE_CURVE('',#3527,#3530,#1377,.T.);
#5895=EDGE_CURVE('',#3530,#3531,#1381,.T.);
#5897=EDGE_CURVE('',#3531,#3534,#1385,.T.);
#5899=EDGE_CURVE('',#3534,#3535,#1389,.T.);
#5901=EDGE_CURVE('',#3535,#3537,#1393,.T.);
#5903=EDGE_CURVE('',#3537,#3539,#1397,.T.);
#5905=EDGE_CURVE('',#3539,#3542,#1401,.T.);
#5907=EDGE_CURVE('',#3542,#3543,#1405,.T.);
#5909=EDGE_CURVE('',#3543,#3545,#1409,.T.);
#5911=EDGE_CURVE('',#3545,#3524,#1413,.T.);
#5921=EDGE_CURVE('',#3491,#3485,#1417,.T.);
#5924=EDGE_CURVE('',#3448,#3441,#1425,.T.);
#5937=EDGE_CURVE('',#3493,#3489,#1429,.T.);
#5942=EDGE_CURVE('',#3437,#3444,#1433,.T.);
#5954=EDGE_CURVE('',#3473,#3484,#1441,.T.);
#5967=EDGE_CURVE('',#3472,#3487,#1445,.T.);
#5994=EDGE_CURVE('',#3465,#3448,#1457,.T.);
#6004=EDGE_CURVE('',#3463,#3444,#1453,.T.);
#6006=EDGE_CURVE('',#3444,#3448,#1477,.T.);
#6009=EDGE_CURVE('',#3463,#3465,#1481,.T.);
#6013=EDGE_CURVE('',#3571,#3573,#1461,.T.);
#6015=EDGE_CURVE('',#3573,#3577,#1465,.T.);
#6017=EDGE_CURVE('',#3575,#3577,#1469,.T.);
#6019=EDGE_CURVE('',#3571,#3575,#1473,.T.);
#6065=EDGE_CURVE('',#3571,#3564,#1485,.T.);
#6067=EDGE_CURVE('',#3564,#3565,#1489,.T.);
#6069=EDGE_CURVE('',#3565,#3573,#1493,.T.);
#6082=EDGE_CURVE('',#3575,#3568,#1497,.T.);
#6084=EDGE_CURVE('',#3564,#3568,#1513,.T.);
#6096=EDGE_CURVE('',#3569,#3577,#1501,.T.);
#6098=EDGE_CURVE('',#3568,#3569,#1505,.T.);
#6109=EDGE_CURVE('',#3565,#3569,#1509,.T.);
#6134=EDGE_CURVE('',#3524,#3500,#1517,.T.);
#6136=EDGE_CURVE('',#3500,#3501,#1565,.T.);
#6138=EDGE_CURVE('',#3525,#3501,#1561,.T.);
#6149=EDGE_CURVE('',#3545,#3521,#1521,.T.);
#6151=EDGE_CURVE('',#3521,#3500,#1569,.T.);
#6163=EDGE_CURVE('',#3543,#3519,#1525,.T.);
#6165=EDGE_CURVE('',#3519,#3521,#1573,.T.);
#6177=EDGE_CURVE('',#3542,#3518,#1529,.T.);
#6179=EDGE_CURVE('',#3518,#3519,#1577,.T.);
#6191=EDGE_CURVE('',#3539,#3515,#1533,.T.);
#6193=EDGE_CURVE('',#3515,#3518,#1581,.T.);
#6205=EDGE_CURVE('',#3537,#3513,#1537,.T.);
#6207=EDGE_CURVE('',#3513,#3515,#1585,.T.);
#6219=EDGE_CURVE('',#3535,#3511,#1541,.T.);
#6221=EDGE_CURVE('',#3511,#3513,#1589,.T.);
#6233=EDGE_CURVE('',#3534,#3510,#1545,.T.);
#6235=EDGE_CURVE('',#3510,#3511,#1593,.T.);
#6247=EDGE_CURVE('',#3531,#3507,#1549,.T.);
#6249=EDGE_CURVE('',#3507,#3510,#1597,.T.);
#6261=EDGE_CURVE('',#3530,#3506,#1553,.T.);
#6263=EDGE_CURVE('',#3506,#3507,#1601,.T.);
#6275=EDGE_CURVE('',#3527,#3503,#1557,.T.);
#6277=EDGE_CURVE('',#3503,#3506,#1605,.T.);
#6290=EDGE_CURVE('',#3501,#3503,#1609,.T.);
#6315=EDGE_CURVE('',#3604,#3605,#1614,.T.);
#6317=EDGE_CURVE('',#3605,#3604,#1619,.T.);
#6327=EDGE_CURVE('',#3660,#3661,#1624,.T.);
#6329=EDGE_CURVE('',#3605,#3661,#1795,.T.);
#6332=EDGE_CURVE('',#3604,#3660,#1791,.T.);
#6342=EDGE_CURVE('',#3644,#3645,#1628,.T.);
#6344=EDGE_CURVE('',#3645,#3647,#1632,.T.);
#6346=EDGE_CURVE('',#3647,#3649,#1636,.T.);
#6348=EDGE_CURVE('',#3649,#3644,#1640,.T.);
#6353=EDGE_CURVE('',#3661,#3660,#1787,.T.);
#6363=EDGE_CURVE('',#3664,#3665,#1648,.T.);
#6365=EDGE_CURVE('',#3665,#3653,#1725,.T.);
#6367=EDGE_CURVE('',#3653,#3645,#1782,.T.);
#6370=EDGE_CURVE('',#3651,#3644,#1644,.T.);
#6372=EDGE_CURVE('',#3651,#3664,#1713,.T.);
#6383=EDGE_CURVE('',#3665,#3664,#1693,.T.);
#6393=EDGE_CURVE('',#3668,#3669,#1652,.T.);
#6395=EDGE_CURVE('',#3594,#3668,#1683,.T.);
#6397=EDGE_CURVE('',#3594,#3669,#1735,.T.);
#6407=EDGE_CURVE('',#3672,#3673,#1656,.T.);
#6409=EDGE_CURVE('',#3672,#3673,#1750,.T.);
#6419=EDGE_CURVE('',#3676,#3677,#1660,.T.);
#6421=EDGE_CURVE('',#3676,#3600,#1740,.T.);
#6423=EDGE_CURVE('',#3677,#3600,#1670,.T.);
#6433=EDGE_CURVE('',#3677,#3664,#1665,.T.);
#6436=EDGE_CURVE('',#3600,#3601,#1674,.T.);
#6438=EDGE_CURVE('',#3595,#3601,#1765,.T.);
#6440=EDGE_CURVE('',#3594,#3595,#1678,.T.);
#6443=EDGE_CURVE('',#3665,#3668,#1688,.T.);
#6454=EDGE_CURVE('',#3669,#3672,#1730,.T.);
#6456=EDGE_CURVE('',#3655,#3672,#1697,.T.);
#6458=EDGE_CURVE('',#3669,#3655,#1701,.T.);
#6468=EDGE_CURVE('',#3673,#3676,#1745,.T.);
#6470=EDGE_CURVE('',#3657,#3676,#1705,.T.);
#6472=EDGE_CURVE('',#3673,#3657,#1709,.T.);
#6484=EDGE_CURVE('',#3677,#3651,#1717,.T.);
#6495=EDGE_CURVE('',#3653,#3668,#1721,.T.);
#6509=EDGE_CURVE('',#3595,#3601,#1755,.T.);
#6523=EDGE_CURVE('',#3595,#3597,#1760,.T.);
#6525=EDGE_CURVE('',#3601,#3597,#1770,.T.);
#6549=EDGE_CURVE('',#3657,#3649,#1778,.T.);
#6552=EDGE_CURVE('',#3655,#3647,#1774,.T.);
#6604=EDGE_CURVE('',#3865,#3856,#1799,.T.);
#6606=EDGE_CURVE('',#3883,#3856,#1847,.T.);
#6608=EDGE_CURVE('',#3864,#3883,#1807,.T.);
#6619=EDGE_CURVE('',#3867,#3857,#1803,.T.);
#6621=EDGE_CURVE('',#3856,#3857,#1851,.T.);
#6633=EDGE_CURVE('',#3869,#3885,#1819,.T.);
#6635=EDGE_CURVE('',#3857,#3885,#1855,.T.);
#6647=EDGE_CURVE('',#3761,#3883,#1811,.T.);
#6649=EDGE_CURVE('',#3773,#3761,#1815,.T.);
#6666=EDGE_CURVE('',#3765,#3781,#1823,.T.);
#6668=EDGE_CURVE('',#3885,#3765,#1827,.T.);
#6678=EDGE_CURVE('',#3879,#3764,#1911,.T.);
#6680=EDGE_CURVE('',#3879,#3860,#1831,.T.);
#6682=EDGE_CURVE('',#3860,#3861,#1835,.T.);
#6684=EDGE_CURVE('',#3861,#3881,#1839,.T.);
#6686=EDGE_CURVE('',#3760,#3881,#1927,.T.);
#6688=EDGE_CURVE('',#3760,#3761,#1843,.T.);
#6695=EDGE_CURVE('',#3764,#3765,#1939,.T.);
#6699=EDGE_CURVE('',#3976,#3977,#1859,.T.);
#6701=EDGE_CURVE('',#3977,#3979,#1863,.T.);
#6703=EDGE_CURVE('',#3979,#3981,#1867,.T.);
#6705=EDGE_CURVE('',#3981,#3983,#1871,.T.);
#6707=EDGE_CURVE('',#3983,#3985,#1875,.T.);
#6709=EDGE_CURVE('',#3985,#3987,#1879,.T.);
#6711=EDGE_CURVE('',#3987,#3989,#1883,.T.);
#6713=EDGE_CURVE('',#3989,#3991,#1887,.T.);
#6715=EDGE_CURVE('',#3991,#3993,#1891,.T.);
#6717=EDGE_CURVE('',#3993,#3995,#1895,.T.);
#6719=EDGE_CURVE('',#3995,#3997,#1899,.T.);
#6721=EDGE_CURVE('',#3997,#3976,#1903,.T.);
#6731=EDGE_CURVE('',#3872,#3879,#1907,.T.);
#6734=EDGE_CURVE('',#3764,#3777,#1915,.T.);
#6747=EDGE_CURVE('',#3877,#3881,#1919,.T.);
#6752=EDGE_CURVE('',#3769,#3760,#1923,.T.);
#6764=EDGE_CURVE('',#3873,#3860,#1931,.T.);
#6777=EDGE_CURVE('',#3875,#3861,#1935,.T.);
#6801=EDGE_CURVE('',#3781,#3777,#1947,.T.);
#6814=EDGE_CURVE('',#3773,#3769,#1943,.T.);
#6816=EDGE_CURVE('',#3769,#3777,#1967,.T.);
#6819=EDGE_CURVE('',#3773,#3781,#1971,.T.);
#6823=EDGE_CURVE('',#3704,#3705,#1951,.T.);
#6825=EDGE_CURVE('',#3705,#3709,#1955,.T.);
#6827=EDGE_CURVE('',#3708,#3709,#1959,.T.);
#6829=EDGE_CURVE('',#3704,#3708,#1963,.T.);
#6876=EDGE_CURVE('',#3704,#3696,#1975,.T.);
#6878=EDGE_CURVE('',#3696,#3697,#1979,.T.);
#6880=EDGE_CURVE('',#3697,#3705,#1983,.T.);
#6891=EDGE_CURVE('',#3708,#3700,#1995,.T.);
#6893=EDGE_CURVE('',#3696,#3700,#2003,.T.);
#6905=EDGE_CURVE('',#3701,#3709,#1987,.T.);
#6907=EDGE_CURVE('',#3700,#3701,#1991,.T.);
#6920=EDGE_CURVE('',#3697,#3701,#1999,.T.);
#6944=EDGE_CURVE('',#3976,#3952,#2007,.T.);
#6946=EDGE_CURVE('',#3952,#3953,#2055,.T.);
#6948=EDGE_CURVE('',#3977,#3953,#2051,.T.);
#6959=EDGE_CURVE('',#3997,#3973,#2011,.T.);
#6961=EDGE_CURVE('',#3973,#3952,#2059,.T.);
#6973=EDGE_CURVE('',#3995,#3971,#2015,.T.);
#6975=EDGE_CURVE('',#3971,#3973,#2063,.T.);
#6987=EDGE_CURVE('',#3993,#3969,#2019,.T.);
#6989=EDGE_CURVE('',#3969,#3971,#2067,.T.);
#7001=EDGE_CURVE('',#3991,#3967,#2023,.T.);
#7003=EDGE_CURVE('',#3967,#3969,#2071,.T.);
#7015=EDGE_CURVE('',#3989,#3965,#2027,.T.);
#7017=EDGE_CURVE('',#3965,#3967,#2075,.T.);
#7029=EDGE_CURVE('',#3987,#3963,#2031,.T.);
#7031=EDGE_CURVE('',#3963,#3965,#2079,.T.);
#7043=EDGE_CURVE('',#3985,#3961,#2035,.T.);
#7045=EDGE_CURVE('',#3961,#3963,#2083,.T.);
#7057=EDGE_CURVE('',#3983,#3959,#2039,.T.);
#7059=EDGE_CURVE('',#3959,#3961,#2087,.T.);
#7071=EDGE_CURVE('',#3981,#3957,#2043,.T.);
#7073=EDGE_CURVE('',#3957,#3959,#2091,.T.);
#7085=EDGE_CURVE('',#3979,#3955,#2047,.T.);
#7087=EDGE_CURVE('',#3955,#3957,#2095,.T.);
#7100=EDGE_CURVE('',#3953,#3955,#2099,.T.);
#7125=EDGE_CURVE('',#4106,#4107,#2104,.T.);
#7127=EDGE_CURVE('',#4107,#4106,#2109,.T.);
#7137=EDGE_CURVE('',#4154,#4155,#2114,.T.);
#7139=EDGE_CURVE('',#4107,#4155,#2285,.T.);
#7142=EDGE_CURVE('',#4106,#4154,#2281,.T.);
#7152=EDGE_CURVE('',#4138,#4139,#2118,.T.);
#7154=EDGE_CURVE('',#4139,#4141,#2122,.T.);
#7156=EDGE_CURVE('',#4141,#4143,#2126,.T.);
#7158=EDGE_CURVE('',#4143,#4138,#2130,.T.);
#7163=EDGE_CURVE('',#4155,#4154,#2277,.T.);
#7173=EDGE_CURVE('',#4158,#4159,#2138,.T.);
#7175=EDGE_CURVE('',#4159,#4147,#2215,.T.);
#7177=EDGE_CURVE('',#4147,#4139,#2272,.T.);
#7180=EDGE_CURVE('',#4145,#4138,#2134,.T.);
#7182=EDGE_CURVE('',#4145,#4158,#2203,.T.);
#7193=EDGE_CURVE('',#4159,#4158,#2183,.T.);
#7203=EDGE_CURVE('',#4162,#4163,#2142,.T.);
#7205=EDGE_CURVE('',#4096,#4162,#2173,.T.);
#7207=EDGE_CURVE('',#4096,#4163,#2225,.T.);
#7217=EDGE_CURVE('',#4166,#4167,#2146,.T.);
#7219=EDGE_CURVE('',#4166,#4167,#2240,.T.);
#7229=EDGE_CURVE('',#4170,#4171,#2150,.T.);
#7231=EDGE_CURVE('',#4170,#4102,#2230,.T.);
#7233=EDGE_CURVE('',#4171,#4102,#2160,.T.);
#7243=EDGE_CURVE('',#4171,#4158,#2155,.T.);
#7246=EDGE_CURVE('',#4102,#4103,#2164,.T.);
#7248=EDGE_CURVE('',#4097,#4103,#2255,.T.);
#7250=EDGE_CURVE('',#4096,#4097,#2168,.T.);
#7253=EDGE_CURVE('',#4159,#4162,#2178,.T.);
#7264=EDGE_CURVE('',#4163,#4166,#2220,.T.);
#7266=EDGE_CURVE('',#4149,#4166,#2187,.T.);
#7268=EDGE_CURVE('',#4163,#4149,#2191,.T.);
#7278=EDGE_CURVE('',#4167,#4170,#2235,.T.);
#7280=EDGE_CURVE('',#4151,#4170,#2195,.T.);
#7282=EDGE_CURVE('',#4167,#4151,#2199,.T.);
#7294=EDGE_CURVE('',#4171,#4145,#2207,.T.);
#7305=EDGE_CURVE('',#4147,#4162,#2211,.T.);
#7319=EDGE_CURVE('',#4097,#4103,#2245,.T.);
#7333=EDGE_CURVE('',#4097,#4099,#2250,.T.);
#7335=EDGE_CURVE('',#4103,#4099,#2260,.T.);
#7359=EDGE_CURVE('',#4151,#4143,#2268,.T.);
#7362=EDGE_CURVE('',#4149,#4141,#2264,.T.);
#7414=EDGE_CURVE('',#3897,#3888,#2289,.T.);
#7416=EDGE_CURVE('',#3915,#3888,#2337,.T.);
#7418=EDGE_CURVE('',#3896,#3915,#2297,.T.);
#7429=EDGE_CURVE('',#3899,#3889,#2293,.T.);
#7431=EDGE_CURVE('',#3888,#3889,#2341,.T.);
#7443=EDGE_CURVE('',#3901,#3917,#2309,.T.);
#7445=EDGE_CURVE('',#3889,#3917,#2345,.T.);
#7457=EDGE_CURVE('',#3793,#3915,#2301,.T.);
#7459=EDGE_CURVE('',#3805,#3793,#2305,.T.);
#7476=EDGE_CURVE('',#3797,#3813,#2313,.T.);
#7478=EDGE_CURVE('',#3917,#3797,#2317,.T.);
#7488=EDGE_CURVE('',#3911,#3796,#2401,.T.);
#7490=EDGE_CURVE('',#3911,#3892,#2321,.T.);
#7492=EDGE_CURVE('',#3892,#3893,#2325,.T.);
#7494=EDGE_CURVE('',#3893,#3913,#2329,.T.);
#7496=EDGE_CURVE('',#3792,#3913,#2417,.T.);
#7498=EDGE_CURVE('',#3792,#3793,#2333,.T.);
#7505=EDGE_CURVE('',#3796,#3797,#2429,.T.);
#7509=EDGE_CURVE('',#4024,#4025,#2349,.T.);
#7511=EDGE_CURVE('',#4025,#4027,#2353,.T.);
#7513=EDGE_CURVE('',#4027,#4029,#2357,.T.);
#7515=EDGE_CURVE('',#4029,#4031,#2361,.T.);
#7517=EDGE_CURVE('',#4031,#4033,#2365,.T.);
#7519=EDGE_CURVE('',#4033,#4035,#2369,.T.);
#7521=EDGE_CURVE('',#4035,#4037,#2373,.T.);
#7523=EDGE_CURVE('',#4037,#4039,#2377,.T.);
#7525=EDGE_CURVE('',#4039,#4041,#2381,.T.);
#7527=EDGE_CURVE('',#4041,#4043,#2385,.T.);
#7529=EDGE_CURVE('',#4043,#4045,#2389,.T.);
#7531=EDGE_CURVE('',#4045,#4024,#2393,.T.);
#7541=EDGE_CURVE('',#3904,#3911,#2397,.T.);
#7544=EDGE_CURVE('',#3796,#3809,#2405,.T.);
#7557=EDGE_CURVE('',#3909,#3913,#2409,.T.);
#7562=EDGE_CURVE('',#3801,#3792,#2413,.T.);
#7574=EDGE_CURVE('',#3905,#3892,#2421,.T.);
#7587=EDGE_CURVE('',#3907,#3893,#2425,.T.);
#7611=EDGE_CURVE('',#3813,#3809,#2437,.T.);
#7624=EDGE_CURVE('',#3805,#3801,#2433,.T.);
#7626=EDGE_CURVE('',#3801,#3809,#2457,.T.);
#7629=EDGE_CURVE('',#3805,#3813,#2461,.T.);
#7633=EDGE_CURVE('',#3728,#3729,#2441,.T.);
#7635=EDGE_CURVE('',#3729,#3733,#2445,.T.);
#7637=EDGE_CURVE('',#3732,#3733,#2449,.T.);
#7639=EDGE_CURVE('',#3728,#3732,#2453,.T.);
#7686=EDGE_CURVE('',#3728,#3720,#2465,.T.);
#7688=EDGE_CURVE('',#3720,#3721,#2469,.T.);
#7690=EDGE_CURVE('',#3721,#3729,#2473,.T.);
#7701=EDGE_CURVE('',#3732,#3724,#2485,.T.);
#7703=EDGE_CURVE('',#3720,#3724,#2493,.T.);
#7715=EDGE_CURVE('',#3725,#3733,#2477,.T.);
#7717=EDGE_CURVE('',#3724,#3725,#2481,.T.);
#7730=EDGE_CURVE('',#3721,#3725,#2489,.T.);
#7754=EDGE_CURVE('',#4024,#4000,#2497,.T.);
#7756=EDGE_CURVE('',#4000,#4001,#2545,.T.);
#7758=EDGE_CURVE('',#4025,#4001,#2541,.T.);
#7769=EDGE_CURVE('',#4045,#4021,#2501,.T.);
#7771=EDGE_CURVE('',#4021,#4000,#2549,.T.);
#7783=EDGE_CURVE('',#4043,#4019,#2505,.T.);
#7785=EDGE_CURVE('',#4019,#4021,#2553,.T.);
#7797=EDGE_CURVE('',#4041,#4017,#2509,.T.);
#7799=EDGE_CURVE('',#4017,#4019,#2557,.T.);
#7811=EDGE_CURVE('',#4039,#4015,#2513,.T.);
#7813=EDGE_CURVE('',#4015,#4017,#2561,.T.);
#7825=EDGE_CURVE('',#4037,#4013,#2517,.T.);
#7827=EDGE_CURVE('',#4013,#4015,#2565,.T.);
#7839=EDGE_CURVE('',#4035,#4011,#2521,.T.);
#7841=EDGE_CURVE('',#4011,#4013,#2569,.T.);
#7853=EDGE_CURVE('',#4033,#4009,#2525,.T.);
#7855=EDGE_CURVE('',#4009,#4011,#2573,.T.);
#7867=EDGE_CURVE('',#4031,#4007,#2529,.T.);
#7869=EDGE_CURVE('',#4007,#4009,#2577,.T.);
#7881=EDGE_CURVE('',#4029,#4005,#2533,.T.);
#7883=EDGE_CURVE('',#4005,#4007,#2581,.T.);
#7895=EDGE_CURVE('',#4027,#4003,#2537,.T.);
#7897=EDGE_CURVE('',#4003,#4005,#2585,.T.);
#7910=EDGE_CURVE('',#4001,#4003,#2589,.T.);
#7935=EDGE_CURVE('',#4120,#4121,#2594,.T.);
#7937=EDGE_CURVE('',#4121,#4120,#2599,.T.);
#7947=EDGE_CURVE('',#4190,#4191,#2604,.T.);
#7949=EDGE_CURVE('',#4121,#4191,#2775,.T.);
#7952=EDGE_CURVE('',#4120,#4190,#2771,.T.);
#7962=EDGE_CURVE('',#4174,#4175,#2608,.T.);
#7964=EDGE_CURVE('',#4175,#4177,#2612,.T.);
#7966=EDGE_CURVE('',#4177,#4179,#2616,.T.);
#7968=EDGE_CURVE('',#4179,#4174,#2620,.T.);
#7973=EDGE_CURVE('',#4191,#4190,#2767,.T.);
#7983=EDGE_CURVE('',#4194,#4195,#2628,.T.);
#7985=EDGE_CURVE('',#4195,#4183,#2705,.T.);
#7987=EDGE_CURVE('',#4183,#4175,#2762,.T.);
#7990=EDGE_CURVE('',#4181,#4174,#2624,.T.);
#7992=EDGE_CURVE('',#4181,#4194,#2693,.T.);
#8003=EDGE_CURVE('',#4195,#4194,#2673,.T.);
#8013=EDGE_CURVE('',#4198,#4199,#2632,.T.);
#8015=EDGE_CURVE('',#4110,#4198,#2663,.T.);
#8017=EDGE_CURVE('',#4110,#4199,#2715,.T.);
#8027=EDGE_CURVE('',#4202,#4203,#2636,.T.);
#8029=EDGE_CURVE('',#4202,#4203,#2730,.T.);
#8039=EDGE_CURVE('',#4206,#4207,#2640,.T.);
#8041=EDGE_CURVE('',#4206,#4116,#2720,.T.);
#8043=EDGE_CURVE('',#4207,#4116,#2650,.T.);
#8053=EDGE_CURVE('',#4207,#4194,#2645,.T.);
#8056=EDGE_CURVE('',#4116,#4117,#2654,.T.);
#8058=EDGE_CURVE('',#4111,#4117,#2745,.T.);
#8060=EDGE_CURVE('',#4110,#4111,#2658,.T.);
#8063=EDGE_CURVE('',#4195,#4198,#2668,.T.);
#8074=EDGE_CURVE('',#4199,#4202,#2710,.T.);
#8076=EDGE_CURVE('',#4185,#4202,#2677,.T.);
#8078=EDGE_CURVE('',#4199,#4185,#2681,.T.);
#8088=EDGE_CURVE('',#4203,#4206,#2725,.T.);
#8090=EDGE_CURVE('',#4187,#4206,#2685,.T.);
#8092=EDGE_CURVE('',#4203,#4187,#2689,.T.);
#8104=EDGE_CURVE('',#4207,#4181,#2697,.T.);
#8115=EDGE_CURVE('',#4183,#4198,#2701,.T.);
#8129=EDGE_CURVE('',#4111,#4117,#2735,.T.);
#8143=EDGE_CURVE('',#4111,#4113,#2740,.T.);
#8145=EDGE_CURVE('',#4117,#4113,#2750,.T.);
#8169=EDGE_CURVE('',#4187,#4179,#2758,.T.);
#8172=EDGE_CURVE('',#4185,#4177,#2754,.T.);
#8224=EDGE_CURVE('',#3929,#3920,#2779,.T.);
#8226=EDGE_CURVE('',#3947,#3920,#2827,.T.);
#8228=EDGE_CURVE('',#3928,#3947,#2787,.T.);
#8239=EDGE_CURVE('',#3931,#3921,#2783,.T.);
#8241=EDGE_CURVE('',#3920,#3921,#2831,.T.);
#8253=EDGE_CURVE('',#3933,#3949,#2799,.T.);
#8255=EDGE_CURVE('',#3921,#3949,#2835,.T.);
#8267=EDGE_CURVE('',#3825,#3947,#2791,.T.);
#8269=EDGE_CURVE('',#3837,#3825,#2795,.T.);
#8286=EDGE_CURVE('',#3829,#3845,#2803,.T.);
#8288=EDGE_CURVE('',#3949,#3829,#2807,.T.);
#8298=EDGE_CURVE('',#3943,#3828,#2891,.T.);
#8300=EDGE_CURVE('',#3943,#3924,#2811,.T.);
#8302=EDGE_CURVE('',#3924,#3925,#2815,.T.);
#8304=EDGE_CURVE('',#3925,#3945,#2819,.T.);
#8306=EDGE_CURVE('',#3824,#3945,#2907,.T.);
#8308=EDGE_CURVE('',#3824,#3825,#2823,.T.);
#8315=EDGE_CURVE('',#3828,#3829,#2919,.T.);
#8319=EDGE_CURVE('',#4072,#4073,#2839,.T.);
#8321=EDGE_CURVE('',#4073,#4075,#2843,.T.);
#8323=EDGE_CURVE('',#4075,#4077,#2847,.T.);
#8325=EDGE_CURVE('',#4077,#4079,#2851,.T.);
#8327=EDGE_CURVE('',#4079,#4081,#2855,.T.);
#8329=EDGE_CURVE('',#4081,#4083,#2859,.T.);
#8331=EDGE_CURVE('',#4083,#4085,#2863,.T.);
#8333=EDGE_CURVE('',#4085,#4087,#2867,.T.);
#8335=EDGE_CURVE('',#4087,#4089,#2871,.T.);
#8337=EDGE_CURVE('',#4089,#4091,#2875,.T.);
#8339=EDGE_CURVE('',#4091,#4093,#2879,.T.);
#8341=EDGE_CURVE('',#4093,#4072,#2883,.T.);
#8351=EDGE_CURVE('',#3936,#3943,#2887,.T.);
#8354=EDGE_CURVE('',#3828,#3841,#2895,.T.);
#8367=EDGE_CURVE('',#3941,#3945,#2899,.T.);
#8372=EDGE_CURVE('',#3833,#3824,#2903,.T.);
#8384=EDGE_CURVE('',#3937,#3924,#2911,.T.);
#8397=EDGE_CURVE('',#3939,#3925,#2915,.T.);
#8446=EDGE_CURVE('',#4072,#4048,#2923,.T.);
#8448=EDGE_CURVE('',#4048,#4049,#2971,.T.);
#8450=EDGE_CURVE('',#4073,#4049,#2967,.T.);
#8461=EDGE_CURVE('',#4093,#4069,#2927,.T.);
#8463=EDGE_CURVE('',#4069,#4048,#2975,.T.);
#8475=EDGE_CURVE('',#4091,#4067,#2931,.T.);
#8477=EDGE_CURVE('',#4067,#4069,#2979,.T.);
#8489=EDGE_CURVE('',#4089,#4065,#2935,.T.);
#8491=EDGE_CURVE('',#4065,#4067,#2983,.T.);
#8503=EDGE_CURVE('',#4087,#4063,#2939,.T.);
#8505=EDGE_CURVE('',#4063,#4065,#2987,.T.);
#8517=EDGE_CURVE('',#4085,#4061,#2943,.T.);
#8519=EDGE_CURVE('',#4061,#4063,#2991,.T.);
#8531=EDGE_CURVE('',#4083,#4059,#2947,.T.);
#8533=EDGE_CURVE('',#4059,#4061,#2995,.T.);
#8545=EDGE_CURVE('',#4081,#4057,#2951,.T.);
#8547=EDGE_CURVE('',#4057,#4059,#2999,.T.);
#8559=EDGE_CURVE('',#4079,#4055,#2955,.T.);
#8561=EDGE_CURVE('',#4055,#4057,#3003,.T.);
#8573=EDGE_CURVE('',#4077,#4053,#2959,.T.);
#8575=EDGE_CURVE('',#4053,#4055,#3007,.T.);
#8587=EDGE_CURVE('',#4075,#4051,#2963,.T.);
#8589=EDGE_CURVE('',#4051,#4053,#3011,.T.);
#8602=EDGE_CURVE('',#4049,#4051,#3015,.T.);
#8627=EDGE_CURVE('',#4134,#4135,#3020,.T.);
#8629=EDGE_CURVE('',#4135,#4134,#3025,.T.);
#8639=EDGE_CURVE('',#4226,#4227,#3030,.T.);
#8641=EDGE_CURVE('',#4135,#4227,#3201,.T.);
#8644=EDGE_CURVE('',#4134,#4226,#3197,.T.);
#8654=EDGE_CURVE('',#4210,#4211,#3034,.T.);
#8656=EDGE_CURVE('',#4211,#4213,#3038,.T.);
#8658=EDGE_CURVE('',#4213,#4215,#3042,.T.);
#8660=EDGE_CURVE('',#4215,#4210,#3046,.T.);
#8665=EDGE_CURVE('',#4227,#4226,#3193,.T.);
#8675=EDGE_CURVE('',#4230,#4231,#3054,.T.);
#8677=EDGE_CURVE('',#4231,#4219,#3131,.T.);
#8679=EDGE_CURVE('',#4219,#4211,#3188,.T.);
#8682=EDGE_CURVE('',#4217,#4210,#3050,.T.);
#8684=EDGE_CURVE('',#4217,#4230,#3119,.T.);
#8695=EDGE_CURVE('',#4231,#4230,#3099,.T.);
#8705=EDGE_CURVE('',#4234,#4235,#3058,.T.);
#8707=EDGE_CURVE('',#4124,#4234,#3089,.T.);
#8709=EDGE_CURVE('',#4124,#4235,#3141,.T.);
#8719=EDGE_CURVE('',#4238,#4239,#3062,.T.);
#8721=EDGE_CURVE('',#4238,#4239,#3156,.T.);
#8731=EDGE_CURVE('',#4242,#4243,#3066,.T.);
#8733=EDGE_CURVE('',#4242,#4130,#3146,.T.);
#8735=EDGE_CURVE('',#4243,#4130,#3076,.T.);
#8745=EDGE_CURVE('',#4243,#4230,#3071,.T.);
#8748=EDGE_CURVE('',#4130,#4131,#3080,.T.);
#8750=EDGE_CURVE('',#4125,#4131,#3171,.T.);
#8752=EDGE_CURVE('',#4124,#4125,#3084,.T.);
#8755=EDGE_CURVE('',#4231,#4234,#3094,.T.);
#8766=EDGE_CURVE('',#4235,#4238,#3136,.T.);
#8768=EDGE_CURVE('',#4221,#4238,#3103,.T.);
#8770=EDGE_CURVE('',#4235,#4221,#3107,.T.);
#8780=EDGE_CURVE('',#4239,#4242,#3151,.T.);
#8782=EDGE_CURVE('',#4223,#4242,#3111,.T.);
#8784=EDGE_CURVE('',#4239,#4223,#3115,.T.);
#8796=EDGE_CURVE('',#4243,#4217,#3123,.T.);
#8807=EDGE_CURVE('',#4219,#4234,#3127,.T.);
#8821=EDGE_CURVE('',#4125,#4131,#3161,.T.);
#8835=EDGE_CURVE('',#4125,#4127,#3166,.T.);
#8837=EDGE_CURVE('',#4131,#4127,#3176,.T.);
#8861=EDGE_CURVE('',#4223,#4215,#3184,.T.);
#8864=EDGE_CURVE('',#4221,#4213,#3180,.T.);
#8940=EDGE_CURVE('',#3752,#3744,#3213,.T.);
#8942=EDGE_CURVE('',#3744,#3745,#3217,.T.);
#8944=EDGE_CURVE('',#3745,#3753,#3221,.T.);
#8955=EDGE_CURVE('',#3756,#3748,#3233,.T.);
#8957=EDGE_CURVE('',#3744,#3748,#3241,.T.);
#8969=EDGE_CURVE('',#3749,#3757,#3225,.T.);
#8971=EDGE_CURVE('',#3748,#3749,#3229,.T.);
#8984=EDGE_CURVE('',#3745,#3749,#3237,.T.);
#9008=EDGE_CURVE('',#3556,#3548,#3245,.T.);
#9010=EDGE_CURVE('',#3548,#3549,#3249,.T.);
#9012=EDGE_CURVE('',#3549,#3557,#3253,.T.);
#9023=EDGE_CURVE('',#3560,#3552,#3265,.T.);
#9025=EDGE_CURVE('',#3548,#3552,#3273,.T.);
#9037=EDGE_CURVE('',#3553,#3561,#3257,.T.);
#9039=EDGE_CURVE('',#3552,#3553,#3261,.T.);
#9052=EDGE_CURVE('',#3549,#3553,#3269,.T.);
#9080=ADVANCED_BREP_SHAPE_REPRESENTATION('',(#9071),#9079);
#9087=PRODUCT_DEFINITION('design','',#9086,#9083);
#9088=PRODUCT_DEFINITION_SHAPE('','SHAPE FOR C-2-1437667-8.',#9087);
#9089=SHAPE_REPRESENTATION('',(#9071),#9079);
#9090=SHAPE_ASPECT('','solid data associated with C-2-1437667-8',#9088,.F.);
#9091=PROPERTY_DEFINITION('',
'shape for solid data with which properties are associated',#9090);
#9092=SHAPE_DEFINITION_REPRESENTATION(#9091,#9089);
#9097=PROPERTY_DEFINITION('geometric_validation_property',
'area of C-2-1437667-8',#9090);
#9098=REPRESENTATION('surface area',(#9096),#9079);
#9099=PROPERTY_DEFINITION_REPRESENTATION(#9097,#9098);
#9104=PROPERTY_DEFINITION('geometric_validation_property',
'volume of C-2-1437667-8',#9090);
#9105=REPRESENTATION('volume',(#9103),#9079);
#9106=PROPERTY_DEFINITION_REPRESENTATION(#9104,#9105);
#9108=PROPERTY_DEFINITION('geometric_validation_property',
'centroid of C-2-1437667-8',#9090);
#9109=REPRESENTATION('centroid',(#9107),#9079);
#9110=PROPERTY_DEFINITION_REPRESENTATION(#9108,#9109);
#9111=SHAPE_DEFINITION_REPRESENTATION(#9088,#9080);
ENDSEC;
END-ISO-10303-21;
